time,eps,shear,uu_turb,vv_turb,ww_turb,uw_turb,vw_turb,uv_turb,uu_wave,vv_wave,ww_wave,uw_wave,vw_wave,uv_wave,smoothed_shear
2020-07-16 20:10:01.000,2.8240568671974267e-05,28.24056867197427,0.0008221467899242371,0.000514556738034206,0.00025402694802898975,-0.00015387039700509277,1.5175015756223804e-05,-7.074792709852247e-05,0.000771007798341203,8.3087446481609e-05,6.890308494397857e-05,3.102590861458377e-05,-1.2041496352838876e-05,-5.2080013247553224e-05,
2020-07-16 20:15:01.062,2.2019983776573053e-05,22.019983776573053,0.0005815320752226995,0.0004911668610941014,0.00021710974361023111,-7.437401473930081e-05,3.052622638907739e-05,1.3992139541546672e-05,0.0011600824180328833,0.0001510304273051848,7.48727814143188e-05,-9.086268955040076e-05,3.511377101415777e-05,-0.0002695689761596802,25.425192209180594
2020-07-16 20:20:01.125,2.601502417899446e-05,26.015024178994462,0.0008896031067635468,0.000635865255624909,0.00023418415247291718,-0.0001712921990892578,1.4669953054627479e-05,6.112993981642384e-05,0.0016662938945965764,0.00015443812459129335,8.63740387626611e-05,-6.629001533204746e-05,-1.203275016273971e-05,-0.00030016340151046403,22.33037966164764
2020-07-16 20:25:01.187,1.895613102937541e-05,18.95613102937541,0.0006924694246396448,0.0005786662835230004,0.000295376576289908,-0.00018384732294155412,1.8631948824029967e-05,8.664204281586539e-06,0.001527751317130278,0.00010815357642355999,0.00010024600525671611,1.3242684622683644e-05,-2.6306871754684036e-05,-7.500850127243293e-05,21.186780134814924
2020-07-16 20:30:01.249,1.85891851960749e-05,18.5891851960749,0.0005336135729618486,0.0005232221745379071,0.00019070518752239946,-0.00010009239978484373,1.2923088726821437e-05,3.7083676586535845e-05,0.0018981791199570916,0.00015032951687335037,8.766703851226807e-05,5.241902034810871e-06,-3.2276473122695783e-06,-0.00024307734091920169,17.19712775711214
2020-07-16 20:35:01.312,1.404606704588611e-05,14.04606704588611,0.0006380106957170102,0.0004274744544903704,0.00016795270399959264,-0.00011889635192654054,8.80872588688255e-06,5.308711921323861e-05,0.0013400321292525125,0.00017947822289715462,8.357820590026364e-05,-1.928877658888267e-05,-1.0531450174769188e-05,-0.00027583161827332456,16.297841861599196
2020-07-16 20:40:01.374,1.6258273342836578e-05,16.258273342836578,0.0009464088600553457,0.00038140103798754206,0.00017578956657954623,-0.00018181580669899463,1.5077737736754693e-05,2.4782225130229767e-06,0.001507394259250185,0.00016181360482402527,7.587615508476745e-05,4.8682600829426065e-06,-1.370757779278162e-05,-0.00033298775093173203,16.431617884029592
2020-07-16 20:45:01.437,1.899051326336609e-05,18.99051326336609,0.0007105846441489425,0.0005039854806850414,0.00020835345502987404,-0.0001555897158204125,-4.5532860655143796e-05,0.00010644410282344563,0.0015924551032430196,0.0002298374642870248,7.006334680061665e-05,4.266087045314004e-05,-1.74185950950456e-05,-0.0002821520686622028,15.319270261507365
2020-07-16 20:50:01.499,1.0709024178319434e-05,10.709024178319433,0.00048101634776589954,0.00042473197334356945,0.0001385553992931363,-5.894781183355981e-05,5.302327861047116e-06,1.306871247346861e-05,0.0010547820245327395,0.00012964158760424394,4.548609790585781e-05,3.09370540323407e-05,-4.5176635923551804e-06,-0.00019369311937325167,12.688794968298906
2020-07-16 20:55:01.562,8.366847463211193e-06,8.366847463211194,0.0005492151264190441,0.0002835516453898358,0.00013739166505088695,-7.767510299705666e-05,3.429620596166153e-06,6.48557144610635e-05,0.0013924519954883027,0.00025013955042431845,7.059600600815593e-05,2.9047307656773292e-05,-3.1525898061480427e-05,-0.000441227478442726,9.246998121058583
2020-07-16 21:00:01.624,8.66512272164512e-06,8.66512272164512,0.0003909756950149631,0.0002956357771617419,0.00010803610721412608,-4.676030287733708e-05,8.715531488968786e-06,6.92800809105069e-05,0.0011077382140827483,0.00017542124194308955,5.715112536793878e-05,2.9681779026033097e-05,-2.4063424963699162e-05,-0.0002553087765044768,7.870788561346778
2020-07-16 21:05:01.687,6.5803954991840226e-06,6.580395499184023,0.0003291316173344462,0.00030707281136295206,0.00010827201309573006,-3.273924716482018e-05,2.0689150339361048e-05,2.0553523749613108e-05,0.0012137113262882823,0.00016585037366693474,5.350081479739321e-05,4.275177468224168e-05,-3.112682018079941e-05,-0.00031923207785590274,6.623039111729839
2020-07-16 21:10:01.749,4.6235991143603744e-06,4.623599114360375,0.0005778845667256234,0.00029149236211496645,0.00010543440223028405,-6.654553804859974e-05,2.5116293492006083e-05,-2.524826156440631e-06,0.0014494229173846057,0.0003611827049929775,6.43180496579135e-05,7.156978118220817e-05,-4.384356347091242e-05,-0.0006180629225830977,5.592579532300384
2020-07-16 21:15:01.812,5.573743983356755e-06,5.573743983356755,0.00024005181626859262,0.00022934255843186846,8.297202665204463e-05,-2.5416221065004446e-05,8.0377180721272e-06,1.8411382241058562e-05,0.0011418331404255053,0.00029381970236289887,4.776719418163373e-05,1.2404990656746221e-05,-1.612139019250632e-05,-0.0004934085073965925,5.063278161297138
2020-07-16 21:20:01.875,4.992491386174284e-06,4.992491386174284,0.00037464590095870093,0.00023334922812011933,9.41661232499364e-05,-6.562753608755647e-05,8.453732279612446e-08,2.7291011382623465e-05,0.0013080802782922038,0.0002449118237550001,5.485658890911178e-05,6.509568823633954e-05,-3.1610460725584376e-05,-0.00045842945243824035,4.64862255821039
2020-07-16 21:25:01.937,3.3796323051001303e-06,3.3796323051001305,0.00034321980818232246,0.0002592099634677013,6.812961300251952e-05,-1.9771545032405094e-05,-1.1795028104316874e-05,-4.380284034988713e-05,0.0013359223625546968,0.0003037510526289657,6.990390832995483e-05,6.0130137400680665e-05,-3.5998018690938727e-05,-0.0005133967908045638,3.884799158581604
2020-07-16 21:30:02.000,3.2822737844703973e-06,3.2822737844703975,0.0003222876129575909,0.00019395346509446562,7.342226715413219e-05,-5.8463791369635525e-05,-9.175797072350615e-06,3.4199709205898966e-05,0.0011913239143150837,0.00016938785169637354,5.021737718568124e-05,5.3774808121545603e-05,-2.1851772937778883e-05,-0.00035547779103497026,3.391460502087154
2020-07-16 21:35:02.062,3.5124754166909337e-06,3.512475416690934,0.00030244421994301825,0.00026567043807740174,7.153660780892323e-05,-4.5944081275947086e-05,1.285905936518739e-05,-4.814048378335762e-05,0.0011820823898435228,0.00022142796745476474,5.583216716925328e-05,3.3728354943425616e-05,-2.8596893575893213e-05,-0.000356435321367923,2.8496182644478174
2020-07-16 21:40:02.125,1.7541055921821204e-06,1.7541055921821205,0.00018199129184139377,0.0001706414434261348,4.985040988072071e-05,-8.440853661432527e-06,3.0312962159488535e-06,1.6752343944923576e-05,0.0013263115043692715,0.00024206484374955764,6.468567017787974e-05,8.641083714887309e-05,-4.318656368140087e-05,-0.0004742582490760097,2.8509873787028526
2020-07-16 21:45:02.187,3.286381127235503e-06,3.286381127235503,0.000183068591947967,0.00016750403225495515,5.314902217724576e-05,-3.175963174987583e-05,7.015966308505408e-06,-1.491037891841857e-05,0.001076290303098451,0.00019063100566898367,5.185080964305339e-05,6.281083169417623e-05,-1.6603497619853364e-05,-0.0003774606912368604,2.2701711386782333
2020-07-16 21:50:02.250,1.7700266966170767e-06,1.7700266966170768,0.0002239934629645989,0.00015891759673123028,4.367528563262046e-05,-1.3242864450108178e-05,-7.357223017394236e-06,2.6253995548558787e-05,0.0012188714754888725,0.00023345325856925626,5.162389308917864e-05,5.7291855221602254e-05,-2.1027921931764753e-05,-0.000411184659241152,2.4627525431006134
2020-07-16 21:55:02.312,2.331849805449261e-06,2.331849805449261,0.00021637931155978808,0.0002067369176742605,5.026574296286984e-05,-2.5120621618113547e-05,-1.0243102981538722e-05,-3.2677970358363254e-06,0.0016631934030378436,0.00029029978029102406,5.690629576722057e-05,8.823349692651581e-05,-4.266009954542615e-05,-0.0005296060962052601,1.7747875617200144
2020-07-16 22:00:02.374,1.2224861830937055e-06,1.2224861830937055,0.00017047968229882857,0.0001752539585247917,4.384176784331396e-05,-3.2633877150738976e-05,-3.5629538261433044e-06,4.5664358027807144e-05,0.0018356472861528034,0.0004591635310303024,7.222450536043269e-05,9.009893522183782e-05,-3.6315829937641845e-05,-0.0007749805529552024,1.5535283991788473
2020-07-16 22:05:02.437,1.1062492089935755e-06,1.1062492089935756,0.0001601355559058049,0.00019892148574621865,4.4980271677989356e-05,-6.14583866939441e-06,3.4904614494770355e-06,-8.33397239203388e-06,0.0015547616665663646,0.0002204116566441433,5.3763960135140223e-05,5.4223163385134055e-05,-2.9149702669888758e-05,-0.00046125349751772175,1.030025090176651
2020-07-16 22:10:02.499,7.613398784426716e-07,0.7613398784426717,0.0001730934678159015,0.00010971119227606071,3.3400840609263735e-05,-2.7185250401061785e-05,8.8034883348726e-06,3.8585629886130095e-05,0.001994966186002862,0.0007924249840629233,9.687046723173614e-05,0.00016772161480618276,-8.75542374288007e-05,-0.001135144995326462,0.7967178756213634
2020-07-16 22:15:02.562,5.225645394278429e-07,0.5225645394278429,0.00017125878291900955,0.00011865519238293732,2.725529034718278e-05,4.610601428865589e-06,1.850509584562382e-06,5.7188684722727155e-05,0.0017736142437254397,0.0008217650054319641,8.635318365390464e-05,0.0001875157294900897,-0.00011918651278075688,-0.0010974263386871353,0.5952982773445515
2020-07-16 22:20:02.624,5.019904141631401e-07,0.5019904141631402,0.00012175589743678636,0.0001732263210274599,3.0749514101887675e-05,-1.4077397681206886e-06,-1.4573157510883176e-05,4.45136040693944e-05,0.0015556680296366914,0.0010513975451505635,8.558480559134236e-05,0.00013599286100531488,-0.00011409168820442332,-0.0011432195569241136,0.4606219096722737
2020-07-16 22:25:02.687,3.57310775425838e-07,0.357310775425838,0.00017834993654987824,0.0001213370279046948,2.7257141339225304e-05,2.667373507277897e-07,-1.0564974514036139e-06,3.411923904481124e-05,0.0011474955697201284,0.0014553785434404283,7.274432740084009e-05,0.00011214109842441944,-0.00013227203209152086,-0.0011746266789969201,0.7398786974785834
2020-07-16 22:30:02.749,1.360334902846772e-06,1.360334902846772,0.0001675216180072466,0.0001200068192005166,3.570003671510187e-05,1.3612452420075783e-05,-2.640595981137766e-06,3.926052901387175e-05,0.0005444848055820346,0.0020904894824107755,6.73579371219865e-05,5.99535152017889e-05,-0.00010906812314266784,-0.0008899288977021394,1.5920849953355185
2020-07-16 22:35:02.812,3.0586093077339454e-06,3.0586093077339456,0.00017452188140768682,0.00010691897252086623,4.2005335566629715e-05,-2.7274464743225266e-06,-1.3871776199258975e-06,-8.175045625469366e-06,0.00014927765355161998,0.002418399389625304,7.824988337746276e-05,-2.3453761565638342e-05,-2.954232030554072e-05,8.656784545316176e-05,2.1458905148399388
2020-07-16 22:40:02.874,2.0187273339390993e-06,2.018727333939099,0.00016708767904608714,0.00015901257311194428,3.280182730487546e-05,-4.504076800302297e-06,5.319202471171686e-06,4.551804186714674e-06,0.0005528355009312916,0.00211528241900326,6.161231157912407e-05,7.357015219038982e-07,2.8175034024275497e-05,0.0009114341095198911,1.9176344982343057
2020-07-16 22:45:02.937,6.755668530298716e-07,0.6755668530298716,0.00013021733103036755,0.0001702597203800837,2.892808511942382e-05,-3.302776199626551e-06,5.779123121026647e-07,-4.4187134493114415e-05,0.0008428872960428081,0.001744102914672779,6.031853290625618e-05,5.6256089814262017e-05,8.692606030468053e-05,0.0010983066962939553,1.2104026631744367
2020-07-16 22:50:03.000,9.369138025543396e-07,0.9369138025543396,0.00018645378459557856,0.00023354280101393752,3.5460864696846626e-05,-2.009289200868082e-05,-8.009896402912495e-08,-8.41574306871636e-05,0.001324803308593168,0.0017320441762288038,7.385193469808078e-05,5.731099429215875e-05,7.710935150552758e-05,0.0013262924560112493,1.351241350329931
2020-07-16 22:55:03.062,2.441243395405581e-06,2.441243395405581,0.0001870662559988613,0.00018154135987894366,4.435652724340078e-05,-1.714534909925769e-05,-1.5068023387654515e-05,-3.9968983195833126e-05,0.0012964628273138144,0.0008885487187639116,5.5513920808356635e-05,8.769650068229079e-05,7.946131951293377e-05,0.0009152617110967552,2.1561595985260564
2020-07-16 23:00:03.125,3.090321597618249e-06,3.0903215976182494,0.0002831874417070714,0.0002922842727763252,7.215626874060435e-05,-4.162051563663225e-05,8.976108166079389e-06,-5.858675428710159e-05,0.0012556192154729207,0.0010538961688592139,6.351899325602208e-05,4.765781378923272e-05,4.476114888841843e-05,0.0009799537134445194,4.203733301835794
2020-07-16 23:05:03.187,7.079634912483553e-06,7.079634912483553,0.0002800057153961181,0.00028684819256886046,7.908550355816333e-05,-3.713431032601072e-05,6.261260722871308e-06,-9.795301392258901e-05,0.0015604405913530934,0.0008911878815006196,5.7362241762174764e-05,3.7846142874828e-06,9.182407590802766e-06,0.001003848880351562,10.373443159454954
2020-07-16 23:10:03.250,2.095037296826306e-05,20.95037296826306,0.000521657940067685,0.0004178591027979765,0.00015086669751198154,-5.9181331092157334e-05,2.5366709847850097e-05,-5.582690587025692e-05,0.0020077162920764937,0.001200028217022251,7.402686985366029e-05,-7.856819594219339e-07,3.404656676998456e-05,0.00123786110964301,14.595502632920551
2020-07-16 23:15:03.312,1.5756500018015046e-05,15.756500018015046,0.00043886356053698445,0.000382507453965731,0.00018345830638895203,-8.897997106607083e-05,9.661167605161782e-06,-9.119117996105745e-05,0.002592744736608615,0.0012820042160367957,8.408224834332618e-05,-5.499105268349255e-05,-1.2959074380418399e-05,0.001553133007554552,26.615041397578597
2020-07-16 23:20:03.375,4.313825120645769e-05,43.13825120645769,0.0007281521894928879,0.0007326318236043269,0.00023421204232386653,-0.00011713515109355447,2.6293800191561453e-05,-0.0001157884204632642,0.002243009259032718,0.0010157347108624174,9.802820399595345e-05,1.3653308792691691e-05,3.41686136378398e-05,0.0012438650562496807,35.79012852518699
2020-07-16 23:25:03.437,4.847563435108821e-05,48.47563435108821,0.0006056029131825305,0.0005879807849971688,0.00022525475004938467,-8.204860823745831e-05,-3.632339509125807e-06,-0.00012717640093667774,0.002667370054161704,0.0008292776212547528,9.580702890936842e-05,-3.198657248906685e-05,-2.0176918393209024e-05,0.001112729571804594,71.88303806903541
2020-07-16 23:30:03.499,0.00012403522864956032,124.03522864956032,0.0008863761671829174,0.0008772602173751111,0.000354463398183498,-0.00011114274287595891,4.16441898659977e-05,-0.0001799197856461143,0.002752361899212247,0.0007031169367497511,0.00012547948608891,-0.00010687529514418735,-1.2408687521601721e-05,0.0009532253059817206,90.14271462008628
2020-07-16 23:35:03.562,9.79172808596103e-05,97.9172808596103,0.0012924782757617924,0.0008801203820564809,0.0003266215795710139,-0.0001541808234281389,5.294741971520504e-05,-0.00024007995113244969,0.003119688895997489,0.0008533712559396342,0.00012330154164882158,-2.9908267489820535e-05,1.7933698203941016e-05,0.0012738873747860822,138.80853740348562
2020-07-16 23:40:03.624,0.0001944731027012862,194.4731027012862,0.0010669158451569844,0.0013183552830832292,0.00045463480795808394,-7.4131800880378e-05,5.150328802442654e-05,-0.00018677503039292643,0.0032161117381664227,0.0012121382287466787,0.00016598329693650493,-5.7815624199752034e-05,2.586482799129941e-05,0.001420264030870942,166.45453563253156
2020-07-16 23:45:03.687,0.00020697322333669815,206.97322333669817,0.0011532425252871726,0.0010487910907188158,0.0004599067415096753,-0.00016150047155774836,7.746058228612177e-05,-0.0003142972989199566,0.0029047537747712315,0.0010223032854118563,0.00014249118011592024,-2.6511249366385926e-05,4.068308371901578e-05,0.0013148457871542318,176.4437785593826
2020-07-16 23:50:03.749,0.0001278850096401634,127.8850096401634,0.0012491814273258362,0.0012320656707195113,0.00039930078017392785,-0.0001520839976081655,4.743814336929114e-05,-8.952368728534725e-05,0.0033401304082556127,0.0009933229748907422,0.0001302876613117451,-7.040017200138655e-06,6.471627097606239e-06,0.0013650155522152462,204.19038579558006
2020-07-16 23:55:03.812,0.0002777129244098787,277.7129244098787,0.0015894975437473942,0.0014103352194360147,0.0005780663346264357,-0.00022082416896390753,1.1073317088682075e-05,-0.00023764524642676542,0.003254940866980327,0.0017477641145981038,0.00013383134476707893,9.202875370331618e-05,7.318632245042583e-05,0.0019043445898576463,194.85773588469706
2020-07-17 00:00:03.874,0.00017897527360404917,178.97527360404916,0.0014733889571449772,0.0011268474929484527,0.00048707830765695455,-0.0001421831849583492,-1.7556339331360404e-05,-8.958893144927601e-05,0.003550064812752306,0.0010159393169078142,0.00014912634510615198,4.531582558699183e-05,4.8073725614585573e-05,0.0013392327692063853,264.793077501547
2020-07-17 00:05:03.937,0.00033769103449071306,337.6910344907131,0.0020030136202845066,0.0016349377869037758,0.0006469683431729312,-0.00020372108720049972,4.6946546933547084e-05,-0.00023761191178202741,0.003748927655134646,0.0017916219582010523,0.00016132122749736832,3.226490409375087e-05,2.6188934282360837e-05,0.00208356618738036,266.5817556608365
2020-07-17 00:10:03.999,0.0002830789588877474,283.0789588877474,0.0015778018251322555,0.001298874242880383,0.0005980179101828075,-0.00022063321889646766,5.094490522472449e-05,-0.0002852067480647139,0.0033340008995930035,0.0014674630189207376,0.00019198515138732708,6.786330722393817e-05,0.00011338748644345248,0.0016354949156392265,344.8049217122654
2020-07-17 00:15:04.062,0.0004136447717583357,413.6447717583357,0.0025269497850833066,0.0016889706864742222,0.0008324555541879752,-0.00035648140936801964,4.837250862655904e-06,0.0001722030177939588,0.0040912694840444875,0.001390287418726637,0.00023986057093134877,-5.8115995619551025e-05,8.015762512804889e-05,0.0016927882120922502,317.1788053991409
2020-07-17 00:20:04.125,0.00025481268555133975,254.81268555133977,0.001938294440962277,0.0015617690747080839,0.0006350583062329272,-0.00015554595924832567,2.1439896770202926e-05,0.00035145682904367165,0.004852584183358556,0.0009989770122496436,0.00021548897478780216,-1.4511699356175516e-05,3.451522038416549e-05,0.0014951933152245155,273.74920070798237
2020-07-17 00:25:04.187,0.00015279014481427172,152.7901448142717,0.0017468678699418493,0.0012951228706636066,0.0005582654926027461,-0.00014625917188355566,2.754757929646879e-05,0.00033984952782327655,0.003623894174188902,0.0008540971281694873,0.00018585918374410806,3.836733878569615e-05,3.450400409253684e-05,0.0013114135872402078,279.245489542725
2020-07-17 00:30:04.250,0.0004301336382625636,430.13363826256364,0.002105513458896739,0.001984045202673623,0.0007729275197786959,-0.00017929369503901234,-9.844116459786718e-05,0.00024033923151516243,0.0037841845320435146,0.0010993836906924047,0.0002587163559940403,-1.0988022738434613e-05,-2.8794110906258822e-05,0.0015170170062052347,333.79247128119715
2020-07-17 00:35:04.312,0.0004184536307667562,418.45363076675625,0.0016784892012098448,0.0017065004032237093,0.0007908688084992345,-0.0002952208517795799,-6.247658539267417e-05,-6.89031724155629e-05,0.003703145308702218,0.0013292047695521482,0.0002464802844645056,2.9660674001916623e-05,8.200308166580012e-05,0.001815380539827427,405.569017525575
2020-07-17 00:40:04.375,0.00036811978354740527,368.1197835474053,0.001856740237524915,0.001766982308576423,0.0008035368488517203,-0.00023948217120469843,4.53401722558051e-05,0.00014365271688123395,0.0036469261822128047,0.001005647042490609,0.00021863302286054633,7.88184310561294e-05,5.986877837884083e-05,0.0013425591667420298,324.4455205407828
2020-07-17 00:45:04.437,0.000186763147308187,186.763147308187,0.0012557897648916203,0.0013375224229094788,0.0004931200873361679,-0.00019026649172961633,-5.318541594987565e-07,7.475210112485235e-06,0.0036602153112956387,0.0008934496019839765,0.00018252746806781507,-9.894335987074544e-05,7.123538701589929e-07,0.0013643325573189603,225.68953675951946
2020-07-17 00:50:04.500,0.0001221856794229662,122.18567942296622,0.0017403033010212872,0.001172644471722726,0.0005394422826698047,-0.00022392068691380062,6.544021939946044e-06,0.00016577021351335362,0.0055964874723277635,0.0007439428869754265,0.00017042937589598824,-9.158196579204535e-06,2.112467882085047e-05,0.0015027603601144737,165.0598839142053
2020-07-17 00:55:04.562,0.00018623082501146275,186.23082501146277,0.001377071075102402,0.0014356109561330303,0.0005643779020927584,-0.00013856625109442654,4.727941526500778e-05,0.00021566695220614967,0.002672138429094096,0.000783777665285919,0.00016584400654646718,3.291624939094994e-05,3.5574970005386617e-05,0.0008887215932796174,164.79373730606093
2020-07-17 01:00:04.624,0.00018596470748375387,185.96470748375387,0.001873729265634036,0.0016160557283128436,0.0006341541509296641,-0.0003107581951142618,-5.150893067608175e-05,9.91194977718231e-05,0.004649619532980876,0.0009060196610493459,0.0002651042940406244,-0.00010011450993683,7.449251308633326e-05,0.0012492015797405725,218.50901287139456
2020-07-17 01:05:04.687,0.0002833315061189671,283.3315061189671,0.0014692113239345736,0.0016997086440942524,0.0006542061791997123,-0.00018694187177524982,4.583163838391911e-05,0.00015168291237344452,0.004165232260590749,0.001143374403547697,0.00020889056233941157,7.838099248483862e-05,4.977535985953607e-05,0.0016148079548291984,296.23873924670914
2020-07-17 01:10:04.749,0.00041942000413740645,419.42000413740647,0.002218955250700436,0.0019717641814443977,0.0007051388059115201,-0.0001525283638149444,5.0050463554878467e-05,0.00036145637511984335,0.003038721710199182,0.0007157057540311254,0.00020789161907649184,-1.4198884340146668e-05,3.1283440493456396e-06,0.0009325558121340676,292.34136289948736
2020-07-17 01:15:04.812,0.0001742725784420885,174.2725784420885,0.0023627572516110628,0.0014940051654863144,0.0006005154804227571,-0.00022487911847822797,5.690385064211245e-05,9.349500319721132e-05,0.002825683283429067,0.0010028807526970124,0.0001493275099231385,8.802220679802549e-05,5.238001760277901e-05,0.001171581122838333,284.2072271736368
2020-07-17 01:20:04.874,0.00025892909894141547,258.9290989414155,0.0016010479660057155,0.001561027857176809,0.0006629389804899629,-0.00031675738055826185,-8.127337389421468e-05,0.00018677825553429023,0.003002658604040172,0.0007826808718896569,0.00017855628182821633,-0.00012871985655718996,-1.6588683957811378e-05,0.0010585873809826091,179.04128774623373
2020-07-17 01:25:04.937,0.00010392218585519736,103.92218585519737,0.0010723656820135236,0.0010688879531419813,0.000451576021992616,-0.00014942964179751823,-1.811308737402019e-05,0.00015486325751691907,0.0024790782372461125,0.0003314412227785654,0.00013745308355444507,-3.3332247559898225e-05,-4.198572647803558e-05,0.0003874708295641527,175.8432554697586
2020-07-17 01:30:04.999,0.000164678481612663,164.678481612663,0.002090197501141188,0.0014614373404329582,0.00057043526555423,-0.00028765815234502764,-2.394936868746408e-05,0.0003771919209567012,0.0029274354355961272,0.00030438826274076214,0.00013598051330403888,1.7159558406797018e-05,3.6917660785893104e-05,0.00043812638299022775,125.94047531680349
2020-07-17 01:35:05.062,0.00010922075848255012,109.22075848255012,0.0013279536714037477,0.0010243378515750279,0.00043406121824990243,-0.0001745652257454954,-2.2599382846673333e-06,0.00013429268655832302,0.0026634843939234622,0.00026986316840222507,0.0001376538776423204,-8.980544788833343e-05,4.33364993610128e-06,7.164030410646755e-05,162.68409471778372
2020-07-17 01:40:05.124,0.00021415304405813805,214.15304405813805,0.0011577665991906953,0.001481637946734183,0.0005877712732812637,-0.00010849197455898253,1.4717516425250566e-07,0.00017277571976488787,0.002089185248283099,0.0003821201527719829,0.00014701212443114027,-3.296047976657391e-05,1.28018840563761e-05,0.0005109693693594902,154.05462377283644
2020-07-17 01:45:05.187,0.00013879006877782116,138.79006877782118,0.001612487481566599,0.001388765393178683,0.000515446957663548,-0.00021791874777431417,-8.479886944113712e-05,0.00025035687127667394,0.0025588382486631906,0.00034774482331946077,0.00011926031068139393,-4.5742945093441614e-05,-3.307949376276874e-05,0.000441897721623615,169.42249139235915
2020-07-17 01:50:05.250,0.00015532436134111833,155.32436134111833,0.0015007562304527565,0.0015117078941954774,0.0004876264142585382,-0.00017025671772510098,-4.645009680005734e-05,0.00032003804456398637,0.003306525742819101,0.00042819152240956577,0.00015133978822113488,-3.9626494441934495e-05,2.067553748248164e-05,0.0003597520023608743,138.9972502449279
2020-07-17 01:55:05.312,0.00012287732061584425,122.87732061584425,0.0014668159984410332,0.0011817360027946726,0.00040823607425964013,-0.00015215610244908147,-2.9256866272045053e-05,8.973174319381079e-05,0.0029892072611228415,0.0002291285841073129,0.0001320890733621201,-6.31357237481976e-05,1.8715992749857895e-05,0.0005225661040211079,136.3508760430155
2020-07-17 02:00:05.375,0.00013085094617208394,130.85094617208395,0.0018277578172740175,0.0014222026101093992,0.0005669625498724454,-0.00026507815782175927,-9.063330779066642e-05,0.00035997308218585657,0.0015795683083165888,0.00023945047509172325,0.00013511110208101236,5.681393381957081e-05,7.689376847364671e-06,0.0001957139970163037,128.47323290619093
2020-07-17 02:05:05.437,0.0001316914319306446,131.6914319306446,0.0009719668190236812,0.001075228945394069,0.0003986550316987197,-0.00013439810268221054,7.394942220940469e-06,0.00013172177503638848,0.002910000705582393,0.0001991663170946564,0.0001278041726461117,-7.705342310436251e-05,-1.548186604382388e-05,0.0003923474493064088,104.93255545514269
2020-07-17 02:10:05.500,5.22552882626996e-05,52.2552882626996,0.001048386532975903,0.0009085007549918626,0.0004045002245586629,-0.00018414639614592454,3.686519379616626e-05,-1.2058552525101108e-06,0.0018994503079431005,0.0002870057529102802,0.0001188395462330399,2.4704315050420088e-05,3.954873857891739e-05,0.0002498656433840556,83.28832450202293
2020-07-17 02:15:05.562,6.591825331272463e-05,65.91825331272463,0.001326616573006068,0.0010359075559056104,0.0003521099472861486,-0.00017865872293774493,-9.453346247313689e-06,0.0001545737304946779,0.0013802880890976456,0.0001536222627001208,7.391677568085137e-05,5.629277340978796e-06,1.478891285172615e-05,-4.134451256787093e-05,109.60031750677324
2020-07-17 02:20:05.625,0.00021062741094489545,210.62741094489547,0.001248544341052113,0.0011698552475339734,0.0005196815349707488,-0.00018796117166199595,-5.280685512986689e-05,0.00032730243701449845,0.001394847640232594,0.00023478210078899513,0.0001289226806008775,1.732263706460626e-05,4.493978068903704e-06,0.00020372258833804924,126.98813022771145
2020-07-17 02:25:05.687,0.00010441872642551428,104.41872642551428,0.0008484113792862528,0.0008595392533571675,0.0003283719990833065,-8.196577327457021e-05,-3.4443448789267686e-05,0.0001806790139214157,0.001960501100834504,0.0001190046241759694,7.872738259403345e-05,-8.92106270231627e-05,-1.1346635963921246e-05,0.00014914881185217014,123.97590459811191
2020-07-17 02:30:05.749,5.6881576423926e-05,56.881576423926,0.0011785162652401611,0.0007575407992381179,0.0003087833850226841,-0.00020268771401447914,5.481617542416876e-06,0.00019303222191877496,0.0018489060509528743,0.00011912416830435355,7.364122426690281e-05,6.501345905941304e-05,3.581850092836063e-06,2.2847119134294254e-05,73.35514198738365
2020-07-17 02:35:05.812,5.8765123112710656e-05,58.76512311271066,0.001304870871979847,0.000767723993440014,0.000321087239153416,-0.00018983680585965906,3.672181878895752e-05,0.00012441838128401928,0.0017704645257308376,0.00016496112146279572,9.275217261620229e-05,7.705409764884687e-07,2.6670305057843282e-05,-0.00018408010075429807,72.14931925539031
2020-07-17 02:40:05.874,0.00010080125822953431,100.80125822953431,0.0012328393976565692,0.0010045974404924336,0.00035324023907331724,-0.00011327091702368583,2.7408979077796162e-05,-1.6129622196964257e-05,0.0022988113557974783,0.00014677698793886553,0.00012274613315733015,2.7109777638988963e-05,-9.28155645150621e-06,6.298999926466037e-05,83.20331431100986
2020-07-17 02:45:05.937,9.004356159078462e-05,90.04356159078463,0.0008792311772226919,0.000964477801561844,0.0003873098033691201,-0.00013950683775279326,1.1847712130017102e-05,5.7885473224293985e-05,0.001851646808543493,0.00013319405339191247,8.171124082479534e-05,-7.871425821833141e-05,8.174083730445051e-06,8.717781651707324e-06,130.13808641599755
2020-07-17 02:50:05.999,0.00019956943942767372,199.56943942767373,0.001691554084183964,0.0010964802748159052,0.00046672740533342677,-0.00022139629040916853,1.1053640941627688e-05,2.9619107100697854e-06,0.002043755928571599,0.00022020352860406542,0.00010524954603360426,-5.693710133090047e-05,-1.680860198809757e-05,0.00029256158654752045,113.29654941286032
2020-07-17 02:55:06.062,5.0276647220122654e-05,50.276647220122655,0.0008539911851017373,0.0007353639761149653,0.00022033344312225218,-9.301597709308422e-05,-1.6448367809261823e-05,6.779207224701579e-05,0.0016117120386193262,0.0001353265852441341,6.819420523252269e-05,-2.669067406392705e-05,-1.8962590846649373e-05,-0.00010765017552462588,142.57715245670482
2020-07-17 03:00:06.124,0.00017788537072231815,177.88537072231816,0.00097089028863745,0.0009138488243203368,0.00039978602835885244,-0.00013081909265816923,7.311755903119702e-06,0.0002152541191683265,0.0018142931746313125,0.000183128306715724,7.868692645567457e-05,3.259918486161296e-05,-1.4188693480964179e-05,0.00020233034792181662,134.63965119128747
2020-07-17 03:05:06.187,0.00017575693563142168,175.7569356314217,0.0008826289174349038,0.000881668232861572,0.00033400296599839224,-0.00010538381451547006,-5.162190136174942e-06,8.790526241035335e-05,0.001984320788131705,0.00012837582506124918,0.00012035712401045768,-8.845912976231679e-05,-8.566963791023009e-06,0.00014246157841350763,121.90573018603915
2020-07-17 03:10:06.249,1.2074884204377678e-05,12.074884204377678,0.0006655740224857155,0.00046457374628428483,0.00014508908398875683,-3.406038826096044e-05,3.092137365301539e-05,7.411281390793875e-05,0.001352076416447529,9.999148699860415e-05,4.311208698940095e-05,6.721127489779833e-06,2.2564980643712097e-06,-0.0001988419561863496,67.17586881019407
2020-07-17 03:15:06.312,1.3695786594782887e-05,13.695786594782888,0.00048135359230011294,0.0003280813645266895,0.00013475491593816045,-6.019824477648026e-05,5.067029498871815e-06,-9.23227792581381e-06,0.00099854242921558,0.00014115559084737907,3.5792877890392216e-05,6.21147587361072e-05,-1.1990781870026997e-05,-0.0002902588606682686,17.02460916416017
2020-07-17 03:20:06.375,2.530315669332001e-05,25.303156693320012,0.0006686680082701531,0.0005812176138220902,0.00017216236904947057,-7.443037156715361e-05,1.32319387749381e-05,0.00016102401545701559,0.0012169488613382664,0.00011074420343966417,3.741065144851861e-05,2.6330645556646385e-05,-2.4670700921588924e-05,-6.198974538079956e-05,26.1256322925571
2020-07-17 03:25:06.437,3.937795358956845e-05,39.377953589568456,0.0006992687929055768,0.0005705462952649723,0.0002121823719045,-9.093769745011822e-05,-8.73214483863276e-06,0.0002194770567872103,0.0014947631912372293,7.763366566527432e-05,4.616899316582599e-05,1.158800505126463e-05,-6.68319433723459e-06,-0.00015599839319617543,25.950072628009025
2020-07-17 03:30:06.500,1.316910760113867e-05,13.16910760113867,0.00030444530435623003,0.00044256804859925055,0.00011901755088718436,-2.9331760888139754e-05,1.6866659893822864e-05,5.6448230590951646e-05,0.0015311095875194132,5.1771264316868403e-05,5.664808093835094e-05,5.103416772888929e-05,8.340278217833838e-06,-1.007632182854716e-05,19.415553533184575
2020-07-17 03:35:06.562,5.699599408846641e-06,5.699599408846641,0.0002415401317740142,0.0003877516527134681,8.341445272423737e-05,-1.1072044358682702e-05,3.8466962397755e-05,-1.112794057411276e-05,0.0014671733914863698,0.00012167926040737313,4.547880096288047e-05,5.1594443256527966e-05,-2.745305093715999e-05,-0.00026163167191609765,8.858420212271612
2020-07-17 03:40:06.625,7.706553626829587e-06,7.706553626829587,0.00033719255591112464,0.0003511404455035856,0.00013229614915705282,-5.600027348782713e-05,4.00894863447168e-05,2.334855607846594e-05,0.001262280122593034,7.661836994922806e-05,4.99073758653025e-05,9.276658455320844e-06,7.482945961123245e-06,-0.00015148593162020137,5.814045858168377
2020-07-17 03:45:06.687,4.035984538828962e-06,4.035984538828962,0.00021725668373427247,0.00031285091210216527,8.034778976191055e-05,4.7068196008932173e-07,2.901997297494509e-05,3.642860347250509e-05,0.0008462066116214695,6.651778706811079e-05,3.146661158412971e-05,1.87928098866675e-05,5.534668366717983e-06,-0.0001591215678992652,16.45036067513601
2020-07-17 03:50:06.750,3.7608543859749536e-05,37.60854385974954,0.0003121308654418625,0.00044817583362686007,0.0001502968722713181,-2.3563382145162277e-05,5.664675945084582e-06,-2.4735552721893864e-05,0.0011654364183364783,0.00010612276622743207,3.897748322257829e-05,-3.2190562045475186e-05,-8.345463741231436e-06,0.00023479706207271057,16.819971146092808
2020-07-17 03:55:06.812,8.81538503969998e-06,8.81538503969998,0.00027145342241424167,0.0003176034388073212,9.878745007825006e-05,-2.9564778665066392e-05,-1.0266834459613021e-05,4.620281290942165e-05,0.0008441078188027751,4.454325493575303e-05,2.7596629142566265e-05,3.0061323172597274e-05,-7.026529184432416e-06,3.680051934759228e-05,22.56654559027076
2020-07-17 04:00:06.874,2.1275707871362823e-05,21.275707871362822,0.0002176129643725924,0.000296486745379544,0.00010834099605693941,-3.3907377441301554e-05,1.5017795819514034e-06,-2.8658591238367142e-05,0.0010093155525077969,9.226034299352108e-05,2.992975709500947e-05,-5.415026607819164e-05,-1.6084949357803583e-05,0.00022374320966948665,12.543064840409786
2020-07-17 04:05:06.937,7.538101610166619e-06,7.538101610166619,0.00017843538039748256,0.00019050154787029347,5.6892310008338516e-05,-1.2636514654168094e-05,4.509302980878759e-06,-6.397107315653721e-05,0.0012706622522344446,8.293897382421485e-05,4.024249755028874e-05,-6.132858434110244e-05,-6.7850942789536755e-06,0.0002511510946869775,10.231427273900657
2020-07-17 04:10:06.999,1.880472340172594e-06,1.8804723401725942,0.00015587481782983426,0.00016248522660915844,4.281256848395735e-05,-4.310133474295991e-05,-6.679367389275928e-06,9.783166573547359e-06,0.0008572167670481404,5.24868986528406e-05,2.4159557338336422e-05,-2.2777745195295992e-05,-5.8629325505467275e-06,0.0001519809211472722,3.2122412008706203
2020-07-17 04:15:07.062,2.1814965227271243e-07,0.21814965227271244,5.102725832011347e-05,0.00012317749703772676,2.2555107440893296e-05,-7.873371578383562e-06,-2.3036225808013436e-06,1.7546463745229668e-05,0.0009420272012782616,5.529882981382851e-05,3.1326042107843374e-05,-8.609096408947343e-05,1.506204836322079e-05,-0.00011208762674520215,0.7750231408768541
2020-07-17 04:20:07.124,2.2644743018531923e-07,0.22644743018531924,6.714170588042861e-05,8.374007755051996e-05,1.3976054094423388e-05,4.335129777543996e-06,-9.14934845988354e-07,1.2745096946766276e-05,0.0005842509849672593,0.0001892896497806335,1.892899937559304e-05,3.572126238034284e-05,-1.1137986500340689e-05,-0.000312016768835627,0.1814316989013626
2020-07-17 04:25:07.187,9.969801424612015e-08,0.09969801424612015,9.183643987462051e-05,6.602035130767063e-05,2.31477420743058e-05,-1.2878271311843466e-05,9.773175425531532e-07,4.24053613464964e-06,0.0006918205983727566,0.00021090914652532576,2.5770169075519426e-05,3.340351103413949e-05,-2.0617978626331877e-05,-0.0003683576395121845,0.13369775214461674
2020-07-17 04:30:07.249,7.494781200247475e-08,0.07494781200247476,5.2666129845447884e-05,5.9502167377951635e-05,1.6191427316536795e-05,-6.940494581712131e-06,6.449932194839249e-06,1.2072520081551858e-05,0.000602105979080329,0.00011841866193544556,1.4981807735923297e-05,8.965476688393013e-07,3.341458734281346e-06,-0.00025142138330266754,0.08203696847549892
2020-07-17 04:35:07.312,7.146507917796577e-08,0.07146507917796578,8.187060593814928e-05,6.930859426165652e-05,1.4486055751932117e-05,-6.94225465050955e-07,4.664009143327293e-06,1.9163782006527495e-05,0.00047689965013386463,0.00010057783295644147,1.4040653725818744e-05,1.9811596251567373e-06,-2.445896050570017e-06,-0.00019394305112444072,0.09359265920563548
2020-07-17 04:40:07.374,1.3436508643652983e-07,0.13436508643652983,5.3510559556989733e-05,8.588901672513071e-05,1.5491741783985102e-05,3.8088771683224416e-06,3.191302886538886e-06,2.3596400663513532e-05,0.0005646477898702524,0.00020032412446968883,1.7222479850445503e-05,2.9804119275572703e-05,-1.4023709001924688e-05,-0.0003207445577510886,0.08208981392416341
2020-07-17 04:45:07.437,4.0439276158058556e-08,0.040439276158058556,6.216333102752086e-05,3.982151523647396e-05,7.333690262583619e-06,-5.3238044876041476e-06,3.997328832985345e-06,7.601808795581356e-09,0.00038607400310491187,0.00022088253363506885,1.459239543358995e-05,-9.150857674083205e-06,1.190534578368672e-05,-0.0002805150521738496,0.0834491907021776
2020-07-17 04:50:07.500,7.554320951200836e-08,0.07554320951200835,4.6408036241857775e-05,3.390431840836589e-05,1.8016640950288702e-05,7.429232170175576e-06,-1.943334958028509e-06,4.438609179881934e-06,4.063890504583407e-05,0.000512399838546155,1.1862083922742182e-05,6.187384070383806e-06,-2.4800553538092143e-05,-0.0001350786806837846,0.04954216484186467
2020-07-17 04:55:07.562,3.264400885559106e-08,0.03264400885559106,3.544095551325978e-05,4.454048372975109e-05,1.1711298191650925e-05,6.767934502384251e-06,-2.312604482951504e-06,-6.752500784572078e-06,0.00038109747950765786,9.517311943815623e-05,3.4400327282923855e-05,8.792607660580626e-05,4.0645221741770997e-05,0.00018231745938637454,0.13764015229589577
2020-07-17 05:00:07.625,3.047332385201518e-07,0.30473323852015183,5.372982526771232e-05,6.623728218417106e-05,1.6680128114091306e-05,2.443077360588926e-06,2.644508205865501e-06,-5.163614198596682e-06,0.0003274502637267871,2.549516062863788e-05,8.44410361658344e-06,-2.7026336837589895e-06,-6.318685209101545e-07,6.120742696444752e-05,0.568528881129044
2020-07-17 05:05:07.687,1.3682093960114528e-06,1.368209396011453,6.753064799796799e-05,8.360818662689599e-05,3.196591575401535e-05,1.3724793959153518e-07,4.085875520093433e-06,4.7796529351839554e-06,0.00033237744193655383,1.5849978715434997e-05,1.4535002739042072e-05,3.149446000035084e-06,-1.5454572672544844e-06,3.112445154777083e-05,2.3004613474680933
2020-07-17 05:10:07.750,5.2284414078727384e-06,5.228441407872738,9.754527814127661e-05,0.00011484097658685987,5.2327753751545373e-05,-1.4215153330937206e-05,-1.297112601147573e-05,4.0198632953644925e-06,0.00038149547767915353,3.175130370057359e-05,1.8066879890335352e-05,-4.550473172558205e-06,-1.0220178471938877e-06,6.292240260424318e-05,4.293559892612648
2020-07-17 05:15:07.812,6.284028873953815e-06,6.284028873953815,0.0001280237990738719,0.00015598924163345222,6.254895541782284e-05,-1.5887604978318383e-05,-5.19617566039009e-06,2.372606330479314e-05,0.0003802229134324953,3.368928235238792e-05,2.2232783190321583e-05,6.153009716047442e-06,-3.520260243318586e-06,3.7822150487477675e-05,5.125875055760047
2020-07-17 05:20:07.875,3.865154885453652e-06,3.865154885453652,0.00012635756147453132,0.00011815363440649078,4.830987034895764e-05,-1.2807324105406992e-05,-1.776875438458298e-06,2.3233265782508787e-05,0.0003024642922147746,1.8456090150561946e-05,1.1349743391022213e-05,6.7398819287002186e-06,2.5673163156961658e-06,2.2286252958908895e-05,4.460402824241612
2020-07-17 05:25:07.937,3.232024713317433e-06,3.232024713317433,0.00014894009095161814,0.00015371628944979183,4.684100339435378e-05,-2.004349038317802e-05,-3.3767463428533806e-06,4.168650088093544e-05,0.0003202813160362294,2.7631438006213795e-05,1.3654641549768571e-05,6.349992668888091e-06,2.0901570481420385e-06,1.2049392653110566e-05,9.181028704006776
2020-07-17 05:30:07.999,2.0445906513249308e-05,20.44590651324931,0.0002772498089608439,0.0002499596299165686,0.00011453278348010445,-5.855687241364798e-05,-2.1906693568316057e-05,4.043081534275258e-05,0.0003066742842067103,5.179808621598929e-05,2.160250862110961e-05,-1.0813113394101002e-05,3.908175251282744e-06,5.539210772233322e-05,15.322664810542435
2020-07-17 05:35:08.062,2.2290063205060626e-05,22.290063205060626,0.0002945041748580808,0.0002388932225029351,0.00011175892038468762,-2.405105090247204e-05,-7.661281029203474e-06,-3.697564998936723e-06,0.0003942301194693065,4.233484583137554e-05,2.7227091288862044e-05,-9.522576311992957e-06,5.324002171537853e-06,5.669704938826867e-05,26.274177140459745
2020-07-17 05:40:08.124,3.6086561703069365e-05,36.086561703069364,0.00029712198589310746,0.00030337873238965704,0.0001515573525933385,-5.740787043073775e-05,-2.372056940842538e-05,1.996931427523294e-05,0.00032263908472000667,6.145190012547484e-05,2.6303551737966386e-05,9.230055763197738e-06,3.467842050990572e-06,4.5869360392521616e-05,24.212631854809132
2020-07-17 05:45:08.187,1.4261270656297475e-05,14.261270656297476,0.00023031393948364474,0.00023781380686118138,9.62484309632559e-05,-2.980023810471099e-05,-6.039670397387381e-06,4.452910135774005e-05,0.00027617947438754974,3.589427536698507e-05,1.6420060545640145e-05,-6.169686900708255e-06,2.5058481268854896e-06,2.6690123550239087e-05,24.259051597416644
2020-07-17 05:50:08.249,2.2429322432883156e-05,22.429322432883158,0.0005097475107203171,0.00026760616407942093,0.00013037876760244502,-8.066024264414014e-05,-1.2643805597619423e-05,6.263618843377324e-05,0.000249511102064707,4.600641041261732e-05,2.526460868815222e-05,-4.239842202361663e-06,-3.5773202532271024e-06,3.4653947077764766e-06,16.38473503901107
2020-07-17 05:55:08.312,1.2463612027852635e-05,12.463612027852635,0.0004426512407667694,0.0003451779667149441,0.00015488948321279507,-9.580608470555428e-05,-1.9309883727338198e-06,1.9143024385099218e-05,0.00036836044429414507,3.5477664781252134e-05,3.2962424340726254e-05,-1.6775241201849734e-05,2.569440031417376e-06,2.0432809276132436e-05,31.440776927403757
2020-07-17 06:00:08.374,5.942939632147553e-05,59.42939632147554,0.0005101629334119372,0.0004335327070263117,0.00021746508963471783,-9.537234681027549e-05,-1.3236842100336574e-05,5.784959753871536e-05,0.00037976646452652735,8.21391192673288e-05,3.54241510736062e-05,-1.4558394390275512e-05,-3.0154258382224155e-06,3.813335150112215e-05,44.42284374774554
2020-07-17 06:05:08.437,6.13755228939085e-05,61.3755228939085,0.0006493302634095194,0.000491536373904347,0.00027856125033533534,-0.000141146297395518,-2.678113597824225e-05,3.8319173174992985e-05,0.0003739084932034948,7.676119770949409e-05,4.12403338781215e-05,-2.4634570052066588e-05,-1.2675285407036214e-05,3.802882287040609e-05,53.401276065307435
2020-07-17 06:10:08.499,3.9398908980538345e-05,39.398908980538344,0.0006423113737146296,0.0005318310079819969,0.00022880420663037537,-0.00010120774516955399,-1.0390663487218902e-05,0.00011070269803237131,0.0002453915946734391,8.001103520631355e-05,4.107030648257104e-05,-1.7107107056692166e-05,-1.4766006150316234e-05,1.49557388345938e-05,47.143776254781336
2020-07-17 06:15:08.562,4.065689688989722e-05,40.656896889897226,0.0008414534952830471,0.0004899380532826166,0.0002522891482906463,-0.000148172084407691,-3.988832042782121e-05,0.00016336289407125603,0.0003491564205404155,8.598665982307125e-05,5.9580082995876585e-05,-4.682448348442611e-05,6.767855505527477e-06,-2.0758380774521433e-06,57.79536145696631
2020-07-17 06:20:08.625,9.333027850046343e-05,93.33027850046344,0.0008677875860823587,0.0005987484976617862,0.00032553268711908907,-0.00016814253129287862,-6.233079915330575e-05,0.00019528714889896482,0.0002970881926535494,9.938995427930019e-05,6.852894812638978e-05,-5.013145817471079e-06,-1.368761634856175e-05,3.4482009044466815e-05,66.65594896650518
2020-07-17 06:25:08.687,6.598067150915494e-05,65.98067150915494,0.0009686438123418327,0.000618173333344376,0.0003136478897015268,-0.00016727837583834467,-2.2386601852951955e-05,6.44279458358853e-05,0.0003279215342959909,9.223118889625104e-05,5.0277483858391017e-05,2.0039291282985937e-06,-7.659943023426014e-06,4.341079997705298e-05,71.15928819087361
2020-07-17 06:30:08.750,5.4166914563002495e-05,54.1669145630025,0.001224448059101532,0.0007018813783175407,0.0003032529501108778,-0.0002279001672907946,-7.951530983246544e-05,0.0002446682411401056,0.00042906168778320035,0.00010211073623718235,4.809063152064138e-05,-3.0173794419172874e-05,-7.582777174995448e-06,-3.652059747215947e-05,54.802031646120575
2020-07-17 06:35:08.812,4.425850886620434e-05,44.25850886620434,0.0009677069802569493,0.0006832065994237574,0.0003397418716282744,-0.00014147329363992588,1.7343232298115903e-05,0.00024390404934858086,0.0002666248087840024,0.00010675755650622261,5.427000184164421e-05,3.971197839530501e-06,-2.7538590394734124e-06,-2.912650026451292e-06,50.27433232597068
2020-07-17 06:40:08.875,5.239757354870526e-05,52.39757354870526,0.0009239454984902966,0.000625073581872796,0.0003095411504664624,-0.0001813239697872678,1.7802211011934688e-06,0.00010665036050179393,0.00039947090195446036,9.262110591573566e-05,4.684148626150889e-05,-1.6126114059003742e-06,-3.7045355287798603e-06,4.903918932882962e-06,47.12921426803843
2020-07-17 06:45:08.937,4.473156038920577e-05,44.731560389205775,0.0012029918793319098,0.0006358177602222883,0.00038045315332192894,-0.0002177200701756832,-7.958279024199417e-07,0.0001541816893189414,0.0004771214240578036,0.00017533948239466325,6.376579243808699e-05,-3.81515655919193e-05,1.1707650437664783e-05,-6.802578940557844e-05,57.552511402314195
2020-07-17 06:50:09.000,7.552840026903158e-05,75.5284002690316,0.0014238523557143967,0.0008949842087868552,0.0003878801522450169,-0.00028029585633262884,-2.1620146178608812e-05,0.00012568922302834707,0.0005013074619127966,0.0001413857403475312,6.522954828785577e-05,-7.673200311327413e-05,-2.5330126441763472e-05,5.880812256468899e-05,64.84117695604151
2020-07-17 06:55:09.062,7.426357020988718e-05,74.26357020988718,0.0012481033685548524,0.0007818578525596106,0.00034765780094989904,-0.00022878959502452715,6.3246930584671e-06,-0.00017364434198337603,0.0003992559391132489,0.00013336817496444782,5.312813439586366e-05,-1.1307175571232391e-05,-9.168800795755585e-06,-1.6119837176106172e-05,69.06793202149332
2020-07-17 07:00:09.124,5.741182558556125e-05,57.41182558556125,0.0012965655344802473,0.0006702894665905783,0.0003633476787924606,-0.00022510415880536987,-5.7192764245165244e-05,0.00010390249553540696,0.00036449749808793014,0.00024269117324829907,5.898287539243742e-05,1.4531600822962836e-06,-2.202749285133557e-06,0.00013939137798721775,61.78929926801771
2020-07-17 07:05:09.187,5.369250200860472e-05,53.69250200860473,0.0008891058510416925,0.0008237753299913485,0.0003233269195060639,-0.00014095762157642964,2.511629615241969e-05,1.236730012677235e-05,0.00023097045856950013,0.00012057387343922734,3.9757279965291475e-05,-1.1598735457151116e-05,-1.6753528907756186e-06,-4.780065081391233e-06,51.451766622539004
2020-07-17 07:10:09.249,4.325097227345107e-05,43.25097227345107,0.0010064231298598676,0.0007236372018256314,0.0003551120193265197,-0.00026315070342343595,-4.939449086511285e-05,-1.699904906948405e-05,0.0005764820713846058,9.457542928976672e-05,6.4827351657015e-05,-7.298063362028404e-05,-2.528822041891241e-05,4.283032034941883e-05,45.13220328635296
2020-07-17 07:15:09.312,3.845313557700313e-05,38.45313557700313,0.0008048192875722259,0.000599358046469073,0.0002873684018040826,-0.0001494794382239801,1.4209013608444735e-06,-6.559638482839315e-05,0.0003467599993222834,0.00011189127449842891,5.12503453085965e-05,-2.9024286947957354e-05,8.789604816040317e-07,3.0150631078467164e-05,44.54311508955336
2020-07-17 07:20:09.374,5.192523741820591e-05,51.92523741820592,0.0015829078038835044,0.000744823515567624,0.0003931024940106202,-0.00033166009179944484,8.121651633444586e-07,-0.00011923620006940894,0.0006132766380122082,0.00011924837292327968,7.351302425525893e-05,-9.72364541968347e-05,8.110310419516943e-06,4.0311755176247525e-06,46.10181753430465
2020-07-17 07:25:09.437,4.792707960770495e-05,47.927079607704954,0.0012788995664219606,0.0009311068198962695,0.00036077623198587744,-0.00026160272898496386,-7.213346944883841e-05,0.00019467169536724495,0.00030772554501726885,0.0001196393474533235,5.142684033835607e-05,-2.0303385249615038e-05,-4.490320763815724e-06,3.364005501831515e-05,51.74321077095297
2020-07-17 07:30:09.499,5.537731528694809e-05,55.37731528694809,0.00139864318504151,0.0007268938142529378,0.0003886159107342019,-0.00026525995458116574,-1.4943725323146971e-05,1.0581355246059417e-05,0.0004111436808882531,0.0001335866354681911,6.16948592442057e-05,-4.732400839482221e-05,6.747646670721205e-07,-4.845989698096351e-06,48.91101700204711
2020-07-17 07:35:09.562,4.342865611148831e-05,43.428656111488316,0.001385723374898177,0.0006932732795435439,0.0003903252963785787,-0.000344145167543397,3.4164851751241674e-05,-0.0001403690066437234,0.0003600776534327188,0.00029393497949184514,7.481256185397348e-05,-4.90647576566077e-05,-2.6673760426337357e-05,2.9999838690342688e-05,52.133272221671255
2020-07-17 07:40:09.624,5.75938452665774e-05,57.593845266577404,0.001172063616419395,0.0007776238114955929,0.0003792025709334231,-0.00020161490904535703,-3.853390340679317e-05,-5.901690368301432e-06,0.0003814065150346281,0.00020567516329252845,6.134016193725369e-05,-3.9381550445756786e-05,1.187556239916794e-06,3.2713309773177904e-05,50.134608511129066
2020-07-17 07:45:09.687,4.938132415532153e-05,49.38132415532153,0.0012470358475676977,0.0008242788174418207,0.000392201335646664,-0.0002920812749429636,4.2783855779001964e-05,-0.00014897406085476934,0.00046046753368188714,0.00016314282371860346,5.127558688207649e-05,-3.265618462980626e-05,7.340528851182167e-06,-1.7568163434808125e-05,49.00902633408911
2020-07-17 07:50:09.750,4.005190958036844e-05,40.051909580368445,0.0010930658156214136,0.0006628456648949544,0.00033611462961789817,-0.00017248407509820956,3.713147063453529e-05,-2.032936321805045e-05,0.00036023871914220057,0.00015741527846203769,5.17620928281278e-05,-1.481121716425106e-05,2.391071820646024e-05,1.7469029726110697e-05,47.213312387811975
2020-07-17 07:55:09.812,5.2206703427745985e-05,52.206703427745985,0.0014995762122349931,0.0007377332935123791,0.0003877095656509812,-0.0003163806437481848,2.1984186927282442e-06,-4.654421827819737e-05,0.0004318238164438013,0.00015892592255072323,4.575140501904982e-05,-3.822353890530559e-05,5.774388147275894e-08,9.770875899990605e-05,48.87155850844726
2020-07-17 08:00:09.875,5.435606251722738e-05,54.356062517227386,0.0017436462170457995,0.0008925314075915655,0.000455672012811481,-0.0003891959834059563,2.0667576319341866e-05,-0.0002602515806045689,0.00045639991462260093,0.00014363559105782356,6.504974017324502e-05,-4.770844999363081e-05,-9.960682850809265e-07,3.772080619043618e-05,48.639255114048865
2020-07-17 08:05:09.937,3.935499939717325e-05,39.35499939717325,0.0014408496777797949,0.0009883492395101284,0.000310480228908981,-0.0001770344066522782,-1.0449576796797042e-06,-0.0002624358143532782,0.00035696420902793773,0.00021892183397144557,5.9331281804122e-05,-4.1405112086460496e-05,-1.3226891538748138e-05,5.723006064536169e-05,46.32774876013125
2020-07-17 08:10:10.000,4.527218436599315e-05,45.272184365993155,0.0014597747478932012,0.0006079454380872233,0.00037216764627495506,-0.00026886698260554287,2.2621948592526258e-05,8.258638271331124e-06,0.0005526705792618396,0.00011878153856601177,7.808327061903175e-05,-8.960458896553211e-05,1.5827067560488063e-05,-4.077871369749899e-05,44.542158131089614
2020-07-17 08:15:10.062,4.899929063010245e-05,48.99929063010246,0.0013401531504308283,0.000853856398707773,0.0004052757530464931,-0.0003300903192135174,4.843959415607382e-05,-0.00011325251122431178,0.00020966360368677032,0.0001947194910191366,6.520138134953958e-05,-5.5630680388301805e-05,-2.0911943984384617e-06,-3.1070283069559674e-05,41.73043789317544
2020-07-17 08:20:10.125,3.091983868343074e-05,30.919838683430743,0.001207036228542621,0.0006732576352255742,0.000395547320842129,-0.0002642544124070505,-2.3444122863477426e-05,-3.0288192040524544e-05,0.0002894784086224009,0.0001262728217494598,7.856762685454918e-05,6.395526388153022e-06,-3.430885171106804e-06,-4.326158622257673e-05,37.24835080671474
2020-07-17 08:25:10.187,3.182592310661106e-05,31.825923106611064,0.0008762048783412343,0.0006440138671586478,0.0002764123345816322,-0.00019296046625037733,-5.440804182858618e-06,-0.00019728828748775325,0.0005262394615661441,0.00010248181162897517,3.6391731616532064e-05,-2.233366190803042e-05,1.1539409464102962e-06,-2.0073284527066935e-05,33.6116552938893
2020-07-17 08:30:10.249,3.808920409162612e-05,38.08920409162612,0.0015924249598659242,0.0007944953152718275,0.00038473018398485297,-0.000254160874968549,-3.58072702369869e-05,-0.00020355896394063047,0.000529650125513921,0.00011901676557335359,5.7612711611728355e-05,-3.4930932266353266e-05,9.667438305729607e-06,-2.9119540744414754e-05,39.55014426263204
2020-07-17 08:35:10.312,4.8735305589658945e-05,48.73530558965895,0.0012269077260144972,0.0006629116206323413,0.0003260723168581073,-0.0001791226056201925,3.0403252178310684e-05,0.00011694805291708379,0.0008487417535350936,0.00014610881895659939,7.029415495524461e-05,-3.894740130200537e-05,-1.8820219225927363e-06,2.1443603728843978e-05,38.761988753940315
2020-07-17 08:40:10.374,2.946145658053592e-05,29.46145658053592,0.0010361159310268812,0.0007288541538467572,0.0002930954678326244,-0.00016908570294124482,8.362805248030982e-06,-4.911992278315943e-05,0.0002901472936584768,0.00011309549731130898,4.694313803129595e-05,-1.7051315140304457e-05,-5.787351923232029e-06,3.8054050144682486e-05,34.410919639262346
2020-07-17 08:45:10.437,2.5035996747592202e-05,25.035996747592204,0.0013026876149840616,0.0006381518520692904,0.00030739778655153647,-0.00021510729243618274,-5.081353112630101e-05,5.559388127946961e-05,0.0003347945602696509,0.00010579648128099443,5.7946413472202e-05,-4.239063403920282e-05,-9.537980732409799e-06,3.861869964688865e-05,29.085774776184042
2020-07-17 08:50:10.499,3.275987100042403e-05,32.759871000424035,0.0011102523780246393,0.0006877844327593712,0.00030298931765545406,-0.00018260832372477074,-1.065250252254561e-05,-0.00015765833706307615,0.0008240236317707082,0.00011017795552035846,6.946284585924928e-05,-0.00012093192423486935,-1.9334731992218617e-06,-1.598627741189965e-05,28.891208650027682
2020-07-17 08:55:10.562,2.887775820206685e-05,28.87775820206685,0.0008657859484604152,0.0006159791681395011,0.00029502739649681694,-0.00017021933948630156,-2.2878507865250123e-06,-5.224851685658766e-05,0.0004461581461683365,0.00010378147878687685,6.209032389115856e-05,-3.3262637752721226e-05,1.6276551811829884e-06,-5.849429771799544e-05,30.960627439584076
2020-07-17 09:00:10.624,3.124425311626138e-05,31.24425311626138,0.0011862510390695438,0.00073987208881385,0.0003471547282960288,-0.00028531925730264417,1.9851793505441737e-05,4.145419013993192e-05,0.00040685678209745877,0.00012509626078996235,5.134805944566467e-05,-3.91620041063241e-05,2.6354669506140847e-06,1.5054769257670777e-05,29.283557117769707
2020-07-17 09:05:10.687,2.7728660034980927e-05,27.72866003498093,0.0009965451839027421,0.000555964316284562,0.00023221574522679778,-0.00015894145873794155,3.999743737640263e-05,4.442036393462475e-06,0.0006291217889571708,9.437938059515938e-05,4.0742133870762766e-05,-4.0877246839190515e-05,-2.7335111654396032e-06,-1.1811656276758516e-05,28.768023556807748
2020-07-17 09:10:10.749,2.7331157519180974e-05,27.331157519180977,0.0007455769733222875,0.000645707583132618,0.0002612406598706917,-0.00016362637547331815,8.893467216106836e-06,-1.2958705123570734e-05,0.0002371837547977314,0.00018423839652655547,6.28866111558982e-05,-4.8192085774493406e-05,-1.7362995754223281e-06,4.379003114174228e-06,25.316276378066206
2020-07-17 09:15:10.812,2.0889011580036744e-05,20.889011580036744,0.0009741858964566624,0.0005752737353027258,0.0002282573693569101,-0.00018545037288836784,2.108904301350035e-05,-6.088986273560455e-05,0.0004991949952264686,9.801284069487196e-05,4.151778244304007e-05,-7.4145507069809444e-06,8.39701715732242e-06,-0.00010993520326977528,22.01534997599897
2020-07-17 09:20:10.875,1.7825880828779215e-05,17.825880828779216,0.0008046011935227066,0.00045437237369185706,0.00023350675664287544,-0.00011347985715366416,6.91966951273169e-06,-7.232521666540073e-05,0.0006867337450484949,6.186571215386586e-05,3.829857945605324e-05,-2.5547452679427544e-05,-6.59177873277871e-07,1.0893507198244454e-05,20.509064046017556
2020-07-17 09:25:10.937,2.281229972923675e-05,22.81229972923675,0.0010992845129137122,0.0005168611875886216,0.0002520632269107901,-0.0001477772358622845,-2.7911929866666194e-05,-4.7556173170493736e-05,0.00029359324008027107,0.00017178736295830462,5.750062747152112e-05,-5.9009903575750894e-05,-4.2947240748826366e-05,0.00010639328522357449,18.952744782384666
2020-07-17 09:30:11.000,1.6220053789138068e-05,16.220053789138067,0.0008099670341883091,0.00048721444540251644,0.0002632647816129103,-0.00016624329029654356,8.77986905570612e-06,-4.179850092347065e-06,0.00029493114847653577,0.00010080296082811418,5.3070598591228205e-05,-3.775477398074589e-05,-6.724845943555984e-07,2.5418082657468174e-05,19.95360795401728
2020-07-17 09:35:11.062,2.082847034367706e-05,20.82847034367706,0.0009784224471056239,0.0005354105048736269,0.0002368290716716667,-0.00016345983079087538,1.6991036077797732e-05,-3.271591845826328e-05,0.0004521234412480528,0.00010814940318803185,4.3264419462626245e-05,-1.573532482691082e-05,-4.681370239188865e-07,-2.550350847958087e-05,20.889249991915722
2020-07-17 09:40:11.125,2.5619225842932073e-05,25.619225842932074,0.0008332969994199802,0.000566590543989386,0.00031278318549578433,-0.000198223182594398,3.3153601569964774e-05,-0.0001158648947448303,0.0004115491590066245,0.00016724663869909325,5.278936521542468e-05,-2.4981781052319914e-05,3.224386737540347e-06,2.7587252239062555e-05,22.132326563699053
2020-07-17 09:45:11.187,1.9949283504488062e-05,19.94928350448806,0.001026940704987093,0.000524324329642079,0.0002289082150020416,-0.00019312995489200165,-1.1078463955689818e-05,-9.601111833250671e-06,0.00027465426697127353,7.886624358472627e-05,4.070334143650421e-05,-1.934014617665227e-05,-1.953874361666674e-06,3.581759265844123e-05,21.63171087582849
2020-07-17 09:50:11.250,1.9326623280065364e-05,19.326623280065366,0.0007879837118655937,0.0003958953269100912,0.00024074102243051596,-0.0001559676819538112,1.6612607808787028e-05,-7.843943936259273e-05,0.00041973084086147067,0.00015172814923199347,6.84128768347773e-05,-6.860829954862757e-05,-3.9400882320283976e-05,0.00010646126816078285,19.20479487358579
2020-07-17 09:55:11.312,1.8338477836203978e-05,18.338477836203978,0.0005769448411575885,0.0004284294656975501,0.00020922783448470877,-0.00010610673156176916,1.1474897573709768e-05,-3.995339652905214e-05,0.00019880386412999139,5.303113274360291e-05,4.205674293363682e-05,-4.2094886928977695e-06,-1.4242585055430724e-06,-1.6147905285083598e-05,17.731735400970845
2020-07-17 10:00:11.374,1.5530105086643226e-05,15.530105086643227,0.000842619873861066,0.0004895264414206094,0.00019746185688749636,-0.00014120433742621978,1.4291279797376724e-05,-0.00016423375045350697,0.0003592428975324944,6.894551766025987e-05,3.935864085944934e-05,-2.0037234712286267e-05,-7.868023981824464e-06,-2.0517908009041495e-05,15.438271849206215
2020-07-17 10:05:11.437,1.2446232624771474e-05,12.446232624771474,0.0006907217916807222,0.00033229140891982754,0.00016266361066385115,-0.00011602425031134251,-1.573962008192087e-05,-9.534927654103004e-05,0.00018885221745660496,7.278206570673649e-05,2.8304865243905107e-05,-2.5418229035612178e-05,-1.67509485237368e-05,4.30518496450447e-05,13.34959719275273
2020-07-17 10:10:11.499,1.2072453866843523e-05,12.072453866843524,0.000892534095305809,0.0003699158090141934,0.00016885258998836748,-9.141537346122674e-05,-4.98770667406363e-06,-5.6797224768031415e-05,0.00014320013700172554,4.820862480224069e-05,3.400809707709134e-05,-1.3350872805925508e-05,-3.158648760414195e-07,-1.5257336922566836e-05,11.405031841581811
2020-07-17 10:15:11.562,9.696409033130471e-06,9.696409033130472,0.0005214213985943974,0.0003577758684542209,0.00013678857276782714,-8.615054778118582e-05,8.77911000821462e-06,7.398134381506052e-06,0.000177844938002004,5.1657450189349846e-05,2.0422431694387145e-05,-2.1784982168759077e-06,1.6978893862310783e-06,-3.589233318863306e-06,11.293138309479318
2020-07-17 10:20:11.624,1.2110552028463991e-05,12.110552028463992,0.00041835322319803335,0.0003243890135992356,0.0001735427419317472,-5.960720180848498e-05,4.38613473230877e-06,-8.756054617047493e-05,0.00012239496558369195,8.685869428327761e-05,2.863512171377027e-05,-4.960994169279199e-07,-1.2417156122613913e-05,-9.349269944220317e-06,10.273840529899362
2020-07-17 10:25:11.687,9.014560528103659e-06,9.01456052810366,0.00039811415572917714,0.00028148548926057844,0.0001305857686188858,-5.908316259339167e-05,-3.1358458696577913e-05,3.614098731941399e-05,0.0002690623127245089,5.191692943478928e-05,3.3843307735089114e-05,-4.209329298555424e-05,-8.364116910967982e-06,1.2447249556333912e-05,9.40360168656155
2020-07-17 10:30:11.749,7.085692503117035e-06,7.085692503117035,0.000359504804258902,0.00019386034844294834,0.0001200619095177813,-7.10353752084565e-05,1.4820201145735439e-05,-6.689260581599592e-06,0.00010479696480157391,3.4566823317820875e-05,2.1311809871791974e-05,-8.352854810945576e-06,-3.908546744986872e-06,-4.5227933394519105e-06,7.675476327046055
2020-07-17 10:35:11.812,6.926175949917505e-06,6.926175949917505,0.000591048306121725,0.0002421197208089931,0.0001306021380962178,-7.754518735111167e-05,1.0402905129926105e-05,-0.00011520104783603125,0.00018364869375073534,8.204055932466069e-05,2.9693579433647458e-05,-3.476039269418971e-05,-1.5290186694720438e-06,1.159794553143689e-05,6.532207289658338
2020-07-17 10:40:11.874,5.58475341594051e-06,5.584753415940511,0.0002506719059146252,0.0002456949988815864,0.00011681254251545645,-3.4393267176225514e-05,3.0910879738783052e-06,-4.537184406114902e-05,0.0005803401245122133,3.879337543322295e-05,2.5520796729880698e-05,-4.20867829066248e-05,2.3506443309200053e-06,-5.060200005144813e-05,5.923061865641977
2020-07-17 10:45:11.937,5.258256231067951e-06,5.258256231067951,0.00023356210364438332,0.00021985666295600774,8.358893369566324e-05,-4.2352332222034066e-05,2.0122892370216077e-05,-3.73317489849634e-05,7.31097076849312e-05,2.5851247523934617e-05,1.9344544103378563e-05,1.6442201246097913e-06,4.036750949686333e-06,-1.1865825834777572e-05,4.859023336722101
2020-07-17 10:50:12.000,3.7340603631578787e-06,3.734060363157879,0.00028679362205133446,0.00018069284665926425,0.00010348882684702811,-6.901420415297243e-05,1.440900914596911e-05,-2.9510641762137942e-05,9.028298692430049e-05,4.679006924778393e-05,1.5442539200563832e-05,2.7050948790520424e-06,-2.9426286245411012e-06,-2.7226018542050473e-05,4.906476786015366
2020-07-17 10:55:12.062,5.727113763820305e-06,5.727113763820305,0.0003580448200094496,0.00017162908776905843,9.772105512965695e-05,-8.399949940391685e-05,1.9101286853439286e-05,-3.642852308678014e-05,0.00023203516692826327,4.876915518672333e-05,1.954453493832642e-05,-2.0902718034925664e-05,-3.115495751040986e-06,1.143822211423883e-05,4.499461321028302
2020-07-17 11:00:12.125,4.037209836106756e-06,4.037209836106757,0.0001929234229927187,0.0002022214731427511,9.088501898501957e-05,-4.379041166889823e-05,3.889168872769969e-06,-1.542333354476167e-05,0.00014551478201078137,3.863674772022812e-05,2.4215492382915457e-05,-1.7160472162816168e-05,-2.117819367860174e-06,-8.905482909127095e-06,4.113973935005744
2020-07-17 11:05:12.187,2.5775982050902055e-06,2.5775982050902058,0.00020105941127107401,0.00011465734937497113,4.519006702991959e-05,-2.6166563636306505e-05,-1.9777138500834067e-06,1.0460540291791799e-05,6.986239041133572e-05,3.4359151480027206e-05,1.0346113581112918e-05,-5.177111416690979e-06,-5.078005881868917e-06,-1.2937407944131326e-05,3.0601226023969534
2020-07-17 11:10:12.250,2.565559765993933e-06,2.565559765993933,0.0002117929535880492,0.00013800700115296896,6.538170257520308e-05,-1.891201828254173e-05,-7.148450843519351e-06,-1.7026604912628386e-05,0.00013972770376010965,2.7150178665515023e-05,1.224772971035176e-05,-4.981005826815718e-07,-3.984230683475049e-06,-3.5388754070363884e-05,2.365582650558233
2020-07-17 11:15:12.312,1.9535899805905957e-06,1.9535899805905959,0.00018186230357880752,9.567498136259395e-05,4.9866238319256365e-05,-1.9156101986402485e-05,-4.1264383930679674e-06,-1.955483136661287e-05,7.728150673189163e-05,2.4440346883286594e-05,1.6020699447666045e-05,4.348832312801828e-07,-1.9130974706340748e-06,-2.948598999864939e-05,1.8938829783168059
2020-07-17 11:20:12.375,1.1624991883659245e-06,1.1624991883659246,0.0002461492326228051,8.346696019796238e-05,4.551311417598705e-05,-4.8774675445976444e-05,9.944628800631863e-07,-2.0267013734935648e-05,7.984773771336211e-05,2.991020527161522e-05,1.0535302466265547e-05,2.5720006120828197e-06,-5.104854808890324e-06,-3.5645789555171265e-05,1.5482413854236654
2020-07-17 11:25:12.437,1.5286349873145108e-06,1.5286349873145109,0.00013063469420372502,8.484749304714132e-05,4.421636167908536e-05,-1.9434295216264948e-05,2.6365024807737055e-06,-9.204589212037217e-06,7.576007586659212e-05,4.055380239845007e-05,1.410053421639483e-05,-3.677959067183827e-06,-3.3775500985547186e-06,-3.222236870472654e-05,1.2881764302039391
2020-07-17 11:30:12.499,1.1733951149314177e-06,1.1733951149314177,0.00014134154071881013,7.385956403511209e-05,3.006928024729026e-05,-9.455556394649587e-06,4.391361602109275e-06,3.3744041198191554e-05,7.428222577676136e-05,4.873800487428264e-05,1.2661033337441333e-05,2.8474424233033334e-06,-3.678032834609861e-06,-4.233460402206849e-05,1.2669988981891054
2020-07-17 11:35:12.562,1.0989665923214229e-06,1.098966592321423,0.00011854413183537987,0.0001060675080846121,2.9254197483778897e-05,-2.0833479762871736e-05,-9.303061997367656e-06,1.8501103073626628e-05,5.499446822918463e-05,5.924859714467206e-05,9.044626663776626e-06,4.196909347145348e-07,-3.493701426270117e-06,-3.6348792945915165e-05,0.9668906118370826
2020-07-17 11:40:12.624,6.283101282584425e-07,0.6283101282584426,8.895080233126109e-05,7.201323712854735e-05,2.1638299777548937e-05,-1.1074428873715966e-05,5.142341392689413e-06,-1.665662907461298e-05,9.527468396211336e-05,7.090882988272308e-05,9.445575881565084e-06,1.237104343517533e-06,-2.5758256008329096e-06,-6.716964539533154e-05,0.7626306261885999
2020-07-17 11:45:12.687,5.606151579859697e-07,0.5606151579859697,0.00011502861881327391,6.158277924250373e-05,3.022499289689165e-05,-1.940374411963915e-05,6.548132299031913e-06,-1.4125190619496185e-05,7.870309294592234e-05,6.056663794106578e-05,1.1038685716889683e-05,-2.670561440929053e-06,-3.5571751623141975e-06,-4.2724819732693454e-05,0.5614170415497847
2020-07-17 11:50:12.749,4.953258384049771e-07,0.4953258384049771,8.113086567394041e-05,5.115222366681014e-05,2.4505943670190275e-05,-1.3369878387993315e-05,4.283351640916721e-06,-6.034402581270307e-06,4.7290723961510033e-05,9.547808849429746e-05,1.3838009986055702e-05,-1.1118102705854193e-06,-3.094729857565807e-06,-5.549679553562595e-05,0.549891281552645
2020-07-17 11:55:12.812,5.937328482670237e-07,0.5937328482670238,0.0001345921624404108,6.28177166402315e-05,2.3522160849324484e-05,-1.8722530877530136e-05,2.1284688723763543e-06,-9.738173604749078e-06,2.9068147564471066e-05,0.00011113953536859018,1.0124652810465734e-05,-5.064224503455409e-07,-3.120407804137657e-06,-3.770307105951379e-05,0.6402533879722886
2020-07-17 12:00:12.874,8.317014772449005e-07,0.8317014772449005,0.00012812059652824085,6.851153855548224e-05,2.88782251808007e-05,-2.7183979853632076e-06,1.2846268555415336e-06,-3.299627709733068e-05,3.900496442903833e-05,0.00011861937669260759,1.2749941846215283e-05,-1.4826537048726112e-06,-2.7571690405147036e-07,-4.8276739651573005e-05,1.6346493340765307
2020-07-17 12:05:12.937,3.478513676717703e-06,3.478513676717703,0.00014386719214659255,0.00011044217988436916,5.5090655022708406e-05,7.637601095619329e-06,6.606863576829443e-06,4.298035526930297e-05,2.2998072216080886e-05,0.00012097480005227103,1.3369183800210527e-05,-1.562725282913108e-06,-9.367091258840607e-07,5.400569070979028e-06,1.5419935490305257
2020-07-17 12:10:12.999,3.1576549312900866e-07,0.3157654931290087,8.448575644852243e-05,4.802117412930119e-05,2.6508243598630353e-05,4.304696731932586e-06,3.4179282732967846e-06,2.3853889159970143e-05,1.9005053228924986e-05,9.519836903325081e-05,7.3973176859552964e-06,-1.73757739063688e-07,2.0909077426489315e-06,1.4656974146276277e-05,1.3463424157052402
2020-07-17 12:15:13.062,2.4474807726904395e-07,0.24474807726904396,6.253432114225955e-05,5.874625233398043e-05,2.5229758386523996e-05,-4.379395542585917e-06,5.541495320464036e-06,2.3797658684306857e-06,3.687425056176775e-05,0.00011237000715912149,1.0133465393244397e-05,-5.3656175294436745e-06,7.196333832772394e-06,9.65257089084677e-06,0.36970968190570414
2020-07-17 12:20:13.125,5.486154753190953e-07,0.5486154753190953,0.0001397410813709918,4.882349218639624e-05,2.129114230378333e-05,-1.160811011795939e-05,8.751824038616276e-07,3.63259722307712e-06,3.3767676542903273e-05,7.790815504443363e-05,1.0767602305958975e-05,-2.629508576321053e-06,4.650086421567336e-06,3.304781050482337e-05,0.4467721576862918
2020-07-17 12:25:13.187,5.469529204707718e-07,0.5469529204707718,0.0001012256081754664,5.9355251935645824e-05,2.1770562210754768e-05,-1.8944830182142964e-05,-2.0409262553391108e-06,-1.9322873013162013e-06,5.844711660198366e-05,8.144327111232329e-05,8.997413673092885e-06,-1.250369944673851e-06,4.726090917582512e-08,4.259447869087675e-05,0.8729133834561895
2020-07-17 12:30:13.250,1.523171754578737e-06,1.523171754578737,0.00012878560085275367,8.632408901064094e-05,3.305620786536894e-05,-1.2079020377884527e-05,-6.982017930425516e-06,-1.997807444839087e-05,4.164052540731307e-05,5.383176212983974e-05,1.115783281876143e-05,-2.4926338827053613e-07,5.2180540748320685e-06,3.26397558781483e-05,1.6152326413740876
2020-07-17 12:35:13.312,2.7755732490727894e-06,2.7755732490727896,0.00019907353570199434,0.00011896608273867505,5.9949661444079445e-05,-3.95399736765658e-05,8.769872573490386e-06,-2.5018357649565827e-05,9.557615722122488e-05,5.477778592734622e-05,1.063481154062633e-05,1.0308711682300564e-07,3.33476331457571e-06,4.14248480534017e-05,5.490420540108154
2020-07-17 12:40:13.375,1.2172516616672972e-05,12.172516616672972,0.0003547159007095912,0.00022783299214517756,0.00010031106447274474,-4.1102959066611075e-05,3.647400944418502e-05,-6.054401725458739e-05,0.00012069319180579891,8.161378334978102e-05,2.947477346964328e-05,-1.993327616252051e-05,1.552663342398155e-05,-2.8608201685674855e-06,16.467145869923147
2020-07-17 12:45:13.437,3.4453347744023725e-05,34.45334774402372,0.000354518950791021,0.00027497523562086484,0.00013151115655843596,-5.119389411003837e-05,3.642861959778391e-05,-5.9580682476338825e-05,0.00026318340024086145,9.253193709176225e-05,2.887934044041369e-05,-3.003515628998419e-05,1.2546499923024098e-05,-3.8823689469784776e-05,31.066105667177215
2020-07-17 12:50:13.500,4.657245264083499e-05,46.572452640834996,0.00048616871430382847,0.0004147157914379805,0.00021517738780666362,-0.00010152135510545752,2.8252739267901723e-05,-5.6859625863786116e-05,0.00019567154770127332,0.00011795331823733731,4.9982754934707043e-05,-3.8275128381130164e-05,1.5129594516394399e-05,7.383353845508259e-06,60.58064825914178
2020-07-17 12:55:13.562,0.00010071614439256666,100.71614439256666,0.000516647854376339,0.0005583396436227924,0.00025307186219014074,-6.55519195746299e-05,8.649905197683834e-06,-7.794149641654469e-05,0.00029670188507015575,9.464745576259242e-05,4.217068619302758e-05,-1.9483126384005806e-05,2.0622294043467874e-06,-5.038181839061432e-06,87.2719174705541
2020-07-17 13:00:13.624,0.00011452715537826063,114.52715537826063,0.0009281333918110357,0.0007357041338484007,0.000311971285138279,-0.00012627537081418707,-2.0259607037433392e-05,0.00010398106513806304,0.00017112072114980776,0.00012908063486772174,5.0538778859554545e-05,-1.1245008973368479e-05,-1.7026208443619923e-06,2.9702676153348333e-05,95.20732171812921
2020-07-17 13:05:13.687,7.037866538356038e-05,70.37866538356039,0.0007584722627793477,0.0005485646056320319,0.0002797832644385563,-0.000104402052737918,2.3443758262573894e-05,0.00017040773427829444,0.000234151058191156,0.00010048464529599418,4.292303700098453e-05,-2.045544817776353e-05,1.894763528522089e-06,5.969693665292378e-05,98.45404188848444
2020-07-17 13:10:13.749,0.00011045630490363239,110.45630490363239,0.0008278788983543694,0.0007220505928121429,0.00036750959225783107,-0.00012114606143239095,-5.793786210078571e-05,8.034902255010111e-05,0.0001688118280373047,0.00015723152180529437,5.548080882399275e-05,-3.348363597601388e-07,-2.185600048603899e-05,-2.863227514433028e-05,130.91276967127004
2020-07-17 13:15:13.812,0.0002119033387266174,211.9033387266174,0.0011175107081751088,0.0009434144403501973,0.0004406012912796371,-0.00014556136894906918,-5.5749049133637986e-05,0.00019950806112958554,0.00020424190124214363,0.00018232952125453596,8.178990233747104e-05,-2.9120384723241213e-05,-1.593947251426604e-05,8.272066823668835e-05,148.81464910884216
2020-07-17 13:20:13.874,0.00012408430369627676,124.08430369627676,0.0009671876864315712,0.0007968974934580432,0.0003729760973942777,-0.00010023426327884694,1.6647363415573776e-05,0.00020124282229011078,0.00014042180490679912,0.00010857681033498471,5.615119411781878e-05,-5.354083377656195e-06,-1.2060174993495835e-07,3.960080314697652e-05,150.61667801583397
2020-07-17 13:25:13.937,0.0001158623916246078,115.8623916246078,0.0008415214615717421,0.0009022951007875305,0.00040073950092163723,-0.00012004638408277704,-5.2342638283250026e-05,0.00024602739750792773,0.00018720293249692272,0.00016774661242662035,5.3111962670240215e-05,-3.356091417068158e-05,-6.909336597301493e-06,3.7979017806550386e-05,108.45803419635989
2020-07-17 13:30:13.999,8.542740726819515e-05,85.42740726819515,0.0007790654157143028,0.0007710222156567868,0.0003186961565147778,-0.0001128292631607612,-5.9201411873255877e-05,0.00018627531358691283,0.00028332845700970336,0.00013587726387372895,4.93231003668283e-05,-3.177157393487689e-05,-2.5853372018984464e-06,4.086812601385719e-05,92.81970660750066
2020-07-17 13:35:14.062,7.716932092969912e-05,77.16932092969913,0.0010268705385559802,0.0007385523307366062,0.0003783022760632253,-0.0001896139078074064,-2.4164054789303968e-05,0.00017881076197856884,0.00022100547223806376,0.0001549317588866043,4.940045955529085e-05,-1.655043655890876e-05,-8.98620083899315e-06,0.00010315595473429974,83.9413404555262
2020-07-17 13:40:14.124,8.922729316868436e-05,89.22729316868437,0.0011445393379228442,0.0007583398706614154,0.00041008405281985706,-0.00018557798030360527,-7.949204123885856e-05,0.00014464715537288624,0.00028186843123421994,0.00021692182276974013,7.712431891548185e-05,-1.8060369243092892e-05,-4.023259258423877e-05,-1.911278217580275e-05,84.83969852803891
2020-07-17 13:45:14.187,8.812248148573325e-05,88.12248148573326,0.0013334046753347665,0.0009000872788096482,0.00038181768910673826,-0.00011173406605356123,-2.9993821471056243e-05,0.0002638482652630106,0.0003025949428892914,0.00017774413017821825,6.46120390551519e-05,-1.5329365048724547e-05,-1.4650426938345688e-05,6.041651427879147e-05,72.22833048451774
2020-07-17 13:50:14.250,3.933521679913564e-05,39.335216799135644,0.0014308363442993165,0.0006510101708033863,0.0003221795821030527,-0.00020362343459417358,3.1120896824479283e-05,7.657039375303366e-05,0.00019820704238819405,0.00012427907049268274,5.134987633178512e-05,-1.4436531456271412e-05,7.228180589041621e-06,3.639567835780364e-05,62.154972003244076
2020-07-17 13:55:14.312,5.90072177248634e-05,59.0072177248634,0.0014060346668352429,0.0008419085846582937,0.00039909175157116296,-0.0002614402836113298,-2.021679922498458e-05,0.00012584096575501513,0.0005340800712576516,0.0001543698706385768,6.735870612244411e-05,-2.4300058303221596e-05,-5.619210449684192e-06,9.204622083914608e-05,41.993916555388424
2020-07-17 14:00:14.375,2.7639315142166283e-05,27.639315142166286,0.0011240298843551064,0.000595017319577628,0.00029544848255853205,-0.00016855516517628598,1.0005884164315181e-05,-4.715712196986582e-05,0.0005054921354098919,0.00014104819436586515,6.822536300365505e-05,-9.964202134928018e-05,-3.242290196475046e-05,0.00011117350041890313,40.95146488452636
2020-07-17 14:05:14.437,3.620786178654944e-05,36.20786178654944,0.0009365609161635556,0.0006378675826169116,0.00033188861675085765,-0.00016061835035311098,3.1563675195537247e-05,3.4222534239207925e-05,0.0005605918458441764,0.00010672692874856599,4.917797989920485e-05,-7.022008359647036e-05,-1.4142609711591271e-05,0.00010342769590921457,31.91845460249319
2020-07-17 14:10:14.500,3.1908186878763895e-05,31.908186878763896,0.0011015287649142978,0.0006113113335870161,0.00031415021269054873,-0.00010921653652564079,5.578321051961372e-05,1.3487973732883169e-05,0.00010512791907712357,0.00010542632859365691,4.651001149806905e-05,-1.2951874007632805e-05,-6.677283864587517e-07,-1.2480188047403095e-06,31.167567394845225
2020-07-17 14:15:14.562,2.53866535192224e-05,25.386653519222403,0.0009286968050965428,0.0005656730633909974,0.0002680531428319084,-0.00014456505567702376,4.0208242055292766e-05,9.865870002055437e-05,0.0003121663308126373,0.00011576801714778172,3.8874701115790405e-05,-1.919356078518266e-05,1.2775183078427676e-05,8.45480910312022e-05,27.16314100481904
2020-07-17 14:20:14.625,2.4194582616470882e-05,24.194582616470882,0.001162683242693995,0.0005608046416167899,0.0002878750077578301,-0.00019507192409904672,6.102221276053182e-05,-7.790813442683914e-05,0.00033217923396902877,0.00013911350577395303,4.858840761385915e-05,-3.649327269309203e-05,2.664288442258498e-05,-4.4638093187352354e-05,26.043526250498246
2020-07-17 14:25:14.687,2.8549342615801507e-05,28.549342615801507,0.0016231900943266219,0.0006001413102064476,0.00035500254671952847,-0.00023902758201471632,2.739507561746972e-05,0.00010779047244813947,0.0002310394597317787,0.00014287949813329497,4.8520036489399674e-05,1.7654717575968796e-06,1.570158781651612e-05,1.9810706956577112e-05,28.654289658804572
2020-07-17 14:30:14.749,3.321894374414139e-05,33.21894374414139,0.0011990018808036096,0.0006872185813441175,0.00029411144041630944,-0.00020344528934787,1.9144677330918575e-05,-2.4751799197637113e-05,0.00021737370743828342,0.00011993327042591447,4.940088288718246e-05,-2.7875729890905904e-05,6.9406167134299785e-06,5.418623524138436e-05,29.498684683511627
2020-07-17 14:35:14.812,2.672776769059204e-05,26.72776769059204,0.0012682027714813458,0.0007473130634851547,0.00031724551108518206,-0.00017961320765095341,3.8895684934977624e-05,7.309689320117694e-05,0.0003761552900156291,0.0001098977534479495,8.417740992313469e-05,-8.173637849993759e-05,-1.5523081307234824e-05,4.8828649776130126e-05,33.64929613196213
2020-07-17 14:40:14.874,4.100117696115302e-05,41.00117696115302,0.0008458641746513861,0.0006416132294111115,0.0003119775127691928,-3.617644164911537e-05,-3.7310954665332715e-05,1.6579245431654472e-06,0.0001743971786755195,8.742050001276935e-05,6.131819414023309e-05,-3.2628312374224245e-05,-7.489811249409932e-06,-3.499750052385181e-06,41.58302206748008
2020-07-17 14:45:14.937,5.7020121550695256e-05,57.02012155069526,0.0009464705296110385,0.0009139470548005889,0.0004185371306517315,-0.00018406119720671378,3.7591627553952285e-05,-9.851291784728837e-05,0.0006748963798624275,0.00019073778189338878,6.786063446735348e-05,-4.052099678028424e-05,1.749325654966488e-05,0.00015797931494065994,43.75990626709921
2020-07-17 14:50:14.999,3.325842028944941e-05,33.25842028944941,0.0009490893136883,0.000638936776120757,0.0002844909132634235,-0.00017088016979819692,-2.0830277460554307e-05,-0.00010278494861860816,0.0003120317142351577,0.00014140480472570868,3.9369198233223614e-05,1.126727444033038e-05,1.9004020543958685e-05,8.644868310517401e-05,44.183522597330104
2020-07-17 14:55:15.062,4.2272025951845705e-05,42.272025951845706,0.001283289842715506,0.0007386779787048364,0.00040273533352535673,-0.00021548519193416264,0.00011405175863515687,5.680356892007707e-05,0.00017376407536573833,0.00014140174820588794,6.53733987856396e-05,-4.55969961678204e-06,3.336821718786268e-05,-1.4536596076775695e-05,38.48419738237195
2020-07-17 15:00:15.124,3.9922145905820786e-05,39.92214590582079,0.0011712110893976973,0.0008150595263050223,0.0003553745858903606,-0.00015623826564621258,3.887215076987276e-05,0.00013625006462273206,0.0007318671279612499,0.00020424226616944365,7.193880235475986e-05,-5.660941035598439e-05,-5.738835061893921e-06,0.0001227042203473279,40.990309735119034
2020-07-17 15:05:15.187,4.077675734769065e-05,40.77675734769065,0.0013398055490816399,0.0007117092413203621,0.0003849518642220136,-0.00021640878934083105,-1.6418476234070707e-05,5.2750211473906306e-05,0.00045145010626683105,0.00015749436675898732,6.520558162574045e-05,-7.015478983051576e-05,-6.170975000510521e-06,9.300336123484353e-05,36.429564736456626
2020-07-17 15:10:15.249,2.8589790955858488e-05,28.58979095585849,0.0014592874791425879,0.0006293369027679051,0.00032547653059052394,-0.00022678439441951514,5.0037619130354503e-05,4.472119604920309e-05,0.00014949889571997294,0.00011947021831942189,5.484941468873418e-05,-1.7922827331704032e-05,7.075257436382331e-06,1.7860599012719786e-05,32.62342871361033
2020-07-17 15:15:15.312,2.8503737837281908e-05,28.50373783728191,0.001302183569999578,0.0006329716521573637,0.0002476484610422503,-0.00011871648963047586,2.8901756412593213e-05,0.00022426527550224593,0.00020070393355368324,9.605420064565387e-05,5.0656366987238745e-05,-3.402547832820174e-05,2.1313820383004027e-05,-3.1636321204998194e-05,28.966551593883704
2020-07-17 15:20:15.375,2.9806125988510767e-05,29.806125988510768,0.0012519337479164258,0.0006416986716938226,0.00032291487705217036,-0.0001853515328644203,7.606728099855976e-06,6.493676661585949e-05,0.000233661061106278,0.00011689176034672974,5.557445179277139e-05,-2.379152687048813e-05,9.831472116472476e-06,1.711405854275536e-05,35.714051548803845
2020-07-17 15:25:15.437,4.883229082061891e-05,48.832290820618915,0.0014692053042724793,0.0007657571354906518,0.0003454563544881955,-0.00021206780933686275,1.223703286219262e-05,6.051054437039671e-05,0.0005313712311330254,0.00016586375494057835,6.0368883671603226e-05,-3.739558823660928e-05,1.827478350069817e-06,3.361877576146752e-05,39.71581160000571
2020-07-17 15:30:15.500,4.050901799088748e-05,40.509017990887486,0.0012055471614883676,0.0007801922236406228,0.00038149070345678545,-0.00016550486208495986,6.13112245237833e-05,5.448668984361717e-05,0.0001660884459754747,0.00018189869186982036,5.8558796857284534e-05,-7.570323598263881e-06,2.4618773002009608e-05,4.853124809386016e-05,48.56194222318633
2020-07-17 15:35:15.562,5.634451785805265e-05,56.344517858052654,0.0015123133960756555,0.0007839613660452819,0.00039486374618030273,-0.0002000246608775457,2.395009344450806e-05,0.0001998895403298106,0.0002959202441370461,0.00016889089690144677,6.204591203528825e-05,-2.9956628797928354e-05,2.3134001819964753e-06,7.990157088185219e-05,46.72606092937831
2020-07-17 15:40:15.625,4.332464693919484e-05,43.32464693919484,0.0011461132942042014,0.0007496389701161964,0.000434211870757138,-0.00018597918986889558,3.34705682094574e-05,5.383040511375952e-06,0.00018542365415483912,0.00012098071733280674,5.0420928900364886e-05,-1.5508746252019636e-05,-1.0505120157572877e-05,2.197022601286116e-05,41.791399898766755
2020-07-17 15:45:15.687,2.5705034899052827e-05,25.705034899052826,0.0011214709940201334,0.0006743052505460399,0.000364792977755263,-0.00016112780413257927,-2.8141820547059594e-05,0.00022721000330323162,0.00038883967539598933,0.0001379097577793893,5.6749658409316036e-05,-3.0287302532673013e-05,1.2900758230502983e-05,8.064590256942029e-06,46.60262239332217
2020-07-17 15:50:15.750,7.07781853417189e-05,70.7781853417189,0.0014922064979572638,0.0008867132425997811,0.0004975207360722142,-0.00035610176871020774,1.569898024940112e-05,-8.877853832955351e-05,0.00027978250913639966,0.0002919758936577646,7.80983611127866e-05,-8.222535777081286e-05,-1.273595828416639e-05,8.057866211053041e-06,45.60966243332914
2020-07-17 15:55:15.812,4.034576705921578e-05,40.34576705921578,0.0012441830206053285,0.0006288049701669141,0.0003799427103601483,-0.00021034176759694763,8.466327939409473e-05,2.0101885955325656e-05,0.00025407842959035794,0.0001281958289417816,5.752176239606828e-05,-2.33810651347175e-05,1.8848420317006602e-05,4.526390156834996e-05,49.10076026736052
2020-07-17 16:00:15.874,3.617832840114693e-05,36.178328401146935,0.001147987026226827,0.0007499736125789641,0.00045395693566654206,-0.00015629607367876057,6.496785596155041e-05,0.00011226393550309924,0.0004117543033610256,0.00013522130211809398,5.993229287760505e-05,-2.7912055252017184e-05,-5.4045872145744614e-06,9.700450105999102e-05,35.11610005949938
2020-07-17 16:05:15.937,2.8824204718135473e-05,28.824204718135473,0.0009487098760851151,0.0006652727344139779,0.0003520232441030828,-0.00011992595795081472,3.179054403964982e-05,0.00030194862784555714,0.0002000084814155917,0.00011560658198900456,5.09901815772467e-05,-4.193322028439584e-05,-7.319566833410836e-06,5.699232018196712e-05,33.65629428299537
2020-07-17 16:10:15.999,3.596634972970375e-05,35.96634972970375,0.0009643260426908248,0.0006503141257201543,0.0003120792032226346,-0.00015634667052341974,-4.694344427064846e-06,5.873187889492731e-05,0.00032999707787589026,0.00012325988090419474,7.081677968654481e-05,-3.563267795680685e-05,1.1253720565192627e-06,2.7071596144401654e-05,32.73504615698263
2020-07-17 16:15:16.062,3.34145840231087e-05,33.4145840231087,0.0009996761977395681,0.0004777672453391738,0.0003077522196492027,-0.00013085290410789102,-1.2942740778729671e-06,1.816805167436297e-05,0.000163058927057496,9.281442734453122e-05,4.522268832079025e-05,-2.8069437955731348e-05,-2.57388281856445e-06,1.4784553351281999e-05,32.26747220887386
2020-07-17 16:20:16.124,2.7421482873809186e-05,27.421482873809186,0.0008257365569388192,0.0005888338636188194,0.0002928291592063654,-0.00013345997586974723,3.918259421080659e-06,2.3753340774166346e-05,0.0001480147929532043,0.00011323174020288122,5.913420783562704e-05,-3.383460200589237e-05,-1.7127010141942042e-05,1.804805729154756e-05,30.93277019438963
2020-07-17 16:25:16.187,3.196224368625105e-05,31.962243686251053,0.0010082007209503271,0.00058187172946203,0.00032586280117507697,-0.00015396512087533472,7.653745437236665e-05,3.0741757032748015e-05,0.00019460125066511505,0.00010600718288063768,5.424943796872149e-05,-1.0475368211835788e-05,1.6853041167547757e-05,6.510722649477759e-06,26.842898741864754
2020-07-17 16:30:16.249,2.114496966553407e-05,21.144969665534074,0.0006209769813747576,0.0005223575793022405,0.00023369217086535864,-8.942386462356265e-05,3.34743709117492e-05,-3.383368045399607e-05,0.00019711359229803498,0.00010640299697259765,5.53921536643918e-05,-3.501980579494037e-05,-6.680939404478913e-07,3.3162402854996404e-05,29.20751996895122
2020-07-17 16:35:16.312,3.4515346555068595e-05,34.5153465550686,0.0008975950737284133,0.00047167657168874206,0.00023425199177541054,-0.00012187931827015939,2.3958792462332988e-05,-0.00010535092773830031,9.123155215907013e-05,0.00010120924677043396,3.3024039616094735e-05,-4.541546534821547e-06,1.5703852209750812e-05,2.8724290040545985e-05,33.976216780563355
2020-07-17 16:40:16.374,4.626833412108745e-05,46.268334121087456,0.0006472075327348691,0.0006233275532880031,0.00031912124701274637,-0.00011221515149307039,-3.050168850016727e-05,8.113284562618043e-05,0.0002043878741596224,0.00015305401032715603,5.5253472782613576e-05,-3.078601594633259e-05,-7.213169866094505e-06,7.268059974545689e-05,32.78019469728018
2020-07-17 16:45:16.437,1.7556903415684552e-05,17.556903415684552,0.0005867514141977163,0.0004854500927607546,0.00023614705007586162,-8.651209430689625e-05,-1.8371759283082037e-05,-3.7113802274505607e-05,0.00024232744903153694,0.00011185198763844261,6.745935077039012e-05,-7.833818165301131e-05,-1.8251655309462576e-05,2.3782009985383146e-05,26.996731679781135
2020-07-17 16:50:16.500,1.7164957502571446e-05,17.164957502571447,0.0004813198312036928,0.00035386688997117514,0.00017694008184617217,-0.00010835682481158796,9.942756540316041e-06,-2.612153884536072e-05,0.00010092616230919923,5.985839915512139e-05,2.0769547779333605e-05,-1.3429019149488342e-05,4.249771092840171e-06,-5.777653513976748e-07,17.375931459525518
2020-07-17 16:55:16.562,1.7405933460320613e-05,17.405933460320615,0.0006593345630410153,0.00039630954298569446,0.00017793703536401779,-4.2452887943253084e-05,2.5053193416149293e-05,7.869701808219359e-05,0.00020495009891963344,4.53880047293608e-05,1.840810755296056e-05,-3.2265803546464e-06,3.1998847726405207e-06,9.583139789007563e-06,19.177014438437993
2020-07-17 17:00:16.625,2.296015235242197e-05,22.96015235242197,0.00047416763553948633,0.0004820551310233901,0.00018756653672449857,-7.442779821335556e-05,1.950873026900743e-05,-7.337960840747406e-06,0.00014623464984219437,9.178588145218762e-05,2.7072519106775737e-05,-2.2522560334487342e-05,1.0286394984429981e-06,6.354163167397198e-05,18.42406425511265
2020-07-17 17:05:16.687,1.4906106952595417e-05,14.906106952595417,0.0005623058828893541,0.0004184766946366775,0.0001854895873656197,-6.815208248355558e-05,1.8907300870478417e-05,3.838122373122881e-05,0.00010892785278126112,7.481461880313996e-05,4.195648042486117e-05,-1.5348495581149553e-05,1.0348666611482351e-05,2.3256298328523765e-06,18.13138273755722
2020-07-17 17:10:16.750,1.6527888907654325e-05,16.527888907654326,0.000630937867106171,0.0005216222886124781,0.0002256407162129637,-8.86037550019555e-05,5.6381726804689256e-05,0.00010031723264721171,8.162721206057721e-05,8.57082768149375e-05,3.828935345068847e-05,9.774371315049962e-06,1.5065428097196795e-05,2.0483555789115516e-05,14.80223764454428
2020-07-17 17:15:16.812,1.2972717073383155e-05,12.972717073383157,0.0005273312405388197,0.00032494672523276523,0.0001668259461726244,-9.50451431902655e-05,-7.585819333975543e-06,1.9255227197584864e-05,6.908006451718409e-05,6.043425413303654e-05,2.058527314305562e-05,-1.4698280282747927e-05,3.2371146670795244e-06,-8.722911446801415e-06,13.510837600759956
2020-07-17 17:20:16.875,1.103190682124244e-05,11.03190682124244,0.0004423596151325585,0.00033383648488856225,0.0001296916519753173,-6.16020978653719e-05,3.596450682019491e-05,5.907805229270142e-05,0.00010950257009515837,5.587678649614327e-05,2.1479168918759187e-05,-7.321005490205112e-06,-6.616472249218754e-07,3.2903558800696504e-05,10.349410960858467
2020-07-17 17:25:16.937,7.043608987949864e-06,7.043608987949864,0.0004262372593978873,0.0002824774640517697,0.00015812185130843214,-6.358284617102728e-05,5.749545731926642e-05,-1.2652988206666137e-05,6.170588096774161e-05,4.8571800130242735e-05,1.6668764211393264e-05,-4.058508942301729e-07,2.4093386180706765e-06,1.5045790865623835e-05,11.778514364465494
2020-07-17 17:30:16.999,1.7260027284204238e-05,17.260027284204238,0.0003532232151846169,0.0004441739243490522,0.00017224191245308646,-3.804520134969631e-05,-1.3258823869030644e-05,2.7376390633978306e-05,0.0001674493925974868,4.622564122908415e-05,2.7867174613489428e-05,-2.1088666933589022e-05,5.656879593020464e-06,-3.237450811727913e-05,10.611614231925286
2020-07-17 17:35:17.062,7.531206423621818e-06,7.531206423621819,0.0004492970496091517,0.00024493558846508477,0.00013592149300795534,-7.660344998364943e-05,-4.098830320916121e-06,4.000966410527027e-05,4.290025948972327e-05,8.591244613375651e-05,1.6450353269520218e-05,-3.4923529616770764e-06,1.0506219287919875e-05,-6.117176908275227e-07,10.5448866914362
2020-07-17 17:40:17.124,6.843426366482607e-06,6.843426366482607,0.00026522347392458933,0.0002486179568529819,8.784319236876445e-05,-2.4343407876313667e-05,1.8157318636312855e-06,6.420424338826181e-05,7.923077094191564e-05,4.773769312839162e-05,1.6612881942420464e-05,-1.2362853660392744e-05,-2.8421145929122637e-07,3.1279582684326634e-05,6.535859716571252
2020-07-17 17:45:17.187,5.2329463596093915e-06,5.232946359609392,0.0002871119368831045,0.00022955364627285813,9.313648634522287e-05,-3.1801229184446157e-05,1.2226051299111128e-05,-1.9707957751351232e-05,5.979523029592003e-05,3.6160685582096884e-05,9.61097011002093e-06,-4.7438774630860294e-06,3.4345497540219743e-06,-1.2090649706089646e-05,4.831702090493657
2020-07-17 17:50:17.249,2.418733545389032e-06,2.418733545389032,0.00033541975225526974,0.00015881814520000517,6.354927747987294e-05,-3.486460960134305e-05,1.3347898993690044e-05,-2.927453596654505e-05,2.8813255501164537e-05,3.255039965194532e-05,7.872193645256451e-06,7.791491868340826e-07,-2.746760164059559e-06,-7.065739271216488e-06,3.210451691160223
2020-07-17 17:55:17.312,1.979675168482305e-06,1.9796751684823048,0.00018376352826211437,9.77370787739869e-05,5.6837746979133934e-05,-2.166568893691865e-05,6.545717549444408e-06,-1.942391671517853e-05,2.7918368791990865e-05,1.8137331939912097e-05,1.2369556625016146e-05,-8.96853418980972e-06,2.516823736440638e-06,-2.432981574699644e-06,1.9859645659603828
2020-07-17 18:00:17.374,1.5594849840098724e-06,1.5594849840098726,0.0001115874681618924,0.00010043405767693153,5.275390768868656e-05,-1.60204655946417e-05,1.9614404466270696e-05,-1.5963526410585586e-05,1.304246032054705e-05,1.5623444984885558e-05,8.277283496207718e-06,-1.2015025125372991e-06,2.904874110707489e-06,1.3109431044637204e-06,1.5820933889675801
2020-07-17 18:05:17.437,1.2071200144106234e-06,1.2071200144106233,8.817791848738547e-05,8.152475786192376e-05,4.204565065204629e-05,-1.7600640659790153e-05,5.643621563807112e-06,-1.1806777125916203e-05,3.72300969641939e-05,2.0030599489622135e-05,1.0773206675188157e-05,-4.190975497462933e-06,4.8552097350009884e-06,-7.26403120801073e-06,1.019200075729432
2020-07-17 18:10:17.499,2.909952287678601e-07,0.2909952287678601,7.302057235286308e-05,7.453196868410666e-05,3.0259356542395905e-05,-1.0814533919745284e-05,4.6770586817033906e-06,-2.3180302315930595e-05,3.446398708288825e-05,2.7199773339342493e-05,4.150906240771366e-06,3.302552138541155e-06,-3.5982138572120194e-06,-2.5196549692683076e-05,0.6419709716881387
2020-07-17 18:15:17.562,4.2779767188599273e-07,0.42779767188599277,6.338994156831163e-05,4.579500503462985e-05,2.2200908958921708e-05,-2.4825988804381163e-06,4.646020787215852e-06,-8.65285049712004e-06,1.178613221258342e-05,7.81765873833475e-06,4.368186753769597e-06,-6.23201476476175e-07,5.496643643842199e-07,-2.8145963295958833e-06,0.2582690511433072
2020-07-17 18:20:17.625,5.6014252776129224e-08,0.056014252776129224,4.2718435966241826e-05,3.5236526102752644e-05,1.6465859315420855e-05,-7.948603810020108e-06,4.752931275830289e-06,-3.0883944255425145e-07,4.869945325979083e-06,1.1139592323166977e-05,3.2370521457105635e-06,-3.2128706392855317e-07,3.5899269701112314e-06,-5.049310082923735e-07,0.16621649791866105
2020-07-17 18:25:17.687,1.4837569093921541e-08,0.014837569093921543,3.61364122631947e-05,1.938077783581446e-05,1.120448919331253e-05,-4.426123041333682e-06,1.4481565549440651e-06,-4.765426644870145e-06,5.8040339510615436e-06,1.009115882202562e-05,9.967499144168062e-07,2.391502832632813e-07,-6.381256384868683e-08,3.7205279076669676e-06,0.058014585219670206
2020-07-17 18:30:17.750,1.0319193378902024e-07,0.10319193378902025,3.3098953331165326e-05,3.99215476163853e-05,1.813620678234054e-05,-4.545904160280158e-06,2.54193447687442e-06,-7.343880022225837e-06,6.885044700568816e-06,8.866928463563136e-06,2.3233550950823493e-06,1.2203034314022261e-06,-1.0657260802982223e-06,-2.231577070034289e-06,0.08044038850877488
2020-07-17 18:35:17.812,1.2329166264344327e-07,0.12329166264344327,8.015839797783664e-05,7.757093612939094e-05,2.4744512845751274e-05,1.86049317820387e-06,5.089135240753995e-06,3.433716627472813e-05,9.207474118808851e-06,1.0423854003315844e-05,2.2624625403744042e-06,2.6050205594624875e-07,1.1027273351948644e-06,2.855406884021622e-06,0.08386823735765823
2020-07-17 18:40:17.875,2.5121115640571575e-08,0.025121115640571578,4.622913371729225e-05,1.960667317343204e-05,9.231730296734981e-06,-6.726414412369996e-07,2.1728553009978896e-06,4.823395264820485e-06,1.413257472803611e-05,5.76695838450122e-06,1.7147531007727138e-06,-2.8478264887485555e-07,-1.8394363133593394e-08,3.5557442536357266e-06,0.05684557903510223
2020-07-17 18:45:17.937,2.2123958821352212e-08,0.022123958821352215,2.4163060897895795e-05,2.326471980090294e-05,7.0154801775262205e-06,-4.3147653581092904e-07,8.263975851562571e-08,-3.2184439581827948e-06,9.113109122913214e-06,6.586764738163158e-06,1.1100065819683202e-06,-6.755673659185357e-07,-1.4532413158530142e-07,-3.0263362698217697e-06,0.07134680771951535
2020-07-17 18:50:18.000,1.6679534869668264e-07,0.16679534869668264,4.246333446620911e-05,2.5161339891453434e-05,1.357632619650211e-05,-6.877514529328721e-06,1.0819551444390723e-06,-3.3069192010936333e-06,5.883622570350826e-06,1.0660916477724548e-05,2.5343413352122564e-06,3.3131555887903196e-07,-1.4754879487266634e-06,-2.7831852097315463e-06,0.1883971018498778
2020-07-17 18:55:18.062,3.762719980316588e-07,0.37627199803165884,3.9226475918015893e-05,2.950636697102023e-05,1.2171133822977494e-05,-3.2367959096028956e-06,-1.7322253899083562e-07,1.217577046974315e-07,7.423533042345993e-06,1.8263042344571268e-05,3.239919416498574e-06,-9.498500020403866e-07,-1.364728349077158e-06,-1.1499040092786247e-06,0.9318821665918152
2020-07-17 19:00:18.124,2.252579153047164e-06,2.252579153047164,8.1782429108784e-05,6.69283283482512e-05,3.376352761368157e-05,-1.1822226622962835e-05,-6.226931947141831e-08,-1.6972230178434712e-05,9.627637986376905e-06,1.550631166056273e-05,6.054885182637556e-06,-1.4541939732955016e-07,-7.293491555817295e-07,-4.7727657353029695e-06,3.0821640580450853
2020-07-17 19:05:18.187,6.617641023056493e-06,6.6176410230564935,0.00014411919938925452,0.0001349296740487515,6.893930559146663e-05,-1.3419521463608196e-05,1.4788095091859113e-05,-5.4802890017869294e-05,2.7998655601546215e-05,1.8054431081683577e-05,1.0706211963316762e-05,-3.1758039381146563e-06,3.2693224704748134e-06,-8.637663719097561e-06,9.041811589306844
2020-07-17 19:10:18.249,1.8255214591816936e-05,18.255214591816937,0.00019480059902740832,0.00014853706796326798,8.245394343376528e-05,-2.6808835863270476e-05,2.294410601970584e-06,-4.375414757336447e-05,2.4889556769986203e-05,3.306807188575175e-05,1.1107847249763834e-05,-1.958276672684788e-06,3.794705179602729e-06,-7.993551190250107e-06,15.631720716989506
2020-07-17 19:15:18.312,2.202230653609515e-05,22.02230653609515,0.00024318597501004827,0.00020672662727018768,0.00011621484951888081,-2.6412930003222863e-05,1.5100814612134693e-05,-5.8234896748628626e-05,3.8459237158196956e-05,3.873624835303543e-05,1.739919732257019e-05,-4.168094671990143e-06,2.105187110111536e-06,-1.4229129627701692e-05,24.043480168605697
2020-07-17 19:20:18.374,3.1852919377905064e-05,31.852919377905064,0.0002533001995686778,0.0002706394827716599,0.0001251202381393995,-3.557789541178486e-05,3.791873790094673e-06,-6.175565755341197e-05,3.196173205431847e-05,3.509551915113451e-05,1.9184658295348176e-05,-2.864222159310515e-06,-2.0661051693668864e-06,-3.5780707269546527e-06,34.61262962523039
2020-07-17 19:25:18.437,4.9962662961691e-05,49.962662961691,0.000310789139182613,0.0003211092622871486,0.00015338814591989852,-1.7013425277935912e-05,6.058665403225141e-06,-6.101761404341086e-05,5.950868431100273e-05,6.404807243023119e-05,2.1387716772677616e-05,-7.302081561464789e-06,-3.247712675744701e-06,7.913931303482377e-07,54.340030862898885
2020-07-17 19:30:18.499,8.120451024910065e-05,81.20451024910065,0.000282863711156312,0.0003432595650408398,0.0001796894290896542,6.61880572292512e-06,5.79815889642986e-06,-5.7262924724014885e-05,4.606791661984838e-05,5.778415128911368e-05,3.195540249943886e-05,-1.950531016293501e-06,3.138231982738169e-06,-1.3456701160686003e-05,65.4896769472745
2020-07-17 19:35:18.562,6.530185763103194e-05,65.30185763103194,0.00036349136579362794,0.0003819076256141034,0.00019797407975608746,-3.461903761815557e-05,-1.3024131932370832e-05,-5.778573220145545e-05,7.4166034417239e-05,5.955319935734142e-05,2.6485232981898745e-05,-1.1345724110138376e-05,-6.960180052756243e-06,-8.884289104849759e-06,75.71415271152442
2020-07-17 19:40:18.624,8.063609025444071e-05,80.63609025444072,0.0004033066200200894,0.0003867200230040489,0.0001956767234941683,-3.218435008185031e-05,4.712958466206682e-06,-4.569998286258109e-05,7.71199796248448e-05,6.267066309547102e-05,3.49441928108732e-05,-6.561909625261316e-06,6.413153688748817e-06,-1.5063729595416849e-05,61.92366546593754
2020-07-17 19:45:18.687,3.983304851234002e-05,39.83304851234002,0.0002856675511336335,0.00033495818816963265,0.00016889901921359767,-2.2168108138665416e-05,5.475509054447152e-07,4.375065135084354e-06,7.955828229936711e-05,5.631227843148786e-05,2.5052999204265617e-05,-8.008546655420558e-06,-2.8859753250772025e-07,-1.894271154106572e-05,67.24941625194904
2020-07-17 19:50:18.750,8.127910998906643e-05,81.27910998906644,0.000445142091285078,0.00048291746479726526,0.00019558506130223425,-3.854019896817672e-05,-2.5567006788015877e-05,7.70204815827845e-05,8.789188105094017e-05,7.907413328274257e-05,2.984232371621978e-05,-2.988388432496323e-06,-2.124085212129872e-06,9.418454018707743e-06,50.30702524668064
2020-07-17 19:55:18.812,2.9808917238635492e-05,29.808917238635495,0.0002824631060359848,0.0003223648553115755,0.00016960446779616678,-4.367962291218155e-05,-1.652457695922536e-05,7.230149271546413e-06,7.283602502458102e-05,7.31543079623272e-05,3.7418800172073444e-05,-1.1042287813863868e-05,-9.450855261009086e-06,1.4956782935220442e-05,62.38286808193602
2020-07-17 20:00:18.875,7.606057701810617e-05,76.06057701810617,0.0005583591940002663,0.0005289422536838808,0.00023181415123556473,-5.8502261666245695e-05,-6.328367741924915e-05,0.0001217581280983512,8.839494447609837e-05,0.0001038316717216788,3.377097548842345e-05,-7.413272640647096e-06,-7.604532920351419e-06,1.192141547300055e-05,47.4540264556962
2020-07-17 20:05:18.937,3.6492585110346996e-05,36.492585110347,0.000746498487247758,0.0004405660575830248,0.0002096552745931993,-0.00012990651175346648,-5.7411095705631154e-05,0.00014566988045284541,7.449061230989554e-05,7.296551892196695e-05,2.751250128555971e-05,-3.3513829846696773e-06,-3.1192550898421646e-06,9.389308503290081e-06,57.75271206613343
2020-07-17 20:10:19.000,6.070497406994718e-05,60.704974069947184,0.0005022629043531167,0.0004777722625531391,0.00024108302917260894,-9.500632807012148e-05,-6.510722796208433e-05,9.688786130239565e-05,9.266364368731518e-05,8.31817946477337e-05,4.152979698083908e-05,-6.756272624142012e-06,-1.6977800194800704e-05,-5.295788944431733e-06,73.66239931842937
2020-07-17 20:15:19.062,0.00012378963877499396,123.78963877499397,0.0007356256162913094,0.000543157553640992,0.0002793141814510665,-0.00011246663813157067,-6.199544765305063e-05,0.0001905832845978919,0.00010851331765929407,0.0001008473450196382,4.688026281357365e-05,-1.2422259925830961e-05,-4.272459104919041e-06,1.8388676884793832e-05,100.10757153362157
2020-07-17 20:20:19.125,0.00011582810175592357,115.82810175592357,0.0005138796331733872,0.0005686063254190038,0.0002800826079026409,-6.889484173678383e-05,-4.534645980623859e-05,0.0001426318467110254,0.00018436343685716345,7.494979593999576e-05,5.0979907328945606e-05,-1.4247612636776253e-05,-6.873874260594611e-06,1.5610378198652894e-05,96.34731124769705
2020-07-17 20:25:19.187,4.942419321217365e-05,49.424193212173655,0.0006356905590402784,0.0004786382284204917,0.00021478410627698012,-7.634762648711047e-05,-2.33813079962687e-05,0.00016344970892155864,0.00017729027084225772,8.819427277681683e-05,3.66298580034189e-05,-2.011777047923424e-05,-1.1922826751556001e-05,2.2947834836181158e-05,73.86304801721967
2020-07-17 20:30:19.249,5.633684908356185e-05,56.33684908356186,0.00046467692520196975,0.0005546373437081095,0.000269687118639441,-5.670586851489135e-05,-7.419805838176655e-05,0.0001311060511671859,0.00021831996795853675,7.753083750333633e-05,5.56394582117429e-05,3.11123549683804e-06,-6.327226612724133e-06,-1.3304506388254384e-05,73.89387033124972
2020-07-17 20:35:19.312,0.0001159205686980137,115.92056869801371,0.0010922049896906105,0.0007246367520883682,0.00030578437814456034,-9.92864097491014e-05,-3.593041223390732e-05,0.0001890873186659019,0.000631733054447912,8.690530219746456e-05,5.3188628991889795e-05,-5.2379697374878725e-05,-2.7162517137587025e-06,6.714338266887384e-06,73.96181434909539
2020-07-17 20:40:19.374,4.962802526571066e-05,49.62802526571066,0.0006466523825636475,0.0005683195333746259,0.00026067510903060993,-0.0001257059582823315,-2.7484455952140816e-05,0.00011969316611002937,0.0003784749008645886,0.00010628762926848444,5.797832800967463e-05,-1.9019841285889445e-06,-1.2381378551081424e-05,-6.084511130199244e-05,71.10728261381135
2020-07-17 20:45:19.437,4.777325387770973e-05,47.773253877709735,0.0007829577971298131,0.0005521310356510147,0.0002822997137894507,-0.0001400008576470557,-1.6056411771824283e-05,0.00010497059637757186,0.00037789816457980084,0.0001279492894972683,4.844241322920926e-05,-5.0729251420780295e-05,-3.175876028517931e-06,1.5632776473566944e-05,45.75865361614436
2020-07-17 20:50:19.499,3.9874681705012736e-05,39.87468170501274,0.0007675786257296091,0.0005289349445365907,0.0002282504573910646,-0.00011093103161187357,-1.940761333538666e-05,6.286167982658624e-05,0.0003360700218939229,8.681442907957397e-05,3.3360055077182086e-05,-6.318919321303447e-06,-1.775437067841599e-06,-4.8598538643838725e-05,38.78150399559468
2020-07-17 20:55:19.562,2.8696576404061628e-05,28.69657640406163,0.0008636140468552458,0.0004760076927114679,0.00023650506105620125,-0.00015100941788612947,9.872312767936877e-06,4.822857017586224e-05,0.0005356485244748161,8.561926000543618e-05,4.210042577191879e-05,-4.038292414653749e-05,8.681864291748814e-06,-9.241001329273718e-05,34.07350404603019
2020-07-17 21:00:19.624,3.364925402901623e-05,33.649254029016234,0.0009486576092696248,0.0005072887996460145,0.00022384294317168426,-0.0001037049423037272,-9.821777433048288e-06,6.0345058047138926e-05,0.0005613115405160878,0.0001442479084868795,6.295539251826408e-05,-2.834243058226486e-05,-1.0904851786152453e-05,-9.673042904686474e-05,36.280233651038266
2020-07-17 21:05:19.687,4.649487052003698e-05,46.49487052003698,0.0007135806381254904,0.0005981915270227775,0.00027179974532967475,-0.0001206506143486437,-6.288398578233234e-05,0.0001088559709776903,0.0005219516450610327,0.00012391181926009844,7.015483307471317e-05,-3.4769492406794843e-06,-1.8698381096980595e-05,-7.057666238060372e-05,36.719367933598996
2020-07-17 21:10:19.749,3.0013979251743813e-05,30.013979251743816,0.001111115712422888,0.0005603776885714929,0.00024142462069435853,-0.00015603541840933968,1.9584302230987505e-05,5.083317427775651e-05,0.00066158495936737,0.000162040334735457,5.745147766460812e-05,-1.580552619695477e-05,-4.763087162855183e-06,-0.0002260002090837493,35.89433570136138
2020-07-17 21:15:19.812,3.117415733230339e-05,31.17415733230339,0.0005980683350531937,0.0004730112959029011,0.00022220255493363554,-0.00014499547399999835,-1.9204347250144787e-06,-1.472859567701404e-05,0.0004891632137859411,0.00011054593243659695,5.6427215017837655e-05,-2.9939545495509e-05,3.2354312559174997e-06,-0.00014470378371918407,29.336746650278943
2020-07-17 21:20:19.875,2.6822103366789678e-05,26.82210336678968,0.000767619573384205,0.0004929178515172942,0.00021574843474097896,-0.00013790399846668253,-2.257811755678154e-05,5.007895137891514e-05,0.0007932024511365358,0.00017202906603376434,4.4736170468912525e-05,-1.7511353687325804e-05,-4.037547761309419e-06,-0.0001512863117737145,30.420794672952212
2020-07-17 21:25:19.937,3.326612331976362e-05,33.26612331976362,0.0006832438579616137,0.0006014656787191969,0.00029365295008195087,-0.00011593358454177793,-2.8602445207392933e-05,4.470092738679026e-05,0.001058846982561041,0.00018812737776235748,7.146736513593493e-05,-2.250262126288949e-05,-1.0786808254563892e-05,-0.0002946512230782558,25.771565651840532
2020-07-17 21:30:20.000,1.722647026896835e-05,17.22647026896835,0.0011506841573739397,0.000432436768913309,0.00019355823073023852,-0.00018240884213610912,1.268764191275545e-05,-6.724156394448569e-05,0.0005860152426079856,0.00015347736518679257,5.475944220153232e-05,6.350355577589424e-06,-1.6501132482085703e-05,-0.00017326369588503823,21.900164580957824
2020-07-17 21:35:20.062,1.5207900154141555e-05,15.207900154141557,0.0006439877588042426,0.00040983479425791316,0.00023332980507038511,-0.00017195034036246015,1.8156660194407145e-05,-6.051098508543948e-05,0.0007818156533538576,0.00016443598229620978,5.423041505594893e-05,5.2681875109447905e-05,-3.273579181603762e-05,-0.0002504196981653541,14.364049851873832
2020-07-17 21:40:20.125,1.065777913251164e-05,10.65777913251164,0.0007121202738425159,0.00039835072491913455,0.00012374369125068267,-8.115749217891973e-05,1.9974034366664993e-05,9.631704843164808e-07,0.000732334011231352,0.0001444132833565069,4.238616275845816e-05,-2.1027108672625485e-05,-1.9271025061838437e-05,-0.00015667085459750754,12.328792188957422
2020-07-17 21:45:20.187,1.1120697280219114e-05,11.120697280219115,0.0006468956403584353,0.00048798896251349986,0.0001854272728178504,-6.847219045779777e-05,-1.0634241365938402e-05,-2.7773329335452186e-05,0.0010172800296593628,0.00026538090466373657,5.9364819409217565e-05,4.3264326564101815e-05,-3.103345527954039e-05,-0.0003782560969256236,11.414158725432165
2020-07-17 21:50:20.250,1.2463999763565782e-05,12.463999763565782,0.0005205773031465534,0.00041011189583268506,0.0001661590593489153,-0.00010589104512181196,-2.4775494824943487e-05,-5.000655610978775e-05,0.0011253388822983236,0.00018276084682696174,6.4876060324634e-05,4.4605205640760555e-05,-1.6436539894282106e-05,-0.00036411309687197767,12.436237874132212
2020-07-17 21:55:20.312,1.3724016578611787e-05,13.724016578611788,0.0006620457288858569,0.0004219545514347208,0.0001621286349799633,-0.00013429574649182578,8.14539993395946e-06,-9.107911431798818e-05,0.0007050998680570972,0.00012708261323834212,6.191274698014031e-05,-2.9594285858261725e-05,-3.1873368903176528e-06,-0.0001824026693294149,13.54462010753899
2020-07-17 22:00:20.374,1.4445843980439446e-05,14.445843980439447,0.0004446936911765473,0.00041257231068117,0.00018521041459396452,-7.413795168376787e-05,2.2433222165929608e-05,-1.8139305180263188e-05,0.0008377424581993615,0.0001968836092999032,5.815276407013148e-05,-4.650370604208299e-06,-5.708416172113682e-06,-0.00031053924976419617,12.420560943541993
2020-07-17 22:05:20.437,9.091822271574789e-06,9.09182227157479,0.0004489917095277386,0.00031498062035509685,0.0001539354320632671,-0.00011434811919203405,-1.7878154017370242e-05,-1.7604009703875883e-05,0.0007767986969451316,0.0001678862093030436,4.970505013211138e-05,-2.0495343754042243e-06,-1.5535149652789584e-05,-0.0002720713973029286,10.74493701006744
2020-07-17 22:10:20.499,8.697144778188138e-06,8.697144778188138,0.0003886214805815683,0.0002879502567940908,9.506664772440055e-05,-5.6780765528275965e-05,1.615242529241573e-05,6.218326849721705e-05,0.000625442333019481,0.00012116461680411888,4.237979772450009e-05,7.884468673495108e-06,-2.276968721530417e-05,-0.00015015895324531055,8.349916949235583
2020-07-17 22:15:20.562,7.2607837979438696e-06,7.26078379794387,0.000441268980949727,0.00029244018765361653,9.450126627802264e-05,-6.215285963141103e-05,3.813497451892949e-05,-2.196566559912827e-05,0.0007921086867898985,0.00020845357441137775,4.7194408909216494e-05,1.788227105498275e-05,-2.7278412137916035e-05,-0.00018821371908111627,8.233905340351567
2020-07-17 22:20:20.624,8.743787444922743e-06,8.743787444922743,0.0005185239937543301,0.00040753714205195714,0.00012523267739375117,-7.717728836861189e-05,-3.126978273222986e-05,2.6091330168928894e-05,0.0008893937417683255,0.00012680990830717245,6.375514444642345e-05,7.922386980209538e-06,1.8561737550048077e-07,-0.00018739542459778123,7.7200321526126885
2020-07-17 22:25:20.687,7.155525214971503e-06,7.155525214971504,0.0003184779658825782,0.0003184378888220207,0.00010853967887037712,-4.0893031841136894e-05,1.493104897110042e-05,1.1727530510164113e-06,0.0008440638123657377,0.00021782431192781602,6.433864254073054e-05,2.0021145109994025e-05,-2.563619261316098e-05,-0.00033165790828532023,6.428790832971214
2020-07-17 22:30:20.749,3.3870598390194456e-06,3.3870598390194457,0.00023732766101904485,0.00019122163371964557,6.184721630512368e-05,-2.915291065619696e-05,4.8953256022973465e-06,-1.9830497290302255e-05,0.0007668104422896628,0.00013797186082882253,3.719770849802406e-05,3.100064900144585e-05,-8.729092486590053e-06,-0.00023070848103642945,5.262066829933458
2020-07-17 22:35:20.812,5.243615435809472e-06,5.243615435809472,0.00023240806029601742,0.00025768690575296907,9.102351435785916e-05,-4.759123600501863e-05,-9.795010503965011e-06,-1.191118384288569e-05,0.0009590948311892284,0.00019259248888573802,5.632182309152275e-05,5.127267152773699e-05,-1.087053638285151e-05,-0.0003516768561969681,4.062267848660493
2020-07-17 22:40:20.874,3.556128271152609e-06,3.556128271152609,0.0004245286462879004,0.00022800985059890413,0.00010212390072834301,-0.00010843934635854252,2.8250371195168843e-05,-1.029688226409766e-05,0.0008354026653873995,0.00022904195402634502,5.149615004331806e-05,-1.828270522491697e-05,-2.0890962898402995e-06,-0.00030059341680285865,3.682653324991808
2020-07-17 22:45:20.937,2.2482162680133895e-06,2.2482162680133895,0.00023932970966222364,0.0001793543332076701,4.687386046567444e-05,-3.496590392140524e-05,-2.6458753478705584e-06,3.415158524896145e-05,0.0007678078002002439,0.00017980866278040093,4.840726599688344e-05,4.254291958045539e-05,-2.546961971737135e-05,-0.00032478442331825035,2.6076885763999402
2020-07-17 22:50:21.000,2.0187211900338706e-06,2.0187211900338706,0.0002224652822148406,0.0002299329525706039,6.576956264327023e-05,-6.176705217861963e-05,1.0320775762388168e-05,2.605122677928166e-05,0.00073158213795062,0.0002716955147234331,4.014995726509054e-05,1.8862509806635218e-05,-1.1784560862752601e-05,-0.00038936323260055475,1.7156208416097527
2020-07-17 22:55:21.062,8.79925066782046e-07,0.8799250667820461,0.0001259403949615243,0.00010633364023229655,2.920647394978696e-05,-5.1833551280006785e-06,4.5843102981158396e-06,2.7920282743242458e-05,0.0008502645391022901,0.00039694801934687105,4.505599488945587e-05,6.60575347934648e-05,-5.620350463416822e-05,-0.0005105380089873301,1.2798891569714537
2020-07-17 23:00:21.125,9.410212140984926e-07,0.9410212140984927,0.00017674253767747383,0.00010280899971434055,2.975953018473574e-05,-1.110506624326416e-05,9.294983191887063e-06,-1.1976839722679144e-05,0.0005676951189803978,0.0003230750832845748,3.8643128250180586e-05,3.394161631804061e-05,-2.7575220491037923e-05,-0.0003678036583708785,0.9745235741925692
2020-07-17 23:05:21.187,1.102624441697217e-06,1.102624441697217,0.00012796153477914886,0.00012421734694311086,4.060801664120219e-05,-9.659494854882944e-06,-1.2537733657185798e-06,1.7352860622773197e-05,0.0007749456039055978,0.0005726447432494144,4.737443083783439e-05,4.980170782905481e-05,-4.026792901162565e-05,-0.0006249360885901793,0.7966613323952925
2020-07-17 23:10:21.250,3.4633834139021583e-07,0.34633834139021585,0.0001184181647214289,9.213495256590824e-05,2.4364942062576168e-05,-1.3474043234911431e-05,3.037717899535816e-06,2.5877831628296622e-05,0.0005597451740479963,0.00047613557266278653,4.6300698125220455e-05,4.6646712428591896e-05,-4.0121757457534016e-05,-0.0004535093325195921,0.6192742599658149
2020-07-17 23:15:21.312,4.088599968100595e-07,0.4088599968100595,9.994856165059744e-05,0.00011081990175142287,2.5439725463867055e-05,-1.0213917454253755e-05,1.408930846282121e-06,3.127965609741407e-05,0.0005432320082727015,0.0007840300242568,5.097506758437207e-05,4.766249993072234e-05,-7.455517669181096e-05,-0.0006077957920175228,0.31384569430919274
2020-07-17 23:20:21.375,1.863387447273508e-07,0.18633874472735082,9.388062585609686e-05,6.890401463931189e-05,1.6127990362660556e-05,1.9032013604598609e-06,4.973528874359464e-06,1.675371411928634e-05,0.00045864340945677573,0.0007534511033936842,4.749370808683084e-05,2.995957770984801e-05,-6.25408288339327e-05,-0.0005515306602135594,0.2349894223544309
2020-07-17 23:25:21.437,1.0976952552593045e-07,0.10976952552593046,0.0001105133856134515,5.000104109391459e-05,1.1875914010351843e-05,-2.2672036012194268e-06,4.676752279645141e-06,2.4525768837675477e-05,0.00027881271723606316,0.0009972396701429147,4.815282006246024e-05,1.5802567906477787e-05,-2.691174942451777e-05,-0.00047974797830463174,0.1528517538522659
2020-07-17 23:30:21.499,1.624469913035644e-07,0.1624469913035644,0.0001371112320025674,4.6777462283808865e-05,1.3326426898863835e-05,-5.26692025062391e-06,8.485265032104683e-07,-1.3485166760550998e-05,5.3390349043180876e-05,0.00095696810864967,3.5654684948984766e-05,4.502941913839519e-06,-6.56290543234818e-06,-0.00013182794943330901,0.6871771487009787
2020-07-17 23:35:21.562,1.789314929273489e-06,1.7893149292734891,0.0002179121471797265,0.00012457865757675702,5.2356696773230576e-05,-1.3135701179297744e-05,1.6090104050447594e-07,-2.9671183960268487e-05,8.68491834506371e-05,0.0007811679890798548,3.409486712917979e-05,-1.1673345948675635e-06,5.350558650276345e-06,0.0001413868155607001,0.8333171047721392
2020-07-17 23:40:21.624,5.481893937394121e-07,0.5481893937394121,0.00011478555594046485,8.562485339596977e-05,2.381113170962084e-05,2.769350910793094e-06,5.535596219976738e-07,-1.7842565117082954e-05,0.00029724502003103983,0.0006669183686013783,3.381115759107227e-05,8.206419017730975e-06,1.9354763275419734e-05,0.000387256953599678,0.8978299852846221
2020-07-17 23:45:21.687,3.5598563284101275e-07,0.35598563284101276,0.00014594276995319103,0.00010844860642721379,1.820718223333093e-05,-8.226020565930284e-07,5.477411874312558e-06,-4.169239052500266e-05,0.0004531065988868903,0.00045152979766782165,3.90665289109217e-05,2.4286287191482913e-05,2.448328040074287e-05,0.00041040466933224236,0.5430051453423872
2020-07-17 23:50:21.749,7.248404094467848e-07,0.7248404094467847,0.00016401831061157887,0.0001477172354051991,2.6952029552307404e-05,-1.7508754921655667e-05,-2.70440665685137e-06,-4.615408884852233e-05,0.0005008718702810545,0.0004405061015102247,2.859309670532675e-05,6.0404531471530525e-06,1.2911320663475958e-05,0.0004362885113614945,1.1042581449221356
2020-07-17 23:55:21.812,2.231948392478657e-06,2.231948392478657,0.00023363582757079655,0.0001950953685952539,6.180558703650118e-05,-2.6943969049703128e-05,-4.650856365373443e-06,-7.665699191619394e-05,0.000494900254370738,0.0003035492289530843,3.425052206115441e-05,6.6455860756116806e-06,9.612720182409338e-06,0.00032733790288733605,7.653357836420823
2020-07-18 00:00:21.874,2.0003284707337073e-05,20.003284707337073,0.000321824397779397,0.00033263043308306826,0.00011434463614297024,-3.959274299474783e-05,2.1587396719299825e-05,-9.122884227895508e-05,0.0010492374812065123,0.0002175233435826956,4.551060697301112e-05,-1.1775350131446309e-05,1.409809740951911e-05,0.0003048961332616583,17.523228178434696
2020-07-18 00:05:21.937,3.033445143548841e-05,30.33445143548841,0.0005568976988289392,0.00040624522247996046,0.00014396490631948924,-9.394904758092804e-05,2.568152693263232e-05,-0.00018361615976710699,0.0011643814194451378,0.00019163172485350512,6.978631068930188e-05,-3.69654206088618e-07,3.212826531826974e-05,0.0002702772979741556,22.278018557292878
2020-07-18 00:10:21.999,1.6496319529053193e-05,16.496319529053192,0.0005473654295570277,0.00040259533656732886,0.00012249237884311536,-7.946856025583217e-05,2.7586242412786262e-05,-0.00015253968049575993,0.0009346889590152312,0.0001839404848314446,4.73728047214424e-05,-3.8071273258850784e-05,4.4740455328977874e-06,0.00018855187987586468,26.421526523608758
2020-07-18 00:15:22.062,3.243380860628472e-05,32.43380860628472,0.0006442222381949173,0.00047694308852352306,0.00016232469462111718,-8.755063601240996e-05,3.2242422604416346e-05,-0.00019723048198866595,0.0009605808606033096,0.00017575070225364986,4.6599995478935814e-05,-7.248368096335152e-06,8.005129470653134e-06,0.00023864519591634668,43.332293562371945
2020-07-18 00:20:22.125,8.106675255177796e-05,81.06675255177797,0.0006706504553551151,0.0006569598894457322,0.0002691857090019125,-0.0001430706878789594,6.72898808561763e-05,-0.00010934989525342173,0.0010466432231735214,0.00023530989563862244,7.668313979143845e-05,-1.166245015272738e-05,2.9018401014637372e-05,0.00030726883684653627,65.79220669599175
2020-07-18 00:25:22.187,8.38760589299126e-05,83.8760589299126,0.0009115712373953577,0.0006520689153010868,0.0002688483891084743,-7.262939600753382e-05,1.5122063271385024e-05,2.587528042039336e-05,0.0009734048123430742,0.000289982028355995,6.907944044207054e-05,-1.3722751559913938e-05,-1.0728200539438548e-05,0.0003116620312966301,130.70743551417968
2020-07-18 00:30:22.250,0.00022717949506084845,227.17949506084847,0.0009401354195061223,0.0011139531358236874,0.0004175048402621915,-0.0001002550600738918,6.543738296350957e-05,-0.00011177058646346824,0.0012094602705701267,0.00026605151783715267,0.0001252001187724833,1.3911006818318889e-05,5.587923652236858e-06,0.000247649370138659,164.4530324703828
2020-07-18 00:35:22.312,0.0001823035434203874,182.3035434203874,0.000972679040717861,0.000965645486591384,0.0004039042278462377,-9.731038359086605e-05,3.588404915265216e-05,8.384870434262051e-05,0.0012914064822509802,0.0001894185862089948,0.00011954059045424843,-3.6751248178929414e-05,5.666881642743817e-06,0.0001798037453054278,234.6027810330401
2020-07-18 00:40:22.375,0.00029432530461788437,294.3253046178844,0.001128744555623188,0.0012075791534332822,0.0005597336475990931,-0.00012910915490755879,-2.4781716942832127e-05,9.823428190713026e-05,0.0008810382238292054,0.000303934835334609,0.0001321746805546076,-7.238293186747954e-05,1.2320798063588358e-05,0.00020020335320491652,279.61727210028084
2020-07-18 00:45:22.437,0.00036222296826257075,362.22296826257076,0.0016240752693586862,0.0012460365481755907,0.0005458003716012759,-0.0001493452345276111,4.9420282706943235e-05,-0.00019749597979212371,0.0010669105361436097,0.00023260047340467098,0.00010952006803921999,-7.817343351684921e-05,5.957454434577055e-06,0.00013937410632583577,284.61343456983036
2020-07-18 00:50:22.500,0.00019729203082903603,197.29203082903604,0.0011519675361108864,0.000863864291855749,0.0003528426879738518,-0.00010255411447137641,-2.22972442089229e-07,9.044454580608207e-05,0.0009310582204034064,0.00021304723547188744,7.630662091767802e-05,-2.586924909490189e-05,1.0804821019626354e-06,8.881453862269035e-05,230.6291027791101
2020-07-18 00:55:22.562,0.00013237230924572355,132.37230924572356,0.0014140691964249386,0.0010350656346753756,0.00041718525069957605,-0.00018365377993875918,-1.4645429120567127e-05,0.0002159247528002703,0.0015913718285742128,0.00026872453786835486,9.946495052020643e-05,-4.4138130142347945e-05,5.935842480068173e-06,0.00030672084099420236,180.1085416033286
2020-07-18 01:00:22.624,0.0002106612847352263,210.6612847352263,0.0019432108275077716,0.0013683565238699622,0.0005323565400092151,-0.00022770737318817552,-7.823630163727703e-05,0.00025736845075577315,0.000992218317580055,0.00023874325181756035,0.00011491033494159793,-2.998671161171772e-05,-1.774900350165482e-05,0.00013816700374138648,197.24425895584204
2020-07-18 01:05:22.687,0.0002486991828865763,248.6991828865763,0.0020139777067751997,0.0013395678253093572,0.0006006838447659144,-0.000193336964304958,1.4982478772872578e-05,0.00039384804562015433,0.0012401109058188002,0.00030545985703054826,0.00014727652648020568,-2.1813415462100547e-05,2.1672670574617056e-05,9.629768370443904e-05,255.23625583521388
2020-07-18 01:10:22.749,0.000306348299883839,306.34829988383905,0.0014499521559983041,0.0013464075652995261,0.0006360506230194198,-0.00020219818232149997,-7.09586804635794e-05,0.0002677184897371857,0.0009791674497690737,0.0002349979405973438,0.00011787995991600728,-9.59871938641064e-05,-3.32721165695463e-05,0.000183270792597013,256.5798309250183
2020-07-18 01:15:22.812,0.00021469201000463964,214.69201000463966,0.0019397535649330103,0.001375021464851179,0.0005644286438456996,-0.00034130968723545814,-3.5860649385271846e-05,0.0002270190674288288,0.0011950687028266394,0.0003380264534111959,0.00010789031233267104,-2.2208351620111152e-05,-5.248289271800935e-05,4.0624522389875914e-05,221.6315519624335
2020-07-18 01:20:22.874,0.0001438543459988219,143.85434599882188,0.0017475162307308309,0.001386334378669163,0.0005715187145562691,-0.0002815409891568355,-0.00010918992328675345,0.0004654574411220812,0.0010970421392264844,0.00017256326425372717,0.00010735460410207231,-7.330121140389585e-05,-1.457114047711547e-05,0.00013325030324123257,217.3520384035519
2020-07-18 01:25:22.937,0.00029350975920719425,293.50975920719424,0.0019603838412955463,0.0016054127394665102,0.0007578034086730795,-0.00021519821146623566,-2.2914893320831958e-05,0.00039175847633582286,0.001161519926685089,0.0004269641229743317,0.00015736462638541463,-8.817458713135169e-05,-1.1031720359860472e-05,0.0002431771954314393,173.63767987422986
2020-07-18 01:30:22.999,8.354893441667352e-05,83.54893441667352,0.0017282911553196973,0.0009123680535418318,0.0005153325821279576,-0.0003152551544325524,5.642585994045563e-05,0.00015942936249852067,0.001016616934365199,0.00020187554034472086,0.00010284749394879873,-5.943553918985121e-05,-5.4236597252519434e-05,1.7372638092573e-05,205.40457747156427
2020-07-18 01:35:23.062,0.0002391550387908251,239.15503879082513,0.0014427665404373826,0.001318725722422167,0.0005173185800590006,-0.00017967980725276154,-4.994727712629287e-05,0.00020790175499138771,0.0008978038299632937,0.0001943455825213488,0.00011231922718308531,-3.02872092745603e-05,2.358872444632022e-06,0.00013169170126271844,235.193980188464
2020-07-18 01:40:23.124,0.00038287796735789333,382.87796735789334,0.003002442783022694,0.0015920583201972406,0.0007630743759144548,-0.00033801551518059295,-8.539547315512233e-05,0.00030972551454491027,0.0012788830233022093,0.000332134066899595,0.00012688145876560067,2.6336679108429013e-06,-1.579201590890677e-05,3.5441385584419987e-06,267.324005943617
2020-07-18 01:45:23.187,0.00017993901168213266,179.93901168213267,0.0020207005231541735,0.0014417534953777072,0.000623516247535478,-0.0003269225846447715,-0.0001696940217854334,0.00047717056211695434,0.0011610843401142754,0.00031529700693783944,0.0001772014338314622,-0.00017074042455786473,-4.2798515695021285e-05,0.0002776839735356098,222.1899275698839
2020-07-18 01:50:23.250,0.00010375280366962574,103.75280366962575,0.0020322695548638647,0.0010717750869840615,0.0005399344872473881,-0.0003422194081849822,2.7535795987815923e-05,4.570384662782746e-05,0.0011045151852852825,0.0001713765276680538,9.502455551900795e-05,-2.288466080136498e-05,1.126133777634477e-05,4.036623666372593e-05,193.23125354088384
2020-07-18 01:55:23.312,0.00029600194527089324,296.00194527089326,0.002156656534549551,0.0017446758961247877,0.0008503560616119247,-0.0003728326216076254,-0.00012778835567014556,0.0002809594429100942,0.0009249315033438856,0.0003137114514326273,0.00015405047866114477,-0.0001020670898698962,-5.856080635534859e-05,0.0001855197248784246,251.99282652818843
2020-07-18 02:00:23.375,0.0003562237306440464,356.22373064404644,0.002236607944165238,0.0018215352226544058,0.00080655027183488,-0.00023371789615763143,-9.95496502175837e-05,0.000449003261415045,0.0006420073013969664,0.0004093100654103252,0.00014965498540359573,-7.838625704376236e-06,-5.0794781053305855e-05,0.00015646987475405425,268.6075738463942
2020-07-18 02:05:23.437,0.00015359704562424296,153.59704562424298,0.0020701957348266582,0.0012593599311958195,0.0005736011133395672,-0.00035567198376024276,-5.03760402131879e-05,0.00019051518923088727,0.0006829714213744569,0.0002079748655021778,0.0001029050992301812,-3.1687182783865073e-06,-3.983259360668918e-06,-2.6323828583779404e-05,287.3597135819013
2020-07-18 02:10:23.500,0.00035225836447741444,352.25836447741443,0.0017742526487986915,0.001822604933223178,0.0007684543740415968,-0.00018794460266211897,-8.147441549908363e-05,0.0004981753878974475,0.0004429928534345393,0.0003251485386926548,0.00012769353521495884,-4.0029944354036477e-05,-4.002989727347594e-05,9.615725323278752e-05,221.94008522846696
2020-07-18 02:15:23.562,0.0001599648455837435,159.9648455837435,0.0013733198486032968,0.001045165942062462,0.0005178977626139309,-0.00027544801428888835,-0.00010319721402267089,0.00039120284864155503,0.0004483262626303862,0.0001919920663704335,9.174516972499232e-05,-4.965927547262772e-05,-3.290104741323777e-05,3.668674459095375e-05,209.27708842119918
2020-07-18 02:20:23.625,0.00011560805520243958,115.60805520243959,0.0014981623693558898,0.0011734020312006567,0.0005998173098705714,-0.0003462377742986081,4.7805022203617275e-05,0.00018640208263021103,0.0009666485940851282,0.00031472572258931024,0.00010441376224135965,-0.00013827500876618164,2.327039334548019e-05,0.00011070997438949983,202.7191963805717
2020-07-18 02:25:23.687,0.00033258468835553205,332.5846883555321,0.00202757971874037,0.0019444244676173764,0.000853482791473056,-0.00034385140945331565,-0.00016029333466804644,0.0007215517288192317,0.000574785081393799,0.0002991137966066985,0.00015070472143435929,-3.595030240664085e-05,-9.645927756977245e-06,8.4473982652727e-05,202.5590459517408
2020-07-18 02:30:23.749,0.00015948439429725088,159.48439429725087,0.001417119209993959,0.0012872589470853278,0.0005578064235740221,-0.00010717591806302347,1.3766816115227166e-05,-1.6965669229245585e-05,0.0004915914549414605,0.00021767488817500577,9.967069377912578e-05,8.143149645839639e-07,5.1388508360629625e-06,1.1217335202391337e-05,189.81190619989513
2020-07-18 02:35:23.812,7.736663594690255e-05,77.36663594690255,0.0015931859928029325,0.0011566979431411818,0.00046024067889453515,-0.00015585926471506654,6.170075223387919e-05,0.0003110622280203737,0.0003926254376979367,0.00012309392015828603,6.154448315302145e-05,3.050323594532242e-06,9.471073211739356e-06,-4.227866666429111e-05,102.76611137543689
2020-07-18 02:40:23.874,7.144730388215732e-05,71.44730388215733,0.0015727623131282676,0.001133745893158019,0.00042447759485517926,-0.00019031888497239403,-4.426875788537272e-05,8.162071858058652e-05,0.0005079106060028969,0.00014208333382450077,8.031748427517786e-05,-1.7201507311125753e-05,-9.474890393156506e-06,3.3021842564401395e-05,108.08600058248271
2020-07-18 02:45:23.937,0.00017544406191838827,175.4440619183883,0.0018948762108869817,0.0011205100581495563,0.0006391388280936132,-0.0002513388294977032,8.948113774294012e-05,0.00020466584594189803,0.0004874303407732958,0.00016380409753133032,9.183826869208094e-05,-1.6878039125842123e-05,-9.559978250725638e-06,-2.2628662115238502e-05,128.99249638200396
2020-07-18 02:50:23.999,0.00014008612334546631,140.08612334546632,0.002183319754131444,0.0013242399498353946,0.0005797191338859851,-0.00034711586237452075,-0.00011634410139270113,0.00016729498323951884,0.0006925635434441737,0.0002836357691320075,0.00010328498020424279,-7.9621099119529e-05,-2.0009125135182612e-05,8.249448827639841e-05,156.37348483441937
2020-07-18 02:55:24.062,0.00015359026923940353,153.59026923940354,0.0012253768010842352,0.001154943909240322,0.0004799123483890009,-0.00019770969403992477,-4.541485623089715e-05,0.00018278093955139966,0.00046689732737773205,0.00017303340968387342,8.176057751879692e-05,-8.757975474143612e-06,-1.1633772524751333e-05,-5.147227313830183e-05,111.94992823618234
2020-07-18 03:00:24.124,4.217339212367718e-05,42.17339212367718,0.0008827321781796591,0.0008104214080323587,0.000308519652782887,-7.429066694119454e-05,3.244020250057719e-05,7.999684742510841e-05,0.0005384869764879015,0.000185442168627036,6.737086609141401e-05,-3.7593513444717573e-05,-5.423796844575555e-06,3.5798855309626156e-05,80.34022774848304
2020-07-18 03:05:24.187,4.525702188236846e-05,45.25702188236846,0.0017998239005511392,0.0008487131750648986,0.0004508345402869813,-0.00028496370186251185,6.577793181991786e-05,3.27422436157958e-05,0.0005160103995557154,0.0001389517467336972,6.637287386089918e-05,-4.3429456289514534e-05,7.96336976946015e-06,-6.1374287834795475e-06,53.155358878812926
2020-07-18 03:10:24.249,7.20356626303932e-05,72.03566263039319,0.0009828227715473383,0.000755273198148983,0.0003404636540350243,-9.952252195898256e-05,-4.881531731294288e-05,0.0002606743910673679,0.0004529338200421574,0.00010915334664044777,7.922833977663803e-05,5.044544397786052e-06,-1.873948512810907e-06,5.4047843912234507e-05,63.1924813564618
2020-07-18 03:15:24.312,7.22847595566238e-05,72.28475955662381,0.0012979038151411844,0.000950204277346874,0.00045481773526530203,-0.00027238749164593893,-7.21706392435525e-05,0.00027586960173415375,0.00046570930604853506,0.00011830143545885289,8.489583516805824e-05,-6.939483025124409e-05,-1.0416744442646057e-05,-2.7909825197296396e-05,64.70400646390247
2020-07-18 03:20:24.375,4.9791597204690456e-05,49.79159720469046,0.000984533128621764,0.000775244996795434,0.00035836438748479215,-0.00019619239368159916,2.2064181121640107e-05,0.00018828715196749014,0.0003267265377544608,0.00014175078662132236,6.794591032965572e-05,-3.6214077630096486e-05,-1.3448768542223867e-05,-1.807443422394406e-05,53.89106017784579
2020-07-18 03:25:24.437,3.959682377222314e-05,39.596823772223146,0.0008507667267183753,0.0007410162993539358,0.00029700498617510937,-0.00015121982807985525,2.2839516986299263e-05,1.443496345559683e-05,0.0005758833185945631,0.00011446396826908726,4.679856099039849e-05,-5.124816848475998e-05,9.956496773607442e-06,-4.979239200771533e-05,44.91374138954302
2020-07-18 03:30:24.500,4.535280319171551e-05,45.352803191715516,0.0011713949430806232,0.0008447307925365404,0.0003949577664325945,-0.0002150949401932368,5.981160851032987e-05,4.9311182565635985e-05,0.0008247307928432573,0.0003136766538629532,6.199991300804047e-05,-8.758585377683249e-05,-3.286161768318581e-05,0.00025946870195121607,45.13302901651006
2020-07-18 03:35:24.562,5.044946008559158e-05,50.44946008559158,0.0008746046639041049,0.0006837482972320677,0.0003181244846549598,-0.00011161864945780298,1.6245014266794717e-05,0.0001100622803143147,0.0010720538981987711,0.00011416794185681687,5.2063833594365524e-05,-4.503531500205821e-05,-2.8277729935060616e-06,0.00010408705494022026,81.99401583895458
2020-07-18 03:40:24.625,0.00015017978423955674,150.17978423955674,0.0008786787918523405,0.0008885898892053713,0.00045749740863902617,-0.00013428795585737393,-6.982414572484825e-05,0.00016379883845851222,0.00045266861960690944,0.00017786898428138705,6.952078359675161e-05,-3.334390498804179e-05,-1.9734247777254156e-05,-1.5872226626290443e-05,76.47573355733556
2020-07-18 03:45:24.687,2.8797956346858417e-05,28.797956346858417,0.001126778758290644,0.0005212704300694154,0.0002773593909973752,-0.00013072372177432018,-6.415732431228116e-06,6.790252463277195e-05,0.000510537065068556,8.115762147599645e-05,4.732062416374774e-05,2.652037473565192e-05,-2.880014045582818e-06,-8.591406590852589e-05,68.89234375223604
2020-07-18 03:50:24.750,2.7699290670293075e-05,27.699290670293077,0.0008659657622339103,0.0005488129523640305,0.00032643050293359316,-0.00023423601150147536,7.467653683298257e-05,-3.166226815041088e-05,0.00030667830983695867,0.00011381339381689671,4.107834118043045e-05,-1.0008406039858521e-05,4.846979634237008e-06,-1.5868541228363868e-05,24.269016286994518
2020-07-18 03:55:24.812,1.6309801843832146e-05,16.309801843832147,0.0006480926894991838,0.0003780050828263539,0.0002134686456288119,-8.292848441530324e-05,2.3039764188342043e-06,-2.8102079257447396e-05,0.00019703645862193824,7.157081760091601e-05,2.906446307895997e-05,1.954494080382465e-05,-8.50414885637162e-06,-5.8490958945003046e-05,27.51405800137806
2020-07-18 04:00:24.874,3.853308149000903e-05,38.53308149000903,0.0008536523440181807,0.0005026148774960981,0.0003124743782801255,-0.00018032489356983696,4.090617228300539e-05,-6.157581983922394e-05,0.0002833354818823518,0.00015744992931314707,5.745688133062752e-05,-1.1787006061329758e-05,2.2942421663264873e-05,-9.309263814114272e-05,44.565744391917384
2020-07-18 04:05:24.937,7.885434984191106e-05,78.85434984191106,0.0006907106923951655,0.0007816648243124608,0.00029856443448742837,-0.00010651834787173337,-8.017996683395829e-05,0.0002695086918564149,0.0003300498747582039,0.00013093086959464485,4.536873956201895e-05,-5.408371407032656e-06,-2.4178588629640098e-05,9.525327194481425e-06,59.86981881956032
2020-07-18 04:10:24.999,6.222202512676096e-05,62.22202512676096,0.0008589248477113676,0.0005055784740796387,0.00029156078845769324,-0.0001732629767462174,-8.365140924871389e-05,0.00019974252872760948,0.0004500252074597996,9.959127160287635e-05,5.901909785292864e-05,4.60995543449238e-06,-6.521271372037373e-06,2.037654404030462e-05,49.32177909666313
2020-07-18 04:15:25.062,6.888962321317454e-06,6.888962321317455,0.0002360252830726575,0.00022692330710934042,0.00010007120784362753,-2.146875687681486e-05,-2.6839002762709815e-06,-1.4018855589774456e-05,0.0002275798145060595,6.280470613918677e-05,2.1186453273340008e-05,2.7626033503137774e-05,-3.920629239433988e-06,-4.9948545663878594e-05,25.205793192775932
2020-07-18 04:20:25.124,6.506392130249467e-06,6.506392130249468,0.00028641090601907434,0.00021927781802129153,0.0001274283975880715,-6.700474641505555e-05,6.852336306144221e-06,-2.5207978538198534e-05,0.0002813505029675641,4.5763348173361326e-05,2.987091959372253e-05,6.781557191178218e-06,-5.285061324460959e-06,-6.211470350184973e-05,5.825637898180509
2020-07-18 04:25:25.187,4.081559242974688e-06,4.081559242974688,0.0002450791438407474,0.00025873637231590393,8.345538649949721e-05,-2.231190194665331e-05,1.8161759272878434e-05,5.697546891136831e-06,0.0002473495568543267,4.439649947100487e-05,1.9190248668075075e-05,-1.1185397438997713e-05,7.503198071537929e-06,-5.545064535212411e-05,9.981704197468932
2020-07-18 04:30:25.249,1.9357161219182723e-05,19.357161219182725,0.00035861429085307285,0.0003927341462537106,0.000181470252254374,-4.247131588628826e-05,-3.442463252459524e-05,9.669849774767173e-05,0.00022294876662619752,0.00011952548058238208,4.841829719072565e-05,-1.217073537449043e-05,-2.0713136930198916e-05,-1.3839738169018177e-05,12.769540251975036
2020-07-18 04:35:25.312,1.486990029376778e-05,14.869900293767781,0.00047013573383095455,0.00026869671258828614,0.0001397227445441097,-5.4360441148895085e-05,-5.593278674381821e-06,1.5294008098082514e-05,0.00024989186892937504,4.2346848727530406e-05,3.193717038214386e-05,-1.534375166108902e-05,7.651670227856745e-07,-3.4153704241648677e-05,15.279397791216525
2020-07-18 04:40:25.374,1.1611131860699147e-05,11.611131860699148,0.0002933193428933581,0.0002866558255665588,0.00010821443149842594,-4.609026510580431e-05,-8.352288164917937e-06,4.6804596511470455e-05,0.0002119889271577225,3.709080889284911e-05,2.6171364033361907e-05,-1.97533153069124e-06,-2.626787247734911e-06,-1.205853951456631e-05,9.148465711198067
2020-07-18 04:45:25.437,9.643649791273573e-07,0.9643649791273573,7.725235480744045e-05,6.307056690480182e-05,3.189510301385741e-05,-7.788438111006767e-06,1.2678463613397563e-05,-8.401838037523496e-06,0.00014938969670315165,1.9755118032549243e-05,1.2218225729736776e-05,1.4022530133731919e-05,-2.379146002271899e-06,-3.4893050585479835e-05,4.346401146103765
2020-07-18 04:50:25.500,4.637065984848748e-07,0.46370659848487483,0.00010061219801098034,6.06131446528505e-05,2.2435632402105385e-05,-6.270194407036414e-06,4.668088249484651e-06,-1.4924526368868017e-05,0.0001507636098941242,1.659996474617e-05,9.067234250441713e-06,-4.262473851612718e-06,3.713441256935142e-06,-3.324692650179691e-05,0.57709097583096
2020-07-18 04:55:25.562,3.0320134988073304e-07,0.30320134988073305,5.909415268183482e-05,5.615418903369502e-05,1.804667218848215e-05,-9.09372074750077e-06,2.260090664190501e-06,1.4057612399278204e-05,0.00012443644684032238,2.6490183760406562e-05,7.3294032646884875e-06,-1.992533457378453e-06,-2.101835041911846e-06,-2.6083412415014067e-05,0.5199880030037437
2020-07-18 05:00:25.625,7.930560606457085e-07,0.7930560606457085,0.00013551986468084273,0.00011215332568163529,4.8167798763804816e-05,-2.8737526417725633e-05,-5.895305318929224e-06,3.427377956088127e-05,0.00010467796759300239,3.8014087400730905e-05,1.1574582756755478e-05,-1.7150977426535134e-06,-2.625002194627836e-06,-4.2481704098114186e-05,0.7562284474980148
2020-07-18 05:05:25.687,1.172427931967688e-06,1.172427931967688,0.00012363754287274742,9.56932393905858e-05,3.702906598651562e-05,-1.8590979381286082e-05,4.119601483243579e-06,2.8895345803255917e-05,7.480501048262021e-05,3.091231886541656e-05,7.619486078037369e-06,1.1008512613391505e-06,-1.6092798815580234e-06,-3.1670953197193804e-05,2.582094200079169
2020-07-18 05:10:25.750,5.780798607624195e-06,5.780798607624195,0.00015277293474729727,0.000135549262961853,5.270937977204703e-05,1.3875762801480122e-06,-1.2042416928859509e-05,1.9338185323088513e-05,0.00010319182744696345,2.1380234729322976e-05,1.1197408147275032e-05,-4.921347287002203e-06,-1.6914015069462709e-06,-9.045915952348158e-07,2.8126973474278656
2020-07-18 05:15:25.812,1.484865502691799e-06,1.4848655026917992,7.892159596091411e-05,7.70030121361779e-05,3.885193260027067e-05,-4.401850292926148e-06,-2.6846774980560814e-06,9.636478414431566e-06,6.60149680192845e-05,1.0796449998704028e-05,9.48939144380186e-06,2.155845870093768e-06,-3.924522495741391e-07,-3.807696134466656e-06,2.4647753032075976
2020-07-18 05:20:25.875,1.286617993068838e-07,0.12866179930688382,3.582237283435551e-05,7.398379812631035e-05,1.5010625979490618e-05,-6.186438662775148e-07,-8.617752579633046e-06,5.710668898612691e-06,6.438416185335693e-05,5.743835335280834e-05,6.2542576774817314e-06,3.7158166542701312e-06,-9.544030983527393e-06,-4.187582858963932e-05,0.5805929026958031
2020-07-18 05:25:25.937,1.2825140608881153e-07,0.12825140608881153,0.0001022860984165492,3.9681479661913096e-05,1.6390344398075156e-05,-7.677701179846862e-06,-2.230617680498388e-06,1.0075567925024741e-05,3.505876615879745e-05,3.762580587001768e-05,4.6683946407864e-06,1.9227519991946114e-06,-1.0408248224021296e-06,-2.8291105782710344e-05,0.08688088756068878
2020-07-18 05:30:25.999,3.729457286456223e-09,0.003729457286456223,2.1474926027661793e-05,2.2376609939552313e-05,6.751912409379121e-06,1.903054414895854e-06,-6.547805151582005e-08,-4.1545681632909006e-06,5.588853242352883e-05,1.5616942031136465e-05,3.4538214525038713e-06,2.382985706360097e-06,-1.8418413082207804e-06,-2.4648033921070812e-05,0.048321570349262294
2020-07-18 05:35:26.062,1.2983847672604399e-08,0.012983847672604399,2.7365001199634948e-05,3.82963652827045e-05,1.0725461696854664e-05,-2.035308774049637e-06,1.093841035979416e-06,-9.807928933846874e-07,9.848432481810895e-06,5.8571874389577784e-05,3.6566457959580998e-06,-2.279459262382929e-07,-2.538728726354327e-06,-1.6436928638206727e-05,0.013869496507470344
2020-07-18 05:40:26.124,2.4895184563435674e-08,0.024895184563435674,7.09390988091294e-05,4.776341824209314e-05,1.2751874401148273e-05,-1.2615227655149503e-05,3.7855982390317515e-07,-4.77583224166232e-06,2.9882654253335593e-05,3.169247276567058e-05,2.563824284601166e-06,-7.885333236160667e-08,1.0082818241527604e-06,2.50324297417861e-05,0.056809359836393535
2020-07-18 05:45:26.187,1.325490472732258e-07,0.1325490472732258,6.259712212721226e-05,3.45804969024013e-05,1.3125317825178241e-05,-8.662133548022236e-06,3.1500838617353787e-06,-9.404931198963847e-06,3.9655707525064326e-05,1.4841062202278981e-05,3.311095099746347e-06,3.2047528450565396e-07,7.677234662943473e-10,1.6213323296819873e-05,0.13861578333301441
2020-07-18 05:50:26.249,2.58403118162467e-07,0.258403118162467,7.881756202664614e-05,3.299440186280039e-05,1.996151622961167e-05,-2.249903063229728e-06,-2.6633629378683097e-09,1.013228569609115e-06,8.95189401888102e-05,2.5417967162103254e-05,3.925091095410669e-06,2.1416300205814958e-06,1.569858740518366e-06,8.70935470712076e-06,1.4713931411699723
2020-07-18 05:55:26.312,4.023227258074309e-06,4.023227258074309,0.00012385819139901097,0.00011587850207985246,4.4911143268346714e-05,-9.768531010088982e-06,4.513897637365751e-06,-2.8752288563940285e-05,4.474145196667114e-05,1.9021714374396728e-05,9.44485733035289e-06,-1.6534642048386711e-06,3.127665389849666e-06,3.6450123682248645e-08,4.3980896351422984
2020-07-18 06:00:26.374,8.912638529190204e-06,8.912638529190204,0.00014379755748520205,0.00014459081622576232,6.921452318229578e-05,-2.722179694410982e-05,4.086272064781245e-06,-1.5005950495684731e-05,6.392455365837298e-05,2.6400297187863035e-05,1.2311168834119223e-05,-6.395423598794314e-06,-2.039403755721541e-06,-2.8952240426828297e-09,7.732962678454855
2020-07-18 06:05:26.437,1.0263022248100136e-05,10.263022248100137,0.00022437511394346547,0.00014399772359392155,7.121996165870827e-05,-3.280978737500974e-05,4.01182848389714e-06,-5.066019357590431e-05,5.3945542171576724e-05,2.898342228031917e-05,1.1407413201793203e-05,-5.754039411691953e-06,9.8501859205006e-07,4.0306612520771656e-07,9.450146247224943
2020-07-18 06:10:26.499,9.174777964384576e-06,9.174777964384576,0.0001750648563840515,0.00014235420486352745,6.907734060270656e-05,-4.26568453785878e-05,9.850150645439224e-06,-4.220148760431791e-05,5.5548000709690374e-05,2.874273208131159e-05,1.3167214719947254e-05,-7.881983283311311e-06,1.8289125490944866e-06,-4.364359630955936e-06,23.803755013445
2020-07-18 06:15:26.562,5.197346482785036e-05,51.973464827850364,0.0002857106027268782,0.00027828350115023036,0.00014864810332030522,-4.652151942697359e-05,1.5205663486162129e-05,-4.4192471129574053e-05,9.114676544380869e-05,5.849117306298473e-05,3.0400422139305483e-05,-1.4006484010012575e-05,4.550752455995528e-06,-5.315413942980048e-06,37.86488636236657
2020-07-18 06:20:26.625,5.2446416294864844e-05,52.44641629486485,0.0003511283532049692,0.00040332533350869403,0.00017965714669141824,-6.185391753949172e-05,-3.7670040037773487e-06,-5.291808155155037e-06,7.610962605523952e-05,6.298240028141954e-05,3.227550109903961e-05,-3.43857483897514e-06,-2.8232566570096227e-06,6.49844856066389e-06,53.65622756610768
2020-07-18 06:25:26.687,5.654880157560792e-05,56.548801575607925,0.0004457666016800824,0.0004106682050087796,0.00020770851629092006,-6.849981926400674e-05,5.6904200080732585e-06,-9.229102208650297e-06,6.896536735330273e-05,6.0204614927317326e-05,2.9042889300196817e-05,-1.7509637027343414e-06,-6.819981686906768e-06,-4.2999263980984385e-07,65.71222172560131
2020-07-18 06:30:26.750,8.814144730633123e-05,88.14144730633123,0.000602361921791325,0.0005116278203523076,0.0002820016005469046,-0.00012397612553281844,2.3101168583572027e-05,-0.0001207947427566489,0.00012863401042187756,7.132874473194977e-05,3.496960541478652e-05,-1.8653793183044614e-05,3.2196908875418774e-06,-1.59950256501672e-05,66.85414433058834
2020-07-18 06:35:26.812,5.5872184109825946e-05,55.87218410982595,0.0006976160890170487,0.0003650605947383491,0.00020652343448292518,-0.00010319710008754214,-1.7401016595079946e-05,7.11613913542599e-05,0.00011656843028249929,5.324625530819532e-05,3.652980767352585e-05,-1.6383926911710047e-05,4.443071637055453e-06,-8.274764342202136e-06,69.01488139923384
2020-07-18 06:40:26.875,6.303101278154442e-05,63.03101278154442,0.0007076156137602136,0.00044506796653404236,0.00023962333449059452,-5.3045950029538576e-05,-4.287807341762137e-05,7.599967596819616e-05,0.00011548899660422685,7.372172127406495e-05,4.1168312513807675e-05,-1.3040643717970614e-05,-3.817940918962199e-06,2.070595314746247e-05,71.33892848666216
2020-07-18 06:45:26.937,9.511358856861619e-05,95.1135885686162,0.0007558476354703902,0.0007073591529469475,0.00030408107558922405,-0.00010368344604837875,-3.1898468983633326e-05,0.00018770842281768652,0.0002302462225081214,0.0001461715121705455,5.248464903581799e-05,-1.3426145112863057e-05,-7.023769066164725e-06,8.160310981769602e-05,98.52995737319002
2020-07-18 06:50:27.000,0.0001374452707694095,137.44527076940952,0.00092740572440749,0.0007147407270046143,0.0003234796253513776,-0.00017624313920668367,-8.36549847933265e-05,0.00017127638463708265,0.00039404647244324945,0.00010051544446714817,6.838841426833692e-05,-9.207433150529744e-05,7.185778394144614e-06,1.2944770056993557e-06,98.95221476679099
2020-07-18 06:55:27.062,6.42977849623473e-05,64.29778496234731,0.0008164240544763855,0.00048196548463661827,0.00025662116778923407,-0.0001707524275526822,-3.8407131316803304e-05,6.648550547407113e-05,0.00011288527854584523,7.596742236503227e-05,3.746423536360298e-05,-1.157585521613401e-05,-1.460393524076213e-05,1.713298524036714e-05,101.41282771609428
2020-07-18 07:00:27.124,0.00010249542741652611,102.49542741652611,0.0014140122944944664,0.0006597584833963922,0.00036115371249985443,-0.00023250495882303743,-4.681805062105273e-05,0.0001404824479723288,0.0003467364756161644,7.902671791602929e-05,5.394132392470966e-05,-4.780725647476593e-05,-2.5467458494720183e-06,1.6921242778770286e-05,81.90064392094162
2020-07-18 07:05:27.187,7.890871938395152e-05,78.90871938395152,0.0008631351238809524,0.0006209470034337839,0.0003376667894277495,-0.0001724125858623454,-3.2638603362153325e-05,-2.4501357945691873e-05,0.00019887993434504754,0.00010402032997540472,5.5401371231886276e-05,-3.6643864043647016e-05,9.760709527400812e-07,-4.954639094614961e-07,86.3287675800048
2020-07-18 07:10:27.249,7.758215593953683e-05,77.58215593953683,0.0009566917971380407,0.0007880931019594563,0.0003363780632832813,-0.00014253279329377703,-4.701781325045533e-05,7.536577838575195e-05,0.0005196848446123352,0.00011915496263756362,6.78572121700585e-05,-4.19420228551722e-05,-1.0322547426694311e-05,-4.2450808945039564e-05,81.52613065991768
2020-07-18 07:15:27.312,8.80875166562648e-05,88.0875166562648,0.0010909099597478074,0.0007645658966880487,0.0003654079816995364,-0.00018397439331951468,-3.319684909415528e-05,0.00015631703089581791,0.00023639388774523978,0.00010191206320746083,8.191842450303496e-05,-4.571812109381686e-05,1.450002052465702e-06,1.1475863743542025e-05,100.74749566767825
2020-07-18 07:20:27.374,0.00013657281440723315,136.57281440723315,0.0013941796633415487,0.0009712399948355885,0.0005003565829661273,-0.0003608214381340642,-4.37648466660635e-05,0.00019891486980834288,0.00039285768315607065,0.0001918461309939483,7.492046202960546e-05,-8.552846530637288e-05,-3.5613455491942835e-05,0.0001241332561986114,103.21277878334514
2020-07-18 07:25:27.437,8.497800528653756e-05,84.97800528653757,0.0012489088784204546,0.0007381508185009664,0.0003641279611376623,-0.00029296374124431347,-6.327495444535606e-06,-5.0848422590263094e-05,0.00028487275189556033,0.00012785539636913545,4.6318594820142684e-05,-3.5012070136405536e-05,-1.5842649880060958e-05,8.888897730292805e-06,90.57000299491672
2020-07-18 07:30:27.499,5.015918929097956e-05,50.15918929097956,0.0014532640187702255,0.000624439539864221,0.0003341793409419513,-0.00023763228080881367,4.799468014138039e-06,0.00016098541407033153,0.0011248799615013623,8.66442934033286e-05,5.486430253401868e-05,-6.0193376086256726e-05,-4.2065653024505176e-06,0.0001027246172269552,74.60494931182481
2020-07-18 07:35:27.562,8.867765335795738e-05,88.67765335795738,0.001198043933920637,0.0009115359461476878,0.0004081799365690445,-0.00026336854271126616,-7.361536160748711e-05,0.0001842240254867331,0.00027740719896580176,0.00017899653495691978,5.54424295201219e-05,-5.1096423318346814e-05,-3.2182698483645344e-05,0.00010680692497539833,
,,,,,,,,,,,,,,,
,,,,,,,,,,,,,,,
,,,,,,,,,,,,,,,
,,,,,,,,,,,,,,,
,,,,,,,,,,,,,,,
,,,,,,,,,,,,,,,
,,,,,,,,,,,,,,,
,,,,,,,,,,,,,,,
,,,,,,,,,,,,,,,
,,,,,,,,,,,,,,,
,,,,,,,,,,,,,,,
,,,,,,,,,,,,,,,
,,,,,,,,,,,,,,,
,,,,,,,,,,,,,,,
,,,,,,,,,,,,,,,
,,,,,,,,,,,,,,,
,,,,,,,,,,,,,,,
,,,,,,,,,,,,,,,
,,,,,,,,,,,,,,,
,,,,,,,,,,,,,,,
,,,,,,,,,,,,,,,
,,,,,,,,,,,,,,,
,,,,,,,,,,,,,,,
,,,,,,,,,,,,,,,
,,,,,,,,,,,,,,,
,,,,,,,,,,,,,,,
,,,,,,,,,,,,,,,
,,,,,,,,,,,,,,,
,,,,,,,,,,,,,,,
,,,,,,,,,,,,,,,
,,,,,,,,,,,,,,,
,,,,,,,,,,,,,,,
,,,,,,,,,,,,,,,
,,,,,,,,,,,,,,,
,,,,,,,,,,,,,,,
,,,,,,,,,,,,,,,
,,,,,,,,,,,,,,,
,,,,,,,,,,,,,,,
,,,,,,,,,,,,,,,
,,,,,,,,,,,,,,,
,,,,,,,,,,,,,,,
,,,,,,,,,,,,,,,
,,,,,,,,,,,,,,,
,,,,,,,,,,,,,,,
,,,,,,,,,,,,,,,
,,,,,,,,,,,,,,,
,,,,,,,,,,,,,,,
,,,,,,,,,,,,,,,
,,,,,,,,,,,,,,,
,,,,,,,,,,,,,,,
,,,,,,,,,,,,,,,
,,,,,,,,,,,,,,,
,,,,,,,,,,,,,,,
,,,,,,,,,,,,,,,
,,,,,,,,,,,,,,,
,,,,,,,,,,,,,,,
,,,,,,,,,,,,,,,
,,,,,,,,,,,,,,,
,,,,,,,,,,,,,,,
,,,,,,,,,,,,,,,
,,,,,,,,,,,,,,,
,,,,,,,,,,,,,,,
,,,,,,,,,,,,,,,
,,,,,,,,,,,,,,,
,,,,,,,,,,,,,,,
,,,,,,,,,,,,,,,
,,,,,,,,,,,,,,,
,,,,,,,,,,,,,,,
,,,,,,,,,,,,,,,
,,,,,,,,,,,,,,,
,,,,,,,,,,,,,,,
,,,,,,,,,,,,,,,
,,,,,,,,,,,,,,,
,,,,,,,,,,,,,,,
,,,,,,,,,,,,,,,
,,,,,,,,,,,,,,,
,,,,,,,,,,,,,,,
,,,,,,,,,,,,,,,
,,,,,,,,,,,,,,,
,,,,,,,,,,,,,,,
,,,,,,,,,,,,,,,
,,,,,,,,,,,,,,,
,,,,,,,,,,,,,,,
,,,,,,,,,,,,,,,
,,,,,,,,,,,,,,,
,,,,,,,,,,,,,,,
,,,,,,,,,,,,,,,
,,,,,,,,,,,,,,,
,,,,,,,,,,,,,,,
,,,,,,,,,,,,,,,
,,,,,,,,,,,,,,,
,,,,,,,,,,,,,,,
,,,,,,,,,,,,,,,
,,,,,,,,,,,,,,,
,,,,,,,,,,,,,,,
,,,,,,,,,,,,,,,
,,,,,,,,,,,,,,,
,,,,,,,,,,,,,,,
,,,,,,,,,,,,,,,
,,,,,,,,,,,,,,,
,,,,,,,,,,,,,,,
,,,,,,,,,,,,,,,
,,,,,,,,,,,,,,,
,,,,,,,,,,,,,,,
,,,,,,,,,,,,,,,
,,,,,,,,,,,,,,,
,,,,,,,,,,,,,,,
,,,,,,,,,,,,,,,
,,,,,,,,,,,,,,,
,,,,,,,,,,,,,,,
,,,,,,,,,,,,,,,
,,,,,,,,,,,,,,,
,,,,,,,,,,,,,,,
,,,,,,,,,,,,,,,
,,,,,,,,,,,,,,,
,,,,,,,,,,,,,,,
,,,,,,,,,,,,,,,
,,,,,,,,,,,,,,,
,,,,,,,,,,,,,,,
,,,,,,,,,,,,,,,
,,,,,,,,,,,,,,,
,,,,,,,,,,,,,,,
,,,,,,,,,,,,,,,
,,,,,,,,,,,,,,,
,,,,,,,,,,,,,,,
,,,,,,,,,,,,,,,
,,,,,,,,,,,,,,,
,,,,,,,,,,,,,,,
,,,,,,,,,,,,,,,
,,,,,,,,,,,,,,,
,,,,,,,,,,,,,,,
,,,,,,,,,,,,,,,
,,,,,,,,,,,,,,,
,,,,,,,,,,,,,,,
,,,,,,,,,,,,,,,
,,,,,,,,,,,,,,,
,,,,,,,,,,,,,,,
,,,,,,,,,,,,,,,
,,,,,,,,,,,,,,,
,,,,,,,,,,,,,,,
,,,,,,,,,,,,,,,
,,,,,,,,,,,,,,,
,,,,,,,,,,,,,,,
,,,,,,,,,,,,,,,
,,,,,,,,,,,,,,,
,,,,,,,,,,,,,,,
,,,,,,,,,,,,,,,
,,,,,,,,,,,,,,,
,,,,,,,,,,,,,,,
,,,,,,,,,,,,,,,
,,,,,,,,,,,,,,,
,,,,,,,,,,,,,,,
,,,,,,,,,,,,,,,
,,,,,,,,,,,,,,,
,,,,,,,,,,,,,,,
,,,,,,,,,,,,,,,
,,,,,,,,,,,,,,,
,,,,,,,,,,,,,,,
,,,,,,,,,,,,,,,
,,,,,,,,,,,,,,,
,,,,,,,,,,,,,,,
,,,,,,,,,,,,,,,
,,,,,,,,,,,,,,,
,,,,,,,,,,,,,,,
,,,,,,,,,,,,,,,
,,,,,,,,,,,,,,,
,,,,,,,,,,,,,,,
,,,,,,,,,,,,,,,
,,,,,,,,,,,,,,,
,,,,,,,,,,,,,,,
,,,,,,,,,,,,,,,
,,,,,,,,,,,,,,,
,,,,,,,,,,,,,,,
,,,,,,,,,,,,,,,
,,,,,,,,,,,,,,,
,,,,,,,,,,,,,,,
,,,,,,,,,,,,,,,
,,,,,,,,,,,,,,,
,,,,,,,,,,,,,,,
,,,,,,,,,,,,,,,
,,,,,,,,,,,,,,,
,,,,,,,,,,,,,,,
,,,,,,,,,,,,,,,
,,,,,,,,,,,,,,,
,,,,,,,,,,,,,,,
,,,,,,,,,,,,,,,
,,,,,,,,,,,,,,,
,,,,,,,,,,,,,,,
,,,,,,,,,,,,,,,
,,,,,,,,,,,,,,,
,,,,,,,,,,,,,,,
,,,,,,,,,,,,,,,
,,,,,,,,,,,,,,,
,,,,,,,,,,,,,,,
,,,,,,,,,,,,,,,
,,,,,,,,,,,,,,,
,,,,,,,,,,,,,,,
,,,,,,,,,,,,,,,
,,,,,,,,,,,,,,,
,,,,,,,,,,,,,,,
,,,,,,,,,,,,,,,
,,,,,,,,,,,,,,,
,,,,,,,,,,,,,,,
,,,,,,,,,,,,,,,
,,,,,,,,,,,,,,,
,,,,,,,,,,,,,,,
,,,,,,,,,,,,,,,
,,,,,,,,,,,,,,,
,,,,,,,,,,,,,,,
,,,,,,,,,,,,,,,
,,,,,,,,,,,,,,,
,,,,,,,,,,,,,,,
,,,,,,,,,,,,,,,
,,,,,,,,,,,,,,,
,,,,,,,,,,,,,,,
,,,,,,,,,,,,,,,
,,,,,,,,,,,,,,,
,,,,,,,,,,,,,,,
,,,,,,,,,,,,,,,
,,,,,,,,,,,,,,,
,,,,,,,,,,,,,,,
,,,,,,,,,,,,,,,
,,,,,,,,,,,,,,,
,,,,,,,,,,,,,,,
,,,,,,,,,,,,,,,
,,,,,,,,,,,,,,,
,,,,,,,,,,,,,,,
,,,,,,,,,,,,,,,
,,,,,,,,,,,,,,,
,,,,,,,,,,,,,,,
,,,,,,,,,,,,,,,
,,,,,,,,,,,,,,,
,,,,,,,,,,,,,,,
,,,,,,,,,,,,,,,
,,,,,,,,,,,,,,,
,,,,,,,,,,,,,,,
,,,,,,,,,,,,,,,
,,,,,,,,,,,,,,,
,,,,,,,,,,,,,,,
,,,,,,,,,,,,,,,
,,,,,,,,,,,,,,,
,,,,,,,,,,,,,,,
,,,,,,,,,,,,,,,
,,,,,,,,,,,,,,,
,,,,,,,,,,,,,,,
,,,,,,,,,,,,,,,
,,,,,,,,,,,,,,,
,,,,,,,,,,,,,,,
,,,,,,,,,,,,,,,
,,,,,,,,,,,,,,,
,,,,,,,,,,,,,,,
,,,,,,,,,,,,,,,
,,,,,,,,,,,,,,,
,,,,,,,,,,,,,,,
,,,,,,,,,,,,,,,
,,,,,,,,,,,,,,,
,,,,,,,,,,,,,,,
,,,,,,,,,,,,,,,
,,,,,,,,,,,,,,,
,,,,,,,,,,,,,,,
,,,,,,,,,,,,,,,
,,,,,,,,,,,,,,,
,,,,,,,,,,,,,,,
,,,,,,,,,,,,,,,
,,,,,,,,,,,,,,,
,,,,,,,,,,,,,,,
,,,,,,,,,,,,,,,
,,,,,,,,,,,,,,,
,,,,,,,,,,,,,,,
,,,,,,,,,,,,,,,
,,,,,,,,,,,,,,,
,,,,,,,,,,,,,,,
,,,,,,,,,,,,,,,
,,,,,,,,,,,,,,,
,,,,,,,,,,,,,,,
,,,,,,,,,,,,,,,
,,,,,,,,,,,,,,,
,,,,,,,,,,,,,,,
,,,,,,,,,,,,,,,
,,,,,,,,,,,,,,,
,,,,,,,,,,,,,,,
,,,,,,,,,,,,,,,
,,,,,,,,,,,,,,,
,,,,,,,,,,,,,,,
,,,,,,,,,,,,,,,
,,,,,,,,,,,,,,,
,,,,,,,,,,,,,,,
,,,,,,,,,,,,,,,
,,,,,,,,,,,,,,,
,,,,,,,,,,,,,,,
,,,,,,,,,,,,,,,
,,,,,,,,,,,,,,,
,,,,,,,,,,,,,,,
,,,,,,,,,,,,,,,
,,,,,,,,,,,,,,,
,,,,,,,,,,,,,,,
,,,,,,,,,,,,,,,
,,,,,,,,,,,,,,,
,,,,,,,,,,,,,,,
,,,,,,,,,,,,,,,
,,,,,,,,,,,,,,,
,,,,,,,,,,,,,,,
,,,,,,,,,,,,,,,
,,,,,,,,,,,,,,,
,,,,,,,,,,,,,,,
,,,,,,,,,,,,,,,
,,,,,,,,,,,,,,,
,,,,,,,,,,,,,,,
,,,,,,,,,,,,,,,
,,,,,,,,,,,,,,,
,,,,,,,,,,,,,,,
,,,,,,,,,,,,,,,
,,,,,,,,,,,,,,,
,,,,,,,,,,,,,,,
,,,,,,,,,,,,,,,
,,,,,,,,,,,,,,,
,,,,,,,,,,,,,,,
,,,,,,,,,,,,,,,
,,,,,,,,,,,,,,,
,,,,,,,,,,,,,,,
,,,,,,,,,,,,,,,
,,,,,,,,,,,,,,,
,,,,,,,,,,,,,,,
,,,,,,,,,,,,,,,
,,,,,,,,,,,,,,,
,,,,,,,,,,,,,,,
,,,,,,,,,,,,,,,
,,,,,,,,,,,,,,,
,,,,,,,,,,,,,,,
,,,,,,,,,,,,,,,
,,,,,,,,,,,,,,,
,,,,,,,,,,,,,,,
,,,,,,,,,,,,,,,
,,,,,,,,,,,,,,,
,,,,,,,,,,,,,,,
,,,,,,,,,,,,,,,
,,,,,,,,,,,,,,,
,,,,,,,,,,,,,,,
,,,,,,,,,,,,,,,
,,,,,,,,,,,,,,,
,,,,,,,,,,,,,,,
,,,,,,,,,,,,,,,
,,,,,,,,,,,,,,,
,,,,,,,,,,,,,,,
,,,,,,,,,,,,,,,
,,,,,,,,,,,,,,,
,,,,,,,,,,,,,,,
,,,,,,,,,,,,,,,
,,,,,,,,,,,,,,,
,,,,,,,,,,,,,,,
,,,,,,,,,,,,,,,
,,,,,,,,,,,,,,,
,,,,,,,,,,,,,,,
,,,,,,,,,,,,,,,
,,,,,,,,,,,,,,,
,,,,,,,,,,,,,,,
,,,,,,,,,,,,,,,
,,,,,,,,,,,,,,,
,,,,,,,,,,,,,,,
,,,,,,,,,,,,,,,
,,,,,,,,,,,,,,,
,,,,,,,,,,,,,,,
,,,,,,,,,,,,,,,
,,,,,,,,,,,,,,,
,,,,,,,,,,,,,,,
,,,,,,,,,,,,,,,
,,,,,,,,,,,,,,,
,,,,,,,,,,,,,,,
,,,,,,,,,,,,,,,
,,,,,,,,,,,,,,,
,,,,,,,,,,,,,,,
,,,,,,,,,,,,,,,
,,,,,,,,,,,,,,,
,,,,,,,,,,,,,,,
,,,,,,,,,,,,,,,
,,,,,,,,,,,,,,,
,,,,,,,,,,,,,,,
,,,,,,,,,,,,,,,
,,,,,,,,,,,,,,,
,,,,,,,,,,,,,,,
,,,,,,,,,,,,,,,
,,,,,,,,,,,,,,,
,,,,,,,,,,,,,,,
,,,,,,,,,,,,,,,
,,,,,,,,,,,,,,,
,,,,,,,,,,,,,,,
,,,,,,,,,,,,,,,
,,,,,,,,,,,,,,,
,,,,,,,,,,,,,,,
,,,,,,,,,,,,,,,
,,,,,,,,,,,,,,,
,,,,,,,,,,,,,,,
,,,,,,,,,,,,,,,
,,,,,,,,,,,,,,,
,,,,,,,,,,,,,,,
,,,,,,,,,,,,,,,
,,,,,,,,,,,,,,,
,,,,,,,,,,,,,,,
,,,,,,,,,,,,,,,
,,,,,,,,,,,,,,,
,,,,,,,,,,,,,,,
,,,,,,,,,,,,,,,
,,,,,,,,,,,,,,,
,,,,,,,,,,,,,,,
,,,,,,,,,,,,,,,
,,,,,,,,,,,,,,,
,,,,,,,,,,,,,,,
,,,,,,,,,,,,,,,
,,,,,,,,,,,,,,,
,,,,,,,,,,,,,,,
,,,,,,,,,,,,,,,
,,,,,,,,,,,,,,,
,,,,,,,,,,,,,,,
,,,,,,,,,,,,,,,
,,,,,,,,,,,,,,,
,,,,,,,,,,,,,,,
,,,,,,,,,,,,,,,
,,,,,,,,,,,,,,,
,,,,,,,,,,,,,,,
,,,,,,,,,,,,,,,
,,,,,,,,,,,,,,,
,,,,,,,,,,,,,,,
,,,,,,,,,,,,,,,
,,,,,,,,,,,,,,,
,,,,,,,,,,,,,,,
,,,,,,,,,,,,,,,
,,,,,,,,,,,,,,,
,,,,,,,,,,,,,,,
,,,,,,,,,,,,,,,
,,,,,,,,,,,,,,,
,,,,,,,,,,,,,,,
,,,,,,,,,,,,,,,
,,,,,,,,,,,,,,,
,,,,,,,,,,,,,,,
,,,,,,,,,,,,,,,
,,,,,,,,,,,,,,,
,,,,,,,,,,,,,,,
,,,,,,,,,,,,,,,
,,,,,,,,,,,,,,,
,,,,,,,,,,,,,,,
,,,,,,,,,,,,,,,
,,,,,,,,,,,,,,,
,,,,,,,,,,,,,,,
,,,,,,,,,,,,,,,
,,,,,,,,,,,,,,,
,,,,,,,,,,,,,,,
,,,,,,,,,,,,,,,
,,,,,,,,,,,,,,,
,,,,,,,,,,,,,,,
,,,,,,,,,,,,,,,
,,,,,,,,,,,,,,,
,,,,,,,,,,,,,,,
,,,,,,,,,,,,,,,
,,,,,,,,,,,,,,,
,,,,,,,,,,,,,,,
,,,,,,,,,,,,,,,
,,,,,,,,,,,,,,,
,,,,,,,,,,,,,,,
,,,,,,,,,,,,,,,
,,,,,,,,,,,,,,,
,,,,,,,,,,,,,,,
,,,,,,,,,,,,,,,
,,,,,,,,,,,,,,,
,,,,,,,,,,,,,,,
,,,,,,,,,,,,,,,
,,,,,,,,,,,,,,,
,,,,,,,,,,,,,,,
,,,,,,,,,,,,,,,
,,,,,,,,,,,,,,,
,,,,,,,,,,,,,,,
,,,,,,,,,,,,,,,
,,,,,,,,,,,,,,,
,,,,,,,,,,,,,,,
,,,,,,,,,,,,,,,
,,,,,,,,,,,,,,,
,,,,,,,,,,,,,,,
,,,,,,,,,,,,,,,
,,,,,,,,,,,,,,,
,,,,,,,,,,,,,,,
,,,,,,,,,,,,,,,
,,,,,,,,,,,,,,,
,,,,,,,,,,,,,,,
,,,,,,,,,,,,,,,
,,,,,,,,,,,,,,,
,,,,,,,,,,,,,,,
,,,,,,,,,,,,,,,
,,,,,,,,,,,,,,,
,,,,,,,,,,,,,,,
,,,,,,,,,,,,,,,
,,,,,,,,,,,,,,,
,,,,,,,,,,,,,,,
,,,,,,,,,,,,,,,
,,,,,,,,,,,,,,,
,,,,,,,,,,,,,,,
,,,,,,,,,,,,,,,
,,,,,,,,,,,,,,,
,,,,,,,,,,,,,,,
,,,,,,,,,,,,,,,
,,,,,,,,,,,,,,,
,,,,,,,,,,,,,,,
,,,,,,,,,,,,,,,
,,,,,,,,,,,,,,,
,,,,,,,,,,,,,,,
,,,,,,,,,,,,,,,
,,,,,,,,,,,,,,,
,,,,,,,,,,,,,,,
,,,,,,,,,,,,,,,
,,,,,,,,,,,,,,,
,,,,,,,,,,,,,,,
,,,,,,,,,,,,,,,
,,,,,,,,,,,,,,,
,,,,,,,,,,,,,,,
,,,,,,,,,,,,,,,
,,,,,,,,,,,,,,,
,,,,,,,,,,,,,,,
,,,,,,,,,,,,,,,
,,,,,,,,,,,,,,,
,,,,,,,,,,,,,,,
,,,,,,,,,,,,,,,
,,,,,,,,,,,,,,,
,,,,,,,,,,,,,,,
,,,,,,,,,,,,,,,
,,,,,,,,,,,,,,,
,,,,,,,,,,,,,,,
,,,,,,,,,,,,,,,
,,,,,,,,,,,,,,,
,,,,,,,,,,,,,,,
,,,,,,,,,,,,,,,
,,,,,,,,,,,,,,,
,,,,,,,,,,,,,,,
,,,,,,,,,,,,,,,
,,,,,,,,,,,,,,,
,,,,,,,,,,,,,,,
,,,,,,,,,,,,,,,
,,,,,,,,,,,,,,,
,,,,,,,,,,,,,,,
,,,,,,,,,,,,,,,
,,,,,,,,,,,,,,,
,,,,,,,,,,,,,,,
,,,,,,,,,,,,,,,
,,,,,,,,,,,,,,,
,,,,,,,,,,,,,,,
,,,,,,,,,,,,,,,
,,,,,,,,,,,,,,,
,,,,,,,,,,,,,,,
,,,,,,,,,,,,,,,
,,,,,,,,,,,,,,,
,,,,,,,,,,,,,,,
,,,,,,,,,,,,,,,
,,,,,,,,,,,,,,,
,,,,,,,,,,,,,,,
,,,,,,,,,,,,,,,
,,,,,,,,,,,,,,,
,,,,,,,,,,,,,,,
,,,,,,,,,,,,,,,
,,,,,,,,,,,,,,,
,,,,,,,,,,,,,,,
,,,,,,,,,,,,,,,
,,,,,,,,,,,,,,,
,,,,,,,,,,,,,,,
,,,,,,,,,,,,,,,
,,,,,,,,,,,,,,,
,,,,,,,,,,,,,,,
,,,,,,,,,,,,,,,
,,,,,,,,,,,,,,,
,,,,,,,,,,,,,,,
,,,,,,,,,,,,,,,
,,,,,,,,,,,,,,,
,,,,,,,,,,,,,,,
,,,,,,,,,,,,,,,
,,,,,,,,,,,,,,,
,,,,,,,,,,,,,,,
,,,,,,,,,,,,,,,
,,,,,,,,,,,,,,,
,,,,,,,,,,,,,,,
,,,,,,,,,,,,,,,
,,,,,,,,,,,,,,,
,,,,,,,,,,,,,,,
,,,,,,,,,,,,,,,
,,,,,,,,,,,,,,,
,,,,,,,,,,,,,,,
,,,,,,,,,,,,,,,
,,,,,,,,,,,,,,,
,,,,,,,,,,,,,,,
,,,,,,,,,,,,,,,
,,,,,,,,,,,,,,,
,,,,,,,,,,,,,,,
,,,,,,,,,,,,,,,
,,,,,,,,,,,,,,,
,,,,,,,,,,,,,,,
,,,,,,,,,,,,,,,
,,,,,,,,,,,,,,,
,,,,,,,,,,,,,,,
,,,,,,,,,,,,,,,
,,,,,,,,,,,,,,,
,,,,,,,,,,,,,,,
,,,,,,,,,,,,,,,
,,,,,,,,,,,,,,,
,,,,,,,,,,,,,,,
,,,,,,,,,,,,,,,
,,,,,,,,,,,,,,,
,,,,,,,,,,,,,,,
,,,,,,,,,,,,,,,
,,,,,,,,,,,,,,,
,,,,,,,,,,,,,,,
,,,,,,,,,,,,,,,
,,,,,,,,,,,,,,,
,,,,,,,,,,,,,,,
,,,,,,,,,,,,,,,
,,,,,,,,,,,,,,,
,,,,,,,,,,,,,,,
,,,,,,,,,,,,,,,
,,,,,,,,,,,,,,,
,,,,,,,,,,,,,,,
,,,,,,,,,,,,,,,
,,,,,,,,,,,,,,,
,,,,,,,,,,,,,,,
,,,,,,,,,,,,,,,
,,,,,,,,,,,,,,,
,,,,,,,,,,,,,,,
,,,,,,,,,,,,,,,
,,,,,,,,,,,,,,,
,,,,,,,,,,,,,,,
,,,,,,,,,,,,,,,
,,,,,,,,,,,,,,,
,,,,,,,,,,,,,,,
,,,,,,,,,,,,,,,
,,,,,,,,,,,,,,,
,,,,,,,,,,,,,,,
,,,,,,,,,,,,,,,
,,,,,,,,,,,,,,,
,,,,,,,,,,,,,,,
,,,,,,,,,,,,,,,
,,,,,,,,,,,,,,,
,,,,,,,,,,,,,,,
,,,,,,,,,,,,,,,
,,,,,,,,,,,,,,,
,,,,,,,,,,,,,,,
,,,,,,,,,,,,,,,
,,,,,,,,,,,,,,,
,,,,,,,,,,,,,,,
,,,,,,,,,,,,,,,
,,,,,,,,,,,,,,,
,,,,,,,,,,,,,,,
,,,,,,,,,,,,,,,
,,,,,,,,,,,,,,,
,,,,,,,,,,,,,,,
,,,,,,,,,,,,,,,
,,,,,,,,,,,,,,,
,,,,,,,,,,,,,,,
,,,,,,,,,,,,,,,
,,,,,,,,,,,,,,,
,,,,,,,,,,,,,,,
,,,,,,,,,,,,,,,
,,,,,,,,,,,,,,,
,,,,,,,,,,,,,,,
,,,,,,,,,,,,,,,
,,,,,,,,,,,,,,,
,,,,,,,,,,,,,,,
,,,,,,,,,,,,,,,
,,,,,,,,,,,,,,,
,,,,,,,,,,,,,,,
,,,,,,,,,,,,,,,
,,,,,,,,,,,,,,,
,,,,,,,,,,,,,,,
,,,,,,,,,,,,,,,
,,,,,,,,,,,,,,,
,,,,,,,,,,,,,,,
,,,,,,,,,,,,,,,
,,,,,,,,,,,,,,,
,,,,,,,,,,,,,,,
,,,,,,,,,,,,,,,
,,,,,,,,,,,,,,,
,,,,,,,,,,,,,,,
,,,,,,,,,,,,,,,
,,,,,,,,,,,,,,,
,,,,,,,,,,,,,,,
,,,,,,,,,,,,,,,
,,,,,,,,,,,,,,,
,,,,,,,,,,,,,,,
,,,,,,,,,,,,,,,
,,,,,,,,,,,,,,,
,,,,,,,,,,,,,,,
,,,,,,,,,,,,,,,
,,,,,,,,,,,,,,,
,,,,,,,,,,,,,,,
,,,,,,,,,,,,,,,
,,,,,,,,,,,,,,,
,,,,,,,,,,,,,,,
,,,,,,,,,,,,,,,
,,,,,,,,,,,,,,,
,,,,,,,,,,,,,,,
,,,,,,,,,,,,,,,
,,,,,,,,,,,,,,,
,,,,,,,,,,,,,,,
,,,,,,,,,,,,,,,
,,,,,,,,,,,,,,,
,,,,,,,,,,,,,,,
,,,,,,,,,,,,,,,
,,,,,,,,,,,,,,,
,,,,,,,,,,,,,,,
,,,,,,,,,,,,,,,
,,,,,,,,,,,,,,,
,,,,,,,,,,,,,,,
,,,,,,,,,,,,,,,
,,,,,,,,,,,,,,,
,,,,,,,,,,,,,,,
,,,,,,,,,,,,,,,
,,,,,,,,,,,,,,,
,,,,,,,,,,,,,,,
,,,,,,,,,,,,,,,
,,,,,,,,,,,,,,,
,,,,,,,,,,,,,,,
,,,,,,,,,,,,,,,
,,,,,,,,,,,,,,,
,,,,,,,,,,,,,,,
,,,,,,,,,,,,,,,
,,,,,,,,,,,,,,,
,,,,,,,,,,,,,,,
,,,,,,,,,,,,,,,
,,,,,,,,,,,,,,,
,,,,,,,,,,,,,,,
,,,,,,,,,,,,,,,
,,,,,,,,,,,,,,,
,,,,,,,,,,,,,,,
,,,,,,,,,,,,,,,
,,,,,,,,,,,,,,,
,,,,,,,,,,,,,,,
,,,,,,,,,,,,,,,
,,,,,,,,,,,,,,,
,,,,,,,,,,,,,,,
,,,,,,,,,,,,,,,
,,,,,,,,,,,,,,,
,,,,,,,,,,,,,,,
,,,,,,,,,,,,,,,
,,,,,,,,,,,,,,,
,,,,,,,,,,,,,,,
,,,,,,,,,,,,,,,
,,,,,,,,,,,,,,,
,,,,,,,,,,,,,,,
,,,,,,,,,,,,,,,
,,,,,,,,,,,,,,,
,,,,,,,,,,,,,,,
,,,,,,,,,,,,,,,
,,,,,,,,,,,,,,,
,,,,,,,,,,,,,,,
,,,,,,,,,,,,,,,
,,,,,,,,,,,,,,,
,,,,,,,,,,,,,,,
,,,,,,,,,,,,,,,
,,,,,,,,,,,,,,,
,,,,,,,,,,,,,,,
,,,,,,,,,,,,,,,
,,,,,,,,,,,,,,,
,,,,,,,,,,,,,,,
,,,,,,,,,,,,,,,
,,,,,,,,,,,,,,,
,,,,,,,,,,,,,,,
,,,,,,,,,,,,,,,
,,,,,,,,,,,,,,,
,,,,,,,,,,,,,,,
,,,,,,,,,,,,,,,
,,,,,,,,,,,,,,,
,,,,,,,,,,,,,,,
,,,,,,,,,,,,,,,
,,,,,,,,,,,,,,,
,,,,,,,,,,,,,,,
,,,,,,,,,,,,,,,
,,,,,,,,,,,,,,,
,,,,,,,,,,,,,,,
,,,,,,,,,,,,,,,
,,,,,,,,,,,,,,,
,,,,,,,,,,,,,,,
,,,,,,,,,,,,,,,
,,,,,,,,,,,,,,,
,,,,,,,,,,,,,,,
,,,,,,,,,,,,,,,
,,,,,,,,,,,,,,,
,,,,,,,,,,,,,,,
,,,,,,,,,,,,,,,
,,,,,,,,,,,,,,,
,,,,,,,,,,,,,,,
,,,,,,,,,,,,,,,
,,,,,,,,,,,,,,,
,,,,,,,,,,,,,,,
,,,,,,,,,,,,,,,
,,,,,,,,,,,,,,,
,,,,,,,,,,,,,,,
,,,,,,,,,,,,,,,
,,,,,,,,,,,,,,,
,,,,,,,,,,,,,,,
,,,,,,,,,,,,,,,
,,,,,,,,,,,,,,,
,,,,,,,,,,,,,,,
,,,,,,,,,,,,,,,
,,,,,,,,,,,,,,,
,,,,,,,,,,,,,,,
,,,,,,,,,,,,,,,
,,,,,,,,,,,,,,,
,,,,,,,,,,,,,,,
,,,,,,,,,,,,,,,
,,,,,,,,,,,,,,,
,,,,,,,,,,,,,,,
,,,,,,,,,,,,,,,
,,,,,,,,,,,,,,,
,,,,,,,,,,,,,,,
,,,,,,,,,,,,,,,
,,,,,,,,,,,,,,,
,,,,,,,,,,,,,,,
,,,,,,,,,,,,,,,
,,,,,,,,,,,,,,,
,,,,,,,,,,,,,,,
,,,,,,,,,,,,,,,
,,,,,,,,,,,,,,,
,,,,,,,,,,,,,,,
,,,,,,,,,,,,,,,
,,,,,,,,,,,,,,,
,,,,,,,,,,,,,,,
,,,,,,,,,,,,,,,
,,,,,,,,,,,,,,,
,,,,,,,,,,,,,,,
,,,,,,,,,,,,,,,
,,,,,,,,,,,,,,,
,,,,,,,,,,,,,,,
,,,,,,,,,,,,,,,
,,,,,,,,,,,,,,,
,,,,,,,,,,,,,,,
,,,,,,,,,,,,,,,
,,,,,,,,,,,,,,,
,,,,,,,,,,,,,,,
,,,,,,,,,,,,,,,
,,,,,,,,,,,,,,,
,,,,,,,,,,,,,,,
,,,,,,,,,,,,,,,
,,,,,,,,,,,,,,,
,,,,,,,,,,,,,,,
,,,,,,,,,,,,,,,
,,,,,,,,,,,,,,,
,,,,,,,,,,,,,,,
,,,,,,,,,,,,,,,
,,,,,,,,,,,,,,,
,,,,,,,,,,,,,,,
,,,,,,,,,,,,,,,
,,,,,,,,,,,,,,,
,,,,,,,,,,,,,,,
,,,,,,,,,,,,,,,
,,,,,,,,,,,,,,,
,,,,,,,,,,,,,,,
,,,,,,,,,,,,,,,
,,,,,,,,,,,,,,,
,,,,,,,,,,,,,,,
,,,,,,,,,,,,,,,
,,,,,,,,,,,,,,,
,,,,,,,,,,,,,,,
,,,,,,,,,,,,,,,
,,,,,,,,,,,,,,,
,,,,,,,,,,,,,,,
,,,,,,,,,,,,,,,
,,,,,,,,,,,,,,,
,,,,,,,,,,,,,,,
,,,,,,,,,,,,,,,
,,,,,,,,,,,,,,,
,,,,,,,,,,,,,,,
,,,,,,,,,,,,,,,
,,,,,,,,,,,,,,,
,,,,,,,,,,,,,,,
,,,,,,,,,,,,,,,
,,,,,,,,,,,,,,,
,,,,,,,,,,,,,,,
,,,,,,,,,,,,,,,
,,,,,,,,,,,,,,,
,,,,,,,,,,,,,,,
,,,,,,,,,,,,,,,
,,,,,,,,,,,,,,,
,,,,,,,,,,,,,,,
,,,,,,,,,,,,,,,
,,,,,,,,,,,,,,,
,,,,,,,,,,,,,,,
,,,,,,,,,,,,,,,
,,,,,,,,,,,,,,,
,,,,,,,,,,,,,,,
,,,,,,,,,,,,,,,
,,,,,,,,,,,,,,,
,,,,,,,,,,,,,,,
,,,,,,,,,,,,,,,
,,,,,,,,,,,,,,,
,,,,,,,,,,,,,,,
,,,,,,,,,,,,,,,
,,,,,,,,,,,,,,,
,,,,,,,,,,,,,,,
,,,,,,,,,,,,,,,
,,,,,,,,,,,,,,,
,,,,,,,,,,,,,,,
,,,,,,,,,,,,,,,
,,,,,,,,,,,,,,,
,,,,,,,,,,,,,,,
,,,,,,,,,,,,,,,
,,,,,,,,,,,,,,,
,,,,,,,,,,,,,,,
,,,,,,,,,,,,,,,
,,,,,,,,,,,,,,,
,,,,,,,,,,,,,,,
,,,,,,,,,,,,,,,
,,,,,,,,,,,,,,,
,,,,,,,,,,,,,,,
,,,,,,,,,,,,,,,
,,,,,,,,,,,,,,,
,,,,,,,,,,,,,,,
,,,,,,,,,,,,,,,
,,,,,,,,,,,,,,,
,,,,,,,,,,,,,,,
,,,,,,,,,,,,,,,
,,,,,,,,,,,,,,,
,,,,,,,,,,,,,,,
,,,,,,,,,,,,,,,
,,,,,,,,,,,,,,,
,,,,,,,,,,,,,,,
,,,,,,,,,,,,,,,
,,,,,,,,,,,,,,,
,,,,,,,,,,,,,,,
,,,,,,,,,,,,,,,
,,,,,,,,,,,,,,,
,,,,,,,,,,,,,,,
,,,,,,,,,,,,,,,
,,,,,,,,,,,,,,,
,,,,,,,,,,,,,,,
,,,,,,,,,,,,,,,
,,,,,,,,,,,,,,,
,,,,,,,,,,,,,,,
,,,,,,,,,,,,,,,
,,,,,,,,,,,,,,,
,,,,,,,,,,,,,,,
,,,,,,,,,,,,,,,
,,,,,,,,,,,,,,,
,,,,,,,,,,,,,,,
,,,,,,,,,,,,,,,
,,,,,,,,,,,,,,,
,,,,,,,,,,,,,,,
,,,,,,,,,,,,,,,
,,,,,,,,,,,,,,,
,,,,,,,,,,,,,,,
,,,,,,,,,,,,,,,
,,,,,,,,,,,,,,,
,,,,,,,,,,,,,,,
,,,,,,,,,,,,,,,
,,,,,,,,,,,,,,,
,,,,,,,,,,,,,,,
,,,,,,,,,,,,,,,
,,,,,,,,,,,,,,,
,,,,,,,,,,,,,,,
,,,,,,,,,,,,,,,
,,,,,,,,,,,,,,,
,,,,,,,,,,,,,,,
,,,,,,,,,,,,,,,
,,,,,,,,,,,,,,,
,,,,,,,,,,,,,,,
,,,,,,,,,,,,,,,
,,,,,,,,,,,,,,,
,,,,,,,,,,,,,,,
,,,,,,,,,,,,,,,
,,,,,,,,,,,,,,,
,,,,,,,,,,,,,,,
,,,,,,,,,,,,,,,
,,,,,,,,,,,,,,,
,,,,,,,,,,,,,,,
,,,,,,,,,,,,,,,
,,,,,,,,,,,,,,,
,,,,,,,,,,,,,,,
,,,,,,,,,,,,,,,
,,,,,,,,,,,,,,,
,,,,,,,,,,,,,,,
,,,,,,,,,,,,,,,
,,,,,,,,,,,,,,,
,,,,,,,,,,,,,,,
,,,,,,,,,,,,,,,
,,,,,,,,,,,,,,,
,,,,,,,,,,,,,,,
,,,,,,,,,,,,,,,
,,,,,,,,,,,,,,,
,,,,,,,,,,,,,,,
,,,,,,,,,,,,,,,
,,,,,,,,,,,,,,,
,,,,,,,,,,,,,,,
,,,,,,,,,,,,,,,
,,,,,,,,,,,,,,,
,,,,,,,,,,,,,,,
,,,,,,,,,,,,,,,
,,,,,,,,,,,,,,,
,,,,,,,,,,,,,,,
,,,,,,,,,,,,,,,
,,,,,,,,,,,,,,,
,,,,,,,,,,,,,,,
,,,,,,,,,,,,,,,
,,,,,,,,,,,,,,,
,,,,,,,,,,,,,,,
,,,,,,,,,,,,,,,
,,,,,,,,,,,,,,,
,,,,,,,,,,,,,,,
,,,,,,,,,,,,,,,
,,,,,,,,,,,,,,,
,,,,,,,,,,,,,,,
,,,,,,,,,,,,,,,
,,,,,,,,,,,,,,,
,,,,,,,,,,,,,,,
,,,,,,,,,,,,,,,
,,,,,,,,,,,,,,,
,,,,,,,,,,,,,,,
,,,,,,,,,,,,,,,
,,,,,,,,,,,,,,,
,,,,,,,,,,,,,,,
,,,,,,,,,,,,,,,
,,,,,,,,,,,,,,,
,,,,,,,,,,,,,,,
,,,,,,,,,,,,,,,
,,,,,,,,,,,,,,,
,,,,,,,,,,,,,,,
,,,,,,,,,,,,,,,
,,,,,,,,,,,,,,,
,,,,,,,,,,,,,,,
,,,,,,,,,,,,,,,
,,,,,,,,,,,,,,,
,,,,,,,,,,,,,,,
,,,,,,,,,,,,,,,
,,,,,,,,,,,,,,,
,,,,,,,,,,,,,,,
,,,,,,,,,,,,,,,
,,,,,,,,,,,,,,,
,,,,,,,,,,,,,,,
,,,,,,,,,,,,,,,
,,,,,,,,,,,,,,,
,,,,,,,,,,,,,,,
,,,,,,,,,,,,,,,
,,,,,,,,,,,,,,,
,,,,,,,,,,,,,,,
,,,,,,,,,,,,,,,
,,,,,,,,,,,,,,,
,,,,,,,,,,,,,,,
,,,,,,,,,,,,,,,
,,,,,,,,,,,,,,,
,,,,,,,,,,,,,,,
,,,,,,,,,,,,,,,
,,,,,,,,,,,,,,,
,,,,,,,,,,,,,,,
,,,,,,,,,,,,,,,
,,,,,,,,,,,,,,,
,,,,,,,,,,,,,,,
,,,,,,,,,,,,,,,
,,,,,,,,,,,,,,,
,,,,,,,,,,,,,,,
,,,,,,,,,,,,,,,
,,,,,,,,,,,,,,,
,,,,,,,,,,,,,,,
,,,,,,,,,,,,,,,
,,,,,,,,,,,,,,,
,,,,,,,,,,,,,,,
,,,,,,,,,,,,,,,
,,,,,,,,,,,,,,,
,,,,,,,,,,,,,,,
,,,,,,,,,,,,,,,
,,,,,,,,,,,,,,,
,,,,,,,,,,,,,,,
,,,,,,,,,,,,,,,
,,,,,,,,,,,,,,,
,,,,,,,,,,,,,,,
,,,,,,,,,,,,,,,
,,,,,,,,,,,,,,,
,,,,,,,,,,,,,,,
,,,,,,,,,,,,,,,
,,,,,,,,,,,,,,,
,,,,,,,,,,,,,,,
,,,,,,,,,,,,,,,
,,,,,,,,,,,,,,,
,,,,,,,,,,,,,,,
,,,,,,,,,,,,,,,
,,,,,,,,,,,,,,,
,,,,,,,,,,,,,,,
,,,,,,,,,,,,,,,
,,,,,,,,,,,,,,,
,,,,,,,,,,,,,,,
,,,,,,,,,,,,,,,
,,,,,,,,,,,,,,,
,,,,,,,,,,,,,,,
,,,,,,,,,,,,,,,
,,,,,,,,,,,,,,,
,,,,,,,,,,,,,,,
,,,,,,,,,,,,,,,
,,,,,,,,,,,,,,,
,,,,,,,,,,,,,,,
,,,,,,,,,,,,,,,
,,,,,,,,,,,,,,,
,,,,,,,,,,,,,,,
,,,,,,,,,,,,,,,
,,,,,,,,,,,,,,,
,,,,,,,,,,,,,,,
,,,,,,,,,,,,,,,
,,,,,,,,,,,,,,,
,,,,,,,,,,,,,,,
,,,,,,,,,,,,,,,
,,,,,,,,,,,,,,,
,,,,,,,,,,,,,,,
,,,,,,,,,,,,,,,
,,,,,,,,,,,,,,,
,,,,,,,,,,,,,,,
,,,,,,,,,,,,,,,
,,,,,,,,,,,,,,,
,,,,,,,,,,,,,,,
,,,,,,,,,,,,,,,
,,,,,,,,,,,,,,,
,,,,,,,,,,,,,,,
,,,,,,,,,,,,,,,
,,,,,,,,,,,,,,,
,,,,,,,,,,,,,,,
,,,,,,,,,,,,,,,
,,,,,,,,,,,,,,,
,,,,,,,,,,,,,,,
,,,,,,,,,,,,,,,
,,,,,,,,,,,,,,,
,,,,,,,,,,,,,,,
,,,,,,,,,,,,,,,
,,,,,,,,,,,,,,,
,,,,,,,,,,,,,,,
,,,,,,,,,,,,,,,
,,,,,,,,,,,,,,,
,,,,,,,,,,,,,,,
,,,,,,,,,,,,,,,
,,,,,,,,,,,,,,,
,,,,,,,,,,,,,,,
,,,,,,,,,,,,,,,
,,,,,,,,,,,,,,,
,,,,,,,,,,,,,,,
,,,,,,,,,,,,,,,
,,,,,,,,,,,,,,,
,,,,,,,,,,,,,,,
,,,,,,,,,,,,,,,
,,,,,,,,,,,,,,,
,,,,,,,,,,,,,,,
,,,,,,,,,,,,,,,
,,,,,,,,,,,,,,,
,,,,,,,,,,,,,,,
,,,,,,,,,,,,,,,
,,,,,,,,,,,,,,,
,,,,,,,,,,,,,,,
,,,,,,,,,,,,,,,
,,,,,,,,,,,,,,,
,,,,,,,,,,,,,,,
,,,,,,,,,,,,,,,
,,,,,,,,,,,,,,,
,,,,,,,,,,,,,,,
,,,,,,,,,,,,,,,
,,,,,,,,,,,,,,,
,,,,,,,,,,,,,,,
,,,,,,,,,,,,,,,
,,,,,,,,,,,,,,,
,,,,,,,,,,,,,,,
,,,,,,,,,,,,,,,
,,,,,,,,,,,,,,,
,,,,,,,,,,,,,,,
,,,,,,,,,,,,,,,
,,,,,,,,,,,,,,,
,,,,,,,,,,,,,,,
,,,,,,,,,,,,,,,
,,,,,,,,,,,,,,,
,,,,,,,,,,,,,,,
,,,,,,,,,,,,,,,
,,,,,,,,,,,,,,,
,,,,,,,,,,,,,,,
,,,,,,,,,,,,,,,
,,,,,,,,,,,,,,,
,,,,,,,,,,,,,,,
,,,,,,,,,,,,,,,
,,,,,,,,,,,,,,,
,,,,,,,,,,,,,,,
,,,,,,,,,,,,,,,
,,,,,,,,,,,,,,,
,,,,,,,,,,,,,,,
,,,,,,,,,,,,,,,
,,,,,,,,,,,,,,,
,,,,,,,,,,,,,,,
,,,,,,,,,,,,,,,
,,,,,,,,,,,,,,,
,,,,,,,,,,,,,,,
,,,,,,,,,,,,,,,
,,,,,,,,,,,,,,,
,,,,,,,,,,,,,,,
,,,,,,,,,,,,,,,
,,,,,,,,,,,,,,,
,,,,,,,,,,,,,,,
,,,,,,,,,,,,,,,
,,,,,,,,,,,,,,,
,,,,,,,,,,,,,,,
,,,,,,,,,,,,,,,
,,,,,,,,,,,,,,,
,,,,,,,,,,,,,,,
,,,,,,,,,,,,,,,
,,,,,,,,,,,,,,,
,,,,,,,,,,,,,,,
,,,,,,,,,,,,,,,
,,,,,,,,,,,,,,,
,,,,,,,,,,,,,,,
,,,,,,,,,,,,,,,
,,,,,,,,,,,,,,,
,,,,,,,,,,,,,,,
,,,,,,,,,,,,,,,
,,,,,,,,,,,,,,,
,,,,,,,,,,,,,,,
,,,,,,,,,,,,,,,
,,,,,,,,,,,,,,,
,,,,,,,,,,,,,,,
,,,,,,,,,,,,,,,
,,,,,,,,,,,,,,,
,,,,,,,,,,,,,,,
,,,,,,,,,,,,,,,
,,,,,,,,,,,,,,,
,,,,,,,,,,,,,,,
,,,,,,,,,,,,,,,
,,,,,,,,,,,,,,,
,,,,,,,,,,,,,,,
,,,,,,,,,,,,,,,
,,,,,,,,,,,,,,,
,,,,,,,,,,,,,,,
,,,,,,,,,,,,,,,
,,,,,,,,,,,,,,,
,,,,,,,,,,,,,,,
,,,,,,,,,,,,,,,
,,,,,,,,,,,,,,,
,,,,,,,,,,,,,,,
,,,,,,,,,,,,,,,
,,,,,,,,,,,,,,,
,,,,,,,,,,,,,,,
,,,,,,,,,,,,,,,
,,,,,,,,,,,,,,,
,,,,,,,,,,,,,,,
,,,,,,,,,,,,,,,
,,,,,,,,,,,,,,,
,,,,,,,,,,,,,,,
,,,,,,,,,,,,,,,
,,,,,,,,,,,,,,,
,,,,,,,,,,,,,,,
,,,,,,,,,,,,,,,
,,,,,,,,,,,,,,,
,,,,,,,,,,,,,,,
,,,,,,,,,,,,,,,
,,,,,,,,,,,,,,,
,,,,,,,,,,,,,,,
,,,,,,,,,,,,,,,
,,,,,,,,,,,,,,,
,,,,,,,,,,,,,,,
,,,,,,,,,,,,,,,
,,,,,,,,,,,,,,,
,,,,,,,,,,,,,,,
,,,,,,,,,,,,,,,
,,,,,,,,,,,,,,,
,,,,,,,,,,,,,,,
,,,,,,,,,,,,,,,
,,,,,,,,,,,,,,,
,,,,,,,,,,,,,,,
,,,,,,,,,,,,,,,
,,,,,,,,,,,,,,,
,,,,,,,,,,,,,,,
,,,,,,,,,,,,,,,
,,,,,,,,,,,,,,,
,,,,,,,,,,,,,,,
,,,,,,,,,,,,,,,
,,,,,,,,,,,,,,,
,,,,,,,,,,,,,,,
,,,,,,,,,,,,,,,
,,,,,,,,,,,,,,,
,,,,,,,,,,,,,,,
,,,,,,,,,,,,,,,
,,,,,,,,,,,,,,,
,,,,,,,,,,,,,,,
,,,,,,,,,,,,,,,
,,,,,,,,,,,,,,,
,,,,,,,,,,,,,,,
,,,,,,,,,,,,,,,
,,,,,,,,,,,,,,,
,,,,,,,,,,,,,,,
,,,,,,,,,,,,,,,
,,,,,,,,,,,,,,,
,,,,,,,,,,,,,,,
,,,,,,,,,,,,,,,
,,,,,,,,,,,,,,,
,,,,,,,,,,,,,,,
,,,,,,,,,,,,,,,
,,,,,,,,,,,,,,,
,,,,,,,,,,,,,,,
,,,,,,,,,,,,,,,
,,,,,,,,,,,,,,,
,,,,,,,,,,,,,,,
,,,,,,,,,,,,,,,
,,,,,,,,,,,,,,,
,,,,,,,,,,,,,,,
,,,,,,,,,,,,,,,
,,,,,,,,,,,,,,,
,,,,,,,,,,,,,,,
,,,,,,,,,,,,,,,
,,,,,,,,,,,,,,,
,,,,,,,,,,,,,,,
,,,,,,,,,,,,,,,
,,,,,,,,,,,,,,,
,,,,,,,,,,,,,,,
,,,,,,,,,,,,,,,
,,,,,,,,,,,,,,,
,,,,,,,,,,,,,,,
,,,,,,,,,,,,,,,
,,,,,,,,,,,,,,,
,,,,,,,,,,,,,,,
,,,,,,,,,,,,,,,
,,,,,,,,,,,,,,,
,,,,,,,,,,,,,,,
,,,,,,,,,,,,,,,
,,,,,,,,,,,,,,,
,,,,,,,,,,,,,,,
,,,,,,,,,,,,,,,
,,,,,,,,,,,,,,,
,,,,,,,,,,,,,,,
,,,,,,,,,,,,,,,
,,,,,,,,,,,,,,,
,,,,,,,,,,,,,,,
,,,,,,,,,,,,,,,
,,,,,,,,,,,,,,,
,,,,,,,,,,,,,,,
,,,,,,,,,,,,,,,
,,,,,,,,,,,,,,,
,,,,,,,,,,,,,,,
,,,,,,,,,,,,,,,
,,,,,,,,,,,,,,,
,,,,,,,,,,,,,,,
,,,,,,,,,,,,,,,
,,,,,,,,,,,,,,,
,,,,,,,,,,,,,,,
,,,,,,,,,,,,,,,
,,,,,,,,,,,,,,,
,,,,,,,,,,,,,,,
,,,,,,,,,,,,,,,
,,,,,,,,,,,,,,,
,,,,,,,,,,,,,,,
,,,,,,,,,,,,,,,
,,,,,,,,,,,,,,,
,,,,,,,,,,,,,,,
,,,,,,,,,,,,,,,
,,,,,,,,,,,,,,,
,,,,,,,,,,,,,,,
,,,,,,,,,,,,,,,
,,,,,,,,,,,,,,,
,,,,,,,,,,,,,,,
,,,,,,,,,,,,,,,
,,,,,,,,,,,,,,,
,,,,,,,,,,,,,,,
,,,,,,,,,,,,,,,
,,,,,,,,,,,,,,,
,,,,,,,,,,,,,,,
,,,,,,,,,,,,,,,
,,,,,,,,,,,,,,,
,,,,,,,,,,,,,,,
,,,,,,,,,,,,,,,
,,,,,,,,,,,,,,,
,,,,,,,,,,,,,,,
,,,,,,,,,,,,,,,
,,,,,,,,,,,,,,,
,,,,,,,,,,,,,,,
,,,,,,,,,,,,,,,
,,,,,,,,,,,,,,,
,,,,,,,,,,,,,,,
,,,,,,,,,,,,,,,
,,,,,,,,,,,,,,,
,,,,,,,,,,,,,,,
,,,,,,,,,,,,,,,
,,,,,,,,,,,,,,,
,,,,,,,,,,,,,,,
,,,,,,,,,,,,,,,
,,,,,,,,,,,,,,,
,,,,,,,,,,,,,,,
,,,,,,,,,,,,,,,
,,,,,,,,,,,,,,,
,,,,,,,,,,,,,,,
,,,,,,,,,,,,,,,
,,,,,,,,,,,,,,,
,,,,,,,,,,,,,,,
,,,,,,,,,,,,,,,
,,,,,,,,,,,,,,,
,,,,,,,,,,,,,,,
,,,,,,,,,,,,,,,
,,,,,,,,,,,,,,,
,,,,,,,,,,,,,,,
,,,,,,,,,,,,,,,
,,,,,,,,,,,,,,,
,,,,,,,,,,,,,,,
,,,,,,,,,,,,,,,
,,,,,,,,,,,,,,,
,,,,,,,,,,,,,,,
,,,,,,,,,,,,,,,
,,,,,,,,,,,,,,,
,,,,,,,,,,,,,,,
,,,,,,,,,,,,,,,
,,,,,,,,,,,,,,,
,,,,,,,,,,,,,,,
,,,,,,,,,,,,,,,
,,,,,,,,,,,,,,,
,,,,,,,,,,,,,,,
,,,,,,,,,,,,,,,
,,,,,,,,,,,,,,,
,,,,,,,,,,,,,,,
,,,,,,,,,,,,,,,
,,,,,,,,,,,,,,,
,,,,,,,,,,,,,,,
,,,,,,,,,,,,,,,
,,,,,,,,,,,,,,,
,,,,,,,,,,,,,,,
,,,,,,,,,,,,,,,
,,,,,,,,,,,,,,,
,,,,,,,,,,,,,,,
,,,,,,,,,,,,,,,
,,,,,,,,,,,,,,,
,,,,,,,,,,,,,,,
,,,,,,,,,,,,,,,
,,,,,,,,,,,,,,,
,,,,,,,,,,,,,,,
,,,,,,,,,,,,,,,
,,,,,,,,,,,,,,,
,,,,,,,,,,,,,,,
,,,,,,,,,,,,,,,
,,,,,,,,,,,,,,,
,,,,,,,,,,,,,,,
,,,,,,,,,,,,,,,
,,,,,,,,,,,,,,,
,,,,,,,,,,,,,,,
,,,,,,,,,,,,,,,
,,,,,,,,,,,,,,,
,,,,,,,,,,,,,,,
,,,,,,,,,,,,,,,
,,,,,,,,,,,,,,,
,,,,,,,,,,,,,,,
,,,,,,,,,,,,,,,
,,,,,,,,,,,,,,,
,,,,,,,,,,,,,,,
,,,,,,,,,,,,,,,
,,,,,,,,,,,,,,,
,,,,,,,,,,,,,,,
,,,,,,,,,,,,,,,
,,,,,,,,,,,,,,,
,,,,,,,,,,,,,,,
,,,,,,,,,,,,,,,
,,,,,,,,,,,,,,,
,,,,,,,,,,,,,,,
,,,,,,,,,,,,,,,
,,,,,,,,,,,,,,,
,,,,,,,,,,,,,,,
,,,,,,,,,,,,,,,
,,,,,,,,,,,,,,,
,,,,,,,,,,,,,,,
,,,,,,,,,,,,,,,
,,,,,,,,,,,,,,,
,,,,,,,,,,,,,,,
,,,,,,,,,,,,,,,
,,,,,,,,,,,,,,,
,,,,,,,,,,,,,,,
,,,,,,,,,,,,,,,
,,,,,,,,,,,,,,,
,,,,,,,,,,,,,,,
,,,,,,,,,,,,,,,
,,,,,,,,,,,,,,,
,,,,,,,,,,,,,,,
,,,,,,,,,,,,,,,
,,,,,,,,,,,,,,,
,,,,,,,,,,,,,,,
,,,,,,,,,,,,,,,
,,,,,,,,,,,,,,,
,,,,,,,,,,,,,,,
,,,,,,,,,,,,,,,
,,,,,,,,,,,,,,,
,,,,,,,,,,,,,,,
,,,,,,,,,,,,,,,
,,,,,,,,,,,,,,,
,,,,,,,,,,,,,,,
,,,,,,,,,,,,,,,
,,,,,,,,,,,,,,,
,,,,,,,,,,,,,,,
,,,,,,,,,,,,,,,
,,,,,,,,,,,,,,,
,,,,,,,,,,,,,,,
,,,,,,,,,,,,,,,
,,,,,,,,,,,,,,,
,,,,,,,,,,,,,,,
,,,,,,,,,,,,,,,
,,,,,,,,,,,,,,,
,,,,,,,,,,,,,,,
,,,,,,,,,,,,,,,
,,,,,,,,,,,,,,,
,,,,,,,,,,,,,,,
,,,,,,,,,,,,,,,
,,,,,,,,,,,,,,,
,,,,,,,,,,,,,,,
,,,,,,,,,,,,,,,
,,,,,,,,,,,,,,,
,,,,,,,,,,,,,,,
,,,,,,,,,,,,,,,
,,,,,,,,,,,,,,,
,,,,,,,,,,,,,,,
,,,,,,,,,,,,,,,
,,,,,,,,,,,,,,,
,,,,,,,,,,,,,,,
,,,,,,,,,,,,,,,
,,,,,,,,,,,,,,,
,,,,,,,,,,,,,,,
,,,,,,,,,,,,,,,
,,,,,,,,,,,,,,,
,,,,,,,,,,,,,,,
,,,,,,,,,,,,,,,
,,,,,,,,,,,,,,,
,,,,,,,,,,,,,,,
,,,,,,,,,,,,,,,
,,,,,,,,,,,,,,,
,,,,,,,,,,,,,,,
,,,,,,,,,,,,,,,
,,,,,,,,,,,,,,,
,,,,,,,,,,,,,,,
,,,,,,,,,,,,,,,
,,,,,,,,,,,,,,,
,,,,,,,,,,,,,,,
,,,,,,,,,,,,,,,
,,,,,,,,,,,,,,,
,,,,,,,,,,,,,,,
,,,,,,,,,,,,,,,
,,,,,,,,,,,,,,,
,,,,,,,,,,,,,,,
,,,,,,,,,,,,,,,
,,,,,,,,,,,,,,,
,,,,,,,,,,,,,,,
,,,,,,,,,,,,,,,
,,,,,,,,,,,,,,,
,,,,,,,,,,,,,,,
,,,,,,,,,,,,,,,
,,,,,,,,,,,,,,,
,,,,,,,,,,,,,,,
,,,,,,,,,,,,,,,
,,,,,,,,,,,,,,,
,,,,,,,,,,,,,,,
,,,,,,,,,,,,,,,
,,,,,,,,,,,,,,,
,,,,,,,,,,,,,,,
,,,,,,,,,,,,,,,
,,,,,,,,,,,,,,,
,,,,,,,,,,,,,,,
,,,,,,,,,,,,,,,
,,,,,,,,,,,,,,,
,,,,,,,,,,,,,,,
,,,,,,,,,,,,,,,
,,,,,,,,,,,,,,,
,,,,,,,,,,,,,,,
,,,,,,,,,,,,,,,
,,,,,,,,,,,,,,,
,,,,,,,,,,,,,,,
,,,,,,,,,,,,,,,
,,,,,,,,,,,,,,,
,,,,,,,,,,,,,,,
,,,,,,,,,,,,,,,
,,,,,,,,,,,,,,,
,,,,,,,,,,,,,,,
,,,,,,,,,,,,,,,
,,,,,,,,,,,,,,,
,,,,,,,,,,,,,,,
,,,,,,,,,,,,,,,
,,,,,,,,,,,,,,,
,,,,,,,,,,,,,,,
,,,,,,,,,,,,,,,
,,,,,,,,,,,,,,,
,,,,,,,,,,,,,,,
,,,,,,,,,,,,,,,
,,,,,,,,,,,,,,,
,,,,,,,,,,,,,,,
,,,,,,,,,,,,,,,
,,,,,,,,,,,,,,,
,,,,,,,,,,,,,,,
,,,,,,,,,,,,,,,
,,,,,,,,,,,,,,,
,,,,,,,,,,,,,,,
,,,,,,,,,,,,,,,
,,,,,,,,,,,,,,,
,,,,,,,,,,,,,,,
,,,,,,,,,,,,,,,
,,,,,,,,,,,,,,,
,,,,,,,,,,,,,,,
,,,,,,,,,,,,,,,
,,,,,,,,,,,,,,,
,,,,,,,,,,,,,,,
,,,,,,,,,,,,,,,
,,,,,,,,,,,,,,,
,,,,,,,,,,,,,,,
,,,,,,,,,,,,,,,
,,,,,,,,,,,,,,,
,,,,,,,,,,,,,,,
,,,,,,,,,,,,,,,
,,,,,,,,,,,,,,,
,,,,,,,,,,,,,,,
,,,,,,,,,,,,,,,
,,,,,,,,,,,,,,,
,,,,,,,,,,,,,,,
,,,,,,,,,,,,,,,
,,,,,,,,,,,,,,,
,,,,,,,,,,,,,,,
,,,,,,,,,,,,,,,
,,,,,,,,,,,,,,,
,,,,,,,,,,,,,,,
,,,,,,,,,,,,,,,
,,,,,,,,,,,,,,,
,,,,,,,,,,,,,,,
,,,,,,,,,,,,,,,
,,,,,,,,,,,,,,,
,,,,,,,,,,,,,,,
,,,,,,,,,,,,,,,
,,,,,,,,,,,,,,,
,,,,,,,,,,,,,,,
,,,,,,,,,,,,,,,
,,,,,,,,,,,,,,,
,,,,,,,,,,,,,,,
,,,,,,,,,,,,,,,
,,,,,,,,,,,,,,,
,,,,,,,,,,,,,,,
,,,,,,,,,,,,,,,
,,,,,,,,,,,,,,,
,,,,,,,,,,,,,,,
,,,,,,,,,,,,,,,
,,,,,,,,,,,,,,,
,,,,,,,,,,,,,,,
,,,,,,,,,,,,,,,
,,,,,,,,,,,,,,,
,,,,,,,,,,,,,,,
,,,,,,,,,,,,,,,
,,,,,,,,,,,,,,,
,,,,,,,,,,,,,,,
,,,,,,,,,,,,,,,
,,,,,,,,,,,,,,,
,,,,,,,,,,,,,,,
,,,,,,,,,,,,,,,
,,,,,,,,,,,,,,,
,,,,,,,,,,,,,,,
,,,,,,,,,,,,,,,
,,,,,,,,,,,,,,,
,,,,,,,,,,,,,,,
,,,,,,,,,,,,,,,
,,,,,,,,,,,,,,,
,,,,,,,,,,,,,,,
,,,,,,,,,,,,,,,
,,,,,,,,,,,,,,,
,,,,,,,,,,,,,,,
,,,,,,,,,,,,,,,
,,,,,,,,,,,,,,,
,,,,,,,,,,,,,,,
,,,,,,,,,,,,,,,
,,,,,,,,,,,,,,,
,,,,,,,,,,,,,,,
,,,,,,,,,,,,,,,
,,,,,,,,,,,,,,,
,,,,,,,,,,,,,,,
,,,,,,,,,,,,,,,
,,,,,,,,,,,,,,,
,,,,,,,,,,,,,,,
,,,,,,,,,,,,,,,
,,,,,,,,,,,,,,,
,,,,,,,,,,,,,,,
,,,,,,,,,,,,,,,
,,,,,,,,,,,,,,,
,,,,,,,,,,,,,,,
,,,,,,,,,,,,,,,
,,,,,,,,,,,,,,,
,,,,,,,,,,,,,,,
,,,,,,,,,,,,,,,
,,,,,,,,,,,,,,,
,,,,,,,,,,,,,,,
,,,,,,,,,,,,,,,
,,,,,,,,,,,,,,,
,,,,,,,,,,,,,,,
,,,,,,,,,,,,,,,
,,,,,,,,,,,,,,,
,,,,,,,,,,,,,,,
,,,,,,,,,,,,,,,
,,,,,,,,,,,,,,,
,,,,,,,,,,,,,,,
,,,,,,,,,,,,,,,
,,,,,,,,,,,,,,,
,,,,,,,,,,,,,,,
,,,,,,,,,,,,,,,
,,,,,,,,,,,,,,,
,,,,,,,,,,,,,,,
,,,,,,,,,,,,,,,
,,,,,,,,,,,,,,,
,,,,,,,,,,,,,,,
,,,,,,,,,,,,,,,
,,,,,,,,,,,,,,,
,,,,,,,,,,,,,,,
,,,,,,,,,,,,,,,
,,,,,,,,,,,,,,,
,,,,,,,,,,,,,,,
,,,,,,,,,,,,,,,
,,,,,,,,,,,,,,,
,,,,,,,,,,,,,,,
,,,,,,,,,,,,,,,
,,,,,,,,,,,,,,,
,,,,,,,,,,,,,,,
,,,,,,,,,,,,,,,
,,,,,,,,,,,,,,,
,,,,,,,,,,,,,,,
,,,,,,,,,,,,,,,
,,,,,,,,,,,,,,,
,,,,,,,,,,,,,,,
,,,,,,,,,,,,,,,
,,,,,,,,,,,,,,,
,,,,,,,,,,,,,,,
,,,,,,,,,,,,,,,
,,,,,,,,,,,,,,,
,,,,,,,,,,,,,,,
,,,,,,,,,,,,,,,
,,,,,,,,,,,,,,,
,,,,,,,,,,,,,,,
,,,,,,,,,,,,,,,
,,,,,,,,,,,,,,,
,,,,,,,,,,,,,,,
,,,,,,,,,,,,,,,
,,,,,,,,,,,,,,,
,,,,,,,,,,,,,,,
,,,,,,,,,,,,,,,
,,,,,,,,,,,,,,,
,,,,,,,,,,,,,,,
,,,,,,,,,,,,,,,
,,,,,,,,,,,,,,,
,,,,,,,,,,,,,,,
,,,,,,,,,,,,,,,
,,,,,,,,,,,,,,,
,,,,,,,,,,,,,,,
,,,,,,,,,,,,,,,
,,,,,,,,,,,,,,,
,,,,,,,,,,,,,,,
,,,,,,,,,,,,,,,
,,,,,,,,,,,,,,,
,,,,,,,,,,,,,,,
,,,,,,,,,,,,,,,
,,,,,,,,,,,,,,,
,,,,,,,,,,,,,,,
,,,,,,,,,,,,,,,
,,,,,,,,,,,,,,,
,,,,,,,,,,,,,,,
,,,,,,,,,,,,,,,
,,,,,,,,,,,,,,,
,,,,,,,,,,,,,,,
,,,,,,,,,,,,,,,
,,,,,,,,,,,,,,,
,,,,,,,,,,,,,,,
,,,,,,,,,,,,,,,
,,,,,,,,,,,,,,,
,,,,,,,,,,,,,,,
,,,,,,,,,,,,,,,
,,,,,,,,,,,,,,,
,,,,,,,,,,,,,,,
,,,,,,,,,,,,,,,
,,,,,,,,,,,,,,,
,,,,,,,,,,,,,,,
,,,,,,,,,,,,,,,
,,,,,,,,,,,,,,,
,,,,,,,,,,,,,,,
,,,,,,,,,,,,,,,
,,,,,,,,,,,,,,,
,,,,,,,,,,,,,,,
,,,,,,,,,,,,,,,
,,,,,,,,,,,,,,,
,,,,,,,,,,,,,,,
,,,,,,,,,,,,,,,
,,,,,,,,,,,,,,,
,,,,,,,,,,,,,,,
,,,,,,,,,,,,,,,
,,,,,,,,,,,,,,,
,,,,,,,,,,,,,,,
,,,,,,,,,,,,,,,
,,,,,,,,,,,,,,,
,,,,,,,,,,,,,,,
,,,,,,,,,,,,,,,
,,,,,,,,,,,,,,,
,,,,,,,,,,,,,,,
,,,,,,,,,,,,,,,
,,,,,,,,,,,,,,,
,,,,,,,,,,,,,,,
,,,,,,,,,,,,,,,
,,,,,,,,,,,,,,,
,,,,,,,,,,,,,,,
,,,,,,,,,,,,,,,
,,,,,,,,,,,,,,,
,,,,,,,,,,,,,,,
,,,,,,,,,,,,,,,
,,,,,,,,,,,,,,,
,,,,,,,,,,,,,,,
,,,,,,,,,,,,,,,
,,,,,,,,,,,,,,,
,,,,,,,,,,,,,,,
,,,,,,,,,,,,,,,
,,,,,,,,,,,,,,,
,,,,,,,,,,,,,,,
,,,,,,,,,,,,,,,
,,,,,,,,,,,,,,,
,,,,,,,,,,,,,,,
,,,,,,,,,,,,,,,
,,,,,,,,,,,,,,,
,,,,,,,,,,,,,,,
,,,,,,,,,,,,,,,
,,,,,,,,,,,,,,,
,,,,,,,,,,,,,,,
,,,,,,,,,,,,,,,
,,,,,,,,,,,,,,,
,,,,,,,,,,,,,,,
,,,,,,,,,,,,,,,
,,,,,,,,,,,,,,,
,,,,,,,,,,,,,,,
,,,,,,,,,,,,,,,
,,,,,,,,,,,,,,,
,,,,,,,,,,,,,,,
,,,,,,,,,,,,,,,
,,,,,,,,,,,,,,,
,,,,,,,,,,,,,,,
,,,,,,,,,,,,,,,
,,,,,,,,,,,,,,,
,,,,,,,,,,,,,,,
,,,,,,,,,,,,,,,
,,,,,,,,,,,,,,,
,,,,,,,,,,,,,,,
,,,,,,,,,,,,,,,
,,,,,,,,,,,,,,,
,,,,,,,,,,,,,,,
,,,,,,,,,,,,,,,
,,,,,,,,,,,,,,,
,,,,,,,,,,,,,,,
,,,,,,,,,,,,,,,
,,,,,,,,,,,,,,,
,,,,,,,,,,,,,,,
,,,,,,,,,,,,,,,
,,,,,,,,,,,,,,,
,,,,,,,,,,,,,,,
,,,,,,,,,,,,,,,
,,,,,,,,,,,,,,,
,,,,,,,,,,,,,,,
,,,,,,,,,,,,,,,
,,,,,,,,,,,,,,,
,,,,,,,,,,,,,,,
,,,,,,,,,,,,,,,
,,,,,,,,,,,,,,,
,,,,,,,,,,,,,,,
,,,,,,,,,,,,,,,
,,,,,,,,,,,,,,,
,,,,,,,,,,,,,,,
,,,,,,,,,,,,,,,
,,,,,,,,,,,,,,,
,,,,,,,,,,,,,,,
,,,,,,,,,,,,,,,
,,,,,,,,,,,,,,,
,,,,,,,,,,,,,,,
,,,,,,,,,,,,,,,
,,,,,,,,,,,,,,,
,,,,,,,,,,,,,,,
,,,,,,,,,,,,,,,
,,,,,,,,,,,,,,,
,,,,,,,,,,,,,,,
,,,,,,,,,,,,,,,
,,,,,,,,,,,,,,,
,,,,,,,,,,,,,,,
,,,,,,,,,,,,,,,
,,,,,,,,,,,,,,,
,,,,,,,,,,,,,,,
,,,,,,,,,,,,,,,
,,,,,,,,,,,,,,,
,,,,,,,,,,,,,,,
,,,,,,,,,,,,,,,
,,,,,,,,,,,,,,,
,,,,,,,,,,,,,,,
,,,,,,,,,,,,,,,
,,,,,,,,,,,,,,,
,,,,,,,,,,,,,,,
,,,,,,,,,,,,,,,
,,,,,,,,,,,,,,,
,,,,,,,,,,,,,,,
,,,,,,,,,,,,,,,
,,,,,,,,,,,,,,,
,,,,,,,,,,,,,,,
,,,,,,,,,,,,,,,
,,,,,,,,,,,,,,,
,,,,,,,,,,,,,,,
,,,,,,,,,,,,,,,
,,,,,,,,,,,,,,,
,,,,,,,,,,,,,,,
,,,,,,,,,,,,,,,
,,,,,,,,,,,,,,,
,,,,,,,,,,,,,,,
,,,,,,,,,,,,,,,
,,,,,,,,,,,,,,,
,,,,,,,,,,,,,,,
,,,,,,,,,,,,,,,
,,,,,,,,,,,,,,,
,,,,,,,,,,,,,,,
,,,,,,,,,,,,,,,
,,,,,,,,,,,,,,,
,,,,,,,,,,,,,,,
,,,,,,,,,,,,,,,
,,,,,,,,,,,,,,,
,,,,,,,,,,,,,,,
,,,,,,,,,,,,,,,
,,,,,,,,,,,,,,,
,,,,,,,,,,,,,,,
,,,,,,,,,,,,,,,
,,,,,,,,,,,,,,,
,,,,,,,,,,,,,,,
,,,,,,,,,,,,,,,
,,,,,,,,,,,,,,,
,,,,,,,,,,,,,,,
,,,,,,,,,,,,,,,
,,,,,,,,,,,,,,,
,,,,,,,,,,,,,,,
,,,,,,,,,,,,,,,
,,,,,,,,,,,,,,,
,,,,,,,,,,,,,,,
,,,,,,,,,,,,,,,
,,,,,,,,,,,,,,,
,,,,,,,,,,,,,,,
,,,,,,,,,,,,,,,
,,,,,,,,,,,,,,,
,,,,,,,,,,,,,,,
,,,,,,,,,,,,,,,
,,,,,,,,,,,,,,,
,,,,,,,,,,,,,,,
,,,,,,,,,,,,,,,
,,,,,,,,,,,,,,,
,,,,,,,,,,,,,,,
,,,,,,,,,,,,,,,
,,,,,,,,,,,,,,,
,,,,,,,,,,,,,,,
,,,,,,,,,,,,,,,
,,,,,,,,,,,,,,,
,,,,,,,,,,,,,,,
,,,,,,,,,,,,,,,
,,,,,,,,,,,,,,,
,,,,,,,,,,,,,,,
,,,,,,,,,,,,,,,
,,,,,,,,,,,,,,,
,,,,,,,,,,,,,,,
,,,,,,,,,,,,,,,
,,,,,,,,,,,,,,,
,,,,,,,,,,,,,,,
,,,,,,,,,,,,,,,
,,,,,,,,,,,,,,,
,,,,,,,,,,,,,,,
,,,,,,,,,,,,,,,
,,,,,,,,,,,,,,,
,,,,,,,,,,,,,,,
,,,,,,,,,,,,,,,
,,,,,,,,,,,,,,,
,,,,,,,,,,,,,,,
,,,,,,,,,,,,,,,
,,,,,,,,,,,,,,,
,,,,,,,,,,,,,,,
,,,,,,,,,,,,,,,
,,,,,,,,,,,,,,,
,,,,,,,,,,,,,,,
,,,,,,,,,,,,,,,
,,,,,,,,,,,,,,,
,,,,,,,,,,,,,,,
,,,,,,,,,,,,,,,
,,,,,,,,,,,,,,,
,,,,,,,,,,,,,,,
,,,,,,,,,,,,,,,
,,,,,,,,,,,,,,,
,,,,,,,,,,,,,,,
,,,,,,,,,,,,,,,
,,,,,,,,,,,,,,,
,,,,,,,,,,,,,,,
,,,,,,,,,,,,,,,
,,,,,,,,,,,,,,,
,,,,,,,,,,,,,,,
,,,,,,,,,,,,,,,
,,,,,,,,,,,,,,,
,,,,,,,,,,,,,,,
,,,,,,,,,,,,,,,
,,,,,,,,,,,,,,,
,,,,,,,,,,,,,,,
,,,,,,,,,,,,,,,
,,,,,,,,,,,,,,,
,,,,,,,,,,,,,,,
,,,,,,,,,,,,,,,
,,,,,,,,,,,,,,,
,,,,,,,,,,,,,,,
,,,,,,,,,,,,,,,
,,,,,,,,,,,,,,,
,,,,,,,,,,,,,,,
,,,,,,,,,,,,,,,
,,,,,,,,,,,,,,,
,,,,,,,,,,,,,,,
,,,,,,,,,,,,,,,
,,,,,,,,,,,,,,,
,,,,,,,,,,,,,,,
,,,,,,,,,,,,,,,
,,,,,,,,,,,,,,,
,,,,,,,,,,,,,,,
,,,,,,,,,,,,,,,
,,,,,,,,,,,,,,,
,,,,,,,,,,,,,,,
,,,,,,,,,,,,,,,
,,,,,,,,,,,,,,,
,,,,,,,,,,,,,,,
,,,,,,,,,,,,,,,
,,,,,,,,,,,,,,,
,,,,,,,,,,,,,,,
,,,,,,,,,,,,,,,
,,,,,,,,,,,,,,,
,,,,,,,,,,,,,,,
,,,,,,,,,,,,,,,
,,,,,,,,,,,,,,,
,,,,,,,,,,,,,,,
,,,,,,,,,,,,,,,
,,,,,,,,,,,,,,,
,,,,,,,,,,,,,,,
,,,,,,,,,,,,,,,
,,,,,,,,,,,,,,,
,,,,,,,,,,,,,,,
,,,,,,,,,,,,,,,
,,,,,,,,,,,,,,,
,,,,,,,,,,,,,,,
,,,,,,,,,,,,,,,
,,,,,,,,,,,,,,,
,,,,,,,,,,,,,,,
,,,,,,,,,,,,,,,
,,,,,,,,,,,,,,,
,,,,,,,,,,,,,,,
,,,,,,,,,,,,,,,
,,,,,,,,,,,,,,,
,,,,,,,,,,,,,,,
,,,,,,,,,,,,,,,
,,,,,,,,,,,,,,,
,,,,,,,,,,,,,,,
,,,,,,,,,,,,,,,
,,,,,,,,,,,,,,,
,,,,,,,,,,,,,,,
,,,,,,,,,,,,,,,
,,,,,,,,,,,,,,,
,,,,,,,,,,,,,,,
,,,,,,,,,,,,,,,
,,,,,,,,,,,,,,,
,,,,,,,,,,,,,,,
,,,,,,,,,,,,,,,
,,,,,,,,,,,,,,,
,,,,,,,,,,,,,,,
,,,,,,,,,,,,,,,
,,,,,,,,,,,,,,,
,,,,,,,,,,,,,,,
,,,,,,,,,,,,,,,
,,,,,,,,,,,,,,,
,,,,,,,,,,,,,,,
,,,,,,,,,,,,,,,
,,,,,,,,,,,,,,,
,,,,,,,,,,,,,,,
,,,,,,,,,,,,,,,
,,,,,,,,,,,,,,,
,,,,,,,,,,,,,,,
,,,,,,,,,,,,,,,
,,,,,,,,,,,,,,,
,,,,,,,,,,,,,,,
,,,,,,,,,,,,,,,
,,,,,,,,,,,,,,,
,,,,,,,,,,,,,,,
,,,,,,,,,,,,,,,
,,,,,,,,,,,,,,,
,,,,,,,,,,,,,,,
,,,,,,,,,,,,,,,
,,,,,,,,,,,,,,,
,,,,,,,,,,,,,,,
,,,,,,,,,,,,,,,
,,,,,,,,,,,,,,,
,,,,,,,,,,,,,,,
,,,,,,,,,,,,,,,
,,,,,,,,,,,,,,,
,,,,,,,,,,,,,,,
,,,,,,,,,,,,,,,
,,,,,,,,,,,,,,,
,,,,,,,,,,,,,,,
,,,,,,,,,,,,,,,
,,,,,,,,,,,,,,,
,,,,,,,,,,,,,,,
,,,,,,,,,,,,,,,
,,,,,,,,,,,,,,,
,,,,,,,,,,,,,,,
,,,,,,,,,,,,,,,
,,,,,,,,,,,,,,,
,,,,,,,,,,,,,,,
,,,,,,,,,,,,,,,
,,,,,,,,,,,,,,,
,,,,,,,,,,,,,,,
,,,,,,,,,,,,,,,
,,,,,,,,,,,,,,,
,,,,,,,,,,,,,,,
,,,,,,,,,,,,,,,
,,,,,,,,,,,,,,,
,,,,,,,,,,,,,,,
,,,,,,,,,,,,,,,
,,,,,,,,,,,,,,,
,,,,,,,,,,,,,,,
,,,,,,,,,,,,,,,
,,,,,,,,,,,,,,,
,,,,,,,,,,,,,,,
,,,,,,,,,,,,,,,
,,,,,,,,,,,,,,,
,,,,,,,,,,,,,,,
,,,,,,,,,,,,,,,
,,,,,,,,,,,,,,,
,,,,,,,,,,,,,,,
,,,,,,,,,,,,,,,
,,,,,,,,,,,,,,,
,,,,,,,,,,,,,,,
,,,,,,,,,,,,,,,
,,,,,,,,,,,,,,,
,,,,,,,,,,,,,,,
,,,,,,,,,,,,,,,
,,,,,,,,,,,,,,,
,,,,,,,,,,,,,,,
,,,,,,,,,,,,,,,
,,,,,,,,,,,,,,,
,,,,,,,,,,,,,,,
,,,,,,,,,,,,,,,
,,,,,,,,,,,,,,,
,,,,,,,,,,,,,,,
,,,,,,,,,,,,,,,
,,,,,,,,,,,,,,,
,,,,,,,,,,,,,,,
,,,,,,,,,,,,,,,
,,,,,,,,,,,,,,,
,,,,,,,,,,,,,,,
,,,,,,,,,,,,,,,
,,,,,,,,,,,,,,,
,,,,,,,,,,,,,,,
,,,,,,,,,,,,,,,
,,,,,,,,,,,,,,,
,,,,,,,,,,,,,,,
,,,,,,,,,,,,,,,
,,,,,,,,,,,,,,,
,,,,,,,,,,,,,,,
,,,,,,,,,,,,,,,
,,,,,,,,,,,,,,,
,,,,,,,,,,,,,,,
,,,,,,,,,,,,,,,
,,,,,,,,,,,,,,,
,,,,,,,,,,,,,,,
,,,,,,,,,,,,,,,
,,,,,,,,,,,,,,,
,,,,,,,,,,,,,,,
,,,,,,,,,,,,,,,
,,,,,,,,,,,,,,,
,,,,,,,,,,,,,,,
,,,,,,,,,,,,,,,
,,,,,,,,,,,,,,,
,,,,,,,,,,,,,,,
,,,,,,,,,,,,,,,
,,,,,,,,,,,,,,,
,,,,,,,,,,,,,,,
,,,,,,,,,,,,,,,
,,,,,,,,,,,,,,,
,,,,,,,,,,,,,,,
,,,,,,,,,,,,,,,
,,,,,,,,,,,,,,,
,,,,,,,,,,,,,,,
,,,,,,,,,,,,,,,
,,,,,,,,,,,,,,,
,,,,,,,,,,,,,,,
,,,,,,,,,,,,,,,
,,,,,,,,,,,,,,,
,,,,,,,,,,,,,,,
,,,,,,,,,,,,,,,
,,,,,,,,,,,,,,,
,,,,,,,,,,,,,,,
,,,,,,,,,,,,,,,
,,,,,,,,,,,,,,,
,,,,,,,,,,,,,,,
,,,,,,,,,,,,,,,
,,,,,,,,,,,,,,,
,,,,,,,,,,,,,,,
,,,,,,,,,,,,,,,
,,,,,,,,,,,,,,,
,,,,,,,,,,,,,,,
,,,,,,,,,,,,,,,
,,,,,,,,,,,,,,,
,,,,,,,,,,,,,,,
,,,,,,,,,,,,,,,
,,,,,,,,,,,,,,,
,,,,,,,,,,,,,,,
,,,,,,,,,,,,,,,
,,,,,,,,,,,,,,,
,,,,,,,,,,,,,,,
,,,,,,,,,,,,,,,
,,,,,,,,,,,,,,,
,,,,,,,,,,,,,,,
,,,,,,,,,,,,,,,
,,,,,,,,,,,,,,,
,,,,,,,,,,,,,,,
,,,,,,,,,,,,,,,
,,,,,,,,,,,,,,,
,,,,,,,,,,,,,,,
,,,,,,,,,,,,,,,
,,,,,,,,,,,,,,,
,,,,,,,,,,,,,,,
,,,,,,,,,,,,,,,
,,,,,,,,,,,,,,,
,,,,,,,,,,,,,,,
,,,,,,,,,,,,,,,
,,,,,,,,,,,,,,,
,,,,,,,,,,,,,,,
,,,,,,,,,,,,,,,
,,,,,,,,,,,,,,,
,,,,,,,,,,,,,,,
,,,,,,,,,,,,,,,
,,,,,,,,,,,,,,,
,,,,,,,,,,,,,,,
,,,,,,,,,,,,,,,
,,,,,,,,,,,,,,,
,,,,,,,,,,,,,,,
,,,,,,,,,,,,,,,
,,,,,,,,,,,,,,,
,,,,,,,,,,,,,,,
,,,,,,,,,,,,,,,
,,,,,,,,,,,,,,,
,,,,,,,,,,,,,,,
,,,,,,,,,,,,,,,
,,,,,,,,,,,,,,,
,,,,,,,,,,,,,,,
,,,,,,,,,,,,,,,
,,,,,,,,,,,,,,,
,,,,,,,,,,,,,,,
,,,,,,,,,,,,,,,
,,,,,,,,,,,,,,,
,,,,,,,,,,,,,,,
,,,,,,,,,,,,,,,
,,,,,,,,,,,,,,,
,,,,,,,,,,,,,,,
,,,,,,,,,,,,,,,
,,,,,,,,,,,,,,,
,,,,,,,,,,,,,,,
,,,,,,,,,,,,,,,
,,,,,,,,,,,,,,,
,,,,,,,,,,,,,,,
,,,,,,,,,,,,,,,
,,,,,,,,,,,,,,,
,,,,,,,,,,,,,,,
,,,,,,,,,,,,,,,
,,,,,,,,,,,,,,,
,,,,,,,,,,,,,,,
,,,,,,,,,,,,,,,
,,,,,,,,,,,,,,,
,,,,,,,,,,,,,,,
,,,,,,,,,,,,,,,
,,,,,,,,,,,,,,,
,,,,,,,,,,,,,,,
,,,,,,,,,,,,,,,
,,,,,,,,,,,,,,,
,,,,,,,,,,,,,,,
,,,,,,,,,,,,,,,
,,,,,,,,,,,,,,,
,,,,,,,,,,,,,,,
,,,,,,,,,,,,,,,
,,,,,,,,,,,,,,,
,,,,,,,,,,,,,,,
,,,,,,,,,,,,,,,
,,,,,,,,,,,,,,,
,,,,,,,,,,,,,,,
,,,,,,,,,,,,,,,
,,,,,,,,,,,,,,,
,,,,,,,,,,,,,,,
,,,,,,,,,,,,,,,
,,,,,,,,,,,,,,,
,,,,,,,,,,,,,,,
,,,,,,,,,,,,,,,
,,,,,,,,,,,,,,,
,,,,,,,,,,,,,,,
,,,,,,,,,,,,,,,
,,,,,,,,,,,,,,,
,,,,,,,,,,,,,,,
,,,,,,,,,,,,,,,
,,,,,,,,,,,,,,,
,,,,,,,,,,,,,,,
,,,,,,,,,,,,,,,
,,,,,,,,,,,,,,,
,,,,,,,,,,,,,,,
,,,,,,,,,,,,,,,
,,,,,,,,,,,,,,,
,,,,,,,,,,,,,,,
,,,,,,,,,,,,,,,
,,,,,,,,,,,,,,,
,,,,,,,,,,,,,,,
,,,,,,,,,,,,,,,
,,,,,,,,,,,,,,,
,,,,,,,,,,,,,,,
,,,,,,,,,,,,,,,
,,,,,,,,,,,,,,,
,,,,,,,,,,,,,,,
,,,,,,,,,,,,,,,
,,,,,,,,,,,,,,,
,,,,,,,,,,,,,,,
,,,,,,,,,,,,,,,
,,,,,,,,,,,,,,,
,,,,,,,,,,,,,,,
,,,,,,,,,,,,,,,
,,,,,,,,,,,,,,,
,,,,,,,,,,,,,,,
,,,,,,,,,,,,,,,
,,,,,,,,,,,,,,,
,,,,,,,,,,,,,,,
,,,,,,,,,,,,,,,
,,,,,,,,,,,,,,,
,,,,,,,,,,,,,,,
,,,,,,,,,,,,,,,
,,,,,,,,,,,,,,,
,,,,,,,,,,,,,,,
,,,,,,,,,,,,,,,
,,,,,,,,,,,,,,,
,,,,,,,,,,,,,,,
,,,,,,,,,,,,,,,
,,,,,,,,,,,,,,,
,,,,,,,,,,,,,,,
,,,,,,,,,,,,,,,
,,,,,,,,,,,,,,,
,,,,,,,,,,,,,,,
,,,,,,,,,,,,,,,
,,,,,,,,,,,,,,,
,,,,,,,,,,,,,,,
,,,,,,,,,,,,,,,
,,,,,,,,,,,,,,,
,,,,,,,,,,,,,,,
,,,,,,,,,,,,,,,
,,,,,,,,,,,,,,,
,,,,,,,,,,,,,,,
,,,,,,,,,,,,,,,
,,,,,,,,,,,,,,,
,,,,,,,,,,,,,,,
,,,,,,,,,,,,,,,
,,,,,,,,,,,,,,,
,,,,,,,,,,,,,,,
,,,,,,,,,,,,,,,
,,,,,,,,,,,,,,,
,,,,,,,,,,,,,,,
,,,,,,,,,,,,,,,
,,,,,,,,,,,,,,,
,,,,,,,,,,,,,,,
,,,,,,,,,,,,,,,
,,,,,,,,,,,,,,,
,,,,,,,,,,,,,,,
,,,,,,,,,,,,,,,
,,,,,,,,,,,,,,,
,,,,,,,,,,,,,,,
,,,,,,,,,,,,,,,
,,,,,,,,,,,,,,,
,,,,,,,,,,,,,,,
,,,,,,,,,,,,,,,
,,,,,,,,,,,,,,,
,,,,,,,,,,,,,,,
,,,,,,,,,,,,,,,
,,,,,,,,,,,,,,,
,,,,,,,,,,,,,,,
,,,,,,,,,,,,,,,
,,,,,,,,,,,,,,,
,,,,,,,,,,,,,,,
,,,,,,,,,,,,,,,
,,,,,,,,,,,,,,,
,,,,,,,,,,,,,,,
,,,,,,,,,,,,,,,
,,,,,,,,,,,,,,,
,,,,,,,,,,,,,,,
,,,,,,,,,,,,,,,
,,,,,,,,,,,,,,,
,,,,,,,,,,,,,,,
,,,,,,,,,,,,,,,
,,,,,,,,,,,,,,,
,,,,,,,,,,,,,,,
,,,,,,,,,,,,,,,
,,,,,,,,,,,,,,,
,,,,,,,,,,,,,,,
,,,,,,,,,,,,,,,
,,,,,,,,,,,,,,,
,,,,,,,,,,,,,,,
,,,,,,,,,,,,,,,
,,,,,,,,,,,,,,,
,,,,,,,,,,,,,,,
,,,,,,,,,,,,,,,
,,,,,,,,,,,,,,,
,,,,,,,,,,,,,,,
,,,,,,,,,,,,,,,
,,,,,,,,,,,,,,,
,,,,,,,,,,,,,,,
,,,,,,,,,,,,,,,
,,,,,,,,,,,,,,,
,,,,,,,,,,,,,,,
,,,,,,,,,,,,,,,
,,,,,,,,,,,,,,,
,,,,,,,,,,,,,,,
,,,,,,,,,,,,,,,
,,,,,,,,,,,,,,,
,,,,,,,,,,,,,,,
,,,,,,,,,,,,,,,
,,,,,,,,,,,,,,,
,,,,,,,,,,,,,,,
,,,,,,,,,,,,,,,
,,,,,,,,,,,,,,,
,,,,,,,,,,,,,,,
,,,,,,,,,,,,,,,
,,,,,,,,,,,,,,,
,,,,,,,,,,,,,,,
,,,,,,,,,,,,,,,
,,,,,,,,,,,,,,,
,,,,,,,,,,,,,,,
,,,,,,,,,,,,,,,
,,,,,,,,,,,,,,,
,,,,,,,,,,,,,,,
,,,,,,,,,,,,,,,
,,,,,,,,,,,,,,,
,,,,,,,,,,,,,,,
,,,,,,,,,,,,,,,
,,,,,,,,,,,,,,,
,,,,,,,,,,,,,,,
,,,,,,,,,,,,,,,
,,,,,,,,,,,,,,,
,,,,,,,,,,,,,,,
,,,,,,,,,,,,,,,
,,,,,,,,,,,,,,,
,,,,,,,,,,,,,,,
,,,,,,,,,,,,,,,
,,,,,,,,,,,,,,,
,,,,,,,,,,,,,,,
,,,,,,,,,,,,,,,
,,,,,,,,,,,,,,,
,,,,,,,,,,,,,,,
,,,,,,,,,,,,,,,
,,,,,,,,,,,,,,,
,,,,,,,,,,,,,,,
,,,,,,,,,,,,,,,
,,,,,,,,,,,,,,,
,,,,,,,,,,,,,,,
,,,,,,,,,,,,,,,
,,,,,,,,,,,,,,,
,,,,,,,,,,,,,,,
,,,,,,,,,,,,,,,
,,,,,,,,,,,,,,,
,,,,,,,,,,,,,,,
,,,,,,,,,,,,,,,
,,,,,,,,,,,,,,,
,,,,,,,,,,,,,,,
,,,,,,,,,,,,,,,
,,,,,,,,,,,,,,,
,,,,,,,,,,,,,,,
,,,,,,,,,,,,,,,
,,,,,,,,,,,,,,,
,,,,,,,,,,,,,,,
,,,,,,,,,,,,,,,
,,,,,,,,,,,,,,,
,,,,,,,,,,,,,,,
,,,,,,,,,,,,,,,
,,,,,,,,,,,,,,,
,,,,,,,,,,,,,,,
,,,,,,,,,,,,,,,
,,,,,,,,,,,,,,,
,,,,,,,,,,,,,,,
,,,,,,,,,,,,,,,
,,,,,,,,,,,,,,,
,,,,,,,,,,,,,,,
,,,,,,,,,,,,,,,
,,,,,,,,,,,,,,,
,,,,,,,,,,,,,,,
,,,,,,,,,,,,,,,
,,,,,,,,,,,,,,,
,,,,,,,,,,,,,,,
,,,,,,,,,,,,,,,
,,,,,,,,,,,,,,,
,,,,,,,,,,,,,,,
,,,,,,,,,,,,,,,
,,,,,,,,,,,,,,,
,,,,,,,,,,,,,,,
,,,,,,,,,,,,,,,
,,,,,,,,,,,,,,,
,,,,,,,,,,,,,,,
,,,,,,,,,,,,,,,
,,,,,,,,,,,,,,,
,,,,,,,,,,,,,,,
,,,,,,,,,,,,,,,
,,,,,,,,,,,,,,,
,,,,,,,,,,,,,,,
,,,,,,,,,,,,,,,
,,,,,,,,,,,,,,,
,,,,,,,,,,,,,,,
,,,,,,,,,,,,,,,
,,,,,,,,,,,,,,,
,,,,,,,,,,,,,,,
,,,,,,,,,,,,,,,
,,,,,,,,,,,,,,,
,,,,,,,,,,,,,,,
,,,,,,,,,,,,,,,
,,,,,,,,,,,,,,,
,,,,,,,,,,,,,,,
,,,,,,,,,,,,,,,
,,,,,,,,,,,,,,,
,,,,,,,,,,,,,,,
,,,,,,,,,,,,,,,
,,,,,,,,,,,,,,,
,,,,,,,,,,,,,,,
,,,,,,,,,,,,,,,
,,,,,,,,,,,,,,,
,,,,,,,,,,,,,,,
,,,,,,,,,,,,,,,
,,,,,,,,,,,,,,,
,,,,,,,,,,,,,,,
,,,,,,,,,,,,,,,
,,,,,,,,,,,,,,,
,,,,,,,,,,,,,,,
,,,,,,,,,,,,,,,
,,,,,,,,,,,,,,,
,,,,,,,,,,,,,,,
,,,,,,,,,,,,,,,
,,,,,,,,,,,,,,,
,,,,,,,,,,,,,,,
,,,,,,,,,,,,,,,
,,,,,,,,,,,,,,,
,,,,,,,,,,,,,,,
,,,,,,,,,,,,,,,
,,,,,,,,,,,,,,,
,,,,,,,,,,,,,,,
,,,,,,,,,,,,,,,
,,,,,,,,,,,,,,,
,,,,,,,,,,,,,,,
,,,,,,,,,,,,,,,
,,,,,,,,,,,,,,,
,,,,,,,,,,,,,,,
,,,,,,,,,,,,,,,
,,,,,,,,,,,,,,,
,,,,,,,,,,,,,,,
,,,,,,,,,,,,,,,
,,,,,,,,,,,,,,,
,,,,,,,,,,,,,,,
,,,,,,,,,,,,,,,
,,,,,,,,,,,,,,,
,,,,,,,,,,,,,,,
,,,,,,,,,,,,,,,
,,,,,,,,,,,,,,,
,,,,,,,,,,,,,,,
,,,,,,,,,,,,,,,
,,,,,,,,,,,,,,,
,,,,,,,,,,,,,,,
,,,,,,,,,,,,,,,
,,,,,,,,,,,,,,,
,,,,,,,,,,,,,,,
,,,,,,,,,,,,,,,
,,,,,,,,,,,,,,,
,,,,,,,,,,,,,,,
,,,,,,,,,,,,,,,
,,,,,,,,,,,,,,,
,,,,,,,,,,,,,,,
,,,,,,,,,,,,,,,
,,,,,,,,,,,,,,,
,,,,,,,,,,,,,,,
,,,,,,,,,,,,,,,
,,,,,,,,,,,,,,,
,,,,,,,,,,,,,,,
,,,,,,,,,,,,,,,
,,,,,,,,,,,,,,,
,,,,,,,,,,,,,,,
,,,,,,,,,,,,,,,
,,,,,,,,,,,,,,,
,,,,,,,,,,,,,,,
,,,,,,,,,,,,,,,
,,,,,,,,,,,,,,,
,,,,,,,,,,,,,,,
,,,,,,,,,,,,,,,
,,,,,,,,,,,,,,,
,,,,,,,,,,,,,,,
,,,,,,,,,,,,,,,
,,,,,,,,,,,,,,,
,,,,,,,,,,,,,,,
,,,,,,,,,,,,,,,
,,,,,,,,,,,,,,,
,,,,,,,,,,,,,,,
,,,,,,,,,,,,,,,
,,,,,,,,,,,,,,,
,,,,,,,,,,,,,,,
,,,,,,,,,,,,,,,
,,,,,,,,,,,,,,,
,,,,,,,,,,,,,,,
,,,,,,,,,,,,,,,
,,,,,,,,,,,,,,,
,,,,,,,,,,,,,,,
,,,,,,,,,,,,,,,
,,,,,,,,,,,,,,,
,,,,,,,,,,,,,,,
,,,,,,,,,,,,,,,
,,,,,,,,,,,,,,,
,,,,,,,,,,,,,,,
,,,,,,,,,,,,,,,
,,,,,,,,,,,,,,,
,,,,,,,,,,,,,,,
,,,,,,,,,,,,,,,
,,,,,,,,,,,,,,,
,,,,,,,,,,,,,,,
,,,,,,,,,,,,,,,
,,,,,,,,,,,,,,,
,,,,,,,,,,,,,,,
,,,,,,,,,,,,,,,
,,,,,,,,,,,,,,,
,,,,,,,,,,,,,,,
,,,,,,,,,,,,,,,
,,,,,,,,,,,,,,,
,,,,,,,,,,,,,,,
,,,,,,,,,,,,,,,
,,,,,,,,,,,,,,,
,,,,,,,,,,,,,,,
,,,,,,,,,,,,,,,
,,,,,,,,,,,,,,,
,,,,,,,,,,,,,,,
,,,,,,,,,,,,,,,
,,,,,,,,,,,,,,,
,,,,,,,,,,,,,,,
,,,,,,,,,,,,,,,
,,,,,,,,,,,,,,,
,,,,,,,,,,,,,,,
,,,,,,,,,,,,,,,
,,,,,,,,,,,,,,,
,,,,,,,,,,,,,,,
,,,,,,,,,,,,,,,
,,,,,,,,,,,,,,,
,,,,,,,,,,,,,,,
,,,,,,,,,,,,,,,
,,,,,,,,,,,,,,,
,,,,,,,,,,,,,,,
,,,,,,,,,,,,,,,
,,,,,,,,,,,,,,,
,,,,,,,,,,,,,,,
,,,,,,,,,,,,,,,
,,,,,,,,,,,,,,,
,,,,,,,,,,,,,,,
,,,,,,,,,,,,,,,
,,,,,,,,,,,,,,,
,,,,,,,,,,,,,,,
,,,,,,,,,,,,,,,
,,,,,,,,,,,,,,,
,,,,,,,,,,,,,,,
,,,,,,,,,,,,,,,
,,,,,,,,,,,,,,,
,,,,,,,,,,,,,,,
,,,,,,,,,,,,,,,
,,,,,,,,,,,,,,,
,,,,,,,,,,,,,,,
,,,,,,,,,,,,,,,
,,,,,,,,,,,,,,,
,,,,,,,,,,,,,,,
,,,,,,,,,,,,,,,
,,,,,,,,,,,,,,,
,,,,,,,,,,,,,,,
,,,,,,,,,,,,,,,
,,,,,,,,,,,,,,,
,,,,,,,,,,,,,,,
,,,,,,,,,,,,,,,
,,,,,,,,,,,,,,,
,,,,,,,,,,,,,,,
,,,,,,,,,,,,,,,
,,,,,,,,,,,,,,,
,,,,,,,,,,,,,,,
,,,,,,,,,,,,,,,
,,,,,,,,,,,,,,,
,,,,,,,,,,,,,,,
,,,,,,,,,,,,,,,
,,,,,,,,,,,,,,,
,,,,,,,,,,,,,,,
,,,,,,,,,,,,,,,
,,,,,,,,,,,,,,,
,,,,,,,,,,,,,,,
,,,,,,,,,,,,,,,
,,,,,,,,,,,,,,,
,,,,,,,,,,,,,,,
,,,,,,,,,,,,,,,
,,,,,,,,,,,,,,,
,,,,,,,,,,,,,,,
,,,,,,,,,,,,,,,
,,,,,,,,,,,,,,,
,,,,,,,,,,,,,,,
,,,,,,,,,,,,,,,
,,,,,,,,,,,,,,,
,,,,,,,,,,,,,,,
,,,,,,,,,,,,,,,
,,,,,,,,,,,,,,,
,,,,,,,,,,,,,,,
,,,,,,,,,,,,,,,
,,,,,,,,,,,,,,,
,,,,,,,,,,,,,,,
,,,,,,,,,,,,,,,
,,,,,,,,,,,,,,,
,,,,,,,,,,,,,,,
,,,,,,,,,,,,,,,
,,,,,,,,,,,,,,,
,,,,,,,,,,,,,,,
,,,,,,,,,,,,,,,
,,,,,,,,,,,,,,,
,,,,,,,,,,,,,,,
,,,,,,,,,,,,,,,
,,,,,,,,,,,,,,,
,,,,,,,,,,,,,,,
,,,,,,,,,,,,,,,
,,,,,,,,,,,,,,,
,,,,,,,,,,,,,,,
,,,,,,,,,,,,,,,
,,,,,,,,,,,,,,,
,,,,,,,,,,,,,,,
,,,,,,,,,,,,,,,
,,,,,,,,,,,,,,,
,,,,,,,,,,,,,,,
,,,,,,,,,,,,,,,
,,,,,,,,,,,,,,,
,,,,,,,,,,,,,,,
,,,,,,,,,,,,,,,
,,,,,,,,,,,,,,,
,,,,,,,,,,,,,,,
,,,,,,,,,,,,,,,
,,,,,,,,,,,,,,,
,,,,,,,,,,,,,,,
,,,,,,,,,,,,,,,
,,,,,,,,,,,,,,,
,,,,,,,,,,,,,,,
,,,,,,,,,,,,,,,
,,,,,,,,,,,,,,,
,,,,,,,,,,,,,,,
,,,,,,,,,,,,,,,
,,,,,,,,,,,,,,,
,,,,,,,,,,,,,,,
,,,,,,,,,,,,,,,
,,,,,,,,,,,,,,,
,,,,,,,,,,,,,,,
,,,,,,,,,,,,,,,
,,,,,,,,,,,,,,,
,,,,,,,,,,,,,,,
,,,,,,,,,,,,,,,
,,,,,,,,,,,,,,,
,,,,,,,,,,,,,,,
,,,,,,,,,,,,,,,
,,,,,,,,,,,,,,,
,,,,,,,,,,,,,,,
,,,,,,,,,,,,,,,
,,,,,,,,,,,,,,,
,,,,,,,,,,,,,,,
,,,,,,,,,,,,,,,
,,,,,,,,,,,,,,,
,,,,,,,,,,,,,,,
,,,,,,,,,,,,,,,
,,,,,,,,,,,,,,,
,,,,,,,,,,,,,,,
,,,,,,,,,,,,,,,
,,,,,,,,,,,,,,,
,,,,,,,,,,,,,,,
,,,,,,,,,,,,,,,
,,,,,,,,,,,,,,,
,,,,,,,,,,,,,,,
,,,,,,,,,,,,,,,
,,,,,,,,,,,,,,,
,,,,,,,,,,,,,,,
,,,,,,,,,,,,,,,
,,,,,,,,,,,,,,,
,,,,,,,,,,,,,,,
,,,,,,,,,,,,,,,
,,,,,,,,,,,,,,,
,,,,,,,,,,,,,,,
,,,,,,,,,,,,,,,
,,,,,,,,,,,,,,,
,,,,,,,,,,,,,,,
,,,,,,,,,,,,,,,
,,,,,,,,,,,,,,,
,,,,,,,,,,,,,,,
,,,,,,,,,,,,,,,
,,,,,,,,,,,,,,,
,,,,,,,,,,,,,,,
,,,,,,,,,,,,,,,
,,,,,,,,,,,,,,,
,,,,,,,,,,,,,,,
,,,,,,,,,,,,,,,
,,,,,,,,,,,,,,,
,,,,,,,,,,,,,,,
,,,,,,,,,,,,,,,
,,,,,,,,,,,,,,,
,,,,,,,,,,,,,,,
,,,,,,,,,,,,,,,
,,,,,,,,,,,,,,,
,,,,,,,,,,,,,,,
,,,,,,,,,,,,,,,
,,,,,,,,,,,,,,,
,,,,,,,,,,,,,,,
,,,,,,,,,,,,,,,
,,,,,,,,,,,,,,,
,,,,,,,,,,,,,,,
,,,,,,,,,,,,,,,
,,,,,,,,,,,,,,,
,,,,,,,,,,,,,,,
,,,,,,,,,,,,,,,
,,,,,,,,,,,,,,,
,,,,,,,,,,,,,,,
,,,,,,,,,,,,,,,
,,,,,,,,,,,,,,,
,,,,,,,,,,,,,,,
,,,,,,,,,,,,,,,
,,,,,,,,,,,,,,,
,,,,,,,,,,,,,,,
,,,,,,,,,,,,,,,
,,,,,,,,,,,,,,,
,,,,,,,,,,,,,,,
,,,,,,,,,,,,,,,
,,,,,,,,,,,,,,,
,,,,,,,,,,,,,,,
,,,,,,,,,,,,,,,
,,,,,,,,,,,,,,,
,,,,,,,,,,,,,,,
,,,,,,,,,,,,,,,
,,,,,,,,,,,,,,,
,,,,,,,,,,,,,,,
,,,,,,,,,,,,,,,
,,,,,,,,,,,,,,,
,,,,,,,,,,,,,,,
,,,,,,,,,,,,,,,
,,,,,,,,,,,,,,,
,,,,,,,,,,,,,,,
,,,,,,,,,,,,,,,
,,,,,,,,,,,,,,,
,,,,,,,,,,,,,,,
,,,,,,,,,,,,,,,
,,,,,,,,,,,,,,,
,,,,,,,,,,,,,,,
,,,,,,,,,,,,,,,
,,,,,,,,,,,,,,,
,,,,,,,,,,,,,,,
,,,,,,,,,,,,,,,
,,,,,,,,,,,,,,,
,,,,,,,,,,,,,,,
,,,,,,,,,,,,,,,
,,,,,,,,,,,,,,,
,,,,,,,,,,,,,,,
,,,,,,,,,,,,,,,
,,,,,,,,,,,,,,,
,,,,,,,,,,,,,,,
,,,,,,,,,,,,,,,
,,,,,,,,,,,,,,,
,,,,,,,,,,,,,,,
,,,,,,,,,,,,,,,
,,,,,,,,,,,,,,,
,,,,,,,,,,,,,,,
,,,,,,,,,,,,,,,
,,,,,,,,,,,,,,,
,,,,,,,,,,,,,,,
,,,,,,,,,,,,,,,
,,,,,,,,,,,,,,,
,,,,,,,,,,,,,,,
,,,,,,,,,,,,,,,
,,,,,,,,,,,,,,,
,,,,,,,,,,,,,,,
,,,,,,,,,,,,,,,
,,,,,,,,,,,,,,,
,,,,,,,,,,,,,,,
,,,,,,,,,,,,,,,
,,,,,,,,,,,,,,,
,,,,,,,,,,,,,,,
,,,,,,,,,,,,,,,
,,,,,,,,,,,,,,,
,,,,,,,,,,,,,,,
,,,,,,,,,,,,,,,
,,,,,,,,,,,,,,,
,,,,,,,,,,,,,,,
,,,,,,,,,,,,,,,
,,,,,,,,,,,,,,,
,,,,,,,,,,,,,,,
,,,,,,,,,,,,,,,
,,,,,,,,,,,,,,,
,,,,,,,,,,,,,,,
,,,,,,,,,,,,,,,
,,,,,,,,,,,,,,,
,,,,,,,,,,,,,,,
,,,,,,,,,,,,,,,
,,,,,,,,,,,,,,,
,,,,,,,,,,,,,,,
,,,,,,,,,,,,,,,
,,,,,,,,,,,,,,,
,,,,,,,,,,,,,,,
,,,,,,,,,,,,,,,
,,,,,,,,,,,,,,,
,,,,,,,,,,,,,,,
,,,,,,,,,,,,,,,
,,,,,,,,,,,,,,,
,,,,,,,,,,,,,,,
,,,,,,,,,,,,,,,
,,,,,,,,,,,,,,,
,,,,,,,,,,,,,,,
,,,,,,,,,,,,,,,
,,,,,,,,,,,,,,,
,,,,,,,,,,,,,,,
,,,,,,,,,,,,,,,
,,,,,,,,,,,,,,,
,,,,,,,,,,,,,,,
,,,,,,,,,,,,,,,
,,,,,,,,,,,,,,,
,,,,,,,,,,,,,,,
,,,,,,,,,,,,,,,
,,,,,,,,,,,,,,,
,,,,,,,,,,,,,,,
,,,,,,,,,,,,,,,
,,,,,,,,,,,,,,,
,,,,,,,,,,,,,,,
,,,,,,,,,,,,,,,
,,,,,,,,,,,,,,,
,,,,,,,,,,,,,,,
,,,,,,,,,,,,,,,
,,,,,,,,,,,,,,,
,,,,,,,,,,,,,,,
,,,,,,,,,,,,,,,
,,,,,,,,,,,,,,,
,,,,,,,,,,,,,,,
,,,,,,,,,,,,,,,
,,,,,,,,,,,,,,,
,,,,,,,,,,,,,,,
,,,,,,,,,,,,,,,
,,,,,,,,,,,,,,,
,,,,,,,,,,,,,,,
,,,,,,,,,,,,,,,
,,,,,,,,,,,,,,,
,,,,,,,,,,,,,,,
,,,,,,,,,,,,,,,
,,,,,,,,,,,,,,,
,,,,,,,,,,,,,,,
,,,,,,,,,,,,,,,
,,,,,,,,,,,,,,,
,,,,,,,,,,,,,,,
,,,,,,,,,,,,,,,
,,,,,,,,,,,,,,,
,,,,,,,,,,,,,,,
,,,,,,,,,,,,,,,
,,,,,,,,,,,,,,,
,,,,,,,,,,,,,,,
,,,,,,,,,,,,,,,
,,,,,,,,,,,,,,,
,,,,,,,,,,,,,,,
,,,,,,,,,,,,,,,
,,,,,,,,,,,,,,,
,,,,,,,,,,,,,,,
,,,,,,,,,,,,,,,
,,,,,,,,,,,,,,,
,,,,,,,,,,,,,,,
,,,,,,,,,,,,,,,
,,,,,,,,,,,,,,,
,,,,,,,,,,,,,,,
,,,,,,,,,,,,,,,
,,,,,,,,,,,,,,,
,,,,,,,,,,,,,,,
,,,,,,,,,,,,,,,
,,,,,,,,,,,,,,,
,,,,,,,,,,,,,,,
,,,,,,,,,,,,,,,
,,,,,,,,,,,,,,,
,,,,,,,,,,,,,,,
,,,,,,,,,,,,,,,
,,,,,,,,,,,,,,,
,,,,,,,,,,,,,,,
,,,,,,,,,,,,,,,
,,,,,,,,,,,,,,,
,,,,,,,,,,,,,,,
,,,,,,,,,,,,,,,
,,,,,,,,,,,,,,,
,,,,,,,,,,,,,,,
,,,,,,,,,,,,,,,
,,,,,,,,,,,,,,,
,,,,,,,,,,,,,,,
,,,,,,,,,,,,,,,
,,,,,,,,,,,,,,,
,,,,,,,,,,,,,,,
,,,,,,,,,,,,,,,
,,,,,,,,,,,,,,,
,,,,,,,,,,,,,,,
,,,,,,,,,,,,,,,
,,,,,,,,,,,,,,,
,,,,,,,,,,,,,,,
,,,,,,,,,,,,,,,
,,,,,,,,,,,,,,,
,,,,,,,,,,,,,,,
,,,,,,,,,,,,,,,
,,,,,,,,,,,,,,,
,,,,,,,,,,,,,,,
,,,,,,,,,,,,,,,
,,,,,,,,,,,,,,,
,,,,,,,,,,,,,,,
,,,,,,,,,,,,,,,
,,,,,,,,,,,,,,,
,,,,,,,,,,,,,,,
,,,,,,,,,,,,,,,
,,,,,,,,,,,,,,,
,,,,,,,,,,,,,,,
,,,,,,,,,,,,,,,
,,,,,,,,,,,,,,,
,,,,,,,,,,,,,,,
,,,,,,,,,,,,,,,
,,,,,,,,,,,,,,,
,,,,,,,,,,,,,,,
,,,,,,,,,,,,,,,
,,,,,,,,,,,,,,,
,,,,,,,,,,,,,,,
,,,,,,,,,,,,,,,
,,,,,,,,,,,,,,,
,,,,,,,,,,,,,,,
,,,,,,,,,,,,,,,
,,,,,,,,,,,,,,,
,,,,,,,,,,,,,,,
,,,,,,,,,,,,,,,
,,,,,,,,,,,,,,,
,,,,,,,,,,,,,,,
,,,,,,,,,,,,,,,
,,,,,,,,,,,,,,,
,,,,,,,,,,,,,,,
,,,,,,,,,,,,,,,
,,,,,,,,,,,,,,,
,,,,,,,,,,,,,,,
,,,,,,,,,,,,,,,
,,,,,,,,,,,,,,,
,,,,,,,,,,,,,,,
,,,,,,,,,,,,,,,
,,,,,,,,,,,,,,,
,,,,,,,,,,,,,,,
,,,,,,,,,,,,,,,
,,,,,,,,,,,,,,,
,,,,,,,,,,,,,,,
,,,,,,,,,,,,,,,
,,,,,,,,,,,,,,,
,,,,,,,,,,,,,,,
,,,,,,,,,,,,,,,
,,,,,,,,,,,,,,,
,,,,,,,,,,,,,,,
,,,,,,,,,,,,,,,
,,,,,,,,,,,,,,,
,,,,,,,,,,,,,,,
,,,,,,,,,,,,,,,
,,,,,,,,,,,,,,,
,,,,,,,,,,,,,,,
,,,,,,,,,,,,,,,
,,,,,,,,,,,,,,,
,,,,,,,,,,,,,,,
,,,,,,,,,,,,,,,
,,,,,,,,,,,,,,,
,,,,,,,,,,,,,,,
,,,,,,,,,,,,,,,
,,,,,,,,,,,,,,,
,,,,,,,,,,,,,,,
,,,,,,,,,,,,,,,
,,,,,,,,,,,,,,,
,,,,,,,,,,,,,,,
,,,,,,,,,,,,,,,
,,,,,,,,,,,,,,,
,,,,,,,,,,,,,,,
,,,,,,,,,,,,,,,
,,,,,,,,,,,,,,,
,,,,,,,,,,,,,,,
,,,,,,,,,,,,,,,
,,,,,,,,,,,,,,,
,,,,,,,,,,,,,,,
,,,,,,,,,,,,,,,
,,,,,,,,,,,,,,,
,,,,,,,,,,,,,,,
,,,,,,,,,,,,,,,
,,,,,,,,,,,,,,,
,,,,,,,,,,,,,,,
,,,,,,,,,,,,,,,
,,,,,,,,,,,,,,,
,,,,,,,,,,,,,,,
,,,,,,,,,,,,,,,
,,,,,,,,,,,,,,,
,,,,,,,,,,,,,,,
,,,,,,,,,,,,,,,
,,,,,,,,,,,,,,,
,,,,,,,,,,,,,,,
,,,,,,,,,,,,,,,
,,,,,,,,,,,,,,,
,,,,,,,,,,,,,,,
,,,,,,,,,,,,,,,
,,,,,,,,,,,,,,,
,,,,,,,,,,,,,,,
,,,,,,,,,,,,,,,
,,,,,,,,,,,,,,,
,,,,,,,,,,,,,,,
,,,,,,,,,,,,,,,
,,,,,,,,,,,,,,,
,,,,,,,,,,,,,,,
,,,,,,,,,,,,,,,
,,,,,,,,,,,,,,,
,,,,,,,,,,,,,,,
,,,,,,,,,,,,,,,
,,,,,,,,,,,,,,,
,,,,,,,,,,,,,,,
,,,,,,,,,,,,,,,
,,,,,,,,,,,,,,,
,,,,,,,,,,,,,,,
,,,,,,,,,,,,,,,
,,,,,,,,,,,,,,,
,,,,,,,,,,,,,,,
,,,,,,,,,,,,,,,
,,,,,,,,,,,,,,,
,,,,,,,,,,,,,,,
,,,,,,,,,,,,,,,
,,,,,,,,,,,,,,,
,,,,,,,,,,,,,,,
,,,,,,,,,,,,,,,
,,,,,,,,,,,,,,,
,,,,,,,,,,,,,,,
,,,,,,,,,,,,,,,
,,,,,,,,,,,,,,,
,,,,,,,,,,,,,,,
,,,,,,,,,,,,,,,
,,,,,,,,,,,,,,,
,,,,,,,,,,,,,,,
,,,,,,,,,,,,,,,
,,,,,,,,,,,,,,,
,,,,,,,,,,,,,,,
,,,,,,,,,,,,,,,
,,,,,,,,,,,,,,,
,,,,,,,,,,,,,,,
,,,,,,,,,,,,,,,
,,,,,,,,,,,,,,,
,,,,,,,,,,,,,,,
,,,,,,,,,,,,,,,
,,,,,,,,,,,,,,,
,,,,,,,,,,,,,,,
,,,,,,,,,,,,,,,
,,,,,,,,,,,,,,,
,,,,,,,,,,,,,,,
,,,,,,,,,,,,,,,
,,,,,,,,,,,,,,,
,,,,,,,,,,,,,,,
,,,,,,,,,,,,,,,
,,,,,,,,,,,,,,,
,,,,,,,,,,,,,,,
,,,,,,,,,,,,,,,
,,,,,,,,,,,,,,,
,,,,,,,,,,,,,,,
,,,,,,,,,,,,,,,
,,,,,,,,,,,,,,,
,,,,,,,,,,,,,,,
,,,,,,,,,,,,,,,
,,,,,,,,,,,,,,,
,,,,,,,,,,,,,,,
,,,,,,,,,,,,,,,
,,,,,,,,,,,,,,,
,,,,,,,,,,,,,,,
,,,,,,,,,,,,,,,
,,,,,,,,,,,,,,,
,,,,,,,,,,,,,,,
,,,,,,,,,,,,,,,
,,,,,,,,,,,,,,,
,,,,,,,,,,,,,,,
,,,,,,,,,,,,,,,
,,,,,,,,,,,,,,,
,,,,,,,,,,,,,,,
,,,,,,,,,,,,,,,
,,,,,,,,,,,,,,,
,,,,,,,,,,,,,,,
,,,,,,,,,,,,,,,
,,,,,,,,,,,,,,,
,,,,,,,,,,,,,,,
,,,,,,,,,,,,,,,
,,,,,,,,,,,,,,,
,,,,,,,,,,,,,,,
,,,,,,,,,,,,,,,
,,,,,,,,,,,,,,,
,,,,,,,,,,,,,,,
,,,,,,,,,,,,,,,
,,,,,,,,,,,,,,,
,,,,,,,,,,,,,,,
,,,,,,,,,,,,,,,
,,,,,,,,,,,,,,,
,,,,,,,,,,,,,,,
,,,,,,,,,,,,,,,
,,,,,,,,,,,,,,,
,,,,,,,,,,,,,,,
,,,,,,,,,,,,,,,
,,,,,,,,,,,,,,,
,,,,,,,,,,,,,,,
,,,,,,,,,,,,,,,
,,,,,,,,,,,,,,,
,,,,,,,,,,,,,,,
,,,,,,,,,,,,,,,
,,,,,,,,,,,,,,,
,,,,,,,,,,,,,,,
,,,,,,,,,,,,,,,
,,,,,,,,,,,,,,,
,,,,,,,,,,,,,,,
,,,,,,,,,,,,,,,
,,,,,,,,,,,,,,,
,,,,,,,,,,,,,,,
,,,,,,,,,,,,,,,
,,,,,,,,,,,,,,,
,,,,,,,,,,,,,,,
,,,,,,,,,,,,,,,
,,,,,,,,,,,,,,,
,,,,,,,,,,,,,,,
,,,,,,,,,,,,,,,
,,,,,,,,,,,,,,,
,,,,,,,,,,,,,,,
,,,,,,,,,,,,,,,
,,,,,,,,,,,,,,,
,,,,,,,,,,,,,,,
,,,,,,,,,,,,,,,
,,,,,,,,,,,,,,,
,,,,,,,,,,,,,,,
,,,,,,,,,,,,,,,
,,,,,,,,,,,,,,,
,,,,,,,,,,,,,,,
,,,,,,,,,,,,,,,
,,,,,,,,,,,,,,,
,,,,,,,,,,,,,,,
,,,,,,,,,,,,,,,
,,,,,,,,,,,,,,,
,,,,,,,,,,,,,,,
,,,,,,,,,,,,,,,
,,,,,,,,,,,,,,,
,,,,,,,,,,,,,,,
,,,,,,,,,,,,,,,
,,,,,,,,,,,,,,,
,,,,,,,,,,,,,,,
,,,,,,,,,,,,,,,
,,,,,,,,,,,,,,,
,,,,,,,,,,,,,,,
,,,,,,,,,,,,,,,
,,,,,,,,,,,,,,,
,,,,,,,,,,,,,,,
,,,,,,,,,,,,,,,
,,,,,,,,,,,,,,,
,,,,,,,,,,,,,,,
,,,,,,,,,,,,,,,
,,,,,,,,,,,,,,,
,,,,,,,,,,,,,,,
,,,,,,,,,,,,,,,
,,,,,,,,,,,,,,,
,,,,,,,,,,,,,,,
,,,,,,,,,,,,,,,
,,,,,,,,,,,,,,,
,,,,,,,,,,,,,,,
,,,,,,,,,,,,,,,
,,,,,,,,,,,,,,,
,,,,,,,,,,,,,,,
,,,,,,,,,,,,,,,
,,,,,,,,,,,,,,,
,,,,,,,,,,,,,,,
,,,,,,,,,,,,,,,
,,,,,,,,,,,,,,,
,,,,,,,,,,,,,,,
,,,,,,,,,,,,,,,
,,,,,,,,,,,,,,,
,,,,,,,,,,,,,,,
,,,,,,,,,,,,,,,
,,,,,,,,,,,,,,,
,,,,,,,,,,,,,,,
,,,,,,,,,,,,,,,
,,,,,,,,,,,,,,,
,,,,,,,,,,,,,,,
,,,,,,,,,,,,,,,
,,,,,,,,,,,,,,,
,,,,,,,,,,,,,,,
,,,,,,,,,,,,,,,
,,,,,,,,,,,,,,,
,,,,,,,,,,,,,,,
,,,,,,,,,,,,,,,
,,,,,,,,,,,,,,,
,,,,,,,,,,,,,,,
,,,,,,,,,,,,,,,
,,,,,,,,,,,,,,,
,,,,,,,,,,,,,,,
,,,,,,,,,,,,,,,
,,,,,,,,,,,,,,,
,,,,,,,,,,,,,,,
,,,,,,,,,,,,,,,
,,,,,,,,,,,,,,,
,,,,,,,,,,,,,,,
,,,,,,,,,,,,,,,
,,,,,,,,,,,,,,,
,,,,,,,,,,,,,,,
,,,,,,,,,,,,,,,
,,,,,,,,,,,,,,,
,,,,,,,,,,,,,,,
,,,,,,,,,,,,,,,
,,,,,,,,,,,,,,,
,,,,,,,,,,,,,,,
,,,,,,,,,,,,,,,
,,,,,,,,,,,,,,,
,,,,,,,,,,,,,,,
,,,,,,,,,,,,,,,
,,,,,,,,,,,,,,,
,,,,,,,,,,,,,,,
,,,,,,,,,,,,,,,
,,,,,,,,,,,,,,,
,,,,,,,,,,,,,,,
,,,,,,,,,,,,,,,
,,,,,,,,,,,,,,,
,,,,,,,,,,,,,,,
,,,,,,,,,,,,,,,
,,,,,,,,,,,,,,,
,,,,,,,,,,,,,,,
,,,,,,,,,,,,,,,
,,,,,,,,,,,,,,,
,,,,,,,,,,,,,,,
,,,,,,,,,,,,,,,
,,,,,,,,,,,,,,,
,,,,,,,,,,,,,,,
,,,,,,,,,,,,,,,
,,,,,,,,,,,,,,,
,,,,,,,,,,,,,,,
,,,,,,,,,,,,,,,
,,,,,,,,,,,,,,,
,,,,,,,,,,,,,,,
,,,,,,,,,,,,,,,
,,,,,,,,,,,,,,,
,,,,,,,,,,,,,,,
,,,,,,,,,,,,,,,
,,,,,,,,,,,,,,,
,,,,,,,,,,,,,,,
,,,,,,,,,,,,,,,
,,,,,,,,,,,,,,,
,,,,,,,,,,,,,,,
,,,,,,,,,,,,,,,
,,,,,,,,,,,,,,,
,,,,,,,,,,,,,,,
,,,,,,,,,,,,,,,
,,,,,,,,,,,,,,,
,,,,,,,,,,,,,,,
,,,,,,,,,,,,,,,
,,,,,,,,,,,,,,,
,,,,,,,,,,,,,,,
,,,,,,,,,,,,,,,
,,,,,,,,,,,,,,,
,,,,,,,,,,,,,,,
,,,,,,,,,,,,,,,
,,,,,,,,,,,,,,,
,,,,,,,,,,,,,,,
,,,,,,,,,,,,,,,
,,,,,,,,,,,,,,,
,,,,,,,,,,,,,,,
,,,,,,,,,,,,,,,
,,,,,,,,,,,,,,,
,,,,,,,,,,,,,,,
,,,,,,,,,,,,,,,
,,,,,,,,,,,,,,,
,,,,,,,,,,,,,,,
,,,,,,,,,,,,,,,
,,,,,,,,,,,,,,,
,,,,,,,,,,,,,,,
,,,,,,,,,,,,,,,
,,,,,,,,,,,,,,,
,,,,,,,,,,,,,,,
,,,,,,,,,,,,,,,
,,,,,,,,,,,,,,,
,,,,,,,,,,,,,,,
,,,,,,,,,,,,,,,
,,,,,,,,,,,,,,,
,,,,,,,,,,,,,,,
,,,,,,,,,,,,,,,
,,,,,,,,,,,,,,,
,,,,,,,,,,,,,,,
,,,,,,,,,,,,,,,
,,,,,,,,,,,,,,,
,,,,,,,,,,,,,,,
,,,,,,,,,,,,,,,
,,,,,,,,,,,,,,,
,,,,,,,,,,,,,,,
,,,,,,,,,,,,,,,
,,,,,,,,,,,,,,,
,,,,,,,,,,,,,,,
,,,,,,,,,,,,,,,
,,,,,,,,,,,,,,,
,,,,,,,,,,,,,,,
,,,,,,,,,,,,,,,
,,,,,,,,,,,,,,,
,,,,,,,,,,,,,,,
,,,,,,,,,,,,,,,
,,,,,,,,,,,,,,,
,,,,,,,,,,,,,,,
,,,,,,,,,,,,,,,
,,,,,,,,,,,,,,,
,,,,,,,,,,,,,,,
,,,,,,,,,,,,,,,
,,,,,,,,,,,,,,,
,,,,,,,,,,,,,,,
,,,,,,,,,,,,,,,
,,,,,,,,,,,,,,,
,,,,,,,,,,,,,,,
,,,,,,,,,,,,,,,
,,,,,,,,,,,,,,,
,,,,,,,,,,,,,,,
,,,,,,,,,,,,,,,
,,,,,,,,,,,,,,,
,,,,,,,,,,,,,,,
,,,,,,,,,,,,,,,
,,,,,,,,,,,,,,,
,,,,,,,,,,,,,,,
,,,,,,,,,,,,,,,
,,,,,,,,,,,,,,,
,,,,,,,,,,,,,,,
,,,,,,,,,,,,,,,
,,,,,,,,,,,,,,,
,,,,,,,,,,,,,,,
,,,,,,,,,,,,,,,
,,,,,,,,,,,,,,,
,,,,,,,,,,,,,,,
,,,,,,,,,,,,,,,
,,,,,,,,,,,,,,,
,,,,,,,,,,,,,,,
,,,,,,,,,,,,,,,
,,,,,,,,,,,,,,,
,,,,,,,,,,,,,,,
,,,,,,,,,,,,,,,
,,,,,,,,,,,,,,,
,,,,,,,,,,,,,,,
,,,,,,,,,,,,,,,
,,,,,,,,,,,,,,,
,,,,,,,,,,,,,,,
,,,,,,,,,,,,,,,
,,,,,,,,,,,,,,,
,,,,,,,,,,,,,,,
,,,,,,,,,,,,,,,
,,,,,,,,,,,,,,,
,,,,,,,,,,,,,,,
,,,,,,,,,,,,,,,
,,,,,,,,,,,,,,,
,,,,,,,,,,,,,,,
,,,,,,,,,,,,,,,
,,,,,,,,,,,,,,,
,,,,,,,,,,,,,,,
,,,,,,,,,,,,,,,
,,,,,,,,,,,,,,,
,,,,,,,,,,,,,,,
,,,,,,,,,,,,,,,
,,,,,,,,,,,,,,,
,,,,,,,,,,,,,,,
,,,,,,,,,,,,,,,
,,,,,,,,,,,,,,,
,,,,,,,,,,,,,,,
,,,,,,,,,,,,,,,
,,,,,,,,,,,,,,,
,,,,,,,,,,,,,,,
,,,,,,,,,,,,,,,
,,,,,,,,,,,,,,,
,,,,,,,,,,,,,,,
,,,,,,,,,,,,,,,
,,,,,,,,,,,,,,,
,,,,,,,,,,,,,,,
,,,,,,,,,,,,,,,
,,,,,,,,,,,,,,,
,,,,,,,,,,,,,,,
,,,,,,,,,,,,,,,
,,,,,,,,,,,,,,,
,,,,,,,,,,,,,,,
,,,,,,,,,,,,,,,
,,,,,,,,,,,,,,,
,,,,,,,,,,,,,,,
,,,,,,,,,,,,,,,
,,,,,,,,,,,,,,,
,,,,,,,,,,,,,,,
,,,,,,,,,,,,,,,
,,,,,,,,,,,,,,,
,,,,,,,,,,,,,,,
,,,,,,,,,,,,,,,
,,,,,,,,,,,,,,,
,,,,,,,,,,,,,,,
,,,,,,,,,,,,,,,
,,,,,,,,,,,,,,,
,,,,,,,,,,,,,,,
,,,,,,,,,,,,,,,
,,,,,,,,,,,,,,,
,,,,,,,,,,,,,,,
,,,,,,,,,,,,,,,
,,,,,,,,,,,,,,,
,,,,,,,,,,,,,,,
,,,,,,,,,,,,,,,
,,,,,,,,,,,,,,,
,,,,,,,,,,,,,,,
,,,,,,,,,,,,,,,
,,,,,,,,,,,,,,,
,,,,,,,,,,,,,,,
,,,,,,,,,,,,,,,
,,,,,,,,,,,,,,,
,,,,,,,,,,,,,,,
,,,,,,,,,,,,,,,
,,,,,,,,,,,,,,,
,,,,,,,,,,,,,,,
,,,,,,,,,,,,,,,
,,,,,,,,,,,,,,,
,,,,,,,,,,,,,,,
,,,,,,,,,,,,,,,
,,,,,,,,,,,,,,,
,,,,,,,,,,,,,,,
,,,,,,,,,,,,,,,
,,,,,,,,,,,,,,,
,,,,,,,,,,,,,,,
,,,,,,,,,,,,,,,
,,,,,,,,,,,,,,,
,,,,,,,,,,,,,,,
,,,,,,,,,,,,,,,
,,,,,,,,,,,,,,,
,,,,,,,,,,,,,,,
,,,,,,,,,,,,,,,
,,,,,,,,,,,,,,,
,,,,,,,,,,,,,,,
,,,,,,,,,,,,,,,
,,,,,,,,,,,,,,,
,,,,,,,,,,,,,,,
,,,,,,,,,,,,,,,
,,,,,,,,,,,,,,,
,,,,,,,,,,,,,,,
,,,,,,,,,,,,,,,
,,,,,,,,,,,,,,,
,,,,,,,,,,,,,,,
,,,,,,,,,,,,,,,
,,,,,,,,,,,,,,,
,,,,,,,,,,,,,,,
,,,,,,,,,,,,,,,
,,,,,,,,,,,,,,,
,,,,,,,,,,,,,,,
,,,,,,,,,,,,,,,
,,,,,,,,,,,,,,,
,,,,,,,,,,,,,,,
,,,,,,,,,,,,,,,
,,,,,,,,,,,,,,,
,,,,,,,,,,,,,,,
,,,,,,,,,,,,,,,
,,,,,,,,,,,,,,,
,,,,,,,,,,,,,,,
,,,,,,,,,,,,,,,
,,,,,,,,,,,,,,,
,,,,,,,,,,,,,,,
,,,,,,,,,,,,,,,
,,,,,,,,,,,,,,,
,,,,,,,,,,,,,,,
,,,,,,,,,,,,,,,
,,,,,,,,,,,,,,,
,,,,,,,,,,,,,,,
,,,,,,,,,,,,,,,
,,,,,,,,,,,,,,,
,,,,,,,,,,,,,,,
,,,,,,,,,,,,,,,
,,,,,,,,,,,,,,,
,,,,,,,,,,,,,,,
,,,,,,,,,,,,,,,
,,,,,,,,,,,,,,,
,,,,,,,,,,,,,,,
,,,,,,,,,,,,,,,
,,,,,,,,,,,,,,,
,,,,,,,,,,,,,,,
,,,,,,,,,,,,,,,
,,,,,,,,,,,,,,,
,,,,,,,,,,,,,,,
,,,,,,,,,,,,,,,
,,,,,,,,,,,,,,,
,,,,,,,,,,,,,,,
,,,,,,,,,,,,,,,
,,,,,,,,,,,,,,,
,,,,,,,,,,,,,,,
,,,,,,,,,,,,,,,
,,,,,,,,,,,,,,,
,,,,,,,,,,,,,,,
,,,,,,,,,,,,,,,
,,,,,,,,,,,,,,,
,,,,,,,,,,,,,,,
,,,,,,,,,,,,,,,
,,,,,,,,,,,,,,,
,,,,,,,,,,,,,,,
,,,,,,,,,,,,,,,
,,,,,,,,,,,,,,,
,,,,,,,,,,,,,,,
,,,,,,,,,,,,,,,
,,,,,,,,,,,,,,,
,,,,,,,,,,,,,,,
,,,,,,,,,,,,,,,
,,,,,,,,,,,,,,,
,,,,,,,,,,,,,,,
,,,,,,,,,,,,,,,
,,,,,,,,,,,,,,,
