,rmse,skill
299,,
598,,
899,,
1198,,
1499,,
1798,,
2099,4.45497210257036,-0.020499078396576387
2398,3.2203993496219248,-0.002926977336279668
2699,2.354414623140878,-0.0702985144485635
2999,,
3298,1.7790209213488302,-2.8920387771080645
3599,2.065623115024267,-0.09486548116604543
3898,,
4199,2.416829652476874,0.3351689535748752
4498,,
4799,,
5098,,
5399,,
5699,,
5998,,
6299,,
6598,,
6899,,
7198,,
7499,,
7798,,
8099,,
8399,,
8698,,
8999,,
9298,,
9599,,
9898,,
10199,,
10498,,
10799,,
11099,,
11398,,
11699,,
11998,,
12299,,
12598,,
12899,2.7178549546246566,-8.85104932429131
13198,2.7168508417823536,-9.929916707105518
13499,2.444317568787541,-1.9649446099855794
13799,2.8207797662401735,-5.072700439726141
14098,2.6366984641758595,-6.68872400910547
14399,2.6868966400608265,-4.537635537646974
14698,2.6940643107726836,-4.687920213377237
14999,3.4420682386674577,-5.67618629202176
15298,2.91817643682837,-1.3854823825144007
15599,2.9205658306044033,-1.7876317853306305
15898,2.7481216452866173,-1.459382536340598
16199,3.090195909663044,-2.661143691231962
16499,2.738101574224486,-1.2821219958499115
16798,3.1565257485092393,-1.6222039017319054
17099,2.786554173707764,-1.5323077887111998
17398,3.0573298758991787,-1.8765602999313615
17699,2.590825311470603,-1.5309776671968223
17998,2.9594909048762568,-2.1997545116718897
18299,2.597638056163381,-3.0814663615995954
18598,2.754672671351015,-3.805810419797827
18899,2.2016538638401575,-2.084780820899177
19199,2.6864422325771473,-4.692377133429828
19498,2.3934455724485657,-4.842072962200922
19799,2.9703926809968273,-9.004796426968404
20098,2.3972937843917945,-7.0101304022752675
20399,2.8899415333870087,-2.6574825092179517
20698,,
20999,2.4897719747333182,-9.446864518249207
21298,,
21599,,
21899,2.0937454333363696,-9.325234225632864
22198,,
22499,,
22798,,
23099,,
23398,,
23699,,
23998,,
24299,2.2072688687903317,-9.027626766912885
24599,,
24898,,
25199,,
25498,,
25799,,
26098,,
26399,,
26698,,
26999,,
27299,,
27598,,
27899,,
28198,,
28499,,
28798,0.19092813768504752,0.15043375289368421
29099,0.16681077244407413,0.7436706281479531
29398,0.20079308260287393,0.5663936957313283
29699,0.15780954098895847,0.7034573473285465
29999,0.18902027694607007,0.7609401892443339
30298,0.17768748097911935,0.6335592929447913
30599,0.1922203126755911,0.7286456925777296
30898,0.23199544690707252,0.7038854047395362
31199,0.25394287980693186,0.36641905033356303
31498,0.20270293272680456,0.6294731589969216
31799,0.22894319517730224,0.40761504175569896
32098,0.22863067811019805,0.4591547355935207
32399,0.25915689490736576,-0.1652338963155715
32699,0.21050041349908694,0.4020470704201009
32998,0.24663287691430455,0.5249250835570264
33299,0.20274227541684967,0.5657632848758216
33598,0.4228499680912138,0.6435767797791874
33899,0.21397822436491623,0.4209092447314755
34198,0.21402181317208388,0.5927647732049487
34499,0.9048994201113122,0.14796317659198022
34798,0.2699168937578941,0.4238800688851355
35099,0.28709910727322296,-0.3988510678579358
35399,0.3528660348276845,-1.4728339608343122
35698,0.3875257244711414,0.20469559702404516
35999,5.0118719676607,-0.11615615219949804
36298,1.6613873120234541,-0.04828836075842324
36599,0.830939113080696,0.3460231157158723
36898,0.4177970401702771,-3.3032139060244097
37199,8.058852384338506,-0.1956059041892304
37498,0.48154046421078917,0.2100230607707082
37799,0.8049692707290579,0.21958510138465426
38099,1.25601335599912,0.06720679178067801
38398,0.40886109404291077,0.07160487365974222
38699,0.4071357874415483,-1.4087463064863655
38998,0.39857740338039666,0.17770401939034453
39299,97.52251236426532,-0.4924379790780511
39598,0.4340557662018702,-4.219094647990577
39899,0.38665601115526693,-2.8842925979534497
40198,0.41881747926217183,-3.977441975246559
40499,0.4265504211303609,-1.7327559290498566
40799,0.42458362867652366,-4.074318926750635
41098,0.38980542742616936,-2.977042826666712
41399,0.3737350797595027,-3.086873435001375
41698,0.3610175836708367,-1.9863060286209637
41999,0.3513021773027812,-1.8527813861178766
42298,0.3659466652183162,-2.2839682361422624
42599,0.3232264632004335,-0.3665897815715038
42898,0.35745468390997276,-1.7681893766185466
43199,0.3644709262962171,-1.955713529467073
43499,0.38511423231889225,-1.927535561143328
43798,0.38140488733325406,-2.2154676100542656
44099,0.41104907759543324,0.09122698178389643
44398,40.15219356177925,-0.16737393831143632
44699,0.425806513435106,-2.8434243761833122
44998,0.3557097608005071,-1.3994818613952824
45299,0.44075318310177264,-3.2395460546214068
45598,0.42151235299690026,-3.2044833176975933
45899,0.412622848412737,-3.048248374756094
46199,0.44990633645890227,-2.419134891171709
46498,0.445419777100106,-2.7316791944068095
46799,0.4414446965214022,-2.3975149224718546
47098,0.4428613424797355,-2.449565336279069
47399,0.39835977563506,-2.1428046758541557
47698,0.42935549262508743,-1.7818700672331005
47999,0.39420038894741816,-1.8753828442764258
48298,0.6007279168125875,-0.027575769975376696
48599,0.5000270747084206,-0.8761598644172668
48899,0.7676505585139765,-0.00204065223473493
49198,0.976468872575152,0.013204226251592233
49499,0.6751259377913124,-0.048294239244303094
49798,1.0188276822696596,-0.026912061931477993
50099,2.418468943393231,-0.10914431796835666
50398,3.046796065721934,-0.1159001841871159
50699,5.58653619859005,-0.14032944765553568
50998,6.0750903828307905,-0.1521942218508059
51299,8.403662322992828,-0.1400806608531835
51599,6.965444725712734,-0.1421275435487066
51898,3.2391359137335685,-0.10794194462705087
52199,9.204597798673383,-0.16895626863503965
52498,8.969421313622455,-0.17430849275234972
52799,10.748801168674056,-0.27780662262992495
53098,13.26132791412645,-0.2953859508521848
53399,9.488365820580155,-0.2732348963680382
53698,22.870197871730618,-0.27760803157418135
53999,41.5529152600709,-0.19177423960159112
54299,65.00242684925838,-0.2581666601503394
54598,89.14404630967505,-0.21235314159143726
54899,,
55198,1.229995119735791,0.015371606746380606
55499,1.2711231146821962,0.1274234657868848
55798,77.98266757471674,-0.25077682498550047
56099,52.66223124664267,-0.28038867838196646
56398,23.020376945989224,-0.28004425873561467
56699,9.700434550719045,-0.3639272630806607
56999,29.62356437863866,-0.6680746692948438
57298,1.5351729415654585,-0.27393359321171995
57599,1.6668102477971718,-0.28842687167303493
57898,1.7966424519948032,-0.29405201465590824
58199,1.7887587490283654,-0.28453287103242086
58498,1.8648221214612353,-0.27037779239893234
58799,1.7707105216068375,-0.2619556182273255
59098,1.7838768657853106,-0.24634443284641572
59399,1.803529420435773,-0.2863521042568167
59699,1.6654007759358287,-0.31425029089118817
59998,1.4466798931649953,-0.21169323783220384
60299,1.3012616750886066,-0.208778202471539
60598,1.1752291871801914,-0.24189335249516564
60899,1.0149831273130843,-0.27214776501788407
61198,0.9644574832200258,-0.132118915355514
61499,0.7668278772585131,0.2872950156203302
61798,0.7236990365341791,-0.8096624225335087
62099,0.6294168051690773,-0.3640124911892806
62399,0.6992688189676883,-1.0527620398439295
62698,2.918698413168753,-0.1370127078736716
62999,0.725551432060281,-0.9239753805504334
63298,15.988787302547983,-0.34998707947003993
63599,2.504278421277261,-0.09843976267360732
63898,0.6284458815851224,-0.33306488106898624
64199,0.6688253105425381,-0.7934694604447778
64498,0.6505961264954663,-0.8772598054043754
64799,0.5910271725826485,-0.5795628536230746
65099,0.6036619632778737,-0.729868777527314
65398,0.61195525163667,-0.9216906335222665
65699,0.6045038194901978,-0.9247642091633628
65998,0.5814334919346421,-0.8856443980807762
66299,0.5552165666661237,-0.9535958334017935
66598,0.5064527585735311,-1.066987083601549
66899,0.4842548398814015,-0.8586458248137498
67198,0.7187993249811421,-0.07347969900884754
67499,0.4372233295411236,-0.6760974896473626
67799,0.4443315026459962,-0.8963453582401195
68098,0.40693060877562587,-0.9792776902812463
68399,0.3724902001040188,-1.0449791224858305
68698,0.3598668076338672,-0.7597873883726767
68999,0.311293914919776,-0.03149440436207063
69298,0.33034232867547764,0.020346908259332386
69599,0.30519701108817554,-0.042773713800445146
69898,0.33540176760051604,-0.08493831234067595
70199,0.35604147025609384,-0.27643434284964896
70499,0.36264149316581595,-0.3047169666080156
70798,2.183095218339524,-0.8900612632884655
71099,0.3426804115499008,0.09536904928267653
71398,0.46134772219466996,0.08571877337366984
71699,0.35978883357661423,0.24832932147144038
71998,0.38414891640080473,0.22070931974608743
72299,0.37058925125354775,0.299504899500296
72598,0.34439836409857155,0.2574708246131491
72899,0.32172066196073645,0.42712116306730674
73199,0.33207304648757974,0.4757223053257643
73498,2.2472077083446798,0.003518792863568043
73799,0.30414949904372146,0.3828320648667315
74098,0.2939126740801723,0.5514732405989375
74399,0.33397677121865815,0.5148253937852009
74698,0.35935323442027894,0.6107695250695593
74999,0.3368206376575752,0.6428377617062625
75298,0.3244543471235292,0.6670952295784796
75599,0.3433620216074419,0.6800324659090551
75899,0.3384200533181489,0.659160693312296
76198,0.250270784510476,0.6105791441850732
76499,0.3839396271715555,0.6441143996296096
76798,4.122329561398271,-0.05005647879099051
77099,1.0050474392712088,0.2362092327324563
77398,11.90307718735857,-0.1730837722236629
77699,1.4056111576970312,0.1264794219122749
77998,3.2183190750905286,-0.030289599957118662
78299,1.7709797009105506,0.07683583457185861
78599,8.159685072568898,-0.10928909266777764
78898,19.938322282923476,-0.15894584412018298
79199,9.224060567055009,-0.12161366902918669
79498,45.82040009606297,-0.1750437685472528
79799,41.125226468946614,-0.16751164706294497
80098,45.52608641914034,-0.2541306793025251
80399,28.901670332091733,-0.3593141082249076
80698,0.9151228543297927,0.3534234851057386
80999,16.194464912835016,-0.36196771514736104
81299,102.46419233858246,-0.28118419941096495
81598,8.031301708195537,-0.15035777006248563
81899,0.22901173550907755,0.8217569026646334
82198,0.26632647416417005,0.7810387192327226
82499,0.22406491123364042,0.7626157143590186
82798,0.21781611277649493,0.7620840228633259
83099,0.2138993680971749,0.6521245762862511
83398,0.2324208822268045,0.641534891671238
83699,0.2431631689189341,0.48224194170031587
83999,0.23573444184023046,0.6187570228393793
84298,0.27029315647695207,0.003960528832498866
84599,0.268772584947248,0.4909746996663229
84898,0.2884253613542669,-0.16661960851549384
85199,0.2910546952661621,-0.07790723354695572
85498,0.355301712494583,-1.010101417983586
85799,0.363468954621666,-1.3469242396795873
86098,0.3864524619072758,-2.210850890033685
86399,0.36498061191101777,-1.5393398593260166
86699,0.4065599674605165,-2.9591273696404357
86998,0.38822151602301647,-2.5241372656685184
87299,0.4322332482845906,-3.782381255778418
87598,0.4305544909234794,-3.582395910263264
87899,0.445861303004498,-4.171515792962348
88198,0.40540588710634984,-3.027930775463636
88499,0.4259877971711646,-3.9070102336011185
88798,0.40006449655275483,-2.9228294030492847
89099,0.4302616888814585,-3.8873143047969965
89399,0.42306349718932884,-3.8033365975475695
89698,0.45111014515692144,-4.653913247546822
89999,0.42306640684966024,-3.2492219553120174
90298,0.43068671889763765,-3.204553249112637
90599,0.4230098773311993,-3.518459238813727
90898,0.4300607469810873,-3.1291267979330195
91199,0.4289911186457645,-3.3222770068290277
91498,0.4175908564393042,-2.3882188116797227
91799,0.6636646062041335,0.17381560179327837
92099,0.39116701537149057,-2.021442100595917
92398,0.409520658193936,-1.2103060380395405
92699,0.4195885811276516,-2.192567277088964
92998,0.42217333061527745,-2.3081637780331072
93299,0.442454120406471,-2.168437133941985
93598,6.089643481563952,-0.09070621601039663
93899,0.5894394271817618,0.31996640874628146
94198,1.6035104630205335,0.06823505316654832
94499,1.64630927706099,0.06796931050764254
94799,0.7479213863191494,0.30350961493156536
95098,7.322393803203495,-0.18178137238957026
95399,2.3262534782593125,-0.08272429299116535
95698,2.9510809131196805,-0.08345619171772856
95999,6.0037736061748195,-0.07150511286067784
96298,6.058133038294901,-0.07235784450414462
96599,5.0585979983805505,-0.0805103810381056
96898,5.830616947195667,-0.0839565488197136
97199,5.009535556514104,-0.08068898817428272
97499,2.5598084405531187,-0.08122314821543997
97798,1.1198971235848876,-0.1329816039168512
98099,1.0730144576034064,-0.12023756358366544
98398,2.039464806420604,-0.08866388003068737
98699,3.232036937381251,-0.09087639115830592
98998,0.4275418399012646,-1.9836622391014647
99299,0.4153308059387746,-1.976503358631418
99598,0.41088306216929804,-1.6067321127583432
99899,0.39932857875168315,-1.8231122564627773
100199,0.3797313904235018,-1.4665339760739409
100498,0.379434671407715,-1.783892242372751
100799,0.40548502794685515,-1.6464233933299877
101098,0.37838131358068733,-1.3844520075134672
101399,0.38606995607280353,-1.119594412041307
101698,9.76592494826997,-0.1488446459517485
101999,0.3072393854101401,-0.5686986987098452
102298,0.3202797108854762,-0.8018484280011564
102599,0.5287047256726982,0.15298169891828273
102899,0.3466084848502097,-1.1750136037419323
103198,0.34022547273845977,-0.8379357947367752
103499,0.37100686373333297,-1.6384567779776416
103798,0.37140329561325547,-1.3294142496151466
104099,0.37424431649906365,-1.388403909272971
104398,0.32053843150655237,-0.5755826858134732
104699,0.3499514990308321,-1.075630175944882
104998,0.3847231001709043,-0.8627989576786428
105299,0.37010574037097177,-0.8848310744890675
105599,0.3742246513648043,-1.3394893260412992
105898,0.3391976524660173,-0.6153754998679526
106199,0.4116510550384155,-1.6776084737962025
106498,0.40216024105230436,-1.530681587049758
106799,0.3790241188648043,-1.2391389720191968
107098,0.3920911276658583,-1.5483359524055107
107399,0.3760856169521438,-0.9370741629238255
107698,0.3683735069661491,-0.9352527478065185
107999,0.35987775571151953,-0.7481859296410045
108299,0.3209140998848481,0.5341887685378393
108598,0.33923205055460026,-0.24426934614335583
108899,0.2724290719487576,0.010886975047878833
109198,0.3257720192496836,-0.08630445833762934
109499,0.2792790296496241,0.10954199412973398
109798,0.31032090392036676,-0.14597830712173976
110099,0.28633437141099116,0.14661475814273717
110398,0.2822329217462929,0.2857106531973145
110699,0.28705551214258906,-0.03253936069654606
110999,0.26665740978842234,0.15383842666045466
111298,0.2292445984344876,0.3057759231682967
111599,0.24915752155462612,0.06949209698679615
111898,0.2603123554364541,0.02467698058311507
112199,0.24173270522282614,0.38382232443340303
112498,0.24148879837638526,0.11651905003070162
112799,0.20502486233501013,0.36928103802898693
113098,0.18011783071744922,0.5508263792087874
113399,0.19475764845853621,0.5650192521669422
113699,0.19926060202077853,0.61844240061334
113998,0.23068260351040826,0.7360505393337733
114299,0.1838984959786172,0.498792896145388
114598,0.22068987796319706,0.7790525017036805
114899,0.22257304723403046,0.7644898896088229
115198,0.18886012769467853,0.7114769073887239
115499,0.21197500282893786,0.7276711307451209
115798,0.2325828710116918,0.7871955918451676
116099,0.21925316718633406,0.7816436360900836
116399,0.2251702265716608,0.7884693268737617
116698,0.20143804709034688,0.676876019324099
116999,0.19574699744618648,0.72450918120367
117298,0.23720213468959633,0.6860307707400682
117599,0.2342007626250691,0.46530164373638483
117898,0.2920121710176941,0.47123779802982046
118199,0.2827393760571624,0.3824889018768759
118498,0.2801981082631808,0.22705365111538633
118799,0.27551474793679187,0.32585389234550566
119099,0.3812909007701253,0.0004531614935918693
119398,0.31614844178135254,-0.2724510656988035
119699,0.4095019783510273,0.3404683293531533
119998,0.40778502834099695,-1.0327847717027958
120299,0.3808742498394533,0.33719691622806336
120598,0.4300013616645758,-0.35534003382007695
120899,0.4274854310502623,-1.1815201123782177
121198,0.3532703496450088,0.02615192633373009
121499,0.4245727587805842,-1.4483350953923106
121799,0.45918222834887346,-1.5319808061008255
122098,0.4492405234831327,-1.7402895093724124
122399,0.5087562474738735,-2.811617269403385
122698,0.5225197576151935,-1.3342067479378277
122999,0.5060950010016512,-2.716988856322113
123298,0.5323097803627624,-3.2643066115622466
123599,0.4952354631114609,-3.9056586005747267
123898,0.4963341177133127,-3.694101585078073
124199,0.5211763224680841,-6.431518660453011
124499,0.4949813255815101,-4.022887922147294
124798,0.4874289218174794,-2.866296103845763
125099,0.519545868021093,-5.864615925742901
125398,0.5050131838684053,-6.952096919174712
125699,0.4880895466915727,-4.703041212788727
125998,0.49608883286032224,-6.55497346877878
126299,0.48619488536495187,-6.251755208721975
126598,0.5066807843371742,-7.457357420051428
126899,0.5383143782780374,-8.318751739464979
127199,,
127498,,
127799,,
128098,,
128399,,
128698,,
128999,1.2852318386610455,0.16096151998004116
129298,2.1406441189878467,0.06426465273549442
129599,0.6150893431338842,0.4622509569447908
129899,0.6505210725244066,0.20351543626859425
130198,0.4156102666595622,-0.8710041316185697
130499,,
130798,0.5002326092813563,-7.432219051104061
131099,0.48209939944941443,-1.3386189032600182
131398,0.5023191450371356,-8.261187775448795
131699,,
131998,4.18493324951555,-0.09854541109049175
132299,7.4755359068867255,-0.15393859306684465
132599,0.5883248828560139,0.4763381429519613
132898,0.5968334651503416,0.4064965036077077
133199,1.4973667656812957,0.0910914301249286
133498,0.48189910774401107,0.22746997986928263
133799,0.5038206750741488,-5.481022567594441
134098,0.5365424272060932,-8.95748940121816
134399,1.526084952687382,0.13849031439016968
134698,0.43177264643176205,0.44172973110153546
134999,0.5316673419468342,-7.802481627483983
135299,1.461000866966581,0.10826009928320213
135598,1.1851025129547563,0.103173354086181
135899,0.9565443885137141,0.21475898658357195
136198,1.4835096183539405,-0.20006262273948305
136499,0.8080226738901987,0.28463975711567635
136798,0.505092647851384,-6.31460347172572
137099,0.5000237931658443,-5.505053968474072
137398,0.5940058135915912,0.34906087520113405
137699,0.5061622533415717,-4.8204535703560945
137999,9.698878405153494,-0.179157801069606
138298,126.20312869452154,-0.30518331704654234
138599,0.5917532592054241,-2.8466906650755983
138898,0.6168513285619055,-2.455533955781828
139199,0.6405809353184044,-1.8889904978051906
139498,0.5359652446746827,0.5954635065121237
139799,1.2558701278231188,-0.06700541206770394
140098,5.368583502134847,-0.17414957650841623
140399,9.236834408538991,-0.16561460663329264
140699,23.242206804441505,-0.2699169904064769
140998,1.6648680496698494,-0.08224944162062475
141299,1.0160973067601224,
141598,1.0160973067601224,
141899,1.0160973067601224,
142198,,
142499,,
142798,,
143099,,
143399,,
143698,,
143999,,
144298,,
144599,26.123370884071136,-0.2691418399498495
144898,2.217543101104769,0.025154530294583033
145199,60.924736862508404,-0.5656940453243993
145498,13.063791560543118,-0.5250314168174968
145799,4.8656251193076425,-0.36101990063504874
146099,1.1957607340088954,-0.23195609501982006
146398,1.152812992544625,-0.18357509954603812
146699,1.218954637749636,-0.21920835798185823
146998,1.1711256871395321,-0.1527550765219725
147299,1.1334347024520326,-0.12850524612512615
147598,1.1461613442599026,-0.13874365725332138
147899,1.1238320988640695,-0.13555284510365384
148198,1.073425069820088,-0.08006941029908088
148499,1.0135749550886066,-0.07568759400312253
148799,0.8316690490353656,0.01390028176257907
149098,0.7855809843373956,0.23540100615350112
149399,0.6608121011772157,-0.19198145010094492
149698,0.5526815225661642,0.16007177876413659
149999,0.6098666054237739,-0.690227160098259
150298,0.6247953648114749,-0.46773566310638026
150599,0.6444192911946074,-0.6394395520851697
150898,0.622217055855516,-0.03219331141506121
151199,0.6414700339052555,-1.0684460487049448
151499,10.570819422964416,-0.3380927161548337
151798,0.6424350194098849,-0.9034525862294229
152099,0.5522579958251888,0.46103623336960764
152398,0.6137070090864498,-1.2154710246886782
152699,0.5967604932137647,-1.2569725127553344
152998,0.5992443602716349,-1.225372518040722
153299,0.6387501516531723,-0.44733422537840806
153598,0.48548434677033153,-0.16418922914399015
153899,0.5600027623526573,-1.2043345006562682
154199,0.4773721509915462,-0.7379347678807813
154498,0.7146412557302226,0.08879553835101706
154799,0.43885265626237946,-1.8492409946530954
155098,0.41486668794541215,-2.128820345646099
155399,0.5736786361168904,0.46712877559451493
155698,0.4292607476505408,-2.0916117327032007
155999,0.41454790779637407,-1.9739953137428041
156298,0.4691774587547575,0.17663015339854393
156599,0.4147648812643836,-1.792074527876398
156899,0.4156509881169847,-1.779354472865657
157198,0.3775901691437395,-1.1108869955445972
157499,0.39974842116488724,-0.647579607965103
157798,0.4093569542412762,-0.3319573819053485
158099,0.39896824413427223,-0.4425446963285864
158398,0.37429009621587267,-0.10760325223828837
158699,0.3567371937931309,0.1274874404195916
158998,0.6817484608380671,0.20052264389451147
159299,0.48665108966130355,0.38284274117969885
159599,0.5989365559966033,0.2626817890718325
159898,0.6937915922027381,0.2143129810686154
160199,0.7229907132015274,0.31243901277772845
160498,0.5610589167515813,0.36431149162278786
160799,0.5559784128799751,0.22240919340550558
161098,0.47682032034394567,0.2870929735356018
161399,0.5456912566034369,0.3786021991325137
161698,0.6469478762338223,0.45173929110319044
161999,0.8423532976390276,0.33899271883467996
162299,1.018462829708472,0.2730213067028665
162598,1.0385625032779162,0.28084468626989
162899,1.4474336684700253,0.11345295066677741
163198,0.6937687314545317,0.4059851001242526
163499,0.4755455032177351,0.6039335668013717
163798,0.437278181354309,0.6044122553545602
164099,0.5378075103032667,0.5128022575704677
164398,0.4663930025810445,0.6118784187135851
164699,0.5363737762038461,0.5659036969337166
164999,0.5004743204029201,0.6142991034911407
165298,0.9375768830487535,0.30611162667035896
165599,0.617354179930698,0.5154864913736833
165898,0.48335819397919266,0.6589352259298888
166199,1.3911231437914386,-0.014746728387288632
166498,0.40130362954643867,0.7174611132543345
166799,0.4544213830209757,0.6763526983109283
167098,0.5012920884793091,0.5431829827010961
167399,0.4003820534931979,0.7017838814734038
167699,0.8535119942425292,0.16640041418409768
167998,0.3661978341830501,0.6354652862207564
168299,4.533099263672662,-0.18561184763216554
168598,4.951159480172662,-0.18173758198921708
168899,8.505427522737564,-0.2325462296437486
169198,46.971354905547734,-0.3569493480285362
169499,85.19130457495285,-0.4251507893679789
169798,43.1049857194621,-0.46712622547906024
170099,,
170399,15.108637327540801,-0.36459950139123487
170698,0.23744276061170425,0.7439886560988982
170999,0.2991843281246452,0.6750987835562688
171298,0.22137954646124128,0.7904157218402932
171599,0.26329937456078395,0.6818385757596327
171898,0.5141506836166716,0.3256527512371842
172199,0.2968263770992021,0.6572160458714987
172498,0.2991434124342467,0.29916107211696474
172799,0.27482623681619117,0.45711036330725174
173099,0.2785973998995245,0.37910958167490405
173398,0.29786441778378375,0.27735073491341866
173699,0.31209298814952446,0.16047920184385722
173998,0.3415481625926674,-1.437729295593177
174299,0.2948293133565563,-0.5300167699938163
174598,0.2899977978509134,-0.23900252457107474
174899,0.27955089024942725,0.7122321392669239
175198,0.2881712691391055,-0.6644668626110892
175499,0.27277691997671416,-0.5980845761792246
175799,0.31919566358296375,-1.4311012361033368
176098,0.27718891922359246,-0.7878206552468627
176399,0.2898998415078158,-0.5664670113758954
176698,0.30990873880631054,-0.4581394200632083
176999,1.0228208800882876,0.22215108558225538
177298,0.30241967172089523,-0.6545180975996254
177599,0.3117541280754678,-0.8598917541813411
177898,0.355424729742251,-1.1111197006301556
178199,0.35179285223326806,-0.5702492514051569
178499,0.3439622447099997,-0.839779407563501
178798,0.3911719637850594,-0.6147101377000448
179099,0.3933250630954871,-0.4743296138849855
179398,1.7401556631656578,0.052900210499704836
179699,2.512896841715224,-0.011906802211113066
179998,0.4626379570837647,0.6108077774848242
180299,0.3874006338732649,-0.34709087417583717
180598,2.3741533305143667,-0.004591283632385146
180899,1.1914231702475853,0.134829130492794
181199,0.3609972659395784,0.23517245728464764
181498,0.7237721668556452,0.2893164061271142
181799,0.5065795972264697,0.43818158045286815
182098,0.426152914682723,0.058873499825716435
182399,1.6046724002914592,0.08004949780541248
182698,0.7284988205350351,0.3039700923454076
182999,0.5379135795258041,0.33570947600042944
183298,0.9134782284638994,0.17995717440728054
183599,0.6365039680154374,0.2385794387372111
183899,8.588421423731965,-0.45581907671260025
184198,3.8748802338300945,-0.22751203768582573
184499,4.8566346629726995,-0.5441053597276253
184798,0.9926181418244406,-0.02442824995761983
185099,0.3440005239829753,0.37875106806481595
185398,0.3603770129448065,0.458184595843952
185699,1.4905728231878133,0.001594170854929411
185998,0.3759960502375114,-0.7766996353550704
186299,0.38895826075140033,-1.051411387621275
186599,0.40169288792892344,0.3940256300164525
186898,0.5888454393659296,0.37687603301231765
187199,0.5040914840370696,-0.2098891867056769
187498,0.6324417550367483,-0.025039438205197273
187799,1.2445875814798864,0.029024878666587095
188098,0.9761864949232686,-0.06256771695842445
188399,0.4251427116885568,-1.5474330976260764
188698,0.4172214854339271,-1.5441546952797016
188999,0.403210626863211,-1.4204984846718132
189299,0.41266222410443687,-1.674307059216448
189598,0.4110920183047018,-1.320943447463161
189899,0.3446868154574796,-0.7480250888080486
190198,0.386477572904239,-0.9709445493922999
190499,0.34470958849295114,-0.5387183248079777
190798,0.3511574945812918,-0.35088919258278706
191099,0.33086066338916215,-0.14615890670946952
191398,0.3467532965558288,-0.2860272314615906
191699,0.415927860905309,0.3619400092136438
191999,0.42193313729411863,0.34148133775630485
192298,0.4100027757635248,0.12775495025308836
192599,0.4466446313723212,0.16139728055953784
192898,0.5606662658499428,0.26757810164247564
193199,1.0731096134154834,0.1969444920724014
193498,0.6976828084388492,0.08819776791171086
193799,0.965238892085787,0.22461434292077032
194098,0.7640533974552849,0.1423841722305521
194399,0.7825692006821368,0.13470463296251112
194699,0.7286759549599146,0.15476794467055321
194998,0.7369029443948679,0.18010737887762385
195299,0.7990288515374631,0.1768604760723803
195598,0.693683836918248,0.20699339506894254
195899,0.9200966718731114,0.11643301220489355
196198,0.6653204627631552,0.312499585681414
196499,0.6399085339157011,0.25840384526472016
196798,0.6111339715221269,0.38082905366652
197099,0.5558912261265813,0.32974994982713446
197399,0.49806359054301613,0.30081549420553655
197698,0.7095529020464348,0.39298769128487343
197999,0.4379301419574579,0.49539277174630547
198298,0.4411724801231113,0.5131603010509735
198599,0.3731521071902447,0.5570014083941782
198898,0.34100038467815597,0.3707196071186799
199199,0.3057999115123954,0.2717125261610348
199498,0.26677551063635085,0.41050849415553947
199799,0.2602930755312797,0.1827063989814025
200099,0.23313429505254313,0.20084932306809766
200398,0.20512073612340587,0.23249675459243546
200699,0.2412876263893777,0.055263900201963034
200998,0.198906007433591,0.19551058215387596
201299,0.18462809569075236,0.6992619735734865
201598,0.17508156302879108,0.45573811372783357
201899,0.22000453972804554,0.016578351011139025
202198,0.17636726947358963,0.5245550064058085
202499,0.2139079456054191,0.4903678496850161
202799,0.41596242375613734,0.6425351427172945
203098,0.17535040281713254,0.6707371460644646
203399,0.213535521669446,0.6835083624294405
203698,0.18991852833073378,0.7945387202010266
203999,0.20806248108767825,0.7491303780115437
204298,0.18846309629601157,0.7527816369102555
204599,0.2519301856992059,0.6915261499054157
204898,0.21396561232021516,0.768483854659831
205199,0.1664862316235456,0.7042413220411944
205499,0.21339414791766034,0.6763263919878612
205798,0.20038704896597007,0.7653937449556865
206099,0.2013450494362456,0.7108216651317365
206398,0.28212778968992724,0.7166487794540102
206699,0.39695653766214944,0.5341686086725539
206998,0.3394698661397907,0.7087376973671913
207299,0.25693329877189375,0.6911086096667849
207598,0.30742134978375535,0.4746832642595935
207899,0.3290454311330049,0.6099360071483972
208199,0.33951387766469227,0.5054074382436979
208498,0.39146233655661594,0.4626353242510942
208799,0.27752153487071074,0.5856430668397112
209098,0.3641001893598567,0.5269884426886435
209399,0.5082293522487457,0.317845390472994
209698,1.8199224723701164,-0.021878924927012378
209999,1.2602460912222808,0.00837390263000204
210298,0.7663741315708441,0.20228837611077544
210599,1.87304560364212,-0.011085920075821765
210899,5.313387557009051,-0.10797213752865442
211198,0.39431719452348857,0.20485286324006213
211499,0.9351637286224312,0.2285852860514841
211798,0.5022654944607948,0.4621114926513046
212099,1.1127563270556782,0.12321315637003494
212398,0.4570748164757307,0.42078756859984034
212699,0.5007350096459187,0.4341327786418293
212998,0.4481931321128787,-1.2568235102863974
213299,0.465693253023756,-4.1864283092670185
213599,0.4517265901277809,-2.698708082327016
213898,0.8143551434546434,0.24281802654123075
214199,0.44290141355732326,-1.1077128903626199
214498,0.4582531364492126,-1.5648257778593426
214799,0.45260077799571075,-0.9266539964127853
215098,0.37104806383830335,-0.1994661691095969
215399,5.671459440115108,-0.30483548014287654
215698,0.4975423915683932,-7.065468801874877
215999,0.5112732171300057,-7.096516810006383
216299,0.4847938975975982,-5.780425126377812
216598,0.523051481434134,-7.781455236188274
216899,0.5179792585938563,-7.664572734586757
217198,0.5005227250359858,-6.972499760654134
217499,0.8934804762607467,0.29159277622049806
217798,0.37368475846904003,0.14679931524288803
218099,0.4212950088504645,-1.517374321042559
218398,0.5266015861008005,-7.467316580137929
218699,0.5351559836679303,-8.388854908015782
218999,0.5292180112605228,-7.889225265174053
219298,0.5041879506738263,-6.906507644451508
219599,0.4812579303844744,-5.632353087607244
219898,0.48396652559975234,-6.207883980473986
220199,0.45308558511132624,-5.289745915235548
220498,0.45664432955750084,-4.789653172093246
220799,0.45855779475875647,-4.784610285206832
221098,0.4462298293374601,-4.471921004583781
221399,0.6919898913903906,-0.3828408348331458
221699,0.4149176255903189,-3.2291870644280802
221998,0.45083555306829504,-3.9877680483689515
222299,11.495862873877932,-0.14320979143373624
222598,47.6963048817746,-0.2953033398575531
222899,38.42422040997368,-0.27871668783893244
223198,59.301044497605616,-0.22844544982098403
223499,30.356404290428664,-0.209059961679529
223798,33.79127037063826,-0.21394006603023574
224099,41.11878864935099,-0.25033784233085576
224399,44.04408311165423,-0.24167284216891405
224698,60.875756396202846,-0.24062860754366455
224999,108.56967221393663,-0.26633304916897327
225298,161.5318673622468,-0.28126470749999255
225599,113.03765178242969,-0.279101804642806
225898,109.28666206349452,-0.23330966967702227
226199,111.5585253656473,-0.27710708571509524
226498,65.57427758960563,-0.26746136948544774
226799,1.0160973067601224,
227099,1.0160973067601224,
227398,1.0160973067601224,
227699,1.0160973067601224,
227998,1.0160973067601224,
228299,1.0160973067601224,
228598,1.0160973067601224,
228899,1.0160973067601224,
229198,,
229499,1.0160973067601224,
229799,1.0160973067601224,
230098,1.0160973067601224,
230399,1.0160973067601224,
230698,1.0160973067601224,
230999,1.0160973067601224,
231298,1.0160973067601224,
231599,1.0160973067601224,
231898,1.0160973067601224,
232199,1.0160973067601224,
232499,1.0160973067601224,
232798,1.0160973067601224,
233099,1.0160973067601224,
233398,1.0160973067601224,
233699,1.0160973067601224,
233998,1.0160973067601224,
234299,1.0160973067601224,
234598,6.072256258150236,-0.3480340100894752
234899,57.623027068851,-0.35241673808722784
235199,10.553601108029865,-0.4235720090656885
235498,17.672837141559956,-0.31623050605014225
235799,14.620120091765338,-0.34985171267470894
236098,13.095300309231252,-0.3262825411850667
236399,1.683308141149896,-0.12981809769545372
236698,1.5049385444913286,-0.11077900193292534
236999,1.851762548686933,-0.15229354563885655
237298,1.7155153090989697,-0.18028437351622517
237599,9.504757632112563,-0.43010003415323816
237899,1.530886823506031,-0.13013375214895406
238198,1.204547242957766,-0.005076647299869341
238499,1.1364969231985067,0.03514430105389532
238798,11.90337740643688,-1.4308122664526293
239099,33.32566261689265,-0.521097173954306
239398,6.2110359603695064,-0.22547168520343108
239699,4.501033477272285,-0.16812755322482076
239998,19.705237544077843,-0.3280293111591104
240299,7.5371988055354375,-0.586443172010596
240599,2.0619522884648323,-0.164468423419585
240898,4.070879506515461,-0.39559385674816916
241199,12.784144630508399,-0.3316277816942865
241498,3.7847315757946967,-0.32633938115418903
241799,2.802490554968122,-0.2420580408969304
242098,0.784220174841542,-0.4070502924551742
242399,8.783604529551214,-0.525291889859268
242698,14.283608121244978,-0.6472231437302374
242999,18.08446271080895,-0.4724021401924403
243299,21.559787617525075,-0.5937065567637692
243598,22.969413193964414,-0.5468668719249783
243899,14.09482886823988,-0.423947377376132
244198,15.780475605828311,-0.552225046107528
244499,23.830099615570102,-0.4176628269828526
244798,42.2586359721413,-0.27917048683462786
245099,34.50314879775242,-0.6342804370614057
245398,34.967534536121086,-0.5849540381635567
245699,28.8237974799197,-0.3587022019007975
245999,24.439936014222326,-0.4346707767521172
246298,57.679668998944926,-0.3475777511042115
246599,59.2125214933778,-0.4194261715106662
246898,88.85360440526229,-0.2553684425268996
247199,49.630616878471365,-0.4139785971192631
247498,35.34355107268359,-0.6165893971001197
247799,3.2247177513364256,-0.14064510953805454
248098,44.92885325305748,-0.23524363835528606
248399,19.349394968513028,-0.2773939182585241
248699,12.788253384952842,-0.36432005423819924
248998,5.46228993141349,-0.38768750051027423
249299,6.515026933776915,-0.3362879004350363
249598,6.351793669337099,-0.37993271450475086
249899,8.397117023849145,-0.36630045083227114
250198,7.719899296497063,-0.37743896526194143
250499,9.327025032545674,-0.4277624067485768
250798,9.766206491811879,-0.3916926830697225
251099,11.885791717997062,-0.4294416260179055
251399,11.054137145010948,-0.41515470494027107
251698,9.80348192665447,-0.37862144048187507
251999,12.434820251575765,-0.2769562090746578
252298,11.548751773758868,-0.36054999953070777
252599,13.694038088788123,-0.2882726246892853
252898,4.47620459007174,-0.2517059465965483
253199,0.8485393220641769,0.041940206475231556
253498,1.027066286935812,-0.7269017895760035
253799,1.5892233732498466,-0.029559386030581836
254099,0.8136359272580566,-0.2944799479447515
254398,1.0160973067601224,
254699,1.0160973067601224,
254998,0.9554243045926971,-0.6878346614142488
255299,1.0160973067601224,
255598,1.0160973067601224,
255899,1.0160973067601224,
256198,1.0160973067601224,
256499,1.0160973067601224,
256799,1.0160973067601224,
257098,1.0160973067601224,
257399,1.0160973067601224,
257698,1.0160973067601224,
257999,1.0160973067601224,
258298,1.0160973067601224,
258599,1.0160973067601224,
258898,1.0160973067601224,
259199,1.0160973067601224,
259499,0.5972003865136849,0.5206088649050784
259798,0.4000041788242753,0.6379585198731277
260099,0.39067236832196045,0.6644528483645766
260398,0.3903129670372383,0.6819360196185625
260699,1.1668962951595532,0.07983063132745927
260998,0.4092332099628178,0.5928368912349005
261299,0.23692905566918268,0.7833326823478686
261598,0.2943084618798309,0.7545691567856089
261899,0.2531876682594605,0.7484569747854332
262199,0.18884138993335914,0.6986875581667933
262498,0.2455098219191827,0.7023949512530101
262799,0.18052725814867426,0.721329067545665
263098,0.1563259351237869,0.6712963062819126
263399,0.20236839246059224,0.4600504118387445
263698,0.5331135620927312,0.5260564270833713
263999,0.19945876255208472,0.38779965484109324
264298,0.23257566705270138,0.05733543641509253
264599,0.1994670208326933,0.25637502983755556
264899,0.21549979501495897,0.34416506031065053
265198,0.26129449511255404,0.14386344880800994
265499,0.2561729287209491,0.0837024226162485
265798,0.2781866358424483,0.1358975926689443
266099,0.3142516613861872,-0.1868048737457475
266398,6.44116107884475,-0.14172634513478033
266699,0.4575798177004235,0.2843151018509571
266998,0.5309458720815922,0.22212817108135952
267299,0.4691750046262897,0.01812027612556666
267599,0.4095340027605491,0.11461811624362461
267898,0.4685946905522157,0.12245570810659578
268199,0.5662488707860716,0.29914617395327914
268498,1.3485364125371757,0.11233455546398796
268799,0.9662145917385645,0.12323466505628156
269098,1.5068423533565614,-0.16153971088896446
269399,0.4796908922281415,0.15926723710811652
269698,0.49939474382536375,0.0977812433001286
269999,0.8047449244600666,0.16300566505562541
270299,1.2577891914859034,0.17540896115714022
270598,0.6322996687944075,0.24469172600920241
270899,0.5129069394540455,0.10747262310854067
271198,0.8725752762656223,0.08512740696064325
271499,1.1044507607474776,0.2358328049675622
271798,39.307798910672744,-0.3772144689273855
272099,0.6233508233323083,0.11654992793374475
272398,2.472011453362512,-0.014957350005458059
272699,0.5149955007376327,-0.052897719246084884
272999,0.4950818767582342,-0.04997305322154322
273298,0.5509117241424935,-0.1651807720479077
273599,0.5343584228732692,-0.004606712093275567
273898,0.5685982981378639,-0.003487814866760308
274199,0.5379768187133047,0.12207450683443455
274498,0.5544160304943453,-0.06099052693625162
274799,0.5254619907142528,0.02878693163908108
275098,0.5280782259133268,0.06729115632766225
275399,0.7187869696063438,0.24639293148480002
275699,0.5920972952821275,0.315661802162425
275998,0.6815920305784743,0.028305038445527675
276299,0.6501995937682891,0.19638176149720454
276598,0.5524223300055051,0.20583433080933
276899,0.8501088342490866,0.10904385877261424
277198,0.7814671778724558,-0.007671066577509267
277499,0.5503458387195435,0.1655719225572837
277798,1.6091576652908035,-0.13966008942227148
278099,0.5544620144682362,0.2759789114587581
278399,0.5903991857344398,0.29067346199608124
278698,0.6436510499693402,0.5285141078692916
278999,0.6373538839033656,0.3420083650409461
279298,0.6926979338073033,0.4073662221678912
279599,0.8453006352424882,0.3433874399512039
279898,1.180504468890687,0.05671123689259705
280199,1.1556364889971178,0.11147389160584542
280498,1.057255123807303,0.16005723490395107
280799,1.341411974105914,0.04543386217393741
281099,1.4714658136938774,-0.05571477082834653
281398,1.5292689633235068,-0.09571231340383823
281699,1.7769411843350809,-0.15312564058665923
281998,1.8054047380457294,-0.18260481716995502
282299,2.0086994974597343,-0.21549913312113222
282598,3.026688215839364,-0.33466904074849
282899,2.018347543295729,-0.20711575030510865
283198,2.348266684455105,-0.2652335826898118
283499,2.1322290035410996,-0.2731895104776789
283799,2.720056931184272,-0.3596265790915907
284098,2.6834597218162153,-0.37200052040679377
284399,2.554980274330104,-0.36471387855568116
284698,3.200131829718994,-0.39851593328461643
284999,2.6799460656333456,-0.35439389860400694
285298,3.309865165068531,-0.38680909720122214
285599,3.3189185430222343,-0.42992199803420195
285898,4.145365958570846,-0.481946071263716
286199,3.977699435376401,-0.4377016203339197
286499,3.498624063003717,-0.4323385591117048
286798,3.8178559169018635,-0.3963424308553196
287099,3.1929780594412156,-0.33000920612804996
287398,2.6333859401287163,-0.2412616042602349
287699,2.254274245496772,-0.17982232102461526
287998,2.2446939933115866,-0.15397743987876478
288299,1.6791403019422682,-0.04407045888872929
288598,1.3001135313860066,0.11236951635336556
288899,1.2743408794041793,0.1545031046104003
289199,1.2193148087375123,0.21656962805390312
289498,0.9200062387378587,0.3298851580926405
289799,1.056930425983229,0.27735591636123325
290098,0.9102140134491924,0.3456673153409212
290399,0.7779885537408591,0.43080875620415426
290698,0.7620003732841548,0.44088502939160834
290999,3.91062221808247,-0.1721937119409993
291298,0.6171234184346217,0.5515773205561121
291599,0.5555363902055139,0.5453589072065321
291899,0.5608101059076086,0.564430822750684
292198,0.5772362606437196,0.587088253667645
292499,0.6794841914905956,0.5074841022482788
292798,1.0382231907729442,0.23690740620082518
293099,0.6681448373817993,0.5235657392356027
293398,0.7619907037730032,0.4740963265109236
293699,2.9828257548539425,-0.16127750190349976
293998,0.9903529246248548,0.3562921196397151
294299,0.7590036334512438,0.4886163693244978
294599,0.8790495186989291,0.39914487028410983
294898,1.090611856562296,0.2827808753356448
295199,0.6767877072614288,0.5374775962098806
295498,0.7946683600970772,0.43629627207168187
295799,1.1064483431248548,0.2836852593618868
296098,0.6670181607799476,0.5390991305602804
296399,0.5677996922197623,0.5180426240001972
296698,0.560764678440016,0.566201265498723
296999,0.6442240267150738,0.4884084005232642
297299,0.7956375431155956,0.3380559225161881
297598,0.5692937541872961,0.5073829946321882
297899,0.6006104802683735,0.3927447279215037
298198,0.46147810790760857,0.569371558890057
298499,0.4566113650881642,0.5652300688076599
298798,0.4673686900577252,0.5393303797733976
299099,0.48053977287948463,0.5499876908052956
299398,0.3849491038821457,0.7188073134459818
299699,0.36712278398631226,0.711081399887117
299999,0.40949604600014233,0.6262631060596602
300298,0.35295751754881227,0.6977881864692279
300599,0.3762874125881642,0.6398358795082427
300898,0.3376005469469605,0.6811328057676393
301199,0.2889956832224234,0.7535928112412095
301498,0.27610796929649745,0.7658569423923784
301799,0.286933392376903,0.7065541526386407
302098,0.304995581340479,0.6537261175385687
302399,0.18634836659709797,0.6856854004452502
302699,0.4719046897369174,0.3445010592387997
302998,0.22621697600375723,0.39078193193796107
303299,0.18144443886534675,0.35415013567180487
303598,10.12699517091184,-0.34186613491623863
303899,4.011063920179755,-0.15421322624639178
304198,0.20896050111756098,0.11698319713985772
304499,0.2252712590891501,0.17944854872900484
304798,0.2529553688970205,-0.10824652585140382
305099,0.2558712699178538,0.07332693536799983
305399,0.2334275650032487,0.14674217252623267
305698,0.25869392696770627,-0.1599848459486588
305999,0.2875180355504112,0.06806344098041983
306298,0.3075853885649285,-0.26749642094574244
306599,0.29477877499226746,-0.051583595102697055
306898,0.32577386882097126,-0.1962329598389525
307199,0.3257677496919853,-0.16543577159459177
307498,0.3115399513605655,0.054400471300010245
307799,0.363433219707312,-0.052061724592398884
308099,0.39296376260082677,-0.074909417855894
308398,0.44011983047814157,-0.016755042512010654
308699,0.4895177798762897,0.005407003148704348
308998,0.44031276212860454,-0.051633583910485115
309299,0.4556822710313823,-0.029853180275074775
309598,0.47557392417258604,-0.1481835163560623
309899,0.4801063606841601,-0.31765670540591384
310198,0.46750215157545383,-0.27587500571839474
310499,0.45859190941564154,-0.26009101798547873
310799,0.46514387737516283,-0.4134047180774074
311098,0.4355841670996999,-0.6049973257024375
311399,0.42558010114368133,-0.5471845483866964
311698,0.4613399109816443,-0.7431794126506683
311999,0.4508959268149776,-0.7876532932336611
312298,0.4472327323057183,-0.8284407040890946
312599,0.4491385706043295,-0.6379526838714342
312898,0.43029700197701465,-0.746956666032399
313199,0.4291973691251628,-0.7501382474648639
313499,0.41019309552940775,-0.9078306078434268
313798,0.4364019383165867,-0.7466532729794753
314099,0.4244644962147348,-1.019896863700699
314398,0.4104393637934385,-0.48942120953738133
314699,0.4519631159693644,-0.664285847018359
314998,0.44778949334780627,-0.20918716262522863
315299,0.469376318037621,-0.3495856297579685
315598,0.6977920586686421,-0.14900413263886914
315899,2.0371716975603036,0.01786371478158677
316199,2.485137328282179,-0.030594680420593212
316498,0.6922753748207736,0.1848832457466425
316799,2.212158975800063,-0.37575394191197176
317098,110.05831870661262,-0.2436037982865007
317399,73.83679505997605,-0.2538698467334821
317698,94.28563872900405,-0.14233025222190276
317999,101.75846787529615,-0.2218298159970018
318298,52.22761244216946,-0.268444447266859
318599,64.20733082447902,-0.20774835865344188
318899,39.09219749558383,-0.24698896906481704
319198,1.0160973067601224,
319499,,
319798,1.0160973067601224,
320099,1.6319512939210168,-0.40910089413542083
320398,14.045370643719046,-0.6447304868677148
320699,19.812092210487563,-1.043510937073708
320998,14.68886238397894,-0.9220874376712476
321299,40.09316668266811,-0.8803714930519706
321599,15.157783075958106,-1.0914998346544986
321898,22.95618179752923,-1.2261280582199876
322199,10.211269150489876,-1.037664315761535
322498,5.101646469214852,-0.6403945462394351
322799,6.3601854037213075,-0.7496181186340818
323098,6.302183231681957,-0.6751341067727887
323399,8.44940937717275,-0.806358607026322
323698,11.24380864451529,-0.7870510162830371
323999,12.63941888133242,-0.874229091468969
324299,13.666038777876402,-0.7966858321745924
324598,10.919349710855567,-0.7841262712988597
324899,11.393901374471307,-0.7820788304194588
325198,10.691932321362513,-0.7458449032878725
325499,9.35686885014029,-0.7255169683893858
325798,6.919456057619456,-0.6947768212964807
326099,8.09265865300903,-1.0204671601651127
326398,13.794395963029864,-0.7653619823065587
326699,5.479315823414123,-0.8805149614489034
326999,9.814480209163488,-0.941820608043207
327298,11.172144997781546,-1.0842885082326807
327599,8.603075515721361,-1.1190190599318877
327898,19.55695466714497,-0.935031729483649
328199,45.07504378072368,-1.3651515596465846
328498,11.145925811742192,-0.6144398649253069
328799,13.374687224031542,-0.8611497237706169
329098,7.536542486739084,-0.7063712469103247
329399,4.058866550879008,-0.7157422978700163
329699,28.448263363094043,-1.1143521263829226
329998,30.661210422770605,-1.1849050886408232
330299,10.190822699893127,-0.7084129955129987
330598,,
330899,0.8105575378968742,-0.15631682474352426
331198,0.9963448515188801,0.011936803118540507
331499,2.1302091598523205,-0.31362228173080875
331798,,
332099,0.6590976240974299,-1.0268274401518598
332399,1.3943467608699132,-0.11397758778947598
332698,15.37591144268432,-0.540218041874545
332999,8.364795117821425,-0.6629190248718262
333298,18.074956283281544,-0.9686084879587771
333599,10.970278829804933,-0.5909593851008048
333898,15.47714290395747,-0.6368605125509819
334199,30.44186381775377,-0.7809563140802294
334498,38.15248334287876,-0.9695016479454244
334799,39.74866423374914,-0.7208839223555803
335099,24.042384673517653,-0.6707628753537287
335398,19.48955094239034,-0.7864888004715249
335699,14.16598522268432,-0.9033829866480516
335998,7.153725763124137,-0.9193850234341829
336299,0.811844461599793,0.05912284628451947
336598,2.5813925521028107,-0.4426185373494964
336899,1.0160973067601224,
337198,1.0160973067601224,
337499,1.0160973067601224,
337799,1.0160973067601224,
338098,1.0160973067601224,
338399,0.7775735324581736,-0.6756214622926038
338698,1.0160973067601224,
338999,1.0160973067601224,
339298,1.0160973067601224,
339599,1.0160973067601224,
339898,1.0160973067601224,
340199,,
340499,0.7877862537255313,-0.27103177213701213
340798,1.0160973067601224,
341099,1.0160973067601224,
341398,,
341699,1.0160973067601224,
341998,1.0160973067601224,
342299,1.0160973067601224,
342598,,
342899,1.0160973067601224,
343199,0.8555174058784349,-8.454753116693974
343498,1.0160973067601224,
343799,1.0160973067601224,
344098,1.0160973067601224,
344399,1.0160973067601224,
344698,1.0160973067601224,
344999,1.0160973067601224,
345298,1.0160973067601224,
345599,1.0160973067601224,
345899,2.7969912907829726,-0.0020491501900823383
346198,2.206118681341908,0.022972552824610637
346499,1.1990773217195871,0.26495820798721137
346798,1.029395929965074,0.351376358868021
347099,0.8510763680876425,0.4067756843301238
347398,0.7786150748516442,0.4867643262038024
347699,0.7794916236734033,0.47250828779687915
347998,0.8331104177288425,0.44280214107434324
348299,0.6367982453191203,0.516228602247649
348599,0.6693289123052314,0.48131465263931206
348898,0.6827842976016479,0.4571321141980572
349199,1.3743131219250666,0.027173771101572486
349498,0.5765641201247962,0.5576940894761673
349799,0.47483652639134594,0.6572119293705567
350098,0.4140249367779789,0.6597692245572098
350399,0.40247065335436794,0.7037139800117318
350698,0.40391102658353456,0.6890014532456339
350999,0.4044396404052938,0.7086145145045741
351299,0.31214562958121966,0.7560462429037571
351598,0.32715637488909005,0.704701500940871
351899,0.4090433106668679,0.7171568489297477
352198,0.344892281565016,0.7120727779956548
352499,0.5452937585025663,0.20657782523532242
352798,0.3490501178890901,0.6789374758599527
353099,21.75984234090557,-0.25602486966449045
353398,0.4054509744566492,0.5425658696658935
353699,0.4090306587954836,0.51904592392865
353999,2.509404057480618,-0.09379167294331414
354298,0.5214657018731151,0.44358404267040596
354599,0.5805545619088506,0.3839848294101317
354898,0.7203130470614789,0.30681870910720077
355199,0.8205353309411642,0.2094183132484686
355498,0.8720299965128676,0.1899594083691991
355799,0.9189062442896321,0.166010318251813
356098,1.0187735595679537,0.022791217787906715
356399,0.9971294868600898,0.10267397776888965
356699,1.0795797593797682,0.10161068693294062
356998,0.9394852895386181,0.12405493282004354
357299,1.1489376153056943,0.0015654496571902987
357598,1.1725641415718977,0.02590018466684818
357899,1.170116177832312,0.014818446603541036
358198,1.3238094552873174,-0.04847739604739898
358499,1.4154444892640274,-0.08249152506769519
358798,1.3196303391112498,-0.03638047312362702
359099,1.4877943340742124,-0.08502142880598562
359399,1.4328993378195831,-0.0617753336735094
359698,1.426218227833472,-0.039644499832768965
359999,3.9854132357908036,-0.23096114198697615
360298,1.33332589191912,-0.032522899605795574
360599,2.1847526129859034,-0.04758228263803144
360898,1.8177370634095145,-0.2397367693360477
361199,1.3622721481320832,-0.030451255902746555
361498,1.2817390087225027,-0.021293919464044908
361799,2.5685471339094947,-0.4382553469210442
362099,1.5986025221498956,-0.12703923592700983
362398,1.526033267085787,-0.12086340224610326
362699,1.7291142546436573,-0.17999841303727337
362998,1.8367177543427309,-0.20284404254226085
363299,2.5115917664875127,-0.3660077881315078
363598,2.0002217360927315,-0.25493796480572617
363899,2.0545185052910995,-0.26897900926239293
364198,2.4085045655199195,-0.3397680200011006
364499,2.0166238290209515,-0.3005289973096572
364799,1.818812656916099,-0.21612172391106244
365098,2.448047261127087,-0.29678984087422444
365399,2.2958521266294016,-0.32577616674403487
365698,1.859203754779525,-0.21304658783338315
365999,1.7210775552980437,-0.16932420344170218
366298,2.524838687610883,-0.44280212593915125
366599,1.9260563518926048,-0.15528607944714823
366898,1.7939532423142472,-0.18411586344581288
367199,1.9629417887540628,-0.21631834897567037
367499,2.31519465583242,-0.3290417534598553
367798,2.237060982179988,-0.3329825117570726
368099,3.7158859668717716,-0.5285758389683464
368398,2.855873606371772,-0.424195453930055
368699,2.72776371351066,-0.4078234191035819
368998,2.521581129684272,-0.34736545777199224
369299,2.3108290943254755,-0.2895351951930518
369598,3.115268669408809,-0.32401615444384846
369899,4.570893560232934,-0.47571551926639666
370199,3.3134643613678274,-0.40981505138192675
370498,10.724033605244507,-0.2616352244098765
370799,5.488303665566901,-0.43370234540710717
371098,7.1023808109991355,-0.4353728828441019
371399,6.35028473215423,-0.5588428709230324
371698,3.6004742394134377,-0.5609919538353629
371999,3.9610692546032533,-0.5919066157267432
372298,13.0576102949621,-0.22555360179894612
372599,14.36610035811025,-0.24551985398562426
372899,8.620257118022286,-0.38075486082429455
373198,10.779080720855617,-0.27574196624219516
373499,9.551528414985247,-0.452520083300074
373798,12.283101188138025,-0.2894521031634052
374099,7.6860152221542295,-0.7097068490920024
374398,7.419578710087099,-0.7656148262972646
374699,10.934450198267655,-0.5668318335231026
374998,6.847682162404229,-0.8090297476160999
375299,5.840677620844044,-0.8216962975696791
375599,6.05887981064034,-0.652959049895798
375898,8.02516118747136,-0.7014506999631005
376199,6.282161075378765,-0.6956420656994955
376498,3.953528964983569,-0.5056512017960562
376799,5.936462711040802,-0.5083801015036391
377098,3.1354308776842714,-0.29027044533257573
377399,3.3324035821132187,-0.2778786476069255
377698,2.4448671211942368,-0.16120060755783494
377999,1.798568893731274,-0.04636831751767301
378299,2.1780066550322004,-0.07775791936284415
378598,1.7781945600669218,-0.028253925393727064
378899,1.9160874859859034,-0.040568754152600084
379198,1.9182400702567373,-0.03012052305297197
379499,1.8978996870808105,-0.06462193066665223
379798,1.9161623627335886,-0.05433582258150249
380099,2.3543978676294217,-0.0950361670416906
380398,2.0613704708724776,-0.07278144876483195
380699,2.1891339682197,-0.0714383701076502
380999,2.2663046135576628,-0.07773096746503216
381298,2.2323736784812747,-0.07857567611914251
381599,1.8726967205368288,-0.035537203766828895
381898,1.8706216100183108,-0.013265834546727806
382199,2.2889409019558107,-0.0431532853239025
382498,2.320206549326181,-0.08278161804821882
382799,2.3668159107196995,-0.07866446596882692
383098,2.6799522124164588,-0.10083825044545436
383399,2.4691318511710882,-0.07636779683865624
383699,2.776653359108589,-0.1072711558235886
383998,2.663363274958126,-0.09080916511636339
384299,2.72620598884007,-0.09325660640972866
384598,2.968842196842385,-0.11031258298940072
384899,2.34769044321507,-0.028062511002273416
385198,2.357397918918774,-0.0336117427300342
385499,2.2082755690183102,-0.012284491000525088
385798,1.91908470215257,0.04905599189361942
386099,1.775580415728959,0.07558110794564699
386399,1.7036394220345146,0.06556250755103332
386698,1.6337586558909962,0.09248274041211402
386999,3.997128005245163,-0.18163489392833565
387298,2.3131639006734037,-0.028222189058082714
387599,5.967546949856274,-0.5051468458499289
387898,14.457487069168755,-0.19549698962150175
388199,1.0300788415205089,0.33520508736239174
388498,1.4099349678840514,0.18367017210412495
388799,1.2113790324928477,0.2634426933646653
389099,0.7910194851386811,0.48466254044845525
389398,0.8389063921988701,0.43059049696710394
389699,1.0300060996664628,0.3148203492477343
389998,0.9922236881178514,0.35604754818019513
390299,0.8120842480021109,0.45654223817023154
390598,1.1932103231849813,0.2530667345895853
390899,0.881040408525259,0.3996197028114913
391198,0.8603119351482905,0.4014661620691439
391499,0.8384822070302349,0.4089603587353208
391799,0.8697284887362533,0.39472594906309244
392098,0.9490707413404201,0.30907127014121394
392399,0.9181632389353278,0.3376900492329451
392698,0.8443040875626422,0.34166852831756467
392999,0.8586436927732907,0.33195999073908844
393298,0.775134349067272,0.34213886065198196
393599,0.7436199641830715,0.34227117035551935
393898,0.651717990648637,0.3439112625010674
394199,0.758442498773578,0.26781658703660194
394499,0.6836675984122382,0.3296178937871389
394798,0.6605329601833003,0.32763171473822594
395099,0.7036937440339925,0.2638369359663114
395398,0.8187825124862496,0.22864082448934386
395699,0.718001110767553,0.2447252240199458
395998,0.6691006811798219,0.2736130147753334
396299,0.7221406927120877,0.25546085278566333
396598,0.8534614215996758,0.20461171771196462
396899,0.9101095645799973,0.16399887155272652
397199,0.8905158422395778,0.17895983350390288
397498,0.9659176539584716,0.16318613112047564
397799,0.9241567795131552,0.15118986958262115
398098,0.928206928709915,0.12883381614073675
398399,0.9053113251821368,0.1448522183763299
398698,0.8494706255501924,0.16858598750301856
398999,0.9044768477214886,0.08663982757949973
399298,0.8005673880745001,0.2093874692894857
399599,0.8271766046876387,0.27627113812587045
399899,0.6699662724296803,0.22591531338807358
400198,0.6169296562364529,0.1413873721006942
400499,0.9767191868133241,0.23881647714868914
400798,0.5988879332524534,0.43771688264563535
401099,0.5358268524875505,0.25217459509881013
401398,0.512307200506069,0.3197719693646057
401699,0.5094911828764396,0.36473658125142583
401998,0.5255862230769625,0.1756167149947625
402299,0.631967221418106,0.16875948441763278
402599,0.5235991149357588,0.21513322159047088
402898,0.5278111039858313,0.3000796479057056
403199,0.8200935064468776,0.2690196324980212
403498,0.9127567904924884,0.1319653658854375
403799,0.7623270007610068,0.42019192116057413
404098,0.8134849107663221,0.1828370720213599
404399,0.7740477167196276,0.03323945843516529
404698,12.619114438300066,-0.4703946414096394
404999,42.05951044228601,-0.2041343162308924
405299,,
405598,,
405899,1.0160973067601224,
406198,1.0160973067601224,
406499,1.0160973067601224,
406798,1.0160973067601224,
407099,1.0160973067601224,
407398,1.0160973067601224,
407699,1.0160973067601224,
407999,1.0160973067601224,
408298,1.0160973067601224,
408599,1.0160973067601224,
408898,1.0160973067601224,
409199,1.0160973067601224,
409498,1.0160973067601224,
409799,1.0160973067601224,
410098,1.0160973067601224,
410399,1.0160973067601224,
410699,1.0160973067601224,
410998,1.0160973067601224,
411299,1.0160973067601224,
411598,1.0160973067601224,
411899,,
412198,2.4078503671146034,-0.05189056770479006
412499,47.22830346707553,-0.5396396762565778
412798,51.6700922776334,-0.7678758476822585
413099,33.78976408526534,-0.7402710342527603
413399,38.874195870316264,-0.5660814933910494
413698,14.563401285651866,-0.7306831880771718
413999,11.65069366101829,-0.8017797945494813
414298,13.480732646353253,-0.752747799489357
414599,13.408385702296068,-0.7754266173856095
414898,10.795802850478253,-0.6677401905550209
415199,11.82325418222431,-0.6284593289887532
415498,12.314904939242828,-0.7334135423848165
415799,15.730842116719044,-1.012537181193879
416099,62.324389204563964,-0.5902506916261343
416398,7.447677679360719,-1.221227361821923
416699,,
416998,1.0160973067601224,
417299,2.633413355567907,-0.16100469279490714
417598,57.10284125039497,-0.6472170830731145
417899,0.9956436389619646,0.20096292390131043
418198,,
418499,1.6334664590544905,-0.10083912521337646
418799,1.0785371208261305,-0.14997814968346934
419098,16.30063429748549,-1.0954915072341675
419399,4.3120720222471585,-0.8445963409174968
419698,,
419999,,
420298,0.7749331319764781,0.016223052830210305
420599,0.6434178266125687,0.0348284943966537
420898,,
421199,,
421499,,
421798,0.7041535977373322,-1.688118330717534
422099,1.0160973067601224,
422398,1.0160973067601224,
422699,1.0160973067601224,
422998,0.8671067595405674,-0.10418404907467815
423299,1.0160973067601224,
423598,1.0632330682777464,0.17270970907299732
423899,2.147518977866462,-0.12646367434351413
424199,21.523404491813675,-0.4882831597773398
424498,11.063998249362557,-0.43401376298581185
424799,24.78670731806395,-0.5524542688108196
425098,22.84356565731626,-0.5291670157082029
425399,24.63806568060098,-0.5696555905311305
425698,29.383532495586824,-0.519763233011415
425999,24.883117037531264,-0.6819252483644334
426298,25.63037159895951,-0.7725292106432453
426599,22.14079280174219,-0.7013788689586071
426899,19.530480794783855,-0.6443209392461717
427198,23.255872706723668,-0.5887670390559578
427499,25.25728220845052,-0.6035109565066892
427798,23.159155166207192,-0.7359043947256463
428099,25.5412889495246,-0.60844181083004
428398,25.22947711463339,-0.703692770410234
428699,14.714148020802375,-0.5168073773463366
428998,24.387943160869227,-0.6115792606311004
429299,27.56115402841553,-0.6229705855566421
429599,21.471824807223673,-0.6117113860912076
429898,29.94189520575608,-0.6406779705091454
430199,34.1173500873322,-0.6094106822504639
430498,34.59580228957321,-0.49234384897367134
430799,29.69135982483015,-0.4888138397997128
431098,36.216020178065286,-0.531570527951049
431399,33.0474765808963,-0.5697713890730169
431698,27.78622826015423,-0.5113186801868694
431999,25.31323617195488,-0.5749119911984006
432299,4.458628244745569,-0.2782918485504131
432598,7.678759855351899,-0.3498322263907687
432899,0.639905366356091,0.006120047695627018
433198,1.7288402197622952,-0.005118832946228391
433499,,
433798,0.7865657262770996,0.1854643944785812
434099,1.0160973067601224,
434398,1.0160973067601224,
434699,1.0160973067601224,
434999,1.0160973067601224,
435298,4.2552215730460885,-0.2950732900778068
435599,3.2254604618354406,-0.22098320297126373
435898,5.640361707997476,-0.322708904542385
436199,2.586627703705694,-0.13920877001993026
436498,2.8676255216456257,-0.14295540178213395
436799,2.122398703140996,-0.08262979697862183
437098,2.634112639066922,-0.14448465779235442
437399,2.2125756062612494,-0.07171243766320234
437699,3.0030920973354402,-0.1501997038368601
437998,2.7237606139024537,-0.14301301293843216
438299,2.45042177534007,-0.11436355658250341
438598,2.2151618090621756,-0.08395918475619624
438899,3.5431416180986743,-0.2578563746605216
439198,2.1933178901570836,-0.05686435131396195
439499,2.4756314181872923,-0.11674287035550934
439798,2.1086516175599774,-0.08400703171051416
440099,2.155285682478959,-0.08158398722289562
440399,2.7578348929766445,-0.2557359493054352
440698,2.051262753548403,-0.11901088565858031
440999,2.0911045017312744,-0.09051504168485902
441298,1.853727088247478,-0.0441310923097733
441599,4.836986077106254,-0.2434675259568393
441898,2.848742393518311,-0.3439093245400644
442199,2.1575045401386808,-0.16207788026816838
442498,10.625110260522922,-0.17316612223433325
442799,9.102777669064587,-0.10263132292070742
443099,10.416454550060015,-0.13327726611193413
443398,2.0800640773566204,-0.22543994215567253
443699,2.0643679298242126,-0.2171856856895198
443998,1.970002641203842,-0.2085653460485961
444299,1.9554270534723608,-0.20707808289864738
444598,1.72702196240743,-0.16111582270267366
444899,1.935563001062638,-0.22366946227346052
445198,1.8071132683612499,-0.1971853540657389
445499,1.643111194393657,-0.16046968474302448
445799,1.516312393833472,-0.11316458783989503
446098,1.477641232030231,-0.112990779912431
446399,1.3496117996737498,-0.07715451537373719
446698,1.5145219996806942,-0.13762340057302436
446999,1.4959636370140275,-0.13616827400107678
447298,1.5210435082038423,-0.1496917468286838
447599,1.468252229893657,-0.14258637997486612
447898,1.5097502037779165,-0.17430498020287466
448199,1.607128660194583,-0.1940065185069484
448499,1.531705813953842,-0.1851126516194881
448798,1.563671415740879,-0.23208639243646312
449099,1.8236436597200456,-0.29150111888638164
449398,1.9243975295371756,-0.32354802088437107
449699,1.9130530787269902,-0.3186360893174973
449998,1.9102264590163418,-0.3272240433631215
450299,2.006571483108935,-0.36102084790509936
450598,2.890682762034494,-0.5439619643465858
450899,2.3745279762121,-0.5361621839561745
451199,4.159826209742142,-0.33153069411581715
451498,2.4048670110603236,-0.47223750471574744
451799,2.4666413010295245,-0.4795678568171513
452098,2.5264587423790625,-0.4853586460214456
452399,2.4852824331707293,-0.5061420728853292
452698,2.547400669323507,-0.4727420708788961
452999,3.1187010918092715,-0.5836018946971151
453298,2.4122681329365867,-0.4646308668474548
453599,2.712849677966679,-0.46402138071639376
453899,2.4234661987537165,-0.4405960084546954
454198,2.5952703147930674,-0.47432647341921297
454499,2.7055049020708455,-0.48331941245511145
454798,4.161135876482934,-0.553986854907029
455099,3.1387236459743093,-0.5507486775386179
455398,5.017348013533859,-0.3776843044491591
455699,2.9651411841194566,-0.617703633268609
455998,3.5778717360615864,-0.5860586286323217
456299,3.7048966405298653,-0.5864684081235638
456599,3.063993374427378,-0.5910693654472177
456898,3.0225153986432907,-0.48004454850204903
457199,3.5052427919620492,-0.5797301545839184
457498,3.5195820722953823,-0.5503498069712616
457799,4.019748457566217,-0.6717818298836113
458098,3.868905243982883,-0.6582729329885371
458399,3.5604783281125125,-0.5747216218407551
458698,4.253276843483568,-0.6766874321971199
458999,4.07929900119353,-0.6309031218068895
459299,3.7979853795645866,-0.6490831920391427
459598,4.148499715140291,-0.6080990344530035
459899,3.8325516907097352,-0.6102684285856113
460198,3.939640301809272,-0.616021573647282
460499,4.192002665137975,-0.6387903702358673
460798,4.350723598656494,-0.6588426423132931
461099,4.609475508927328,-0.6787075435364847
461398,4.964298180762976,-0.711708381973714
461699,5.394603133286123,-0.7043765750643618
461999,5.910451649517604,-0.7656554303110574
462298,5.554940671874086,-0.7211204998448586
462599,6.439045517473623,-0.7408252311878201
462898,6.312948543621771,-0.8040450666164103
463199,6.316721708010661,-0.7641205821200692
463498,6.4129810189389005,-0.8090484461234446
463799,6.973134762117142,-0.7695907836042937
464098,6.687269671867143,-0.7740807388975419
464399,6.193731262367142,-0.8034687675024392
464699,6.961446203140289,-0.7705868562500597
464998,20.509817421158864,-0.41495467818205833
465299,5.99126709752455,-0.7308640854804127
465598,6.043192596843994,-0.7114669399495237
465899,11.858790408330792,-0.5659342689342162
466198,8.259154760869507,-0.909228907072752
466499,4.552821436740513,-0.5391243985097416
466798,7.282238650932445,-0.2324420705518846
467099,12.132523858894968,-0.46768339957455574
467399,23.372075236568584,-0.3901425977796349
467698,28.257997495031546,-0.4674092160393486
467999,8.936677676112561,-0.5669128194528776
468298,8.547807029874138,-0.4652323229666213
468599,10.398774913677377,-0.5095130970876216
468898,18.319293086857936,-0.39791194253783924
469199,40.797468164869514,-0.45348085082810274
469498,50.67419603303849,-0.495392592555729
469799,24.75751823115886,-0.5723836085185539
470099,20.1119416046959,-0.5781190832983985
470398,9.015341682728303,-0.6223232602205666
470699,21.835715251922746,-0.7378993278779657
470998,16.724019758980617,-0.42081321898986945
471299,9.141842218432643,-0.6272354166540035
471598,7.269322447474329,-0.5380833659862247
471899,3.558134424271607,-0.14596967865133226
472198,13.350949554874772,-0.4361016398727038
472499,1.0160973067601224,
472799,1.0160973067601224,
473098,1.0160973067601224,
473399,1.0160973067601224,
473698,1.0160973067601224,
473999,1.0160973067601224,
474298,1.0160973067601224,
474599,1.0160973067601224,
474898,1.0160973067601224,
475199,1.0160973067601224,
475499,1.0160973067601224,
475798,1.0160973067601224,
476099,1.0160973067601224,
476398,0.7539398404479116,-1.115318976604604
476699,,
476998,13.59252014626997,-0.6150823176305102
477299,5.26439334614329,-0.19928589954928544
477598,5.709562410728561,-0.11944850930015605
477899,2.4242128100021105,-0.08029855005558506
478199,2.345655968863105,-0.046625909822358036
478498,2.2668123413538463,-0.03444040109361035
478799,2.2661450118585886,-0.04334904188781552
479098,2.069788886001994,-0.008393268148515487
479399,1.8860488536294255,0.011814061333850545
479698,1.8161402841548886,0.005462015662354602
479999,1.662516532425722,0.013355641007945951
480298,1.6876410582405368,-0.028801311820910946
480599,1.7223676578562774,-0.026084153836939183
480899,1.407394330826531,0.04785618739028341
481198,1.8226692577335928,-0.10272652143905403
481499,2.307535727272285,-0.2919499657508511
481798,1.824151864101644,-0.14376505009703133
482099,2.0765938176698056,-0.2649099015380514
482398,1.9159808487659964,-0.18754321267713614
482699,1.9526979876433106,-0.23137721779364573
482998,1.8188817862362496,-0.17343384126339845
483299,4.6126354443122715,-0.3179379934737816
483599,2.074181438081157,-0.20323567434263157
483898,3.076819748907179,-0.2976797001752427
484199,2.0453886667941203,-0.28953991232207543
484498,2.2740268018185814,-0.32243667184869484
484799,2.1098407391525495,-0.36676145062300836
485098,2.456543537136346,-0.3854007573768412
485399,25.401585319638023,-0.3109744872059468
485698,2.5388907984221714,-0.15053269721277918
485999,58.88584805112876,-0.47205751654626416
486299,53.68888498117044,-0.5537626126015553
486598,28.785099894094042,-0.5438669958103208
486899,41.0386766995871,-0.21116026121454579
487198,38.49766017076072,-0.20723453066215258
487499,29.646613862688955,-0.24712346415255326
487798,29.446386118320888,-0.26709803188011616
488099,37.080301015170434,-0.33766232250174055
488398,44.26527509656163,-0.3999210395525816
488699,50.39420043857321,-0.3298727117147202
488999,60.15280642323523,-0.29390887559331724
489298,40.7123272410408,-0.3445525530094382
489599,42.18144604111025,-0.3674802407261395
489898,55.148178696772284,-0.343144171331059
490199,56.17779197238339,-0.28796303985617633
490498,48.095507032013025,-0.34888767362337525
490799,48.51284867591118,-0.3393312164831963
491098,57.64793820961256,-0.35728428427096914
491399,45.79031616307553,-0.4240656419878428
491699,42.762309340082474,-0.3982405068729393
491998,65.82207819851533,-0.38960416912949003
492299,75.86744387474451,-0.49665233192320923
492598,95.44823785119358,-0.35281546878614867
492899,71.66461111004774,-0.4146629538693949
493198,19.347595437823845,-0.41327683512518343
493499,24.12743868658353,-0.511498718475095
493798,1.0160973067601224,
494099,1.0160973067601224,
494399,1.0160973067601224,
494698,1.0160973067601224,
494999,1.0160973067601224,
495298,1.0160973067601224,
495599,1.0160973067601224,
495898,1.0160973067601224,
496199,1.0160973067601224,
496498,1.0160973067601224,
496799,1.0160973067601224,
497099,1.0160973067601224,
497398,1.0160973067601224,
497699,1.0160973067601224,
497998,1.0160973067601224,
498299,1.0160973067601224,
498598,1.0160973067601224,
498899,1.0160973067601224,
499198,1.0160973067601224,
499499,1.0160973067601224,
499799,1.0160973067601224,
500098,1.0160973067601224,
500399,1.0160973067601224,
500698,1.0160973067601224,
500999,1.0160973067601224,
501298,1.0160973067601224,
501599,1.0160973067601224,
501898,1.0160973067601224,
502199,1.0160973067601224,
502499,13.425865393797748,-0.6540039453330575
502798,5.368859999325872,-0.685617357927643
503099,5.826425152894919,-0.6586912569688432
503398,7.758179055790753,-0.8045400015307171
503699,5.549864800223624,-0.7612733178356097
503998,5.6584221026518655,-0.7123917669575717
504299,8.978288443615513,-0.8112423281051695
504598,14.31198463792338,-1.1958048949081626
504899,41.371772573647284,-0.7845075023772221
505199,31.313653909084778,-0.6040150505513966
505498,1.0160973067601224,
505799,,
506098,,
506399,1.0160973067601224,
506698,2.33367316315933,-0.36061050442419185
506999,,
507298,,
507599,,
507899,1.0160973067601224,
508198,1.0160973067601224,
508499,1.0160973067601224,
508798,1.0160973067601224,
509099,1.0160973067601224,
509398,1.0160973067601224,
509699,1.0160973067601224,
509998,1.0160973067601224,
510299,1.0160973067601224,
510599,1.0160973067601224,
510898,1.0160973067601224,
511199,1.0160973067601224,
511498,1.0160973067601224,
511799,1.0160973067601224,
512098,1.0160973067601224,
512399,1.0160973067601224,
512698,1.0160973067601224,
512999,1.0160973067601224,
513299,1.0160973067601224,
513598,1.0160973067601224,
513899,1.0160973067601224,
514198,1.0160973067601224,
514499,1.0160973067601224,
514798,1.0160973067601224,
515099,1.0160973067601224,
515398,1.0160973067601224,
515699,1.0160973067601224,
515999,1.0160973067601224,
516298,1.0160973067601224,
516599,1.0160973067601224,
516898,1.0160973067601224,
517199,1.0160973067601224,
517498,1.0160973067601224,
517799,1.0160973067601224,
518098,1.0160973067601224,
518399,1.0160973067601224,
518699,1.0160973067601224,
518998,1.0160973067601224,
519299,1.0160973067601224,
519598,1.0160973067601224,
519899,1.0160973067601224,
520198,1.0160973067601224,
520499,1.0160973067601224,
520798,1.0160973067601224,
521099,1.0160973067601224,
521399,1.0160973067601224,
521698,1.0160973067601224,
521999,1.0160973067601224,
522298,1.0160973067601224,
522599,1.0160973067601224,
522898,1.0160973067601224,
523199,1.0160973067601224,
523498,1.0160973067601224,
523799,1.0160973067601224,
524099,1.0160973067601224,
524398,1.0160973067601224,
524699,1.0160973067601224,
524998,1.0160973067601224,
525299,1.0160973067601224,
525598,1.0160973067601224,
525899,5.200552025703378,-0.4206706521933301
526198,5.017376372964954,-0.32620101513052013
526499,5.741359131445896,-0.30607552296419627
526799,4.865195755941922,-0.28026460165473943
527098,4.1636330254095135,-0.3530102306609466
527399,3.5027382511224774,-0.2895338998331778
527698,3.394418264668774,-0.2592294382304705
527999,4.687470936525255,-0.49436555437514995
528298,3.2494420768238665,-0.28194492601550025
528599,3.013125293437292,-0.27272236810272465
528898,4.942451634960441,-0.6175625111291851
529199,18.573463225850986,-0.4402517203493841
529499,15.599605379089411,-0.47249931092656117
529798,3.4585656793655133,-0.26300754137993465
530099,9.435609909033857,-0.47079472412005874
530398,18.309614296765343,-0.3301697121250431
530699,3.683022456906544,-0.5602371936235939
530998,2.2463220040229404,-0.2502869521285367
531299,3.12321733020581,-0.31084389407906277
531598,2.735250533080791,-0.3640113734371917
531899,4.302633034828476,-0.3271801013580231
532199,3.357624045721309,-0.28375328080373774
532498,3.495672910321532,-0.30506347373505327
532799,3.182549707088081,-0.2600764755095375
533098,14.247674127110246,-0.24470631320211544
533399,2.3155408123383685,-0.2168346128288987
533698,1.8423411301115376,-0.19162812031223098
533999,1.870856127294407,-0.20241624029325522
534298,1.955868584120796,-0.19072009345764251
534599,2.0395301009749627,-0.17276876361136773
534899,1.8292496424564446,-0.19262160983076937
535198,2.140393804132371,-0.22117149830962246
535499,1.9085251434448702,-0.18614868085713887
535798,1.773152156488852,-0.18898355301907355
536099,1.64683237555468,-0.163887039728162
536398,1.7431798132573708,-0.18334821300132176
536699,1.8639997107131014,-0.2057787418894359
536998,1.6960536401115371,-0.19672171396103155
537299,2.780310213911809,-0.32753137765544804
537599,8.06503141833337,-0.49896650890090166
537898,47.94007070582553,-0.8485504264317294
538199,62.24668774881857,-0.7873013190302389
538498,66.06062782342968,-0.7530546799162323
538799,75.04523558937645,-0.6489359393767593
539098,66.60188233944821,-0.6560033443532571
539399,41.88479492834005,-0.8201313828381662
539698,45.25878744183016,-0.900634050881483
539999,64.44207821021968,-0.7539477645652066
540299,2.5108634528257463,-0.1893060925429122
540598,1.0160973067601224,
540899,0.5112239870517192,0.10012834641876289
541198,0.518900019883037,-0.04282306947816927
541499,21.55417705722733,-0.6722592877344629
541798,17.34720319062182,-0.6528788485316617
542099,54.58033733473293,-0.5512879031111262
542398,32.78429652361488,-0.5278465150316489
542699,9.773866355700525,-0.39227388117597317
542999,5.184021603749137,-0.2416245369296801
543298,3.424451650621822,-0.2863576026769896
543599,6.580167733996823,-0.2337496543113109
543898,6.425092476418118,-0.1950902958299121
544199,1.5570408871799881,-0.158634998276312
544498,2.7341002273555675,-0.5710378699729355
544799,1.8036911070851314,-0.4585938807521701
545098,1.8197468136264012,-0.22015491472310944
545399,1.7183508631522608,-0.3807519007284583
545699,2.8275458622491367,-0.19467618008610343
545998,2.5536889434806187,-0.22710504795697295
546299,3.557658461814588,-0.2350874770499154
546598,1.2003616773388384,-0.06922208631671123
546899,2.6617329397891236,-0.2184570672257553
547198,1.4476511709577662,-0.12872538765070174
547499,2.070112011742192,-0.21078446066451484
547798,2.34351700351829,-0.20414921245095075
548099,1.0733645897424882,0.12340303724112622
548399,1.2726468562196276,-0.030941958692960903
548698,1.03099260162935,0.04067017617404922
548999,1.321882931780211,-0.10545077104337608
549298,1.1505323913353684,-0.05540012173121367
549599,6.470688588853302,-0.1828628261028713
549898,1.6517541582980944,-0.27542424988848
550199,1.3931764543284242,-0.150693676493995
550498,1.4622236087126834,-0.17676033436790006
550799,1.3642880770899979,-0.15003009507075626
551099,1.4395238355020354,-0.1541566133586587
551398,1.5304182339788872,-0.19758239964822
551699,1.6973971969369328,-0.26808616048839107
551998,1.6781970715642476,-0.2472428782917715
552299,1.9292604933952662,-0.3101308065793902
552598,2.1808680770711923,-0.34660185182133585
552899,2.410614294842731,-0.37101293503937294
553198,2.6895658697382183,-0.4053244494821753
553499,2.7658303363404166,-0.4070222694865504
553799,2.7839156145765274,-0.414436435632062
554098,2.98083290909007,-0.4245979189878306
554399,2.992300047171435,-0.4282861764127619
554698,3.029373271145972,-0.42422043026527945
554999,3.1890834447243295,-0.449067939388585
555298,3.290346248272941,-0.44918204228482805
555599,3.6042636912196997,-0.4551474467632559
555898,3.585546862988904,-0.49094561867760866
556199,3.614916502120162,-0.47730846846375874
556499,21.324229178997786,-0.23857710267159993
556798,1.0160973067601224,
557099,1.0160973067601224,
557398,1.0160973067601224,
557699,1.0160973067601224,
557998,1.0160973067601224,
558299,1.0160973067601224,
558598,1.0160973067601224,
558899,1.0160973067601224,
559199,,
559498,0.6054658320230994,-0.9109407974875403
559799,23.859033859973916,-0.5253781940408349
560098,13.787418758585256,-0.3765420124205343
560399,1.0160973067601224,
560698,0.803585723494298,0.4697501567751752
560999,0.8050920276469476,-0.04677673785352665
561298,1.0160973067601224,
561599,1.0160973067601224,
561899,1.0160973067601224,
562198,1.0160973067601224,
562499,1.0160973067601224,
562798,24.409529575785808,-0.4247065988145211
563099,71.37906329701558,-0.4850641989621858
563398,1.0160973067601224,
563699,1.0160973067601224,
563998,1.0160973067601224,
564299,1.0160973067601224,
564599,1.0160973067601224,
564898,1.0160973067601224,
565199,1.0160973067601224,
565498,1.5304681661095385,0.03947853557422609
565799,3.779866848161713,-0.2873166544139516
566098,3.1225582960598617,-0.292849907838991
566399,3.1533960293238668,-0.2754251691829661
566698,3.1218516519464354,-0.22594634131331892
566999,3.304957332305348,-0.22488227410666628
567299,3.0179638696710884,-0.19929584887537066
567598,5.0398013842792295,-0.2819622525382144
567899,4.026316434128767,-0.3068570583248671
568198,2.4558816604928517,-0.15872428296131624
568499,2.4397927246803475,-0.18712278990825393
568798,2.2574056988747966,-0.17169878737037148
569099,2.116533527039148,-0.17521954839861587
569398,2.495108007106328,-0.3814638784872877
569699,8.597785858423384,-0.20850198426308797
569999,3.636766853330811,-0.12610513446601024
570298,3.377943976275235,-0.2236326586143722
570599,2.4305448340414593,-0.32030375783015796
570898,2.2998744428242133,-0.2727528745476109
571199,2.350369706909861,-0.30505609573077375
571498,2.4643339116205087,-0.33381654158538043
571799,6.229668992057008,-0.3950910412285904
572098,2.6718534818662185,-0.4146136354851777
572399,3.331425520307007,-0.6121345129864213
572699,2.573589977076528,-0.3387893518465084
572998,3.829792962800719,-0.3615007941185966
573299,2.7961100235911025,-0.42854014703461263
573598,3.01831091315255,-0.5362370642733263
573899,2.783713235041439,-0.3653943445310217
574198,2.1216979901539297,-0.25325497527062124
574499,2.185578197359948,-0.25369806995508903
574798,1.9125502702881927,-0.21589470823675705
575099,1.9269554573645822,-0.23246446034319002
575399,2.1714104108959713,-0.21600456189781148
575698,2.0948296282465226,-0.22106175359039426
575999,1.7920269436539296,-0.18877946821951275
576298,1.7791378969039298,-0.19250516542143448
576599,1.8641465070117123,-0.21495288042695604
576898,1.57477213561718,-0.15216838328231685
577199,1.7685340232008215,-0.16256019921689613
577498,1.4765830680335592,-0.09902222748574285
577799,1.4217739310979556,-0.1045330801940243
578099,16.75210029787182,-0.3700975479123787
578398,11.09336323725145,-0.36630148062284396
578699,8.881873543918124,-0.4220321135818368
578998,76.06451819719356,-0.3401049332786361
579299,58.99123874389497,-0.30997014750026786
579598,1.0160973067601224,
579899,1.0160973067601224,
580198,1.0160973067601224,
580499,1.0160973067601224,
580799,1.0160973067601224,
581098,1.0160973067601224,
581399,1.0160973067601224,
581698,1.0160973067601224,
581999,1.0160973067601224,
582298,1.0160973067601224,
582599,1.0160973067601224,
582898,1.0160973067601224,
583199,1.0160973067601224,
583499,1.0160973067601224,
583798,1.0160973067601224,
584099,1.0160973067601224,
584398,1.0160973067601224,
584699,1.0160973067601224,
584998,1.0160973067601224,
585299,1.0160973067601224,
585598,1.0160973067601224,
585899,1.0160973067601224,
586199,1.0160973067601224,
586498,1.0160973067601224,
586799,1.0160973067601224,
587098,1.0160973067601224,
587399,1.0160973067601224,
587698,1.0160973067601224,
587999,1.0160973067601224,
588298,1.0160973067601224,
588599,1.0160973067601224,
588899,1.0160973067601224,
589198,1.0160973067601224,
589499,7.352471528568581,-0.8104854330373241
589798,11.634247215522283,-1.1047445718632511
590099,26.089192542105618,-1.2266001822266195
590398,22.504182534378764,-1.3132324476081623
590699,19.11405052760793,-1.3881316621148923
590998,6.1253686687034765,-1.1101445874645002
591299,6.025698353217365,-0.7591815385333374
591599,3.659126377254063,-0.506058483575756
591898,3.5093990028479554,-0.479397485276144
592199,3.9179230652702675,-0.6390774686848284
592498,3.7899103955692164,-0.7911207677328573
592799,15.571231699349308,-0.9939327306541583
593098,16.2543201511919,-1.3680524546777955
593399,3.734096259785121,-0.5969299592879442
593698,32.74563978966117,-1.1791947078343634
593999,,
594299,1.0160973067601224,
594598,1.0160973067601224,
594899,1.0160973067601224,
595198,1.0160973067601224,
595499,1.0160973067601224,
595798,1.0160973067601224,
596099,1.0160973067601224,
596398,1.0160973067601224,
596699,1.0160973067601224,
596999,1.0160973067601224,
597298,1.0160973067601224,
597599,1.0160973067601224,
597898,1.0160973067601224,
598199,1.0160973067601224,
598498,,
598799,,
599098,,
599399,,
599699,,
599998,,
600299,,
600598,1.0160973067601224,
600899,1.0160973067601224,
601198,1.0160973067601224,
601499,1.0160973067601224,
601798,1.0160973067601224,
602099,1.0160973067601224,
602399,1.0160973067601224,
602698,1.0160973067601224,
602999,1.0160973067601224,
603298,1.0160973067601224,
603599,1.0160973067601224,
603898,1.0160973067601224,
604199,1.0160973067601224,
604498,1.0160973067601224,
604799,1.0160973067601224,
605099,1.0160973067601224,
605398,1.0160973067601224,
605699,1.0160973067601224,
605998,1.0160973067601224,
606299,1.0160973067601224,
606598,1.0160973067601224,
606899,1.0160973067601224,
607198,1.0160973067601224,
607499,1.0160973067601224,
607799,1.0160973067601224,
608098,1.0160973067601224,
608399,1.0160973067601224,
608698,1.0160973067601224,
608999,1.0160973067601224,
609298,1.0160973067601224,
609599,1.0160973067601224,
609898,1.0160973067601224,
610199,1.0160973067601224,
610499,1.0160973067601224,
610798,1.0160973067601224,
611099,1.0160973067601224,
611398,1.0160973067601224,
611699,1.0160973067601224,
611998,1.0160973067601224,
612299,1.0160973067601224,
612598,1.0160973067601224,
612899,1.0160973067601224,
613199,1.0160973067601224,
613498,0.385159024875431,0.6234440589863837
613799,5.573959310586126,-0.7023494261310137
614098,11.793242492651915,-1.2141207554502076
614399,3.371028433515879,-0.30986307375328126
614698,3.2408375267473613,-0.2972179668564019
614999,3.464426486995162,-0.28522362278891533
615298,3.4271580002589355,-0.2688355761478105
615599,3.354701932499676,-0.27076013427752055
615899,3.1086298095320837,-0.2565702017595948
616198,3.1505623252097887,-0.19370128339154347
616499,2.9229047507797685,-0.2395105941024933
616798,2.9014628418399533,-0.3232854558047986
617099,2.827187618465756,-0.31722315444784743
617398,3.807681485624793,-0.24979461117687163
617699,2.227293271548286,-0.2106525356374327
617998,4.242208601385711,-0.4667501211453371
618299,2.344773092025139,-0.2547811118182439
618599,2.7680030227683106,-0.40377997947993927
618898,2.337656363041459,-0.2954715277919444
619199,2.414557812138565,-0.31468115681949005
619498,8.270240165334785,-0.5262860427974625
619799,2.2148428147592814,-0.2855421641207956
620098,2.2918773039560407,-0.3100040676468587
620399,2.5218431666085883,-0.3463093097318213
620698,2.2349056775748988,-0.3422125809459764
620999,2.6640874918309243,-0.28125206364015143
621299,2.0869186021250226,-0.2831100381015481
621598,2.009986290854189,-0.2822930511675281
621899,2.1193943814283798,-0.2918537281332909
622198,2.2003654564029165,-0.3475814879496175
622499,7.719549300715049,-0.527053173671604
622798,1.998948096697185,-0.287231187119912
623099,6.506375113150234,-0.9187289313730915
623398,1.9798600070212595,-0.2696888492994107
623699,2.3338488536919018,-0.4156467459889419
623999,1.9131571989332967,-0.28476466657479405
624298,2.018128043185324,-0.3048865142860373
624599,2.190642561155231,-0.3560488545313667
624898,2.1124599444052308,-0.3443747165888251
625199,2.181239056342731,-0.34529061976228537
625498,2.2576016543774537,-0.34812804872775405
625799,2.1577276529631018,-0.33958334279904023
626098,2.034232244764315,-0.3109035133912934
626399,2.053783152102278,-0.3228731107690226
626699,1.9995743360765275,-0.3583792776421202
626998,20.424474327180327,-0.2994582168356703
627299,24.15373602338403,-0.4704070962768354
627598,59.79302143391812,-0.8530941293267671
627899,1.0160973067601224,
628198,1.0160973067601224,
628499,1.0160973067601224,
628798,29.511945967999136,-0.48067187874378736
629099,11.929087329499772,-0.14248757567756365
629399,7.953489894374773,-0.5093885004076688
629698,25.6414815904158,-0.9136895658250437
629999,27.798287148725986,-0.7311753416504343
630298,24.98802268378617,-0.6970815875959084
630599,0.7213812563206484,-0.4230801449124735
630898,,
631199,1.0160973067601224,
631498,18.57710056039034,-0.6435183682357073
631799,26.181682336080158,-0.5634423120090288
632099,13.757786934230618,-0.8699619278848765
632398,26.436563954617196,-0.37561183793209385
632699,21.894982301418118,-0.38832339824001716
632998,16.82012427364792,-0.7011291385408422
633299,7.823819266583105,-0.86022221349161
633598,5.053717956960422,-1.0765264557169254
633899,24.78865689111951,-1.2737445888138121
634198,4.475089633015975,-0.9114696850334258
634499,3.2310653800546416,-0.6468289374638139
634799,2.8714635018913226,-1.0068842690303512
635098,4.221322820497457,-0.434848313826419
635399,3.1403792955020875,-0.814048305436619
635698,2.461393208626747,-0.6414334039376295
635999,4.558354922569217,-0.9141233155046169
636298,4.367779223837049,-0.90141101526687
636599,8.550919815909493,-1.0253567448610852
636898,4.368377544525234,-0.9218339766957591
637199,7.043755447739879,-0.7907167825227881
637499,4.877798480365513,-0.8841604283664499
637798,5.32547745678218,-0.6982715896959486
638099,4.111823093837099,-0.8177026892837156
638398,6.542904455221994,-1.0584693383432318
638699,52.527942757381076,-0.3986053733782178
638998,128.91345544257322,-0.1145619116734733
639299,4.694080240951161,-0.283301016881063
639598,0.6420991159059225,-0.5513682450855317
639899,1.0563355242273904,-0.01577449180160717
640199,3.264610143943531,-0.4979223910016497
640498,5.486138932247457,-0.6144153450201963
640799,7.301107425761346,-0.41356814656862406
641098,4.540739955793068,-0.5180770973983513
641399,3.5950125807659763,-0.6308335484874166
641698,6.3229624228625125,-0.49492538406191167
641999,4.341560515596077,-0.14599269415730376
642298,2.6579561135650507,-0.14107898991295142
642599,43.61902920703617,-0.5501671031125348
642899,81.66333773152229,-0.5721275407141622
643198,3.9894865568255296,-0.63424510140685
643499,4.728539152040753,-0.6717246765167926
643798,5.629553798181956,-0.7101743051643861
644099,6.947255200473624,-0.6874339725165417
644398,4.908104189045384,-0.5731812469131714
644699,4.682132516052328,-0.5280590917444303
644998,4.908761767073162,-0.5552063117235597
645299,4.954154406379422,-0.5138079882530759
645599,5.967054402161829,-0.45180084203447746
645898,4.67664352102757,-0.5023227474168566
646199,6.013803252054643,-0.46634238167737196
646498,6.493399511751402,-0.48699646027714816
646799,7.328491449038438,-0.5038736425781098
647098,8.323019722374088,-0.47426852291775745
647399,8.004668068973622,-0.49790619579645434
647698,7.8618868376571776,-0.4802661123108112
647999,7.48741100177292,-0.4845026647024413
648299,9.196389657759033,-0.5153541822073628
648598,13.211999718525233,-0.4621636343935063
648899,11.790252591820895,-0.47813599043629607
649198,9.900968601709785,-0.6182949814701708
649499,23.68587220651829,-0.26752633737377085
649798,38.64546403926997,-0.4080737648451207
650099,26.678111141985248,-0.4556150242068264
650398,52.56297646687877,-0.43289949933482563
650699,39.793479572068584,-0.40050722748185374
650999,45.27688895601366,-0.29178789202905975
651298,37.800897620004406,-0.37491587188547193
651599,4.097583954972361,-0.10002477716563751
651898,1.0160973067601224,
652199,1.0160973067601224,
652498,1.0160973067601224,
652799,1.0160973067601224,
653098,1.0160973067601224,
653399,1.0160973067601224,
653699,1.0160973067601224,
653998,1.0160973067601224,
654299,1.0160973067601224,
654598,1.0160973067601224,
654899,1.0160973067601224,
655198,1.0160973067601224,
655499,1.0160973067601224,
655798,8.920002800043754,-0.32221314573806237
656099,7.36319541378681,-0.2603586658794712
656399,6.947928802620141,-0.29381445573780574
656698,4.105458851749792,-0.36054927001570625
656999,3.8376695257081255,-0.36414539931312206
657298,3.680675731550718,-0.39970339291776313
657599,3.41036629046507,-0.31912125756369214
657898,2.8593059597891437,-0.29027227149974344
658199,4.58803292083613,-0.43739191922631293
658498,7.8844648870083995,-0.438732550397128
658799,8.204391458179693,-0.5195898322155634
659099,8.073931750024839,-0.3275552091906677
659398,12.806723668310644,-0.3931450182811722
659699,9.266157694403862,-0.33601110968791237
659998,6.564931046361511,-0.435164882655549
660299,6.896777524056961,-0.5470426360565268
660598,6.652326105078479,-0.5570877548210564
660899,5.885663127157204,-0.5469162297752803
661198,5.563591614923408,-0.556362306404742
661499,5.486889697455814,-0.5348723927062475
661799,8.414315486867828,-0.7220953195024218
662098,7.598036039501404,-0.6467741859249994
662399,14.00802706354607,-0.5893929924039767
662698,10.273215850483568,-0.6365871968675418
662999,11.239471876731253,-0.6525309432862336
663298,12.734044212140976,-0.6012245642710727
663599,19.492724553474307,-0.5593842225841341
663898,20.102439044600988,-0.6403292394564506
664199,21.38646265086719,-0.6347032886231041
664499,24.888076738908858,-0.5883960684352381
664798,27.356016981061636,-0.5464393896450699
665099,21.833856161375717,-0.6287195918020065
665398,35.74831776738699,-0.5205757391217158
665699,50.53695416885257,-0.6691020202152704
665998,63.88145049552423,-0.5616605495725997
666299,64.8983135251128,-0.5090194567081683
666598,53.13445377108868,-0.547539212391082
666899,59.72495591395211,-0.41426986273840316
667199,28.67747671443761,-0.42964343588889764
667498,32.92643453959099,-0.4892171643008627
667799,1.0160973067601224,
668098,,
668399,1.0160973067601224,
668698,1.0160973067601224,
668999,1.0160973067601224,
669298,1.0160973067601224,
669599,1.0160973067601224,
669899,1.0160973067601224,
670198,1.0160973067601224,
670499,1.0160973067601224,
670798,1.0160973067601224,
671099,1.0160973067601224,
671398,1.0160973067601224,
671699,1.0160973067601224,
671998,1.0160973067601224,
672299,1.0160973067601224,
672599,1.0160973067601224,
672898,1.0160973067601224,
673199,1.0160973067601224,
673498,1.0160973067601224,
673799,1.0160973067601224,
674098,1.0160973067601224,
674399,1.0160973067601224,
674698,1.0160973067601224,
674999,1.0160973067601224,
675299,20.531723870223676,-0.7407955834679092
675598,8.294062951769972,-1.1845365527199427
675899,,
676198,4.770715530334784,-0.9596971075875607
676499,10.10069733473357,-1.0870355672016556
676798,17.54319660734173,-0.9487060171018789
677099,21.089690264265343,-1.2335531022152244
677398,12.882705512332471,-1.540810654658861
677699,11.790222803103939,-1.0701690716842434
677999,9.12589670245747,-1.3915831856366552
678298,14.572777970062273,-0.9674334070987605
678599,20.804283785154862,-1.036091446505072
678898,3.7443359170156367,-1.0344005651978225
679199,3.1357523948119326,-0.7442405162165266
679498,3.115742490793414,-0.7822952086187827
679799,4.673792692413439,-0.8228857676955312
680098,3.29973426453647,-0.6304228323736132
680399,3.2542193593188773,-0.5736216820733118
680699,3.4948944961985067,-0.5828640252389687
680998,3.8334783494554503,-0.6193040992683587
681299,10.324409707437272,-0.5992233063396646
681598,5.888219703436586,-0.8936346488474591
681899,15.625300471282177,-1.167606768060439
682198,15.356757713918121,-1.2196906937490946
682499,4.62899497680396,-0.485930824160681
682798,10.179160981751453,-1.1442871201959206
683099,3.0763845753098553,-0.38138941150610783
683399,17.97867981347599,-1.4522742992893702
683698,1.0160973067601224,
683999,1.0160973067601224,
684298,1.0160973067601224,
684599,1.0160973067601224,
684898,1.0160973067601224,
685199,1.0160973067601224,
685498,1.0160973067601224,
685799,1.0160973067601224,
686099,1.0160973067601224,
686398,1.0160973067601224,
686699,1.0160973067601224,
686998,1.0160973067601224,
687299,1.0160973067601224,
687598,,
687899,1.0160973067601224,
688198,11.628671019895608,-0.47200028178762365
688499,,
688799,,
689098,1.0160973067601224,
689399,1.0160973067601224,
689698,1.0160973067601224,
689999,,
690298,,
690599,,
690898,,
691199,,
691499,,
691798,,
692099,,
692398,,
692699,,
692998,,
693299,1.0160973067601224,
693598,1.0160973067601224,
693899,1.0160973067601224,
694199,0.7218319689224163,-1.572621942049098
694498,1.0160973067601224,
694799,1.0160973067601224,
695098,1.0160973067601224,
695399,1.0160973067601224,
695698,1.0160973067601224,
695999,1.0160973067601224,
696298,1.6038186025314687,-0.02003012254569092
696599,1.0160973067601224,
696899,1.0160973067601224,
697198,9.074273640923384,-1.0364202664519975
697499,23.853065935770605,-1.257608087363097
697798,10.586335241481956,-0.9237827671323549
698099,3.6207324892177315,-0.5010725332301755
698398,3.985731321428033,-0.5397816583418975
698699,4.274193732191922,-0.47914154427197
698998,4.474133424492848,-0.5575413813067422
699299,5.381238105518291,-0.6594353757161004
699599,4.503727590690292,-0.5143782278811837
699898,3.983137150634052,-0.45884772699373855
700199,4.157607796387051,-0.4572022988392783
700498,4.734499205974308,-0.5212322540194612
700799,5.021251222309977,-0.5054604939601164
701098,4.930231511890996,-0.5098318915372628
701399,5.085295712242849,-0.5434465521692535
701698,7.339899894526864,-0.7193427106229531
701999,7.752646855870141,-0.7654905417727098
702299,4.853053860298383,-0.5616078171117509
702598,7.769893929705789,-0.72817794739755
702899,4.404005410552377,-0.7179132488391133
703198,5.5309220117613656,-0.7752474336655502
703499,4.419588781863218,-0.6491474766185983
703798,12.639157173902548,-0.8704849115875033
704099,7.209072272100989,-0.887801824886975
704398,7.375321626640995,-0.8758976637434204
704699,3.4579393667913427,-0.4957327086643668
704999,3.5984339079811574,-0.5366286923953549
705298,3.8972953407658784,-0.5384498051443762
705599,3.622884194849329,-0.521747014376239
705898,3.511852539013565,-0.4734176300689683
706199,3.478708612106158,-0.4667078310952466
706498,3.251690908423404,-0.4348822353322197
706799,3.415321922363218,-0.46131885031809117
707098,3.285369476275138,-0.412220980866411
707399,3.4228599993423847,-0.43069295004516484
707699,3.572016049055348,-0.450388517383866
707998,3.3669168035715518,-0.42879040867087403
708299,3.691339369759051,-0.4681967705168133
708598,3.2972762590808102,-0.41675422580502675
708899,2.894691684974329,-0.45787769274111456
709198,3.00493559015257,-0.46979851948849194
709499,3.062733928120163,-0.4652092739320357
709798,3.116606145640996,-0.45393299145114363
710099,3.178121045842385,-0.43726831149546275
710399,3.1769505119700456,-0.41620412823162267
710698,3.3352407557617134,-0.4126606652776994
710999,3.330285577345046,-0.4211359686122673
711298,3.3880763771757185,-0.4326293747976453
711599,3.44624833327757,-0.43362277369629476
711898,3.500954261979305,-0.40833788402680304
712199,10.290675801499772,-0.40528216638946457
712498,3.686055423870163,-0.42005015218006325
712799,3.8459614296641442,-0.4399083255963918
713099,3.8923362745136805,-0.42390945462598406
713398,4.149363552087755,-0.41668328799761123
713699,4.399074330307663,-0.4293432183392949
713998,4.504641800754422,-0.42234393744402854
714299,4.37732245422433,-0.4180256617123137
714598,4.336336609830811,-0.40585963081298426
714899,4.105045634717385,-0.36974730617802054
715198,4.302426168478939,-0.42502557477353253
715499,3.731270044034861,-0.3576125156097667
715799,3.7345165717825455,-0.3134764127478846
716098,3.749067168666806,-0.253203152293636
716399,3.5990671503373957,-0.28100059723135473
716698,4.900970670965048,-0.5345605451089301
716999,3.697079890691922,-0.43526955111019494
717298,3.391008748319583,-0.3413222897124186
717599,3.8600144621101973,-0.45405554531962466
717898,3.38319945998625,-0.36999089238357796
718199,3.690489364617489,-0.4283765391569041
718499,3.619904668085081,-0.35957561484265366
718798,3.6141852243860066,-0.3714159463862976
719099,3.6383995082953837,-0.37944571441113717
719398,4.007451484288438,-0.39047472406644057
719699,10.152034556003763,-0.38064436617609254
719998,14.128610404612564,-0.48068752054978514
720299,4.265605237499977,-0.16579552547617382
720598,41.899157810860885,-0.22978038376827414
720899,4.603687503325525,-0.6840545817246939
721199,4.289998804129401,-0.7064458694513114
721498,3.7160261446178273,-0.5988180575085853
721799,3.769670468686586,-0.521677200345241
722098,3.7597869594855435,-0.45006741576340725
722399,8.590271796728253,-0.5611132909168992
722698,4.177285488485543,-0.4747177022762299
722999,5.507272769553014,-0.6389828683087015
723298,9.434727791031545,-0.5718266011895852
723599,5.023061962006031,-0.6642099124970988
723899,9.053720659543753,-0.49375833289116455
724198,3.828144173501452,-0.6623145293747923
724499,5.8316892410715315,-0.463657895645222
724798,6.780950963556957,-0.37900792825283736
725099,4.838902543006716,-0.7678485285143892
725398,4.620005468714364,-0.7424564021155722
725699,4.424271934327789,-0.5854343806460331
725998,8.428122477881717,-0.7416990324807802
726299,4.058883383913439,-0.5578470445959154
726599,4.207661211529179,-0.5775890081758173
726898,3.9267277161919023,-0.5680576999305449
727199,3.7972454276634378,-0.5258282005658363
727498,3.5235967930318406,-0.4808503431194717
727799,3.711630459293069,-0.49276343539507184
728098,3.5791947935642474,-0.45717211222487975
728399,3.920736876187272,-0.5247131827660143
728698,19.89934594252923,-0.3025129992505222
728999,3.789343018258692,-0.4775590697209362
729299,3.9266227236753597,-0.47901841311049687
729598,4.235397567802674,-0.4877312099346516
729899,5.864685629066901,-0.730577347197378
730198,4.655778470106254,-0.48180885825043096
730499,4.442955368036469,-0.47142654447061716
730798,4.754051423078136,-0.4455703688925581
731099,4.754047340522581,-0.46183446410117845
731398,4.9516176580014,-0.5033726869783153
731699,5.336753514369456,-0.49925901025774366
731999,5.333474618262975,-0.49645154170268624
732298,5.656800399029179,-0.49548466112564493
732599,5.870488168783809,-0.4611050879126548
732898,5.668157095693531,-0.46336420241373655
733199,5.69593277861749,-0.4342669362963798
733498,5.979240431899551,-0.44039475489010216
733799,5.967227461489827,-0.4351839675575948
734098,5.983910918651865,-0.40253023488962847
734399,5.95626722001529,-0.39742265644881747
734699,6.300268130093993,-0.39459658153702315
734998,6.3198454858069555,-0.37993884533238265
735299,6.5665379658393634,-0.37881482871823535
735598,6.9375122157838085,-0.3921875657072027
735899,6.975342842360197,-0.3929865693116523
736198,7.1931877607768655,-0.38664102086590413
736499,7.730283427721308,-0.3921282045771084
736798,7.958343675279178,-0.39412456317615363
737099,8.12597665963566,-0.3998760168227
737399,8.502527468668069,-0.4162050761066469
737698,8.655664635628717,-0.40718481974546683
737999,8.960394240392606,-0.401437432857936
738298,8.833980272918067,-0.378873816049772
738599,8.68189225952918,-0.3682752317905158
738898,8.651647949971311,-0.37254793059399804
739199,8.568986691103255,-0.36890405671062054
739498,8.350751816223623,-0.34764020720433786
739799,8.312224474235201,-0.3499597251102222
740099,8.294273003392606,-0.3473337089465307
740398,8.44392637898983,-0.36348793898803056
740699,8.437227006887973,-0.353198790252675
740998,8.330787783360197,-0.3589250948561553
741299,8.742786230374087,-0.37207514476476167
741598,8.561270369226643,-0.3740434083858133
741899,8.213000083154883,-0.3398234060413081
742198,8.43412476278683,-0.3386619723123159
742499,8.137458228453497,-0.33312302496570356
742799,8.302278460400256,-0.3227604181810759
743098,8.326456568805348,-0.35185005307752926
743399,8.32212274518961,-0.3187080890339491
743698,7.985119105083125,-0.2937185328495009
743999,8.068621485546089,-0.30687082122048714
744298,8.074335956895625,-0.30766290171698163
744599,8.349908623740415,-0.3378292051913896
744898,8.401800044432663,-0.3641739441669125
745199,16.06170313142969,-0.5774219122019131
745499,9.251816977652453,-0.4641489453286163
745798,5.902391154501012,-0.2738217743928988
746099,8.140609756574115,-0.37944564558122185
746398,7.4187829271456245,-0.42094829325404803
746699,6.206236612992733,-0.38272928840130604
746998,5.873886996981273,-0.44507251289623895
747299,4.123556768168774,-0.4961475034879952
747598,4.2755024023539585,-0.5000938821936451
747899,4.389126296134052,-0.5088526058369609
748199,4.5198629899072,-0.5279200267188264
748498,4.6382780337104395,-0.5273659508708934
748799,4.547265170916459,-0.5221319720212909
749098,4.4301473278678465,-0.5005812858203413
749399,4.3767103684095146,-0.4858284836650233
749698,5.238111738134031,-0.5666464300523013
749999,5.085774388814608,-0.5383784651210359
750298,5.124649051576181,-0.5471771776755228
750599,5.239525071518312,-0.5405409017977434
750899,5.305800427404885,-0.546259799436831
751198,5.650059922492848,-0.5535415710799907
751499,5.698655452955809,-0.5512394851003448
751798,5.866053873421089,-0.5391211312934356
752099,5.893119657847015,-0.5323425195503189
752398,5.668583900587755,-0.5093718451443461
752699,5.710042344055347,-0.5186153552636119
752998,5.653196326404885,-0.46576323189195334
753299,5.72250100226831,-0.4506200707245611
753599,6.471731918247456,-0.5667629277091557
753898,4.962841258643311,-0.4087209142091417
754199,4.97253468265257,-0.42362736729638506
754498,5.2150095091502555,-0.41457731090148053
754799,5.351596239990531,-0.42311933057890716
755098,5.054406895925768,-0.5475258746140232
755399,4.723482607698866,-0.5217205820043362
755698,4.705036455393195,-0.44125545490876616
755999,4.718032143289144,-0.46524038420654157
756299,4.751300618127107,-0.46623582491506754
756598,4.799751415948867,-0.4702468179264996
756899,4.942069950738218,-0.5142188693222995
757198,4.934902947078495,-0.5058765849927473
757499,4.765598914587755,-0.45066684741206897
757798,4.867731076587755,-0.4012068890501306
758099,4.8165710507335895,-0.40396086095188455
758398,5.104825498383345,-0.4239025389559514
758699,29.0194229242283,-0.6568652332173321
758999,33.80189195733941,-0.6210481703231643
759298,0.7809495916947173,0.04158354838511935
759599,,
759898,1.0160973067601224,
760199,1.0160973067601224,
760498,1.0160973067601224,
760799,1.0160973067601224,
761098,1.0160973067601224,
761399,1.0160973067601224,
761699,1.0160973067601224,
761998,1.0160973067601224,
762299,1.0160973067601224,
762598,1.0160973067601224,
762899,1.0160973067601224,
763198,1.0160973067601224,
763499,1.0160973067601224,
763798,1.0160973067601224,
764099,1.0160973067601224,
764399,1.0160973067601224,
764698,1.0160973067601224,
764999,1.0160973067601224,
765298,1.0160973067601224,
765599,1.0160973067601224,
765898,1.0160973067601224,
766199,1.0160973067601224,
766498,1.0160973067601224,
766799,1.0160973067601224,
767099,1.0160973067601224,
767398,1.0160973067601224,
767699,1.0160973067601224,
767998,1.0160973067601224,
768299,1.0160973067601224,
768598,1.0160973067601224,
768899,2.0169235434436077,-0.08881213631652263
769198,10.100333909258346,-0.5015225234458047
769499,10.171609268089414,-0.6535652938602294
769799,9.114605084600939,-0.4880794706126823
770098,8.334673817502086,-0.5143527774725103
770399,7.499292081631032,-0.4928249416172301
770698,6.837129472330105,-0.4490937193320439
770999,21.33928950025377,-0.9557419819966544
771298,13.182817776775234,-0.9950824472154942
771599,32.8873493180831,-1.360108714904673
771898,,
772199,,
772499,,
772798,,
773099,,
773398,,
773699,1.0160973067601224,
773998,,
774299,,
774598,,
774899,,
775199,1.0160973067601224,
775498,1.0160973067601224,
775799,1.0160973067601224,
776098,1.0160973067601224,
776399,1.0160973067601224,
776698,1.0160973067601224,
776999,1.0160973067601224,
777298,1.0160973067601224,
777599,1.0160973067601224,
777899,1.0160973067601224,
778198,1.0160973067601224,
778499,1.0160973067601224,
778798,1.0160973067601224,
779099,1.0160973067601224,
779398,1.0160973067601224,
779699,1.0160973067601224,
779998,1.0160973067601224,
780299,1.0160973067601224,
780599,1.0160973067601224,
780898,1.0160973067601224,
781199,1.0160973067601224,
781498,1.0160973067601224,
781799,1.0160973067601224,
782098,1.0160973067601224,
782399,1.0160973067601224,
782698,1.0160973067601224,
782999,1.0160973067601224,
783299,1.0160973067601224,
783598,1.0160973067601224,
783899,1.0160973067601224,
784198,1.0160973067601224,
784499,1.0160973067601224,
784798,1.0160973067601224,
785099,1.0160973067601224,
785398,1.0160973067601224,
785699,1.0160973067601224,
785999,1.0160973067601224,
786298,1.0160973067601224,
786599,1.0160973067601224,
786898,1.0160973067601224,
787199,1.0160973067601224,
787498,1.0160973067601224,
787799,1.0160973067601224,
788098,1.0160973067601224,
788399,1.0160973067601224,
788699,1.0160973067601224,
788998,1.0160973067601224,
789299,1.0160973067601224,
789598,1.0160973067601224,
789899,1.0160973067601224,
790198,2.501814203564237,-0.4537072976757961
790499,6.6285961587121,-0.6710181514519591
790798,4.5138984658632175,-0.5356345313557278
791099,4.5965430137088115,-0.5562419307224689
791399,4.9062746220606615,-0.5993999915444042
791698,4.535268215759052,-0.5180205222150998
791999,6.493751162709784,-0.5425402391776488
792298,5.479342700650254,-0.5276064098144813
792599,7.7636322902273305,-0.3899439828909783
792898,5.847277088348672,-0.6028048814461258
793199,4.179079759346898,-0.5324028287464284
793498,5.517114988741218,-0.5731310694282106
793799,5.956841443888025,-0.673913725880686
794099,6.397616874085419,-0.5285244342720283
794398,4.894676422627107,-0.5504223549245235
794699,4.865447580770625,-0.5524940434384604
794998,5.091376394006736,-0.5620270972269725
795299,5.372968634571552,-0.5198707944714669
795598,4.820968229680349,-0.5474391364292814
795899,5.5686110061602,-0.5844354961403713
796198,4.736078952196551,-0.5500018919111898
796499,4.99882044784007,-0.5556245231017054
796799,4.641553563252108,-0.4838954080011104
797098,42.861618177864884,-0.39383001012519236
797399,6.913858563700526,-0.36588757501085634
797698,7.0463759293995984,-0.4136906520753345
797999,7.175041593114877,-0.32666037300529993
798298,8.35462331534468,-0.31783533038219125
798599,4.247713904171089,-0.5336643106134125
798898,4.4947166738260655,-0.5821133749731131
799199,4.669213708395625,-0.5667296017123016
799499,4.810475040824552,-0.5323000540512388
799798,4.912183817701181,-0.5346237500251991
800099,5.5138809009118095,-0.6137371994334861
800398,4.878652442807663,-0.4571888180501722
800699,5.393566336333125,-0.4744502951117484
800998,5.426807857985903,-0.484567359272301
801299,5.840214156284514,-0.4449037977974779
801598,5.212278881583126,-0.3592282354709313
801899,5.749060531321552,-0.39032574361124817
802199,5.872481047756736,-0.38287432689066647
802498,6.061663449370162,-0.40844925619973105
802799,6.066640803738218,-0.6061052626188015
803098,5.33746703922136,-0.6673635001649889
803399,4.451982834446551,-0.5554596130641147
803698,4.637664134745162,-0.578589283751014
803999,4.367353452934977,-0.4659177076973964
804298,4.4122803936618284,-0.4104357534140848
804599,4.799726609696552,-0.45616830829619515
804899,5.112158258518311,-0.48110390221791133
805198,5.501510155416459,-0.5088670252244996
805499,5.952786835198847,-0.6550333119873135
805798,15.61587623176534,-0.5540975942892268
806099,100.51137689370285,-0.47011278530374545
806398,51.20864061823757,-0.41629129760573313
806699,1.0160973067601224,
806998,0.6247435722880632,-0.025022851748942143
807299,1.0160973067601224,
807599,1.0160973067601224,
807898,1.0160973067601224,
808199,1.0160973067601224,
808498,1.0160973067601224,
808799,1.0160973067601224,
809098,1.0160973067601224,
809399,1.0160973067601224,
809698,1.0160973067601224,
809999,1.0160973067601224,
810299,1.0160973067601224,
810598,1.0160973067601224,
810899,1.0160973067601224,
811198,1.0160973067601224,
811499,1.0160973067601224,
811798,1.0160973067601224,
812099,1.0160973067601224,
812398,1.0160973067601224,
812699,1.0160973067601224,
812999,11.503440969434322,-0.8183124171803842
813298,9.977050758627083,-0.9853569685904693
813599,10.303789387901864,-0.48399668607538393
813898,5.225316244180328,-0.5059668165476623
814199,5.253761833087049,-0.8168699895937159
814498,7.342849808318531,-0.80843650565303
814799,5.7342875110060305,-0.7493780265251784
815098,5.891895719696531,-0.6836726280051513
815399,5.705782310221995,-0.6771066819827569
815699,9.631034651281546,-0.7705858535985224
815998,6.914302647047748,-0.8654301580063017
816299,6.284435068953476,-0.5855879310847676
816598,7.554890091103303,-0.8235283983394657
816899,9.029626033769969,-0.9033180318804725
817198,7.970139733253768,-0.8992016010900374
817499,7.0896741442931175,-0.711443887364392
817798,7.577396863448846,-0.939470974802926
818099,6.565576843400234,-0.7487658836436841
818399,13.335976241839413,-0.801465006192954
818698,6.253191446203475,-0.5755615814683399
818999,6.331856918330791,-0.6395603855928487
819298,7.442350715390341,-0.6479768912621502
819599,5.598338434633346,-0.5454304084176118
819898,7.069830846592365,-0.7829692819135106
820199,8.891305545959735,-0.609190699210014
820498,9.464766670002087,-0.5878626768637045
820799,6.731472682620141,-0.6082661325294809
821099,30.85351457351366,-0.6518825469471934
821398,20.480650996545435,-0.6717714327153514
821699,37.055629622668114,-0.579944215709709
821998,6.262319987742828,-0.4096312740451471
822299,6.162542315837049,-0.3738549416822876
822598,7.409096435990512,-0.382096272064971
822899,7.83271163678681,-0.38600789400613644
823198,13.134326778745143,-0.48640307477522016
823499,14.473372187205788,-0.3588436176758054
823799,29.998742362251456,-0.535898712766991
824098,31.350529919867185,-0.4940386803129988
824399,21.58523325553218,-0.5446312609053388
824698,19.353741783664127,-0.4656317225515507
824999,17.836661013911804,-0.44527105897235764
825298,19.734110534390975,-0.51310340597767
825599,20.83204268522662,-0.5025034610389516
825898,57.25235067348061,-0.6616452306740903
826199,72.20287024303154,-0.6650103123192546
826499,62.18482712981164,-0.623686046817171
826798,102.64950777323989,-0.6319817502155423
827099,115.34149353833247,-0.4568802075695273
827398,131.627894559351,-0.5365218132147402
827699,104.39142410898062,-0.5489385727591685
827998,119.68279438675842,-0.5100113663796715
828299,99.7580088610871,-0.5989643211849267
828598,82.63800051384173,-0.4977923312180761
828899,104.34145587152692,-0.5992884735782202
829199,72.60450429815192,-0.5424553245812129
829498,31.64129464755701,-0.49181017088616885
829799,57.30523745186024,-0.6666751737429832
830098,55.59880797833479,-0.5839586892671877
830399,68.92354861081627,-0.48375303668693004
830698,59.29637416646905,-0.5138078805014596
830999,63.12202925529544,-0.5502588742678054
831298,70.82940029850145,-0.4546666637508201
831599,53.83873141307784,-0.5300676948952472
831899,65.99636683170746,-0.5154638120014607
832198,49.1103052766334,-0.5873076399716521
832499,44.69763720540423,-0.6025829365923216
832798,51.103251038494506,-0.5145676326570254
833099,48.53454494386488,-0.5262208424841577
833398,31.98230121087877,-0.4324183670759738
833699,1.0160973067601224,
833998,1.0160973067601224,
834299,1.0160973067601224,
834599,1.0160973067601224,
834898,1.0160973067601224,
835199,1.0160973067601224,
835498,1.0160973067601224,
835799,10.981076197020606,-0.380686944109069
836098,12.862902017905139,-0.28751200666567245
836399,11.096947593967268,-0.2598071936012205
836698,10.743895411742848,-0.3175077971091824
836999,9.498776593478842,-0.30495031369117354
837299,8.292503704173285,-0.31030820580573715
837598,8.054446090684978,-0.3573710251483615
837899,8.976090209848675,-0.41352695038945386
838198,7.397223297314607,-0.5108088817944034
838499,6.715637359397941,-0.5247369101507009
838798,6.624624488134052,-0.5335918444517374
839099,6.843421668108589,-0.5751134785840799
839398,6.7384888225877555,-0.565316524917167
839699,6.954553615851643,-0.5759950182753144
839999,6.97013788539794,-0.5906061305346011
840298,7.039624312573867,-0.5884689911578573
840599,7.143761310502108,-0.6132793527688687
840898,7.4164777647243305,-0.6271675397927046
841199,7.572881369833125,-0.6033429586206902
841498,7.390589562127108,-0.570370214687703
841799,7.672691376404886,-0.5806851716159049
842098,10.159085909698847,-0.4162064909256096
842399,8.632209783168754,-0.4626816635169615
842699,8.215826383191901,-0.5189688186513024
842998,13.203797693585422,-0.4150010332086653
843299,9.31485110725905,-0.5360029835698181
843598,1.0160973067601224,
843899,0.8050106375811252,-2.6612851369920514
844198,1.127839135960755,-0.28557543277845343
844499,10.161458417150255,-0.48556388469753275
844798,10.289156204934976,-0.457119904330483
845099,10.436234355806034,-0.45892206982143846
845399,10.663258387623165,-0.4308301585746266
845698,11.552095669196554,-0.4461828159189789
845999,20.90364670907153,-0.38090721337519473
846298,25.26564923035162,-0.23137449282739153
846599,38.15345722996505,-0.22661873576364489
846898,61.580274969332464,-0.2686553872051112
847199,72.66391039293664,-0.2758538591819448
847498,1.7239409890000073,0.042345945309537836
847799,1.0160973067601224,
848099,,
848398,,
848699,,
848998,8.182043312789125,-0.29002959526941474
849299,1.0160973067601224,
849598,1.0160973067601224,
849899,1.0160973067601224,
850198,1.0160973067601224,
850499,1.0160973067601224,
850799,1.0160973067601224,
851098,1.0160973067601224,
851399,1.0160973067601224,
851698,1.0160973067601224,
851999,1.0160973067601224,
852298,1.0160973067601224,
852599,1.0160973067601224,
852898,1.0160973067601224,
853199,1.0160973067601224,
853499,1.0160973067601224,
853798,1.0160973067601224,
854099,1.0160973067601224,
854398,1.0160973067601224,
854699,1.0160973067601224,
854998,1.0160973067601224,
855299,1.0160973067601224,
855598,1.0160973067601224,
855899,1.0160973067601224,
856199,1.0160973067601224,
856498,1.0160973067601224,
856799,1.0160973067601224,
857098,1.0160973067601224,
857399,1.0160973067601224,
857698,1.0160973067601224,
857999,1.0160973067601224,
858298,20.604961085048384,-0.5516192029558189
858599,11.630285800360248,-0.967767331093536
858899,24.55006520704607,-0.7528252372527373
859198,20.83231504096042,-0.7674213249064523
859499,,
859798,0.5248616144931629,-1.2467742188249384
860099,,
860398,0.4627328335522599,-0.3839498130286263
860699,0.3879541830670627,0.03302805753837312
860998,,
861299,,
861599,0.5639700675233057,-0.5079641452278632
861898,24.258265049471355,-1.450406546028094
862199,17.692689972374133,-1.4979214931981764
862498,14.143534600707712,-1.126852140232161
862799,0.9895337405962792,0.24695203569026447
863098,0.5423018390792316,-0.1637236882971087
863399,22.79367864619821,-1.0596806380993362
863698,1.0160973067601224,
863999,1.0160973067601224,
864299,,
864598,1.0160973067601224,
864899,1.0160973067601224,
865198,1.0160973067601224,
865499,1.0160973067601224,
865798,1.0160973067601224,
866099,1.0160973067601224,
866398,1.0160973067601224,
866699,1.0160973067601224,
866999,1.0160973067601224,
867298,1.0160973067601224,
867599,1.0160973067601224,
867898,1.0160973067601224,
868199,1.0160973067601224,
868498,1.0160973067601224,
868799,1.0160973067601224,
869098,1.0160973067601224,
869399,1.0160973067601224,
869699,1.0160973067601224,
869998,1.0160973067601224,
870299,1.0160973067601224,
870598,1.0160973067601224,
870899,1.0160973067601224,
871198,1.0160973067601224,
871499,1.0160973067601224,
871798,1.0160973067601224,
872099,1.0160973067601224,
872399,1.0160973067601224,
872698,1.0160973067601224,
872999,1.0160973067601224,
873298,1.0160973067601224,
873599,1.0160973067601224,
873898,1.0160973067601224,
874199,1.0160973067601224,
874498,1.0160973067601224,
874799,1.0160973067601224,
875099,1.0160973067601224,
875398,1.0160973067601224,
875699,1.0160973067601224,
875998,1.0160973067601224,
876299,1.0160973067601224,
876598,1.0160973067601224,
876899,1.0160973067601224,
877198,1.0160973067601224,
877499,1.0160973067601224,
877799,6.794738335814607,-0.5921922686280718
878098,8.527757961638661,-0.6887875401836034
878399,8.094483279293774,-0.6366305942397419
878698,8.45829945560396,-0.6563802885571366
878999,8.14003759851368,-0.6144837264152516
879298,7.927969117428033,-0.5505371694411683
879599,7.859446071393311,-0.5784983470609613
879898,8.138750636347014,-0.6122613770225442
880199,7.284686725205156,-0.699982849670649
880499,5.847516462418772,-0.5888437281687813
880798,6.370162828173403,-0.6445784529389675
881099,5.743175841147822,-0.5871284002345707
881398,6.262023478654179,-0.6049056498194014
881699,7.280574563117848,-0.5801553149576948
881998,10.90824341908247,-0.45995162505170706
882299,5.369063972240532,-0.6058254859788557
882598,5.410916002379422,-0.5906380704908729
882899,5.535728686312176,-0.5673255041118608
883199,5.521717090092384,-0.573913644156101
883498,6.328996679663487,-0.634904351331864
883799,8.746521668138024,-0.6520689712017109
884098,10.548280036707471,-0.39824646000440733
884399,6.10163235339088,-0.6396824129888046
884698,9.279736693143288,-0.4733736373005857
884999,8.473844261323867,-0.4492750181823595
885298,8.44966740677977,-0.4436580643713679
885599,8.549403800502157,-0.39634567977508595
885899,8.40778212076588,-0.44479875666945246
886198,8.564571284802916,-0.494388324319716
886499,8.480778884437177,-0.531536781202097
886798,8.759705381101528,-0.5032605293175278
887099,8.952059852881737,-0.5246294676160328
887398,8.838063185948865,-0.4846930904844162
887699,9.099031997798402,-0.5650930355055925
887998,9.769923567015995,-0.5040560313995179
888299,11.11161548808242,-0.516807306868311
888599,13.652112368830153,-0.4429236603146858
888898,8.417709522416459,-0.6295348621196906
889199,7.853703336742847,-0.5946244840956325
889498,8.776717413212756,-0.4671555433739054
889799,8.998259853928035,-0.4535707347149893
890098,9.368192259027548,-0.5034083127271352
890399,9.6889845585322,-0.44928986099422374
890698,10.136884436059956,-0.49591084397946084
890999,11.196680662992195,-0.604172067480008
891299,10.78765974740255,-0.5431288073604668
891598,9.539083696687271,-0.45232350614267536
891899,12.92166499399682,-0.5526764805951236
892198,10.426527400140976,-0.7756436426748847
892499,11.41824709297431,-0.7993173991582085
892798,11.675503361546069,-0.7548686027367255
893099,13.202848561272289,-0.7429655776873025
893398,11.659724056570894,-0.7141442505228237
893699,10.20836349453681,-0.7319341757738487
893999,12.422316038142657,-0.7171238755843292
894298,12.023653762783859,-0.6648338074681475
894599,9.573153851698846,-0.6408263006836092
894898,9.399182273811638,-0.6092227906010239
895199,9.03081529313108,-0.6324752314431294
895498,9.963958849360884,-0.6485120543177452
895799,11.286764745046067,-0.6373830357514603
896098,11.435552018276914,-0.6463369895691244
896399,12.398794976161806,-0.7069687100845301
896699,12.664822375967365,-0.5494483216688146
896998,10.553023305316266,-0.7027218912955098
897299,15.066872852237562,-0.7466585690980665
897598,13.52621777368432,-0.7017251762922441
897899,15.544823595797746,-0.628022127204213
898198,15.833089672378767,-0.6595647227201458
898499,12.9858643733996,-0.5984854938768656
898798,44.034714002015335,-0.47179617524514805
899099,57.33380808287646,-0.5971255100174961
899399,37.16531844224451,-0.47620793910056936
899698,,
899999,1.0160973067601224,
900298,1.0160973067601224,
900599,1.0160973067601224,
900898,1.0160973067601224,
901199,1.0160973067601224,
901498,1.0160973067601224,
901799,1.0160973067601224,
902099,1.0160973067601224,
902398,3.4194659943030956,-0.3197096947858773
902699,12.563790199371823,-0.7501914090156891
902998,21.200017897043114,-0.7866428682530437
903299,25.69643720031164,-0.9304623692029961
903598,11.78091807796042,-0.6434764559322752
903899,11.277045866745143,-0.8162944776005141
904198,9.517948441430327,-0.7914694014285517
904499,9.469998896967365,-0.7660061520640638
904799,9.963907750800011,-0.7182466951545154
905098,7.325660699411123,-0.94043567739892
905399,11.282700154496771,-0.7339629019465279
905698,11.611560283494455,-0.7530269982463296
905999,8.767121317406495,-0.8737578626894966
906298,10.370234584499086,-0.8838866613798406
906599,9.660892316509031,-0.9508512439431014
906898,13.141084320620143,-0.7027181352918019
907199,12.405966284395605,-0.8614842424159894
907499,11.061277214881715,-0.8155443082596712
907798,14.374646199888664,-0.8958152201392637
908099,12.773224353221996,-0.8757976132684755
908398,22.328501717445896,-0.6939179610099107
908699,40.55911564946442,-0.7081146283954334
908998,13.493620228256717,-0.5927375355630073
909299,8.478994262749087,-0.92084276813326
909598,9.628380436710419,-0.8389179272134493
909899,24.108280955850987,-0.4409117746196711
910199,6.3327724615176555,-0.6422772789323286
910498,12.112663269872456,-0.6868736869186183
910799,7.826110946291438,-0.8176556273798259
911098,13.244024840717366,-0.9293248074855345
911399,23.251930373235254,-0.9526822502604539
911698,29.856791208975988,-1.2707609812343859
911999,7.30086382276992,-0.614917085864451
912298,7.434286273397234,-0.582149396354565
912599,7.615620166128717,-0.5183735331390655
912899,8.146560602605568,-0.463397483677098
913198,9.338619067040751,-0.42675424987854327
913499,10.258281097017607,-0.39405217613806576
913798,9.558199962684272,-0.4189155051942943
914099,8.531569486156494,-0.3082608505115214
914398,8.516293943795382,-0.26675074413145117
914699,9.270768347158809,-0.2767565202213329
914998,10.542847995892606,-0.2803286569277268
915299,10.725445766059273,-0.27455971625465314
915599,11.170904176925012,-0.2681064951674159
915898,11.768667730668067,-0.2807762030173542
916199,12.590537529203477,-0.2801673194071421
916498,10.61031333145082,-0.23487544156062845
916799,11.196312790612511,-0.2715614151858188
917098,11.802570628677325,-0.27219332153677156
917399,12.065597365045381,-0.2702525186821514
917698,12.69939259156853,-0.2715038907975582
917999,12.830588025760663,-0.26527237557114947
918299,13.565739661772234,-0.27296759922587444
918598,16.112941786059274,-0.24114110689342727
918899,16.140239568341674,-0.24360480646171223
919198,18.3819354992822,-0.6113619749634687
919499,14.796691160805349,-0.41915140922616256
919798,16.656836716091682,-0.5104737692710477
920099,16.720467927334735,-0.495304812478345
920398,17.636295253862514,-0.4413485469093734
920699,17.917402754545382,-0.37328320737416854
920999,22.87914568414029,-0.5123624729289828
921298,20.949020151473622,-0.5798725051246507
921599,20.29763295553612,-0.4389565476785795
921898,23.274564523193533,-0.5233274588971002
922199,0.6560959866137147,0.11393432897734379
922498,14.234846956554643,-0.47054746189169605
922799,3.253320135632465,-0.17861010991399695
923098,0.9830194551948013,0.18268544504771222
923399,1.0160973067601224,
923699,1.0160973067601224,
923998,1.0160973067601224,
924299,1.0160973067601224,
924598,1.0160973067601224,
924899,1.0160973067601224,
925198,,
925499,1.0160973067601224,
925798,,
926099,50.123661387550065,-0.23592058482395717
926399,57.071539465739875,-0.18909182088523768
926698,4.4042608639627545,-0.4192897882281392
926999,5.265840101464954,-0.4079378654618959
927298,5.889931457083009,-0.46750257466326417
927599,5.591159490381621,-0.41997716112573724
927898,6.127474806628767,-0.5653898654817582
928199,5.936866538770509,-0.4835051978833347
928498,6.2609244737635645,-0.5765762078803685
928799,6.121048083404885,-0.6023019865821329
929099,6.210670940409399,-0.6412482616642508
929398,6.409953387703379,-0.6278875901479593
929699,6.510806559793774,-0.6083132398993105
929998,19.535527318807006,-0.30569577489693156
930299,6.391976466962638,-0.6691635531140445
930598,6.849644063698866,-0.6859581194791793
930899,6.9643390167451615,-0.6622492460991778
931198,7.603057396221358,-0.6959327509760087
931499,7.6533135331062745,-0.7198322090115932
931799,8.731011866520625,-0.710579531070062
932098,8.137132323705812,-0.7284353627606175
932399,7.854083741247479,-0.7189843771038729
932698,7.505994116286828,-0.70167817335857
932999,7.737678863293657,-0.7377749581656039
933298,8.31079729548822,-0.7125737295676571
933599,8.108276042411713,-0.7258948106572651
933898,8.1474313754719,-0.7008190736572653
934199,8.225624805506735,-0.6617596336716816
934499,8.460578893219697,-0.6070936969072263
934798,8.889775710733588,-0.6098870778134027
935099,9.572924336129422,-0.5887078341973133
935398,9.743874372580812,-0.5619931785522616
935699,10.059008491390994,-0.5141414929344879
935998,10.808598544170382,-0.5153474193347012
936299,11.406815709198161,-0.5386795590793829
936598,12.041572945529182,-0.5140447849621053
936899,13.150062395364827,-0.5433584894359291
937199,13.67845199277918,-0.5541898194795203
937498,29.30912110036025,-0.5493117600995583
937799,12.807121681207418,-0.6893138604397764
938098,31.701458139376445,-0.3617973389013738
938399,39.19007181286488,-0.45183654901614667
938698,46.23329105733248,-0.5246678712400328
938999,36.190134687867825,-0.4917315598200027
939298,1.0160973067601224,
939599,1.0160973067601224,
939899,1.0160973067601224,
940198,1.0160973067601224,
940499,1.0160973067601224,
940798,1.0160973067601224,
941099,1.0160973067601224,
941398,1.0160973067601224,
941699,1.0160973067601224,
941998,1.0160973067601224,
942299,1.0160973067601224,
942599,1.0160973067601224,
942898,1.0160973067601224,
943199,1.0160973067601224,
943498,1.0160973067601224,
943799,1.0160973067601224,
944098,1.0160973067601224,
944399,1.0160973067601224,
944698,1.0160973067601224,
944999,1.0160973067601224,
945299,1.0160973067601224,
945598,1.0160973067601224,
945899,7.462002521958104,-0.8696396515517961
946198,7.26665740491349,-0.7822046550510711
946499,5.772638761422748,-0.6130270393934543
946798,5.509724986325475,-0.5830866915773989
947099,7.026404890746822,-0.670159116225026
947398,7.492449698603303,-0.7395180425646737
947699,5.67194761815221,-0.4982480764551489
947999,6.195424666751401,-0.5867850963555055
948298,13.349898547731252,-0.8829012706725163
948599,25.37715696352755,-0.7430860733266438
948898,27.128585171003763,-0.7247750671665827
949199,19.600789827735248,-0.7987746078354712
949498,12.230285213342365,-0.7470193979190822
949799,0.868396312836653,0.38927298503076857
950098,11.061898111577841,-0.840888009901182
950399,1.0160973067601224,
950699,1.0160973067601224,
950998,16.291824301661173,-1.0757602083368814
951299,7.938018392843994,-0.5773470495875015
951598,7.1983208408301556,-0.6667363982929511
951899,12.681323163267656,-0.3335062820007586
952198,9.58328407336488,-0.3415489235286915
952499,1.5978454874765025,0.10991086870109257
952798,4.862163670313952,-0.3858360423928502
953099,0.6541743275562301,0.49814668994429556
953399,1.0160973067601224,
953698,1.0160973067601224,
953999,1.0160973067601224,
954298,1.0160973067601224,
954599,1.0160973067601224,
954898,1.0160973067601224,
955199,1.0160973067601224,
955498,1.0160973067601224,
955799,1.0160973067601224,
956099,1.0160973067601224,
956398,1.0160973067601224,
956699,1.0160973067601224,
956998,1.0160973067601224,
957299,1.0160973067601224,
957598,1.0160973067601224,
957899,1.0160973067601224,
958198,1.0160973067601224,
958499,1.0160973067601224,
958799,1.0160973067601224,
959098,1.0160973067601224,
959399,1.0160973067601224,
959698,1.0160973067601224,
959999,1.0160973067601224,
960298,1.0160973067601224,
960599,1.0160973067601224,
960898,1.0160973067601224,
961199,1.0160973067601224,
961499,1.0160973067601224,
961798,1.0160973067601224,
962099,1.0160973067601224,
962398,1.0160973067601224,
962699,1.0160973067601224,
962998,1.0160973067601224,
963299,1.0160973067601224,
963598,1.0160973067601224,
963899,1.0160973067601224,
964199,1.0160973067601224,
964498,1.0160973067601224,
964799,1.0160973067601224,
965098,1.0160973067601224,
965399,13.37411640104775,-0.4352056227423444
965698,20.751549090369508,-0.5879912960386067
965999,5.747362422006967,-0.3850817468384118
966298,6.614895590333472,-0.4104176578336103
966599,6.235763284459278,-0.3630244322985612
966899,7.122986388353842,-0.49498452387495595
967198,7.559340591258935,-0.5024999205354928
967499,7.498498795346898,-0.4515614024723973
967798,7.588767621039027,-0.4828196865161667
968099,7.5867242010831255,-0.4001111025379165
968398,7.152406773256621,-0.381657076212949
968699,6.963049754721897,-0.38561126211634345
968998,7.304960597620392,-0.3584363776840991
969299,7.309206094555579,-0.35316740057864204
969599,9.183278025230615,-0.645638335951352
969898,6.235110257465417,-0.39802497443187934
970199,7.21878352164792,-0.545220667793539
970498,6.7609251604303475,-0.44483794738096294
970799,5.984178285738448,-0.38580482465665944
971098,6.646586986807663,-0.432984340399174
971399,6.617296340687293,-0.41394229368851687
971698,6.238838086604189,-0.392265553056071
971999,6.466226816545383,-0.5583035159381855
972299,6.421928389634282,-0.3755059052273686
972598,6.6142431017199295,-0.40362749462629366
972899,6.2941647251528,-0.3977052524432523
973198,6.576468645057892,-0.38818971482935094
973499,6.803788439384281,-0.3821048986732303
973798,7.136764482481157,-0.4683075802626786
974099,7.197400277958355,-0.4103709369414359
974398,6.963964450360248,-0.6195386291938632
974699,5.706172813539145,-0.5647133328483664
974999,7.693567062473672,-0.7517526259742158
975298,6.770160896365418,-0.607882566781919
975599,6.9500852319163435,-0.6345509457435812
975898,7.207029348865532,-0.6410102563354148
976199,7.613243918388564,-0.6729894016697131
976498,7.839657235571552,-0.650662423321003
976799,7.483481601173403,-0.6293561459501826
977098,7.7115451620576625,-0.5838229495483793
977399,7.729137039377106,-0.5696534549437196
977699,13.228110208397284,-0.66384800893038
977998,26.522197387355572,-0.3166093666346983
978299,18.92515823384931,-0.4157674326746845
978598,72.62063224419357,-0.3353834570384515
978899,27.234624185337097,-0.41364662189427137
979198,8.9826473354227,-0.5823703803853493
979499,8.01984764002455,-0.5983519699714013
979798,8.329913514684272,-0.5920372355326173
980099,8.84897981072594,-0.6191614014880715
980399,9.11154331297594,-0.6319493884908449
980698,9.655606944971307,-0.6450450512230064
980999,10.303702551797699,-0.6538735473239572
981298,10.666110116093996,-0.6406984702839298
981599,11.290734526834733,-0.6434639040846803
981898,11.972394626494456,-0.631131993606207
982199,11.64914960164492,-0.6098643690161707
982498,11.554988593080102,-0.60409207067355
982799,11.66313053287177,-0.5805065804894929
983099,23.92198620211025,-0.4801164122399073
983398,10.32342018686719,-0.5865240441960298
983699,9.87967069685394,-0.6124413751952233
983998,10.797101962548386,-0.6476849934034352
984299,11.419000592495145,-0.5794638611837823
984598,12.516004227587052,-0.5615921458875397
984899,12.799210436596308,-0.5359688506185227
985198,13.639884902006031,-0.5234072415852871
985499,14.393989597677328,-0.488922683415282
985799,14.918895943374086,-0.54027520624419
986098,15.62036464414723,-0.5465778123020273
986399,16.79065343278844,-0.5337744678194865
986698,19.297805113198848,-0.5783414185038591
986999,20.502758496548385,-0.5325041552598546
987298,19.233791987520604,-0.5191246719159459
987599,18.369740549351622,-0.4388492681673051
987898,29.488107261381085,-0.5966692834631717
988199,39.82528340171209,-0.6602406658188036
988499,40.46140263543896,-0.6889972062140912
988798,29.861731195786174,-0.7046307222536432
989099,0.7406271186111032,0.13421402616071587
989398,1.0160973067601224,
989699,1.0160973067601224,
989998,1.0160973067601224,
990299,1.0160973067601224,
990598,1.0160973067601224,
990899,1.0160973067601224,
991199,1.0160973067601224,
991498,1.0160973067601224,
991799,1.0160973067601224,
992098,1.0160973067601224,
992399,1.0160973067601224,
992698,19.872539316420436,-1.1506283237759751
992999,17.704917986973673,-1.0279147112774583
993298,12.193576022922697,-0.706065237635473
993599,23.011628482749774,-0.8274510839783236
993899,12.811799077512976,-0.7882879031037233
994198,13.338556770571532,-0.7388526729777156
994499,18.053029854856256,-0.8918577928826581
994798,14.782676027800697,-0.7513865375621791
995099,13.182693955110883,-0.833815900275434
995398,12.353769802636345,-0.6940399277604379
995699,15.103808258335423,-0.8084015280681767
995998,11.87818880657385,-0.782492889021293
996299,10.848641881860884,-0.777632792270087
996599,10.77042108065881,-0.8621455121034025
996898,9.94644031276529,-0.7128171991155807
997199,7.629681410333104,-0.6169478809925208
997498,12.005692899198845,-0.7339944516452956
997799,17.0317411997382,-0.9474561027327499
998098,17.046662227895602,-0.9378711016929193
998399,15.00845919558079,-0.7288142960331638
998698,19.280562579265975,-0.8419193329626473
998999,29.97819723308478,-1.2003274914049489
999299,4.542010106471359,-0.7000851018612329
999598,12.957928809658858,-0.7181505827386869
999899,33.70998216076071,-0.713661279798701
1000198,19.933521884763024,-0.9331088074693425
1000499,26.917760396036176,-0.9390445561341703
1000798,12.636301555878767,-0.5274687121347392
1001099,24.3991074089158,-0.737371121731069
1001398,20.824365231395607,-0.658538056476949
1001699,27.31587886394589,-0.6146586487114587
1001999,36.11462637920284,-0.8033623943247257
1002298,3.5120594381326597,-0.26608320871014746
1002599,20.076821355360252,-0.7649146273295808
1002898,3.941226710748402,-0.3305910729764945
1003199,2.2478197236373894,-0.15277309669777006
1003498,,
1003799,16.134881140242193,-0.5771785341408022
1004098,25.14868430254543,-0.651588932591493
1004399,,
1004699,1.0160973067601224,
1004998,1.0160973067601224,
1005299,29.81986555626071,-0.756245969269927
1005598,31.394877423846353,-0.5743270573782966
1005899,23.053786438360884,-0.6248757621053187
1006198,18.326261296073845,-0.4194049259125532
1006499,20.03234917922431,-0.4573114036200523
1006798,18.86084616345279,-0.4679998417622122
1007099,20.83077599189792,-0.44021980398355387
1007399,20.394407296168755,-0.3992184717495295
1007698,61.40801518386487,-0.39928935548812383
1007999,23.246954162188953,-0.5478062309839433
1008298,47.83772026177923,-0.5036644125794896
1008599,17.989799663782176,-0.37092826107008925
1008898,18.18781550785793,-0.5037241118075761
1009199,33.01873769558941,-0.4644801713568849
1009498,32.188850131290806,-0.509613152846913
1009799,56.428916502499135,-0.49011624342855065
1010099,38.41814487611024,-0.5426142244867984
1010398,6.40354891779171,-0.3235153169400886
1010699,1.0160973067601224,
1010998,,
1011299,1.0160973067601224,
1011598,1.0160973067601224,
1011899,,
1012198,,
1012499,,
1012799,,
1013098,1.0160973067601224,
1013399,1.0160973067601224,
1013698,1.0160973067601224,
1013999,1.0160973067601224,
1014298,1.0160973067601224,
1014599,1.0160973067601224,
1014898,1.0160973067601224,
1015199,1.0160973067601224,
1015499,1.0160973067601224,
1015798,1.0160973067601224,
1016099,1.0160973067601224,
1016398,1.0160973067601224,
1016699,1.0160973067601224,
1016998,1.0160973067601224,
1017299,1.0160973067601224,
1017598,1.0160973067601224,
1017899,1.0160973067601224,
1018199,1.0160973067601224,
1018498,1.0160973067601224,
1018799,1.0160973067601224,
1019098,1.0160973067601224,
1019399,5.19768409679707,-0.26275682550708246
1019698,,
1019999,7.4433391488098595,-0.510376585896293
1020298,7.663430232784399,-0.47821982679623165
1020599,7.631307700224214,-0.474923959228821
1020899,7.918362494930231,-0.5008283598004852
1021198,8.609456040731274,-0.5766771970074074
1021499,7.741577695763564,-0.5244740010325761
1021798,8.297837363154768,-0.5967987054365282
1022099,8.432045422189493,-0.5264979185348726
1022398,8.739935440154767,-0.5802692247525538
1022699,9.117907189557547,-0.6113570555687011
1022998,9.567833963180348,-0.6213964529016234
1023299,9.95844504905001,-0.6334830575785615
1023599,10.126984151121771,-0.6391822355660484
1023898,11.17645117723062,-0.7220877585262886
1024199,11.77520114859468,-0.7143643375997808
1024498,11.380194576098624,-0.6254827128675251
1024799,11.47911312810094,-0.675704090290189
1025098,11.900528527050012,-0.6692193665420567
1025399,11.923404925545382,-0.6422013708679453
1025698,21.181726829679697,-0.7418050695856298
1025999,18.216328643239876,-0.646308895364496
1026299,15.169403635293754,-0.6719595381297123
1026598,17.33511626478218,-0.6560698585800924
1026899,19.27793785162709,-0.7340977762918091
1027198,28.0796136474158,-0.36820079195539623
1027499,34.390953389510706,-0.34828775775039156
1027798,46.527724308686636,-0.30926485942765414
1028099,29.064288035094048,-0.4486499568169884
1028398,36.96296103764959,-0.39342865808132244
1028699,20.490510492357934,-0.47875613506730663
1028999,25.874158014735247,-0.4492997239441008
1029298,26.363743873465047,-0.4719039818003412
1029599,79.24853001578617,-0.6410750290495717
1029898,10.610524456550062,-0.4830632637747385
1030199,10.744714003031543,-0.47113904681141694
1030498,40.96728673704312,-0.584007262516494
1030799,62.5761702866757,-0.940947887046335
1031098,1.0160973067601224,
1031399,1.0160973067601224,
1031699,1.0160973067601224,
1031998,1.0160973067601224,
1032299,1.0160973067601224,
1032598,1.0160973067601224,
1032899,1.0160973067601224,
1033198,1.0160973067601224,
1033499,1.0160973067601224,
1033798,1.0160973067601224,
1034099,1.0160973067601224,
1034399,1.0160973067601224,
1034698,1.0160973067601224,
1034999,0.7810568262795281,0.42516883048162013
1035298,28.382550447087098,-0.6486135938308837
1035599,20.985024772969048,-0.6829317063272544
1035898,10.457733689334736,-0.7831176567697058
1036199,10.904129803863198,-0.6427512538906075
1036498,8.997016640047697,-0.5916795338187646
1036799,8.624403229707418,-0.6911431428119084
1037099,8.955750171714367,-0.7683789116261388
1037398,8.350799984039122,-0.7158606298829604
1037699,9.218523258223623,-0.6775455592285191
1037998,10.081096077188901,-0.7655043659233227
1038299,9.224615389244455,-0.6250327506422249
1038598,11.29450878738866,-0.7303003483427686
1038899,19.274229298446535,-0.8930768512674436
1039198,13.306352920499771,-0.7547158898683066
1039499,32.13276988373062,-1.1055783091535534
1039799,40.733176663877096,-1.0198409138788938
1040098,19.953894677089412,-0.7405870843134876
1040399,33.10191952937876,-0.8949782542077422
1040698,14.603456300966728,-0.6391429668680377
1040999,15.515071712277546,-0.7768532534311798
1041298,21.059630926543758,-0.5161392143577108
1041599,10.392690805700475,-0.5415519974908252
1041898,29.17197779557784,-0.9418081411805881
1042199,13.017529846531543,-0.5903036804102204
1042499,25.85470435758311,-0.7931781341940549
1042798,11.832078009313951,-0.49223972404051897
1043099,21.510249130107933,-0.5878573228941664
1043398,10.839975253325477,-0.47418821853831883
1043699,10.388055133269921,-0.42058689409936423
1043998,10.754056406869507,-0.43158399944461934
1044299,12.336149823890974,-0.41315448622961815
1044598,12.054183087818531,-0.4625982334166463
1044899,21.512454291177377,-0.7458609987680123
1045199,14.530008436415752,-0.4355570467272971
1045498,15.295442273901863,-0.40944288180024446
1045799,15.352553596235246,-0.3742239685474935
1046098,15.141295047154175,-0.3566557492023954
1046399,15.65946310666575,-0.3705700835374388
1046698,15.8790137523764,-0.360429113061153
1046999,16.569040834570846,-0.35433918723685043
1047298,17.058150733457417,-0.3373047738507924
1047599,17.14000122328612,-0.32484209256784546
1047899,17.780246572809272,-0.32867242258771867
1048198,17.440867450124088,-0.34003343396038477
1048499,17.952906194922697,-0.33349920019200807
1048798,18.07127426519816,-0.3534245121496311
1049099,18.61083258263335,-0.3454383435995114
1049398,17.850108062253717,-0.3460994059794569
1049699,17.662511429237515,-0.34679242612742955
1049998,17.0718253011196,-0.3324126956635638
1050299,18.18906142363566,-0.33980048268493523
1050599,17.701486715420383,-0.34309531344683397
1050898,18.222209088589363,-0.3388053492619951
1051199,18.916408626015286,-0.338253213813664
1051498,19.05871026251366,-0.3166946780837534
1051799,18.824935272631034,-0.33454352606943205
1052098,19.450942633689582,-0.3736840987237018
1052399,19.948751794816214,-0.37781225702617904
1052698,19.264682580971304,-0.3632020636434339
1052999,19.45476291947131,-0.3703991592533442
1053299,22.80125306275145,-0.44177120105187484
1053598,18.566082840392603,-0.40175689192595065
1053899,12.878196881196532,-0.451232549007234
1054198,15.60224835988566,-0.4405416253782619
1054499,15.85359776180927,-0.4160391744122749
1054798,15.080115729249087,-0.39557805001693436
1055099,15.980531154033807,-0.4099537810643421
1055398,13.436524667938901,-0.4237264302238968
1055699,16.214420219107936,-0.4816521396167659
1055999,15.375871051864825,-0.43308453825964444
1056298,15.36333220611946,-0.4254030946137901
1056599,14.725902074519919,-0.3819929703313196
1056898,13.974880439334733,-0.3718130518089824
1057199,12.184343056099308,-0.47879241822270036
1057498,12.953963281739826,-0.48991216952675476
1057799,13.731118628164126,-0.5583588990068418
1058098,12.733469656165754,-0.4139033756213739
1058399,11.61684515040881,-0.41229586734596624
1058699,9.415589089830105,-0.45689663921255597
1058998,9.80524817111588,-0.38528729492247016
1059299,8.408235936802377,-0.45394732924741477
1059598,9.274533361794004,-0.35555790068648574
1059899,9.560295176682892,-0.35519262048177236
1060198,10.037224204853938,-0.6107134137702817
1060499,9.138313604253376,-0.3640149594823052
1060798,9.6019443593631,-0.3777539843092832
1061099,7.120290502900256,-0.37215223241527906
1061399,10.607282537481273,-0.4855768961658553
1061698,9.901615275120163,-0.5558264457626887
1061999,9.490732810222063,-0.4552323022275431
1062298,9.312008539483472,-0.5076785981552763
1062599,9.845351227214364,-0.6339308787094584
1062898,9.896085754337099,-0.7425351176412442
1063199,10.19960388684173,-0.7277573483227908
1063498,10.61296159514034,-0.7382062159560638
1063799,8.690852539797696,-0.5159063071668799
1064099,9.789351385511365,-0.5963745804151095
1064398,9.420680355430347,-0.5142192734495679
1064699,9.316393442654885,-0.48926482378112723
1064998,9.381663523015996,-0.5432958553949523
1065299,8.735065004080695,-0.47157856091226114
1065598,9.204181576326178,-0.4525461547405729
1065899,9.631108348157689,-0.4017608970133788
1066198,11.583973564001399,-0.442735614411768
1066499,11.875886129323845,-0.5209844807390744
1066799,21.306770179568574,-0.48935113737622093
1067098,10.957453388168753,-0.4654396295231391
1067399,11.698755501719681,-0.48551838010307224
1067698,11.627276280263661,-0.4758975756883437
1067999,12.717137605259031,-0.43458127438193306
1068298,12.026485092191217,-0.44666743134493747
1068599,12.285530082994455,-0.44238451813057345
1068898,17.058340345654866,-0.36976489773352617
1069199,13.36699951020742,-0.4568013068770176
1069499,20.839521113666436,-0.3215367395494799
1069798,16.036297317423383,-0.39422757309202505
1070099,17.264725173971996,-0.4257925086729575
1070398,19.834197529360882,-0.3589827423561802
1070699,16.9044277480507,-0.43956755572242434
1070998,19.701182711680328,-0.41147036902631573
1071299,18.83715640471042,-0.43923484472743035
1071598,26.558864442950526,-0.39670337921289267
1071899,19.221573888759032,-0.4466298694846811
1072199,135.36531793022365,-0.24444978401607953
1072498,95.68842469134637,-0.2078851139698923
1072799,55.119895388001446,-0.3318064019495588
1073098,71.98676196017968,-0.3146603805006736
1073399,93.67674497634636,-0.21745777157118074
1073698,33.1864221283007,-0.2548012347858122
1073999,41.835588684445895,-0.23367646855942348
1074298,71.76456912948987,-0.251722267986743
1074599,50.57040841043431,-0.2379964691570462
1074899,34.70662457389034,-0.23631183758826846
1075198,1.0160973067601224,
1075499,1.0160973067601224,
1075798,,
1076099,,
1076398,,
1076699,,
1076998,,
1077299,1.0160973067601224,
1077599,1.0160973067601224,
1077898,1.0160973067601224,
1078199,1.0160973067601224,
1078498,1.0160973067601224,
1078799,1.0160973067601224,
1079098,1.0160973067601224,
1079399,1.0160973067601224,
1079698,1.0160973067601224,
1079999,1.0160973067601224,
1080299,1.0160973067601224,
1080598,1.0160973067601224,
1080899,1.0160973067601224,
1081198,1.0160973067601224,
1081499,1.0160973067601224,
1081798,1.0160973067601224,
1082099,1.0160973067601224,
1082398,1.0160973067601224,
1082699,1.0160973067601224,
1082999,1.0160973067601224,
1083298,1.0160973067601224,
1083599,1.0160973067601224,
1083898,1.0160973067601224,
1084199,37.89531928195284,-0.9521632386669516
1084498,21.721365218237562,-0.830722247767115
1084799,33.67197066559636,-0.9263233665468391
1085098,24.077190369725987,-0.8679344845640706
1085399,17.00519828429144,-1.1141480447215044
1085699,18.355525824925696,-1.0895453614284678
1085998,21.738516902066905,-0.7967020233998958
1086299,17.04746307527923,-0.9897725979734937
1086598,16.075296624134026,-0.8233935009948823
1086899,17.822035949562277,-0.9415977804919966
1087198,21.337817176087732,-0.8975781678829584
1087499,16.19411533588571,-0.994121595130292
1087798,19.69263091028218,-0.8715612249067395
1088099,18.05962651248588,-0.8889321191639763
1088399,20.251422409358568,-1.0262461846365594
1088698,21.990231962705156,-1.0989935243253548
1088999,23.965387500407186,-0.9596934526797556
1089298,18.81232723350145,-1.0532859335768738
1089599,14.365586754117194,-1.0221834577555868
1089898,20.239299782877087,-0.8587537206975551
1090199,,
1090498,,
1090799,20.793919873258393,-0.7395637219876856
1091099,1.0160973067601224,
1091398,3.8600661869091004,-0.42627038491080294
1091699,,
1091998,1.0160973067601224,
1092299,1.0160973067601224,
1092598,1.0160973067601224,
1092899,1.0160973067601224,
1093198,1.0160973067601224,
1093499,1.0160973067601224,
1093799,1.0160973067601224,
1094098,1.0160973067601224,
1094399,1.0160973067601224,
1094698,1.0160973067601224,
1094999,1.0160973067601224,
1095298,1.0160973067601224,
1095599,1.0160973067601224,
1095898,1.0160973067601224,
1096199,1.0160973067601224,
1096499,1.0160973067601224,
1096798,1.0160973067601224,
1097099,1.0160973067601224,
1097398,1.0160973067601224,
1097699,1.0160973067601224,
1097998,1.0160973067601224,
1098299,1.0160973067601224,
1098598,1.0160973067601224,
1098899,1.0160973067601224,
1099199,1.0160973067601224,
1099498,1.0160973067601224,
1099799,1.0160973067601224,
1100098,1.0160973067601224,
1100399,1.0160973067601224,
1100698,1.0160973067601224,
1100999,1.0160973067601224,
1101298,1.0160973067601224,
1101599,1.0160973067601224,
1101899,1.0160973067601224,
1102198,1.0160973067601224,
1102499,1.0160973067601224,
1102798,1.0160973067601224,
1103099,1.0160973067601224,
1103398,1.0160973067601224,
1103699,1.0160973067601224,
1103998,1.0160973067601224,
1104299,1.0160973067601224,
1104599,1.0160973067601224,
1104898,1.0160973067601224,
1105199,1.0160973067601224,
1105498,1.0160973067601224,
1105799,1.0160973067601224,
1106098,1.0160973067601224,
1106399,1.0160973067601224,
1106698,1.0160973067601224,
1106999,1.0160973067601224,
1107299,1.0160973067601224,
1107598,1.0160973067601224,
1107899,1.0160973067601224,
1108198,1.0160973067601224,
1108499,1.0160973067601224,
1108798,1.0160973067601224,
1109099,1.0160973067601224,
1109398,1.0160973067601224,
1109699,1.0160973067601224,
1109999,1.0160973067601224,
1110298,1.0160973067601224,
1110599,1.0160973067601224,
1110898,1.0160973067601224,
1111199,1.0160973067601224,
1111498,1.0160973067601224,
1111799,1.0160973067601224,
1112098,1.0160973067601224,
1112399,1.0160973067601224,
1112699,1.0160973067601224,
1112998,21.460824066925014,-0.6333318416691678
1113299,20.124583489411126,-0.6258234372342892
1113598,18.843238829556956,-0.6101533393227689
1113899,31.828421287626455,-0.8622226839475942
1114198,21.480130629696532,-0.6024959961301211
1114499,21.513947584425697,-0.5974490396595022
1114798,30.579405715731255,-0.6182479483593153
1115099,56.95542609482553,-0.6128776669740998
1115399,80.11178417025609,-0.5263651086106074
1115698,0.8369493405609143,0.27295357189623526
1115999,7.01731793094821,-0.24280257203356825
1116298,17.232807594751456,-0.33258793851752966
1116599,12.58315126594821,-0.4047698557731876
1116898,1.0160973067601224,
1117199,1.0160973067601224,
1117498,,
1117799,,
1118099,,
1118398,,
1118699,,
1118998,,
1119299,,
1119598,,
1119899,,
1120198,,
1120499,,
1120799,1.0160973067601224,
1121098,1.0160973067601224,
1121399,1.0160973067601224,
1121698,1.0160973067601224,
1121999,1.0160973067601224,
1122298,1.0160973067601224,
1122599,1.0160973067601224,
1122898,1.0160973067601224,
1123199,1.0160973067601224,
1123499,1.0160973067601224,
1123798,1.0160973067601224,
1124099,1.0160973067601224,
1124398,1.0160973067601224,
1124699,,
1124998,31.68264799452755,-0.7285936945049654
1125299,56.30125935812014,-0.8871468317233906
1125598,27.985478103235877,-0.8588054242350862
1125899,29.257680247819216,-0.9081448315903446
1126199,21.90620479274514,-0.7517614796731507
1126498,13.317779711587047,-0.7000363355913564
1126799,21.314762676656542,-1.0508939679062008
1127098,9.479096144661122,-0.5310636325258846
1127399,9.751344386173043,-0.5054367733824396
1127698,13.701829123087101,-0.7186505317011835
1127999,18.34824930195284,-0.6672585455653903
1128298,10.747800544700528,-0.7079298688269604
1128599,14.881601115874137,-0.8216219337246413
1128899,14.203774513445895,-0.6481496419346333
1129198,19.026611572864876,-0.8736338680625351
1129499,9.340747440096358,-0.7415326932115098
1129798,14.418407947397286,-0.9086807633138305
1130099,17.36703026476997,-0.7558005403551755
1130398,14.070391774059322,-0.8729518673414902
1130699,7.708815952811637,-0.6499934047308917
1130998,13.9254408138996,-0.8363309642322745
1131299,15.021364035837735,-0.7937491320502323
1131599,17.274943344763027,-0.8463375119342949
1131898,12.688564915316213,-0.7932335632929968
1132199,13.801527058718996,-0.7710245393887911
1132498,17.631757342529227,-0.8477925575015324
1132799,16.25853569181395,-0.8817481868131318
1133098,18.97647239315654,-0.9355938427616217
1133399,17.37023372554543,-0.8908063042319518
1133698,20.001518163788486,-0.8840297819148006
1133999,14.014787451325526,-0.8189076984763566
1134299,8.654474309485247,-0.6800943886844464
1134598,17.60587332382784,-0.9254801725457258
1134899,27.59493925850903,-0.99425527934595
1135198,14.993290926406493,-0.6834609144259678
1135499,15.592718458445843,-0.7087470237292433
1135798,15.995946096369456,-0.6396681224241008
1136099,15.448632477272234,-0.6548990001321744
1136398,15.706378813459732,-0.6118122942428845
1136699,18.87238525327524,-0.6941091955143952
1136999,20.752101685814587,-0.7220265575419311
1137298,15.419572577144919,-0.5662655476361365
1137599,16.545170111019914,-0.5515490624287152
1137898,16.55838764623983,-0.5643134459259911
1138199,17.57384403669353,-0.5606579835991952
1138498,18.13107139840881,-0.5607288283607559
1138799,17.973656097901863,-0.5424028328513615
1139098,18.870619180075472,-0.49801902952247845
1139399,19.28996769139955,-0.4986529201077363
1139699,23.326725109272918,-0.6358040172062478
1139998,18.558932337952793,-0.5001280485414041
1140299,26.09923839028849,-0.5084393965560228
1140598,19.101186600931957,-0.4510955552074907
1140899,32.6786509994419,-0.7215606543790098
1141198,23.631134702200526,-0.5991227896628899
1141499,19.641766448360197,-0.5089743279586518
1141798,19.43752605961551,-0.48890648503326184
1142099,19.287300935931956,-0.45592975735740215
1142399,20.442211189996772,-0.48362928162527674
1142698,20.3854782551727,-0.5273823088871097
1142999,19.27887450501366,-0.5592307957748415
1143298,18.307869720452793,-0.4982146738465034
1143599,41.913252685658854,-0.5950731053489919
1143898,31.9689129797422,-0.7543676966606301
1144199,25.74408915037709,-0.6480385109580582
1144498,17.468965230577787,-0.4796194706805921
1144799,17.244765363644973,-0.5601746683880564
1145099,18.943307415695845,-0.515335145421743
1145398,18.722440562612515,-0.4969029765072175
1145699,18.924383361466678,-0.4538759892273849
1145998,22.412906320103936,-0.5438903848518124
1146299,18.703130186948847,-0.5849095086997267
1146598,18.841234457864875,-0.6493841519994665
1146899,14.219213627046088,-0.5871981508809629
1147198,16.059112590733566,-0.7001235350827677
1147499,16.852547898716725,-0.6730820130713497
1147799,15.048159968309271,-0.6547267850064786
1148098,14.97374385910788,-0.6478596908003174
1148399,16.028204778698846,-0.6930542406683955
1148698,15.515767089550062,-0.6792655845237305
1148999,13.03427518639034,-0.7906001234768922
1149298,12.955274627651914,-0.4011034572926837
1149599,4.381737414978997,-0.31927006582716433
1149898,13.910727469492828,-0.7415174902293111
1150199,16.334781524283855,-0.23186044212113477
1150499,11.223250174432007,-0.8127597843097556
1150798,13.343475758246822,-0.6375841635567199
1151099,15.309520764020625,-0.5794716975953047
1151398,14.758928764356275,-0.5919268546334071
1151699,14.253357191691922,-0.5535052625748236
1151998,15.073824268577788,-0.613400117566105
1152299,13.112972804645624,-0.6829641427202997
1152598,14.957903202249087,-0.5919067496545241
1152899,14.205048084677326,-0.6696167903740278
1153199,12.476561521582418,-0.5740419012340758
1153498,21.952792336170386,-0.4986188803140077
1153799,23.128408512624137,-0.7338344987176926
1154098,23.344142684171068,-0.48067794002483866
1154399,13.919726704219046,-0.5445188038930855
1154698,66.08697351337182,-0.43956872599951313
1154999,40.69879420357784,-0.3016083280181816
1155298,14.633193487540755,-0.5227556452515276
1155599,15.889143687367193,-0.5015394494473582
1155899,16.89778552080932,-0.573035533275583
1156198,16.024799235221995,-0.5546915640658185
1156499,19.777943456059326,-0.6265358921907094
1156798,16.033207129281543,-0.6703170212789782
1157099,16.703869584665753,-0.6858032614546414
1157398,14.996200309068529,-0.5887185288777421
1157699,16.803633237136346,-0.5221650025895863
1157998,15.328837367499087,-0.6067403737661201
1158299,15.747756581850938,-0.45339132647875746
1158599,16.021599586422695,-0.5033309604636742
1158898,16.89055377018659,-0.6900273735343083
1159199,25.99983741093201,-0.8280386686330337
1159498,25.312855271237563,-0.814806442565063
1159799,23.87280196073062,-0.8619158468091308
1160098,19.862792875117194,-0.7587979486611065
1160399,1.7087225137154176,0.12568870721913838
1160698,60.378451848075514,-0.44121239324037376
1160999,3.5234454606419674,-0.10394469764088066
1161299,,
1161598,,
1161899,1.0976391195266504,0.15925677526062176
1162198,,
1162499,,
1162798,1.0160973067601224,
1163099,,
1163398,,
1163699,,
1163999,1.0160973067601224,
1164298,1.0160973067601224,
1164599,1.0160973067601224,
1164898,,
1165199,,
1165498,1.0160973067601224,
1165799,1.0160973067601224,
1166098,1.0160973067601224,
1166399,1.0160973067601224,
1166699,1.0160973067601224,
1166998,1.0160973067601224,
1167299,1.0160973067601224,
1167598,1.0160973067601224,
1167899,1.0160973067601224,
1168198,1.0160973067601224,
1168499,1.0160973067601224,
1168798,1.0160973067601224,
1169099,1.0160973067601224,
1169399,1.0160973067601224,
1169698,1.0160973067601224,
1169999,1.0160973067601224,
1170298,1.0160973067601224,
1170599,1.0160973067601224,
1170898,1.0160973067601224,
1171199,1.0160973067601224,
1171498,1.0160973067601224,
1171799,1.0160973067601224,
1172099,1.0160973067601224,
1172398,1.0160973067601224,
1172699,1.0160973067601224,
1172998,1.0160973067601224,
1173299,1.0160973067601224,
1173598,1.0160973067601224,
1173899,1.0160973067601224,
1174198,14.27326374739792,-1.090676171869863
1174499,24.583928676411173,-1.398784795188051
1174799,9.3951830515871,-0.9531621912998576
1175098,12.308502497701163,-1.1723099461868869
1175399,25.982451935349307,-1.2008082474714388
1175698,27.16833565377292,-1.1413208998520896
1175999,24.928116167076166,-1.1536698911972318
1176298,24.813133785509038,-1.1810290124961607
1176599,24.237755676872457,-1.4626648344624504
1176898,20.585783484989875,-1.4495853434555803
1177199,23.070733803517655,-1.3713936400989941
1177499,20.151041008830155,-1.1669595918077116
1177798,23.622664818911172,-1.1294979946207402
1178099,19.04013857503849,-1.0227962830119424
1178398,22.0466952094783,-1.1299943610638095
1178699,6.394585907555327,-0.6120128079956819
1178998,25.45085934919653,-1.1299419452216264
1179299,24.532412114499774,-1.0939970118548117
1179598,22.37578892497136,-0.9461773762353651
1179899,35.930500888334784,-0.9638947221423564
1180199,38.57002561474451,-1.5278791043224262
1180498,8.180260299200524,-0.8797366180584592
1180799,1.0160973067601224,
1181098,1.0160973067601224,
1181399,1.0160973067601224,
1181698,,
1181999,1.0160973067601224,
1182298,1.0160973067601224,
1182599,1.0160973067601224,
1182899,1.0160973067601224,
1183198,1.0160973067601224,
1183499,1.0160973067601224,
1183798,1.0160973067601224,
1184099,1.0160973067601224,
1184398,1.0160973067601224,
1184699,1.0160973067601224,
1184998,1.0160973067601224,
1185299,1.0160973067601224,
1185599,1.0160973067601224,
1185898,1.0160973067601224,
1186199,1.0160973067601224,
1186498,1.0160973067601224,
1186799,1.0160973067601224,
1187098,1.0160973067601224,
1187399,1.0160973067601224,
1187698,1.0160973067601224,
1187999,1.0160973067601224,
1188299,1.0160973067601224,
1188598,1.0160973067601224,
1188899,1.0160973067601224,
1189198,1.0160973067601224,
1189499,1.0160973067601224,
1189798,1.0160973067601224,
1190099,1.0160973067601224,
1190398,1.0160973067601224,
1190699,1.0160973067601224,
1190999,1.0160973067601224,
1191298,1.0160973067601224,
1191599,1.0160973067601224,
1191898,1.0160973067601224,
1192199,1.0160973067601224,
1192498,1.0160973067601224,
1192799,1.0160973067601224,
