,rmse,skill
299,0.9192489929699202,-7.66581693629958
598,0.3517690177553564,-0.7447218382871106
899,0.9195141055841994,-8.433548417998315
1198,0.3331188976981194,-0.33788640001827486
1499,0.6051093843960621,-2.1730241313486744
1798,,
2099,3.8239466691674164,0.022231636476408245
2398,1.951256584535231,0.10506981728787612
2699,1.1815367776379648,-0.0060424571634929425
2999,1.190855431116186,-9.969461180139922
3298,1.2536431499354188,-0.7104856345169117
3599,1.118329705449783,0.21188078286663048
3898,,
4199,2.710725564187218,-0.039772338272637375
4498,0.1549690392316515,0.8228296316500574
4799,0.10027046812055168,0.9521729445366105
5098,0.1444452906373441,0.81762198560984
5399,0.1324166565968562,0.9053470318094748
5699,0.9393444282289298,-5.948631044708833
5998,0.3696385225757356,0.5146883082046436
6299,0.21898781167964865,0.8152969177947595
6598,0.13592622968619392,0.9270220420494036
6899,0.13157518737306445,0.9369925718105949
7198,0.23250156371964759,0.7868976847674354
7499,0.21758214829935835,0.830251268980597
7798,0.20509115701072522,0.8762246248261567
8099,0.18183077557347926,0.9063913395665023
8399,0.17373774555183089,0.8872932428078208
8698,0.10629263880512496,0.9566214039870173
8999,0.19517935064002306,0.8298856993435642
9298,0.16719410211358438,0.8683232391438471
9599,0.902689190969348,-3.243156605842807
9898,0.6231646563246037,-1.081544606239024
10199,1.068031737978802,-4.942983214922339
10498,0.7162656273166508,-1.8890690817833313
10799,0.929881390951555,-3.325238602692317
11099,1.2013153670825396,-5.711104732433014
11398,1.287296473787276,-8.321778538149758
11699,1.4982405482557895,-6.987562147220872
11998,0.9580123418862121,-2.7291789151726107
12299,1.2922893792882062,-4.2284658117137806
12598,0.9537421907858289,-1.6618111866232175
12899,1.1295360247820203,-1.7557845639035623
13198,1.0991881996336277,-1.6648393930804652
13499,1.2714540100313014,-0.9643227668531145
13799,1.225603105607925,-0.679380606135785
14098,0.9204112207364162,-0.6436633420314359
14399,1.2371415341119063,-0.6029961167668405
14698,1.9536038193762764,-6.5748393308310416
14999,1.7243355485880985,-0.8902373217070019
15298,2.022014758023575,-1.731889768990594
15599,2.391172112052887,-3.907187869069868
15898,1.8380624089685473,-0.5815991522403947
16199,1.4233247969315317,-0.0397693571631772
16499,1.7308894641225667,-0.2070648610133261
16798,1.5659954098457416,-0.07876166455537104
17099,2.152788252398997,-1.0538675966012545
17398,2.0628995177222063,-1.642003872979069
17699,1.4745161928631116,-0.10492730278331308
17998,1.3957779148911074,0.013280878885236547
18299,1.6911847358453103,-2.218689037844403
18598,0.9871060261048498,0.09776911889639639
18899,1.1127980307401373,0.032148584954869275
19199,1.1867927807420875,-0.4995409166774971
19498,0.802377484989411,0.0026429064432426097
19799,1.0860186672845975,-1.2644394167368938
20098,1.0503390024840362,-1.206692810412164
20399,1.2138412564390533,-0.09020231009883894
20698,1.2613537067196015,-7.489177394945715
20999,0.747504193473624,-0.6677230226781241
21298,0.5955244486706116,-0.2888713229461546
21599,0.5893135483609738,-0.20849091388589303
21899,0.8774570151245719,-1.689944472599643
22198,0.6601834205035898,-0.5689469051301905
22499,0.8890339058699364,-2.027385745533667
22798,1.0398403891261878,-4.465570613076882
23099,0.9313239611660702,-2.6431461597915917
23398,0.6619740129907388,-1.1390685002499934
23699,1.1652046146881332,-3.389120994158983
23998,0.5773768869140494,-0.6972948745861487
24299,0.6542644976923663,-0.4559023200220502
24599,0.8596475785510868,-2.4651308183716796
24898,0.3932468537408589,0.2724858122284899
25199,0.6334906167683079,-1.5897372126857787
25498,0.3873335330527999,0.23000129708299466
25799,,
26098,0.22793965426100962,0.38880346773640895
26399,0.9482058802516629,-5.3478022853400295
26698,0.5005447637406428,-0.4548001353264943
26999,0.5380650160836478,-1.3785183701443908
27299,0.7795302688016917,-3.772056537160098
27598,0.41825985229762475,0.10509828554429224
27899,0.3704746498760222,0.08966755946120764
28198,0.10521496681376566,0.9270673123357135
28499,0.16107208678162077,0.7361407439041303
28798,0.26890308574384975,0.27640757061624466
29099,0.19914016994494466,0.8135405151559284
29398,0.318156555672329,0.3689321916366368
29699,0.3361571868725103,0.17175751060907662
29999,0.31051361200560623,0.5122131941672464
30298,0.4961899090671612,-1.6280611087804302
30599,0.2241575479347284,0.8049724073278647
30898,0.2769226510405347,0.4917632576008142
31199,0.5224039869016276,-1.465684407626914
31498,0.15334678331523816,0.8749827195796713
31799,0.499114320715807,-0.8523575400373837
32098,0.3799677658721082,-0.34110025984237957
32399,0.3335411801035646,-0.27216593656510457
32699,0.5918913053697813,-2.147698011892669
32998,0.5442071603351434,-1.4761891008580794
33299,0.9462001228182635,-4.780891043173469
33598,0.5782286547886596,0.48826173473974444
33899,0.8013526346194767,-3.876428562711011
34198,1.332374794639267,-7.256883365831175
34499,1.0583384068883979,0.14698277833118367
34798,0.5043967518174003,-1.0560403269051863
35099,0.6550720340725162,-4.15239406459849
35399,,
35698,1.55900472988493,-6.024551553431527
35999,5.524788235881017,-0.07351892405638027
36298,1.6364218284850185,0.33729678962770526
36599,1.2375552102139131,0.04203692676494941
36898,,
37199,7.831722156646715,-0.08883277331438211
37498,1.0453020344601525,-3.0416719030335626
37799,1.0193747352891664,0.06955271540869368
38099,1.4655671373167751,0.1177815904371633
38398,0.8013699652216064,-2.7163366756609255
38699,1.032791531463292,-9.954705987943644
38998,,
39299,97.13219863613203,-0.48899900923033246
39598,0.7244390810306852,-7.725647062239339
39899,,
40198,0.7499200951004696,-9.762538221991504
40499,0.7811599411099746,-5.258619397788265
40799,,
41098,0.5757040446640561,-4.188173912518085
41399,,
41698,0.5170346203265604,-2.0120323146503387
41999,0.937729850950106,-8.415698002495349
42298,,
42599,0.9866560031400454,-6.586258989443428
42898,0.5971514444681155,-2.808032582090354
43199,0.6193621056518638,-3.480796874783448
43499,,
43798,1.027641529103607,-9.655826169968122
44099,,
44398,40.189505498021845,-0.15597656778619706
44699,,
44998,0.4988358850121996,-2.0575003955681463
45299,,
45598,0.6262340210264803,-4.336752070164127
45899,0.6317572713522568,-3.519534140174324
46199,0.9814613553669638,-8.558828545973881
46498,0.6462653931540161,-3.6032392095209316
46799,,
47098,0.7723555789908304,-6.555752450126742
47399,,
47698,0.44393201240448904,-1.145371817155533
47999,,
48298,0.617950564216195,0.10395226133823665
48599,0.6570907361990422,-2.1448326638257194
48899,1.7740581672131026,-1.9258120720476204
49198,0.6121666452632528,0.5768605043959443
49499,1.14550534672457,-2.655932065631703
49798,1.2963572241751482,-0.018233121688909115
50099,2.3710601101411446,0.03209838411055255
50398,2.704378835113935,0.03638961008201169
50699,4.759162547274852,-0.044504589214527046
50998,4.939847182544753,-0.022273796591825823
51299,6.819687441672252,-0.04049366313540892
51599,5.559587342180657,-0.04859073027579419
51898,2.971041581924956,0.10897617055759956
52199,7.286705571992147,-0.05453313582875463
52498,7.4077735808848075,-0.012610866444075386
52799,9.666639139295842,-0.0500649090395795
53098,10.315667435309551,-0.05575195495010088
53399,7.99529391885432,-0.04445609921081095
53698,20.139565336070188,-0.1806850096054533
53999,37.7205976588474,-0.16446443173481828
54299,61.754483800501866,-0.23507392065849153
54598,90.13637371593252,-0.2181397147307753
54899,,
55198,1.2565580195707657,-0.029568848845785922
55499,1.7056104925746467,-0.09219903817724862
55798,76.33093152868489,-0.22057463833503643
56099,51.218760494245885,-0.23963340468491467
56398,22.974523510485916,-0.18866082060716516
56699,8.61228561391579,-0.17548443580645956
56999,28.465944252911964,-0.6114844282527878
57298,0.46296293815127815,0.8695237257727535
57599,0.45498446828791334,0.8798948732050161
57898,0.41540602143179933,0.9229352820648392
58199,0.49788066456897057,0.8968495113186139
58498,0.5228321079910003,0.8881324027440732
58799,1.1226995371658406,0.41303818303557505
59098,1.2613876095193852,0.21709730052528375
59399,1.4119377970875808,0.0017767837213458204
59699,1.2953557790437573,-0.04560544727508886
59998,1.168001677149164,-0.020725342683394432
60299,1.471623666995943,-1.4238985159698614
60598,0.9856493286948262,-0.28221889023068547
60899,,
61198,0.8941509002378693,-1.9542625117238468
61499,1.0541480705583974,-1.2848908480170942
61798,1.4148589125769389,-6.151792515200156
62099,1.030931251651099,-4.212950250434549
62399,,
62698,2.6482146744919373,0.04869662568096278
62999,,
63298,14.57835420256395,-0.2734382247385283
63599,1.97528692608273,0.10050405716860322
63898,1.3429980454027903,-5.004294121206109
64199,1.0850350618297284,-4.255747390565799
64498,1.1507653789461558,-4.665488923759666
64799,0.6959054460439928,-1.523300856263651
65099,1.18783419970059,-5.379171016107966
65398,0.8434232337277725,-2.9050948852534977
65699,1.2075859884475586,-5.662788236346675
65998,0.8619038052386139,-3.1652030375496905
66299,1.1060066556148516,-5.287529626784658
66598,0.8428878097780576,-3.731106879018122
66899,,
67198,0.6425020441541446,-0.065316167284456
67499,0.8789231323984635,-5.374711240994069
67799,0.9548989490243235,-4.865648554703101
68098,0.6545497181594763,-2.432874588754272
68399,0.9699926169553681,-6.566619010051606
68698,0.8084808679261241,-4.805053050653048
68999,0.866259306264591,-3.5302492201101607
69298,0.7886553472057674,-3.3990398716618317
69599,1.1178052364191524,-7.828845386959086
69898,0.533421493824129,-0.8487868995218053
70199,0.6498744060089058,-1.69431869568831
70499,,
70798,1.7361410214101667,-0.26764186919774713
71099,1.0620636148982372,-4.356932021438309
71398,0.7312139012149037,-1.128152236790001
71699,0.9194439869731542,-2.821501925322631
71998,0.7816814908411149,-2.0902207381368694
72299,0.8599991967221458,-2.1409533241813974
72598,0.598143817148951,-1.1006897850852395
72899,0.6204192614832784,-0.7636378883771784
73199,1.5255504169370449,-8.965120289430502
73498,1.9533411423861955,0.08429307598305391
73799,0.7335754446572595,-1.6216644876732302
74098,0.3545923669321511,0.48426004005600565
74399,0.7841554555401198,-1.220381336229539
74698,0.5800818328803176,0.042795590300430786
74999,0.6657683500781827,-0.636528026578409
75298,0.34197817174007017,0.6316764541687554
75599,0.540716769898848,0.16879249219826498
75899,0.8341767223447923,-1.7786045531075412
76198,0.5870004230376266,-0.31499809324162453
76499,1.5238701527846261,-3.4574299696299287
76798,3.4517402833784216,0.16930982319289312
77099,2.2791912763533997,-0.34830266195332027
77398,11.383313732220081,-0.15792251900541676
77699,1.9294096388835764,0.02793308593749011
77998,2.5995380067062794,0.14265519927844794
78299,2.2509024412243677,0.14732103683290598
78599,7.057181070257163,-0.0007300413503590342
78898,17.996191274671656,-0.09185926816595269
79199,7.773517976318914,-0.008039157896868598
79498,42.81700401566618,-0.1365746756784738
79799,38.11275903254519,-0.1239534475703008
80098,42.6705908191223,-0.19993014406614829
80399,26.212823368889705,-0.2406359992134579
80698,2.8894450580082927,-2.505919988885361
80999,13.984859479560878,-0.16245200241113888
81299,101.1142564695524,-0.26913594757530923
81598,8.013808828834039,-0.10166377273410143
81899,0.7096922467776632,-1.193962656174893
82198,0.5633293424049838,-0.03437605491926665
82499,0.8125889989935593,-2.098096593817568
82798,0.6830086569527405,-1.637186440075149
83099,1.1966163202631792,-7.295151563714281
83398,0.8079661603704557,-2.9209395744051965
83699,0.7201114747060643,-3.3037386876015153
83999,,
84298,,
84599,0.8309973122852239,-4.252023138187023
84898,0.5211538467232937,-2.39729583764821
85199,0.7754581939679501,-5.7069858184518845
85498,,
85799,,
86098,0.7564808595289969,-8.33869194878266
86399,0.6867430215310661,-5.913622079665759
86699,,
86998,,
87299,,
87598,0.6131565640026548,-6.73384702613725
87899,,
88198,0.5325375675633022,-4.244348186759143
88499,,
88798,0.5673732508931824,-3.9128408940411292
89099,0.683151190868829,-6.910518497048043
89399,,
89698,0.6794521615181545,-7.552436136841772
89999,,
90298,0.6430837643711755,-4.855795292290646
90599,,
90898,0.25341671837467167,-0.017491791415744196
91199,0.7050231964498049,-5.372432126633685
91498,,
91799,0.33385157780276153,0.7002044906099398
92099,0.7284442435443815,-3.8492896592611396
92398,0.26751219731914805,0.22316168941480796
92699,0.38242867662306945,-0.5623208429141637
92998,0.19956086588780267,0.6133723226294656
93299,,
93598,6.0542186351916705,-0.0924347058903261
93899,1.8772962470790502,-1.139020759374504
94198,1.3999979840008037,0.170401847330228
94499,1.980731107885943,0.12373673726212053
94799,1.8306702229929617,-0.7436700715813325
95098,7.110388179617377,-0.14354278556562772
95399,2.2351449323849897,0.05189247640611783
95698,2.891844733630825,0.1128218897576212
95999,5.916538645152615,-0.03327228274063132
96298,5.935467133096152,-0.02389251407061277
96599,4.839467544284023,-0.04375692849043089
96898,5.8501763508139,-0.08898764695363726
97199,4.215856637130798,0.10769382887337642
97499,2.515789834095631,0.07783074674608337
97798,0.8682115156893586,0.06200905574166127
98099,1.5138289658043824,-0.087044139341387
98398,1.9850506951249223,0.27737333369882333
98699,3.4826080287659056,-0.11166258098411097
98998,0.1856977319143866,0.7166986408872202
99299,0.8026566902507254,-4.924727917550617
99598,0.5579354310585953,-2.356699633446889
99899,0.6673582089850661,-3.1622957917235235
100199,1.0620072565514411,-7.797443494093857
100498,,
100799,,
101098,0.9548955925786662,-6.281617252553643
101399,,
101698,9.248327337935846,-0.1456761377231519
101999,1.1857333754630177,-9.895310002312
102298,,
102599,0.7375411261865356,-0.8712928190939586
102899,,
103198,0.8763704826386214,-7.298230499302976
103499,,
103798,0.8637453087467067,-7.3610511835549435
104099,,
104398,0.9002212161141769,-6.081642705793282
104699,,
104998,,
105299,0.8261507853559164,-4.960900116785167
105599,,
105898,0.8499921990112921,-5.005425614084454
106199,,
106498,,
106799,,
107098,0.8401344133220662,-5.46420310175311
107399,,
107698,0.9303648938804895,-5.447987474103422
107999,1.1150371784211337,-8.366196016169445
108299,1.5329585071657694,-7.4280132435152595
108598,,
108899,,
109198,0.8284893654409707,-3.4406334384640482
109499,,
109798,0.834589844750748,-3.923672112354831
110099,,
110398,0.7891182409383621,-2.529451609715861
110699,0.9499190774365144,-4.419013801347581
110999,1.0280832395150792,-6.800513128197222
111298,0.662535614114199,-2.290460806783174
111599,0.9493573002241773,-5.60177529492422
111898,0.828013896367437,-3.5542141280695434
112199,,
112498,0.7785263261204429,-3.3693638822045093
112799,1.0731319364181515,-6.328284305057339
113098,0.576525595183696,-1.3039396888606505
113399,0.5826204961358915,-1.396133114885965
113699,0.9971506744000779,-5.4156283563648655
113998,0.6483813590210422,-0.7973922414154824
114299,1.0419310500344772,-5.971918243268888
114598,0.5832286984230616,-0.6333635687782286
114899,0.4366373952596127,0.2516914622005739
115198,0.4692794753992671,-0.05998832236883378
115499,0.8487471753165257,-2.213789723753996
115798,0.5193152558882894,-0.15229905593189463
116099,0.4882303385214411,-0.04016494131690407
116399,0.3434008467201957,0.5462210708444089
116698,0.3156779644442252,-0.08650431695606331
116999,0.13996199065268689,0.8772265235941751
117298,0.17123227268339514,0.8199992982103346
117599,0.2141245821201429,0.5897805488336245
117898,0.1414718270128776,0.8541864595778326
118199,0.19393202934259016,0.5856567918639827
118498,0.23734883822669245,0.24471074783794822
118799,0.1964784914833865,0.4678691951329188
119099,0.2080027523200034,0.4656234536216759
119398,0.5357059768446893,-5.569194722299722
119699,0.10902040026027748,0.9427749712741401
119998,0.35798051516773843,-1.5991361415813343
120299,0.20255442236104326,0.720821848177554
120598,0.215134793976241,0.5279835393642909
120899,0.596259851813609,-3.184623464253675
121198,0.2968331273138889,0.12474574859846299
121499,0.3591895713882767,-1.0070699474672948
121799,0.7743694520431544,-8.761357552023645
122098,0.5148555689200496,-3.5574351093578507
122399,,
122698,0.5692766608056395,-4.347833845501603
122999,,
123298,0.546634823354307,-5.944118437627256
123599,,
123898,,
124199,0.5065724658636697,-8.58834232501841
124499,,
124798,0.4829868372892078,-3.8252201215446284
125099,,
125398,0.5549376920026758,-8.185762780541653
125699,,
125998,0.5397550046234026,-6.892295019425122
126299,,
126598,0.49025836306793924,-6.444485855104731
126899,0.5314745020259904,-7.512276631920159
127199,,
127498,,
127799,,
128098,,
128399,,
128698,,
128999,1.780828488773752,-0.0405388761649097
129298,2.0682949807932585,0.050960231267708433
129599,0.9657936596231829,0.0957481729494305
129899,1.0677887014667624,-0.40649728886674996
130198,0.5597902013094544,-3.4144243563906107
130499,,
130798,,
131099,0.8203471056352813,-6.6159580039513
131398,0.5063715314216163,-6.382378125538021
131699,,
131998,4.9334612407695815,-0.12288284078319456
132299,7.335721847224688,-0.14781089946784998
132599,1.495969476081207,-1.497656219211363
132898,1.3740563309302318,-1.974943090910258
133199,1.80388885517507,-0.0024947837401172457
133498,0.8338098778740606,-1.413017559063662
133799,,
134098,,
134399,2.343854016625178,-0.13725770507376156
134698,0.7515183534369074,-0.209770474775115
134999,,
135299,2.4492765024179164,-0.3814020787335197
135598,1.8622394058699996,-0.2094721572795717
135899,2.86708376658602,-2.0091176635322845
136198,1.6082464162792172,0.010623511495095328
136499,1.0945691833903404,0.03337614922226517
136798,0.438882963611526,-2.110347695179321
137099,,
137398,0.6522806953985961,0.03289765872964301
137699,,
137999,9.097430384430739,-0.10389635194123681
138298,126.19231734468816,-0.307465833172643
138599,1.0321906261719596,-8.622834501188846
138898,0.361777980925683,0.07381608894277214
139199,,
139498,1.0661644334308988,-1.187318243181859
139799,1.6963980718677996,-0.37440128509693116
140098,4.440813396694726,0.060673054823141226
140399,8.489756420765625,-0.010210423419600101
140699,21.990636020341483,-0.19997989917696457
140998,1.449095139427567,-0.1968214346106003
141299,0.0020912211887401644,
141598,0.0034904507313765834,
141899,0.001499016130597641,
142198,,
142499,,
142798,,
143099,,
143399,,
143698,,
143999,,
144298,,
144599,25.152173709062648,-0.21947683376843408
144898,2.686323619430993,0.014979296233913808
145199,58.55037651455354,-0.5062973601412684
145498,10.901504183466116,-0.302105689678424
145799,4.214712675514466,-0.22628247135540214
146099,0.33914714242302985,0.9002163934359022
146398,0.2806311387829143,0.9217494717833344
146699,0.27043787230292,0.9316138675776798
146998,0.276341196736748,0.9251287149236909
147299,0.9363867379317335,-0.09605822341601256
147598,0.8691685077985221,-0.3824662074654457
147899,1.0432833646941082,-0.5007962652730287
148198,0.9674760586567935,-0.21123407626854807
148499,0.8886715570122531,-0.5068906499100698
148799,1.753309284994518,-9.004298193126008
149098,0.9682551124823675,-1.1292507851593725
149399,1.2164469869321124,-4.00897911823611
149698,0.9412978372737977,-2.18823776002476
149999,1.2784915612648464,-6.44900769192243
150298,0.8660392031312681,-2.4019431883533326
150599,1.3685697516621496,-7.014464795160102
150898,0.6459848031218954,-0.6392070025654673
151199,,
151499,9.67159471629853,-0.0848004306775283
151798,,
152099,1.1527347162680464,-1.6680018449178147
152398,0.8862570547973063,-3.266234801190339
152699,1.0293290990335493,-4.638202322891765
152998,0.9675472947700021,-4.135396001196887
153299,1.0659801604291792,-3.373349063823035
153598,0.5405417615438071,-0.8312039356414356
153899,1.0289228585153531,-5.008046859972212
154199,,
154498,0.66563306687087,0.3839751111476508
154799,1.1170518578991393,-9.18803374619863
155098,1.0107134054550366,-8.455840203557274
155399,1.203449618964064,-0.13950247907836255
155698,0.6976331812840231,-2.991242767626989
155999,,
156298,0.7355917171868295,-0.5236784093067983
156599,0.8478459073934845,-5.415475525405403
156899,,
157198,0.7737086826396149,-4.335911426495733
157499,0.9057212973447039,-4.163482522478687
157798,0.7309912249037893,-1.754390521427617
158099,1.170757737194117,-6.571373270104032
158398,0.8678021733237845,-2.8408011195123586
158699,,
158998,0.8186640747271879,0.04887081675847782
159299,0.7192916294526622,-0.49629605969216417
159599,1.0947063244587116,-2.1414043039193884
159898,0.7024798271051235,-0.22767199674192629
160199,0.8283649206527074,-0.45294609585637846
160498,,
160799,0.9481505145462454,-1.5472094127825171
161098,0.7455688502515875,-0.9358753022090738
161399,0.8296620658313625,-0.7842667560389331
161698,0.6876149059801636,0.10234030359467816
161999,0.6637705609471417,0.408709048950082
162299,1.0128680353489474,0.12432870644233485
162598,1.1402777866464133,-0.14765892862879215
162899,1.420308129739106,0.06792527569994966
163198,0.4814874775160249,0.5732053370982975
163499,0.7974269488075092,-0.7576295577184873
163798,0.5210574904089726,-0.1570948155936689
164099,0.6620520564143695,-0.13901039891786238
164398,0.7861915330155977,-1.7256652379789301
164699,0.42937766710098346,0.5950818979751671
164999,0.8978069011580807,-0.902891114345652
165298,0.634929429057576,0.5967549108795788
165599,0.6913208288126734,0.08896039329879069
165898,1.472272357781038,-2.5975106582294725
166199,1.2966578180744806,0.19313786357857576
166498,0.4982650027868309,0.21516166111228907
166799,0.8359787582340014,-0.8725091660072888
167098,0.2875819027291167,0.7967675201619406
167399,0.7210040395659341,-0.9741098771522083
167699,0.7449417741891631,0.3915282507490694
167998,1.2143333800853129,-3.67285925112514
168299,3.506476021045536,0.18879348105694715
168598,4.566386161668565,0.16299789217952187
168899,7.585611669904771,0.041002076001921406
169198,43.835867080373724,-0.2753818328200057
169499,81.92729818672203,-0.37500866678751943
169798,44.05634587883759,-0.5041911013198559
170099,,
170399,15.061425441684385,-0.3427868821890745
170698,0.3980146282299434,0.3983961554920181
170999,0.6022732172269641,0.019081216886761343
171298,0.4415777371598696,0.006260396553453895
171599,1.1681373464486842,-4.082416406290288
171898,0.8638360997348591,9.904001618621372e-05
172199,1.1243830797497627,-3.6500502532321937
172498,,
172799,0.629519077660873,-2.6494311985875867
173099,0.8853891101997193,-5.724691470788663
173398,0.6337484024474374,-2.5335308241926837
173699,0.8019587142823283,-5.281945019713784
173998,0.6413604369480128,-6.185640461238565
174299,,
174598,0.6489266911337802,-4.082242804733933
174899,1.003306026534836,-1.8444222556155534
175198,,
175499,0.8449965081500777,-6.252686364541874
175799,,
176098,0.709215112236302,-4.694799110569679
176399,0.8691397662120168,-5.555898252872465
176698,,
176999,1.034397078033577,0.2126185534173648
177298,0.5870019584502969,-2.3894690497837625
177599,0.9912860698393219,-7.9747793724299125
177898,0.7021544200740697,-3.439691488589375
178199,0.610499496133281,-1.8115166937287621
178499,0.9334805879748189,-5.637946571599113
178798,0.6381576980792196,-1.413371413009389
179099,1.3811589200590983,-9.625941190626385
179398,1.676244477660438,0.19665169830256457
179699,2.25769678455792,0.08274866188376684
179998,0.593366581529888,0.36380264741059787
180299,,
180598,2.5101885157970587,0.06802942575672877
180899,0.739992535126062,0.6233679667738788
181199,1.1641708090818739,-4.946933995690529
181498,0.9983714884538369,0.10997497818095381
181799,1.1401011204589766,-1.290856380683071
182098,1.1309200299879971,-2.9334788407436787
182399,1.617225252530031,0.26697660209761787
182698,0.6511848336568584,0.5613473715273622
182999,1.544084230877448,-1.8161423258859868
183298,0.7220936780056592,0.23006537936941818
183599,2.5663136550819257,-5.443126445514514
183899,6.864480866155402,-0.07250080784880142
184198,3.1739657927664267,0.1778497059886346
184499,3.4265597967280836,0.17257190609318063
184798,1.0402104311175284,-0.3784120753723341
185099,0.6094470927671142,-1.4122820740725768
185398,1.2047507916391356,-3.9978966906548647
185699,1.548878782068756,-0.037185589210964265
185998,0.08397394561782617,0.9618783734393339
186299,0.8520141851571496,-8.245623763811574
186599,1.8513337695629584,-6.448920652278626
186898,0.3006750791974584,0.8507220646375337
187199,0.7441204708022924,-0.5612656238110438
187498,1.8499506146586766,-2.7904238488847257
187799,0.8363094067995076,0.5313141417261494
188098,1.1808628361911946,-0.25594455887779155
188399,0.28185272699625613,0.3718229864030176
188698,0.18383224821509558,0.7359469367773405
188999,0.507720457037832,-1.241846784722756
189299,1.0598201963974707,-8.392766372028353
189598,0.8462215225387355,-4.384115266895114
189899,1.152963123651285,-9.75859390289802
190198,0.9591471714724508,-6.3416484635351384
190499,,
190798,,
191099,1.37411116759431,-9.780197285893566
191398,,
191699,0.7398614611371144,-2.1363471975135084
191999,1.2582738464851242,-5.619598409183639
192298,,
192599,,
192898,0.7521850149039079,-1.478500537946411
193199,1.6413806305746452,-0.5795186005467581
193498,1.1794744953315606,-2.761364985852842
193799,1.5433997784444413,-4.0530533631896475
194098,0.990232770044373,-1.2863019717112327
194399,0.814748887301058,-0.4434368577251122
194699,1.0314622390959562,-1.4954099866070654
194998,0.8403769708169787,-0.49399824832163897
195299,0.9070064684966973,-1.05948592856517
195598,0.7316238575334822,-0.4751070383749256
195899,1.1996148571137144,-0.4105623091789381
196198,1.1410680519441183,-4.222983953897477
196499,0.9061197554286738,-1.3947633512613962
196798,1.0612692106475319,-2.320495092885175
197099,0.666747185713913,-0.5543371635643279
197399,0.9252330793059161,-2.657832026784766
197698,0.7197713372962261,0.12073553868705644
197999,1.0447118690149155,-2.513280657318508
198298,0.7271058282515865,-0.7375392556671982
198599,0.9001870443366582,-2.5770778789483373
198898,0.6124506133666944,-0.898016896543872
199199,1.0634532084376138,-4.736452871663947
199498,0.6911525086262553,-1.4164519702719685
199799,0.6920601848356498,-2.268611486119223
200099,1.049089421269407,-6.1572813463746945
200398,0.8426660575929461,-3.744960554751538
200699,1.095998608703538,-7.875390175290397
200998,0.7805762460340885,-4.309750057638105
201299,0.9657014887384704,-3.731012758766875
201598,0.6360408325498326,-2.3805933673414934
201899,0.904393455135346,-6.2596877186255595
202198,,
202499,0.7112388575973116,-2.8379315555883764
202799,1.213963535633484,-1.364496889951544
203098,0.5181139079865841,-0.8160843172700969
203399,0.7979504309440524,-2.030967895553035
203698,0.456434258419245,-0.12321200455114045
203999,0.7455407208189082,-1.5372696726377097
204298,0.5301782838580906,-0.5095090039443209
204599,0.8056457693166464,-1.5918871402062056
204898,0.4304289981186289,0.1365006078983888
205199,0.2284926066102999,0.6118034959557326
205499,0.2860363311453848,0.5182286061260808
205798,0.25725834126437974,0.5097040465709344
206099,0.31341660565164253,0.05033278067661984
206398,0.27459041749139446,0.4921040329493628
206699,0.4172225129553936,0.4991573565661641
206998,0.3581407686233715,0.5239996101795119
207299,0.37425554554539314,-0.19451516296246174
207598,0.3017546247821792,0.40174570125838405
207899,0.4820233822030999,-0.7183678697266582
208199,0.37047214584593546,0.26187704989711424
208498,0.17694721379923212,0.8756943445960501
208799,0.4195370362460896,-0.2541845795706654
209098,0.29349342866882233,0.5023750572232044
209399,0.6480821792990368,0.30355776691721514
209698,1.6556795182886137,0.25065401588210934
209999,1.4767145093616936,0.14925800766785724
210298,1.111040552026786,0.05582321328637596
210599,2.6109472884935716,-0.07714511763787613
210899,5.07376923616024,-0.09765225147817014
211198,0.8623634060086052,-3.8109083882121766
211499,1.875397393129125,-1.2070587746844046
211798,1.7784004153516912,-1.4812594285414287
212099,1.625367298552511,-0.13470436498881067
212398,0.9798589169291917,-0.4998080582514812
212699,1.3459172629804794,-1.2381763143168305
212998,0.8747710583116005,-8.892067761075285
213299,,
213599,,
213898,1.350257776243284,-0.11376406081440549
214199,,
214498,0.7849297779735243,-8.177752620976076
214799,,
215098,,
215399,5.344429027648207,-0.25010515250707543
215698,0.5190293256867071,-6.434662067978046
215999,,
216299,,
216598,,
216899,,
217198,,
217499,1.4674435835069664,-0.28523802219680805
217798,1.1896546993461536,-3.596798571459054
218099,,
218398,0.5671681516649465,-7.146603024878738
218699,,
218999,,
219298,0.6526911118984575,-8.178275716875635
219599,,
219898,,
220199,,
220498,,
220799,,
221098,0.8089269952913006,-8.57347337350954
221399,0.7022141400000628,0.18834291277221638
221699,,
221998,,
222299,13.395719194603096,-0.14925338998517756
222598,45.56859905417242,-0.2762289320240261
222899,36.89449741588403,-0.256633208284601
223198,56.72475449655035,-0.21643843684401642
223499,28.6148759014301,-0.20102907437850015
223798,32.15614900943012,-0.19788133671664365
224099,39.53162857508037,-0.22944396460828886
224399,42.77012339785593,-0.22450374676268825
224698,59.28157360103434,-0.22701610718796772
224999,106.46727509142218,-0.2561667071974254
225298,158.67003332668895,-0.27475175713329625
225599,110.58874617972242,-0.2697758247171482
225898,106.41522427364856,-0.20062252039842465
226199,108.72166028778207,-0.2555632075219474
226498,66.58787380095396,-0.2835175166855788
226799,0.0013271748745021298,
227099,0.0013963516797541084,
227398,0.000873467357357663,
227699,0.0020325189181918104,
227998,0.002326808886993276,
228299,0.00193427511316107,
228598,0.0017413402405223276,
228899,0.0024570077881317038,
229198,,
229499,0.0022380149187486774,
229799,0.0013681245596733303,
230098,0.0017370001625470893,
230399,0.0022920200367394024,
230698,0.002091437731205038,
230999,0.002239930781113822,
231298,0.0024657948598763102,
231599,0.002267426249605729,
231898,0.0012621055962858214,
232199,0.0015896797919808013,
232499,0.0019609458265641123,
232798,0.0015011927091413586,
233099,0.0023323489152097597,
233398,0.0033643830214252985,
233699,0.0022302080418125083,
233998,0.0026582275422021087,
234299,1.2182922264097464,
234598,4.250892979302939,0.1092902771624561
234899,55.52714963799651,-0.3209379081784922
235199,8.505645879388734,-0.17197891315942027
235498,15.360138567680451,-0.21498369751101665
235799,12.822553838721172,-0.2882776280413091
236098,11.73109283970605,-0.2982520193504026
236399,1.665118649071613,-0.17666078613448422
236698,1.4065059804397515,-0.10091943208484011
236999,2.242229691102184,-1.754097649372523
237298,2.22400380061214,-1.6163337183529776
237599,8.517112548925015,-0.3698855448123386
237899,1.597857840357557,-0.3981211881525706
238198,1.1760664257789737,-0.2134652229501659
238499,1.941919830379295,-2.044734009804211
238798,9.273045664698056,-0.6477680328606947
239099,31.321643316532757,-0.483280521352651
239398,4.888800396313589,-0.08946089747427988
239699,4.120092077346109,-0.07464105578211866
239998,18.428181302553117,-0.25682045994267777
240299,5.631697456936733,-0.16430030639049797
240599,3.001683526159066,-0.26465283681676555
240898,3.360566126043111,0.08754702299979722
241199,10.452968900821917,-0.18810575154575893
241498,2.5755457872596184,0.35907300181509927
241799,2.4319003747781287,0.011543882692238605
242098,,
242399,7.145816911320534,-0.2005765142152265
242698,11.42079791713014,-0.31135259164305396
242999,15.349983481481807,-0.3056679023532931
243299,19.294815893534057,-0.4383868405860325
243598,20.165512628657936,-0.3254323822321432
243899,11.666105761991027,-0.20114985689810072
244198,13.61618802336582,-0.3493868637473392
244499,21.19443746334747,-0.3292810885507107
244798,39.692216127678066,-0.24939569931310746
245099,31.993867269131574,-0.5450774969846961
245398,32.0459485818932,-0.4969203607294499
245699,25.443128464364523,-0.20427150403652794
245999,22.045677242652697,-0.35416652667549986
246298,54.9259172735468,-0.3194268296972491
246599,56.23374410888643,-0.36233093537820626
246898,85.81157584965268,-0.23445549312535485
247199,46.362535552334435,-0.34854711249687287
247498,32.95629585018747,-0.523401664477156
247799,4.056609770810507,-0.13270079909961985
248098,41.54649687000103,-0.19245617213565658
248399,16.50303996848147,-0.15093058400816184
248699,10.351275303562286,-0.1423370346460031
248998,4.370567559282301,-0.528285867349916
249299,4.963320728390822,-0.08144291866253339
249598,4.666508059667403,0.04342966658959724
249899,6.703643371633534,-0.06995004579720665
250198,6.19971830060558,-0.14270096949592204
250499,7.478429410294522,-0.2429687475502349
250798,7.977135535725463,-0.18900602515203335
251099,9.845225271680098,-0.28684908032525436
251399,8.999075014427023,-0.2219104642944163
251698,8.357714400691028,-0.24156337593090815
251999,11.013865873172298,-0.19926432600389243
252298,8.454972611873874,0.1450956581258539
252599,12.15203194207533,-0.17925222664950313
252898,3.8809723158389136,0.01571866968244806
253199,2.044442217925746,-4.889215143968418
253498,2.574609895733685,-7.970662714965215
253799,2.3220840523991173,-0.27278114350992344
254099,0.7816714186937426,-0.4049144701935239
254398,0.0027762812375310333,
254699,0.9292415561346546,
254998,0.6503377066307273,-0.3554079095128979
255299,0.002826944965592004,
255598,0.002193411519997584,
255899,0.002837804956966313,
256198,0.002265813077900152,
256499,0.0018502086951352986,
256799,0.002145191825282317,
257098,0.00228018075545642,
257399,0.0022808076707654897,
257698,0.0023730501592825687,
257999,0.0035843416343350884,
258298,0.008147835551908929,
258599,0.004842334716451857,
258898,0.0070390238297207385,
259199,0.11771566313622325,
259499,0.7826864985130189,0.49653632337517706
259798,0.487930673385405,0.5700765386387039
260099,0.6949967052341411,0.15916540335702412
260398,0.6087897609074973,0.3595105723615013
260699,1.6398722425834882,-0.06156128719651344
260998,0.5212757616036469,0.5302351670754748
261299,0.7940103076332361,-1.4055965428681656
261598,0.6140488234997694,-0.46422569042772777
261899,0.5164267518845945,-0.14838097042595644
262199,0.8601711459760257,-3.0786800113033257
262498,0.4963342436365363,-0.189243819161953
262799,0.9628519451330111,-3.842052605105179
263098,0.7559429794640811,-2.0474644178076327
263399,1.1901570801701675,-5.983966077083685
263698,0.7346997728472621,0.13612597539784832
263999,0.9439309248327454,-4.301397832836873
264298,0.7147527083113124,-2.7276982345860397
264599,0.6382162056575738,-1.994960716550767
264899,0.816393947123039,-3.8304792182689473
265198,0.5551843688047957,-1.1032690793037134
265499,0.9612625047369705,-4.632393864705917
265798,0.5863787102878039,-1.131928678806175
266099,,
266398,6.033034038955849,-0.11622990831336577
266699,0.7936863303111029,-1.494227996631937
266998,0.6136927155770642,-0.5243067239216501
267299,0.5555777483841716,-0.30449626647715333
267599,0.8598165247128214,-2.018589801796746
267898,0.7229141547562531,-0.7792002211376905
268199,1.8580296096892148,-5.894140901001564
268498,1.2401162011709697,0.300901486606992
268799,1.9511524111861407,-3.7314033859507063
269098,1.010393971971155,0.3100203636701675
269399,0.8652327574104921,-1.721617309683638
269698,0.9938119331297897,-1.302319562692762
269999,0.6070108344545022,0.41317374999876333
270299,1.1548191650720505,0.20283225311740039
270598,0.40332603420397745,0.624291437025819
270899,1.0371188877201811,-2.4121540201355773
271198,2.003992430041694,-3.694425708000119
271499,2.7807888184121894,-3.5739127230551055
271798,38.3824947596971,-0.3432439805976657
272099,1.427085295717435,-2.8771683112906032
272398,2.2608300502603194,-0.12108781341914576
272699,0.18989573332200166,0.8176195820831426
272999,0.41739227939411067,0.24243744442528226
273298,0.2662986468485557,0.6184309518688779
273599,0.44069444056941337,0.29921556376831815
273898,0.2205561234661627,0.8006557350976715
274199,0.16523649141083172,0.9108649607985964
274498,0.18238493509277232,0.848634574102783
274799,0.17467427739014202,0.911972157888369
275098,1.3744843641335427,-5.454129382891567
275399,0.5355918414710048,0.3970826574192142
275699,0.8015061435660424,-1.199267643805117
275998,0.33599676364135084,0.52270345178916
276299,0.5130026288297416,0.5502670035865913
276598,0.389256409976667,0.3784225953293455
276899,0.6587807919675539,0.5082461587388569
277198,0.543979382930405,0.22288695416984217
277499,1.6336471021548646,-4.889383527573616
277798,1.1489267046843494,0.2684558983008558
278099,0.7217482470631603,-0.6348487362925523
278399,0.853683357732183,-1.443057841840535
278698,0.7837378268910172,-0.39165462215429403
278999,0.9920029861956695,-1.4337459905688705
279298,1.012767658032676,-0.9441807386744272
279599,1.259741455664212,-1.2541600333511056
279898,1.3414558251524094,-0.4776057138929819
280199,1.565809143729639,-1.5742282811883954
280498,1.4120318842330053,-1.1403648114081282
280799,1.4637935682215468,-0.4201313116005212
281099,1.4566521303067355,-0.30963021619823006
281398,1.291269573400977,-0.013778737176778133
281699,1.8151885662485796,-0.3599022011072506
281998,1.8565428831221213,-1.7353325533518196
282299,1.8814631760589506,-0.1226660968970692
282598,2.6504528808162866,-0.2751444966959038
282899,1.7866613606457236,-0.03548801861377693
283198,1.999123498225075,-0.10877156239632835
283499,1.7096523287098864,0.031735336375095735
283799,2.4472986773622685,-0.25675356852799514
284098,2.0655074637383217,-0.04039743285359121
284399,2.184030327636243,-0.05403201454281459
284698,2.431026683410882,0.009619764864389313
284999,2.1809414983367357,-0.003784787469810702
285298,3.711875856048067,-3.304937514827988
285599,2.853661591856022,-0.21112584634218567
285898,3.3401481331428404,-0.20963076634095912
286199,3.5612236748879034,-0.7576656647359485
286499,2.7114861971103434,-0.024589410846762583
286798,2.9593530295484567,-0.09710655797679046
287099,2.845424728677433,-0.22862688476683957
287398,2.144141053488455,-0.00117054699517527
287699,1.714882945885235,0.2281297736712813
287998,1.9593853443772369,-0.20461840595953684
288299,1.6282236685481957,-0.09463971411223526
288598,1.3128607624077937,-0.08467890699833425
288899,1.2040443130806002,0.044547175954400164
289199,1.4748126248100677,-0.3150182797895522
289498,0.9831985282805987,-0.1110123358662376
289799,1.558498929549634,-0.4128005441944045
290098,0.9037233129729498,0.028208262229605596
290399,1.1539934059433663,-0.4937779865434422
290698,1.7856473790266696,-2.0865155620502334
290999,3.2377783361292507,-0.1251427716536575
291298,0.8328891212694474,-0.19834230326549984
291599,0.82349314254739,-0.5082447959690957
291899,1.036196205733912,-1.1099960373036466
292198,0.6350947041959281,0.131032253016499
292499,0.9756177315274319,-0.07039333790942548
292798,0.8989316511116591,0.3987219565586996
293099,0.7946302424806303,0.21253163186831214
293398,1.3132851302444164,-0.47246407189737605
293699,2.2306369851833243,0.23842257465637295
293998,0.5497162953770619,0.7328158556669242
294299,0.32818032474387177,0.8642795541879924
294599,0.6699095302973256,0.617395515106826
294898,0.5295037805963714,0.7609694222647574
295199,0.5213248975754805,0.6234198685462442
295498,0.9638131766237716,-0.19465688434550055
295799,0.46200410673873216,0.7714715349296529
296098,0.3526514597944797,0.7321656013157931
296399,0.33254013400805554,0.6842655324699993
296698,0.3078322871757515,0.549019165528292
296999,0.3201886064292837,0.806227086943405
297299,0.5009911686381162,0.6093263324718017
297598,0.6252520490059054,-0.003366237807776118
297899,0.5895652984631536,0.2592751997939903
298198,0.391489800891821,0.5368116123288653
298499,0.56794832556786,0.36666782829971545
298798,0.48974786282979466,0.544535260804985
299099,0.9096274976004575,-0.5180080109901566
299398,0.5922866975637203,0.037457780182277634
299699,0.7072684360211638,-0.2878537734884652
299999,0.9502125746011182,-1.2754933834160016
300298,0.6574449613777673,-0.45822686076971153
300599,1.184497918756186,-1.7258050735213804
300898,0.8411163509487404,-0.9824270087938081
301199,0.9907572580311064,-2.1812344958443797
301498,0.5931568692571145,-0.4730453117855764
301799,1.0422348658696332,-2.8099402539234366
302098,1.1322396500330365,-3.823748379695707
302399,1.0967850659097507,-5.890784520070508
302699,1.3358633213921642,-0.8152002147823805
302998,0.8163072990112039,-4.274901933513397
303299,,
303598,9.453360361611916,-0.2809684728892867
303899,3.902246139893483,-0.09972278378195099
304198,0.5527087652141894,-1.8629902012864177
304499,0.9461206612376467,-4.919105278272421
304798,0.7633341631083899,-3.9904684618280086
305099,0.8792190246991618,-4.339223949192445
305399,1.148366595424089,-8.340868749441906
305698,0.785432776586739,-3.5149142502350443
305999,,
306298,0.6955951633756791,-2.4988273540635313
306599,1.0362092303301915,-6.038472938614256
306898,0.8381964708258215,-3.21008871743655
307199,1.0207114379779154,-5.638240196202401
307498,0.7427262558706959,-1.8902229740136312
307799,0.6823846610114869,-1.5430007139884383
308099,1.0982407813021278,-5.045210491551147
308398,,
308699,1.0958413091864552,-3.693443128844577
308998,0.7937551910783784,-2.176398249171093
309299,0.9847657690241368,-3.1652650922351357
309598,0.6504412784984098,-0.8703258052263387
309899,1.3094336663690003,-6.1417956252972505
310198,0.6446518613969713,-1.512632889914527
310499,0.8209556246226692,-2.4657534437839344
310799,1.0032611556643616,-4.328690938416906
311098,0.7155540222388233,-2.1924409785594388
311399,1.269813530828196,-9.8635515039898
311698,0.8766151199450953,-4.100979174209136
311999,0.986519029179516,-5.270748430304419
312298,0.7151662749361403,-2.5964435340065544
312599,,
312898,0.6717974386805147,-1.8943219096409214
313199,0.6751222581674827,-1.8674190201909413
313499,1.0263069780794132,-6.437464402022104
313798,0.7658106844073308,-2.9166405625599845
314099,1.155311659637593,-8.57400467555362
314398,0.6948367784187558,-1.944879399804936
314699,1.3052001592581277,-9.452911975977893
314998,0.9942937285778743,-8.402712570538654
315299,1.5355744783607423,-8.765128471666317
315598,1.0416501329181214,-2.0904501286047084
315899,2.71908845384778,-0.07688907442485693
316199,2.504107367708266,-0.037473390486979286
316498,1.7267011345225294,-4.546655261761372
316799,2.8522832198485735,-0.7367039153694328
317098,108.49837474408615,-0.23763214267198363
317399,72.42634205121624,-0.2399671619384074
317698,93.13637646349937,-0.13974657829880965
317999,98.89172992603024,-0.2111265745228983
318298,49.60976232405513,-0.24574269241707647
318599,61.709049977918994,-0.19040748122671602
318899,40.03344378499352,-0.27295771740463404
319198,0.0017511784110532172,
319499,,
319798,0.6229591277193492,
320099,1.3064215765281648,0.2834352449827441
320398,11.454025291114224,-0.28170187082437836
320699,17.799013059293983,-0.7107897173046085
320998,12.089927237146185,-0.34407721623765086
321299,38.25200718113279,-0.7807332424484261
321599,12.472236205731095,-0.4442744821436688
321898,19.878225891412015,-0.7432148348816492
322199,7.78978518374625,-0.5039777860241508
322498,2.5920159815342805,0.35310082890399963
322799,3.7570510603490357,0.05659976105890174
323098,3.9692930295211752,-0.033973608877607475
323399,5.917425059830605,-0.21901600248011865
323698,9.389396908705594,-0.6862685869952858
323999,10.957944003331987,-0.8161368008295184
324299,11.411300685544347,-0.6097892326615619
324598,8.579194468758132,-0.4038110389282268
324899,9.30418058922722,-0.49753886386020163
325198,8.868908124848659,-0.498959172114813
325499,8.053211108783536,-0.5499284730567524
325798,5.81004970351475,-0.44783071354439485
326099,7.228769885424963,-0.8382818368404248
326398,12.324358248675294,-0.6404469165624742
326699,4.065126592435921,-0.32399934148347476
326999,8.20025742940079,-0.5742792581646747
327298,8.998046207930027,-0.6121249732893208
327599,6.6238939254544205,-0.48164074105928756
327898,17.242647695019855,-0.6158389427503608
328199,42.44446826923993,-1.1738422417017413
328498,9.290157001028298,-0.3565767942778455
328799,11.160903670316925,-0.4677889757744662
329098,5.888399556028615,-0.21321502342893273
329399,3.2704769431343994,-0.13995240575649026
329699,25.536842471179718,-0.8371848375185766
329998,26.977623941612965,-0.861284482797289
330299,11.191172014964932,-0.9724379935673615
330598,,
330899,2.6683148639959002,-9.202267567445226
331198,2.626191222211955,-4.1287841991250875
331499,3.0471297041251697,-1.1885066932173065
331798,,
332099,,
332399,3.833929087599596,-1.0051473223346186
332698,11.945128369301225,-0.14634192950867564
332999,6.321681056221719,-0.302720951978098
333298,15.179234690632008,-0.6703920231886678
333599,8.589588207799274,-0.2705975768075357
333898,12.67334720347501,-0.35394369985650953
334199,27.408056663384297,-0.5945769238022445
334498,35.23672526382287,-0.8014975311665276
334799,36.51059711793295,-0.5983806677590477
335099,20.39598940233022,-0.3639127480638098
335398,16.66421649331271,-0.535801220478006
335699,11.264906475950019,-0.4222084326417346
335998,4.80586705700158,-0.16057172944000775
336299,,
336598,3.5513770738541037,-1.211334658058845
336899,0.00023761359712420486,
337198,0.0004078903550793228,
337499,0.00017646657720547324,
337799,0.00032993462160051606,
338098,2.3660090450805416,
338399,0.72528781788054,-0.6253612167755023
338698,0.00026180215800627934,
338999,0.00019271887140207065,
339298,0.0003494651621703524,
339599,0.00023257571596081635,
339898,1.1163833011816158,
340199,,
340499,0.7932544034474666,-0.4553993490149617
340798,0.0009653770019373208,
341099,1.006516432416672,
341398,0.12449881706574277,-0.545077700095894
341699,0.0011858416027463144,
341998,0.0015103697945677307,
342299,0.6306413819460085,
342598,0.12484168658829341,-0.5264561377987123
342899,0.6740573286775079,
343199,0.26240350933735734,-0.494316065289792
343498,0.002359371353953099,
343799,0.002271234141549818,
344098,0.0021907767658351446,
344399,0.0018282943272987487,
344698,0.0021397177616687534,
344999,0.0016355520330639105,
345298,0.0019557529752054444,
345599,0.36537951611348374,
345899,3.144304605667169,0.10315571900949971
346198,1.9652160454321077,0.327647060846469
346499,0.6436303267628155,0.6180738150580849
346798,0.5434787262369964,0.7917564980187531
347099,0.6257311851390739,0.6376568443446939
347398,0.41623719006990606,0.8561731635914274
347699,0.44047527161846367,0.8000291184899617
347998,0.586693420636418,0.6933287649439541
348299,0.3931545101761909,0.8301548509242109
348599,0.5163590260985362,0.7058996507749175
348898,0.6576480977743068,0.4725571608200452
349199,1.3657022409750723,-0.02329770473635695
349498,0.6530016778468748,0.32466411246118254
349799,0.8248860470680819,-0.2858885227990309
350098,0.7804960500519659,-0.3628058662609699
350399,0.9881028500547249,-1.033437883914201
350698,0.767128699764461,-0.23474048041384776
350999,0.546243367052893,0.2524157808762264
351299,0.7645498233448863,-1.3670746730438506
351598,0.5212700177971277,-0.13216056277415134
351899,0.78373578454775,-0.6188581718342587
352198,0.7137138893811389,-0.9751624217521115
352499,0.9525647649909804,-0.5266363615713285
352798,,
353099,21.291157792435644,-0.19363135111855967
353398,0.6367666770260416,-0.5861557608668453
353699,0.9615788725493913,-1.9676415996733412
353999,2.9379213810870186,-0.10401025860504909
354298,,
354599,0.8577397378417843,-0.8861657775265006
354898,0.6847318878408011,0.1572746517627971
355199,0.7701511807303287,-0.020520086803236026
355498,0.631357006248506,0.45765707959674096
355799,0.8326848764328147,0.0757176707000714
356098,0.6117691612862247,0.4422296174306011
356399,0.4816790842074683,0.6869995382688661
356699,0.674934019804225,0.5027009849573638
356998,0.7302903847748706,0.3651440610401937
357299,0.8732158870076978,0.19908215024843046
357598,0.4921584565458202,0.7441313873271311
357899,0.8870663085642178,0.22475186259861735
358198,0.7020439453804959,0.6471947091083401
358499,0.8529966941540539,0.49065154285325097
358798,0.6106512528968268,0.6801767864647497
359099,0.5734357883482758,0.7701829829040123
359399,0.7557929314499079,0.6101712757070643
359698,1.0348868882663687,0.31998065594091196
359999,3.3299409142698124,-0.05511917991325466
360298,0.6126559219145897,0.745413205691738
360599,2.0338632020448952,0.05204833149410626
360898,0.5039162991096455,0.878195760551878
361199,0.7558963492367157,0.5545453072028859
361498,1.8740190054356942,-1.4380226023081533
361799,1.2141092535782378,0.5278993010554885
362099,0.6698333599577687,0.7423084665894373
362398,0.7404912166081042,0.5202873492081717
362699,0.6813209110506813,0.7540514331997791
362998,1.2609378696356375,0.3095030444695406
363299,0.8198157500345247,0.7970698988420235
363598,0.5557923251933351,0.8071199639622116
363899,0.6655859304308996,0.7832829131999042
364198,0.7320116854059038,0.7381906129529071
364499,0.39039607341138993,0.9305365975837654
364799,0.7821719252796445,0.7375147352257412
365098,0.8385299634339213,0.773860979206055
365399,1.311379317416282,0.39790058123863925
365698,0.516012081002629,0.8222875835312922
365999,1.1781346614973622,0.4562289678745084
366298,0.9663728525699962,0.6240582424904539
366599,0.6151387850521816,0.8354412933344144
366898,0.5743745616590107,0.7467070104979072
367199,1.0841050990987635,0.581099981607079
367499,1.3690929458762802,0.3682945820290987
367798,1.8097042388019788,0.09250655673155317
368099,2.778069124948017,-0.13399056762812855
368398,1.9012156102221236,0.11122021085185585
368699,2.0259491552829507,0.12113009783767725
368998,1.924540621573279,-0.01001363616031492
369299,2.1037715618801136,-0.09731158895856407
369598,2.781198331953546,-0.1284497893831016
369899,3.8038416274548745,-0.16817960626243678
370199,2.9219542704544192,-0.16710675063904112
370498,9.853376068710523,-0.23479552325386233
370799,4.685121303314481,-0.21288909017762303
371098,5.515304968251314,-0.059817404765685644
371399,5.348715085327877,-0.3751736526735947
371698,2.6288807084207835,-0.06370017243646275
371999,3.840584605993805,-0.6731020181316287
372298,11.794377441164293,-0.18526758571293755
372599,12.595307505910917,-0.1970301060526476
372899,7.3226879786066394,-0.21100315720031615
373198,9.572518995318658,-0.20953206947867753
373499,8.134871130224791,-0.29032980412545495
373798,10.622558200051678,-0.1697965651573745
374099,6.394480526743907,-0.45339340526941974
374398,5.786050771936474,-0.33364405305004863
374699,8.759972089904728,-0.18595315146397517
374998,5.162793042332302,-0.3861535269777876
375299,3.962104432316107,-0.15278696622597288
375599,4.628910221969061,-0.297033867583699
375898,6.424425136066552,-0.3934074784922075
376199,4.825508865765323,-0.3011416666574349
376498,3.130698818339583,-0.2053753661186215
376799,4.73208805098662,-0.15451111647994709
377098,2.6666993852234295,-0.10497252620840292
377399,2.970351077068663,-0.13587552976669892
377698,2.0161506646174865,0.058044301432631284
377999,1.5770132145825153,0.05365124791478659
378299,2.1027806475247632,-0.06332745009140295
378598,1.4851667081486613,0.12690094683823783
378899,1.7607751914718168,0.04362842254328936
379198,1.6944437332685447,0.07109044935365993
379499,1.6713550182909875,0.060688037228767366
379798,1.4031181099213619,0.3089622493028539
380099,1.9351521164698906,0.07290626592613836
380398,1.5128234600767796,0.24079984388246778
380699,1.7980747486279525,0.06971964333799541
380999,2.0621643055709082,-0.0614915955152715
381298,1.5675876270218465,0.23974664727631434
381599,1.4400327978329583,0.24989614477112
381898,1.4688384614763699,-0.5935807023883277
382199,1.6411206395350297,0.2778669625349548
382498,0.9308945868571787,0.6928911894159462
382799,1.498241567459205,0.35824223755161
383098,1.3658351752807547,0.46573353367659687
383399,1.0472675621814092,0.610756818616732
383699,1.764064165941417,0.24158284797815033
383998,1.012317172757844,0.6809619434356748
384299,1.297306273329796,0.5253204716604856
384598,1.382327137097857,0.40829689384349077
384899,0.9482650668966062,0.5989908575045882
385198,1.038119455131553,0.48580341021075324
385499,1.2572096344960686,0.26048754592281675
385798,0.6605228130380095,0.6645543225199337
386099,0.5228662801040191,0.8175256993394872
386399,0.6023516268970138,0.6562036279021422
386698,1.3736213190749105,0.24856858322308284
386999,2.7544614876891456,0.022369959100160264
387298,2.2060866271138972,0.0986729815442069
387599,3.4485028422752477,0.14528304754852706
387898,13.601266221894258,-0.14711600117310675
388199,1.0654894129066343,0.23967414912088902
388498,1.4069909260712667,0.1969552414404523
388799,1.2305115884384632,0.10153376698318717
389099,1.0249812561740241,-0.0720535982711108
389398,0.9537148191858448,0.026390922841835196
389699,1.563583636549727,-0.5617530961025174
389998,1.2489150267731408,-0.15586431259857458
390299,1.277609426374018,-0.7472543032968277
390598,1.3434634464493986,-0.04763240231892829
390899,1.3261376534874874,-0.5995620843460874
391198,0.9223181909193018,0.0001308547113082481
391499,,
391799,1.24073599314471,-0.5194776073132823
392098,1.1219478188390666,-0.6547707314009186
392399,1.1385222822321768,-0.433996719637316
392698,0.9987982471361279,-0.8242097654227134
392999,1.03587662521722,-0.3609284685119363
393298,0.6474220516151773,0.1983495027761838
393599,0.8713503008803088,-0.44260276048579916
393898,1.0665690354152486,-3.0646107894257453
394199,,
394499,1.0050747622981338,-1.056432305661053
394798,0.8172062026163113,-0.5700771107235751
395099,1.2899004876057123,-3.2034059263699683
395398,0.9834441397262401,-1.5973601852238937
395699,0.7656752448643027,-0.34987593918304993
395998,0.7598697998166322,-0.2757527056990354
396299,1.0950188537024168,-1.3509040336717928
396598,0.8188189486694117,0.05227206529980255
396899,1.0221501064504102,-1.545564742071337
397199,1.6094048382522426,-5.139238091526243
397498,1.3415203805706926,-3.6877061615414775
397799,1.217077099797092,-0.9038533034270535
398098,0.8261253664272886,-0.08999303047952112
398399,0.994558533039426,-0.6428389791993427
398698,1.1937533724780722,-3.875279146481704
398999,,
399298,0.7750428511988386,-0.18052162937381033
399599,0.8716296071854774,-2.457922848017185
399899,1.1988797073474105,-2.792337947383189
400198,1.0846900331511335,-2.049637730836739
400499,1.1276416411683732,-0.21814968391244838
400798,0.6707410837284352,-0.22408247637734924
401099,0.9095661999223014,-1.8406451215290058
401398,0.6180334755185564,-0.3932414802808675
401699,0.8961535257739891,-1.8249793552488711
401998,0.8804229742427492,-1.22278795431472
402299,0.5854367179950792,-0.04137275999391776
402599,0.9216267076877176,-2.051138920926774
402898,1.2004191368787547,-3.990519096588409
403199,1.3155485697672151,-1.5667746866052208
403498,1.1304874829763258,-0.23449415278937935
403799,1.1970064871172477,-1.1773714273829459
404098,0.73440667749581,-0.05974691762221829
404399,,
404698,11.401535805576568,-0.33063507022148975
404999,42.98812467390402,-0.22535419049655703
405299,,
405598,,
405899,0.002172931640675384,
406198,0.002931275868662203,
406499,0.0024554141227222295,
406798,0.0028109880311145852,
407099,0.0019407789878323192,
407398,0.0026645798611674818,
407699,0.001848262494554321,
407999,0.0022920927786338387,
408298,0.0023870822210914,
408599,0.0022832904548624627,
408898,0.0018643877270000738,
409199,0.0015275349642367227,
409498,0.0017657926941693645,
409799,0.001656461889282987,
410098,0.002001196975060847,
410399,0.0014828557209984803,
410699,0.002028734254538801,
410998,0.00226887866454102,
411299,0.0022471064424446564,
411598,0.002276209203166225,
411899,,
412198,3.4327130001393593,-0.3322919372999267
412499,44.125218282313966,-0.47130101530580526
412798,47.990983817679265,-0.669508621115658
413099,30.31961744677438,-0.6067780767501729
413399,35.378158725374824,-0.4667799393458649
413698,11.141476496519564,-0.32169703215741063
413999,9.142879157290961,-0.43743946015182567
414298,10.64870960530041,-0.3686017198632898
414599,10.903010263824125,-0.5236508033285661
414898,8.254788929922276,-0.43205560585684033
415199,8.982531387902712,-0.22710078355693497
415498,10.155022575914096,-0.4458600801796684
415799,13.23244208369936,-0.6004066539423427
416099,59.53684679218889,-0.5355538226955854
416398,8.439775251389932,-1.7761874328764073
416699,,
416998,1.7057975250657362,
417299,4.216128978582772,-0.47714117300257297
417598,52.78588318750212,-0.40752579290300783
417899,1.5227040089291068,-0.7262853697719813
418198,,
418499,3.0435515303164875,-1.0363144575182144
418799,3.170411453656719,-6.470554630331637
419098,13.258136554819686,-0.6337487809115867
419399,5.2382393681672035,-1.3839776933391672
419698,,
419999,,
420298,,
420599,0.8613658969834153,-0.830910653647472
420898,,
421199,,
421499,,
421798,0.6050450093969864,-0.8500128283424127
422099,0.0009410422056584254,
422398,0.0012247683170048635,
422699,1.0641817499244357,
422998,0.912151932197691,-0.45230332023810504
423299,1.6206845175787497,
423598,2.377803476638812,-1.5707503616304437
423899,2.997865749140899,-0.36679736972869015
424199,18.753363514921674,-0.34058713701991983
424498,9.3301624679963,-0.26211954886423694
424799,21.99621002839743,-0.3941083477455134
425098,20.50242916688779,-0.39879156342985533
425399,21.991230052421074,-0.43143376694806346
425698,27.004294866805814,-0.43024798609018267
425999,22.364488271608426,-0.5297659885061952
426298,23.097814466179717,-0.5789574289336665
426599,19.72080620745187,-0.5053023480234649
426899,17.05395687196652,-0.4314039243491061
427198,20.494472044401085,-0.387884297941141
427499,23.075686074018282,-0.47611606715720334
427798,19.738581633590748,-0.4256529998319183
428099,23.225864034687916,-0.48221055293510395
428398,23.005948811499373,-0.5447544720439284
428699,12.546731322690631,-0.26846833188169406
428998,21.702576231261936,-0.4433704216840164
429299,24.997529841557398,-0.4965290299333327
429599,19.16031594356043,-0.4532240923182116
429898,27.00196778617341,-0.44983689601399757
430199,31.656449144391615,-0.5090458235988042
430498,32.04305020410559,-0.4055979880193352
430799,27.284850651254196,-0.38920130992772983
431098,32.34353958100811,-0.3266446728345118
431399,29.044796063042554,-0.32559016729048995
431698,25.099220632584952,-0.38229245962039626
431999,22.9243326348555,-0.4504567085248483
432299,4.029942171414449,-0.023542127590047368
432598,6.071337090738853,-0.04804948216100935
432899,,
433198,2.336113021922724,-0.5723132278369278
433499,,
433798,0.9935843556943558,-0.6149832867491003
434099,0.0022749431423349595,
434398,0.002226256098075407,
434699,0.0018537328586524108,
434999,0.6953982966042049,
435298,2.685896641807372,0.5442799528558329
435599,2.4123674552467254,0.2933377427682836
435898,4.320084294068067,0.07345600335246805
436199,1.4720896623302242,0.46811322691559176
436498,1.724493160054573,0.4324983670066692
436799,0.9963988715741281,0.7268354272804944
437098,1.4801573225681333,0.4870646168055759
437399,0.8505708238218143,0.8269316875171948
437699,1.7224573153618028,0.3721164082525904
437998,1.4902651955930843,0.31556891247985586
438299,1.5221681601567503,0.3135731355222995
438598,2.168489449027575,-0.027499585723350872
438899,3.206363171186779,-0.19650526338910135
439198,2.020345668066911,0.043838297469099397
439499,2.277188578568925,-0.19760664300641984
439798,1.6139383874193356,0.16177093791787434
440099,2.8302078611270414,-2.094923730068587
440399,2.750534644125187,-0.5881286140109101
440698,1.5905253566055513,0.12746279300997443
440999,1.9546325386274848,-0.08863981077088234
441298,2.3864371577565917,-0.6269768881158984
441599,4.289233532064688,-0.15077936659158087
441898,2.185571934363725,0.15513853312012738
442199,1.7702532200055057,0.1140338057224507
442498,10.061924751781447,-0.17740853074635354
442799,9.014050378159457,-0.1045468364328459
443099,9.376701434881948,-0.09782466490130948
443398,1.3130926594073207,0.3423422637774004
443699,1.4127529889923889,0.3117434316288221
443998,0.7490073283709675,0.768955269159818
444299,0.9638855203870418,0.6170619089940241
444598,0.732443329719578,0.7427366300658417
444899,1.2843797038434206,0.328427281219993
445198,1.1009312844588457,0.44667939495505005
445499,0.7397412368100881,0.6994457576458732
445799,0.8807819266739151,0.5249338970529533
446098,0.4380976298661548,0.8511774305266163
446399,0.8864116945603155,0.4548739392424537
446698,0.4780326116677878,0.8421178367321711
446999,1.0109837870512672,-0.1559442271153837
447298,0.42746223012916484,0.8690488756885667
447599,0.7693489689134886,0.5905494847902149
447898,0.8527839040419551,0.0934012359987969
448199,0.5290303377730223,0.8137287182056391
448499,0.8498396373876538,0.49989398488809567
448798,0.7048675243720726,0.7098046003247039
449099,0.8135049564019831,0.6331737022562155
449398,0.4880193099322706,0.8742043501714165
449699,0.68535890321537,0.7970016898587882
449998,0.5525231535761103,0.8262322757174891
450299,1.2007533211753414,0.35624270558008775
450598,0.9026809637143152,0.7342039417498079
450899,0.8575701063825899,0.7134757663271751
451199,2.0568606136684946,0.15035024128869012
451498,0.4590312037216652,0.9175596448764803
451799,0.6869904625241323,0.8587743776486743
452098,0.5028781987990257,0.8838201825295056
452399,0.5489866337731416,0.8978473874703214
452698,0.7849616884911121,0.7677076890370792
452999,0.8228944422722401,0.793376647126189
453298,0.7634820701187688,0.7831538227057266
453599,0.6263968563681725,0.8730300466826327
453899,0.5440511163376229,0.8580009872552413
454198,0.8635749666939213,0.702881137527882
454499,1.1942538870867923,0.6471460580768509
454798,2.058955390473062,0.20002234891811943
455099,1.8289427067827893,0.34214401232291125
455398,3.1612770008963103,0.030286207200643567
455699,0.9194995384035293,0.7907057862505664
455998,1.2132729247693281,0.551108656809224
456299,1.476408094662238,0.5386620453272817
456599,1.6106290866572013,0.3367147650823621
456898,1.971016049353722,0.10773280490424064
457199,2.6606313618923383,-0.1561129239597514
457498,2.6096532559238876,-0.16764748487264924
457799,3.0484696260803736,-0.225640742901134
458098,2.6131356206983325,-0.05468774785235242
458399,2.6365725408833716,0.0047383255623398846
458698,3.32839429645097,-0.34590887555076977
458999,3.0816985925695097,-0.1948367628593053
459299,2.98468284813178,-0.2866708971599039
459598,3.05903388312603,-0.1272434497798991
459899,2.829169744241283,-0.10413861116641443
460198,2.8327556282120003,-0.0973435939944447
460499,3.1866432406837606,-0.17634587755205788
460798,3.0053139036159267,-0.07542953133893571
461099,3.477745725557719,-0.21530177308247
461398,3.5589825510868227,-0.2249782977507213
461699,3.9477045503355632,-0.2516626013347574
461999,4.41544515935114,-0.28235532932634566
462298,4.07435676416409,-0.23997899203850692
462599,4.74890754010222,-0.25085710630279356
462898,4.575241593314556,-0.28486813893408036
463199,4.5595732140168534,-0.2269133044386742
463498,5.206439392966475,-0.6187285428197327
463799,5.167565683844339,-0.2989092395394948
464098,4.8999332969407225,-0.3086233351754941
464399,4.3741242849136235,-0.23631649570620672
464699,7.007355842827163,-2.15867627528934
464998,18.220603740527984,-0.30829731833087926
465299,4.2318356585972925,-0.19968871960227652
465598,4.7467670114110225,-0.25980315458574377
465899,9.211430671751016,-0.29500361551814125
466198,5.613792814707042,-0.2626220042371066
466499,3.99587311155476,-0.8009138339185913
466798,6.52922036433881,-0.11603040474096393
467099,10.356715285684894,-0.292800745281141
467399,20.476343479732236,-0.3028961545319919
467698,26.137406055430912,-0.38862355099914736
467999,7.260905718453513,-0.3395379644723455
468298,6.337821122468881,-0.0719250387507595
468599,6.388627182239977,0.1769181478008648
468898,16.50926639665204,-0.3130196911415821
469199,32.254318735175616,0.1611708892411624
469498,48.024901712113724,-0.4541350630651273
469799,22.252830978470843,-0.4718490604770855
470099,17.36341017843489,-0.40948910288021656
470398,6.992175261417627,-0.2139860523820385
470699,19.468145872902326,-0.5798822664986911
470998,14.648288622571426,-0.358041390260343
471299,6.533126606259971,-0.20461567472399977
471598,6.008273875513107,-0.34746697406503224
471899,4.587626656333116,-0.20522419002365777
472198,14.363963632686326,-0.5578206807083506
472499,0.0007637934251057622,
472799,0.0005094425976278317,
473098,0.0022936719328274157,
473399,0.002135002838646762,
473698,0.002562420651862067,
473999,0.0022360089864785072,
474298,0.0032985304257163455,
474599,0.0019285665878862209,
474898,0.0027604866045640376,
475199,0.022155656938639225,
475499,0.04212357644134662,
475798,0.060880750720415294,
476099,0.11222942582107505,
476398,0.6015415694105504,-0.5805243862774199
476699,,
476998,12.526075260821294,-0.44802179974788703
477299,4.89587141442232,-0.22960687494859533
477598,5.287108326018951,-0.035723496665409415
477899,1.5915945160513287,0.2516697896557625
478199,1.8584666601046582,0.11576187157765594
478498,1.6084588055809048,0.2833054420102241
478799,1.9535431890630717,-0.01222012411074802
479098,1.6391216024218505,0.10898420424459498
479399,1.843162187874144,-0.11031081278855659
479698,1.6487765466646631,0.005853501195518085
479999,1.7481334419722823,-0.23510443786988167
480298,1.3923722406110552,0.1532713448901427
480599,1.4681177560360026,0.11839004495964989
480899,1.3887771665233872,-0.11051547527283678
481198,1.680200372351535,0.014238320819136563
481499,1.9730769581996386,-0.00406484125029527
481798,1.6576867426218294,-0.023845251114331445
482099,1.7262711447213381,0.08387942907640278
482398,1.7158844889009535,-0.036074652033302845
482699,1.8549527778154062,-0.2572878079534737
482998,1.5332973297380836,0.07557664065427738
483299,3.8638608839411557,-0.24931316836227913
483599,1.9945157670799085,-0.11829522443573914
483898,2.457589679615645,-0.034211999769607315
484199,1.619926377421902,0.09408446039812746
484498,2.0461518592930807,-1.4471047071921492
484799,1.9955946287160775,-0.23266543509211468
485098,2.4987800191495046,-0.28015319881425604
485399,23.30954000012351,-0.27536519329480647
485698,4.282686262060408,-0.42138806524513694
485999,55.00031660512903,-0.3947816296838669
486299,48.10480434161613,-0.35816929607730486
486598,26.18169579270415,-0.45207136083359156
486899,38.89376854814705,-0.20016473890899178
487198,36.04662946200639,-0.18895195580590451
487499,28.07942069560846,-0.2267473694995108
487798,27.948898616189,-0.242247941205471
488099,33.73980848419121,-0.22726422939658564
488398,41.3266762129787,-0.34597834863437393
488699,47.90588457179523,-0.30210259856098776
488999,57.60367239579419,-0.27881482692110904
489298,37.81767129795842,-0.2927118095614285
489599,39.60018411228449,-0.326997940243551
489898,52.61125235206389,-0.31909876500787315
490199,52.753981515404035,-0.2444858507144645
490498,45.68936390882979,-0.3217130734722913
490799,45.96466448970798,-0.3057653140799632
491098,54.9035683046683,-0.31496301521450976
491399,42.71083829451142,-0.37425497926615314
491699,40.23387078443516,-0.34277858620344537
491998,62.98479287656083,-0.36707341829503326
492299,73.03144495539085,-0.46941591149935125
492598,92.1934416865549,-0.3358722554285778
492899,68.85703651042,-0.38961069805989834
493198,17.320973360096296,-0.3377634299046479
493499,25.117994658924545,-0.6021491247880089
493798,0.00197116324678489,
494099,0.002376535936410176,
494399,0.0016119474831986687,
494698,0.0018436795494560653,
494999,0.0016146561679310572,
495298,0.00189558182947801,
495599,0.0021054194590971412,
495898,0.0021819550185967445,
496199,0.001923866495508339,
496498,0.0023619990200445962,
496799,0.002275644257367119,
497099,0.0020453382753256814,
497398,0.0014489774445602724,
497699,0.0017412112181833285,
497998,0.001530177667130297,
498299,0.0014316121962873627,
498598,0.0021700983041109743,
498899,0.0019463605959664054,
499198,0.0015157892937226766,
499499,0.0013934190164153013,
499799,0.0019512364533046315,
500098,0.0020717182067271256,
500399,0.001455069454191318,
500698,0.0018769340092511025,
500999,0.001745338189991135,
501298,0.0026622763260329284,
501599,0.0023491880958335983,
501898,0.0018712196000549867,
502199,1.4483727605824854,
502499,11.21626479622908,-0.42484929869343024
502798,3.46399494794427,0.0484569127449227
503099,4.332722813295823,-0.06691685845365103
503398,5.515669537017686,-0.24351806350249539
503699,3.8591955711292303,-0.01990989270643917
503998,3.129671541008219,0.16800936196697314
504299,6.611586554629932,-0.24670440449673703
504598,12.654209567613606,-1.0228108300609495
504899,39.479458679577895,-0.7078714025682724
505199,32.329422326260996,-0.6745308089757875
505498,0.00017149256394086143,
505799,0.0002016688453314054,-8.695278848975526
506098,,
506399,2.2273326493522254,
506698,3.3246840781971123,-1.2881317751837256
506999,,
507298,,
507599,,
507899,0.0009708589984652439,
508198,0.000948972336806085,
508499,0.0011243104007887502,
508798,0.00042636240433677577,
509099,0.0009932762500257262,
509398,0.0009384310721090398,
509699,0.0006202599696250827,
509998,0.00034217220354953933,
510299,0.0005633107958820867,
510599,0.0006185592913062131,
510898,0.000592433308017444,
511199,0.00030960081050891307,
511498,0.00042344807387920596,
511799,0.0005247480303711382,
512098,0.00038454902947558287,
512399,0.00030885702950918974,
512698,0.00015959423945733313,
512999,0.0002004493578442298,
513299,0.00030854117533045075,
513598,0.00016659820573746293,
513899,0.0002443483606683612,
514198,0.00012695410201801814,
514499,0.0003171727295665182,
514798,0.0007138982803816143,
515099,0.00043298223053112684,
515398,0.00045598937154009856,
515699,0.00013222859638983332,
515999,0.00031175388843829066,
516298,0.00023871422616313564,
516599,0.00042536936793516875,
516898,0.0001057228602520835,
517199,0.00032678359405617126,
517498,0.00023922121951789588,
517799,0.0003123996144507484,
518098,0.00018902851443567455,
518399,0.00016050058807767951,
518699,0.00027403503422920807,
518998,0.00026919365530773574,
519299,0.00023675635089371864,
519598,0.00016478746388534578,
519899,0.0002206868654015231,
520198,0.0004476248442876102,
520499,0.0025896924091295933,
520798,0.0018809743732806738,
521099,0.0006656691494781747,
521399,0.002860704236447474,
521698,0.001622141371827435,
521999,0.0024583034953101052,
522298,0.0030676679298313977,
522599,0.0011600624620679936,
522898,0.0023171702995472905,
523199,0.0018467990165371856,
523498,0.0025055761135211433,
523799,0.0018210873660500716,
524099,0.0015034231201588757,
524398,0.0013125518563147532,
524699,0.0035997696973421828,
524998,0.004438202555558344,
525299,0.0059458425078136685,
525598,0.09513463610437885,
525899,5.398478094409238,-0.3835635017650725
526198,3.611105302122752,0.07306297496016267
526499,4.7351818705436175,-0.2615335427261818
526799,3.7108572789118304,-0.13769040520653109
527098,2.5572510895067486,0.07749361024991974
527399,2.858738555793567,-0.14141213284551135
527698,3.5946770284773484,-0.33615017690042537
527999,3.4676036664681824,-0.10477569847883417
528298,2.5607295140813164,-0.03063511933226648
528599,3.3506074504214585,-0.40556683332394017
528898,3.6818551749940056,-0.10362500346983516
529199,17.192414761402187,-0.3838562410531725
529499,13.845460031406603,-0.33059744957131487
529798,3.3284431824124368,-0.16370934338609167
530099,7.3871878985628285,-0.24916977858370526
530398,16.716657644532678,-0.28690503820930413
530699,2.9567256274680074,-0.18498622728620084
530998,1.6811331530945004,0.2101760487832126
531299,2.4517067634471856,-0.007422243456145505
531598,1.988967812067196,0.15944128775054445
531899,2.866685152521929,-0.06438928274647626
532199,3.2115076688164734,-0.17839496304516023
532498,2.829743785167667,0.0763260478338238
532799,3.6603790142057164,-0.16386918869049216
533098,13.072090340045309,-0.1819682602338768
533399,1.7934188388051169,0.12709079088339292
533698,1.1877855137125242,0.3981041544402628
533999,1.3732512720013679,0.2753980828034637
534298,1.2122331895577714,0.38707918835750976
534599,2.0515792642733257,-0.9489576792357237
534899,1.3312563378815554,0.27808722293393595
535198,1.2890885696162462,0.36882453190000464
535499,1.5691019029022808,0.13498473416890755
535798,0.8981835335712725,0.5853779224940159
536099,1.1490475428578506,0.33962093835548823
536398,0.9241943011498994,0.6976271775874999
536699,1.351778692075782,-0.2107071604126638
536998,1.255108298339941,0.31590688659694877
537299,2.060197258496993,0.1267754125428363
537599,6.153876452331013,-0.10057765275536124
537898,44.61639883738937,-0.7145642667413283
538199,58.78685325518323,-0.6992047588116908
538498,62.57260013730018,-0.6803196797717546
538799,71.6534901087408,-0.595669642215229
539098,63.15000942529204,-0.588956606698279
539399,38.78027657595559,-0.7002743548360721
539698,41.87037523812043,-0.7366255259674519
539999,62.00819119707333,-0.6816845962618143
540299,3.2379527386248523,-0.8850442294651624
540598,0.2721175088143257,
540899,0.5554708590265822,0.25402964501308767
541198,,
541499,19.3885634617464,-0.47706164958666064
541798,14.972431592415866,-0.37557071845373424
542099,51.69197353377355,-0.4750520384560275
542398,29.735483959208395,-0.39918110097533677
542699,7.263790374914153,-0.03174026880551173
542999,4.096014342117139,0.20860752577406017
543298,2.5047779071640153,0.28618813183511016
543599,4.773754564818591,0.11115204513772137
543898,6.540512887856176,-0.20208159379122814
544199,1.351695858800238,0.08397940262456882
544498,1.2924094348994157,0.6477388908265553
544799,1.5210322428412983,-0.09255469198226729
545098,0.9249160230847683,0.569981201571977
545399,0.823074096628016,0.6733839249962881
545699,2.4798561925311313,-0.008205320641204716
545998,2.2290135592222913,-0.14126226333058312
546299,3.108620352191073,0.001699089797313702
546598,,
546899,2.6478406429845,-0.24915649825987196
547198,1.1814093049071763,0.1075937286892602
547499,2.141256926028354,-0.30895854879327955
547798,2.089109159360046,-0.16194805272834945
548099,,
548399,1.5585281697302686,-0.5276471645943008
548698,1.3136681764222615,-0.7745009782330368
548999,2.197550577086811,-8.213547377152961
549298,1.748755350121656,-1.7105289512459314
549599,4.792902384414204,0.21528168681441484
549898,1.5104503615512788,-0.3482395868271948
550199,1.3560286081254982,-0.16295470453819116
550498,1.3240408682167149,-0.15840841936581773
550799,1.3658992885703034,-0.33314326132289573
551099,1.332817695282171,-0.07980690548181713
551398,1.3728858025101722,-0.10950704096110053
551699,1.7099299662160825,-0.6006138411429651
551998,1.5111461488769717,-0.26742853638433806
552299,1.5004000432834224,0.11387551172555122
552598,1.7066784429935287,0.007452874080827621
552899,1.807762038695313,0.11586536243581247
553198,2.1137216495527595,0.024418944421395916
553499,1.934626833302016,0.1791484875079563
553799,3.0276052908018545,-1.7649008053454547
554098,2.4073685269286518,-0.07643823377601233
554399,2.388456155986649,0.01713357937218618
554698,2.2573389699902338,0.05349936169329017
554999,2.590020384531046,-0.10945406229690868
555298,2.7141008114517495,-0.16070950748898838
555599,3.0777088871367115,-0.20547817633277576
555898,2.719591423880603,-0.09240014647639816
556199,2.8719335761702047,0.030792242231877154
556499,22.26960871044126,-0.2720368495926775
556798,0.0006037099374461227,
557099,0.0007469382218521582,
557398,0.00042089085848493564,
557699,0.00021315900471883305,
557998,0.000254170447605697,
558299,0.0002745031072747628,
558598,0.0001955599059571183,
558899,0.00030735563556927775,
559199,,
559498,,
559799,20.815349741542065,-0.38238886034113273
560098,14.775505659599576,-0.4920431013447153
560399,1.6044921194049728,
560698,2.5337132687712325,-2.695631345236241
560999,0.7868159274199713,-0.394873972109018
561298,0.0017109285923120555,
561599,0.001715642393606624,
561899,0.0015160374999460017,
562198,0.0015169617210885901,
562499,1.718906807427497,
562798,23.070227424120326,-0.35656511301801874
563099,72.38843747269141,-0.5074050562815626
563398,0.003391147430521957,
563699,0.0029573915943681955,
563998,0.002050649910135326,
564299,0.0015388076346675298,
564599,0.008813681546224039,
564898,0.004018309074523792,
565199,0.024609754073393362,
565498,1.4514122957672542,0.1706438576730741
565799,2.4561408312827613,0.04465689339660228
566098,1.607109841805077,0.37976365525464795
566399,2.229417637589191,0.0452593489458043
566698,2.03620917048359,0.19765317021821216
566999,2.3418951614509815,0.007366971899341546
567299,2.549922778576521,-0.08405597673570298
567598,4.269515965320174,-0.1766488165337734
567899,3.5940830160665858,-0.2457526602957889
568198,1.7762439193191664,0.13593608657247558
568499,2.196058028512497,-0.10156082640118447
568798,1.9155164147743637,0.005319722965740681
569099,1.9531553044110812,-0.0340466675629254
569398,2.401181532260467,-0.33392060460155415
569699,8.130739723528613,-0.22416075863483442
569999,3.23448496220399,-0.01637046386877672
570298,2.668477031005178,-0.01976950714684933
570599,2.0274901635205698,-0.0079945717569736
570898,1.848654443192927,0.1348142184643475
571199,2.5029603414149406,-0.7944567555206814
571498,2.174963901884567,-0.03257695952513129
571799,5.031008004800748,-0.2647610118891075
572098,1.910217530599648,0.14153264111950126
572399,2.4593869476969337,-0.1131919862996742
572699,1.981637021641762,0.18371314305439512
572998,2.919310649231905,-0.09198779781900024
573299,2.100883089963061,0.12459777885290846
573598,2.1774739943726416,0.04618905790480243
573899,2.4633770883676878,-0.32134364673262183
574198,1.540353834096554,0.19771514614673946
574499,1.645819515952159,0.22811084949171445
574798,1.4087593806915046,0.2515266581154707
575099,1.3131930180208566,0.3204957247353669
575399,1.7357499995021946,0.1332658608401105
575698,1.495557289802705,0.22085304666997552
575999,1.3772250845093361,0.20858488221650573
576298,1.143555221918524,0.4054364683451783
576599,1.6490714193720932,-0.552302058471368
576898,1.642504060083132,-1.987147026224204
577199,1.1983580519620032,0.2583461536664071
577498,0.9668328422462983,0.45678508108857496
577799,2.239523335917359,-1.521731208314491
578099,14.501517958772679,-0.2663131749705254
578398,8.954864474127149,-0.21010207704761164
578699,7.5275665003161505,-0.11378341032685668
578998,73.54478339252745,-0.32569871561274844
579299,60.00643370098112,-0.32812582773366583
579598,0.0006160175679096691,
579899,0.0008813253514102838,
580198,0.0018901963217895753,
580499,0.0011213652875837563,
580799,0.0012620812307816097,
581098,0.0010667712384461756,
581399,0.001364793051126926,
581698,0.0014440053447545866,
581999,0.002202886837557495,
582298,0.0018189358269263638,
582599,0.000840038857925135,
582898,0.0009946216525652792,
583199,0.0011065250188513303,
583499,0.0016269585758531334,
583798,0.0028534190021367017,
584099,0.001842242516194013,
584398,0.002509679954112234,
584699,0.0020645266566479657,
584998,0.0017586063791173974,
585299,0.0021822602606124345,
585598,0.002228413738674272,
585899,0.002753175556558621,
586199,0.0022138006233702323,
586498,0.0017933952967409729,
586799,0.0017888662643650338,
587098,0.0018804431930342631,
587399,0.0014196808397395082,
587698,0.0017384963090084564,
587999,0.0018666668506719093,
588298,0.0019197401333780747,
588599,0.0013623342963933274,
588899,0.0018681759749704003,
589198,2.3218774818702888,
589499,5.395925692146039,-0.25404885666146515
589798,9.03096542652449,-0.5235870977848918
590099,22.93013099409485,-0.8582865910663562
590398,18.999408430264186,-0.8074772904104419
590699,15.757374027164783,-0.765935641181867
590998,2.6886086845457053,0.5358097768016726
591299,2.973969484221701,0.146996886542623
591599,1.905108801985173,0.44883453630389847
591898,2.1256714789473796,0.3194113331591676
592199,2.4917732299587905,0.17151508676153748
592498,3.1497540887603623,-0.13993707336776096
592799,13.541383580192324,-0.6323098963881548
593098,14.031687648915884,-0.8674450600208885
593399,3.2335991208223867,0.011942610512278073
593698,33.76113905408736,-1.2846173476113627
593999,,
594299,0.0005234351542058116,
594598,0.0002465711887679285,
594899,0.00028760385965527816,
595198,0.00025478522246236975,
595499,0.00016242583177134733,
595798,0.0002053598632613364,
596099,0.0002397355642428445,
596398,0.00016345703001860825,
596699,0.00023391068596313204,
596999,0.0007766564483270638,
597298,0.00038297555605381917,
597599,0.0002454435997775079,
597898,0.0005239707816103346,
598199,0.0003194645676828116,
598498,,
598799,,
599098,,
599399,,
599699,,
599998,,
600299,,
600598,0.0006306333374142241,
600899,0.0008250090892745449,
601198,0.00041535084059005496,
601499,0.0010148409547871397,
601798,0.0003714501121984438,
602099,0.0007441644932694314,
602399,0.0007209153972419167,
602698,0.001015110355428869,
602999,0.0001927044548819135,
603298,0.00022855119449423074,
603599,0.0001558086712641112,
603898,0.00012384383207585714,
604199,0.00014393677628048285,
604498,0.0003084380354536449,
604799,0.00015806623822964597,
605099,0.0006001119107248952,
605398,0.00021992046220953033,
605699,0.00018249023437973854,
605998,0.0001820328207605273,
606299,0.00033287587263549257,
606598,0.00021940542400742636,
606899,0.00023631111735944487,
607198,0.0001424778287574598,
607499,0.0003780043866575702,
607799,0.000281060078555629,
608098,0.0003042731866516885,
608399,0.0005679167009648911,
608698,0.00044602282272432174,
608999,0.00030339957621466755,
609298,0.00024260477386641837,
609599,0.0004564643183940212,
609898,0.0003964984378472473,
610199,0.0010351312437342393,
610499,0.00114501056350578,
610798,0.0010266207892333907,
611099,0.0015722634747218748,
611398,0.001673452917681611,
611699,0.0028702675162734564,
611998,0.0017159216040872152,
612299,0.002079910810912665,
612598,0.0022915548582370443,
612899,0.0031157785088044357,
613199,0.125989120926781,
613498,0.546599308185614,0.26205695407051166
613799,4.896108212069648,-0.24464129537568247
614098,10.177956094418205,-0.6013873716725433
614399,1.7454596666891626,0.5991062366599073
614698,1.5938442637348231,0.5544078354967125
614999,1.8909261422706258,0.47421638630665586
615298,1.5190644804864881,0.49190931895537404
615599,1.8232182070679919,0.30725473589605734
615899,2.7142269395120646,-0.2929512059810957
616198,2.8047933622702894,-0.08506705637008727
616499,2.4876505997103653,-0.0216374709360323
616798,1.9974850507493578,0.173208702637899
617099,2.5534106703788413,-0.1291606034192898
617398,3.355691234433524,-0.12731697397081443
617699,2.644321893192588,-0.32904414401232307
617998,3.4643426219969444,-0.24243212560949257
618299,1.683823499457729,0.2787781203438471
618599,3.358225701848442,-6.308166382526318
618898,1.791116815427477,0.1725076160761415
619199,3.3537605327129665,-0.794422158670151
619498,5.252000751995917,0.2179322433825115
619799,1.8876398129702672,-0.014817872861524473
620098,1.5163316999627943,0.3501003030119805
620399,2.3112643450822117,-0.5627001079103293
620698,2.2648091032848847,-3.563188283992562
620999,2.410951151763047,-0.15767954505597137
621299,1.5962648652633582,0.11671847407969571
621598,1.2087538665774151,0.43193031962066974
621899,1.4783623930978043,0.26912426981629967
622198,1.6987470840542362,0.21210473086836734
622499,6.45297451077028,-0.2990606520293295
622798,1.9656780274814187,-0.126909251481234
623099,4.709323106974469,-0.20761459516240288
623398,1.0692013388073134,0.5652612963446415
623699,1.493916524267956,0.23812996499781347
623999,1.2625750860976561,0.3213577096342688
624298,1.0664346575080548,0.5269965179037455
624599,1.230237557095534,0.4793718033936085
624898,1.1506204530999797,0.4630886084299568
625199,1.3776447843949235,0.2645495990075054
625498,1.1135663789280434,0.510151562832099
625799,1.300987078357343,0.3758625517155283
626098,1.1704420187251257,0.4676170916680389
626399,1.1911905365564006,0.5341110237452276
626699,1.6969322227126051,-0.07899235418229944
626998,19.175967632696153,-0.25240818315565616
627299,21.941219176088865,-0.3850962126284194
627598,60.8057652890096,-0.900946498898664
627899,0.0026062429747430687,
628198,0.001842236643769556,
628499,1.9024569283051715,
628798,27.34330838297036,-0.4216281539625224
629099,10.947886161423813,-0.0978470825354869
629399,5.982535800391373,-0.17306931960786964
629698,22.50847010950927,-0.6297038777198194
629999,24.941485361159312,-0.5501067820004606
630298,23.377128376115643,-0.5467997399625273
630599,0.7231076872922563,-0.6182766976706362
630898,,
631199,1.107265674463848,
631498,16.69590669184974,-0.40584061253021986
631799,23.728587269627305,-0.37183925311457
632099,11.222314309302416,-0.3862943774137495
632398,24.399429492538655,-0.25580288753441605
632699,20.067439602240107,-0.2443650404307256
632998,14.360823183304076,-0.44189184382702607
633299,5.780110753447062,-0.12036263216733634
633598,2.464410468645549,0.39942404192127856
633899,22.150698568177692,-0.8543701638809449
634198,2.812741795398089,-0.1808191138464348
634499,1.7321734490172258,0.17659281793393022
634799,1.0376818867749504,0.7161369729229163
635098,2.806815467005526,-0.13793746576147825
635399,1.6932441861507694,0.17889460934234425
635698,1.8577486398029548,-0.046252230435775976
635999,3.1261540769344816,-0.24898157709359015
636298,2.928419531212618,-0.1805157685466079
636599,7.001431306032915,-0.6657913618456381
636898,3.08554689198189,-0.23267482704312403
637199,5.819389906329622,-0.5428239227808962
637499,3.9655464185166753,-0.5359610499786425
637798,,
638099,2.93723360550243,-0.2852664437734058
638398,3.9252070739424436,-0.01403894646594872
638699,49.91578282691077,-0.3786639037185191
638998,127.77881662893414,-0.11229709861375947
639299,4.077294851131845,-0.16666002379368794
639598,,
639899,1.7760433585879838,-0.5643188631696354
640199,2.8177843338585493,-0.3299812482360802
640498,4.175704652761348,-0.2458734107420395
640799,5.842407815709039,-0.141506414279974
641098,3.2737596135891565,-0.018664808861833082
641399,2.774953276440737,-0.1441520765936708
641698,5.024954746492673,-0.43613772646940685
641999,4.374692154658434,-0.17922484801006888
642298,3.937951026088684,-0.3239704501827019
642599,44.96288031938672,-1.231687520589571
642899,80.52318292722012,-0.567899062337148
643198,,
643499,3.823983759139187,-0.4204455167176464
643798,4.449534561337403,-0.42028781091915457
644099,5.505349814628008,-0.3804816300836722
644398,3.732862707291801,-0.18947204015645025
644699,5.388942962425852,-2.0687433671421394
644998,3.7006722091191975,-0.17557382288405554
645299,4.279989433999292,-0.3725095775188165
645599,4.806720839987689,-0.18498297369979566
645898,3.5984701329922473,-0.11542148932253582
646199,4.754152715463211,-0.199256568773315
646498,5.143337698288536,-0.2537108121008764
646799,6.008528647574561,-0.29393574917260823
647098,6.636979020024045,-0.321988930696407
647399,6.560533999641734,-0.34748987974394185
647698,6.435962158711593,-0.324648572544568
647999,6.184453349716501,-0.27819424385518476
648299,7.558190273473774,-0.2990914298083356
648598,11.087811160344875,-0.3238690881234936
648899,9.113683319129867,-0.3085070228660143
649198,8.191482552360792,-0.40425543163113575
649499,21.36473906477689,-0.21727728796103896
649798,35.41004459896783,-0.37176611624057454
650099,23.864333940021965,-0.38693091728151496
650398,49.583574413253245,-0.39116889326309856
650699,36.71764416093588,-0.3334437152283576
650999,42.616415125957296,-0.2509219794539188
651298,35.43047888041615,-0.30274859942044197
651599,4.844835610026646,-0.3074510643294448
651898,0.0017321499248312258,
652199,0.0016937533818893373,
652498,0.0019474417782095912,
652799,0.002195979036863428,
653098,0.0017738327233875893,
653399,0.002129388298747711,
653699,0.0037749976339488856,
653998,0.019061588997102127,
654299,0.03651843521477945,
654598,0.05402915610568642,
654899,0.005906117169948926,
655198,0.013583612766211084,
655499,1.476119744441912,
655798,7.627991380181427,-0.27156727475930276
656099,6.048330575665279,-0.06217517810059703
656399,5.604834952088657,-0.22387544387151137
656698,2.278768127096785,0.25190503896060845
656999,2.837028401649345,-0.02881138917514292
657298,2.6090798664808137,-0.03767431497215812
657599,2.6960835157513774,-0.020840504000028126
657898,2.959204675147616,-0.21283206846451108
658199,3.382672027649675,-0.046306672525695536
658498,6.121380310957581,-0.29455093655346487
658799,6.3374138652429615,-0.2770703938291452
659099,6.636227450002114,-0.18804723829526182
659398,11.09943877991555,-0.3269929316460425
659699,7.628441722586623,-0.19524397676986038
659998,4.809580633910859,-0.1686584921148795
660299,5.007480005863438,-0.22036138220941526
660598,4.717278341254856,-0.22856172107161177
660899,4.283010846280265,-0.1853421451994519
661198,3.5612469933709,-0.026403967024605013
661499,4.079710755298875,-0.09988920466378137
661799,6.60836332031362,-0.42447061267041786
662098,5.960453810940281,-0.32483201020283126
662399,11.869609318972493,-0.41337837745111505
662698,8.147871555975884,-0.3463746583141407
662999,9.008956413604068,-0.330727352944175
663298,10.523238495937854,-0.38436808542669754
663599,17.328131179859618,-0.4173935923131098
663898,17.618595999983523,-0.48939007630027764
664199,17.774972180473657,-0.2918408040510889
664499,22.799950746014034,-0.5032567819638563
664798,25.24547406805183,-0.4582097512453327
665099,19.324206788844133,-0.4437628549770716
665398,33.26954922089805,-0.4411895997211588
665699,47.681779690440266,-0.585998207615448
665998,60.403503573585354,-0.46789676546743686
666299,61.87359535767501,-0.46163051176130177
666598,50.23865057900392,-0.4862996660605021
666899,56.48942398068939,-0.34648631370899086
667199,26.208966562848875,-0.3376134046364976
667498,33.90660296949554,-0.5319805689823953
667799,0.0013761003489746052,
668098,,
668399,0.0006958690666194595,
668698,0.0004273402478181768,
668999,0.0011834124208504448,
669298,0.00022633656883646897,
669599,0.0008611702587370963,
669899,0.0008271626384415988,
670198,0.0017436607251488665,
670499,0.0022976878838466045,
670798,0.0021234920911846,
671099,0.001839942610228444,
671398,0.0022319228098297244,
671699,0.001630104166108754,
671998,0.0015398989696988957,
672299,0.0020839815049019106,
672599,0.0031241430477328327,
672898,0.003016405778063093,
673199,0.0022047366616548187,
673498,0.002155472566969571,
673799,0.0018352631860323193,
674098,0.002368088605272469,
674399,0.0022375642420221402,
674698,0.0020004370089538805,
674999,0.5634790027572171,
675299,18.84255522507235,-0.5293473461190246
675598,9.309153870250952,-1.7029935823323101
675899,,
676198,3.8590766290112786,-0.39284104625614136
676499,8.209392204954055,-0.4215166018722929
676798,15.23226446242311,-0.5365861447708946
677099,18.67288689853202,-0.772636137764362
677398,11.24636234605075,-0.8936569354665129
677699,9.604289829793133,-0.4097416941797627
677999,6.9932935274001125,-0.2941535794033101
678298,12.917472645613566,-0.61929474935811
678599,18.25411724481008,-0.633032905363224
678898,1.265516214473541,0.6861941141266861
679199,0.6452225747510283,0.9310294306923492
679498,1.0875717910386336,0.7586187975016833
679799,1.9697285808609974,0.6208653816279217
680098,1.4517010397482428,0.5730206536298783
680399,1.7684844975085747,0.3678315892222094
680699,2.332186374296878,0.09154117398112327
680998,3.4446987287107067,-0.6385881375427065
681299,8.848282357617853,-0.48122561861932134
681598,4.566809765952588,-0.36561508410254095
681899,13.579755742533402,-0.8807433569854954
682198,14.312836921825964,-1.007514219669973
682499,4.059729537473589,-0.15634837083321185
682798,9.27397544142653,-0.7808239204274359
683099,2.7310435151872956,-0.020737912398410385
683399,18.994249960526666,-1.712172906814161
683698,0.0006619425523234143,
683999,0.0006029305160258395,
684298,0.0005667448611794463,
684599,0.0005490949969440355,
684898,0.0008216412645442782,
685199,0.0006121981763202515,
685498,0.00042681710109595026,
685799,0.00020657721803899086,
686099,0.00029294383535132917,
686398,0.00048754874118905704,
686699,0.00023978380861693863,
686998,0.00029852648365808756,
687299,0.0005525292412754286,
687598,,
687899,2.2230291322122238,
688198,12.644044449064593,-0.6148941218663753
688499,,
688799,,
689098,0.000513952988248013,
689399,0.00028740700780876367,
689698,0.00034125956182593404,
689999,,
690298,,
690599,,
690898,,
691199,,
691499,,
691798,,
692099,,
692398,,
692699,,
692998,,
693299,0.001636306263080342,
693598,0.0020194629352452954,
693899,0.799797603720463,
694199,0.4637754269096356,-0.5724237425081069
694498,0.0007921546010942469,
694799,0.0007566456932778232,
695098,0.0013097847837167766,
695399,0.0012425105385010056,
695698,0.002501805545081129,
695999,1.6166147392667947,
696298,2.437016836680378,-0.697400521620156
696599,0.0001800965455721009,
696899,1.2594317955946588,
697198,6.33674752601167,-0.2684027594665188
697499,20.941535191928793,-0.8906350224600554
697798,8.601972011896896,-0.4490327183791578
698099,2.644958814136027,0.029374961239728936
698398,2.5265029531728906,0.09985003264301129
698699,3.385392628307761,-0.08547970567258267
698998,3.3625908370209943,-0.026368662589094205
699299,3.3835556972927026,0.08948335610565039
699599,2.9720122152468953,0.04795312741670488
699898,2.3034382755433995,0.36315218809665617
700199,2.4955167540262524,0.3585215854633832
700498,2.125242925527525,0.5905588519613413
700799,2.8922200860983285,0.4466992023648484
701098,2.7423501308132985,0.41092122938795206
701399,2.861150417723756,0.39500618608477966
701698,4.100556263270043,0.29530551769708935
701999,4.277699056613949,0.25197285888238674
702299,2.642542087634575,0.5377055585767322
702598,4.337643420720435,0.2926886127346411
702899,2.068143123046652,0.5224964500297999
703198,2.982270840075666,0.2699408066046557
703499,1.93496417601424,0.605453627546583
703798,9.069186169747795,-0.20634661195224857
704099,4.662832992113134,0.051109809442322685
704398,4.648584647080579,0.2575125209698582
704699,1.3089430311505377,0.7720260426856699
704999,1.7295630582805162,0.5364105974802639
705298,2.095405109727152,0.3750773100691205
705599,2.1425480549991867,0.2795894128476675
705898,1.9894810325489602,0.36705282237293735
706199,2.270158578495108,0.20576381855795756
706498,1.6924851163114287,0.5014920111029189
706799,2.0923879465923525,0.30742556870128734
707098,1.7363967463128192,0.44464889543612496
707399,1.8948598308478095,0.4045682701386625
707699,2.218881398873536,0.2690071198249202
707998,1.8615775310459317,0.43189980375281245
708299,2.4700599343681686,0.1286655307433915
708598,2.233171832981909,0.1627243030505373
708899,2.0043937992777283,0.21210595158361645
709198,1.7343486327935789,0.37168362148390854
709499,1.896551228181372,0.32007408291429196
709798,1.6193926278713016,0.45187915555891767
710099,1.7371064280168342,0.4178306607202438
710399,2.1907789677516947,0.2033787999545389
710698,1.960111374739378,0.29298179091951093
710999,2.136737832789472,0.24404827805410423
711298,2.0560932815038457,0.33284674941941605
711599,2.4373392721338236,0.14907158485940986
711898,3.366617804402929,-0.012740806310760577
712199,8.307313168981542,-0.25818309373743586
712498,2.515653991230726,0.15502026029866423
712799,2.4854708437759903,0.15196676795742847
713099,2.7408250737393853,0.07967991776388217
713398,2.650586605253979,0.2135053446995182
713699,3.151361286440237,0.044317096245664156
713998,3.0191667318828777,0.07791397791355359
714299,3.2354141122594546,-0.010519790742772761
714598,2.725887233535286,0.14694653204746322
714899,3.1972605469475472,0.025174168628099403
715198,2.878047141135047,0.09084144113415671
715499,2.2676819488123,0.23738498199766445
715799,2.675045303971482,0.1204563275440379
716098,2.4339552007627843,0.16085049183862865
716399,2.9010433159350115,0.10058418038509942
716698,3.8612783695897526,-0.044815026227346566
716999,2.3988039763134443,0.14144879584963932
717298,1.9747682073262713,0.2981616972838588
717599,2.489011636360344,0.21243354202832976
717898,1.7816011928540416,0.43045428602695857
718199,1.7386062773485187,0.41930367676663305
718499,2.3252304680873244,0.26715764424396404
718798,1.9609781490482168,0.37992549763330374
719099,2.2756873005713114,0.2428842429936484
719398,2.933828239320933,0.20641939706203627
719699,8.05014869410378,-0.1760351984303523
719998,12.099315635214587,-0.2660711266354585
720299,4.951683375549464,-0.03676839692124734
720598,38.967688514841306,-0.1973797482652644
720899,1.6858323156465274,0.6906147636798035
721199,1.4444165088439551,0.6964107363883858
721498,0.9846764022179078,0.8258679912902901
721799,1.2279781818970552,0.6342944757501061
722098,1.2478767710289493,0.7886506632377509
722399,5.540646338867209,-0.17385175505764439
722698,1.8023591948482804,0.5821602905125582
722999,2.95959860982582,0.41238947554544936
723298,6.558057712162761,-0.23610080716750925
723599,2.6938836013403087,0.3324711374295337
723899,5.998440374542036,-0.054289025914678435
724198,1.292440166067891,0.7287225375650828
724499,4.389588613115654,-0.15143166750837778
724798,5.673905132677176,-0.1450938334972074
725099,3.3857262759611686,-0.0526005293343057
725398,3.3784758307429867,-0.16350722636419857
725699,3.5732523866629142,-0.196499872374029
725998,6.031201854711885,-0.1715773657106221
726299,3.1859321495252124,-0.17302547123262024
726599,3.321137947295741,-0.286008579191001
726898,2.9485110537965395,-0.1469267274612125
727199,3.192393225167563,-0.20534274877655712
727498,2.716107218277456,-0.06542351214160402
727799,4.006296920290378,-2.040141587798271
728098,,
728399,3.505557867017662,-0.2952684422370335
728698,18.2430649941292,-0.27902923093087106
728999,,
729299,3.0905213192967076,-0.07062870150826872
729598,4.703949657483809,-1.5640260252953917
729899,4.456187692391316,-0.36098394269556544
730198,4.4486487467863824,-1.184711032823703
730499,3.403730171307824,-0.10469335680340563
730798,3.6742706933753664,-0.14148499489768218
731099,3.682265518953731,-0.13060963194910125
731398,3.7696035589455823,-0.15195600710327728
731699,4.1933387193578575,-0.22098960206201212
731999,4.765791884854436,-0.6670859648348626
732298,4.182880583679007,-0.14242031766764773
732599,4.777898294755946,-0.19689201267662293
732898,4.324823623514535,-0.14538544332256165
733199,4.6211130979460595,-0.20817586568951807
733498,5.037031018447164,-0.27527925114789076
733799,4.818168227128326,-0.20258048140077656
734098,4.692559481121782,-0.1734918800638352
734399,4.73000868279566,-0.12136311133397015
734699,5.176620561692332,-0.1717417152074736
734998,5.051253157861752,-0.14876100657234348
735299,5.609152341966276,-0.20823978035856405
735598,5.915539819307883,-0.2169213107041088
735899,6.1695757552545,-0.20714671623245762
736198,6.048582206413041,-0.17626490511257242
736499,6.68470450933717,-0.2607391225322122
736798,6.606503620196109,-0.224356641268332
737099,7.250965940673104,-0.3254521152692105
737399,7.186924814735199,-0.2726878904183796
737698,7.068070122548189,-0.25673979378401923
737999,7.5152027576621645,-0.24879177042763123
738298,7.100708374802497,-0.19979798283584538
738599,7.127508610207095,-0.19758466949401932
738898,6.738979396717371,-0.1588142524724696
739199,6.8409791322011,-0.147596065519906
739498,6.6831324938417955,-0.18490825137043743
739799,6.2938339143435735,-0.14509991307243042
740099,6.502536230759556,-0.1171227267620687
740398,6.726496787045331,-0.3002593814788266
740699,6.714314882885538,-0.18069612770289956
740998,6.766176630020127,-0.3057414565395451
741299,6.904617447287317,-0.19184163189475179
741598,6.867212329940192,-0.36828645662403936
741899,5.847154262528005,-0.012732863450789944
742198,6.744042509447708,-0.3270181964621677
742499,6.4610555402214835,-0.3430460068281884
742799,7.14244764528166,-0.37077285175138974
743098,6.472257445223658,-0.32699607586280366
743399,7.005831510206048,-0.30850163413102694
743698,6.533410290347647,-0.2589367390913815
743999,6.367804178501575,-0.3016595049001156
744298,6.236593515689993,-0.2595797497754724
744599,7.056197920179098,-0.36881234148945663
744898,6.20688586306909,0.09988730281133462
745199,14.152453908897973,-0.4307956527778356
745499,7.638905045703869,-0.14855463682247239
745798,5.81500759038011,-0.08498073496709413
746099,7.30181880961707,-0.2643374417950355
746398,6.193570378147106,-0.21571043316122807
746699,5.168191548861112,-0.08893827992160164
746998,5.037491199904405,-0.18711281514245748
747299,3.413709797074718,-0.12833199675205598
747598,3.3253710314417826,-0.07245657433458397
747899,3.4453817785098737,-0.09537596823317185
748199,3.8059182472190636,-0.19202055423725972
748498,3.620639925461928,-0.08288173471970728
748799,3.8063060744398842,-0.213160400874971
749098,3.0070149055818396,0.16061744195968408
749399,3.619822318812461,-0.10427984424203696
749698,4.296730761839784,-0.2918007435940244
749999,4.4399752407757305,-0.27701430692345475
750298,4.392522605867438,-0.5043906920579826
750599,4.356857112015138,-0.21219442102797714
750899,4.496435243192394,-0.23584582177177404
751198,4.788093311399408,-0.2987157630435169
751499,4.778070748175491,-0.22420618942233306
751798,4.944309210654039,-0.2597585457502023
752099,4.832828311714973,-0.22983375180673993
752398,4.6569497790057355,-0.20822663942388453
752699,4.853420283773817,-0.22532554497792567
752998,4.679796811093304,-0.1547498325229788
753299,5.060267632656387,-0.2550507650059515
753599,5.475667102177591,-0.23843887638733507
753898,4.02185633494227,-0.07535375379410514
754199,4.328892717308993,-0.16207646627915118
754498,4.30374582557318,-0.07319709192263613
754799,4.581968167030897,-0.15245369112282492
755098,3.9954788655650386,-0.0983660429361628
755399,3.471529595636109,-0.010887496688243292
755698,3.588275529977472,0.002736332039053546
755999,3.703207365070405,-0.06662560325325506
756299,3.988589947210585,-0.12473559108276078
756598,3.477882892914744,0.03668310737321645
756899,3.810966571715496,-0.05313173653791803
757198,3.782446556477475,-0.07749636211430544
757499,3.863531919980604,-0.09278956342934741
757798,3.435455890709635,0.03997559080670521
758099,4.168391775715587,-0.08381563933373881
758398,4.642563760419837,-0.14068313903703422
758699,26.380169074107364,-0.5432415674478528
758999,32.104707007750044,-0.5397519076221855
759298,0.675498337887366,-0.27409675103206776
759599,,
759898,0.0018008792028673863,
760199,0.002757269691433921,
760498,0.0034625327221347057,
760799,0.002422128620322731,
761098,0.0017991363277495337,
761399,0.0014857179441679542,
761699,0.0020993065185210256,
761998,0.00199264774407977,
762299,0.002077331223523029,
762598,0.0020919647996829336,
762899,0.0022066608394242693,
763198,0.0018149483484828446,
763499,0.0020049492337958683,
763798,0.001958995765533224,
764099,0.0019776282790056484,
764399,0.0015947844423765372,
764698,0.0013354050393243175,
764999,0.0027959643851320003,
765298,0.001338027369834502,
765599,0.0016582053710832907,
765898,0.0021417435311095437,
766199,0.002060597687704463,
766498,0.004238560057229247,
766799,0.005452317525953219,
767099,0.0028640215721396855,
767398,0.005942597645304195,
767699,0.0012652287302987915,
767998,0.0027729616951974127,
768299,0.003034926890614128,
768598,0.17212282939899654,
768899,1.5754425735833562,0.6218531926598394
769198,7.6664562634546645,-0.028848715295720417
769499,8.785718096019606,-0.59588056868655
769799,6.819444964895099,-0.04557764816246146
770098,7.024449089452631,-0.3227597597211751
770399,5.849177781457404,-0.13594438739767667
770698,5.693735626852906,-0.10216799136563481
770999,19.01343580538712,-0.7403226995329615
771298,11.525142188146425,-0.5646161473007816
771599,33.901991761144494,-1.4901095909919198
771898,,
772199,,
772499,,
772798,,
773099,,
773398,,
773699,0.0012715999021411604,
773998,,
774299,,
774598,,
774899,,
775199,0.0003036670308067165,
775498,0.0003232571800221962,
775799,0.00039493485624916613,
776098,0.0003166416975023344,
776399,0.0003033041066456816,
776698,0.00026804854292116913,
776999,0.0005091685826463815,
777298,0.0003705552917910892,
777599,0.00017031729190358644,
777899,0.000683407478218454,
778198,0.0003304815496394345,
778499,0.00023753431399430112,
778798,0.00030688892659959193,
779099,0.0006940780058122362,
779398,0.0005554724430959166,
779699,0.00048530642928610104,
779998,0.0003473743423569476,
780299,0.0005009704012211916,
780599,0.0007571181338243296,
780898,0.0005523783220057691,
781199,0.000704453696795685,
781498,0.0006412723348592926,
781799,0.0004620438279694138,
782098,0.00047059547090006225,
782399,0.0009332807283569959,
782698,0.0009783455749820767,
782999,0.0017070629737753415,
783299,0.0005369067417764229,
783598,0.00028228414546770965,
783899,0.000480935716898167,
784198,0.000365413967418371,
784499,0.00043199216281730225,
784798,0.0006054897769332521,
785099,0.0015570285951126705,
785398,0.001871952986797173,
785699,0.0011393179634409053,
785999,0.0007483598832005859,
786298,0.00028596206753962446,
786599,0.00030033494503781696,
786898,0.0002935131567429203,
787199,0.0005292990689620846,
787498,0.0005047946963538286,
787799,0.0007772271505395906,
788098,0.000418391963200446,
788399,0.0005678857623815651,
788699,0.002601230361583782,
788998,0.0027651467499875634,
789299,0.0026688659807059542,
789598,0.002233742102220881,
789899,0.16732836519707572,
790198,2.172330560121391,-0.26390550730837425
790499,4.258667499577511,0.030351421884780683
790798,1.7891449599208005,0.7472982044517889
791099,1.8891944707961206,0.6950146450884993
791399,1.7103227710379492,0.6273545162616232
791698,2.242835378218398,0.6723608239199543
791999,4.702031723269304,-0.1834026916217435
792298,2.8574914373464946,0.3563648003687159
792599,5.155621345437629,0.0007032468207218701
792898,2.6702742067438816,0.36022986285946434
793199,2.664468610077365,0.37835248219170725
793498,4.177951841232532,-0.029318220808957962
793799,4.446457933905207,-0.2570117851873108
794099,5.313422276825167,-0.24113928880662594
794398,3.6459806222677966,-0.09061796335510386
794699,3.6712756576661048,-0.08048214407365073
794998,3.799581036191635,-0.11745053080427836
795299,4.347711060370218,-0.2090322316348714
795598,3.5761166258629253,-0.02852760221592132
795899,4.288246255777373,-0.14695217461993004
796198,3.2591628639040153,0.06746348188653761
796499,3.828763918465336,-0.11703643345703685
796799,4.437274057250607,-0.13463233959155185
797098,39.89034870743311,-0.33677363236747104
797399,6.084623602500087,-0.1760137074347814
797698,5.779602741533697,-0.14983859691799006
797999,6.103086554113601,-0.18693511162945864
798298,6.3971167440529575,-0.15098029383158806
798599,3.1834313815020536,-0.07548766672864371
798898,3.2231589541480585,-0.06443945385436423
799199,3.4876141667256744,-0.08165405388433578
799499,3.6964658248093727,-0.08261046276596185
799798,3.449128793340927,0.021740866915348933
800099,4.063933181518561,-0.07081873314769549
800398,3.663069199185471,-0.03806121560827713
800699,4.395127974183137,-0.16719668610483795
800998,4.134598639817465,-0.04443287977918042
801299,4.521592399147546,-0.07921587630823401
801598,4.260079637833579,-0.08290545934792481
801899,4.4933564107661175,-0.10879740733602628
802199,4.659368757304588,-0.11574976470315379
802498,5.469342573571472,-0.23862315235336062
802799,4.524365915083552,-0.15425983170837343
803098,3.979908838508882,-0.15823332449885452
803399,3.328640509114334,-0.0639932931811018
803698,3.1966609537021196,0.0453176805812443
803999,2.928051689811964,0.10747272888412096
804298,2.8927854525726384,0.1718365556530409
804599,3.3995977562611674,0.060879548859283816
804899,3.969922242239964,-0.06160652646774567
805198,4.526807869684972,-0.10227313193842602
805499,4.644320046031566,-0.16940861020139497
805798,14.150675617638422,-0.40284221295191025
806099,97.93044274447105,-0.4529466192064746
806398,52.22203423304519,-0.449249765735519
806699,1.1074606147004116,
806998,0.8185825419347765,-0.6417903993132266
807299,0.00188848164797847,
807599,0.0018233043097436853,
807898,0.0023256926800253076,
808199,0.0025178678819084586,
808498,0.0016855747577300005,
808799,0.002002775435211535,
809098,0.0020414749581626635,
809399,0.0017641348046459372,
809698,0.0017720091875388767,
809999,0.0020690373643101104,
810299,0.0021477319119249504,
810598,0.0012404053093646933,
810899,0.001596238195743222,
811198,0.0015367036793393384,
811499,0.0017643953702958558,
811798,0.0018971143895449626,
812099,0.0012234511311428097,
812398,0.0036677636730357843,
812699,0.22204085861594075,
812999,10.131314362846581,-0.4725610830846654
813298,8.386519880941524,-0.40831240469244157
813599,8.292249842421022,-0.3183696544295722
813898,4.007961875124759,-0.2102976959350531
814199,2.8961425240210126,0.3497875228813455
814498,4.556836693450372,0.0228257920640752
814799,3.325428238729674,0.2802043925829414
815098,3.7350659374718274,0.06769598004109789
815399,4.6118374026160796,-0.1519005001900091
815699,7.595734484636798,-0.29237292598389186
815998,5.239448502942897,-0.3742860787132287
816299,5.094676475561838,-0.31580236787569915
816598,6.469158613917518,-0.6050265027059245
816899,8.492264619400803,-0.9746753844621687
817198,6.7842834462577,-0.6312675129837215
817499,6.484569127761294,-0.6474766129851313
817798,,
818099,,
818399,10.672757662239958,-0.34409547618202896
818698,5.304463406053627,-0.4195992514646252
818999,,
819298,5.828571324310179,-0.3607366223414923
819599,4.371157864738996,-0.1799515787444781
819898,5.543181107994496,-0.5059899596975985
820199,7.875872386833131,-0.511178308879358
820498,7.384942653016997,-0.11563249919931318
820799,5.995645992396224,-0.39311086326353384
821099,27.961480766967938,-0.5094518574560838
821398,18.604104257412597,-0.527139520240365
821699,35.244621998293304,-0.5431689958558421
821998,4.889537837220249,-0.19101038304489304
822299,5.024477106427572,-0.20355415044244252
822598,7.004384253738933,-0.5779680237600882
822899,6.576557635558739,-0.22750452182128011
823198,10.88478479805745,-0.28551104623331636
823499,12.30194780460888,-0.24675491307285435
823799,26.97819162145716,-0.4358123532723859
824098,28.870905159675104,-0.4350960161087596
824399,19.31099230312212,-0.43785449638497975
824698,17.013510567622735,-0.3839341296231067
824999,15.674376726947218,-0.35610004482292035
825298,15.954428914027595,-0.3134949507532956
825599,18.21193194438841,-0.32866860125312103
825898,55.35981380987059,-0.6229630821264864
826199,68.65526697500002,-0.5760748262353006
826499,60.71046080985824,-0.5883135275900004
826798,94.94811526619475,-0.45701122103705716
827099,111.95608973232386,-0.42732901184736205
827398,127.25370949320829,-0.494835728587528
827699,101.486065423803,-0.5232412597927305
827998,116.46143469248419,-0.4920066081720178
828299,95.67482885102429,-0.5033948788677856
828598,79.12348451391307,-0.4344260626528491
828899,101.97133341621046,-0.5753914742438377
829199,68.99243038270006,-0.4943052344948178
829498,29.706757082076553,-0.38974146429993484
829799,53.98969920830392,-0.6022945945156442
830098,52.69375125135966,-0.5303410331168492
830399,65.5282194899863,-0.44512959729380697
830698,55.80227349136986,-0.45856593200124895
830999,60.025207813171136,-0.5001805202540086
831298,67.7025549196945,-0.42561525927729726
831599,50.12420284092679,-0.464583587616761
831899,62.72742504954343,-0.47159261189124035
832198,45.42638094372899,-0.5038566303222758
832499,40.59176558531894,-0.46672193803080564
832798,47.253836569250176,-0.4138496425946965
833099,45.05217006727655,-0.41672251895528967
833398,32.95828849822536,-0.4889190242154271
833699,0.0059810192232707645,
833998,0.02486891068737216,
834299,0.005026656684956835,
834599,0.024422323731453408,
834898,0.014158059244230518,
835199,0.009510315001345313,
835498,0.34861074456086016,
835799,10.451466802798276,-0.2784887836603023
836098,11.454375072249032,-0.15256877336502894
836399,10.123830859283988,-0.15138101738483933
836698,9.513500704752325,-0.1936496670559551
836999,8.325056323799972,-0.1647047454691195
837299,7.417482489661189,-0.1857101749725376
837598,7.18733186879278,-0.18726038605698858
837899,8.073144358907506,-0.25725632932146536
838198,6.385251314364696,-0.29891005606929144
838499,5.9041823869582934,-0.2850004752756996
838798,5.524716723539132,-0.235327995410346
839099,5.8290209903417045,-0.32005228220185034
839398,5.554025419638588,-0.25423031667747353
839699,5.771682936200295,-0.2797694165865472
839999,6.095299805082035,-0.33079938313089974
840298,5.115742982795407,-0.09174099380919509
840599,5.825260211291266,-0.2590027539635116
840898,5.7737746159365475,-0.20369526736733623
841199,5.9842244359171755,-0.20753713703978982
841498,5.916983498587452,-0.2473985578221598
841799,6.978069113666823,-0.3479221400956165
842098,8.893617455334514,-0.29722877614754517
842399,7.436427544370744,-0.2821616008222183
842699,7.324841185543444,-0.3131448974282882
842998,12.006972852109582,-0.34156748147216853
843299,10.328973104889103,-0.7397033119481884
843598,1.254398916520373,
843899,,
844198,2.789957302139996,-4.082674771859575
844499,8.897290356484818,-0.3082015314393811
844798,8.748725763375148,-0.3000077727250019
845099,8.946158935976644,-0.2946649838423756
845399,9.761593072576602,-0.3101216339680932
845698,11.062044960875566,-0.3172651665418542
845999,19.052493937076846,-0.2530965403145571
846298,23.3621193032996,-0.16456677912198092
846599,36.31467010281935,-0.19900489090046602
846898,58.495128656226974,-0.24660529061994296
847199,70.95468794784531,-0.2571938663872628
847498,1.7852768456241601,-0.23876545130192905
847799,0.0033593710172975227,
848099,,
848398,,
848699,,
848998,9.197020363563322,-0.4464736931852249
849299,0.0013692050516385156,
849598,0.0015387203721974648,
849899,0.0017689036370760593,
850198,0.0019603298679018717,
850499,0.0018986047443422596,
850799,0.0020274579644073364,
851098,0.002006793984832537,
851399,0.002534673807048737,
851698,0.002644801336896266,
851999,0.0022124707677532674,
852298,0.0029333106144064968,
852599,0.0019028981790758421,
852898,0.001400753023899711,
853199,0.001991761023841956,
853499,0.001465343864437701,
853798,0.00166443400813901,
854099,0.0015738923314524997,
854398,0.0019787596785469873,
854699,0.002252012710525048,
854998,0.00163358482589944,
855299,0.0033128614261669982,
855598,0.004724537690035124,
855899,0.009087572683455274,
856199,0.001439911319653194,
856498,0.004189855494085192,
856799,0.004306252632604676,
857098,0.0019944875988151364,
857399,0.0021834703647553503,
857698,0.0017110124329725617,
857999,1.870752853484804,
858298,18.558566110707876,-0.4508284876254245
858599,9.546580722321009,-0.49888588155097957
858899,22.219966997835748,-0.5968562444964574
859198,21.8433496367298,-0.9031406507571837
859499,,
859798,0.6770759288091075,-1.247012386848481
860099,,
860398,,
860699,0.8463339287632017,-1.5604893426103308
860998,,
861299,,
861599,,
861898,21.667241678931884,-1.0548084174980663
862199,16.299057361994844,-1.2239272576419586
862498,13.618936706297283,-1.0540587067413254
862799,,
863098,,
863399,23.809013227880406,-1.2151094975748693
863698,0.0011375105258915842,
863999,0.0015716505899829405,
864299,,
864598,0.0011478182518249677,
864899,0.0004934980926388226,
865198,0.00039249488585878754,
865499,0.00035309471799038896,
865798,0.00038138628274773364,
866099,0.00029818023872219495,
866398,0.0003867626407877764,
866699,0.0009337598144409505,
866999,0.0010047262492334195,
867298,0.0009888894282234198,
867599,0.0011053326107482615,
867898,0.0008815175817590856,
868199,0.0009111168935232203,
868498,0.0010348904565151637,
868799,0.0005129100051373963,
869098,0.0008540430644933268,
869399,0.0005924097069067972,
869699,0.0004017714280819248,
869998,0.00029956105859799755,
870299,0.00031329167180954196,
870598,0.00021335898726946402,
870899,0.00033486886211707607,
871198,0.0005254078482533771,
871499,0.0008693321924197837,
871798,0.0005675106534159626,
872099,0.0005720923912513518,
872399,0.0009082404196271773,
872698,0.00046933569425873273,
872999,0.0007242066341824013,
873298,0.0006725909098335182,
873599,0.0005251878297880102,
873898,0.000677402967060309,
874199,0.0005032134004945976,
874498,0.0010718733734337918,
874799,0.0002253393419883623,
875099,0.0004205171264962813,
875398,0.0006282270620372531,
875699,0.0005493775966508127,
875998,0.0007433348998637527,
876299,0.0005411641400912921,
876598,0.0005744366009724062,
876899,0.000531219952661901,
877198,0.0013679664025851356,
877499,1.6128962860343843,
877799,4.972141762810089,-0.14227392777112824
878098,6.195001444736562,-0.2554326856390694
878399,5.881528788968329,-0.23351577215864006
878698,6.29168253099555,-0.25194913102204897
878999,6.081454299830705,-0.2176310199725049
879298,6.201450301129621,-0.4038645573744053
879599,6.028312962024039,-0.3242745787373149
879898,5.465540769231009,0.1445047978187225
880199,4.012027527309365,0.2073840922941227
880499,2.5422900938042092,0.5185160941186729
880798,3.162314792091147,0.2998712026383292
881099,2.981257887793024,0.4800837926149851
881398,3.821757295510091,0.09474226005649755
881699,4.879506975161083,0.14026432147265544
881998,7.89896179381458,-0.1322095537864778
882299,2.7604742583981423,0.43372058366956123
882598,3.016448795821755,0.23015525188131347
882899,3.3909685374276313,0.17225678639912534
883199,4.083778427166498,-0.016541630354597325
883498,5.035002894948821,-0.12758885882026316
883799,7.085587680980394,-0.33814800963294234
884098,8.881234761475001,-0.2826636053614635
884399,4.963633704053348,-0.2657566061896377
884698,7.671538098235577,-0.3225470321174375
884999,6.708879013126602,-0.13998004132990682
885298,6.9929086977309245,-0.2503638703866409
885599,7.345605468087854,-0.22773942700350158
885899,6.812496196008812,-0.13527168012253665
886198,7.230827793779898,-0.3531504991397052
886499,7.196793665592086,-0.3459791352468726
886798,7.19082355909048,-0.31764740809336756
887099,7.314663840503654,-0.24261375456754664
887398,7.2913216300940995,-0.3051704317750321
887699,7.593011254179676,-0.361780003066249
887998,8.59965555202077,-0.2298279816232569
888299,9.41952398234015,-0.30856809968127075
888599,11.630638873969307,-0.3423695250669545
888898,7.172732990612577,-0.45480040850052283
889199,6.376919170929638,-0.3694646339714247
889498,7.088740529346197,-0.2700366862355783
889799,7.3712588440636,-0.2656432010249661
890098,7.635975725398026,-0.3046678426939806
890399,8.034133289477978,-0.3072038757899027
890698,7.977548070643871,-0.22440865294951973
890999,8.929368896820451,-0.31076916236711716
891299,8.974868802897454,-0.41113428118628703
891598,7.828943688727275,-0.25045060655224227
891899,10.09647474971954,-0.2467091674546511
892198,8.057523046946793,-0.40104810122386114
892499,9.426974494568155,-0.5389456786556837
892798,9.453305339211035,-0.45650105724628065
893099,11.11499388266886,-0.4980636223334802
893398,9.80251214105478,-0.4835741374890934
893699,8.232572417706713,-0.4048358797730258
893999,10.481433784620691,-0.4824011714948724
894298,9.91799316306046,-0.4381548002952833
894599,7.804109622923148,-0.34252616752158405
894898,7.713601970263006,-0.34476055911207193
895199,7.713069242423335,-0.41610281235330815
895498,8.09914692846532,-0.3564107726201511
895799,9.28713930417069,-0.33150728986099387
896098,9.39840923097326,-0.3702463570303536
896399,9.895925654643195,-0.4320328170584269
896699,9.848063170069036,-0.20238445520371418
896998,8.561971422941294,-0.3951064461154554
897299,12.484946379499279,-0.5062309796152697
897598,10.844631597205447,-0.38618310770537967
897899,12.974080756597282,-0.42953120917336585
898198,12.82466586367496,-0.3910748957558501
898499,10.946813270000357,-0.3632452366727388
898798,41.062907556333,-0.42531484479231585
899099,54.104062602370725,-0.5377600636912654
899399,38.17439092376745,-0.5244072100753225
899698,,
899999,0.0018072653037279494,
900298,0.0018573602980185015,
900599,0.0020727847421158907,
900898,0.0015210448039015489,
901199,0.002051085084978691,
901498,0.0014810453128688635,
901799,0.0012034251652525841,
902099,0.21536744676720174,
902398,2.696489642887127,0.25751858116113513
902699,11.182526399720134,-0.49940564698594336
902998,18.942400593985873,-0.5385738050651343
903299,23.373016958284953,-0.6697384733552236
903598,9.305573179135006,-0.3155952005864182
903899,9.002278691257679,-0.44497696408151244
904198,6.950476543955482,-0.25879287374302207
904499,6.4347541342342955,-0.16125333418458032
904799,7.2706859856552155,-0.29991125578347155
905098,5.072270433442828,-0.33898035189896025
905399,8.84796657268259,-0.40912669353075604
905698,8.747293594185875,-0.29607578295707193
905999,6.79783097046446,-0.45102794954575165
906298,7.645097600676128,-0.3787557385334235
906599,7.825014678395105,-0.7441588645451305
906898,11.57312302904288,-0.6323464094682603
907199,13.311490366429004,-2.975952272441222
907499,8.149215553785426,-0.2079896757814721
907798,14.507608585253102,-2.1570380161753744
908099,11.099762750602643,-0.6577700729198819
908398,19.889587193438345,-0.5426850613812422
908699,39.21371162022902,-0.6903416394197124
908998,11.950931284716992,-0.47890986689135073
909299,,
909598,8.47240856563801,-0.6700144138395157
909899,22.557643051944247,-0.39232485893184244
910199,5.095439990485169,-0.27585241054695997
910498,10.521863880648311,-0.5446682949021102
910799,6.327543963785257,-0.48570168492347676
911098,10.549804387586278,-0.39613003171048233
911399,20.84326287891419,-0.742891947267061
911698,27.8876742645494,-1.0554895523458403
911999,5.563495026031777,-0.3139134424932102
912298,5.57558333949637,-0.2608576450436746
912599,6.014724550239511,-0.21080300440720134
912899,7.39977991799044,-0.4412570348388454
913198,7.2182550816985644,-0.25308699205039353
913499,8.276365845982543,-0.24085615925616732
913798,7.378450515232639,-0.22439380966941203
914099,6.646578048734694,-0.17828421741885903
914398,7.195293971301926,-0.1566833226363964
914699,7.929897174145078,-0.18025764227117524
914998,8.882673106388518,-0.1826267600317124
915299,9.122870170282859,-0.1783401664227271
915599,9.588487595804628,-0.19478418231616645
915898,10.284642175239581,-0.21059871646054606
916199,11.002705255168637,-0.2009492065599614
916498,9.842504181815938,-0.18459476201611125
916799,9.646462208937981,-0.18683353433522032
917098,9.878469123219851,-0.1829891206312193
917399,10.3588581523138,-0.19015557769100333
917698,10.75805634871839,-0.20156738893152037
917999,10.688948380773864,-0.17081868367422492
918299,11.60116802909647,-0.17652775591287928
918598,13.789043241419735,-0.17451538401454902
918899,13.886411058044864,-0.188842066232205
919198,15.53276885893083,-0.44356814452088855
919499,12.612145894683039,-0.29473739993238124
919798,14.089706904026752,-0.3521884491587495
920099,13.752971549512221,-0.3228943458131066
920398,15.083563041823611,-0.32247172671125246
920699,15.411396483372638,-0.2541292657030203
920999,20.112811609907673,-0.3953670263250366
921298,17.758849125800104,-0.40912311167378945
921599,17.71889856952391,-0.310745628462751
921898,21.771245577549575,-0.4346753212658421
922199,,
922498,11.626289196414568,-0.2411865025206159
922799,2.4620866264118186,0.36937647234721693
923098,1.714042642442427,-0.6664129494726598
923399,0.0014917759875263527,
923699,0.0017636217588102804,
923998,0.0021082544596033263,
924299,0.0026293130026797417,
924598,0.008724480002998972,
924899,0.004807862129519327,
925198,,
925499,0.001759202220290332,
925798,,
926099,51.01541713293298,-0.25243601953021066
926399,57.21474063442253,-0.1774357277001637
926698,3.875957203316502,-0.36415318663123086
926999,3.896515251719668,0.00151763996728993
927298,4.318202215319434,-0.17258633204036666
927599,4.937263559588918,-0.04411803081098098
927898,4.70190548580182,-0.1886842806117459
928199,4.687131737407602,-0.15998256331817307
928498,4.773866792102904,-0.17378454841512325
928799,4.581634554808525,-0.1744277297785295
929099,4.29096793912728,0.03065075226327163
929398,4.865614727457929,-0.2507945437997581
929699,6.081415788624879,-0.25595988571554296
929998,17.7275386728785,-0.27613079024964327
930299,5.034673382951734,-0.2534903722272688
930598,5.401991570361297,-0.35025371440209496
930899,5.857283593495304,-0.3961454617073117
931198,5.9573259887676375,-0.3655939371148431
931499,5.647916873633026,-0.1978348146269524
931799,7.134053723598269,-0.4241551376216228
932098,6.7316219672446405,-0.48687189270619036
932399,6.286120070473227,-0.3791307130283086
932698,5.981472961833129,-0.3518162042481914
932999,6.346329056605915,-0.4334619037392866
933298,6.587526287895973,-0.39441661069423817
933599,6.217753154176429,-0.30311366666492745
933898,6.435666594942394,-0.3707039001832062
934199,6.151788839939874,-0.2476342495926811
934499,6.820835009780142,-0.31351844430813114
934798,7.2295630114226235,-0.3365488649076762
935099,7.725109106780696,-0.31101684259142925
935398,8.015657079001391,-0.3427559614142963
935699,8.598587486529171,-0.3219848546566437
935998,8.970328200590433,-0.3208044444225484
936299,9.897412395492427,-0.36250088276703063
936598,10.168993931827156,-0.2956477612320718
936899,11.335960576508732,-0.38570209935850785
937199,11.971977840896916,-0.3641501085388503
937498,27.009185384988303,-0.49554356667106303
937799,10.906917476122603,-0.47885947913221805
938098,28.70935797797074,-0.31464863561135137
938399,36.55855950562565,-0.4069557493924023
938698,43.489026976867166,-0.47022019888034694
938999,37.19826749982031,-0.5463313404029151
939298,0.004010983518142916,
939599,0.005026042929166866,
939899,0.0039047379618031485,
940198,0.003838537542747689,
940499,0.003829409995907385,
940798,0.003926344405453214,
941099,0.003201872422437124,
941398,0.0031119081151940284,
941699,0.003096271203729522,
941998,0.0037038691231698123,
942299,0.002866327113692407,
942599,0.004178893195321195,
942898,0.002920941674501562,
943199,0.002854625446238628,
943498,0.002618623140661787,
943799,0.002749578267281783,
944098,0.0026325279088475085,
944399,0.004577678782088679,
944698,0.0032484507036784306,
944999,0.005920258562602706,
945299,0.003653613271594065,
945598,0.16090487808965573,
945899,6.750970005944044,-0.47206273503675766
946198,5.856631794455361,-0.051035477051672995
946499,3.8420696968950825,0.31461890073776544
946798,3.8496429369885368,0.15519643160237862
947099,5.66112153075866,-0.2721869386232205
947398,5.949779013502308,-0.41481730931357497
947699,4.02957233726521,-0.11282103765512308
947999,4.865066481179423,-0.29452486299648983
948298,11.298872801673534,-0.5909981616707669
948599,22.94541530198883,-0.5899230184298965
948898,24.416108409536953,-0.5970168180519249
949199,16.701018331211046,-0.5606950754867224
949498,12.019714969897894,-0.7912604868903617
949799,2.6656460439282643,-1.8352267762055767
950098,12.07745411730181,-1.1327403805497651
950399,0.0016075554868569533,
950699,2.0277202633926144,
950998,15.091244728136607,-0.9062524801987608
951299,13.218501642998268,-8.56796334688739
951598,5.81763763891331,-0.353259147887524
951899,12.441158152041043,-0.3639437379194883
952198,9.65198193297061,-0.4037043869564696
952499,1.9167476127344731,-0.1226181947750955
952798,5.0330692253506975,-0.5329295021701113
953099,1.295631527835993,-0.7960611008087097
953399,0.0021380044679116944,
953698,0.0014268532513556425,
953999,0.0007940699146384901,
954298,0.0023032787380911092,
954599,0.0015035184756776725,
954898,0.0008452462319314268,
955199,0.001288748958146572,
955498,0.0009904069378746333,
955799,0.0019949550731222653,
956099,0.0014016390907557721,
956398,0.0009724500399149941,
956699,0.000670739006913575,
956998,0.0012037625905403455,
957299,0.0009750068529010109,
957598,0.0018915181450879083,
957899,0.0010835072542837495,
958198,0.0011104870754586737,
958499,0.0010061049052810156,
958799,0.0008607334083594455,
959098,0.00037877013731356466,
959399,0.000250659286153314,
959698,0.00030389982026816833,
959999,0.0006952547714432641,
960298,0.0004382446833462131,
960599,0.0007053866884449282,
960898,0.0003057667851348485,
961199,0.00012753160651775446,
961499,0.00019711050091405277,
961798,0.0006543391177824896,
962099,0.0017405600514998705,
962398,0.0005589786876418986,
962699,0.000698630925207263,
962998,0.0007961921753023704,
963299,0.00047784506503741823,
963598,0.0012429118191780936,
963899,0.0011824771776381966,
964199,0.0009647196779566442,
964498,0.0019641178858664293,
964799,0.0009219812497359545,
965098,1.6759416729790328,
965399,11.436950524864578,-0.2578510697881482
965698,18.086856710206725,-0.40877293917900004
965999,4.972776577594817,-0.15403216931543162
966298,5.063698226897429,-0.1526065017441962
966599,4.550462260351442,-0.0514093711850363
966899,5.330375886667057,-0.16147781736733924
967198,5.342662522996017,-0.13815044094040818
967499,5.482348015721065,-0.15606072544566563
967798,5.531720231361616,-0.1613115397876057
968099,5.7660948959875,-0.16056916729190163
968398,5.189650220183527,-0.07014865706976647
968699,5.003434878170437,-0.0809242588611907
968998,5.343397712235493,-0.2438198105294287
969299,5.102784178946408,0.14793884251930378
969599,6.612154481825183,-0.21042647445850338
969898,3.6749204822096626,0.3133682417389996
970199,5.018409490401668,-0.16117227935099665
970498,4.411110454585312,-0.08933313706368962
970799,3.371724084037554,0.33458042027352075
971098,4.351516766888405,-0.08204208255019596
971399,4.677952732514675,-0.11307947477747593
971698,3.977891496536807,0.22108041200855266
971999,4.837476727007658,-0.2180809580686196
972299,4.492483204552862,0.007240353477067973
972598,4.819503394191653,-0.20542050267670486
972899,4.391965929328835,0.05082320315219313
973198,4.705036150635539,-0.06662060747678589
973499,4.990666805984579,-0.028194084619032056
973798,4.923384705318064,-0.035903875943446906
974099,5.221981779045119,-0.07998030537040157
974398,5.4325535626699875,-0.19727840907033922
974699,4.22007907328195,-0.009993116940838931
974999,6.114466867668502,-0.3589583476388869
975298,4.748394295476808,-0.12537756612313777
975599,5.077794560113491,-0.17678000645105563
975898,5.252447324137729,-0.22351839849464983
976199,5.8066275973163535,-0.28449507976359567
976498,5.809256708111762,-0.250031409425171
976799,5.708615518887354,-0.2614463411323036
977098,5.944424047076069,-0.2666234216626324
977399,6.1092335541413485,-0.2764785069954967
977699,11.101090665650888,-0.4314515325748549
977998,24.175902954426785,-0.27646042598800213
978299,17.23549762190469,-0.34000993118923883
978598,69.7718861070362,-0.3201669900644257
978899,25.081005806902496,-0.37354762065092406
979198,6.6876002326781405,-0.259063903156211
979499,5.8242117697701445,-0.2625365591886242
979798,6.018926874257102,-0.27245294306674217
980099,6.459458634659749,-0.2791520879088707
980399,6.896191270199481,-0.319057886911311
980698,7.1672772831011855,-0.32020407242455984
980999,7.950579987046049,-0.3670546052321726
981298,8.196631789226776,-0.37815932038456146
981599,8.784708980177424,-0.36115100724641724
981898,9.154083950468749,-0.3594331349163187
982199,9.202472696117827,-0.38195852929068974
982498,9.108861949708434,-0.39136907334736826
982799,8.99466544044082,-0.31856189138996927
983099,21.35300292519948,-0.4031649021397137
983398,7.850515492340226,-0.29419077505139635
983699,7.5699641160954,-0.3425589418745909
983998,8.112627534238058,-0.3322845221604913
984299,8.971139690084565,-0.3429905147253054
984598,9.640759773606492,-0.3346034988953548
984899,10.258339528080834,-0.3637756678997581
985198,10.72724650518516,-0.33371278013806127
985499,11.320788107106857,-0.3206307927211407
985799,12.308135359364016,-0.3881706625398731
986098,12.676554078019622,-0.3747881532731263
986399,13.9603213680942,-0.37966464890849205
986698,16.20168478110226,-0.4295197168647915
986999,17.31731284664297,-0.4176988915783746
987298,15.561644926785627,-0.3603455847000314
987599,15.593899210473714,-0.32438887751225853
987898,26.496863009785827,-0.4672489946790741
988199,36.50677768570277,-0.5469508166764516
988499,37.24980062376467,-0.586842901900825
988798,27.037135821541487,-0.5588206139067673
989099,1.4206925848877165,-0.9370543680168404
989398,0.0022463686131374253,
989699,0.0017741235436816518,
989998,0.001970237108127382,
990299,0.0022117135783564596,
990598,0.0016663655367492286,
990899,0.002098213782269955,
991199,0.002251598757097854,
991498,0.0019281059143274148,
991799,0.00133798354900988,
992098,0.0013417920143874106,
992399,0.6404849150171387,
992698,18.179313223168347,-0.7590148415261524
992999,15.64371319248018,-0.6880287108899388
993298,9.382692786500636,-0.17182299405681234
993599,20.804851475093827,-0.6245744544191536
993899,9.809843612786935,-0.17144926065404031
994198,10.351080740446072,-0.2326462898779873
994499,14.91502119215468,-0.4738100719751972
994798,12.056077644087996,-0.3641727942305728
995099,10.092143903342295,-0.38581328195073605
995398,9.080771649344804,-0.15418265077998217
995699,12.150556857979565,-0.3391866418745513
995998,9.014216288668997,-0.27048240175256244
996299,7.885181480538573,-0.22851150896729688
996599,8.286944982229876,-0.441744122780763
996898,7.704354311050456,-0.35452903083740495
997199,6.840272173073527,-0.38236694526603676
997498,9.271923024244137,-0.39586691070267754
997799,14.923116802645362,-1.0604307181465016
998098,14.838870374777002,-0.7546018934036249
998399,13.017642927906373,-0.5608560860989402
998698,16.407385592568538,-0.5959709827785244
998999,28.925492647932533,-1.096904880261568
999299,,
999598,12.648520367885867,-0.6665196812450866
999899,31.158321326501834,-0.6330009735606557
1000198,16.460732371608948,-0.6434203847936346
1000499,24.59452814977196,-0.7626691356347586
1000798,,
1001099,22.165532198004527,-0.613780979047186
1001398,18.48688377947711,-0.5632162575044357
1001699,31.482309790874897,-1.9715320293006764
1001999,36.18566119996131,-0.864987242906861
1002298,3.7693939621991444,-0.16218995792756496
1002599,19.15214179084687,-0.7291388909646697
1002898,3.739681116840851,-0.30621184145334857
1003199,3.128111905810498,-0.8172316071866852
1003498,,
1003799,13.661490912397726,-0.43241011909323057
1004098,26.16185495793993,-0.7339742140183669
1004399,,
1004699,0.0008344845737262249,
1004998,3.916609984509963,
1005299,27.445779314239847,-0.6562185681177797
1005598,28.54758120577891,-0.47041161563701106
1005899,20.85436165074526,-0.5243709015842049
1006198,16.133048316532538,-0.3424912786853509
1006499,17.52856149058228,-0.37323971734050776
1006798,17.274930251717063,-0.3893360371289749
1007099,18.30452484272621,-0.35732813929803364
1007399,18.282914709022375,-0.32282251459589273
1007698,58.44351678976485,-0.38049296062767457
1007999,20.278542177141542,-0.41764948350931896
1008298,45.24707637979615,-0.46588070309661567
1008599,15.374371671721029,-0.26748697115845577
1008898,15.970493239075388,-0.3831312167065637
1009199,30.2624390730866,-0.40453169719909243
1009498,29.782399792926057,-0.4389885266012108
1009799,53.32988777871157,-0.45176551115565267
1010099,35.96209446680021,-0.47950384831430015
1010398,7.382431376397158,-0.5658260105166744
1010699,0.0003142653840226435,
1010998,,
1011299,0.0005395852873107482,
1011598,0.002973306426810806,
1011899,,
1012198,,
1012499,,
1012799,,
1013098,0.0021269121423314894,
1013399,0.0024037110758322764,
1013698,0.0025132059983226022,
1013999,0.0014779124350734036,
1014298,0.002083907733201826,
1014599,0.001630502884959021,
1014898,0.002607665039582761,
1015199,0.0021113985467818576,
1015499,0.005131169341271704,
1015798,0.005600818100142171,
1016099,0.002931112531031297,
1016398,0.0026822801750264,
1016699,0.0029019790389109177,
1016998,0.014998304928808206,
1017299,0.014597844386390772,
1017598,0.015876808399217804,
1017899,0.01748207966149217,
1018199,0.0013005727137028543,
1018498,0.0014015401867155332,
1018799,0.0022792874501698125,
1019098,0.6291308622977624,
1019399,6.170351224031661,-0.5108228805505368
1019698,,
1019999,5.762644590067129,-0.15872468106710214
1020298,6.145361498395629,-0.2273483056441894
1020599,5.928522380799581,-0.22548878485397017
1020899,6.261762219721508,-0.2459650591972442
1021198,6.7086867173386135,-0.3094033431684511
1021499,6.029655226140894,-0.22632779321676422
1021798,6.401794323086339,-0.31611820207059793
1022099,6.57950676317493,-0.262586473437842
1022398,6.843610829591334,-0.3018677528132365
1022699,6.838966541314094,-0.2484139279499109
1022998,7.506955346366319,-0.3643798756810699
1023299,7.952016805413542,-0.4048440382597367
1023599,8.161683679245733,-0.4065131960532329
1023898,9.713636621613624,-0.6287217518720385
1024199,9.199088686984894,-0.41159670206083776
1024498,9.076116792155384,-0.390464283932473
1024799,9.611458515593178,-0.48443585654058463
1025098,9.615972802396753,-0.4505562303061865
1025399,9.625714402540464,-0.41763789098221493
1025698,18.77530466410136,-0.5950162045801881
1025999,15.57540499466642,-0.4931313946074707
1026299,12.797540230770876,-0.5051997760594396
1026598,14.718196946843442,-0.48102765327256036
1026899,16.32433100701871,-0.5199146008299202
1027198,25.204016101547317,-0.30777642105735903
1027499,31.4669518731465,-0.3015825560929637
1027798,43.599232831471575,-0.2736704845973652
1028099,26.03009545251554,-0.35965188774560386
1028398,33.53215645371824,-0.330662556128706
1028699,17.33867000619609,-0.34052077377233037
1028999,22.940145233803054,-0.34177089226320767
1029298,23.86122495500492,-0.35799719478149905
1029599,75.80905875745776,-0.592204644321564
1029898,8.470075831678578,-0.18629608448051904
1030199,9.602192246190192,-0.2946444136429833
1030498,37.7370449713645,-0.48635878970808744
1030799,63.58852694873831,-0.9931509526255315
1031098,0.002030378858421703,
1031399,0.0020030790487987485,
1031699,0.001751866537241625,
1031998,0.0012565858444630934,
1032299,0.001436723130889296,
1032598,0.0014460250088975297,
1032899,0.002241959432155313,
1033198,0.0028393194830402956,
1033499,0.0024251818763225117,
1033798,0.005801657866768003,
1034099,0.003189212084544586,
1034399,0.0036090313505896046,
1034698,0.13272728080039348,
1034999,0.8260462190102866,0.3569567325941553
1035298,27.567021735532688,-0.5163667513114727
1035599,19.054240286715693,-0.4076879252017158
1035898,8.762361273256102,-0.198043340899827
1036199,10.314089111984858,-0.540170019150368
1036498,6.735505899401872,0.08246244534827019
1036799,6.362892489061594,0.07461314128901908
1037099,6.69423943106854,0.022569602972722258
1037398,6.08928643943749,0.10047865676440715
1037699,6.957012517577799,0.036684536978562554
1037998,7.819585336543075,-0.045454232415731655
1038299,6.963104648598632,0.047706952508772216
1038598,9.032995242787027,-0.11427540931560998
1038899,17.0127157538449,-0.4627753740824616
1039198,11.04483937589814,-0.1998497654325313
1039499,29.87137221806601,-0.8094687880552174
1039799,38.47166311927546,-0.8031575360821259
1040098,17.692497011424805,-0.40555234799691053
1040399,30.840521863714155,-0.6663375029809981
1040698,12.34205863530212,-0.22583995038713667
1040999,13.253558167675916,-0.31045894412779296
1041298,18.79811738194212,-0.2853900964079572
1041599,8.147616980649481,-0.02280029273956341
1041898,26.910580129913228,-0.6838514774431304
1042199,10.756132180866933,-0.16435952899382733
1042499,23.593190812981472,-0.505861597140703
1042798,9.595702745046692,-0.07825109468086544
1043099,19.33408356954438,-0.37286991157970495
1043398,8.594018302965887,-0.033167665174062
1043699,8.283778342023679,-0.0034447503208985264
1043998,8.622644146160042,-0.01863967989352
1044299,10.09264313192121,-0.0641221707268329
1044598,9.792672347172706,-0.06292479221680458
1044899,19.251056625512767,-0.4697848519411334
1045199,12.268497695769927,-0.12472376330764723
1045498,13.03393153325604,-0.12953715714205583
1045799,13.09115593057064,-0.11360919846250805
1046098,12.976690097103186,-0.09988450663200554
1046399,13.397952366019926,-0.11423183160153316
1046698,13.617503011730575,-0.11063114223204473
1046999,14.307530093925022,-0.11820092995781173
1047298,14.887968720906425,-0.11702754698810192
1047599,15.027337634497393,-0.11356414027192874
1047899,15.631742097029802,-0.12358163581087078
1048198,15.302357996381652,-0.12271563856988799
1048499,15.789138800115447,-0.12652995657691268
1048798,15.826341201258279,-0.13751463651242624
1049099,16.410718416992765,-0.14114731393389612
1049398,15.72937203365017,-0.12949592607180227
1049699,15.516326648272857,-0.1262980280672399
1049998,15.042988887880325,-0.11217988686547731
1050299,16.083568705680268,-0.13165627785171052
1050599,15.602132969073093,-0.12577085444349656
1050898,16.112998939013597,-0.12943646430260647
1051199,16.77247847000434,-0.13760775821816895
1051498,16.96446254177286,-0.12899172788619828
1051799,16.689869949431888,-0.13385014205225665
1052098,17.206903095423527,-0.16137570704325732
1052399,17.68724105417039,-0.16944927402386956
1052698,17.061742434624016,-0.1521733117699684
1052999,17.19325217882548,-0.15672120580072213
1053299,20.539855397086843,-0.23510738335860393
1053598,16.304572099746782,-0.16077808493048518
1053899,10.616683336594896,-0.06584707240731147
1054198,13.340737619239835,-0.12373779815048258
1054499,13.592087021163444,-0.1239880342482158
1054798,12.835911629198092,-0.09915778002449938
1055099,13.719020413387984,-0.1225554951142187
1055398,11.237784248443463,-0.06414962376254141
1055699,13.953022553443326,-0.1671980815901699
1055999,13.114360311219,-0.12404994721950491
1056298,13.10182146547363,-0.11793725230786811
1056599,12.577618507339293,-0.08211125743127545
1056898,11.864395677246701,-0.05920774871702017
1057199,9.922829511497676,-0.049193980430404904
1057498,10.692452541094001,-0.06865103016099594
1057799,11.46963317200351,-0.12593284808139904
1058098,10.472952486670316,-0.040690676764969735
1058399,9.355334409762982,-0.018958520862414563
1058699,7.157210628133833,0.06332067891203785
1058998,7.697450392049943,0.05190210050136046
1059299,6.2043672107439285,0.10704177209867771
1059598,7.334142688103776,0.08471302048892726
1059899,7.604326211177851,0.07283489384228226
1060198,7.7757106602523045,-0.004446342512340884
1060499,7.197905579050418,0.09668771255246977
1060798,7.522418039383449,0.06630124087323452
1061099,5.151686719142215,0.21346621203306682
1061399,8.345669683855576,0.00920058317296324
1061698,7.640057840934279,0.04473911732682023
1061999,7.229290004697954,0.08335989800614507
1062298,7.0502680263874655,0.08846398848341719
1062599,7.583840486568538,0.02192304964612868
1062898,7.63468808867249,-0.02994950519921824
1063199,7.938206221177121,-0.015997026983281204
1063498,8.35156392947573,-0.027815399248695805
1063799,6.485034380024481,0.137966262726815
1064099,7.527825885302336,0.05442922936913486
1064398,7.190965889603185,0.08043513247189471
1064699,7.169581560054573,0.08620150917210989
1064998,7.120053595723633,0.0671872964880661
1065299,6.580754440348036,0.10744639805443179
1065598,7.078812003836981,0.07310097820687944
1065899,7.603959189792363,0.037784891821828315
1066198,9.322462823355577,-0.040385760107865876
1066499,9.61444465767249,-0.06747378274830318
1066799,19.04537251390397,-0.2825359133028926
1067098,8.832189947343709,-0.019250095027974812
1067399,9.540077973638803,-0.0547597041323995
1067698,9.485179545701303,-0.044073999420059407
1067999,10.570115614678153,-0.068823302099847
1068298,9.940763986121702,-0.04816383540959124
1068599,10.20903185423976,-0.05763878411630663
1068898,14.833413170351767,-0.13833840174979817
1069199,11.174578942563834,-0.09633781273282316
1069499,18.57800756906481,-0.15785724696708847
1069798,13.779599614342505,-0.1356674209628408
1070099,15.003211629370362,-0.17135742381303953
1070398,17.57268398475925,-0.1667902774745038
1070699,14.642914203449063,-0.1676477718337266
1070998,17.439669167078694,-0.19307955290311307
1071299,16.575642860108786,-0.19694720543047683
1071598,24.29746677728592,-0.2461349118230456
1071899,16.960060344157398,-0.20384216182810633
1072199,133.1039202645591,-0.23074574574620565
1072498,93.42702702568175,-0.1893926006923241
1072799,52.85849772233683,-0.2827413636319447
1073098,69.72536429451507,-0.2784148716591528
1073399,91.41534731068174,-0.1973130567779442
1073698,30.924958312056756,-0.17792260282590755
1073999,39.57419101878128,-0.17800466587017194
1074298,69.50317146382525,-0.21766122741027316
1074599,48.309010744769715,-0.19179903295171985
1074899,32.44522690822573,-0.16878004386892353
1075198,3.2774949724247313,
1075499,3.2774949724247313,
1075798,,
1076099,,
1076398,,
1076699,,
1076998,,
1077299,3.2774949724247313,
1077599,3.2774949724247313,
1077898,3.2774949724247313,
1078199,3.2774949724247313,
1078498,3.2774949724247313,
1078799,3.2774949724247313,
1079098,3.2774949724247313,
1079399,3.2774949724247313,
1079698,3.2774949724247313,
1079999,3.2774949724247313,
1080299,3.2774949724247313,
1080598,3.2774949724247313,
1080899,3.2774949724247313,
1081198,3.2774949724247313,
1081499,3.2774949724247313,
1081798,3.2774949724247313,
1082099,3.2774949724247313,
1082398,3.2774949724247313,
1082699,3.2774949724247313,
1082999,3.2774949724247313,
1083298,3.2774949724247313,
1083599,3.2774949724247313,
1083898,3.2774949724247313,
1084199,35.633921616288234,-0.7534624155842728
1084498,19.459967552572955,-0.49782430891103435
1084799,31.41057299993175,-0.7003639742876648
1085098,21.815792704061376,-0.5272514841598532
1085399,14.743684739689806,-0.5522912307087628
1085699,16.094012280324066,-0.5838792524729781
1085998,19.477003357465268,-0.5217770800854511
1086299,14.786065409614618,-0.45207028177331
1086598,13.813783079532397,-0.32064672648035364
1086899,15.560569142633138,-0.4349865823755994
1087198,19.076303631486102,-0.554407766973301
1087499,13.932717670221102,-0.45554051849080435
1087798,17.43111736568055,-0.452558310401322
1088099,15.798112967884245,-0.4250084211415621
1088399,17.989908864756938,-0.5695276914731515
1088698,19.728834297040546,-0.6349577887275342
1088999,21.703886831343784,-0.5909524427020054
1089298,16.550929567836842,-0.5519698900929515
1089599,12.104189088452584,-0.43524435208903145
1089898,17.97787151189703,-0.4752961520794088
1090199,,
1090498,,
1090799,18.53252220759379,-0.4178878939688724
1091099,3.2774949724247313,
1091398,2.8906215239824777,0.2839551317371597
1091699,,
1091998,3.2774949724247313,
1092299,3.2774949724247313,
1092598,3.2774949724247313,
1092899,3.2774949724247313,
1093198,3.2774949724247313,
1093499,3.2774949724247313,
1093799,3.2774949724247313,
1094098,3.2774949724247313,
1094399,3.2774949724247313,
1094698,3.2774949724247313,
1094999,3.2774949724247313,
1095298,3.2774949724247313,
1095599,3.2774949724247313,
1095898,3.2774949724247313,
1096199,3.2774949724247313,
1096499,3.2774949724247313,
1096798,3.2774949724247313,
1097099,3.2774949724247313,
1097398,3.2774949724247313,
1097699,3.2774949724247313,
1097998,3.2774949724247313,
1098299,3.2774949724247313,
1098598,3.2774949724247313,
1098899,3.2774949724247313,
1099199,3.2774949724247313,
1099498,3.2774949724247313,
1099799,3.2774949724247313,
1100098,3.2774949724247313,
1100399,3.2774949724247313,
1100698,3.2774949724247313,
1100999,3.2774949724247313,
1101298,3.2774949724247313,
1101599,3.2774949724247313,
1101899,3.2774949724247313,
1102198,3.2774949724247313,
1102499,3.2774949724247313,
1102798,3.2774949724247313,
1103099,3.2774949724247313,
1103398,3.2774949724247313,
1103699,3.2774949724247313,
1103998,3.2774949724247313,
1104299,3.2774949724247313,
1104599,3.2774949724247313,
1104898,3.2774949724247313,
1105199,3.2774949724247313,
1105498,3.2774949724247313,
1105799,3.2774949724247313,
1106098,3.2774949724247313,
1106399,3.2774949724247313,
1106698,3.2774949724247313,
1106999,3.2774949724247313,
1107299,3.2774949724247313,
1107598,3.2774949724247313,
1107899,3.2774949724247313,
1108198,3.2774949724247313,
1108499,3.2774949724247313,
1108798,3.2774949724247313,
1109099,3.2774949724247313,
1109398,3.2774949724247313,
1109699,3.2774949724247313,
1109999,3.2774949724247313,
1110298,3.2774949724247313,
1110599,3.2774949724247313,
1110898,3.2774949724247313,
1111199,3.2774949724247313,
1111498,3.2774949724247313,
1111799,3.2774949724247313,
1112098,3.2774949724247313,
1112399,3.2774949724247313,
1112699,3.2774949724247313,
1112998,19.199313326279185,-0.31643213619764365
1113299,17.863072748765298,-0.2863895683917177
1113598,16.581728088911134,-0.2602776931003612
1113899,29.56702362196184,-0.6445137535577328
1114198,19.218617085094895,-0.2978994812641298
1114499,19.252434039824067,-0.2932027703324369
1114798,28.31798664980675,-0.40094982573270044
1115099,54.69402842916092,-0.5150654124115057
1115399,77.85038650459148,-0.45774256254626833
1115698,2.3180111905745227,-3.535227938072465
1115999,6.248600212559591,0.11072703849848375
1116298,15.213173589422285,-0.13102392189289436
1116599,10.81716657868306,-0.12414836487987402
1116898,3.2774949724247313,
1117199,3.2774949724247313,
1117498,,
1117799,,
1118099,,
1118398,,
1118699,,
1118998,,
1119299,,
1119598,,
1119899,,
1120198,,
1120499,,
1120799,3.2774949724247313,
1121098,3.2774949724247313,
1121399,3.2774949724247313,
1121698,3.2774949724247313,
1121999,3.2774949724247313,
1122298,3.2774949724247313,
1122599,3.2774949724247313,
1122898,3.2774949724247313,
1123199,3.2774949724247313,
1123499,3.2774949724247313,
1123798,3.2774949724247313,
1124099,3.2774949724247313,
1124398,3.2774949724247313,
1124699,,
1124998,29.421194826353048,-0.517620832905247
1125299,54.039745813518515,-0.7575549529902612
1125598,25.72398138107527,-0.587295129664877
1125899,26.996166703217582,-0.6278118277365794
1126199,19.64469124814351,-0.42173564001495345
1126498,11.056268970941224,-0.19376250196913092
1126799,19.053365010991936,-0.5956028024695885
1127098,7.335654693684201,0.019143232745581162
1127399,7.648304375350869,0.012585887613862035
1127698,11.443414192153172,-0.32075232233801754
1127999,16.08685163628823,-0.41476185812496325
1128298,8.586755341790225,-0.18456218311528105
1128599,12.62020345020953,-0.38513583029348775
1128899,11.942376847781286,-0.2270585268688945
1129198,16.76521390720027,-0.4785350050069326
1129499,7.159987671199469,-0.07115569797832899
1129798,12.157010281732678,-0.3994419582982276
1130099,15.10563259910536,-0.4336990091279591
1130398,11.808994108394714,-0.412487550922912
1130699,5.681110686598085,0.0562914216697562
1130998,11.66404314823499,-0.29925636625660923
1131299,12.759850491236103,-0.314688138304847
1131599,15.013545679098419,-0.449754862768474
1131898,10.427054174670392,-0.20923832854284496
1132199,11.540016318073167,-0.24091308473233553
1132498,15.370359676864622,-0.5007152107480062
1132799,13.997138026149342,-0.41364815348537576
1133098,16.71507472749194,-0.5156690341787222
1133399,15.108836059880824,-0.49269836070432693
1133698,17.740120498123883,-0.4900558783094189
1133999,11.753389785660914,-0.3441021538740905
1134299,6.6507518303087325,-0.1280094440536259
1134598,15.344475658163232,-0.48740677176195746
1134899,25.333441124783608,-0.6873184480927987
1135198,12.731780185760668,-0.24503298296216225
1135499,13.331207717800021,-0.26781015276420783
1135798,13.734435355723633,-0.23818046199779608
1136099,13.187121736626409,-0.2277734249264245
1136398,13.444868072813911,-0.22066770155345639
1136699,16.61087277145048,-0.32967636041216264
1136999,18.490588141212957,-0.3895287644134051
1137298,13.158061836499094,-0.19359238588256056
1137599,14.283659370374096,-0.21782331640471342
1137898,14.296876905594003,-0.2151475730525576
1138199,15.312333296047704,-0.23327441657741188
1138498,15.869560657762982,-0.24176305582410795
1138799,15.71214535725604,-0.2260948177986355
1139098,16.6161027770808,-0.2227595441856567
1139399,17.062438650157116,-0.2244716046542432
1139699,21.065235562441007,-0.3807223289205883
1139998,16.397638941293692,-0.21754907801495293
1140299,23.837840724623877,-0.31609075743673554
1140598,16.839675860286132,-0.2092698958794137
1140899,30.417143368522034,-0.542629504680451
1141198,21.369737036535916,-0.362554460814859
1141499,17.380255707714372,-0.24643299931965745
1141798,17.176012515013877,-0.23512221874499661
1142099,17.08477673279138,-0.21460770497068182
1142399,18.180700449350944,-0.23984253904427555
1142698,18.123967514526875,-0.26633917692314957
1142999,17.017390151792867,-0.26078246302930985
1143298,16.046358979806968,-0.2214705208854404
1143599,39.65185501999425,-0.47067557896855416
1143898,29.707515314077583,-0.5822678000572004
1144199,23.482575605775452,-0.42868827523732667
1144498,15.207454489931962,-0.1992353454774527
1144799,14.983367697980363,-0.22702640252320627
1145099,16.68179667505002,-0.24132524333700545
1145398,16.460929821966687,-0.22726450665986797
1145699,16.672033215879416,-0.20829050843304509
1145998,20.1513927755023,-0.2957717237314166
1146299,16.441616642347213,-0.29037632655705603
1146598,16.579836792200272,-0.32427775283050164
1146899,11.957605440758357,-0.1694026723332538
1147198,13.797599046131932,-0.2630188087992431
1147499,14.591150233052124,-0.29409095870643465
1147799,12.786649227663448,-0.22303384450124852
1148098,12.71223311846206,-0.22710875775716333
1148399,13.766757796658602,-0.28842795180746683
1148698,13.254369423885455,-0.3427139497460254
1148999,10.77287752072573,-0.3054269392054936
1149298,10.879366322889764,-0.18856675956181124
1149599,3.454576344156227,0.11014166084354193
1149898,11.649213924891193,-0.24188376329688088
1150199,14.204434608410596,-0.1733263126327944
1150499,8.961852508767398,-0.1902117804769745
1150798,11.082078092582215,-0.2618804082040582
1151099,13.047806320195853,-0.2533525346613541
1151398,12.497079739026871,-0.23190329740659088
1151699,11.991627920103262,-0.23566255072524012
1151998,12.812313527931963,-0.27821261720723034
1152299,10.85118833438567,-0.16635150615439698
1152598,12.696392461603262,-0.25216331198750463
1152899,11.943537344031503,-0.2018192559492098
1153199,10.215050780936595,-0.08799202390431171
1153498,19.691281595524558,-0.2922889286514414
1153799,20.86701084695953,-0.4468312477705474
1154098,21.08262913956943,-0.2944366690764362
1154399,11.658329038554438,-0.19371832630328978
1154698,63.82557584770721,-0.3828210932684064
1154999,38.43739653791322,-0.23904769635026102
1155298,12.371682746894928,-0.16849475769839795
1155599,13.627746021702581,-0.19433891733719078
1155899,14.636387855144713,-0.24776990058240145
1156198,13.76328569062036,-0.221502476185381
1156499,17.516545790394712,-0.33521773701629365
1156798,13.771809463616934,-0.2846156096632888
1157099,14.442358844019928,-0.2999562529545079
1157398,12.734689568422702,-0.19945395236295305
1157699,14.542119692534717,-0.20643925242711525
1157998,13.067326626853262,-0.21925637226406858
1158299,13.486245841205111,-0.16870241984506484
1158599,13.760088845776872,-0.19482644228704804
1158898,14.629043029540762,-0.31156441182617667
1159199,23.7384397452674,-0.5810472188258065
1159498,23.051457605572956,-0.5523774019040517
1159799,21.61140429506601,-0.578915473890836
1160098,17.601395209452583,-0.44353426716678324
1160399,3.4101999830446714,-1.1672925242094911
1160698,58.11705418241091,-0.3912402638815582
1160999,4.484165541848423,-0.04718318741238958
1161299,,
1161598,,
1161899,2.6958510606647184,-2.877448151111497
1162198,,
1162499,,
1162798,3.2774949724247313,
1163099,,
1163398,,
1163699,,
1163999,3.2774949724247313,
1164298,3.2774949724247313,
1164599,3.2774949724247313,
1164898,,
1165199,,
1165498,3.2774949724247313,
1165799,3.2774949724247313,
1166098,3.2774949724247313,
1166399,3.2774949724247313,
1166699,3.2774949724247313,
1166998,3.2774949724247313,
1167299,3.2774949724247313,
1167598,3.2774949724247313,
1167899,3.2774949724247313,
1168198,3.2774949724247313,
1168499,3.2774949724247313,
1168798,3.2774949724247313,
1169099,3.2774949724247313,
1169399,3.2774949724247313,
1169698,3.2774949724247313,
1169999,3.2774949724247313,
1170298,3.2774949724247313,
1170599,3.2774949724247313,
1170898,3.2774949724247313,
1171199,3.2774949724247313,
1171498,3.2774949724247313,
1171799,3.2774949724247313,
1172099,3.2774949724247313,
1172398,3.2774949724247313,
1172699,3.2774949724247313,
1172998,3.2774949724247313,
1173299,3.2774949724247313,
1173598,3.2774949724247313,
1173899,3.2774949724247313,
1174198,12.011750202796287,-0.43410829454341493
1174499,22.32253101074657,-0.9225995260412903
1174799,7.149730537319842,-0.16021791723132228
1175098,10.047008537850733,-0.3758503179604109
1175399,23.720938390747676,-0.7839666636728364
1175698,24.90688449496879,-0.7589294964337987
1175999,22.666602622474528,-0.7196772027433147
1176298,22.551620240907397,-0.732962127946861
1176599,21.97625560624425,-0.9356748848716743
1176898,18.32438581932527,-0.8521718842308381
1177199,20.809336137853048,-0.8437954084423009
1177499,17.88964334316555,-0.6948215782811944
1177798,21.361267153246565,-0.7050913169624273
1178099,16.77874090937388,-0.6050748892302116
1178398,19.785297543813694,-0.7013761263508806
1178699,4.558784219107133,0.05693099569625526
1178998,23.189345804594897,-0.7580796690810547
1179299,22.270898569898137,-0.6929166848549893
1179598,20.11439125930675,-0.5815020748413162
1179899,33.669103222670174,-0.7404544802600639
1180199,36.3086279490799,-1.2066999680851316
1180498,6.269020230889274,-0.15051178893291395
1180799,3.2774949724247313,
1181098,3.2774949724247313,
1181399,3.2774949724247313,
1181698,,
1181999,3.2774949724247313,
1182298,3.2774949724247313,
1182599,3.2774949724247313,
1182899,3.2774949724247313,
1183198,3.2774949724247313,
1183499,3.2774949724247313,
1183798,3.2774949724247313,
1184099,3.2774949724247313,
1184398,3.2774949724247313,
1184699,3.2774949724247313,
1184998,3.2774949724247313,
1185299,3.2774949724247313,
1185599,3.2774949724247313,
1185898,3.2774949724247313,
1186199,3.2774949724247313,
1186498,3.2774949724247313,
1186799,3.2774949724247313,
1187098,3.2774949724247313,
1187399,3.2774949724247313,
1187698,3.2774949724247313,
1187999,3.2774949724247313,
1188299,3.2774949724247313,
1188598,3.2774949724247313,
1188899,3.2774949724247313,
1189198,3.2774949724247313,
1189499,3.2774949724247313,
1189798,3.2774949724247313,
1190099,3.2774949724247313,
1190398,3.2774949724247313,
1190699,3.2774949724247313,
1190999,3.2774949724247313,
1191298,3.2774949724247313,
1191599,3.2774949724247313,
1191898,3.2774949724247313,
1192199,3.2774949724247313,
1192498,3.2774949724247313,
1192799,3.2774949724247313,
