,rmse,skill
299,0.23993175368480615,0.2520583992268737
598,0.3025678145247022,-0.04016657927332412
899,0.18115216449696117,0.4890090504386442
1198,0.18980272875510013,0.5251650018018889
1499,0.1771872279073437,0.6085210355379962
1798,0.1832727021890156,0.5874127740080131
2099,4.138342221238931,-0.12685191652733852
2398,2.534504095947458,-0.19920462217673562
2699,1.3147081083203913,-0.15533431087015637
2999,0.15375189134918282,0.7411937384121932
3298,0.608459358949252,0.31422392956604706
3599,1.3689938145748617,0.033544751543756135
3898,0.18223858262457704,0.6492824874600569
4199,2.9487169900198587,-0.10733255441882505
4498,0.2676920364480993,0.22050820828746354
4799,0.14341020101138488,0.775651824851967
5098,0.11737671709478154,0.8393103778420947
5399,0.13654259184863785,0.7550314969247169
5699,0.12002006654857866,0.8164959509676782
5998,0.42573477217903677,-0.041121306106505884
6299,0.17274971499598057,0.8257766471035611
6598,0.12637397407462625,0.8385016415289772
6899,0.11111296524289956,0.8809666778999781
7198,0.09902031354538449,0.8974779410974542
7499,0.1309217975033929,0.8657408815957152
7798,0.12216555037291811,0.865708546365333
8099,0.14097537926087556,0.8610065863757378
8399,0.14563165840014844,0.8295866156963336
8698,0.11285337012962206,0.8828776928206267
8999,0.08426743936507834,0.9284020934672982
9298,0.06500845030289343,0.9527086419478852
9599,0.08567779181593677,0.9266874236091407
9898,0.1416153383985136,0.8616924613912726
10199,0.16933149981101014,0.7831628036113095
10498,0.218618980628008,0.6989605991219346
10799,0.2489620449329944,0.5755987539264323
11099,0.5866213695072511,-3.156172031491554
11398,,
11699,,
11998,,
12299,,
12598,,
12899,,
13198,,
13499,,
13799,,
14098,,
14399,,
14698,,
14999,,
15298,,
15599,,
15898,,
16199,,
16499,,
16798,,
17099,,
17398,,
17699,,
17998,,
18299,1.7245587592748954,-7.701821366989167
18598,1.43169893783381,-5.109643359905403
18899,1.3555535525796314,-3.3047145849720767
19199,1.1919951951071435,-2.769769268705851
19498,0.9486186482796745,-1.4582099940362836
19799,0.794186695514915,-0.9008801603448271
20098,0.6550907959384283,-0.4339907404197427
20399,0.7932504811950429,0.19961785989358805
20698,0.46807110888728776,0.19107539536721763
20999,0.4103045211491671,0.38104687763811573
21298,0.32180754895657254,0.49306313937767954
21599,0.24669159890858897,0.6316370953935986
21899,0.22360049951015362,0.6729166464915588
22198,0.22156548269452167,0.6561288819069118
22499,0.18175172066505532,0.7405539361743072
22798,0.170138305568343,0.781681918767309
23099,0.1921000844754982,0.7281052442318888
23398,0.16847738250505054,0.7814266038570722
23699,0.29035006417924675,0.4874378976298748
23998,0.17284098660746783,0.7608556767583117
24299,0.3459406548806042,0.5353534677627356
24599,0.14885892576414259,0.744179120736921
24898,0.1478594062053158,0.784842688650699
25199,0.10779381646034977,0.8462370445601511
25498,0.1476377058364147,0.7225841347040025
25799,0.17633408361230263,0.5955558234873799
26098,0.12139266895283603,0.7891020971459591
26399,0.17632914090686336,0.6018182184970586
26698,0.13605088313245364,0.7233423100879213
26999,0.11908484040103029,0.8019611950189764
27299,0.15258533790825873,0.655261761075613
27598,0.16466108676766347,0.6896527792489906
27899,0.13273683317532511,0.7763007271810207
28198,0.12210499844737534,0.8002899004133485
28499,0.1033969304379753,0.8369391752956914
28798,0.10798074915005557,0.7797354445682996
29099,0.18177571612685098,0.6147579335434795
29398,0.16100399144148403,0.6464762891530815
29699,0.1177881914555682,0.7441806743857075
29999,0.14192445956267935,0.7077345469766666
30298,0.09089944706899424,0.8031582525378657
30599,0.1278279512456911,0.7037341698071458
30898,0.14665711176127308,0.6581249772752609
31199,0.1263013269293337,0.689979388713319
31498,0.10256884640604873,0.7709715678994187
31799,0.09629921363459187,0.7530651869630217
32098,0.09976350827223951,0.7755472983459462
32399,0.1127631102864718,0.7082746752381139
32699,0.07785098949827544,0.8239560917524947
32998,0.12448561088280741,0.7102251289352127
33299,0.11532083089749462,0.7691873214580842
33598,0.5483957154272832,0.35221835680737545
33899,0.12190766067426148,0.7588158686682923
34198,0.16598560684725108,0.6964383899133904
34499,1.1268160539631344,-0.10723686255543097
34798,0.20546416008040225,0.5153530773350814
35099,0.14213729376695786,0.5551126797253627
35399,0.17330321291073997,0.21111496403121466
35698,0.24767671420216253,0.6277501340351717
35999,5.244129672995687,-0.1113917744175148
36298,1.910046398837296,-0.1491407368067632
36599,0.92560496652814,0.17162442407631373
36898,0.15495319135584376,0.04957314232357468
37199,8.290365416827512,-0.20196793137645797
37498,0.3192861278200613,0.49602493918616286
37799,0.7493863407788814,0.2959036403831288
38099,1.0825984568468319,0.19755359636646463
38398,0.2103895834172654,0.7115849235937237
38699,0.1968212892337416,0.32302709983292577
38998,0.30981448736975625,0.520237903351945
39299,89.15930311022362,-0.21969961794266424
39598,,
39899,,
40198,0.3396218386783991,-2.866844799589261
40499,0.23619799069003194,0.06151505886640474
40799,0.174828662766095,-0.00843253870646099
41098,0.12832007925897837,0.5089959527429296
41399,0.11008077688450488,0.6206063629740386
41698,0.1052824223600784,0.7748775473162124
41999,0.09510343318629923,0.8121513398330901
42298,0.08249083243170906,0.8251466102937542
42599,0.15715120453483036,0.7283344477158762
42898,0.08027654399674941,0.8791160892173879
43199,0.0738903874324457,0.8864129351319412
43499,0.0917890039456327,0.8907674465029669
43798,0.0866223224803549,0.8789908913190523
44099,0.41346778568425413,-0.1909377231498286
44398,40.46116852147063,-0.17776834518209905
44699,0.10024159043816504,0.827465442167951
44998,0.18707438582966532,0.3512245082816763
45299,0.11978283702284277,0.7637220272669512
45598,0.12243749679874484,0.7874067644057453
45899,0.139302867233985,0.7832837739110707
46199,0.158128772312362,0.8079489567090101
46498,0.16121286519038328,0.7714681710177785
46799,0.15104316228226933,0.8149596589138852
47098,0.15824786906925142,0.7963630569479224
47399,0.18682551566337838,0.6519813684260893
47698,0.26101320938791545,0.2774765339699723
47999,0.20654200346893398,0.579359707355345
48298,0.5823224727744895,-0.258759954331089
48599,0.3707144337492994,0.014733305052298196
48899,0.8015154546981007,-0.2702547015268766
49198,1.0750742295542357,-0.2518034243870244
49499,0.6412052917725365,-0.3057706675113727
49798,1.1501385363068704,-0.317547489473345
50099,2.636021456984791,-0.25207850763556006
50398,3.302516580924606,-0.23597226016779915
50699,5.852730139142199,-0.20332655161199442
50998,6.341283989808866,-0.22260582899041426
51299,8.669873992933866,-0.1860581268901358
51599,7.231644497088957,-0.20939826445636345
51898,3.505353318409125,-0.2673052866878094
52199,9.470815537794978,-0.22639876565231254
52498,9.235636445160715,-0.2361415790455843
52799,10.995710972290347,-0.29907565806490566
53098,13.527705157850532,-0.3213946535509131
53399,9.754743064304236,-0.30657296838067927
53698,23.1365751154547,-0.2898787454029841
53999,41.81929250379497,-0.19646126524799867
54299,65.26880409298246,-0.26285790731993
54598,89.41042355339914,-0.2152966113044812
54899,,
55198,1.0777435281453434,0.17257709766102658
55499,1.2517881713374956,0.12927919076741745
55798,78.24904481844081,-0.2533618127036166
56099,52.92860849036674,-0.2842080257234836
56398,23.30689871191471,-0.2926810678408802
56699,9.969414852037675,-0.4094628568605312
56999,29.8897536165902,-0.7107410114331638
57298,1.5624060214607436,-0.26781353160711086
57599,1.7481334926181509,-0.3528559230617443
57898,1.9244538583825088,-0.420370369868867
58199,1.883582957419077,-0.37775565957763413
58498,1.9854998965237125,-0.4009503107107595
58799,1.8658437751088914,-0.3551754531050235
59098,1.8791098299213915,-0.3468608210485713
59399,1.908142091983892,-0.3972748991277857
59699,1.7026617784514844,-0.3416211507093252
59998,1.4420824801575025,-0.19755057375587537
60299,1.2486671473079658,-0.10208929653617971
60598,1.086183181115836,-0.03175618935144087
60899,0.8447922281664031,0.15227223477698215
61198,1.096093271052562,-0.40690692695728936
61499,0.9170126206834348,-0.2889754888992948
61798,0.44190483084120236,0.4664225091761195
62099,0.49684499605871646,0.30162649222418236
62399,0.40236840828710196,0.5122322051523658
62698,3.1849522643273835,-0.32074053766372645
62999,0.4308570630833984,0.4683948038276309
63298,16.273929805227446,-0.3919998974353356
63599,2.7682158593690507,-0.274667254391489
63898,0.5232180412090975,0.2677817000416064
64199,0.4438035705516437,0.32007648064048244
64498,0.3850704806655401,0.4895590958182392
64799,0.40028919720675993,0.4417625538474397
65099,0.37048744146625734,0.5276657444956041
65398,0.3444101332046283,0.5966394302388993
65699,0.3288466010472209,0.6396796906591
65998,0.3187174187156604,0.6641596440808717
66299,0.2865592355536234,0.7159896027510314
66598,0.24679033219999866,0.7546304925240409
66899,0.2465908913661234,0.7693172930577759
67198,0.6948342441394533,-0.14672025780045073
67499,0.22943665801587537,0.794559579957807
67799,0.20727590204056784,0.8257122279490603
68098,0.17144842761386356,0.8554319206412455
68399,0.13530044059991966,0.8844867409168671
68698,0.12370028440397404,0.8649401004948644
68999,0.20325054194215636,0.7036755150011924
69298,0.2186779275518269,0.7097159816306067
69599,0.20525059373382268,0.7157619286928847
69898,0.21785233159142114,0.7341431571651712
70199,0.2023372122256804,0.7823992900627832
70499,0.20603740783447677,0.7842826991164772
70798,2.241145503273244,-0.8983750540450541
71099,0.2920491425266063,0.6497540018502942
71398,0.3914473677650323,0.5791670188765713
71699,0.34715108179049514,0.5742592309640775
71998,0.35680474229975445,0.5706654557040263
72299,0.36846951526966193,0.5379271346194867
72598,0.33083904538308784,0.5783021144870623
72899,0.3642012356049522,0.48607154899083616
73199,0.38718497251130013,0.4445114415282311
73498,2.5135397867347913,-0.2730743049091777
73799,0.3283172827821334,0.5212672340561693
74098,0.37635520366675057,0.40542400926032696
74399,0.4047384928075964,0.34964528907193804
74698,0.48128185282889874,0.22305907545704817
74999,0.468460919949269,0.24055986266286722
75298,0.46481623658121346,0.20734598311126207
75599,0.4982642099677875,0.12702999155840689
75899,0.48413331210976174,0.15858039485062925
76198,0.3584566345571074,0.33716636612918705
76499,0.5506950266535001,0.0672752350417124
76798,4.379276247541229,-0.1382081178690593
77099,1.2611177826847217,-0.09983166093105122
77398,12.173800472187729,-0.21371800046352263
77699,1.673192300892007,-0.1222426970815329
77998,3.4926612775988555,-0.1373309525602373
78299,2.0327864610580844,-0.136254464157904
78599,8.44481110668044,-0.15444029147388516
78898,20.224189811316293,-0.17896560438489972
79199,9.509652971691294,-0.1611146853946015
79498,46.10489112165585,-0.1844145990439181
79799,41.411093997339435,-0.17747114529338992
80098,45.792613756839735,-0.2681835558435901
80399,29.169927753284185,-0.38450413481197177
80698,1.055634689254223,0.0924482463912506
80999,16.479810944609397,-0.4112546437542568
81299,102.73056958230657,-0.2881193048879298
81598,8.331906380269707,-0.21107812286051497
81899,0.4385043916639672,0.07085047599722105
82198,0.5139183141179549,-0.04040349326682202
82499,0.41807728311101033,0.10025565704148809
82798,0.4117858074512882,0.10347318205497424
83099,0.37979253192814005,0.15308575782686595
83398,0.39429667817814,0.12168081917821794
83699,0.3691011171480474,0.16878950559689399
83999,0.396059020578603,0.12330102149149536
84298,0.29847071234202294,0.3087940704263985
84599,0.3746084039304548,0.09892468743775795
84898,0.2904505450711896,0.33596585399732415
85199,0.3163754368239734,0.23311221413057548
85498,0.2951689381663057,0.1333755439011005
85799,0.26728217141378224,0.3128602955124806
86098,0.23198931345398893,0.44493120329623215
86399,0.2570680729901711,0.32183914546007386
86699,0.2311572144192667,0.3999743919470179
86998,0.22442672607898892,0.46740109359205717
87299,0.21795267927307438,0.4609876658692714
87598,0.22622139712754505,0.4037704125800633
87899,0.20899370891427813,0.5245916152504393
88198,0.19241569419674048,0.6197390969533432
88499,0.19342990408367244,0.5797604069042683
88798,0.1705720828382471,0.7037028054868455
89099,0.1774559066357899,0.6552086392499246
89399,0.1787708756519936,0.6229632726503498
89698,0.1894697882769936,0.5665974064503246
89999,0.15942664559155345,0.7517286020241506
90298,0.13726928457891108,0.7838265911370274
90599,0.1568516459886333,0.7155991139341008
90898,0.13260215372705922,0.7940835702843583
91199,0.13420777199557776,0.7776731344006247
91498,0.09594318098726427,0.8665376065912672
91799,0.6431621289361802,0.14814874923025334
92099,0.10107231575303495,0.8801992798390177
92398,0.12568967776913795,0.879966567598619
92699,0.136806481701422,0.7011373668426708
92998,0.0967687764440485,0.8622604705581083
93299,0.11532416944815095,0.8557445534787402
93598,6.356020725288032,-0.15318467756654486
93899,0.6711677480308675,0.02316534241338475
94198,1.6519677819015763,-0.06026744408561613
94499,1.8902981158666046,-0.2526537932512234
94799,0.9031095403212771,-0.05250515422190927
95098,7.588558824507509,-0.22007444630897544
95399,2.3637444836909207,-0.09839454735366426
95698,3.0902192269704716,-0.10362308331745207
95999,6.117866686422507,-0.07887990541981615
96298,6.195645374634823,-0.08084957872789489
96599,5.240737911229731,-0.09390620892489543
96898,6.041818117104731,-0.09848860327547215
97199,5.205398126454268,-0.09461037742050182
97499,2.668933353062146,-0.10048276124404487
97798,1.02114383838084,-0.14113731214342695
98099,1.0852464977644531,-0.17507909072849492
98398,2.3048865836104326,-0.21176508833254193
98699,3.497100110840842,-0.1242236832390533
98998,0.14291748135630047,0.8474735346254563
99299,0.13398234041417084,0.8594037708563138
99598,0.13891407206570217,0.8722076402963441
99899,0.12471131740888114,0.8790643227919368
100199,0.12695193600993787,0.8919788459854457
100498,0.11002437181376495,0.89303978448572
100799,0.13713245549604902,0.8769292051360944
101098,0.1275355300099379,0.8939323147097408
101399,0.14716047026581322,0.8805581602301696
101698,10.03230219199405,-0.1936390380347257
101999,0.12685042859217036,0.8134910630906467
102298,0.10828310935285151,0.8352713209073055
102599,0.4564038022940769,0.4592620832272041
102899,0.11482053284073825,0.8526414070071477
103198,0.13299229738669835,0.8208904924920769
103499,0.11791000926408254,0.8675137966219695
103798,0.12165709152529164,0.8668417354229714
104099,0.11753991680339726,0.8740475198962067
104398,0.13949216310646428,0.783621864117658
104699,0.10911957847949726,0.8661266595808497
104998,0.13553869766680698,0.8715660039002777
105299,0.132121247995808,0.8696760535466653
105599,0.10734492805586529,0.896010321526356
105898,0.14715322603754782,0.8041114023307612
106199,0.11031169563187108,0.8913841771170786
106498,0.10969281206166069,0.8970185524125335
106799,0.11161022192971622,0.8953860705505293
107098,0.10938691774684589,0.8975175228525274
107399,0.12963016214749506,0.8836507292850274
107698,0.12521863633085192,0.8838428318129389
107999,0.1320705058078673,0.8687461354372931
108299,0.39565575118983,0.26944852571956046
108598,0.18693474648162275,0.7915354717060359
108899,0.19687430981179693,0.70627079358516
109198,0.20691222230533907,0.7518343776028326
109499,0.22118667452097462,0.6859142642676788
109798,0.18786366090243256,0.7614954865605739
110099,0.23126664273772285,0.677153623937824
110398,0.26902680886125246,0.6188146747706771
110699,0.19515697708957472,0.7294177469431715
110999,0.22062716433359916,0.662864782648076
111298,0.2300722243655676,0.5861249629560565
111599,0.20027785144724103,0.6574798396302688
111898,0.20453790288011145,0.6739689960135473
112199,0.27565356783659895,0.5121773117275462
112498,0.21846094459770402,0.6276623404066672
112799,0.2566120497074797,0.5020923860196909
113098,0.29584899665962155,0.3466693266915092
113399,0.319094202129245,0.32559353320521955
113699,0.3437629353911029,0.24386094060665964
113998,0.3919313590875783,0.17525277172013054
114299,0.27202329422415233,0.43068940580106363
114598,0.373581577259169,0.20347822006926386
114899,0.37721124650211363,0.21515351428221863
115198,0.33110367654609507,0.279948539747101
115499,0.3608032627055666,0.26390882136296223
115798,0.39931749316415055,0.13390330929086391
116099,0.40351304247652675,0.08333662314939483
116399,0.4118795042293239,0.11680732533360227
116698,0.36691194468045485,0.1576145113552354
116999,0.37420417860869554,0.12894543622055088
117298,0.41435176872906593,0.01686418132682954
117599,0.33798672755314,0.17776428924702758
117898,0.3816871166619363,0.012563576218433625
118199,0.3695200381596215,0.07620418129224149
118498,0.3405773946758252,0.16546137360264834
118799,0.36930316395128815,0.13795150382377563
119099,0.40600050547927474,-0.12506395678154547
119398,0.31604730712047835,0.16505778713805985
119699,0.49071811919455244,-0.16143417365701507
119998,0.36200187629705044,-0.19880535389981824
120299,0.46432547003945984,-0.11594103993663962
120598,0.41506666944455245,-0.20375519020855215
120899,0.37532431371603203,-0.20821463362646542
121198,0.37803834321538576,-0.06927072215514496
121499,0.3705871408989023,-0.28834215264930063
121799,0.3988390503248282,-0.38898654810022726
122098,0.39016993751927276,-0.4333911800905914
122399,0.4284183985668155,-0.9243197396606375
122698,0.475944287253069,-0.6843569684548636
122999,0.4246856837381118,-0.877378038331011
123298,0.4420410264788526,-1.091161685827113
123599,0.3774983600604705,-0.8290424220975006
123898,0.38310361754705047,-0.7994723480473556
124199,0.37790713727283404,-1.424357460402149
124499,0.3771811766164948,-0.903452012248414
124798,0.40265207916510604,-0.8206614232847911
125099,0.3726369756311613,-1.2497709179755252
125398,0.3449211075501428,-1.0904727146688478
125699,0.360491412948291,-0.9443016118934593
125998,0.3083712771959762,-0.5514110846273819
126299,0.3175171410802355,-0.6983662394666788
126598,0.3164022773256059,-0.7988935808983648
126899,0.3110055644965432,-0.5911776154675175
127199,0.3371268115336352,-1.5469584042408053
127498,0.34290978977200615,-1.665206951800437
127799,0.33599771940858025,-1.4608090486424925
128098,0.3615229175312654,-2.243592906757244
128399,0.3373776952489129,-1.4829515456394788
128698,0.33665776673496917,-1.288699671497664
128999,1.4688442434203073,-0.03806542406387736
129298,2.3965666936329866,-0.15454951008872375
129599,0.7872564209075852,-0.027917780305686923
129899,0.8191329647372906,-0.17402593068859518
130198,0.35216643541630566,0.1083412562898407
130499,0.31954996855909823,-0.9273172121085422
130798,0.31456959520986516,-0.7252622732617608
131099,0.42091601069875995,-0.31377186794277523
131398,0.2864019070035426,-0.4034836439966929
131699,0.3080850904085803,-0.6632541009446933
131998,4.465913305353703,-0.23600669245198902
132299,7.740038340147979,-0.24038318323698582
132599,0.7834360656214855,-0.16546195312863943
132898,0.7670278969097689,-0.17961397385410605
133199,1.6880899403422118,-0.21864437908867274
133498,0.5482959912378018,-0.23964505972734274
133799,0.3423048642820933,-0.8126536285027914
134098,0.3454155470807044,-1.469272793025373
134399,1.7774807740215948,-0.21693428200560305
134698,0.5082027645649472,0.03765234304282494
134999,0.31736038723348214,-0.8768788581684299
135299,1.7129113452394034,-0.24196864947124586
135598,1.4134999308111629,-0.2549719966955273
135899,1.188712347358054,-0.25924481660217236
136198,1.5227737040776885,-0.3258313451917665
136499,1.0123715529092214,-0.24409861588949222
136798,0.2104145072960793,0.05852289827420576
137099,0.21800686473382105,0.1746746790786592
137398,0.7703106086240732,-0.11801195222377237
137699,0.22980739190943705,0.26936133532227824
137999,9.987045939686311,-0.22186001062769356
138298,126.4919687974045,-0.3100204397306998
138599,0.28730111713922224,0.46252756614052726
138898,0.3113057779421407,0.4734932542226842
139199,0.33116502205385906,0.5273016661287919
139498,0.7555099640519829,-0.2591657991499985
139799,1.1404275184128896,0.03296070688516606
140098,5.440343560627605,-0.18317389572433185
140399,9.329443008828996,-0.1675997510920204
140699,23.514850811714325,-0.2763034812050027
140998,1.521346923708147,-0.07272477645935327
141299,0.749720063036042,
141598,0.749720063036042,
141899,0.749720063036042,
142198,,
142499,,
142798,,
143099,,
143399,,
143698,,
143999,,
144298,,
144599,26.396014891343956,-0.27879268507149146
144898,2.527761565909052,-0.27000505212756387
145199,61.191114106232476,-0.579668932511995
145498,13.330168804267197,-0.5907916143313772
145799,5.1319031913273845,-0.5043130253923696
146099,1.097360054870466,-0.01758095354680278
146398,1.135471297342688,-0.0702483603804489
146699,1.1524795175510214,-0.05438342279186714
146998,1.1340264133588915,-0.04085808235820676
147299,1.110788217657503,-0.027065024371707658
147598,1.0980465985718546,-0.008469798106773174
147899,1.0617610158936137,0.02058903957032432
148198,1.0262570087801877,0.04061081075639783
148499,0.9730869314005584,0.06203129953977371
148799,0.8144690598889843,0.15773495544610672
149098,0.9832350714380644,-0.3326229367163944
149399,0.5082513339071989,0.470016554279014
149698,0.5509912281667622,0.32369133300567476
149999,0.37456784239158636,0.6214045625447525
150298,0.42276990050038266,0.5683733543672673
150599,0.4115719076994567,0.582535128549491
150898,0.5581314735949479,0.365218260808445
151199,0.34775694414106,0.6079175893283977
151499,10.837696813171934,-0.3740506504216161
151798,0.35840845325732706,0.6161204386898984
152099,0.611549318454268,-0.07146243287885046
152398,0.3213654956594294,0.630572715229403
152699,0.30919406053941695,0.6484789878068619
152998,0.30891933624276274,0.653992251512407
153299,0.4129055270486909,0.5569450777406032
153598,0.39318314723248915,0.5055632679589301
153899,0.26903067833944627,0.7246902939875406
154199,0.2572873225908735,0.7041160375013429
154498,0.6334261386761383,0.24813805998555305
154799,0.1504847849279364,0.8486550626773551
155098,0.12266547860849195,0.8585057601548466
155399,0.8569714136977282,-0.12087361393645857
155698,0.1380001679888921,0.8432784195080839
155999,0.12954358828287355,0.8651633244232225
156298,0.422508073088158,0.4672263520858294
156599,0.11797461061727518,0.8793340589328463
156899,0.10816488637855938,0.8814900654836069
157198,0.11618645867325454,0.8930540196236598
157499,0.1613199350018296,0.8459594265570103
157798,0.1975112952984298,0.7843245132029099
158099,0.18487163772685314,0.81006648297152
158398,0.22967183138950162,0.740242623589269
158699,0.2914314443088485,0.6524396292337129
158998,0.7226263168743209,0.220598396669331
159299,0.5587201848905012,0.3308344803122102
159599,0.6199762823940669,0.32602490156825503
159898,0.7133271255028631,0.25588577381859956
160199,0.8501926999616654,0.07504853089852737
160498,0.6407021559827359,0.26951865230435157
160799,0.5456432831404026,0.41077795744502565
161098,0.47827423864092977,0.46357413888559007
161399,0.6172781623556803,0.3038551995253349
161698,0.8047487217982788,0.07955330670306526
161999,1.0172252264781063,-0.031706140759681034
162299,1.2375117237585564,-0.1476614533590077
162598,1.291879383665964,-0.19414547893053036
162899,1.6726266637979321,-0.15257307843719725
163198,0.8398976162119084,0.07967925242954099
163499,0.6381095320302876,0.14992115133132966
163798,0.5878694764863062,0.19246301898527773
164099,0.6935045473890837,0.16220136757474102
164398,0.6331687853613062,0.15004894021504322
164699,0.7167054397450382,0.0784810598385215
164999,0.6781664822959641,0.09061368961430494
165298,1.1435387557427235,-0.07039293455854678
165599,0.8020565605459642,0.01724200679766097
165898,0.6941558976917973,-0.0004940895324361261
166199,1.6573524393435877,-0.41814664270963564
166498,0.601035470937695,0.050545895653166695
166799,0.6749701028335282,0.01335962859054507
167098,0.685999984946427,0.08659482296060594
167399,0.6310715361853801,-0.02411102645358776
167699,0.979447501933393,0.018584197954195192
167998,0.5423108572243522,0.06698465083256588
168299,4.7086911641729365,-0.21411431443243645
168598,5.104851182922937,-0.20279221494120803
168899,8.771804766461642,-0.24778541947752242
169198,47.23773214927183,-0.3638685252142082
169499,85.45768181867692,-0.4320665215218509
169798,43.371362963186186,-0.48383695259430315
170099,,
170399,15.375014571264886,-0.41352378121337496
170698,0.4424708405631581,-0.07825197716275811
170999,0.5396887705605196,-0.14169042548918775
171298,0.4205377462544775,-0.019850659291095862
171599,0.444800992126209,-0.08709206545270831
171898,0.7863278771847735,-0.25130808384066783
172199,0.4854261236480473,-0.1175033452036045
172498,0.3643919044813808,-0.02650866078098235
172799,0.3770659063725844,-0.021295249123872928
173099,0.3756418391503622,0.02682329386524207
173398,0.3488279531920289,0.010286688292968749
173699,0.35929897496054747,-0.013002578338922932
173998,0.25779333612806904,0.14265806946923743
174299,0.2676532559096215,0.3448839299727292
174598,0.2770313452776771,0.21771864009876263
174899,0.5077980934860103,-0.10315563240418402
175198,0.21185335729572663,0.48622358268482435
175499,0.1945630067424859,0.562685670487701
175799,0.13282824121998393,0.8041798095417687
176098,0.1359910008746884,0.7343585946658266
176399,0.12213817967177326,0.7971255339389526
176698,0.14230985179471858,0.8203752008777618
176999,1.1940911991476766,-0.06407741768825326
177298,0.1305599041894252,0.8208883253076307
177599,0.11224151994773088,0.8353589566166987
177898,0.11023514827643346,0.8886323841133567
178199,0.15306536220164724,0.8435542592452894
178499,0.12835909086730696,0.8648953240977615
178798,0.17606310311343193,0.8388358093733306
179099,0.19950827797573145,0.8079115355182828
179398,1.9117179580997024,-0.09781671921402135
179699,2.7691094674739962,-0.20341333218117996
179998,0.7076522694593504,-0.11844784754626847
180299,0.2220011237673982,0.7702878656094599
180598,2.6404259156024166,-0.19861648274643562
180899,1.4118642913308606,-0.24433264489760287
181199,0.3761503276741754,0.42326606059479255
181498,0.7694990675329558,0.08249187017566173
181799,0.5804674250510212,0.12516208018847697
182098,0.3527396606555858,0.5786970566555361
182399,1.8708464464751016,-0.3138235951620141
182698,0.8503872865493681,-0.004380561547626005
182999,0.5740197959784222,0.1471081590910579
183298,1.0646335340739161,-0.16138074395844448
183599,0.7007752119473234,0.20527738909118376
183899,8.862813854983441,-0.5022940856917519
184198,4.076549850872352,-0.26200512046169555
184499,5.129007259069456,-0.7396280560442836
184798,1.0727324657487025,-0.16329936990847638
185099,0.3492441914267344,0.41149642441917955
185398,0.41566344807108246,0.3748681376070505
185699,1.6750528008246386,-0.17299152705553977
185998,0.15071582915572287,0.8524689084332069
186299,0.13847478820019132,0.8703814775171552
186599,0.4107393698709346,0.3958772541692196
186898,0.784957834250995,-0.2250367681553751
187199,0.46725079194829633,-0.1755403082146314
187498,0.6385636455492585,-0.24722234349370265
187799,1.5045296943459023,-0.33400832606388753
188098,1.2291625864060878,-0.25228694000625684
188399,0.13047388880879496,0.8790317567800648
188698,0.12648047169974833,0.8843482745166718
188999,0.13231473407968322,0.8766291296305431
189299,0.1384895746846378,0.862944871995617
189598,0.14343658996388756,0.8765788398715944
189899,0.14894293403831332,0.8243171542202952
190198,0.15106892638001232,0.8661024351290497
190499,0.16769364148916752,0.8056260920279459
190798,0.20019655155333618,0.7717673878262022
191099,0.22263058617602136,0.7171663959881974
191398,0.21767032136583614,0.7427326363578466
191699,0.4906147678303395,0.22325749109231152
191999,0.5128320311788049,0.14706746530157533
192298,0.3814989757037991,0.5553208026338219
192599,0.41962640252092875,0.5261698309935741
192898,0.647670311212805,0.11913050870768138
193199,1.2106743269616433,-0.1015590752322435
193498,0.6660793484514842,0.3167880014131287
193799,1.162984535391768,-0.2563522060333143
194098,0.8169527465838976,0.14266589461109636
194399,0.8210549897825028,0.15457073077209837
194699,0.762143837356577,0.2001052638932037
194998,0.7645936534676879,0.2116278628489181
195299,0.8986902831950088,0.04276634840269422
195598,0.7435543979908362,0.20796815855572237
195899,0.9856849991926939,0.0848499647335228
196198,0.765896770303805,0.16609945072219123
196499,0.6760090748727807,0.27883679200788425
196798,0.721415463178805,0.18880265989386136
197099,0.6047908661899103,0.318883590289194
197399,0.5225648386158361,0.40280201410944516
197698,0.8517995899588978,0.01660696659819605
197999,0.5479061147876013,0.29338305183997715
198298,0.5629929615075089,0.2665278656391735
198599,0.4922228577742018,0.3078473529931901
198898,0.36944243376968244,0.5149970540453274
199199,0.30777606557405074,0.6009421131798471
199498,0.3140838313482211,0.5262745299140936
199799,0.2508229558204433,0.6456473161171071
200099,0.2223236163716198,0.6333344401688341
200398,0.19698883289908775,0.5683998542024861
200699,0.18682363684778608,0.670538504096718
200998,0.2011884059014182,0.5503708773810803
201299,0.31671052349904466,0.28807603227298995
201598,0.25268720328151667,0.4433032351859797
201899,0.20234462883660342,0.6160707411414238
202198,0.28387680266060444,0.3623477011556172
202499,0.29666827791088834,0.26877472838758576
202799,0.6751095508821026,-0.06319219693341172
203098,0.3179529886247302,0.26288366969195054
203399,0.3449827342038618,0.30528861402713103
203698,0.38824756909438707,0.13340264164009707
203999,0.3848155583605907,0.17827187570476888
204298,0.3699793618446376,0.17190841887657782
204599,0.4705822117763822,-0.03670185389841141
204898,0.4322010359777711,0.02099897728778144
205199,0.323743655212322,0.21410185426634976
205499,0.38818128359526416,0.03872883774695346
205798,0.3858591451318131,0.13096082392601227
206099,0.3707600883605575,0.13557373801791917
206398,0.5112537755896368,-0.06839078059531678
206699,0.6660147649063225,-0.19055373287468447
206998,0.6365203483736044,-0.08168079968094366
207299,0.42049754141745904,0.0001626022473130151
207598,0.43882489062489927,-0.08290740364417082
207899,0.5067651239137982,-0.13690241170773
208199,0.49791642790730667,-0.14399933227763384
208498,0.5786783433559279,-0.1956575842309145
208799,0.4013734264466586,-0.011572065575427004
209098,0.552385448442029,-0.1685841313853862
209399,0.735151308651838,-0.2201654419146366
209698,2.113650833492337,-0.20388722071111887
209999,1.5039472567518053,-0.1985276453399547
210298,1.0089844713069303,-0.22008399229510056
210599,2.178729287530317,-0.23295247340463576
210899,5.581459689603464,-0.22903590745831348
211198,0.4520984994973402,-0.2098395942332687
211499,1.2022460783888116,-0.21680414450022045
211798,0.8057146631549698,-0.1907603480943938
212099,1.3869627135721032,-0.2367921329514613
212398,0.7334151027296847,-0.19874663462348452
212699,0.7463474559415759,-0.1824870236432945
212998,0.4037691770141902,-0.44130493870753584
213299,0.33742805307746776,-0.664828541508425
213599,0.3567846237711347,-0.4434933194006523
213898,1.1201319091674427,-0.19661984813713218
214199,0.3967979336021532,-0.3297377418509886
214498,0.37362692652967155,-0.2512854257182746
214799,0.37720378109520875,-0.14185392558405385
215098,0.37047768133702297,-0.010728264507685381
215399,5.953355798889638,-0.4469574374377854
215698,0.2759042932165055,-0.15012779878049165
215999,0.2982565726678945,-0.38895360718606775
216299,0.28676550124458733,-0.1370943537343523
216598,0.29228195383682093,-0.2712708524345422
216899,0.29347160307993153,-0.30720151988078226
217198,0.2815490635405797,-0.14719346402860345
217499,1.1592911116338405,-0.11194208564717067
217798,0.38437963929925734,0.28267131717612914
218099,0.2661739749446838,0.48541486110327225
218398,0.28003009535996903,-0.06226234301936451
218699,0.2876224903669135,-0.25161274862998106
218999,0.2748430044780247,-0.10837662148168015
219298,0.2501499169085802,0.12877097062775344
219599,0.21865784569330243,0.3915976647408177
219898,0.2248826453808024,0.27926676917451165
220199,0.20520594750354268,0.45199688866137444
220498,0.1860614399062654,0.5626084733347229
220799,0.16990334899885798,0.5451698179068027
221098,0.16312303084145058,0.6064272581537116
221399,0.5070830439070932,-0.14285214904308807
221699,0.11640581174702046,0.7822237673142378
221998,0.13465802272134061,0.6429149399083413
222299,11.823292780085389,-0.20206890960522594
222598,47.97155864523135,-0.30950258543329023
222899,38.69060094459204,-0.29647912969764834
223198,59.578021691949665,-0.23793732194185857
223499,30.643793160547418,-0.22724145701208265
223798,34.07378422232004,-0.22924632146996138
224099,41.40085456929702,-0.2648425698357151
224399,44.31046035537831,-0.2550684164453263
224698,61.142133639926925,-0.25039583837960855
224999,108.83604945766072,-0.27196428852659427
225298,161.79824460597092,-0.2852164175423846
225599,113.30402902615378,-0.2845456996397835
225898,109.5530393072186,-0.23762940415405898
226199,111.82490260937136,-0.2822129767500474
226498,65.8406548333297,-0.27705518960230524
226799,0.749720063036042,
227099,0.749720063036042,
227398,0.749720063036042,
227699,0.749720063036042,
227998,0.749720063036042,
228299,0.749720063036042,
228598,0.749720063036042,
228899,0.749720063036042,
229198,,
229499,0.749720063036042,
229799,0.749720063036042,
230098,0.749720063036042,
230399,0.749720063036042,
230698,0.749720063036042,
230999,0.749720063036042,
231298,0.749720063036042,
231599,0.749720063036042,
231898,0.749720063036042,
232199,0.749720063036042,
232499,0.749720063036042,
232798,0.749720063036042,
233099,0.749720063036042,
233398,0.749720063036042,
233699,0.749720063036042,
233998,0.749720063036042,
234299,0.749720063036042,
234598,6.338462188042141,-0.511533250008942
234899,57.889404312575074,-0.36661807826295445
235199,10.81979925915146,-0.5234687650297427
235498,17.939037297436183,-0.36812457435689705
235799,14.886497335489423,-0.4137266935024366
236098,13.361607273871364,-0.39831515211932045
236399,1.8460233542598234,-0.34945636719613127
236698,1.6091764159838917,-0.2313920496617159
236999,2.0452459936950094,-0.40863656155623196
237298,1.889718967560749,-0.3747942168284586
237599,9.771134875836644,-0.4909617647593971
237899,1.797248669590842,-0.6301011677179791
238198,1.3366928854889901,-0.22014361146752104
238499,1.2768324851649162,-0.23759275460518237
238798,12.176021413709698,-1.5386933067971587
239099,33.59203986061673,-0.5486214172564963
239398,6.477413204093588,-0.30636582370522447
239699,4.767410720996365,-0.286985795981199
239998,19.97161478780192,-0.3638175860742914
240299,7.8271027074461665,-0.7219352590430337
240599,2.3162098745891484,-0.2928282704531049
240898,4.360411911265798,-0.5628467427658488
241199,13.054345799882583,-0.3582888193634912
241498,4.0783587730086595,-0.4331667254541589
241799,3.0923714564150147,-0.36124877111979115
242098,0.7752013873632307,-0.31076974340548724
242399,9.062584680816952,-0.6338150232561734
242698,14.567660729336248,-0.7200969024254864
242999,18.374964121177648,-0.516258354798844
243299,21.84367185126449,-0.6402326584751785
243598,23.236010241671934,-0.5820743716079644
243899,14.364866797799246,-0.47069573113083507
244198,16.065300730262173,-0.617117020318855
244499,24.117562664718193,-0.4489524766635822
244798,42.55085011500112,-0.29326498219168573
245099,34.795362940612236,-0.6617446724547109
245398,35.2557020706539,-0.6094025319244978
245699,29.11196501445252,-0.3776175680002394
245999,24.732150157082142,-0.4642323206901333
246298,57.964363021855284,-0.35660623470362807
246599,59.494342413443604,-0.4307387539073453
246898,89.1417719397951,-0.2594724202812779
247199,49.901063527529914,-0.42533652999709926
247498,35.633277466330426,-0.6395275757921608
247799,3.52509540631942,-0.27884437893858105
248098,45.21515968059319,-0.2427033355016155
248399,19.61849011478536,-0.2986174825753687
248699,13.054630628676922,-0.41047157390678346
248998,5.728667175137569,-0.5413828240112342
249299,6.78645527850373,-0.4477815139433843
249598,6.621757664605582,-0.497563895999086
249899,8.678686641662637,-0.4447087236553542
250198,7.99778102429381,-0.47972606657731376
250499,9.605898242749829,-0.5089882071339209
250798,10.044746579330848,-0.47381395910408686
251099,12.163609120330847,-0.48951778605871743
251399,11.32748370104077,-0.475274532299903
251698,10.078157624358624,-0.4518425686558687
251999,12.707836202983623,-0.31061836151353517
252298,11.833146984153975,-0.4023270969006436
252599,13.977885567499165,-0.3243216748944273
252898,4.7772855382049535,-0.3704603334418346
253199,0.9580290705453073,-0.2323255722990567
253498,0.8461745803645496,-0.33340567441483193
253799,1.8528632365713267,-0.21766284211422038
254099,0.811278436925906,-0.2148242855032152
254398,0.749720063036042,
254699,0.749720063036042,
254998,0.8142444940455443,-0.30918947109220807
255299,0.749720063036042,
255598,0.749720063036042,
255899,0.749720063036042,
256198,0.749720063036042,
256499,0.749720063036042,
256799,0.749720063036042,
257098,0.749720063036042,
257399,0.749720063036042,
257698,0.749720063036042,
257999,0.749720063036042,
258298,0.749720063036042,
258599,0.749720063036042,
258898,0.749720063036042,
259199,0.749720063036042,
259499,0.8664804026421691,-0.21677791411000613
259798,0.6648113562918022,-0.16851863900136022
260099,0.6592458389432209,-0.14362124184753133
260398,0.6409886301745765,-0.12184193498992024
260699,1.4455003302863902,-0.27603264367280267
260998,0.6845722565983061,-0.19177204961749017
261299,0.42899171688632265,0.07560866242298891
261598,0.4923712903760154,0.052534688646760364
261899,0.44649840373025057,0.050686017599237965
262199,0.3434938805780592,0.2111666155250681
262498,0.4119223626940729,0.1493877507058461
262799,0.34657645901916345,0.22569043410209788
263098,0.30719711744463657,0.2702255357226304
263399,0.2918487965982975,0.32028223816709456
263698,0.745165670315832,-0.08247242299952373
263999,0.25366012487560635,0.5112891282326745
264298,0.20727181693691313,0.6328926446374419
264599,0.21730448652561635,0.5718073016385739
264899,0.25616927435081216,0.5419322748767794
265198,0.23334186567441728,0.6595857841358108
265499,0.21675711501469505,0.6709938476168522
265798,0.24881706641052834,0.6593987392440326
266099,0.20145964919525058,0.7678429265139163
266398,6.707414699825069,-0.2569971877218715
266699,0.46844193397561246,0.4634582392913644
266998,0.5347191703477705,0.4052316694477448
267299,0.3628548043264843,0.6202249612761099
267599,0.36036080734963255,0.5958108444540204
267898,0.41323687540518805,0.55400129822692
268199,0.584000190391752,0.34991942212875815
268498,1.6046898812834243,-0.29889075586928526
268799,1.1415723513362124,-0.32939503109066415
269098,1.7685797661834348,-0.44064293375222685
269399,0.45943540789592874,0.48767380192317433
269698,0.43672784335426207,0.5360535996201912
269999,0.875736424593157,0.06497795212345825
270299,1.524066534942694,-0.31806149440462095
270598,0.6987875202158421,0.17729735065000785
270899,0.45572272610889164,0.5159008869558303
271198,0.9036709792968607,0.08530287524243663
271499,1.3706873579218606,-0.36329532346405347
271798,39.57417615439683,-0.3865750964676602
272099,0.562509336990836,0.3860739036238815
272398,2.7383774520213975,-0.19314136772963342
272699,0.4179479439514842,0.5432840026791909
272999,0.39284560419453984,0.5880978774945118
273298,0.39741675672231763,0.5950476051627782
273599,0.4487758176690768,0.5317732041172625
273898,0.4838202302130583,0.49052695128700496
274199,0.5126661646829658,0.44615517602988986
274498,0.4418627511065768,0.546812826397631
274799,0.45716725803018804,0.5159122360174633
275098,0.49383445796074354,0.44585214061475265
275399,0.829407952268614,0.13058817316659144
275699,0.6977523408825088,0.1206689115058025
275998,0.8021843635206753,-0.26906804023074193
276299,0.8288834749373419,-0.2665326492337905
276598,0.5934019054519531,0.30449572723768814
276899,1.1164700694079717,-0.3581213524021212
277198,0.9504194555611802,-0.36999636011434367
277499,0.5489669555903733,0.3831570842733871
277798,1.8755349090148838,-0.4063414194596586
278099,0.5940787887153732,0.3051045271192362
278399,0.6404024563334287,0.2625302702007535
278698,0.8457227116626013,-0.11621774023504461
278999,0.7542750487575088,0.12890584975691155
279298,0.8468134289450089,-0.02031341514816476
279599,1.026112667232046,-0.11879744239311152
279898,1.440796245825069,-0.4851584879446371
280199,1.3370239460237126,-0.2386797174986499
280498,1.2181876100098237,-0.15792423365319075
280799,1.560831846655657,-0.3449773433993273
281099,1.6576372766510272,-0.33207513635952535
281398,1.7098226147528792,-0.3518874799721081
281699,2.011451914898712,-0.4672873538256783
281998,2.037100058558435,-0.4822479000158397
282299,2.275069291975101,-0.5235176794584926
282598,3.2930458041001014,-0.6004645945725944
282899,2.2782479284843604,-0.4980049490645846
283198,2.6146352266926947,-0.5865532677957555
283499,2.3549485103223238,-0.5007036631438002
283799,2.9864333597227866,-0.6387697334874338
284098,2.949835957850101,-0.662056537588871
284399,2.821359612882509,-0.6059969075373666
284698,3.466515882678805,-0.6505912811725938
284999,2.9463319604218605,-0.5982610855441659
285298,3.576257135755194,-0.6401330888612531
285599,3.585290190259823,-0.6819320868917362
285898,4.411737230169546,-0.6928304750185801
286199,4.244083410817694,-0.6627414716982327
286499,3.7650045763848237,-0.6700725297965082
286798,4.08423911318112,-0.6475566376555604
287099,3.4593704240676946,-0.5967859172823979
287398,2.899769919537601,-0.5511899617419105
287699,2.5206644064334345,-0.5082143513964339
287998,2.5110737429751016,-0.4955541844609803
288299,1.929610394840842,-0.36572910164383576
288598,1.5164151577088976,-0.25473832100523297
288899,1.5407219002158423,-0.2911539946093824
289199,1.4856851502806567,-0.27567956962058493
289498,1.1180837898477867,-0.11496021935471035
289799,1.3124802644542681,-0.19758707705048395
290098,1.145706773836643,-0.22235827555515586
290399,0.9850163176335802,-0.08712127572617923
290698,0.9852240353338976,-0.07578247692148077
290999,4.176999461806551,-0.3875203884511529
291298,0.8281864141121577,-0.03445610043941638
291599,0.7236756115817072,0.09130466483838429
291899,0.7415106835215219,0.05960206290680636
292198,0.7975594773502258,-0.04115375818315625
292499,0.9546729052692071,-0.16983119312416584
292798,1.3067121097626277,-0.33460797249705454
293099,0.943091812896522,-0.1577431856785909
293398,1.0346445312946775,-0.18547660826425116
293699,3.2499723668925693,-0.45039761982592563
293998,1.2611290623409739,-0.28454611945500874
294299,1.030579355088659,-0.19521027361296017
294599,1.1500102744706033,-0.2789660903979361
294898,1.3602167802391216,-0.31444507532766774
295199,0.9467145000747702,-0.1881597226065399
295498,1.0656714952651802,-0.2710813243958128
295799,1.3756129139356976,-0.2620874156584492
296098,0.9372663296749022,-0.20654196722212892
296399,0.8382000316147168,-0.243309532291208
296698,0.8241552681197996,-0.21095649839523256
296999,0.913918796232447,-0.2657401895005882
297299,1.0670235565198096,-0.3002704978994819
297598,0.8374865958451024,-0.2656295637256403
297899,0.8725852893829908,-0.2872584359840926
298198,0.7230537084762809,-0.22162300033129512
298499,0.7154187017031328,-0.21460416717054365
298798,0.740040050197448,-0.24728921422795191
299099,0.7513032101679578,-0.22993711700692732
299398,0.6173375844567145,-0.1154699963929875
299699,0.5860619088895849,-0.094001184505494
299999,0.640426638100233,-0.1802079132683947
300298,0.5496193249567144,-0.05749645339216891
300599,0.6674142913019412,-0.1855339063317918
300898,0.5885500331005524,-0.13769341327061335
301199,0.4948631106028673,-0.004760946893149098
301498,0.47889888344738146,0.03273667507861777
301799,0.5058085958154371,0.023791538316663474
302098,0.49685506724433076,0.020798731160332373
302399,0.3642569245855303,0.19838833478612983
302699,0.7818661835262353,-0.2267456347460235
302998,0.2916786971656269,0.49404489032520116
303299,0.2586637472768303,0.48267770931011544
303598,10.412606447100286,-0.41475085626006725
303899,4.292390884607959,-0.3648883134610883
304198,0.2118979176236264,0.6291654861894835
304499,0.22983107084418652,0.6354295744789906
304798,0.19342885446224206,0.7286844003910322
305099,0.22546060532275808,0.6835666984470946
305399,0.21937117160516548,0.6438217165553385
305698,0.18065235116560122,0.7445619830059526
305999,0.23383406632507286,0.7004388532593531
306298,0.17975927341097164,0.7943221003641917
306599,0.21617537259590622,0.7318987624052499
306898,0.2081678752949803,0.7731931018162876
307199,0.2165316161782174,0.7614552960570471
307498,0.2547440621388655,0.6852426056790433
307799,0.2606323633130776,0.7160862586985435
308099,0.2832051195139843,0.6949904172409291
308398,0.33247949097926205,0.6513261308241916
308699,0.3934060807107435,0.5882368770988087
308998,0.32518815845842874,0.6616719103918519
309299,0.3494812454815769,0.6352079305714406
309598,0.3252250761366695,0.6734822508545114
309899,0.29458632110460425,0.7193089865355679
310198,0.32430258282879915,0.636450196983436
310499,0.29250075492666755,0.7118975344739309
310799,0.28648348239657495,0.7199102078739006
311098,0.23023747361849323,0.7936044267617017
311399,0.22845926309695871,0.7911296193834589
311698,0.2272931656114937,0.8075489060684761
311999,0.21782728037080798,0.8175466968650612
312298,0.207980629245753,0.8282677422437562
312599,0.23405194472960428,0.7982492319477736
312898,0.20404502358840054,0.82798725435971
313199,0.20604831227358578,0.82675785138359
313499,0.20075804253515983,0.8251186023376678
313798,0.2059272740930302,0.8236624307524324
314099,0.18291306980136354,0.8536142561546977
314398,0.23378981659101936,0.7751901931522673
314699,0.23752880385228947,0.7981492221896908
314998,0.31583642325537115,0.6645593748961068
315299,0.30209511167203784,0.7065326315787894
315598,0.627175594516768,0.1490388972216532
315899,2.2271590553476965,-0.12928306757408614
316199,2.7514559622046986,-0.22023349660750458
316498,0.7060897527210743,0.23053577664967484
316799,2.4785362195241434,-0.7521902183723055
317098,110.38129352273693,-0.2490103761899034
317399,74.15839841176435,-0.26142634026420564
317698,94.60756079574024,-0.14668142278433471
317999,102.04433540368898,-0.22662161910740353
318298,52.51112834646602,-0.28008313192647494
318599,64.49319835287184,-0.21514689945169274
318899,39.377936402749164,-0.26184111680480404
319198,0.749720063036042,
319499,,
319798,0.749720063036042,
320099,1.6953995009751013,-0.4099797992523009
320398,14.311747887443126,-0.7234079250118377
320699,20.078469454211643,-1.1069041533183985
320998,14.955104730540349,-0.9623010453451899
321299,40.3595439263922,-0.9109728203209035
321599,15.423995490459324,-1.131093631718643
321898,23.222559041253312,-1.289374094207632
322199,10.47764639421396,-1.190975737238949
322498,5.246955630359361,-0.6583782562826976
322799,6.6264995680283425,-0.804311872172849
323098,6.568488333678804,-0.7218467958863914
323399,8.715786620896829,-0.876641210138847
323698,11.510036049841993,-0.8257645138030878
323999,12.905646286659124,-0.9220720150258803
324299,13.932266183203108,-0.8409598312856108
324598,11.185577116182271,-0.8364612845844106
324899,11.660128779798013,-0.8456228407088173
325198,10.958159726689216,-0.8135190535649353
325499,9.623109734155657,-0.7998684658956368
325798,7.1857446702876,-0.7715578791096795
326099,8.358871571692605,-1.1613334116167287
326398,14.06067430147553,-0.8581750080606312
326699,5.745526891917141,-1.0187428547100574
326999,10.080857452887567,-1.0525813817786616
327298,11.438522241505623,-1.1650473884290085
327599,8.869452759445439,-1.2197078429855703
327898,19.823331910869044,-0.9993766569887343
328199,45.341421024447754,-1.3945201403085927
328498,11.412303055466275,-0.701632640698588
328799,13.641064467755625,-0.9520547328041711
329098,7.824486020464089,-0.8278008957310414
329399,4.331578521316775,-0.9533388596380787
329699,28.714640606818122,-1.1688855945985845
329998,30.927436059836648,-1.2364354879195907
330299,10.478387703672425,-0.8099070452002302
330598,,
330899,0.8957708707381227,-0.2555492146943139
331198,1.1997593745077342,-0.2520528794209793
331499,2.426730412564801,-0.623759877265113
331798,,
332099,0.5473364415472001,-0.3042442718464622
332399,1.6022202564288373,-0.18375961381481765
332698,15.642288686408401,-0.5835979223511589
332999,8.653397738629035,-0.7406724860612774
333298,18.346628798489064,-1.0210712139918714
333599,11.252425530743658,-0.6461737607528169
333898,15.74486207842425,-0.6711830858716883
334199,30.708241061477842,-0.8063075198365788
334498,38.41886058660285,-0.9977337846235659
334799,40.01504147747322,-0.7389555046182643
335099,24.30876191724174,-0.6983396172855474
335398,19.75592818611442,-0.8274862450844285
335699,14.432362466408401,-0.982137384274776
335998,7.420103006848218,-1.0641311946336902
336299,0.9697198104242079,-0.22189119789549916
336598,2.8732900705545545,-0.7290794553103437
336899,0.749720063036042,
337198,0.749720063036042,
337499,0.749720063036042,
337799,0.749720063036042,
338098,0.749720063036042,
338399,0.6809533027031984,-0.2692557983069501
338698,0.749720063036042,
338999,0.749720063036042,
339298,0.749720063036042,
339599,0.749720063036042,
339898,0.749720063036042,
340199,0.5472789178923742,-5.063504058393269
340499,0.8053437737086477,-0.30588066972460837
340798,0.749720063036042,
341099,0.749720063036042,
341398,,
341699,0.749720063036042,
341998,0.749720063036042,
342299,0.749720063036042,
342598,,
342899,0.749720063036042,
343199,0.6586162962718077,-3.6498119564687412
343498,0.749720063036042,
343799,0.749720063036042,
344098,0.749720063036042,
344399,0.749720063036042,
344698,0.749720063036042,
344999,0.749720063036042,
345298,0.749720063036042,
345599,0.749720063036042,
345899,3.1125981037568042,-0.1432422408624976
346198,2.279744296051795,-0.0917927204170994
346499,1.4676021485644823,-0.3278119799816488
346798,1.2979165381339268,-0.28646236325656216
347099,1.1197605543306866,-0.27805495725796314
347398,1.0466471931980137,-0.21389959069890008
347699,1.0472420655151433,-0.23426459051084692
347998,1.1002493098881863,-0.24349178998489762
348299,0.9039135327099458,-0.22045011524055025
348599,0.9361198037637136,-0.2407578497087477
348898,0.9496530231031751,-0.2466596616959711
349199,1.641616454343825,-0.31336795393535466
349498,0.8435805630557505,-0.18348576822182672
349799,0.7246801123269417,-0.12290982627284097
350098,0.650189787712392,-0.12008806328721855
350399,0.6364204165179403,-0.07341959132667641
350698,0.6512270466869219,-0.09927145301763463
350999,0.642196344698496,-0.06970168848892011
351299,0.4933808257864588,0.08463301277343793
351598,0.4914642190711811,0.11228491153819731
351899,0.6114464943142438,0.02683767032570139
352198,0.5106790580387737,0.14214909349644567
352499,0.7523253378298516,-0.25186060162421353
352798,0.5015142995387738,0.20977973891895296
353099,22.0452894685451,-0.2797640298653361
353398,0.524718575286466,0.2975969052977947
353699,0.5222469481151698,0.3038202297931104
353999,2.776490443024921,-0.25482932269620595
354298,0.6356830186529728,0.22713363914553697
354599,0.6913331243751949,0.20823627306580317
354898,0.8308068637135114,0.13332480864149698
355199,0.9072281804588815,0.11085972647897879
355498,0.9725175856047148,0.06164729488925336
355799,1.0421905898065729,0.006715030719540271
356098,1.1601843671225271,-0.22622972686872234
356399,1.1014283395399,-0.015289348218596066
356699,1.220938118838527,-0.09726618291576372
356998,1.0242553407366595,0.03863705551106367
357299,1.278755504764906,-0.16286310594525188
357598,1.3144717337949987,-0.15488213416767072
357899,1.2846548212389741,-0.10689190308452523
358198,1.4597117367991754,-0.20322786044682695
358499,1.5579530671676833,-0.24402997891019274
358798,1.4590116625195357,-0.20734247294086994
359099,1.6540881820607498,-0.29754741307078003
359399,1.5930708939130545,-0.2681002257985883
359698,1.601459736588527,-0.287330768254775
359999,4.2517904795148835,-0.44389141675404664
360298,1.496778216345472,-0.2693337487100276
360599,2.451050910646398,-0.489023218893307
360898,2.084048874315379,-0.6075627852417751
361199,1.540809986891768,-0.30029757129001067
361498,1.4190654949843604,-0.21106119559808367
361799,2.8348749325253046,-0.8350724127259204
362099,1.8108224817876015,-0.4207805150962891
362398,1.7156583418732496,-0.39388180104698867
362699,1.9479510561672315,-0.46636374947049886
362998,2.042340306097787,-0.4626881661120341
363299,2.777956705901028,-0.6692428348593236
363598,2.2636344397644534,-0.5675047941864557
363899,2.3006828927806575,-0.5547028526875712
364198,2.674903616188064,-0.6259267240769448
364499,2.275867961097064,-0.6097872066078325
364799,2.0593810824102863,-0.5428188929948818
365098,2.714242085558866,-0.6910989268250762
365399,2.56224466264799,-0.7730973322432604
365698,2.117883733945009,-0.562932060328668
365999,1.9407382366209345,-0.48994035726949203
366298,2.7910341374657515,-0.917250650886001
366599,2.1924057991348236,-0.4957488547672533
366898,2.011069577891768,-0.48157704177631433
367199,2.223749358076953,-0.5440467945493477
367499,2.581544634667231,-0.63752941509215
367798,2.479394191544545,-0.5839806650337267
368099,3.982208751803805,-0.8487099136770038
368398,3.1222123166741755,-0.681659445188924
368699,2.9941033400908412,-0.6631605655832802
368998,2.7879198568801944,-0.6304195764665417
369299,2.5771734622852867,-0.5692782470591187
369598,3.3816127061602868,-0.6635581649904985
369899,4.837270803957015,-0.7345786480601919
370199,3.5797342390422306,-0.7000477202601583
370498,10.990410848968587,-0.32218123769855156
370799,5.754658858895675,-0.6168456558985234
371098,7.368758054723218,-0.5508812684639308
371399,6.616661975878309,-0.7248354626802083
371698,3.8668321870584332,-0.7279434659956039
371999,4.2274390881186195,-0.7816038135611385
372298,13.32398753868618,-0.25510475219550033
372599,14.632477601834328,-0.27349258916343877
372899,8.886634361746367,-0.4490606068944252
373198,11.045457964579699,-0.31618817812986566
373499,9.817905658709329,-0.5313026383547224
373798,12.549478431862106,-0.3256625600476104
374099,7.952392465878311,-0.8481012353733148
374398,7.68595595381118,-0.9261373874198966
374699,11.200827441991736,-0.6558858304738695
374998,7.114059406128309,-1.0034498769831655
375299,6.107054864568124,-1.0108668439833894
375599,6.32525705436442,-0.8250277893905589
375898,8.29153843119544,-0.8515360895404922
376199,6.548538319102847,-0.9004746415186777
376498,4.219817078809507,-0.7633953966029385
376799,6.202839954764885,-0.6649579675744421
377098,3.401828875593157,-0.5477520286727293
377399,3.5987815576487128,-0.5684356563191117
377698,2.7112315153269524,-0.4954715729933781
377999,2.0648986284380646,-0.42224570281559193
378299,2.4443222291741753,-0.46576226135203425
378598,2.044507289417231,-0.37860978009818247
378899,2.182380482942694,-0.4108900739928747
379198,2.1845009579311205,-0.4215209842230663
379499,2.164147298051491,-0.41328817427203157
379798,2.1823894205468606,-0.4188385804026875
380099,2.620601248521398,-0.46965305637007493
380398,2.3275616463894533,-0.437200300546031
380699,2.4553550201533425,-0.4527680489141357
380999,2.532494814630194,-0.46098989691634507
381298,2.4985433282718508,-0.4715501965643629
381599,2.13887612524362,-0.4084530013254979
381898,2.1368454218732498,-0.44560648863837193
382199,2.5551210678987126,-0.45806434435357435
382498,2.5864117927505648,-0.48626610368819767
382799,2.6329890991167577,-0.4932008424735501
383098,2.9461236226468497,-0.4847316958877246
383399,2.7353113017423527,-0.48284603369030576
383699,3.042827152017816,-0.47885178010324236
383998,2.9297244539043903,-0.47596056260288666
384299,2.992652265601149,-0.46753660310257805
384598,3.235739071235051,-0.4402899741950641
384899,2.614250569804853,-0.4488828031633936
385198,2.6243653446169954,-0.43975408360020496
385499,2.4750069266609764,-0.4306507372272803
385798,2.1857060609294954,-0.4291019348724412
386099,2.0426515267836622,-0.4271454373307928
386399,1.9711684133716245,-0.4452699788932868
386698,1.9012614142651434,-0.4139811054507785
386999,4.263406924808434,-0.3634236152077801
387298,2.579347361198371,-0.38458820780339575
387599,6.234493638862724,-0.6741093707312633
387898,14.723679886961643,-0.22203004926094905
388199,1.296521838679853,-0.31674364689077117
388498,1.6765495261517174,-0.3242109222557028
388799,1.4783996766494023,-0.33013389776279545
389099,1.0579458727998654,-0.21892756989891837
389398,1.1058889232195752,-0.27149923725951264
389699,1.2971775555205012,-0.33235817633314824
389998,1.2594159473746678,-0.3104718857058453
390299,1.080017195664547,-0.22717210283916422
390598,1.4608870737612423,-0.3013653076204712
390899,1.1498294544608434,-0.2744663537040948
391198,1.1083439732663987,-0.19551819945835613
391499,1.0843059511714914,-0.20327558261304124
391799,1.1145279399052876,-0.18882575860007367
392098,1.1579314895464912,-0.1475257028448027
392399,1.1400976862293617,-0.17376450257436815
392698,1.0198169951576022,-0.05375413211502744
392999,1.0328651956784358,-0.05927295819986522
393298,0.9275174103890839,0.005954657641319527
393599,0.885022764056521,0.06645422195753514
393898,0.7730367462586885,0.1699654425304007
394199,0.8769924273589913,0.11498674069926829
394499,0.8074741178782804,0.14354948768290887
394798,0.7714924975557506,0.1687757461822521
395099,0.7731638611212889,0.1953161341500128
395398,0.939626838139906,0.05368323759452487
395699,0.7646854603639741,0.21446297425636363
395998,0.7279827176741754,0.22323132456257733
396299,0.8017913385700087,0.15755169590676155
396598,0.9741399852348136,0.037573066506921826
396899,1.018491494889906,0.021162608519132542
397199,0.9971404862320458,0.035522013361535265
397498,1.0957549066630545,-0.034355336432184025
397799,1.0137633786237024,0.035691556920631085
398098,1.016946156737128,0.025609103308535053
398399,0.9857685167598079,0.04476641490028488
398698,0.9209394974426779,0.08950744001934374
398999,0.9570109066320399,0.05539507548604994
399298,0.9123820152690827,0.04136308800130595
399599,0.9711845047806569,-0.0244542188717487
399899,0.7059249125098237,0.23571852366886625
400198,0.5916758046968547,0.3678022975221973
400499,1.1178335340716012,-0.1131040533489891
400798,0.7334131883454718,0.06013914568575274
401099,0.5715873267575089,0.32761182340714967
401398,0.5610055147112125,0.3369360840767197
401699,0.5820287980815829,0.2889968175543951
401998,0.49745387883805836,0.4429094656132765
402299,0.6466896541695459,0.27363874663078147
402599,0.5219861420718547,0.4107304076188151
402898,0.5897818287065829,0.2710050292043632
403199,1.0630262563118213,-0.35229179973657154
403498,1.175125910704268,-0.39293802649289233
403799,0.9505189843153791,-0.08805392509820509
404098,0.9949404585201544,-0.35533839082262575
404399,0.8784928580051939,-0.2113863540539469
404698,12.897136728755227,-0.5298327182191993
404999,42.37616412692871,-0.2154805820820307
405299,,
405598,,
405899,0.749720063036042,
406198,0.749720063036042,
406499,0.749720063036042,
406798,0.749720063036042,
407099,0.749720063036042,
407398,0.749720063036042,
407699,0.749720063036042,
407999,0.749720063036042,
408298,0.749720063036042,
408599,0.749720063036042,
408898,0.749720063036042,
409199,0.749720063036042,
409498,0.749720063036042,
409799,0.749720063036042,
410098,0.749720063036042,
410399,0.749720063036042,
410699,0.749720063036042,
410998,0.749720063036042,
411299,0.749720063036042,
411598,0.749720063036042,
411899,,
412198,2.7104306136958862,-0.3641433153813056
412499,47.4946807107996,-0.5595744083809748
412798,51.936469521357466,-0.7846817538823931
413099,34.056141328989426,-0.768373570924509
413399,39.140573114040336,-0.5895589950137732
413698,14.829628690978565,-0.8006556253106809
413999,11.91691439832044,-0.852399746560097
414298,13.746960051679958,-0.8136720438409337
414599,13.67460619478644,-0.8325971000236447
414898,11.06203025580496,-0.7345435607603066
415199,12.089451771211644,-0.7044035690280106
415498,12.581126005307274,-0.8161326942131453
415799,15.997219360443125,-1.0930994886892829
416099,62.590766448288036,-0.6052014045328964
416398,7.736569005101259,-1.4135287084697215
416699,,
416998,0.749720063036042,
417299,2.9597649983798497,-0.3190271411788961
417598,57.369218494119046,-0.6654228283817649
417899,1.2195951573727626,-0.16300103390315113
418198,,
418499,1.9299771073410834,-0.3924968109764433
418799,0.894536538124463,0.16781122157585748
419098,16.573866643571407,-1.1403130419677345
419399,4.604516424582734,-0.9755928621522272
419698,,
419999,,
420298,0.8482779998844323,-0.16595609847278303
420599,0.7656092118337846,-0.14960639693701716
420898,,
421199,,
421499,,
421798,0.569235219559571,-0.6402115569246529
422099,0.749720063036042,
422398,0.749720063036042,
422699,0.749720063036042,
422998,0.9564463883074615,-0.2458765428009908
423299,0.749720063036042,
423598,1.2508911616260943,-0.10064780658933259
423899,2.4814809018403667,-0.3366742841886734
424199,21.81770812460402,-0.5232400557639512
424498,11.360498301743492,-0.5037172485340806
424799,25.08320737044488,-0.5892000248729761
425098,23.1400657096972,-0.5667020396860263
425399,24.93456573298192,-0.6052916608466601
425698,29.679954952810622,-0.5479149162383383
425999,25.17742067032161,-0.7227737384467863
426298,25.924675231749852,-0.8142669195118113
426599,22.43729285412313,-0.7474340116407185
426899,19.82698084716479,-0.6960190886300031
427198,23.552372759104607,-0.6290189625891376
427499,25.553782260831454,-0.6408969184204207
427798,23.453458798997538,-0.7798560674127799
428099,25.83778900190553,-0.6465907084982192
428398,25.525977167014325,-0.7455292690758626
428699,15.010648073183312,-0.5753159464713937
428998,24.682246793659576,-0.652713309840512
429299,27.85561318821468,-0.6574372893807285
429599,21.76832485960461,-0.6571552618957568
429898,30.23839525813701,-0.6735522069253479
430199,34.41165372012254,-0.6390742850763582
430498,34.89230234195414,-0.5179017218499262
430799,29.987859877211083,-0.5181143747481474
431098,36.51056819676098,-0.5574456845304434
431399,33.342024599591994,-0.5975220812392172
431698,28.082866169844895,-0.543463094355948
431999,25.607748726916068,-0.6103786761061984
432299,4.776486330824133,-0.4254858149646248
432598,7.987276483681443,-0.4382736300572252
432899,0.6683042986986029,0.045450527020740594
433198,2.0626166403021684,-0.2805662321740394
433499,,
433798,0.914351689195303,-0.10108711097205281
434099,0.749720063036042,
434398,0.749720063036042,
434699,0.749720063036042,
434999,0.749720063036042,
435298,4.521949121895131,-0.5635121630712308
435599,3.492307459263186,-0.5566905948351646
435898,5.906516849620934,-0.5250513920945885
436199,2.8536771066057787,-0.5444327289682609
436498,3.1346933695826307,-0.5123646648644851
436799,2.389522540601149,-0.5315720504232453
437098,2.901135667920594,-0.5525505900637453
437399,2.4799805254595877,-0.5321880529345646
437699,3.2699212572770753,-0.49369172138063133
437998,2.9903911527747606,-0.5361692887787981
438299,2.71702053834652,-0.5429138057882685
438598,2.4818414232585564,-0.5468208438676516
438899,3.8095188618227547,-0.5195451570808871
439198,2.4596019875479085,-0.5158118251185158
439499,2.7419910426613345,-0.5404924856632483
439798,2.3748282340588878,-0.5195340552611771
440099,2.4214603965797203,-0.5151531618552989
440399,3.0240383145617975,-0.607784265820231
440698,2.3174592365131863,-0.5618521913195555
440999,2.3572812299709245,-0.5275064162325269
441298,2.1199363571428167,-0.4977739749460437
441599,5.103182351204698,-0.396779016827155
441898,3.1149361366325086,-0.6046929082254517
442199,2.4237234509692054,-0.4909549772431614
442498,10.891356291385897,-0.24446501822290267
442799,9.369070421891768,-0.15252144067348583
443099,10.683901089425905,-0.1680727895929397
443398,2.320789423115038,-0.45088074824278546
443699,2.3240431479408326,-0.4760705143037933
443998,2.201977394718609,-0.4425191435739524
444299,2.1739868849269426,-0.4228715369601965
444598,1.9148651925750917,-0.36337834757622334
444899,2.146746751637591,-0.4264203691029349
445198,1.9926041005750912,-0.3860209952353102
445499,1.807299332746387,-0.326275681762376
445799,1.680723084991758,-0.29730437259928455
446098,1.6269952268088876,-0.2660210441814632
446399,1.480214941220925,-0.2004533844786225
446698,1.6718427246491656,-0.3036934467887873
446999,1.6484711155241654,-0.28992584213946837
447298,1.6564266434037949,-0.2714712496948186
447599,1.593851709565832,-0.24808285588316825
447898,1.6477600454871284,-0.29992979776081574
448199,1.7574515563343505,-0.34160985495522644
448499,1.6808683058385272,-0.3343107299960344
448798,1.6958645230792682,-0.3258716123963237
449099,1.9677911491001012,-0.39964271183660505
449398,2.0877263611811196,-0.45395341160419056
449699,2.059200335602416,-0.4212567251140864
449998,2.081095059479731,-0.4795683722468427
450299,2.1800079296001016,-0.515260177121152
450598,3.1570471427956175,-0.7944364569673079
450899,2.6409052199361804,-0.8075761460023327
451199,4.426213857526029,-0.510014191372431
451498,2.622319514472786,-0.654331691091717
451799,2.6847800770931567,-0.6623678187946112
452098,2.7622570968547313,-0.6836385341376916
452399,2.7273829882389906,-0.7301545110762095
452698,2.8011494189843607,-0.693258621545612
452999,3.3850891177737124,-0.9648625541374616
453298,2.6786508109889895,-0.7346264830722244
453599,2.9792308394311195,-0.7507962015693079
453899,2.6898376666996384,-0.7269509227504829
454198,2.8616371652899164,-0.7636845657273621
454499,2.9718769774565827,-0.7847124885588226
454798,4.4275131202070135,-0.8713653412651481
455099,3.4050514036005324,-0.9287236746731578
455398,5.283725257257939,-0.5229096545350627
455699,3.23145491593112,-0.9584721406498562
455998,3.844175084808434,-0.9302617089666183
456299,3.971213732762569,-0.9183745925820299
456599,3.330370618151458,-0.9292927261056452
456898,3.2888080032053395,-0.8074604247108148
457199,3.771587401130193,-0.8941987046252626
457498,3.785910523750564,-0.8423169185016184
457799,4.286100841063064,-0.9791518020148557
458098,4.135232990961213,-0.9282277347178238
458399,3.826830536322323,-0.804686811385964
458698,4.519573435600532,-0.9691420374702431
458999,4.345649351259823,-0.8939994717503674
459299,4.064196761496365,-0.8677425933981011
459598,4.414845641192694,-0.7986211170216517
459899,4.098890000762138,-0.8057614781559872
460198,4.205972723551489,-0.8033587871028989
460499,4.458348958972787,-0.8040378965363639
460798,4.617061754111677,-0.8311744218841028
461099,4.875824103748249,-0.8574180335539832
461398,5.230650446542231,-0.8679232752713479
461699,5.660954524389455,-0.8359123387003518
461999,6.176793400435749,-0.9208180760511964
462298,5.821311770894082,-0.8672482535108861
462599,6.705398704646399,-0.878081477738466
462898,6.579316027090843,-0.9437839471045422
463199,6.583077128692694,-0.873197676662693
463498,6.6793379558663055,-0.9263538002434513
463799,7.239477490326952,-0.8678194761359943
464098,6.953614919836212,-0.8713522376446494
464399,6.460082675632508,-0.9119580433056758
464699,7.227809512660286,-0.876113134384749
464998,20.77619466488294,-0.4334937151149334
465299,6.257629464868619,-0.8471044823856193
465598,6.309546902266767,-0.8473886474323333
465899,12.125097356100532,-0.6034312642542028
466198,8.525532004593588,-1.0281097067755516
466499,4.8190200946769215,-0.6668756259985229
466798,7.606175878556617,-0.2667024505191036
467099,12.39890110261905,-0.507179984575215
467399,23.63845248029266,-0.4098991301760453
467698,28.524374738755625,-0.4834020732207778
467999,9.203054919836644,-0.6842315371993097
468298,8.814184273598219,-0.5295933492392477
468599,10.665152157401458,-0.5713110482983543
468898,18.585670330582015,-0.4355543630115377
469199,41.063845408593586,-0.4701276332197746
469498,50.94057327676257,-0.5087228560659147
469799,25.023895474882938,-0.6075686907139504
470099,20.37831884841998,-0.6230531545472642
470398,9.281718926452385,-0.7502349951725198
470699,22.10209249564683,-0.7795081183808774
470998,16.990397002704697,-0.4597972416996854
471299,9.408119334091273,-0.7459856339858826
471598,7.535464205454267,-0.7069416850501637
471899,3.846996829577664,-0.3930364280419023
472198,13.617191525579697,-0.4770323795768967
472499,0.749720063036042,
472799,0.749720063036042,
473098,0.749720063036042,
473399,0.749720063036042,
473698,0.749720063036042,
473999,0.749720063036042,
474298,0.749720063036042,
474599,0.749720063036042,
474898,0.749720063036042,
475199,0.749720063036042,
475499,0.749720063036042,
475798,0.749720063036042,
476099,0.749720063036042,
476398,0.5676983691757334,0.02428718229810556
476699,,
476998,13.860708282773786,-0.6925059736524557
477299,5.530648356470472,-0.37078849875737485
477598,5.99325915909858,-0.27113915259173615
477899,2.6937788571015195,-0.5056385697731549
478199,2.614559546356149,-0.47564481801464176
478498,2.535693002133927,-0.47821720573241544
478799,2.5345630620105135,-0.48966830755993307
479098,2.3385710384024456,-0.48804209408840604
479399,2.154866930108464,-0.48677077917709854
479698,2.0849959974533716,-0.48948352742807644
479999,1.9311403889649459,-0.457337341625903
480298,1.9559769681408714,-0.4536771258774823
480599,1.9903452400128283,-0.4546003089265058
480899,1.666700614636242,-0.33869637032598954
481198,2.0908049660892174,-0.46881393380535363
481499,2.5747381476817885,-0.4954737877844497
481798,2.092361786596162,-0.44978560262411227
482099,2.3416961447801716,-0.5156822444285141
482398,2.183566822403579,-0.4928870059158217
482699,2.219244772398355,-0.5532996420713232
482998,2.024434692404032,-0.3919600675067494
483299,4.879262424159929,-0.5216891548130418
483599,2.320948246243857,-0.4725352320808609
483898,3.3437793123415553,-0.574211018110298
484199,2.2703971486047307,-0.5295152508892986
484498,2.5404040455426613,-0.6670079506205211
484799,2.3761677474315506,-0.6540731330507636
485098,2.7228235102690825,-0.6882559649429723
485399,25.66796256336211,-0.33212808413467876
485698,2.851305682817046,-0.26777006414238635
485999,59.15222529485285,-0.48242472764662114
486299,53.95526222489452,-0.5684188475469496
486598,29.05147713781813,-0.5792328317786946
486899,41.30505394331117,-0.22527291701707886
487198,38.7640374144848,-0.2228616607299101
487499,29.912991106413035,-0.2721956615358687
487798,29.71276336204497,-0.2941198387620061
488099,37.346678258894514,-0.3610355955574711
488398,44.53165234028572,-0.4198454855352747
488699,50.66092707504344,-0.3456969186707488
488999,60.419183666959334,-0.3049747273814467
489298,40.97870448476488,-0.36540734086711746
489599,42.44782328483433,-0.3884254425640441
489898,55.415274637872145,-0.35828303252495153
490199,56.44416921610748,-0.3011838786726535
490498,48.361884275737104,-0.3668499695320222
490799,48.77922591963525,-0.35615256823405117
491098,57.914315453336634,-0.3724918438217335
491399,46.05669340679961,-0.4423423428807063
491699,43.02868658380655,-0.41884986996231355
491998,66.08845544223942,-0.40046487912036577
492299,76.13382111846859,-0.5091620446720273
492598,95.71461509491766,-0.35801687306432806
492899,71.93098835377184,-0.424679103285337
493198,19.613806262524143,-0.46527431246794415
493499,24.405466881218647,-0.5617718999693813
493798,0.749720063036042,
494099,0.749720063036042,
494399,0.749720063036042,
494698,0.749720063036042,
494999,0.749720063036042,
495298,0.749720063036042,
495599,0.749720063036042,
495898,0.749720063036042,
496199,0.749720063036042,
496498,0.749720063036042,
496799,0.749720063036042,
497099,0.749720063036042,
497398,0.749720063036042,
497699,0.749720063036042,
497998,0.749720063036042,
498299,0.749720063036042,
498598,0.749720063036042,
498899,0.749720063036042,
499198,0.749720063036042,
499499,0.749720063036042,
499799,0.749720063036042,
500098,0.749720063036042,
500399,0.749720063036042,
500698,0.749720063036042,
500999,0.749720063036042,
501298,0.749720063036042,
501599,0.749720063036042,
501898,0.749720063036042,
502199,0.749720063036042,
502499,13.692242637521828,-0.6896042989178257
502798,5.612212204038033,-0.7327828737279665
503099,6.092666423257509,-0.7120995738658074
503398,8.024406461117458,-0.8942233355900151
503699,5.816123799725101,-0.8283100376331154
503998,5.924659047056121,-0.7735077139365116
504299,9.244501632218586,-0.8946909995318935
504598,14.578199896898623,-1.2676206998252582
504899,41.63814981737137,-0.8124613817732298
505199,31.58003115280886,-0.6351252631054676
505498,0.749720063036042,
505799,,
506098,,
506399,0.749720063036042,
506698,2.622457446894706,-0.6956861570005077
506999,,
507298,,
507599,,
507899,0.749720063036042,
508198,0.749720063036042,
508499,0.749720063036042,
508798,0.749720063036042,
509099,0.749720063036042,
509398,0.749720063036042,
509699,0.749720063036042,
509998,0.749720063036042,
510299,0.749720063036042,
510599,0.749720063036042,
510898,0.749720063036042,
511199,0.749720063036042,
511498,0.749720063036042,
511799,0.749720063036042,
512098,0.749720063036042,
512399,0.749720063036042,
512698,0.749720063036042,
512999,0.749720063036042,
513299,0.749720063036042,
513598,0.749720063036042,
513899,0.749720063036042,
514198,0.749720063036042,
514499,0.749720063036042,
514798,0.749720063036042,
515099,0.749720063036042,
515398,0.749720063036042,
515699,0.749720063036042,
515999,0.749720063036042,
516298,0.749720063036042,
516599,0.749720063036042,
516898,0.749720063036042,
517199,0.749720063036042,
517498,0.749720063036042,
517799,0.749720063036042,
518098,0.749720063036042,
518399,0.749720063036042,
518699,0.749720063036042,
518998,0.749720063036042,
519299,0.749720063036042,
519598,0.749720063036042,
519899,0.749720063036042,
520198,0.749720063036042,
520499,0.749720063036042,
520798,0.749720063036042,
521099,0.749720063036042,
521399,0.749720063036042,
521698,0.749720063036042,
521999,0.749720063036042,
522298,0.749720063036042,
522599,0.749720063036042,
522898,0.749720063036042,
523199,0.749720063036042,
523498,0.749720063036042,
523799,0.749720063036042,
524099,0.749720063036042,
524398,0.749720063036042,
524699,0.749720063036042,
524998,0.749720063036042,
525299,0.749720063036042,
525598,0.749720063036042,
525899,5.4669038581405,-0.650294540277288
526198,5.284565755263187,-0.5563043345119887
526499,6.0077363751699755,-0.4805078159325462
526799,5.131363182510278,-0.5057828628275829
527098,4.429824171945008,-0.6513368829315382
527399,3.769133008267815,-0.617143009993371
527698,3.6607607731752236,-0.5891856521013052
527999,4.953645156922313,-0.7349960488400784
528298,3.5157347791543905,-0.6260522483058009
528599,3.2793805416983712,-0.6271100269274803
528898,5.209111836353106,-0.787469230066433
529199,18.83984046957507,-0.4824534195390844
529499,15.865982622813496,-0.515755778568366
529798,3.724776418473217,-0.5043642072915508
530099,9.701987152757942,-0.5660726295071332
530398,18.575991540489426,-0.37448291784236454
530699,3.9493997006306247,-0.8436864967823832
530998,2.5137972907257917,-0.5263725678611746
531299,3.3894478540514896,-0.5785713650294451
531598,3.0015879431348242,-0.664963721150998
531899,4.568844524010254,-0.5616587626279095
532199,3.623982530463527,-0.3868930111947162
532498,3.7619554572366747,-0.40354804242584086
532799,3.4365262482023837,-0.32135538734031477
533098,14.514051370834327,-0.2554090374180309
533399,2.4695743823976324,-0.26367192071586776
533698,1.9218041037975508,-0.20707590618254113
533999,2.0088875155730137,-0.257665716134688
534298,2.0650141781116753,-0.22764347134727902
534599,2.1779438514889904,-0.2248487672375965
534899,1.9361995018084346,-0.2350423508638897
535198,2.2884333379658424,-0.2827503482996805
535499,1.9820717515190829,-0.20388998561674065
535798,1.8383286626417683,-0.2036191978875992
536099,1.6806795483200085,-0.16177316018165855
536398,1.806324611567694,-0.19513329647027278
536699,2.0261970370746387,-0.368656805160569
536998,1.7965492150838973,-0.2457729709265397
537299,3.0465257444084024,-0.6511956456151962
537599,8.339557696628844,-0.5941502267665764
537898,48.2064479495496,-0.8693145196582561
538199,62.51306499254266,-0.8045593712464241
538498,66.32700506715378,-0.771192059787831
538799,75.31161283310054,-0.6610249566365449
539098,66.86825958317229,-0.6686666030166712
539399,42.1510814134246,-0.8433209390717837
539698,45.52516468555424,-0.9221863726407009
539999,64.70833799839684,-0.7682205797355472
540299,2.8487126018871973,-0.5002566292942623
540598,0.749720063036042,
540899,0.5004822942689275,0.36274820055268275
541198,0.6272600040532833,-0.24845725976212774
541499,21.841834101554365,-0.7205627055781534
541798,17.613580434345906,-0.6975406837235161
542099,54.84671457845701,-0.5636189504047133
542398,33.050673767338964,-0.5485248026024172
542699,10.040243599424606,-0.42492279976962366
542999,5.450398847473218,-0.26266624454092824
543298,3.6908288943459016,-0.33867404877740803
543599,6.846544977720902,-0.25458538484589344
543898,6.691469720142198,-0.2614151291975497
544199,1.7725409980399163,-0.5212483779652168
544498,3.0004337604033418,-0.8087853514315986
544799,2.0253669844824764,-0.7126837360526179
545098,2.086080767683435,-0.576321542177038
545399,1.9697960711051619,-0.7087018267875578
545699,3.093923105973217,-0.2583752801730519
545998,2.820066187204699,-0.5063679415104361
546299,3.8239709032556246,-0.3630782071725793
546598,1.2777635772431508,-0.14232639667846492
546899,2.9279519707285697,-0.5243756431206765
547198,1.6972992029056568,-0.5625946459430222
547499,2.336489255466273,-0.6211548556186235
547798,2.6097646253250693,-0.6429225984423557
548099,1.263582316528342,-0.28134528967143924
548399,1.439501920130194,-0.23071488840601884
548698,1.1497478126834346,-0.10047546275666863
548999,1.489008539051921,-0.3379406245055927
549298,1.2231053723755645,-0.08709736532665202
549599,6.737065832577383,-0.20965643444071325
549898,1.836882089862106,-0.49536228193591536
550199,1.5029428404658423,-0.22791741303580504
550498,1.5760237637945458,-0.25980442969882933
550799,1.4442346637505645,-0.18693043779728824
551099,1.5455462077829718,-0.22525066287041007
551398,1.6278600633894533,-0.24892859169005566
551699,1.8580880868709346,-0.3954180993855594
551998,1.8269765622991758,-0.3517685076338566
552299,2.103429409773712,-0.4459198810386431
552598,2.3669983984588976,-0.48048110635530694
552899,2.620827324625564,-0.51695678395002
553198,2.955898786227416,-0.5865779283839119
553499,3.0070956614149162,-0.55200127046795
553799,3.0384213915121383,-0.5698787513645152
554098,3.2470357306718602,-0.6087164611469678
554399,3.248408832991305,-0.5677438559361123
554698,3.2841945946649163,-0.5596934382389098
554999,3.455271035454268,-0.6019261371891285
555298,3.5565194957348134,-0.6177048129544713
555599,3.8704870652088967,-0.6213819196772112
555898,3.851807767149784,-0.6488870497878436
556199,3.8811315612528787,-0.6347195691784973
556499,21.625373152864867,-0.2576275966100363
556798,0.749720063036042,
557099,0.749720063036042,
557398,0.749720063036042,
557699,0.749720063036042,
557998,0.749720063036042,
558299,0.749720063036042,
558598,0.749720063036042,
558899,0.749720063036042,
559199,,
559498,0.616219457124521,-0.600348020815068
559799,24.131677867246736,-0.56772030428537
560098,14.076045820026657,-0.43997252302057355
560399,0.749720063036042,
560698,1.0861789861027251,-0.15594287836598708
560999,0.9213570244114229,-0.2611194970358792
561298,0.749720063036042,
561599,0.749720063036042,
561899,0.749720063036042,
562198,0.749720063036042,
562499,0.749720063036042,
562798,24.7000309861545,-0.4583985030616631
563099,71.65178715520665,-0.49718337449149796
563398,0.749720063036042,
563699,0.749720063036042,
563998,0.749720063036042,
564299,0.749720063036042,
564599,0.749720063036042,
564898,0.749720063036042,
565199,0.749720063036042,
565498,1.8276715631658231,-0.3535897691657661
565799,4.050103636063755,-0.5901752472620814
566098,3.393275816508199,-0.6273050088250629
566399,3.4225980319804212,-0.6187629485674189
566698,3.3913354983206987,-0.5786394910711334
566999,3.571633842038649,-0.5610755549561581
567299,3.2865361071841246,-0.5614632960221013
567598,5.30617862800331,-0.4385458021422586
567899,4.2926936778528475,-0.5107218547410293
568198,2.725041488981149,-0.5562759688114629
568499,2.7083199412026433,-0.5826593513357134
568798,2.5265435432628287,-0.5481136756517291
569099,2.38547596656144,-0.5191480844309904
569398,2.76422709063159,-0.7033904472326729
569699,8.86398066449868,-0.3030654637696124
569999,3.9030238539747444,-0.2725036942128498
570298,3.6441521336236806,-0.43693669905481225
570599,2.6991790275591248,-0.5353075056723615
570898,2.531221440792921,-0.4524274908706085
571199,2.5665079285822734,-0.4876045111845879
571498,2.6629058718716245,-0.47958295064124923
571799,6.496046235781089,-0.5511727508944964
572098,2.9389985390782627,-0.6021350233615514
572399,3.5981702211626736,-0.8954175365889268
572699,2.740895250401718,-0.45625643371703073
572998,4.095963104044999,-0.5586383144002174
573299,3.061920232087284,-0.6350694529802419
573598,3.284661945866736,-0.82784151928492
573899,3.050019557713958,-0.5822175692111586
574198,2.2174798832581986,-0.34266573261730016
574499,2.2775967489452467,-0.3434957940370482
574798,2.008537785937168,-0.2930767519308328
575099,2.0359252920382915,-0.3184456374624913
575399,2.359224520637375,-0.42495790154669777
575698,2.210653652882746,-0.35169760415513074
575999,1.8784214914943098,-0.2614830702251747
576298,1.870208940652984,-0.2704426279480845
576599,2.016632543065022,-0.39004772476680905
576898,1.6477375968844656,-0.2123891163813485
577199,1.9249611583200088,-0.3819253925866841
577498,1.5389207938659473,-0.16464264058547085
577799,1.4672302569218605,-0.13839572521764998
578099,17.018477541595903,-0.4091682348632444
578398,11.36651767159401,-0.415640949406231
578699,9.16015242733625,-0.49637583177211386
578998,76.33089544091767,-0.35068028150684594
579299,59.26043904147631,-0.32070568614849826
579598,0.749720063036042,
579899,0.749720063036042,
580198,0.749720063036042,
580499,0.749720063036042,
580799,0.749720063036042,
581098,0.749720063036042,
581399,0.749720063036042,
581698,0.749720063036042,
581999,0.749720063036042,
582298,0.749720063036042,
582599,0.749720063036042,
582898,0.749720063036042,
583199,0.749720063036042,
583499,0.749720063036042,
583798,0.749720063036042,
584099,0.749720063036042,
584398,0.749720063036042,
584699,0.749720063036042,
584998,0.749720063036042,
585299,0.749720063036042,
585598,0.749720063036042,
585899,0.749720063036042,
586199,0.749720063036042,
586498,0.749720063036042,
586799,0.749720063036042,
587098,0.749720063036042,
587399,0.749720063036042,
587698,0.749720063036042,
587999,0.749720063036042,
588298,0.749720063036042,
588599,0.749720063036042,
588899,0.749720063036042,
589198,0.749720063036042,
589499,7.618848772292662,-0.9446356268881806
589798,11.900624459246364,-1.223911914972743
590099,26.3555697858297,-1.2740702053466277
590398,22.770559778102847,-1.362885059005713
590699,19.380427771332013,-1.4495147405769964
590998,6.391650909889884,-1.2293033534269306
591299,6.291907881283404,-0.9489990152189245
591599,3.7787952031371383,-0.5214012292932706
591898,3.575009163833897,-0.4805077537774032
592199,4.122221349111675,-0.6988976660406152
592498,4.056119590275937,-0.9126973757471757
592799,15.837443118500476,-1.046754908690418
593098,16.520568363822758,-1.4153586210038043
593399,4.008864446080687,-0.6824339721327641
593698,33.012017033385256,-1.21359521826319
593999,,
594299,0.749720063036042,
594598,0.749720063036042,
594899,0.749720063036042,
595198,0.749720063036042,
595499,0.749720063036042,
595798,0.749720063036042,
596099,0.749720063036042,
596398,0.749720063036042,
596699,0.749720063036042,
596999,0.749720063036042,
597298,0.749720063036042,
597599,0.749720063036042,
597898,0.749720063036042,
598199,0.749720063036042,
598498,,
598799,,
599098,,
599399,,
599699,,
599998,,
600299,,
600598,0.749720063036042,
600899,0.749720063036042,
601198,0.749720063036042,
601499,0.749720063036042,
601798,0.749720063036042,
602099,0.749720063036042,
602399,0.749720063036042,
602698,0.749720063036042,
602999,0.749720063036042,
603298,0.749720063036042,
603599,0.749720063036042,
603898,0.749720063036042,
604199,0.749720063036042,
604498,0.749720063036042,
604799,0.749720063036042,
605099,0.749720063036042,
605398,0.749720063036042,
605699,0.749720063036042,
605998,0.749720063036042,
606299,0.749720063036042,
606598,0.749720063036042,
606899,0.749720063036042,
607198,0.749720063036042,
607499,0.749720063036042,
607799,0.749720063036042,
608098,0.749720063036042,
608399,0.749720063036042,
608698,0.749720063036042,
608999,0.749720063036042,
609298,0.749720063036042,
609599,0.749720063036042,
609898,0.749720063036042,
610199,0.749720063036042,
610499,0.749720063036042,
610798,0.749720063036042,
611099,0.749720063036042,
611398,0.749720063036042,
611699,0.749720063036042,
611998,0.749720063036042,
612299,0.749720063036042,
612598,0.749720063036042,
612899,0.749720063036042,
613199,0.749720063036042,
613498,0.4667382851248727,0.26656418230382295
613799,5.843062574062058,-0.8126098046251142
614098,12.059619736375996,-1.320321408088541
614399,3.6395485538253283,-0.6297584620155563
614698,3.5089016652975507,-0.6154415172544252
614999,3.731520138867352,-0.5996101481742511
615298,3.69436586977939,-0.5957862570096601
615599,3.6217506981312417,-0.5941394953266612
615899,3.3759331555359764,-0.6076997695012383
616198,3.420885337427886,-0.5061786583695447
616499,3.189774375855779,-0.5909154297852197
616798,3.168298312517816,-0.663299872018638
617099,3.0945206429467706,-0.6560844695757235
617398,4.0739187719553165,-0.4958591622705302
617699,2.494275784265143,-0.4626565041969739
617998,4.508585845109791,-0.7055750594794923
618299,2.612354576038291,-0.510927993098452
618599,3.034229460404391,-0.714343092470213
618898,2.6050670032628283,-0.5252041256717621
619199,2.682312868096162,-0.5382624076065377
619498,8.536617409058866,-0.6209234278562881
619799,2.441065552353107,-0.48302904889255305
620098,2.5067871896980134,-0.4884362888381111
620399,2.7894527055475513,-0.6040337351207783
620698,2.459499479506955,-0.5438733752404064
620999,2.936170896634885,-0.5635530763758911
621299,2.2291195892539277,-0.37570630760415225
621598,2.127205207381242,-0.34171081901577605
621899,2.276420561631242,-0.4123934494628483
622198,2.365044834212261,-0.4649908536255307
622499,7.985738538666591,-0.6263744494787624
622798,2.1142937881219823,-0.3468961439456202
623099,6.773285911912675,-1.0910619068640233
623398,2.080988290410739,-0.31877211966452235
623699,2.6001845828061203,-0.7375392724293428
623999,2.02189156890611,-0.3402654323838994
624298,2.143377600559483,-0.3749501486553346
624599,2.341461499207036,-0.4472381974098645
624898,2.2659431634153693,-0.44341767716425484
625199,2.3200706553991655,-0.4218092892122085
625498,2.45390857790611,-0.48665183643459753
625799,2.297363929056573,-0.4263590020181669
626098,2.147000549088527,-0.36354792840802586
626399,2.1840406622598234,-0.3943499916754931
626699,2.1542344284010273,-0.47249323066548543
626998,20.690695962794546,-0.3377879321625161
627299,24.419965002019516,-0.5139533284514546
627598,60.05939867764219,-0.8751416842517779
627899,0.749720063036042,
628198,0.749720063036042,
628499,0.749720063036042,
628798,29.77832321172322,-0.5114362934120456
629099,12.195300210369773,-0.17491076459380062
629399,8.219763425843588,-0.6039444657115518
629698,25.907858834139883,-0.9503715285788468
629999,28.06466439245007,-0.7767518464800414
630298,25.254399927510253,-0.723268008312475
630599,0.6022590043380199,0.03895618971725778
630898,,
631199,0.749720063036042,
631498,18.84347780411442,-0.6886955180891121
631799,26.448059579804234,-0.5841453765625493
632099,14.0241641779547,-0.9622352294899887
632398,26.702941198341275,-0.3989294469812914
632699,22.161359545142194,-0.4101256081751665
632998,17.08647355071859,-0.7765401538965608
633299,8.09010048345007,-0.9621535395791936
633598,5.319926498043824,-1.379861309786219
633899,25.055034134843588,-1.3304445900018234
634198,4.741319939438495,-1.1101808192636167
634499,3.4974311810977867,-1.0152947684623124
634799,3.1288008484454397,-1.2583994028313312
635098,4.487545408700791,-0.6073938918677948
635399,3.4065849664693095,-1.1337710214093435
635698,2.6030365544496386,-0.6919299875915303
635999,4.824576683212364,-1.183076560093299
636298,4.634039819440378,-1.1385514367797804
636599,8.817146006165347,-1.1848769128438756
636898,4.634599459514363,-1.1074465540909593
637199,7.310132691463958,-0.9571748620828229
637499,5.144014128258662,-1.1558110057370077
637798,5.59167813007044,-0.9311809313481074
638099,4.37820033756118,-1.1121366061647473
638398,6.8092168858297,-1.2309227430312846
638699,52.794320001105156,-0.411973915682311
638998,129.1798326862973,-0.11555815966208471
639299,4.960310563100531,-0.3790739941168313
639598,0.5315531430912297,0.22944648594181627
639899,1.0406854729001105,-0.04952645887288698
640199,3.5309360450283416,-0.8052261439498434
640498,5.752401084156088,-0.800591122313544
640799,7.567354364637568,-0.5269810797486065
641098,4.807047168854732,-0.7340785060502582
641399,3.861293258397469,-0.8723011883663747
641698,6.589228263174174,-0.6971611611813477
641999,4.64896993785753,-0.2716698831927744
642298,2.9679980444021075,-0.34453713187768487
642599,43.88540645076026,-0.5664071744203696
642899,81.92971497524636,-0.5830930631165883
643198,4.261282693799977,-0.9018866718345444
643499,4.994895775264453,-0.8670728987233483
643798,5.895870637956583,-0.9266149894072311
644099,7.213527029563063,-0.8687039814031947
644398,5.17446671117649,-0.7030428209491444
644699,4.94850920412325,-0.6422270596324227
644998,5.175125974907971,-0.6873452933091613
645299,5.220530305141768,-0.6266287414581169
645599,6.233427183896399,-0.5195916653735213
645898,4.94296415299362,-0.5866105555359382
646199,6.280158993023712,-0.5259471140410419
646498,6.759727992151026,-0.554163291007749
646799,7.594800171053805,-0.5714945287252962
647098,8.589284863616305,-0.5333768719554082
647399,8.270938707012139,-0.56482379243575
647698,8.128144034377879,-0.5451699764969367
647999,7.7536531277621386,-0.5450849451300881
648299,9.462590440022549,-0.5744933833337762
648598,13.478204213813497,-0.49923698332161326
648899,12.056629835544976,-0.5245119747927698
649198,10.167345845433866,-0.6921797166643222
649499,23.952100619727847,-0.27631701502852435
649798,38.911841282994054,-0.42836470007920857
650099,26.94448838570933,-0.4957033114323086
650398,52.82935371060285,-0.44747715889608597
650699,40.05985681579266,-0.41630342775424456
650999,45.54311671503803,-0.3016903035085754
651298,38.06709733816304,-0.3913744256711744
651599,4.424368757159822,-0.1727937635367469
651898,0.749720063036042,
652199,0.749720063036042,
652498,0.749720063036042,
652799,0.749720063036042,
653098,0.749720063036042,
653399,0.749720063036042,
653699,0.749720063036042,
653998,0.749720063036042,
654299,0.749720063036042,
654598,0.749720063036042,
654899,0.749720063036042,
655198,0.749720063036042,
655499,0.749720063036042,
655798,9.186244737073393,-0.4362678326695586
656099,7.629390916301921,-0.3861521603563114
656399,7.214217603417661,-0.43270774475896534
656698,4.3733590440406065,-0.6445433376178997
656999,4.104893376878569,-0.6541430241559638
657298,3.946871111483094,-0.6890104990095871
657599,3.67721213646226,-0.6227667575562661
657898,3.1264530386494025,-0.5735921374170387
658199,4.860267718782054,-0.653420236475144
658498,8.155280154075438,-0.5705436901150178
658799,8.470768701903772,-0.6584633251335779
659099,8.348504967183041,-0.4197763863299653
659398,13.082186898032603,-0.47525430031547744
659699,9.541435848839297,-0.42015414888843416
659998,6.840154291294177,-0.5680286068231948
660299,7.165337714044914,-0.7270201463811781
660598,6.921373201719599,-0.7381989222189203
660899,6.154736669844123,-0.73225333304428
661198,5.83303251119366,-0.7568823013739321
661499,5.75785988132792,-0.7121237345239331
661799,8.681194082999045,-0.8732973816238174
662098,7.866687927049546,-0.8109493833814345
662399,14.274377270538034,-0.6726780125453802
662698,10.53941672800331,-0.7485481469434794
662999,11.50568334306581,-0.7602619090142164
663298,13.00032376524405,-0.6908995531374436
663599,19.759003791369047,-0.617777820476787
663898,20.369566527367517,-0.6984358780440201
664199,21.652839894591278,-0.6880218250038668
664499,25.157366701305012,-0.6324331240239482
664798,27.623864168920754,-0.5844832668770723
665099,22.12202369590853,-0.6800391721807788
665398,36.0338998173877,-0.5419009371159842
665699,50.825121703385385,-0.6819812388320923
665998,64.17195190589293,-0.5679872692714825
666299,65.17434367095892,-0.5133957023046416
666598,53.422621305621504,-0.555175428706419
666899,60.013123448484926,-0.42168617298081745
667199,28.96969085729742,-0.44925430708437286
667498,33.21460207412381,-0.5081238249162452
667799,0.749720063036042,
668098,,
668399,0.749720063036042,
668698,0.749720063036042,
668999,0.749720063036042,
669298,0.749720063036042,
669599,0.749720063036042,
669899,0.749720063036042,
670198,0.749720063036042,
670499,0.749720063036042,
670798,0.749720063036042,
671099,0.749720063036042,
671398,0.749720063036042,
671699,0.749720063036042,
671998,0.749720063036042,
672299,0.749720063036042,
672599,0.749720063036042,
672898,0.749720063036042,
673199,0.749720063036042,
673498,0.749720063036042,
673799,0.749720063036042,
674098,0.749720063036042,
674399,0.749720063036042,
674698,0.749720063036042,
674999,0.749720063036042,
675299,20.798101113947755,-0.8020119902618486
675598,8.560440195494051,-1.3470360416468798
675899,,
676198,5.037092774058865,-1.1502404020182042
676499,10.3669048674709,-1.2151041907928293
676798,17.809573851065807,-1.0256692074287606
677099,21.356067507989426,-1.313544212395735
677398,13.14908275605655,-1.6428138873433609
677699,12.056425625179235,-1.189416074697299
677999,9.392273946181549,-1.531617041061763
678298,14.839037936378313,-1.0509183757441725
678599,21.070497251943124,-1.0739403326497419
678898,3.9916900314785693,-1.1493121572074587
679199,3.249654531704268,-0.7668452446902116
679498,3.3075078575422308,-0.8404066586994601
679799,4.940065291433434,-0.8894998048890566
680098,3.4451083163639904,-0.6554926437635411
680399,3.381445556766768,-0.59439431021084
680699,3.6586340790121383,-0.6282902046151075
680998,4.063529986213528,-0.6995086426568191
681299,10.590635219507938,-0.7098290808307264
681598,6.154447108763291,-1.0311606189392983
681899,15.891505252371363,-1.224244614391567
682198,15.623134957642199,-1.326737799731069
682499,4.902858423747971,-0.7348279987284871
682798,10.445538225475532,-1.2814261995817229
683099,3.3593454786018997,-0.47655316171392537
683399,18.24505705720007,-1.528288383124988
683698,0.749720063036042,
683999,0.749720063036042,
684298,0.749720063036042,
684599,0.749720063036042,
684898,0.749720063036042,
685199,0.749720063036042,
685498,0.749720063036042,
685799,0.749720063036042,
686099,0.749720063036042,
686398,0.749720063036042,
686699,0.749720063036042,
686998,0.749720063036042,
687299,0.749720063036042,
687598,,
687899,0.749720063036042,
688198,11.894882917262569,-0.5046147926078801
688499,,
688799,,
689098,0.749720063036042,
689399,0.749720063036042,
689698,0.749720063036042,
689999,,
690298,,
690599,,
690898,,
691199,,
691499,,
691798,,
692099,,
692398,,
692699,,
692998,,
693299,0.749720063036042,
693598,0.749720063036042,
693899,0.749720063036042,
694199,0.6576519629183671,-0.7237969836682332
694498,0.749720063036042,
694799,0.749720063036042,
695098,0.749720063036042,
695399,0.749720063036042,
695698,0.749720063036042,
695999,0.749720063036042,
696298,1.7742592904505454,-0.07423069970527707
696599,0.749720063036042,
696899,0.749720063036042,
697198,9.340573956211644,-1.0685945034217883
697499,24.11939052400519,-1.2887208974274316
697798,10.85338883454898,-0.9769872113498046
698099,3.882875972116758,-0.6099287956601407
698398,4.2519079305982395,-0.648884958505594
698699,4.5403706232278696,-0.5771609410060385
698998,4.740366268875564,-0.673340892077199
699299,5.647437629661878,-0.7747057978231755
699599,4.769988934818766,-0.6268530474946326
699898,4.249312993924629,-0.5563858006669606
700199,4.423871700229729,-0.5503528336116708
700498,5.000808071054877,-0.6368987279116547
700799,5.2874442392112115,-0.6233536002955662
701098,5.196533012713528,-0.6461854879652971
701399,5.351559459875564,-0.651713408833767
701698,7.606282715162602,-0.8429263306160526
701999,8.01884117670007,-0.8939351381034619
702299,5.1193329576983935,-0.6991099953777471
702598,8.036113240989419,-0.8571579384663761
702899,4.670382654276457,-0.9288760737491302
703198,5.79709635758898,-0.9961051514795642
703499,4.6857644157139795,-0.8285791785584058
703798,12.905498565019514,-0.9815889045768726
704099,7.47544951582507,-1.0431867959058727
704398,7.641570887833898,-0.9941602164217316
704699,3.724117124396851,-0.7064836081565009
704999,3.864611665586666,-0.739019418284123
705298,4.163473098371388,-0.7676312561252971
705599,3.889061205431573,-0.678391386851082
705898,3.7780302966190735,-0.6401623922113975
706199,3.744886369711664,-0.6321053949844893
706498,3.5178673893482393,-0.5745486498945866
706799,3.681498406070461,-0.5969869247085904
707098,3.5515472338806466,-0.5289781273639098
707399,3.6890363802996284,-0.547599140620449
707699,3.8381928657065822,-0.5777986507507997
707998,3.6331054852644535,-0.546482213691607
708299,3.9575149846144435,-0.5970669969931091
708598,3.5634513628343507,-0.5305292496026266
708899,3.160892855250564,-0.6082170756448504
709198,3.271111498503332,-0.6208770207400001
709499,3.3289473144195463,-0.6179506931966543
709798,3.382830400602416,-0.5961701726983337
710099,3.4443200059565826,-0.5514195752318605
710399,3.4243499482852866,-0.5158325023657946
710698,3.582703852641768,-0.5038898846167592
710999,3.585344057910286,-0.5240093021189909
711298,3.6542833505491745,-0.5371603277246002
711599,3.712456807410287,-0.5333533388778822
711898,3.7593282098501017,-0.49289375948593017
712199,10.55688764436275,-0.501808899449323
712498,3.9522782395028795,-0.5186427548651653
712799,4.112182838801491,-0.5443852436715597
713099,4.158565764785287,-0.5184729785979714
713398,4.415571421933436,-0.5081137886923837
713699,4.665299481213527,-0.5238708810879236
713998,4.770869223266768,-0.5090696872043359
714299,4.6436548239635265,-0.5005135024036018
714598,4.602630464190379,-0.4885466405416823
714899,4.371385880044545,-0.4424525650278204
715198,4.5686938507243795,-0.5164735889322589
715499,3.976492326405657,-0.43585255515516863
715799,3.9533999171764895,-0.3683206103477339
716098,3.9165039989959345,-0.28135856468491527
716399,3.7641799143963977,-0.32784881285178624
716698,5.167265602336642,-0.6489564674681343
716999,3.963463481343157,-0.5190089182173696
717298,3.595650533232046,-0.39903209935594197
717599,4.126384117906728,-0.565465795223361
717898,3.60062093267649,-0.44512678477018075
718199,3.936817658736675,-0.5199672172159842
718499,3.868178019574638,-0.43454797998639494
718798,3.877661084986676,-0.4573701899117646
719099,3.9047201386857506,-0.4838324200830706
719398,4.273812755535287,-0.5222969130739232
719699,10.418411799727846,-0.4527556054530606
719998,14.394987648336645,-0.536283991339443
720299,4.548191002494238,-0.3352472605329655
720598,42.165356174033406,-0.24515789269330357
720899,4.870064747049606,-0.768775659447337
721199,4.556194593005625,-0.9208942350893072
721498,3.982309468689136,-0.7437635172913317
721799,4.035995114484361,-0.6248526218626966
722098,3.9440814183130644,-0.5032501280145592
722399,8.856632898947323,-0.6929223083045857
722698,4.383280833201953,-0.5276714599258254
722999,5.773544623536357,-0.7525054279975889
723298,9.701105034755624,-0.6553393946928445
723599,5.289369902424175,-0.822531026056581
723899,9.319944422747088,-0.6199855323837002
724198,4.094521417225532,-0.7690024929071522
724499,6.0980314641514575,-0.6014034755744324
724798,7.047283991711212,-0.5160546040754597
725099,5.105124975635977,-0.9605461003502349
725398,4.886246095285286,-0.8979414171632583
725699,4.69053154916723,-0.7030427992997414
725998,8.694398155327386,-0.8797513384338183
726299,4.325140977049176,-0.654423388443705
726599,4.473903824822323,-0.6890288425533639
726898,4.192947850384733,-0.6603092425274399
727199,4.063500092789916,-0.6432466580294709
727498,3.7716774735630647,-0.5653972767152493
727799,3.9779044719010273,-0.5917130229894791
728098,3.8068509641880652,-0.5336220090896941
728399,4.187012328952384,-0.6282791103048029
728698,20.16572318625331,-0.3363855048471458
728999,4.037164815049176,-0.5578720791464225
729299,4.172417534354732,-0.5533424944757863
729598,4.49155610106075,-0.5584585261260449
729899,6.130911000544976,-0.8638477022798157
730198,4.922028230260895,-0.5441605584606117
730499,4.68000666425288,-0.5290037531806808
730798,4.986436883146398,-0.4930456216782064
731099,4.991540442183434,-0.5129162639913616
731398,5.217960675600101,-0.5658764931976141
731699,5.603087892134823,-0.5619820528929143
731999,5.599826475708898,-0.5505217046542519
732298,5.923149009850102,-0.5420469175630294
732599,6.136839658336212,-0.5014957894032612
732898,5.934509034759823,-0.5056071743953854
733199,5.95041776668112,-0.47037254269272943
733498,6.245606489988989,-0.4833285187353573
733799,6.233592081370934,-0.4791571721944947
734098,6.250275416986676,-0.4430170639529807
734399,6.2226293390028795,-0.4412464428476346
734699,6.56663645947973,-0.43971978818441193
734998,6.586217457563064,-0.422813311886826
735299,6.832902828317693,-0.421429643139843
735598,7.2038718853639905,-0.44150600880103097
735899,7.2416842260098235,-0.4417000767543786
736198,7.459536567130194,-0.43289916339783363
736499,7.996630410093157,-0.4419149826264821
736798,8.224676204664915,-0.4428432189628473
737099,8.39230535725288,-0.44612308936299905
737399,8.768855267294546,-0.464958394103721
737698,8.921991079037602,-0.457046342478012
737999,9.226720533625564,-0.45305118909272313
738298,9.100308952118619,-0.42688515233839786
738599,8.948219662822323,-0.41512687326875697
738898,8.917977482014456,-0.42006765833817883
739199,8.835328772637137,-0.41875460106703044
739498,8.61709103936862,-0.3918522628180878
739799,8.578567850199637,-0.3946886899760771
740099,8.560627626042232,-0.3925408717114751
740398,8.710277617991306,-0.4125835720522839
740699,8.703590605232044,-0.4031237498786586
740998,8.59714931343575,-0.41026196843959695
741299,9.009152528880193,-0.43015887902740224
741598,8.82761935572047,-0.4324800558250512
741899,8.47931885707001,-0.3888900890787883
742198,8.70045296262325,-0.38641813133582237
742499,8.403787809919548,-0.3816794007805928
742799,8.568536008528344,-0.37106951905884666
743098,8.592689682067695,-0.40658054051304604
743399,8.588323651979731,-0.36842848332232303
743698,8.251343355975102,-0.33722636925937044
743999,8.334807689401025,-0.3534714658443663
744298,8.340623339318743,-0.3533133872904868
744599,8.61644246312198,-0.38994726398723256
744898,8.667989729897446,-0.4254218297314536
745199,16.32808037515377,-0.6252346983126387
745499,9.517994735257963,-0.549820674556216
745798,6.194075053721004,-0.3670331975498451
746099,8.41030039001746,-0.48832236533969886
746398,7.68495294319083,-0.5222588722156505
746699,6.473576494318742,-0.49182007982616094
746998,6.140061624906109,-0.5670625107497853
747299,4.389732466366756,-0.7080883940877272
747598,4.541679165737128,-0.6943426616136501
747899,4.655301848494073,-0.7095532635559436
748199,4.7860394759662945,-0.6973608374979392
748498,4.904504693088527,-0.7159511635128091
748799,4.81345034986399,-0.6880861837935999
749098,4.696364019139453,-0.6704641581220525
749399,4.642887309538054,-0.6296019555475267
749698,5.5043955214547,-0.7518766417217475
749999,5.351950916433887,-0.721097901349512
750298,5.390826507306572,-0.7244150173099042
750599,5.505702553355184,-0.6967285977378124
750899,5.571999038745934,-0.6942761860628142
751198,5.916262859861675,-0.6972484224153237
751499,5.964873448843157,-0.6822097331649457
751798,6.132277798285288,-0.6600195479031765
752099,6.159375025896398,-0.641055001967648
752398,5.934826365100101,-0.606231393296321
752699,5.976278312373251,-0.6179931832152461
752998,5.919369779283425,-0.5509815519779016
753299,5.98867796291074,-0.532847121072413
753599,6.738014485790347,-0.6998202986453579
753898,5.229507747432168,-0.47589183046227324
754199,5.238979174001612,-0.4934340090967422
754498,5.4814701330965185,-0.47581618262054204
754799,5.617777537126612,-0.483537803219692
755098,5.320679076456313,-0.6705509940494172
755399,4.9896585485542575,-0.6206609213874141
755698,4.971369611858094,-0.5149882390898974
755999,4.984202756950092,-0.5446716523373993
756299,5.017516366556119,-0.5438592382132266
756598,5.0659712312204705,-0.54981437358812
756899,5.208289780810748,-0.5998102683919742
757198,5.201180754475101,-0.5998724130128956
757499,5.03187149461862,-0.5274740858627678
757798,5.13403869048899,-0.4668314222195924
758099,5.08289034967649,-0.4691367043911794
758398,5.371174017375564,-0.4999002077217085
758699,29.285800167952384,-0.6862558534024934
758999,34.068269201063494,-0.6513008943559044
759298,0.7096892246235179,0.17247876299549314
759599,,
759898,0.749720063036042,
760199,0.749720063036042,
760498,0.749720063036042,
760799,0.749720063036042,
761098,0.749720063036042,
761399,0.749720063036042,
761699,0.749720063036042,
761998,0.749720063036042,
762299,0.749720063036042,
762598,0.749720063036042,
762899,0.749720063036042,
763198,0.749720063036042,
763499,0.749720063036042,
763798,0.749720063036042,
764099,0.749720063036042,
764399,0.749720063036042,
764698,0.749720063036042,
764999,0.749720063036042,
765298,0.749720063036042,
765599,0.749720063036042,
765898,0.749720063036042,
766199,0.749720063036042,
766498,0.749720063036042,
766799,0.749720063036042,
767099,0.749720063036042,
767398,0.749720063036042,
767699,0.749720063036042,
767998,0.749720063036042,
768299,0.749720063036042,
768598,0.749720063036042,
768899,2.158957048175326,-0.14406707025159982
769198,10.36656131458505,-0.5432943752549637
769499,10.437986511813497,-0.717028633736418
769799,9.38084949455612,-0.5346072998249951
770098,8.600903540915347,-0.5819059383660663
770399,7.765549230526028,-0.5365685054817231
770698,7.10338634687325,-0.47725678532602944
770999,21.605666743977842,-1.0220562866674694
771298,13.449035445483199,-1.0571086567233534
771599,33.153563716126,-1.39757469396729
771898,,
772199,,
772499,,
772798,,
773099,,
773398,,
773699,0.749720063036042,
773998,,
774299,,
774598,,
774899,,
775199,0.749720063036042,
775498,0.749720063036042,
775799,0.749720063036042,
776098,0.749720063036042,
776399,0.749720063036042,
776698,0.749720063036042,
776999,0.749720063036042,
777298,0.749720063036042,
777599,0.749720063036042,
777899,0.749720063036042,
778198,0.749720063036042,
778499,0.749720063036042,
778798,0.749720063036042,
779099,0.749720063036042,
779398,0.749720063036042,
779699,0.749720063036042,
779998,0.749720063036042,
780299,0.749720063036042,
780599,0.749720063036042,
780898,0.749720063036042,
781199,0.749720063036042,
781498,0.749720063036042,
781799,0.749720063036042,
782098,0.749720063036042,
782399,0.749720063036042,
782698,0.749720063036042,
782999,0.749720063036042,
783299,0.749720063036042,
783598,0.749720063036042,
783899,0.749720063036042,
784198,0.749720063036042,
784499,0.749720063036042,
784798,0.749720063036042,
785099,0.749720063036042,
785398,0.749720063036042,
785699,0.749720063036042,
785999,0.749720063036042,
786298,0.749720063036042,
786599,0.749720063036042,
786898,0.749720063036042,
787199,0.749720063036042,
787498,0.749720063036042,
787799,0.749720063036042,
788098,0.749720063036042,
788399,0.749720063036042,
788699,0.749720063036042,
788998,0.749720063036042,
789299,0.749720063036042,
789598,0.749720063036042,
789899,0.749720063036042,
790198,2.7940407816915513,-0.6718869302130381
790499,6.894973402436181,-0.820825787357071
790798,4.780074921315832,-0.6681436883683953
791099,4.862677138203477,-0.7524405806681533
791399,5.172490207006786,-0.8172189402495227
791698,4.80144561840611,-0.6948908587818419
791999,6.760128406433864,-0.6613917557802369
792298,5.745518943209351,-0.7323044946536579
792599,8.029755274939587,-0.5136203836776203
792898,6.113654332072754,-0.7684712355745249
793199,4.445257516952406,-0.7294276420046228
793498,5.783357905557713,-0.7797716817401261
793799,6.223218687612107,-0.8684948025003367
794099,6.663863976865062,-0.6987864182327583
794398,5.160903983338526,-0.7604475031068867
794699,5.13163751593575,-0.7564823162615473
794998,5.357576521218157,-0.7594934262404365
795299,5.639145786204721,-0.7213801612961837
795598,5.087145689577406,-0.73037566417563
795899,5.834773108422932,-0.7851442690321269
796198,5.002255425394534,-0.7667301819404082
796499,5.2649978584130555,-0.7664184632146205
796799,4.907731042213978,-0.647437224625439
797098,43.12799542158896,-0.4109742578937894
797399,7.180235807424605,-0.43505263060820876
797698,7.31275317312368,-0.4774824604350325
797999,7.441418836838959,-0.36231235969284303
798298,8.620937677832012,-0.41092253223060626
798599,4.513891374832035,-0.7236538711735654
798898,4.760894431431572,-0.7711453269493762
799199,4.935390591051943,-0.736543179955345
799499,5.076738418943766,-0.6851862325461691
799798,5.17841650004223,-0.6637911887783738
800099,5.780244684232476,-0.7797484256393781
800398,5.144869454824638,-0.5680648539934567
800699,5.6598296064751015,-0.572533262023607
800998,5.693036415572324,-0.5817493334556585
801299,6.10648906531075,-0.5290513902665193
801598,5.478508933178805,-0.41476074862335177
801899,6.015311115384822,-0.45717785600810656
802199,6.138851555491304,-0.44025757930794174
802498,6.327917899188064,-0.484339687907277
802799,6.332990564820007,-0.7294106457455594
803098,5.60390859528225,-0.8459130081215553
803399,4.71837992192649,-0.7051017549593432
803698,4.903970430942694,-0.7107492501623383
803999,4.633645530345472,-0.5592367296233567
804298,4.678569145174176,-0.4957077300661954
804599,5.0659970041394535,-0.5493684835055543
804899,5.378460429391767,-0.5871998965363154
805198,5.767864263512139,-0.6148756276086433
805499,6.21903068869544,-0.7964574542508185
805798,15.88225347548942,-0.6150184243284837
806099,100.77775413742694,-0.47858795474579696
806398,51.475017861961646,-0.4316866893139846
806699,0.749720063036042,
806998,0.7450224853771485,-0.15472659782971077
807299,0.749720063036042,
807599,0.749720063036042,
807898,0.749720063036042,
808199,0.749720063036042,
808498,0.749720063036042,
808799,0.749720063036042,
809098,0.749720063036042,
809399,0.749720063036042,
809698,0.749720063036042,
809999,0.749720063036042,
810299,0.749720063036042,
810598,0.749720063036042,
810899,0.749720063036042,
811198,0.749720063036042,
811499,0.749720063036042,
811798,0.749720063036042,
812099,0.749720063036042,
812398,0.749720063036042,
812699,0.749720063036042,
812999,11.769818213158404,-0.9396369327411478
813298,10.24325494898479,-1.1031417897281965
813599,10.570131607616304,-0.6000400659217062
813898,5.491507360399143,-0.6691424210331709
814199,5.520027550278343,-0.9326083058417556
814498,7.609083445315379,-0.9450730742147062
814799,6.000527949590842,-0.8516534369640096
815098,6.158118323895235,-0.777666389201692
815399,5.971995424206493,-0.7706346678134821
815699,9.897411895005625,-0.8753302272931014
815998,7.180679890771829,-0.9913672354211311
816299,6.550698997181552,-0.6391277591765223
816598,7.821267334827384,-0.9491976385908762
816899,9.29600327749405,-1.003879677728046
817198,8.236516976977846,-1.0255063538258495
817499,7.356051388017199,-0.8459779390222077
817798,7.84359827419544,-1.0689898015445278
818099,6.831822489949638,-0.8931148692304978
818399,13.602353485563494,-0.8925860210775087
818698,6.5194043242389,-0.6369841762109074
818999,6.598217495943125,-0.7382712565090044
819298,7.70872795911442,-0.7228636246459395
819599,5.8646946327690825,-0.6252925160243934
819898,7.336143731454699,-0.8979962161569479
820199,9.157582527863989,-0.7159111282066974
820498,9.730966722151457,-0.7017808223294784
820799,6.997693027388291,-0.7515125522718054
821099,31.1198133348297,-0.6859310332000903
821398,20.747028240269504,-0.7197058362211293
821699,37.322006866392194,-0.6068281364430903
821998,6.528541569520236,-0.4685103989378725
822299,6.4287712797227865,-0.420673929547813
822598,7.6753206999716275,-0.433927526760578
822899,8.098936790494772,-0.4301808546898114
823198,13.400537658459328,-0.5325228766558523
823499,14.739726923822754,-0.38797667799362756
823799,30.265119605975535,-0.5608867610261821
824098,31.616907163591275,-0.5166893936873518
824399,21.851523437001,-0.573938594189485
824698,19.619997824535716,-0.49494166641263493
824999,18.10288927469081,-0.47645943925861634
825298,20.000331473526458,-0.5447706214232626
825599,21.098291759366735,-0.5350677260729655
825898,57.5187279172047,-0.6800151406049981
826199,72.46924748675563,-0.6797620020532609
826499,62.45120437353572,-0.6377998208310884
826798,102.91588501696394,-0.6430156370256732
827099,115.60787078205655,-0.4630441730854731
827398,131.89427180307507,-0.5430786059632773
827699,104.65780135270471,-0.5561186605916426
827998,119.94917163048247,-0.5170565605996655
828299,100.02438610481119,-0.6072471624614963
828598,82.9043777575658,-0.5070801935031453
828899,104.60783311525103,-0.6075909794668373
829199,72.87088154187599,-0.5526627823119616
829498,31.907671891281083,-0.5143633620428611
829799,57.57161469558433,-0.6807789693137933
830098,55.86518522205886,-0.597698312596687
830399,69.18992585454035,-0.49239613454151954
830698,59.56275141019312,-0.5251899758054004
830999,63.3884064990195,-0.5647177962875203
831298,71.09577754222552,-0.46705891314394066
831599,54.105108656801924,-0.5486656821873563
831899,66.26274407543156,-0.5311373624556521
832198,49.376682520357484,-0.6075950782625754
832499,44.964014449128314,-0.6215669686814074
832798,51.36962828221859,-0.5324769671292453
833099,48.80092218758896,-0.5476042491227293
833398,32.248678454602846,-0.46328185277648815
833699,0.749720063036042,
833998,0.749720063036042,
834299,0.749720063036042,
834599,0.749720063036042,
834898,0.749720063036042,
835199,0.749720063036042,
835498,0.749720063036042,
835799,11.247306361991306,-0.46759852161764415
836098,13.136524939365408,-0.3142438853681946
836399,11.364265917006243,-0.28246554330093265
836698,11.011110659601151,-0.35061702080894097
836999,9.765366493554854,-0.3353681444280021
837299,8.559008046749296,-0.3443278162698833
837598,8.320623576637592,-0.4020742951100811
837899,9.242467453572756,-0.4614456560551421
838198,7.66341438550288,-0.5846066859480128
838499,6.981835918789916,-0.6088816872302678
838798,6.890847877553806,-0.6235879048746054
839099,7.109691323042231,-0.6780803702652272
839398,7.004747989396397,-0.6654986364078688
839699,7.220812338725101,-0.6714940177849558
839999,7.236423758530656,-0.6918611372265113
840298,7.305906776725101,-0.6917358166667327
840599,7.410071759352415,-0.722255879873843
840898,7.682775554204268,-0.7328009271001745
841199,7.839210083285287,-0.7075035057988028
841498,7.656889268838528,-0.6653319865014609
841799,7.938989217523714,-0.6663486272122137
842098,10.42531312043618,-0.4488125880379046
842399,8.898507677320008,-0.5151894851642844
842699,8.48209704901257,-0.584039380805208
842998,13.469992783308864,-0.45249324941111313
843299,9.581190583688064,-0.5946658023291207
843598,0.749720063036042,
843899,0.6411813997079971,-0.8873164333084511
844198,0.9965794471853019,-0.18609623143181087
844499,10.427674370466436,-0.5547485262535685
844798,10.555318511239442,-0.5080232985657354
845099,10.70236023924006,-0.5093965555838771
845399,10.929411111774781,-0.47336332436178297
845698,11.818297144773714,-0.49116531867155167
845999,21.169890280410712,-0.4074307517916842
846298,25.531892506755625,-0.237739888637023
846599,38.419691649586646,-0.22995553282162673
846898,61.84665221305655,-0.27265901899585554
847199,72.93028763666071,-0.27800659374257686
847498,1.61868504989642,0.04163431457684785
847799,0.749720063036042,
848099,,
848398,,
848699,,
848998,8.448809038931195,-0.32963470895830893
849299,0.749720063036042,
849598,0.749720063036042,
849899,0.749720063036042,
850198,0.749720063036042,
850499,0.749720063036042,
850799,0.749720063036042,
851098,0.749720063036042,
851399,0.749720063036042,
851698,0.749720063036042,
851999,0.749720063036042,
852298,0.749720063036042,
852599,0.749720063036042,
852898,0.749720063036042,
853199,0.749720063036042,
853499,0.749720063036042,
853798,0.749720063036042,
854099,0.749720063036042,
854398,0.749720063036042,
854699,0.749720063036042,
854998,0.749720063036042,
855299,0.749720063036042,
855598,0.749720063036042,
855899,0.749720063036042,
856199,0.749720063036042,
856498,0.749720063036042,
856799,0.749720063036042,
857098,0.749720063036042,
857399,0.749720063036042,
857698,0.749720063036042,
857999,0.749720063036042,
858298,20.871153110031088,-0.6104971136775286
858599,11.896663044084328,-1.0941255486401942
858899,24.81627504142229,-0.809762967004759
859198,21.09852722605603,-0.8217554640848856
859499,,
859798,0.3637405437039099,0.42130657003859984
860099,,
860398,0.4133014663154848,0.13728364298856632
860699,0.36950965089914883,0.4342430737320755
860998,,
861299,,
861599,0.5138010687149941,-0.19746019783894053
861898,24.524642293195438,-1.5048262327182091
862199,17.959067216098216,-1.5738230675566873
862498,14.41617860798053,-1.229431375099408
862799,1.237400961178034,-0.10004938787133977
863098,0.6030611044420068,-0.08800774219192808
863399,23.06005588992229,-1.114014912147415
863698,0.749720063036042,
863999,0.749720063036042,
864299,,
864598,0.749720063036042,
864899,0.749720063036042,
865198,0.749720063036042,
865499,0.749720063036042,
865798,0.749720063036042,
866099,0.749720063036042,
866398,0.749720063036042,
866699,0.749720063036042,
866999,0.749720063036042,
867298,0.749720063036042,
867599,0.749720063036042,
867898,0.749720063036042,
868199,0.749720063036042,
868498,0.749720063036042,
868799,0.749720063036042,
869098,0.749720063036042,
869399,0.749720063036042,
869699,0.749720063036042,
869998,0.749720063036042,
870299,0.749720063036042,
870598,0.749720063036042,
870899,0.749720063036042,
871198,0.749720063036042,
871499,0.749720063036042,
871798,0.749720063036042,
872099,0.749720063036042,
872399,0.749720063036042,
872698,0.749720063036042,
872999,0.749720063036042,
873298,0.749720063036042,
873599,0.749720063036042,
873898,0.749720063036042,
874199,0.749720063036042,
874498,0.749720063036042,
874799,0.749720063036042,
875099,0.749720063036042,
875398,0.749720063036042,
875699,0.749720063036042,
875998,0.749720063036042,
876299,0.749720063036042,
876598,0.749720063036042,
876899,0.749720063036042,
877198,0.749720063036042,
877499,0.749720063036042,
877799,7.060997360882508,-0.699240265193829
878098,8.793969222366737,-0.7948396453208457
878399,8.360678372505195,-0.7452295201513826
878698,8.724477414713526,-0.771270299647371
878999,8.406213818716296,-0.7186220556121132
879298,8.194144947333896,-0.6366143965617399
879599,8.125652732720472,-0.6674661949021248
879898,8.404958045081582,-0.7066563868950644
880199,7.551063968929236,-0.8488566223739196
880499,6.1137217495653795,-0.7866353303261793
880798,6.636376925477417,-0.8121195866966346
881099,6.009359275924175,-0.746711991099607
881398,6.528419942771397,-0.7724671901106028
881699,7.5467722039588985,-0.735696005145204
881998,11.17462066280655,-0.5317822046193039
882299,5.635321722151027,-0.7541758372337835
882598,5.677265940072324,-0.776043399398153
882899,5.801987374741305,-0.7294039672725579
883199,5.788120127044546,-0.709454532154919
883498,6.5953739233875694,-0.8050033745812528
883799,9.012898911862106,-0.7871461095809831
884098,10.814657280431552,-0.4770759809657885
884399,6.367818407199639,-0.8041685995672934
884698,9.545939995709327,-0.5766139941462163
884999,8.740033091401026,-0.5243477990100829
885298,8.715845164385279,-0.5150814660595733
885599,8.815769806755625,-0.46646256646406004
885899,8.673959878371386,-0.5143477814792001
886198,8.830749042408424,-0.5696509343371907
886499,8.746956642042683,-0.6231539027331567
886798,9.025883138707036,-0.5818416497786241
887099,9.218237107371387,-0.6046255619704508
887398,9.104239710299629,-0.5596811680059177
887699,9.365240965273713,-0.6574138508021965
887998,10.036118297282973,-0.5722266861338567
888299,11.378001602491304,-0.5865317797467733
888599,13.918489612554234,-0.489581989712367
888898,8.683915595215842,-0.7434148152930822
889199,8.119895724315379,-0.7097341141636118
889498,9.042894353063517,-0.5357152181879614
889799,9.2644743608339,-0.5151041415281197
890098,9.634532296108116,-0.5733994758997771
890399,9.955328891095471,-0.507060265742652
890698,10.403080016649142,-0.5620222735033509
890999,11.463057906716273,-0.6913395347462976
891299,11.053855714672292,-0.6142384473810152
891598,9.805370395994691,-0.5106884289569542
891899,13.188042237720902,-0.6183749132391656
892198,10.692738936776458,-0.8966123647399291
892499,11.68443716087368,-0.9199382681181514
892798,11.941698371667663,-0.8677259838089457
893099,13.469225804996364,-0.835527012203829
893398,11.926101300294977,-0.8159662438800699
893699,10.474689892033402,-0.8421282925135305
893999,12.688693281866735,-0.8138879827354946
894298,12.29003100650794,-0.7568446696829294
894599,9.839462646463959,-0.7403705217599825
894898,9.66555951753572,-0.7072230115017282
895199,9.29719253685516,-0.7383184186290679
895498,10.23017539481118,-0.7449421423273181
895799,11.552968775181549,-0.7166600668480476
896098,11.701929262000995,-0.7385452406974551
896399,12.665000394692603,-0.79885603727353
896699,12.931101716727847,-0.6354866944252597
896998,10.819400549040346,-0.8007000503603707
897299,15.333250095961644,-0.8250285883708293
897598,13.792595017408402,-0.7821835407201361
897899,15.811200839521828,-0.6975689630337305
898198,16.09946691610285,-0.7269641624042142
898499,13.25224161712368,-0.6669217167912798
898798,44.30109124573942,-0.4911916332586854
899099,57.60018532660053,-0.6117121052337477
899399,37.4316956859686,-0.5014678136692352
899698,,
899999,0.749720063036042,
900298,0.749720063036042,
900599,0.749720063036042,
900898,0.749720063036042,
901199,0.749720063036042,
901498,0.749720063036042,
901799,0.749720063036042,
902099,0.749720063036042,
902398,3.692613431579401,-0.5695611567851253
902699,12.832348680829341,-0.7990875527700156
902998,21.466395140767197,-0.8118852320784142
903299,25.96281444403572,-0.9699892272647292
903598,12.047122024347695,-0.7585305009886656
903899,11.543241657385256,-0.9270797205521328
904198,9.78416611305959,-0.9284095748690819
904499,9.736213374744773,-0.8625054994317931
904799,10.230135156126718,-0.805518862115896
905098,7.591888104737829,-1.0571047823194872
905399,11.548976126465842,-0.836173753536267
905698,11.877846870375565,-0.8667622064435623
905999,9.033401462097785,-1.0074714421410893
906298,10.636496297574638,-0.9932741428316127
906599,9.927134085014885,-1.0766640511718522
906898,13.407293104187977,-0.7905995085480215
907199,12.672179819035716,-0.9581415604021999
907499,11.327500441899865,-0.9285920935059297
907798,14.640977610153774,-0.9918054284500415
908099,13.039522342658405,-0.9782228113713181
908398,22.59487896116998,-0.747759337539714
908699,40.825492893188496,-0.7351463638938587
908998,13.75981839838294,-0.6848454937297861
909299,8.74525858689871,-1.0583721952618035
909598,9.894624062452383,-0.9713641756434777
909899,24.37465819957507,-0.4525849288582582
910199,6.600420035950848,-0.764066221451938
910498,12.378866603876718,-0.7503295865544981
910799,8.09235373131118,-0.9653776203678506
911098,13.510214078668904,-1.0238560968155181
911399,23.51830761695933,-1.0063079998069755
911698,30.123168452700067,-1.3158917819248006
911999,7.5671098650769535,-0.6928845129422438
912298,7.700561660889455,-0.6634043400739711
912599,7.881924682843157,-0.5992399674488369
912899,8.412859234940377,-0.5123266563581925
913198,9.60498765856538,-0.45070115189846915
913499,10.524648147634823,-0.4136872874580906
913798,9.824557856722787,-0.4459863189253428
914099,8.797900852065379,-0.3299417328196146
914398,8.782662479495935,-0.2863070977013076
914699,9.537122107632506,-0.29809336120883434
914998,10.809220129333896,-0.3009469890723109
915299,10.991825928912604,-0.2957529631280176
915599,11.437274086407973,-0.287559068605155
915898,12.0350423721001,-0.30063469015564404
916199,12.85685648860473,-0.2992794923426265
916498,10.833886720699638,-0.24487983686730552
916799,11.462681489345469,-0.2856440811696477
917098,12.068937211822323,-0.2856952853785726
917399,12.331966875745934,-0.2843717061069053
917698,12.965739706245934,-0.2855744797281512
917999,13.096930446220469,-0.2769872445260999
918299,13.83207947817186,-0.2852282793254963
918598,16.379272835875568,-0.24949846072303905
918899,16.406608053454264,-0.2521406487847875
919198,18.648277971771396,-0.6359514729812437
919499,15.063023844697321,-0.43862589620113
919798,16.923240039366302,-0.5336806261135452
920099,16.986847057947323,-0.5150810456630053
920398,17.902691583447325,-0.4595480967683867
920699,18.183812329945013,-0.3895046643678888
920999,23.145461472100102,-0.5292088524127048
921298,21.21535987897973,-0.6067869905436596
921599,20.564021595195005,-0.4585029860488432
921898,23.540872591495933,-0.5445811315022377
922199,0.5344626515972637,0.42167996661356844
922498,14.501147014685747,-0.5101711740062322
922799,3.5410739664553366,-0.3076424149817545
923098,1.1582521192679627,0.017123013040226676
923399,0.749720063036042,
923699,0.749720063036042,
923998,0.749720063036042,
924299,0.749720063036042,
924598,0.749720063036042,
924899,0.749720063036042,
925198,,
925499,0.749720063036042,
925798,,
926099,50.39658103559436,-0.2486462182714071
926399,57.33791670946395,-0.19798040510901038
926698,4.671187556015501,-0.5136584952911567
926999,5.532473331031705,-0.459057460220307
927298,6.156775805075686,-0.5452123203655665
927599,5.857970479994667,-0.47806324100517217
927898,6.393852050352847,-0.6800931850012342
928199,6.203529084865037,-0.5699467172276425
928498,6.527534677219204,-0.6892187527821163
928799,6.387202649663054,-0.7234762037207958
929099,6.477391539096519,-0.7740011922650594
929398,6.676131145308888,-0.7507196217783043
929699,6.777128971883557,-0.7527543868857434
929998,19.801904562531085,-0.3317240517091704
930299,6.658154224568148,-0.7943094399439863
930598,7.115834766169546,-0.81548803514535
930899,7.230515251239443,-0.7828554765976754
931198,7.869473074592436,-0.8141030959801576
931499,7.919484429980184,-0.8407951721949003
931799,8.997247747889453,-0.8293908551565836
932098,8.403308289274166,-0.8531716120482451
932399,8.120261206014906,-0.8272545245977208
932698,7.772166566619073,-0.822414006761842
932999,8.003856620899164,-0.8578604316758032
933298,8.576964276514905,-0.8182795685481898
933599,8.37445380001722,-0.8361988144471193
933898,8.413609133077406,-0.7998791554953262
934199,8.491802242602867,-0.7532516117450139
934499,8.726814308116305,-0.6830147719148874
934798,9.156031200787602,-0.6868313983753902
935099,9.839250526780658,-0.6579405441993127
935398,10.01022301394038,-0.628742664231964
935699,10.325367159019084,-0.5716040867335404
935998,11.074970639986674,-0.5689594834144831
936299,11.673173440005193,-0.5953010201113309
936598,12.307918026035289,-0.567268293955681
936899,13.416391838977416,-0.5982965860615332
937199,13.94478454137788,-0.607719283540971
937498,29.575498344084323,-0.5839894211955274
937799,13.07343498980149,-0.7666348585987421
938098,31.967835383100528,-0.38594455140118833
938399,39.456449056588966,-0.47616944430226416
938698,46.49966830105655,-0.547007416044071
938999,36.456395717322756,-0.519193862732207
939298,0.749720063036042,
939599,0.749720063036042,
939899,0.749720063036042,
940198,0.749720063036042,
940499,0.749720063036042,
940798,0.749720063036042,
941099,0.749720063036042,
941398,0.749720063036042,
941699,0.749720063036042,
941998,0.749720063036042,
942299,0.749720063036042,
942599,0.749720063036042,
942898,0.749720063036042,
943199,0.749720063036042,
943498,0.749720063036042,
943799,0.749720063036042,
944098,0.749720063036042,
944399,0.749720063036042,
944698,0.749720063036042,
944999,0.749720063036042,
945299,0.749720063036042,
945598,0.749720063036042,
945899,7.728218595371363,-1.001483210743075
946198,7.533034648637569,-0.8784103034720907
946499,6.039016005146828,-0.6751417725443045
946798,5.7760167409612135,-0.6408275601298425
947099,7.292782134470902,-0.7855709575553083
947398,7.758826942327382,-0.8635649177917166
947699,5.873680174276028,-0.5254398505836901
947999,6.461743545350101,-0.6449693384320205
948298,13.61614369505256,-0.9526517788731075
948599,25.643520472375993,-0.7743333074525987
948898,27.394962414727843,-0.7524693490499941
949199,19.867167071459324,-0.8645506940886012
949498,12.496486253428715,-0.8204765858800156
949799,1.1574420569011046,-0.05822357008974799
950098,11.32827535530192,-0.9579311184776234
950399,0.749720063036042,
950699,0.749720063036042,
950998,16.558201545385252,-1.1676837468931036
951299,8.204417721012138,-0.6209844140367389
951598,7.464698084554237,-0.8057161218459732
951899,12.947700406991736,-0.381130505466146
952198,9.849661317088957,-0.4168930323168025
952499,1.7380979485446963,-0.08944992540574659
952798,5.128540914038032,-0.5287070737368542
953099,0.7999318783793734,0.14707521762959264
953399,0.749720063036042,
953698,0.749720063036042,
953999,0.749720063036042,
954298,0.749720063036042,
954599,0.749720063036042,
954898,0.749720063036042,
955199,0.749720063036042,
955498,0.749720063036042,
955799,0.749720063036042,
956099,0.749720063036042,
956398,0.749720063036042,
956699,0.749720063036042,
956998,0.749720063036042,
957299,0.749720063036042,
957598,0.749720063036042,
957899,0.749720063036042,
958198,0.749720063036042,
958499,0.749720063036042,
958799,0.749720063036042,
959098,0.749720063036042,
959399,0.749720063036042,
959698,0.749720063036042,
959999,0.749720063036042,
960298,0.749720063036042,
960599,0.749720063036042,
960898,0.749720063036042,
961199,0.749720063036042,
961499,0.749720063036042,
961798,0.749720063036042,
962099,0.749720063036042,
962398,0.749720063036042,
962699,0.749720063036042,
962998,0.749720063036042,
963299,0.749720063036042,
963598,0.749720063036042,
963899,0.749720063036042,
964199,0.749720063036042,
964498,0.749720063036042,
964799,0.749720063036042,
965098,0.749720063036042,
965399,13.64049364477183,-0.49972118579891234
965698,21.017926334093588,-0.646918850556577
965999,5.953209197544998,-0.42485054975464487
966298,6.877846789556572,-0.45771721443050084
966599,6.33619401221814,-0.3912364534571662
966899,7.389164145959351,-0.5673020251885155
967198,7.825518348864443,-0.576781680525748
967499,7.764676552952407,-0.510018825794168
967798,7.854945378644536,-0.5412866810705306
968099,7.852901613392222,-0.4482155205920415
968398,7.418584530862128,-0.4292331025706846
968699,7.229227512327406,-0.4254876900176554
968998,7.528162472695461,-0.39253207923714206
969299,7.499747212686202,-0.38227461768215343
969599,9.449655268954698,-0.7699896611036445
969898,6.423437033929259,-0.42980036670311295
970199,7.4850533739037735,-0.6235036598787922
970498,7.027095882702406,-0.5088337863483277
970799,6.175835210813517,-0.418912632224576
971098,6.912763726366758,-0.47628321977413823
971399,6.883472576325092,-0.46208470709512217
971698,6.4520291889940715,-0.42419739956257874
971999,6.732600768000563,-0.6676058752665186
972299,6.616588650820462,-0.4063168091977627
972598,6.862821676332036,-0.44151431692599874
972899,6.4943498784686104,-0.43310852165978986
973198,6.774478240503331,-0.4193024799262539
973499,6.997488159366758,-0.4111476426247145
973798,7.402942240086666,-0.5197734327685108
974099,7.458990059051946,-0.44570720212345005
974398,7.230341694084327,-0.7689652401615674
974699,5.9723380594732385,-0.7018068539742124
974999,7.959944306197755,-0.8869161591779913
975298,7.036338653970924,-0.7023558530831049
975599,7.21628780598899,-0.7336789190192434
975898,7.473207600618618,-0.7395133155424976
976199,7.879451001924175,-0.7776280480394133
976498,8.105907551412603,-0.7405262864403914
976799,7.749767725162603,-0.7270827259114798
977098,7.977828456407971,-0.6704670942733217
977399,7.995512827236676,-0.6576911615577756
977699,13.494487452121364,-0.7394992315045963
977998,26.788460142546864,-0.34734042783289687
978299,19.19136361718103,-0.47444020452715896
978598,72.88700948791764,-0.3464699619691338
978899,27.50100142906118,-0.4374324187150236
979198,9.249018263632507,-0.6536977609999737
979499,8.286235821076952,-0.7161713040624607
979798,8.596276824472785,-0.700945488634124
980099,9.115330456764452,-0.7185625778140976
980399,9.377886307616308,-0.7281830322123106
980698,9.921943490482045,-0.7324490524072822
980999,10.570020085137138,-0.7415817458322413
981298,10.93242307773899,-0.7235670823876932
981599,11.557028803572324,-0.7230920419559983
981898,12.238679297014452,-0.7026323618915544
982199,11.915442450799175,-0.6831146287564192
982498,11.821277749641768,-0.6741113514253065
982799,11.929421391470473,-0.6467300768298356
983099,24.188363445834327,-0.5195525629165691
983398,10.589797430591272,-0.6756025224492879
983699,10.145893249975535,-0.7114857806734471
983998,11.06347009263294,-0.7456826295762695
984299,11.685300203482477,-0.656172532880622
984598,12.782260401370934,-0.6283104924316607
984899,13.065457699454265,-0.6024438196971291
985198,13.906114390063063,-0.5855361830113814
985499,14.66021700300403,-0.5437469025449304
985799,15.185123348700792,-0.5932000918005156
986098,15.886592049473936,-0.5959579920514724
986399,17.056880838115145,-0.5790064871182419
986698,19.564102303463958,-0.624679073994507
986999,20.768947734499925,-0.5768474399102619
987298,19.499991890517194,-0.561704559550626
987599,18.63594828856422,-0.4720493871170677
987898,29.75448450510516,-0.6291341163867916
988199,40.09166064543618,-0.687559597227684
988499,40.72777987916303,-0.7165164232117611
988798,30.128108439510257,-0.7392089634994128
989099,0.8730381547477719,-0.04473668218858595
989398,0.749720063036042,
989699,0.749720063036042,
989998,0.749720063036042,
990299,0.749720063036042,
990598,0.749720063036042,
990899,0.749720063036042,
991199,0.749720063036042,
991498,0.749720063036042,
991799,0.749720063036042,
992098,0.749720063036042,
992399,0.749720063036042,
992698,20.138916560144516,-1.2149519483781641
992999,17.971295230697752,-1.1167675791959577
993298,12.459803428249403,-0.7514799483298262
993599,23.277825765163033,-0.880873818790171
993899,13.078038279023716,-0.8395289564089043
994198,13.604772805251717,-0.781424530391446
994499,18.319244906644517,-0.9499558007283249
994798,15.048892571593589,-0.8064886188385207
995099,13.448888137014883,-0.8887335508239418
995398,12.619962558498681,-0.7374090873912205
995699,15.370005466313497,-0.8690825984317767
995998,12.144378620241737,-0.8558826282287537
996299,11.114868828840752,-0.8255575301293447
996599,11.036648485985516,-0.9209908922705383
996898,10.212688077317697,-0.7569051640053932
997199,7.895923866250994,-0.7668641991635403
997498,12.271903194005626,-0.767237997372213
997799,17.297943697318125,-0.9977126923909161
998098,17.31286972823783,-0.9935524033625083
998399,15.274703145790347,-0.7620626136925595
998698,19.546831795156088,-0.8697917809607336
998999,30.244574476808868,-1.2372193458909035
999299,4.809051060534181,-0.8878375705759955
999598,13.22430605338294,-0.7538901352113359
999899,33.976359404484796,-0.7451716664729826
1000198,20.199899128487104,-0.9839321453889704
1000499,27.184137639760255,-0.9806568547916346
1000798,12.902678799602846,-0.5529462798848694
1001099,24.665484652639886,-0.7824351563555669
1001398,21.090601431054235,-0.695084410499696
1001699,27.582256107669977,-0.6505714908648133
1001999,36.381003622926926,-0.8338136933435636
1002298,3.8010918022742675,-0.47752357149487
1002599,20.34319859908433,-0.8157533594707411
1002898,4.232931254721621,-0.5131383586207401
1003199,2.524233218135974,-0.3977152810998408
1003498,,
1003799,16.401258383966272,-0.6326486543217844
1004098,25.418394424234435,-0.678407731154298
1004399,,
1004699,0.749720063036042,
1004998,0.749720063036042,
1005299,30.086242799984795,-0.7981300608652309
1005598,31.661254667570436,-0.5999506949066109
1005899,23.319975676312424,-0.6593147666257742
1006198,18.59245053402539,-0.44053393862425505
1006499,20.29853841717585,-0.4820139747421104
1006798,19.127073568779494,-0.497935277788323
1007099,21.09701890345933,-0.4633932868130153
1007399,20.66063178264524,-0.4222482647071142
1007698,61.674392427588955,-0.4110303998798528
1007999,23.513331405913032,-0.5690793918630459
1008298,48.104097505503304,-0.5215454226302887
1008599,18.255994768598214,-0.39048919695792916
1008898,18.45419275158201,-0.5422891594467247
1009199,33.2851149393135,-0.48629915180125627
1009498,32.455227375014886,-0.5331287117108656
1009799,56.69529374622322,-0.5039721589427815
1010099,38.68452211983433,-0.5654872966829525
1010398,6.695540070491861,-0.4414596369413988
1010699,0.749720063036042,
1010998,,
1011299,0.749720063036042,
1011598,0.749720063036042,
1011899,,
1012198,,
1012499,,
1012799,,
1013098,0.749720063036042,
1013399,0.749720063036042,
1013698,0.749720063036042,
1013999,0.749720063036042,
1014298,0.749720063036042,
1014599,0.749720063036042,
1014898,0.749720063036042,
1015199,0.749720063036042,
1015499,0.749720063036042,
1015798,0.749720063036042,
1016099,0.749720063036042,
1016398,0.749720063036042,
1016699,0.749720063036042,
1016998,0.749720063036042,
1017299,0.749720063036042,
1017598,0.749720063036042,
1017899,0.749720063036042,
1018199,0.749720063036042,
1018498,0.749720063036042,
1018799,0.749720063036042,
1019098,0.749720063036042,
1019399,5.485630549330767,-0.3918995802596057
1019698,,
1019999,7.70951690641537,-0.5738288398741309
1020298,7.929607990389905,-0.534908718464522
1020599,7.897485457829721,-0.5306172603643584
1020899,8.184540252535738,-0.5654991470455037
1021198,8.875632092406109,-0.6566330220803616
1021499,8.007755453369072,-0.5936732852629469
1021798,8.564015120760278,-0.6812389197192081
1022099,8.698223179795,-0.5905608694503914
1022398,9.006113197760277,-0.6534103003196436
1022699,9.384162088162604,-0.6894099739109427
1022998,9.834165973803804,-0.7014298319605714
1023299,10.224843364968157,-0.7120275590678855
1023599,10.393354040488992,-0.7255585089091501
1023898,11.442828420954697,-0.8055632803029207
1024199,12.041578368609791,-0.7941641055411965
1024498,11.64653851840103,-0.6972788006240231
1024799,11.745464463139454,-0.753185593059015
1025098,12.16688560567186,-0.7459925050868024
1025399,12.189755025139455,-0.7128537251613236
1025698,21.44810407340377,-0.8045904999703963
1025999,18.48270588696396,-0.7053001957170073
1026299,15.435599552642202,-0.7364394985546603
1026598,17.601479740357476,-0.717216415563785
1026899,19.544305193392198,-0.7968087485812125
1027198,28.345990891139884,-0.3914816905816807
1027499,34.6573306332348,-0.3656907049316278
1027798,46.794101552410716,-0.32152535493602286
1028099,29.33066527881813,-0.4721694131841656
1028398,37.229338281373686,-0.4108132442725696
1028699,20.756887736082014,-0.5106083578773664
1028999,26.14053525845933,-0.474928396212869
1029298,26.63001494537368,-0.4948567278217815
1029599,79.51490725951025,-0.652707498892652
1029898,10.876901700274143,-0.5719686339337329
1030199,11.017962443205478,-0.5639046157767911
1030498,41.2336639807672,-0.6098409628909618
1030799,62.84235952462724,-0.9607996999184614
1031098,0.749720063036042,
1031399,0.749720063036042,
1031699,0.749720063036042,
1031998,0.749720063036042,
1032299,0.749720063036042,
1032598,0.749720063036042,
1032899,0.749720063036042,
1033198,0.749720063036042,
1033499,0.749720063036042,
1033798,0.749720063036042,
1034099,0.749720063036042,
1034399,0.749720063036042,
1034698,0.749720063036042,
1034999,0.9858140178984791,0.09171114996666707
1035298,28.648927690811174,-0.6834431349111212
1035599,21.251402016693124,-0.7382590779707181
1035898,10.724077348479732,-0.8806629451969732
1036199,11.170324851183867,-0.710555426666168
1036498,9.263346462350102,-0.6553618261712819
1036799,8.890740769523713,-0.7860359805988539
1037099,9.222085010738992,-0.8838575872989687
1037398,8.617065872022469,-0.8074455107124483
1037699,9.484856470840844,-0.7608760636680796
1037998,10.347405022764455,-0.8553360003757273
1038299,9.490913544667231,-0.6880071219037391
1038598,11.560730220192603,-0.7968272057200507
1038899,19.540448214007938,-0.9445848141862678
1039198,13.572551757789824,-0.8012738276256772
1039499,32.3991471274547,-1.1491176151677753
1039799,40.999373028433865,-1.0452611438750812
1040098,20.2202719208135,-0.7879566982436623
1040399,33.36829677310285,-0.931349569485054
1040698,14.86983354469081,-0.6882673843725928
1040999,15.7813008497371,-0.8187846911292223
1041298,21.325834521832014,-0.5531706222864528
1041599,10.659041992586213,-0.589254959280604
1041898,29.43835503930192,-0.9862124610507563
1042199,13.283907090255626,-0.6346419649432515
1042499,26.120955681852845,-0.8338627594797905
1042798,12.098455253038033,-0.5392221626711835
1043099,21.776626373832016,-0.6159354989595416
1043398,11.106342091340842,-0.5130805655331632
1043699,10.654407800475102,-0.45078542085285234
1043998,11.020433650593588,-0.4645035960553183
1044299,12.60238733424868,-0.43930080477038524
1044598,12.320521679857045,-0.49920259863061545
1044899,21.77883153490146,-0.7857472228703466
1045199,14.796282771491304,-0.46773532872085055
1045498,15.561703469190377,-0.4369831234526331
1045799,15.618930839959328,-0.3952089692812095
1046098,15.407589059271398,-0.3779276362345687
1046399,15.925761563787596,-0.3937072707350011
1046698,16.145313186549174,-0.3818989544481468
1046999,16.835317519308436,-0.3740991735851762
1047298,17.324401154986678,-0.3553915870354001
1047599,17.40624671369501,-0.3415166538746939
1047899,18.04649485056075,-0.3460410962505258
1048198,17.707112477445,-0.3580467173982316
1048499,18.219171498539918,-0.3517074934737039
1048798,18.337508021782966,-0.3730931852610415
1049099,18.877059987960045,-0.3641133340634517
1049398,18.116373463107045,-0.3636001058546616
1049699,17.92877805306769,-0.363165489004716
1049998,17.337554617173705,-0.34644075789291273
1050299,18.45532111987325,-0.35476092364740297
1050599,17.967737491398715,-0.35771970951979104
1050898,18.48848591871584,-0.3534828156201453
1051199,19.18266699610473,-0.3530858618634032
1051498,19.32494664740103,-0.32967359157718756
1051799,19.091201722544543,-0.3489571450651141
1052098,19.717151946322232,-0.39194969816425873
1052399,20.21498746540566,-0.3967709348144821
1052698,19.530942516750567,-0.38009231754682404
1052999,19.72103249246353,-0.3880837915449482
1053299,23.067630306475525,-0.46503877720110065
1053598,18.83235276825519,-0.42198191608249513
1053899,13.14439307318103,-0.4886193550775435
1054198,15.868538873715844,-0.46689034362059045
1054499,16.119903923690384,-0.44047380289514537
1054798,15.346440341019083,-0.41754383108653004
1055099,16.246822680401024,-0.4329747120675296
1055398,13.702872791820008,-0.4440676685019256
1055699,16.480797462832015,-0.5105916666206807
1055999,15.642194367060748,-0.45915161725182196
1056298,15.629658292667232,-0.44907588986145663
1056599,14.992233956396396,-0.3986310267038744
1056898,14.241239308049176,-0.38670743799107243
1057199,12.450553372290344,-0.5202065861141738
1057498,13.220330617093158,-0.5260170536185831
1057799,13.997466499215118,-0.5946309136271606
1058098,12.999858863500567,-0.4310338120604573
1058399,11.883245248891768,-0.43794232939516653
1058699,9.68198181574825,-0.4922858136363544
1058998,10.053313575713526,-0.4065264778362374
1059299,8.674613180526459,-0.4901644055221053
1059598,9.426821226220923,-0.3710105224949365
1059899,9.71210604666537,-0.3713059662395406
1060198,10.30344492775794,-0.6754148167384748
1060499,9.276839160539902,-0.3819290422238508
1060798,9.868132310301492,-0.4053372892395555
1061099,7.386462986630647,-0.4155742548188488
1061399,10.873597975151025,-0.530150063484359
1061698,10.16796035609547,-0.6171253426882508
1061999,9.757106077205862,-0.49063155724944085
1062298,9.57820095305149,-0.5558264327899487
1062599,10.111761182053804,-0.7280526189946359
1062898,10.16246299806118,-0.8189942323641164
1063199,10.465981130565812,-0.8133347434695037
1063498,10.879338838864422,-0.819014716315039
1063799,8.957235282164918,-0.566032490269275
1064099,10.055725405486676,-0.6684023783154727
1064398,9.6870030666001,-0.5660099248281583
1064699,9.582730142477416,-0.5348050926387509
1064998,9.647983898690379,-0.612077164401815
1065299,9.00131417734316,-0.5284565675218551
1065598,9.470458557972785,-0.5034914027657877
1065899,9.875788300307967,-0.4369030421439115
1066198,11.850365819752879,-0.4769491386575464
1066499,12.142219567061181,-0.5630629080584595
1066799,21.57314742329266,-0.5271528481385981
1067098,11.22378885687831,-0.5112805031315817
1067399,11.964950729364423,-0.5374668568585368
1067698,11.8934735476584,-0.5259724582365297
1067999,12.983350566957736,-0.4788938847351376
1068298,12.292760942340845,-0.48698085590865214
1068599,12.551777480477416,-0.48163363279122984
1068898,17.324560423720904,-0.4010752762608705
1069199,13.633241834486677,-0.49926712792813244
1069499,21.105736155582733,-0.34705742525835115
1069798,16.302514793501718,-0.42856181457722675
1070099,17.530943493471625,-0.46138941536661093
1070398,20.10039465044848,-0.3870994715505971
1070699,17.170620701371362,-0.4737614503308267
1070998,19.967373645538036,-0.44196703582125596
1071299,19.10335848260053,-0.47048018745283393
1071598,26.8252416866746,-0.4199276364388145
1071899,19.487787829061183,-0.4776491797314102
1072199,135.63169517394772,-0.24947281327622872
1072498,95.95480193507044,-0.21382759636214455
1072799,55.38627263172553,-0.34599880808267147
1073098,72.25313920390379,-0.3248364039506477
1073399,93.9431222200704,-0.22296870743634423
1073698,33.452733221445435,-0.2681875222304626
1073999,42.101965928169975,-0.24346764751034722
1074298,72.03094637321396,-0.25863888414780734
1074599,50.836785654158405,-0.2471677068351097
1074899,34.97300181761442,-0.24920771499798144
1075198,0.749720063036042,
1075499,0.749720063036042,
1075798,,
1076099,,
1076398,,
1076699,,
1076998,,
1077299,0.749720063036042,
1077599,0.749720063036042,
1077898,0.749720063036042,
1078199,0.749720063036042,
1078498,0.749720063036042,
1078799,0.749720063036042,
1079098,0.749720063036042,
1079399,0.749720063036042,
1079698,0.749720063036042,
1079999,0.749720063036042,
1080299,0.749720063036042,
1080598,0.749720063036042,
1080899,0.749720063036042,
1081198,0.749720063036042,
1081499,0.749720063036042,
1081798,0.749720063036042,
1082099,0.749720063036042,
1082398,0.749720063036042,
1082699,0.749720063036042,
1082999,0.749720063036042,
1083298,0.749720063036042,
1083599,0.749720063036042,
1083898,0.749720063036042,
1084199,38.16169652567692,-0.9842010395904714
1084498,21.98774246196164,-0.8808539431139739
1084799,33.93834790932044,-0.9686804906602926
1085098,24.34356761345007,-0.9021779326466535
1085399,17.27139465455655,-1.1860616817909655
1085699,18.62171506287724,-1.1494665370153165
1085998,22.004706140018445,-0.8549289184553488
1086299,17.313840319003308,-1.0381206093238227
1086598,16.341485862085573,-0.8650388618372438
1086899,18.08834405202183,-0.9908241459784
1087198,21.604056093218585,-0.956790508381286
1087499,16.460492579609788,-1.0670125602065097
1087798,19.958880703028772,-0.9240538530546003
1088099,18.325840453936177,-0.9391553534773109
1088399,20.517656357669978,-1.0789585648594344
1088698,22.256609206429243,-1.1505374182609414
1088999,24.23166174073248,-1.008493868068578
1089298,19.07870447722553,-1.121309459820933
1089599,14.631963997841275,-1.1168926336222316
1089898,20.505646421285718,-0.9142632682398166
1090199,,
1090498,,
1090799,21.060297116982476,-0.7932162574954382
1091099,0.749720063036042,
1091398,4.140189441557698,-0.6951632513512338
1091699,,
1091998,0.749720063036042,
1092299,0.749720063036042,
1092598,0.749720063036042,
1092899,0.749720063036042,
1093198,0.749720063036042,
1093499,0.749720063036042,
1093799,0.749720063036042,
1094098,0.749720063036042,
1094399,0.749720063036042,
1094698,0.749720063036042,
1094999,0.749720063036042,
1095298,0.749720063036042,
1095599,0.749720063036042,
1095898,0.749720063036042,
1096199,0.749720063036042,
1096499,0.749720063036042,
1096798,0.749720063036042,
1097099,0.749720063036042,
1097398,0.749720063036042,
1097699,0.749720063036042,
1097998,0.749720063036042,
1098299,0.749720063036042,
1098598,0.749720063036042,
1098899,0.749720063036042,
1099199,0.749720063036042,
1099498,0.749720063036042,
1099799,0.749720063036042,
1100098,0.749720063036042,
1100399,0.749720063036042,
1100698,0.749720063036042,
1100999,0.749720063036042,
1101298,0.749720063036042,
1101599,0.749720063036042,
1101899,0.749720063036042,
1102198,0.749720063036042,
1102499,0.749720063036042,
1102798,0.749720063036042,
1103099,0.749720063036042,
1103398,0.749720063036042,
1103699,0.749720063036042,
1103998,0.749720063036042,
1104299,0.749720063036042,
1104599,0.749720063036042,
1104898,0.749720063036042,
1105199,0.749720063036042,
1105498,0.749720063036042,
1105799,0.749720063036042,
1106098,0.749720063036042,
1106399,0.749720063036042,
1106698,0.749720063036042,
1106999,0.749720063036042,
1107299,0.749720063036042,
1107598,0.749720063036042,
1107899,0.749720063036042,
1108198,0.749720063036042,
1108499,0.749720063036042,
1108798,0.749720063036042,
1109099,0.749720063036042,
1109398,0.749720063036042,
1109699,0.749720063036042,
1109999,0.749720063036042,
1110298,0.749720063036042,
1110599,0.749720063036042,
1110898,0.749720063036042,
1111199,0.749720063036042,
1111498,0.749720063036042,
1111799,0.749720063036042,
1112098,0.749720063036042,
1112399,0.749720063036042,
1112699,0.749720063036042,
1112998,21.727077807833897,-0.6646473918387112
1113299,20.39086235261631,-0.6579908870123476
1113598,19.109541078998248,-0.6464105793978885
1113899,32.09479853135053,-0.8969578852679949
1114198,21.746333871681028,-0.6314851661347667
1114499,21.78017204905959,-0.6242664784175478
1114798,30.84576155919544,-0.6369763866534979
1115099,57.22180333854961,-0.6203904772188757
1115399,80.37816141398017,-0.5313813552794917
1115698,1.006487520157318,0.07282535790653488
1115999,7.283695174672292,-0.2596757244201586
1116298,17.499184838475532,-0.3413501880810714
1116599,12.84952850967229,-0.42528066014432864
1116898,0.749720063036042,
1117199,0.749720063036042,
1117498,,
1117799,,
1118099,,
1118398,,
1118699,,
1118998,,
1119299,,
1119598,,
1119899,,
1120198,,
1120499,,
1120799,0.749720063036042,
1121098,0.749720063036042,
1121399,0.749720063036042,
1121698,0.749720063036042,
1121999,0.749720063036042,
1122298,0.749720063036042,
1122599,0.749720063036042,
1122898,0.749720063036042,
1123199,0.749720063036042,
1123499,0.749720063036042,
1123798,0.749720063036042,
1124099,0.749720063036042,
1124398,0.749720063036042,
1124699,,
1124998,31.948969735741734,-0.7627195277914935
1125299,56.56751396901488,-0.9137734491559713
1125598,28.251756290463955,-0.905517605328575
1125899,29.52389844897322,-0.9482816657176889
1126199,22.17240892511673,-0.7962663171882705
1126498,13.584034857111675,-0.7619124046377574
1126799,21.581139920380625,-1.1126624510401646
1127098,9.745407309847787,-0.5652807063484491
1127399,10.01343557281538,-0.5363951634946995
1127698,13.96820636681118,-0.8151890308090897
1127999,18.61462654567692,-0.7067581215389256
1128298,11.014177788424607,-0.8294138534794009
1128599,15.147978359598218,-0.9115465723326162
1128899,14.470151757169978,-0.6877282276399701
1129198,19.292988816588956,-0.9373035881695375
1129499,9.607124683820441,-0.8510255125261874
1129798,14.684785191121367,-0.9881390022397343
1130099,17.633407508494052,-0.8375346956660437
1130398,14.336769017783402,-0.9682634721447898
1130699,7.9751931965357175,-0.8196891988472073
1130998,14.19181805762368,-0.9294404610814948
1131299,15.287568564357477,-0.8807462318337298
1131599,17.541320588487103,-0.9284981352309505
1131898,12.95488343924825,-0.8803928479011831
1132199,14.067819225701951,-0.852917799538458
1132498,17.898134586253306,-0.9264322225959913
1132799,16.524912935538033,-0.9664676277068955
1133098,19.24284963688062,-1.0102772039413193
1133399,17.636610969269512,-0.9722905687254093
1133698,20.26789540751257,-0.9444497353793408
1133999,14.281164695049606,-0.9065874722941845
1134299,8.920851553209328,-0.8161763394458883
1134598,17.872250567551916,-1.0041910927543993
1134899,27.86121603417229,-1.0459099348622107
1135198,15.259526578074636,-0.7456988573905652
1135499,15.858945863772552,-0.7700706057057811
1135798,16.26217350169616,-0.6866800605418795
1136099,15.714870230602417,-0.7062882269911119
1136398,15.972618535294547,-0.6560515096707291
1136699,19.138610917423016,-0.7404790605095999
1136999,21.018314476471616,-0.7706309337682735
1137298,15.685876444697321,-0.611630447893341
1137599,16.811438627257505,-0.5914699744543164
1137898,16.82468069162094,-0.6076389022467985
1138199,17.840112100519082,-0.5994852645839959
1138498,18.397341818155653,-0.5978090363192099
1138799,18.239933334032973,-0.5783155119720291
1139098,19.136870359451954,-0.527870125623817
1139399,19.556195096726256,-0.5266766219076426
1139699,23.5930104718297,-0.6741448689871845
1139998,18.825159743279496,-0.5286386185265226
1140299,26.36561563401257,-0.5355404548076836
1140598,19.36741400625866,-0.4804592372909877
1140899,32.944918277910716,-0.7544021629911104
1141198,23.897511945924606,-0.6335631813776821
1141499,19.9079938536869,-0.5387773677604137
1141798,19.703727917977847,-0.5204830111883685
1142099,19.55352834125866,-0.4837197163164155
1142399,20.70843859532348,-0.5105468678686076
1142698,20.651705660499406,-0.5575528772888654
1142999,19.545165061181553,-0.5962277531830624
1143298,18.57412504991723,-0.5330747466827144
1143599,42.17962992938295,-0.616303001740963
1143898,32.23529022346628,-0.7943460089565921
1144199,26.01027838832863,-0.6950709301327516
1144498,17.735278438995934,-0.5113566053293834
1144799,17.51114260736905,-0.5972186990187516
1145099,19.209634982280658,-0.5572976589106369
1145398,18.9887746283501,-0.5363951565613954
1145699,19.190715063245932,-0.48880615818417117
1145998,22.67914968260979,-0.5783527105204238
1146299,18.969339461297295,-0.6417864467610797
1146598,19.107611701588958,-0.7026915324593928
1146899,14.485534409058438,-0.6475547578929788
1147198,16.325360847781727,-0.7586841987717687
1147499,17.11892514244081,-0.738580528735413
1147799,15.31453357015797,-0.7182126641731532
1148098,15.240137702086214,-0.7179253898286844
1148399,16.294532706047292,-0.768062836309009
1148698,15.782144333274143,-0.7609198356890206
1148999,13.300652430114422,-0.8776199418142177
1149298,13.221651871375995,-0.4835192838302198
1149599,4.64873489452424,-0.5405148147175851
1149898,14.176960138813493,-0.8268722276293727
1150199,16.601158768007938,-0.25144738144694045
1150499,11.489627418156086,-0.9116551672543443
1150798,13.609853001970903,-0.727190896060256
1151099,15.575732562917231,-0.6671779493893042
1151398,15.025104326919998,-0.6842410252062616
1151699,14.519556280986674,-0.646021648811256
1151998,15.340213655023714,-0.7032412321263919
1152299,13.379149944288052,-0.7710529342424406
1152598,15.224218439639454,-0.6823524391916278
1152899,14.47145483538251,-0.7488992015195972
1153199,12.74296679206075,-0.6343540672870003
1153498,22.219024415472784,-0.5514810688680842
1153799,23.394785756348213,-0.78420355638342
1154098,23.610379128973214,-0.5275030474538598
1154399,14.186103947943128,-0.6311533422350117
1154698,66.3533507570959,-0.4518836504134791
1154999,40.96517144730192,-0.3186298767089144
1155298,14.899571574070011,-0.5938231231310305
1155599,16.15552093109127,-0.5667209177375159
1155899,17.164162764533405,-0.6403559537786392
1156198,16.291019339126635,-0.6245431583059013
1156499,20.0443206997834,-0.6847514069985927
1156798,16.299584373005622,-0.7467451125198012
1157099,16.970137996435753,-0.7582145799899274
1157398,15.262525332921863,-0.646140819307091
1157699,17.06983953671344,-0.5678469303048006
1157998,15.595164382630195,-0.6648958037609571
1158299,16.014116841935753,-0.50147798582386
1158599,16.28792686697047,-0.5539331930850895
1158898,17.1568841061464,-0.7576879806837418
1159199,26.26621465465609,-0.8844659574834606
1159498,25.579232514961646,-0.872806498421347
1159799,24.139179204454695,-0.9198024747591009
1160098,20.12917011884127,-0.825598650846425
1160399,1.9352190942074015,-0.16152789194102746
1160698,60.64482909179961,-0.45653818110555244
1160999,3.8499669688333884,-0.2711108407043794
1161299,,
1161598,,
1161899,1.3093477299049698,-0.11288340604298819
1162198,,
1162499,,
1162798,0.749720063036042,
1163099,,
1163398,,
1163699,,
1163999,0.749720063036042,
1164298,0.749720063036042,
1164599,0.749720063036042,
1164898,,
1165199,,
1165498,0.749720063036042,
1165799,0.749720063036042,
1166098,0.749720063036042,
1166399,0.749720063036042,
1166699,0.749720063036042,
1166998,0.749720063036042,
1167299,0.749720063036042,
1167598,0.749720063036042,
1167899,0.749720063036042,
1168198,0.749720063036042,
1168499,0.749720063036042,
1168798,0.749720063036042,
1169099,0.749720063036042,
1169399,0.749720063036042,
1169698,0.749720063036042,
1169999,0.749720063036042,
1170298,0.749720063036042,
1170599,0.749720063036042,
1170898,0.749720063036042,
1171199,0.749720063036042,
1171498,0.749720063036042,
1171799,0.749720063036042,
1172099,0.749720063036042,
1172398,0.749720063036042,
1172699,0.749720063036042,
1172998,0.749720063036042,
1173299,0.749720063036042,
1173598,0.749720063036042,
1173899,0.749720063036042,
1174198,14.539488879269514,-1.1931293304518653
1174499,24.850305920135252,-1.4643380753642505
1174799,9.66156029531118,-1.0924449604637299
1175098,12.57478344723942,-1.2795474568245218
1175399,26.248645789660713,-1.247768446734348
1175698,27.434659404357475,-1.18186487578502
1175999,25.194308095137572,-1.1982195458979463
1176298,25.07932302346057,-1.2228171359442617
1176599,24.50403051563294,-1.5220824354922402
1176898,20.852160728713958,-1.5260651286317732
1177199,23.337111047241738,-1.427119387063263
1177499,20.417418252554235,-1.2351857481253359
1177798,23.889042062635255,-1.1884798592948638
1178099,19.306515818762573,-1.0912989799506891
1178398,22.31307245320238,-1.2060654390694898
1178699,6.660831892639883,-0.7990570928094016
1178998,25.71710707992461,-1.1954226724000003
1179299,24.798631434764886,-1.1534788736832757
1179598,22.642166168695436,-1.0050561405453782
1179899,36.196878132058856,-1.002840237151437
1180199,38.83640285846859,-1.5725362602219985
1180498,8.446637542924604,-1.047733289314492
1180799,0.749720063036042,
1181098,0.749720063036042,
1181399,0.749720063036042,
1181698,,
1181999,0.749720063036042,
1182298,0.749720063036042,
1182599,0.749720063036042,
1182899,0.749720063036042,
1183198,0.749720063036042,
1183499,0.749720063036042,
1183798,0.749720063036042,
1184099,0.749720063036042,
1184398,0.749720063036042,
1184699,0.749720063036042,
1184998,0.749720063036042,
1185299,0.749720063036042,
1185599,0.749720063036042,
1185898,0.749720063036042,
1186199,0.749720063036042,
1186498,0.749720063036042,
1186799,0.749720063036042,
1187098,0.749720063036042,
1187399,0.749720063036042,
1187698,0.749720063036042,
1187999,0.749720063036042,
1188299,0.749720063036042,
1188598,0.749720063036042,
1188899,0.749720063036042,
1189198,0.749720063036042,
1189499,0.749720063036042,
1189798,0.749720063036042,
1190099,0.749720063036042,
1190398,0.749720063036042,
1190699,0.749720063036042,
1190999,0.749720063036042,
1191298,0.749720063036042,
1191599,0.749720063036042,
1191898,0.749720063036042,
1192199,0.749720063036042,
1192498,0.749720063036042,
1192799,0.749720063036042,
