,rmse,skill
299,0.5305365369067828,-0.839273071531796
598,0.5138378283643374,-0.804149553999685
899,0.5364820652785147,-0.8165441915330145
1198,0.468090975880296,-0.5215604823654028
1499,0.5418746855354183,-0.7498267738383795
1798,0.5315162891160274,-0.6764202684337597
2099,4.577806869447016,-0.14100544748300825
2398,2.966227665265871,-0.231505667081215
2699,1.730910597797095,-0.1981660559931222
2999,0.587094521272742,-0.723064596463981
3298,1.0767473878018254,-0.6058907374561431
3599,1.8008735754664944,-0.41046827571689737
3898,0.605309557046015,-0.8738749081600299
4199,3.4124532530736738,-0.37091207176389673
4498,0.6551912800509978,-1.020329785516215
4799,0.6538617389668273,-0.8312345122159797
5098,0.5489685835894597,-0.6489392408044226
5399,0.5494996492022386,-0.6399970171561205
5699,0.6335580336394053,-0.9430305175915201
5998,0.8474788365329304,-1.0732338525774723
6299,0.750920018492061,-0.8767356853823876
6598,0.5648972573114522,-0.5507767173715843
6899,0.6963426626002497,-0.7736172505047101
7198,0.5550675373129932,-0.43839791461180666
7499,0.7401030752884431,-0.8861129292112888
7798,0.687449627443984,-0.7340055105109775
8099,0.683838788816933,-0.4907037161526806
8399,0.711791874829594,-0.7642636617550571
8698,0.5917828571310693,-0.3862224812569013
8999,0.6820088940337298,-0.765903890189396
9298,0.5259456993608509,-0.15199439240787416
9599,0.6529202766106934,-0.49916042912457415
9898,0.6168529400212452,-0.3879482776038945
10199,0.6995516759530543,-0.6701013347464273
10498,0.6323552431465195,-0.4639248850013509
10799,0.5984133027601548,-0.37374860321091785
11099,0.6790297093459411,-0.42317597135337315
11398,0.486388979570141,0.22311823117083773
11699,0.6087481354017856,0.11145842142674411
11998,0.46029811377755236,0.41332333672953525
12299,0.5204402547476669,0.42693581783594625
12598,0.5773323936407289,0.3245760316258871
12899,0.8398010004794089,0.08211200021854614
13198,0.6587092857509013,0.3124963351531883
13499,1.4226394962883289,-0.12234793558493018
13799,1.0685180984117761,0.06582753819580345
14098,0.8349578782426571,0.23789721299831257
14399,1.124990005171775,0.04568314760262426
14698,1.436032701861555,-0.2634442549736744
14999,1.7882460413837817,-0.4630133881494294
15298,2.237467858820649,-0.5411337190898646
15599,1.924891146074729,-0.40277632804159347
15898,1.7935760338808429,-0.40650519529654217
16199,1.4413276722155524,-0.2165691220284871
16499,1.7389021275792187,-0.2975405523697221
16798,1.879323081023318,-0.310532164554165
17099,1.9604098224619502,-0.3223543139029639
17398,1.593531523946504,-0.14135663197109616
17699,1.4534013473162484,-0.11296895185313605
17998,1.447530010529433,-0.18913802318903516
18299,1.189393429839913,-0.11665974536982815
18598,1.2246677273544864,-0.0864307695276314
18899,1.2308654387867166,-0.16818643243841547
19199,1.081334834189214,-0.16766425773642468
19498,0.9366758798146301,-0.08660236784113673
19799,0.9071924308770212,-0.15122162441049314
20098,0.8243791020389946,0.10295910832219146
20399,1.3643491528347658,-0.22805720976924726
20698,0.6713439799532877,0.18344764997752694
20999,0.7616448995274911,0.03074999113627519
21298,0.6839892994223912,0.09332586457629188
21599,0.6322782484911192,0.2640970880832155
21899,0.7453216757314508,0.07960883304534028
22198,0.7164481918605617,0.14130254671708697
22499,0.7869543163805921,0.04150699310309458
22798,0.667824283596428,0.118226647027449
23099,0.8184115847710014,-0.12229290052207475
23398,0.6392702072147186,0.1690447255893337
23699,0.8015448582967488,-0.003813197792442269
23998,0.5862792954032201,0.21303828302994554
24299,0.8005051796375345,0.0433459496499069
24599,0.5063139270632879,0.24008251692426996
24898,0.4857168579320845,0.3318102832349117
25199,0.4966301489398553,0.29432363422798624
25498,0.536550303963086,0.25049722175174527
25799,0.4637729118744047,0.25492763562388887
26098,0.37391152978323156,0.37859273272926997
26399,0.8865109503237354,-1.0693190119488145
26698,0.5089738627184959,0.12109801726550773
26999,0.36061394643040356,0.4717662876715639
27299,0.3301484635486867,0.5434447363730683
27598,0.44318200574791033,0.3792112521799679
27899,0.3746810360636025,0.45330857843281247
28198,0.5975562541144764,-0.4780566409391065
28499,0.7775918524817372,-1.0896064615099728
28798,0.6190191415671012,-0.9156385496705202
29099,0.8732448776916897,-1.1363095437056856
29398,0.7097355634518188,-1.0211884766136587
29699,0.7233358201822894,-0.9743124167551749
29999,0.8356591257066026,-1.0623897510040332
30298,0.7024079623979146,-0.9884919465866329
30599,0.9171371040046087,-1.393844263642995
30898,0.8497678177708881,-1.177248758851758
31199,0.5229730492180723,-0.22809893417562366
31498,0.5318020518958415,0.035651776130730894
31799,0.36503169829511956,0.4283911121696641
32098,0.4755822458548653,0.00832752662831604
32399,0.5577081809583717,-0.8583353594070608
32699,0.40399227970246465,0.1380316395916763
32998,0.3499645746883285,0.43773781189959104
33299,0.35378559194919934,0.4815990383444053
33598,0.7873566266869634,0.09616460477281852
33899,0.34955944890971113,0.42326881837860086
34198,0.37381573490790226,0.553167472594011
34499,1.313622334113756,-0.16325671229571004
34798,0.5857610054334873,-0.16253588127194707
35099,0.2689816867277915,0.6102264370519905
35399,0.26164608645478216,0.4895715785551318
35698,0.4043729424765446,0.46241484244910225
35999,5.51278081644974,-0.16345659137069246
36298,2.054996818965952,-0.17389790518694892
36599,1.1329899665795191,0.08711595453257659
36898,0.24968326795419907,0.36845452200193574
37199,8.467762270240575,-0.22347372878704586
37498,0.5160501832067489,0.3893974774700094
37799,0.9524179319117739,0.08244233252815969
38099,1.2449347312815524,0.03916589801037795
38398,0.3797114575998597,0.4955576909565268
38699,0.26920710381944135,0.5611379305541253
38998,0.7551268101638408,-0.3075420118695855
39299,97.74234546901445,-0.49884281067751246
39598,0.2642551218318632,0.11123667786967872
39899,0.24188059650805144,0.5625690474124729
40198,0.2846648536791143,0.2678294534405884
40499,0.3103474422102521,0.4884557641722539
40799,0.33092409812372986,-0.0031950130064910542
41098,0.26346552356353103,0.45302008997786214
41399,0.2320827618374124,0.5710465954329131
41698,0.3153625182696726,0.37278865780759485
41999,0.4094462189293478,0.08576411341967027
42298,0.3665786448405217,0.21731384841333
42599,0.3784046092922109,0.4093447945614941
42898,0.33893085375939386,0.3340964716288153
43199,0.2866441023710493,0.5091152057649173
43499,0.40941200771675373,0.022211442980031748
43798,0.4228450870530711,-0.03491008586219291
44099,0.597194377971197,-0.010520875901679938
44398,40.546461813212645,-0.1748756973450838
44699,0.40762671682770085,-0.07309852255293725
44998,0.3928039796861866,0.054331528618197567
45299,0.503676191486179,-0.6052285443926062
45598,0.36712121001880366,0.039931343787888096
45899,0.3643609641209229,0.0435472803458371
46199,0.3671806272016563,0.17703886073062092
46498,0.33948200808889933,0.3030859034066854
46799,0.32166151711283164,0.30604241416426436
47098,0.3336727354683802,0.4338563906001617
47399,0.263014741621782,0.4537083385482551
47698,0.2717971751653847,0.47326429779558943
47999,0.2705728994814816,0.4255995318000151
48298,0.635787712051279,-0.07854120691009236
48599,0.34462793866470776,0.34646281353933095
48899,0.6765623042506242,-0.023016060540749228
49198,1.0452257370971691,-0.25634346672757613
49499,0.5511998458882436,0.10894028467349726
49798,0.9611136130154081,-0.16290880039707556
50099,2.5083371955209133,-0.20901446708228755
50398,3.1161441238209204,-0.19637483039790515
50699,5.511412340696615,-0.17551260667662194
50998,5.904164183733011,-0.2055464308076067
51299,8.10272809845633,-0.1744015753693453
51599,6.774546740181296,-0.19993689015741523
51898,3.119819893565901,-0.2303470593250858
52199,8.714597955640036,-0.21225780379299541
52498,8.879955616075698,-0.23014180612054114
52799,10.500818481123186,-0.29475395814976024
53098,12.473939960157171,-0.3100729336701624
53399,8.90347644214811,-0.29903566268007853
53698,21.70559771346959,-0.28447615681065175
53999,40.13782806193205,-0.19559834187373393
54299,63.359521710941834,-0.26363583701526005
54598,89.33077375720154,-0.21659807991395774
54899,,
55198,1.291416675626237,0.05214955620880213
55499,2.3286762240621766,-0.4378621289458786
55798,77.79650155223322,-0.2533593465759043
56099,52.99924509459492,-0.2835141204408611
56398,23.408494891153257,-0.2943455219066806
56699,10.091956031385713,-0.41047297121701454
56999,29.509878983184862,-0.7061589675597277
57298,1.1494114334889267,0.0077175054923595
57599,1.3278828715447073,-0.07463381043126138
57898,1.6410057681902819,-0.1402744535804974
58199,1.81422730064232,-0.302620858318406
58498,1.7857858717273123,-0.41148971238444343
58799,2.061966362881888,-0.6046658214356369
59098,2.175082520170424,-0.6172075452621208
59399,2.2182226741762996,-0.7274291105425768
59699,,
59998,1.0250627755753197,0.11471272588263859
60299,1.0326111749833056,0.04172874990240072
60598,0.7447964515239752,0.3642266350916282
60899,0.6352190847915821,0.49564904652602526
61198,0.8775192584891004,0.12245241030576959
61499,0.7920324381775202,-0.025195725345017683
61798,0.3531611386242267,0.7461610110022623
62099,0.4912757232088881,0.4782122191823619
62399,0.3534108000368816,0.6803440675592554
62698,3.1121879935479013,-0.301272430076041
62999,0.345599184751712,0.699666309439881
63298,15.931480698420573,-0.3777839126997824
63599,2.4767849884381703,-0.1866598983741059
63898,0.2844278789458389,0.7468723749929167
64199,0.34774169944639777,0.7044462445503172
64498,0.34764890573233537,0.6577556270288969
64799,0.4508807335668659,0.44926389208056705
65099,0.5000551722323057,0.20060487241353575
65398,0.6541015502963874,-0.3201770834579012
65699,0.3448384452003163,0.614949017372441
65998,0.3086718321664,0.733348559069525
66299,0.32355739424046787,0.6900775578082732
66598,0.2590135868538608,0.7581610203141833
66899,0.28084569561113876,0.7293972702395974
67198,0.9535687426735728,-0.39154724443039224
67499,0.26933620152442334,0.776207457392066
67799,0.32623053347319186,0.5406663418325892
68098,0.41583918122892205,0.2931462321604096
68399,0.527672743959823,-0.11048758483498844
68698,0.6748160232825824,-1.1011682800375322
68999,0.7440145546293496,-0.844961914034797
69298,0.5257242467911412,-0.19930777952670464
69599,0.42049848839755305,0.3505912694000789
69898,0.3333956115095966,0.6320795385513128
70199,0.32066280496207644,0.6812038033707353
70499,0.30528579649502174,0.6628798846265745
70798,2.2390792802218162,-0.8839930176136099
71099,0.33322721600454885,0.6749762599116966
71398,0.38548591422050293,0.6167957406689427
71699,0.4051758682786225,0.5118655165154078
71998,0.45311018859553254,0.42665655952132675
72299,0.4269568591278068,0.47201131996775536
72598,0.4664735048678365,0.49543516500102014
72899,0.4817027765854945,0.4622254137264534
73199,0.4713081284766847,0.5116476900329298
73498,2.4132138230022298,-0.2343740481644836
73799,0.4055317037204072,0.4678007665276971
74098,0.4443653025854716,0.4289847033497095
74399,0.534753378022468,0.3608153780078982
74698,0.5711281326037079,0.23531127938383556
74999,0.6114249736755917,0.25065820792903704
75298,0.550964065309148,0.24578072636396586
75599,0.6766392254732575,0.024611424809243054
75899,0.7681713811166052,-0.11504027070929945
76198,0.5660637332117058,0.2020043708203243
76499,0.836000029367261,-0.2170857749538333
76798,4.627030934887214,-0.169972870927259
77099,1.4951712705392628,-0.20568152587030264
77398,12.390108980167081,-0.22693689833215802
77699,1.7625563107486455,-0.11193590209694615
77998,3.5030067765961843,-0.1391199328654371
78299,2.0698019298216193,-0.10521182103836213
78599,8.553964185048754,-0.16720599236371525
78898,20.284778311608434,-0.18599098804426895
79199,10.044176202233613,-0.18833994278233024
79498,45.416522452724486,-0.18445979094019527
79799,41.03845878498068,-0.1778361386039422
80098,45.087001022736196,-0.2684243301050928
80399,29.025469928932594,-0.37863133012258277
80698,0.9709382125915257,0.1579529279553925
80999,16.755418956219714,-0.4092303332437217
81299,102.92296993195977,-0.286217744430437
81598,8.2789626191982,-0.19435388463760295
81899,0.5229594676166838,0.32141233653291423
82198,0.6133199461050771,0.10050694017860762
82499,0.5327837060741372,0.2111128152370566
82798,0.4158625211234306,0.30749861346869845
83099,0.43740324034130085,0.298672387819364
83398,0.4429880376949788,0.4095495515312295
83699,0.3667138157431848,0.4152877605586274
83999,0.4680700642357853,0.19869446321634776
84298,0.3695872885308822,0.2751651397257131
84599,0.4320984053071271,0.26198631516054816
84898,0.29623528682881717,0.5105911896717374
85199,0.3781891888648013,0.3136913115685003
85498,0.26946483008454986,0.4154030282121599
85799,0.2094086013689373,0.6507739896054477
86098,0.27847834195862736,0.42062386308051114
86399,0.2718725659895343,0.5155426331961785
86699,0.27271886392605654,0.35353222609442003
86998,0.2747377315626307,0.4240120889740052
87299,0.2855360051297603,0.20819252954490375
87598,0.2792505440556862,0.23776592409068298
87899,0.3122685021775452,0.05285397368198841
88198,0.31047784685892693,0.2267163315048607
88499,0.3151270737516192,0.09846498292748174
88798,0.33660240359421184,0.1420486999426548
89099,0.3466845204963246,-0.02656509632293691
89399,0.3317456844060469,0.018189772779781843
89698,0.3496834215866024,-0.14975249474699925
89999,0.3708844689877304,-0.007505562002293686
90298,0.40792673328799123,-0.12997422223693111
90599,0.37248002108197276,-0.08725382332205034
90898,0.4103675948852135,-0.12738702157619275
91199,0.41263698080650985,-0.1693803102635083
91498,0.44995010963587845,-0.12604557373193415
91799,0.9100549349746585,-0.061866429041185
92099,0.45469800586967474,-0.09248601163365677
92398,0.5237456439460637,-0.07957597013285378
92699,0.4613274197096342,-0.12109815906223265
92998,0.4779911186259543,-0.1874322971856235
93299,0.4924803142116024,-0.1756997154505242
93598,6.620049342576511,-0.1484395872713027
93899,0.9673428393830528,0.011849646490814103
94198,1.9947994685265718,-0.08011161404806466
94499,2.1455278769931763,-0.17097490695566386
94799,1.1479005742107695,-0.060584134825087954
95098,7.857076982988547,-0.20201597943666294
95399,2.623458807988547,-0.06607191053355033
95698,3.3572468354191027,-0.07421829603377206
95999,6.38318906678403,-0.06611489810163684
96298,6.46179656663438,-0.06768037434614826
96599,5.50673303969688,-0.0765333219113058
96898,6.306729619127436,-0.08194165321538893
97199,5.470893818972344,-0.07690496030001759
97499,2.924965255275584,-0.0697904730607608
97798,1.2872581125432885,-0.07938586230610833
98099,1.3524220212825289,-0.09228691480590623
98398,2.572381359046418,-0.23749305087438266
98699,3.7648936444515106,-0.16633046785554484
98998,0.5359199940518802,-0.29973962196005766
99299,0.5216306570918969,-0.2930576814303478
99598,0.5345487582030083,-0.23582726354670047
99899,0.5199933241590268,-0.22866538342927512
100199,0.5184299485826378,-0.15405776864355092
100498,0.4961848032817119,-0.1654948798966953
100799,0.5331624595409711,-0.24024144921026158
101098,0.5205853502678229,-0.14209894937643153
101399,0.5443020403534712,-0.13745136819924086
101698,10.282571630551589,-0.19267549931918815
101999,0.48100749567918577,0.07839770212920527
102298,0.46269645339446364,0.08179583713970084
102599,0.7959028072256454,-0.09823853586013342
102899,0.4378633421042973,0.08823500013416807
103198,0.4467037013782599,0.13717627929621523
103499,0.4252690746575381,0.0699103836554017
103798,0.4450553879492047,0.07516128525876364
104099,0.44346212359735293,0.06623968537080505
104398,0.4752907608174237,0.06825893424007823
104699,0.4584156239515196,0.06542202335162606
104998,0.5209103394052232,-0.013904518648496733
105299,0.5163624610255936,-0.0433818173152416
105599,0.4661002176335637,0.008439315135234327
105898,0.47082303553270133,0.103188096236005
106199,0.4929414187331008,-0.09707304645532222
106498,0.4971110817284711,-0.07784047545863726
106799,0.48257344511504513,-0.009676309219530888
107098,0.4813723282006934,-0.05816058326531426
107399,0.49862267303253804,0.020482889755262468
107698,0.494620658995501,0.02195912049937765
107999,0.48932994545846387,0.06934047965966927
108299,0.6778611748714787,0.077546149312967
108598,0.5332787497416858,0.08829003835990312
108899,0.5203778096816639,0.1650772155961966
109198,0.5437131779085159,0.11963190774786836
109499,0.5476438585427751,0.1421438358617434
109798,0.5184830719131454,0.1487523699463832
110099,0.540244106630738,0.16854107828409148
110398,0.5825242734108307,0.14168281544197736
110699,0.510728983241849,0.1778172043882048
110999,0.5185395669200898,0.20487081093999082
111298,0.5155546787001825,0.2297044809671941
111599,0.4784306509085159,0.2650460502550347
111898,0.46601391931360847,0.28434749097347267
112199,0.4865992096918197,0.2970555022683875
112498,0.46440233619786764,0.3020179607733343
112799,0.46800071350110845,0.3273206758763193
113098,0.448200911025153,0.3544917079278057
113399,0.4524875775993118,0.3631341631223579
113699,0.44905516781227484,0.3677855886862311
113998,0.5568824555576452,0.2504326642002602
114299,0.486412514994164,0.2893925231913186
114598,0.6055281059233859,0.18605041810321798
114899,0.6230980944025526,0.16148152331003585
115198,0.5715788067844971,0.19342630951866668
115499,0.6120293718816343,0.1577760082016324
115798,0.6419012541201452,0.15658939267639904
116099,0.6018054664002377,0.19839104607231672
116399,0.5895842554002377,0.21142277630604045
116698,0.4812632928053303,0.33318954493803654
116999,0.5098544559419044,0.2993723484054315
117298,0.49581835242338596,0.3079606880082
117599,0.39117714290949696,0.4115468244211047
117898,0.382165423171071,0.43337733452194194
118199,0.3490479042335711,0.47408913581545165
118498,0.32573808950790634,0.5105662519203876
118799,0.3372131453066023,0.495818978365843
119099,0.2868418325982689,0.5630681272465505
119398,0.280545668675616,0.5752456510098635
119699,0.3687769597431768,0.4313321634248529
119998,0.20753307102399365,0.6847888536150697
120299,0.3542710318231524,0.47605210768621586
120598,0.25526984041867307,0.6108434851048585
120899,0.1904736020540862,0.7285163700235109
121198,0.2728807271075282,0.5623443086495892
121499,0.17579633843889825,0.7176401754299436
121799,0.16715725576080992,0.7585195964654987
122098,0.1575880339901017,0.7517040760684552
122399,0.16552857341154034,0.7436332534381442
122698,0.20012155945884816,0.6991526977061615
122999,0.1631583732680218,0.7535373256792827
123298,0.16894911960135517,0.7405095990977997
123599,0.16649732041374415,0.6982485053124141
123898,0.15047803322855893,0.7596811344196911
124199,0.1667705139962073,0.5891854187983347
124499,0.16099841829337377,0.7037828637750376
124798,0.157322871913539,0.742284901268519
125099,0.17494448972392931,0.5288211834147547
125398,0.1616694588864832,0.5302862647885667
125699,0.17534054659481654,0.5894508516027769
125998,0.1910085545116529,0.32782399015826436
126299,0.1849140447972437,0.4112845957569945
126598,0.1905266676836544,0.25496961357051184
126899,0.2245220920583949,-0.11915054555965399
127199,0.20959598033686822,-0.12676755891799396
127498,0.23097381235307188,-0.5366621192311893
127799,0.2337385456377941,-0.5395507533864958
128098,0.2502587001725163,-1.139220282496518
128399,0.232609289089183,-0.4196812264535077
128698,0.23644617406744897,-0.43148364461800326
128999,1.5180649240047799,-0.037703612594361724
129298,2.474573920464356,-0.11939195441791028
129599,0.7337642507751547,0.10726088713604442
129899,0.7438980140228397,0.10246937490424513
130198,0.2973668033409469,0.4128335681170555
130499,0.2619328731600416,-0.4732307129325062
130798,0.23262001753837808,0.1451607535891597
131099,0.2869453383035626,0.49423314138462204
131398,0.26709797140078234,-0.120402825178618
131699,0.32026453044013425,-0.8472877842664384
131998,4.569444119114161,-0.20139832908758382
132299,7.811825390172931,-0.21534483373967528
132599,0.7362507878710951,0.10026679296328955
132898,0.707364829324134,0.10957631812712365
133199,1.6917185381835955,-0.09768649951364905
133498,0.47062437507413396,0.2772209005293961
133799,0.26878241753966914,0.18402530728147648
134098,0.2517621452754959,-0.0856297481260988
134399,1.8046136046720211,-0.11085367474197216
134698,0.5629830146079979,0.14419661950164642
134999,0.2841131690571982,-0.11330479675150462
135299,1.7282692006542077,-0.11819644922745765
135598,1.450438251026893,-0.1048291874297802
135899,1.2239625764921707,-0.08252573297636712
136198,1.7585662870071284,-0.37326332535062257
136499,1.0928533163447716,-0.056294853828577684
136798,0.4636465218879364,-0.9567301825222798
137099,0.49080279812636235,-0.9301505330476423
137398,0.899444835482216,-0.018020680448611603
137699,0.5120576852721956,-0.8836560417275894
137999,10.204589618594209,-0.22417656208575232
138298,126.67275053930575,-0.30892664905047984
138599,0.6276222005661772,-0.748010661556259
138898,0.6595411255106216,-0.7245715814734122
139199,0.6965850146303788,-0.6771967823050209
139498,0.9974432236386637,-0.2934805220175354
139799,1.4118286329115897,-0.31469651388392283
140098,5.693125403746992,-0.22314693021140286
140399,9.581012846310987,-0.19188026939391478
140699,23.731729153735703,-0.27982478522257637
140998,1.348923168111369,0.025597468523943734
141299,0.5254234619031357,
141598,0.5254234619031357,
141899,0.5254234619031357,
142198,,
142499,,
142798,,
143099,,
143399,,
143698,,
143999,,
144298,,
144599,26.606918443125593,-0.275310632417205
144898,2.6910990257377,-0.25119289213195706
145199,61.41659047446155,-0.5821261935822359
145498,13.573423453338627,-0.6012776054080713
145799,5.390981211389553,-0.5526522015797135
146099,1.4714372359940004,-0.7115431239459185
146398,1.480667721880738,-0.7495929848860414
146699,1.504200926621479,-0.7152916159464429
146998,1.4920250605080527,-0.6967006463117698
147299,1.4609509909038865,-0.6759534365391371
147598,1.458817051443238,-0.6649362044990657
147899,1.4265546188344418,-0.6447053833308514
148198,1.389924174267312,-0.6195911878284552
148499,1.3341021392580528,-0.6371044748084422
148799,1.1646908833992566,-0.590458238554556
149098,1.2471309417663248,-0.582039816697725
149399,0.8970527243435377,-0.48318065067628146
149698,0.9195839366168492,-0.3910240564370806
149999,0.7801948711104156,-0.526117886234081
150298,0.816701116844212,-0.5162230907952607
150599,0.8219775368025453,-0.541948354681165
150898,0.940565417602797,-0.5246014838323505
151199,0.7701588360356765,-0.5950002315869047
151499,11.080905031323422,-0.3667661118248309
151798,0.7793999773696749,-0.5480163477464128
152099,0.9283315781261083,-0.2812584914149936
152398,0.7284529594685468,-0.5928460744116473
152699,0.705434736841232,-0.579645970593766
152998,0.7157654759453987,-0.5638065283710312
153299,0.7948056542099526,-0.3792097413291293
153598,0.7506973467648339,-0.3943404707786595
153899,0.684683685915306,-0.45724977766074115
154199,0.6201178108936491,-0.38549750434632357
154498,0.9308260878561718,-0.1285911211933477
154799,0.5517851538666949,-0.31334865045376437
155098,0.5116421908157691,-0.2775637901654855
155399,1.0626444231968806,-0.030754121649119837
155698,0.5328970535078986,-0.299743070558836
155999,0.5244607879731764,-0.2713001352638331
156298,0.7094920339672826,-0.07138498247278191
156599,0.522788731480786,-0.20171847069972282
156899,0.5113964240224526,-0.16230020659848154
157198,0.500218468566434,-0.013890761903496696
157499,0.5208646435302232,0.04078532393384904
157798,0.5506980938195752,0.06519665240889139
158099,0.5534477336413345,0.03733357396370851
158398,0.5910111985149974,0.017284646886865263
158699,0.6489391352974047,-0.010257583131916048
158998,1.004481149136349,-0.16906375011731
159299,0.8707830028645344,-0.2263617987991664
159599,0.9633731096168492,-0.2918939019465656
159898,1.0581274429247194,-0.3496110630213758
160199,1.1353585218655153,-0.396185005431249
160498,0.9566776744270347,-0.25527791187486737
160799,0.8886639221423123,-0.19227466946154337
161098,0.8218290241261085,-0.13779800118112306
161399,0.9429235915844417,-0.19445492893776328
161698,1.086066540323849,-0.2645287047515361
161999,1.3012314267428302,-0.34620695618294395
162299,1.5175316366641267,-0.39450833196923796
162598,1.5611893143334543,-0.386599140931815
162899,1.9527163168655157,-0.22340785346743797
163198,1.129917077661727,-0.25991171162699556
163499,0.924781479960338,-0.1275443107210863
163798,0.8689851335831081,-0.10666718311522039
164099,0.9775733881432933,-0.14870309030289364
164398,0.9169008325969971,-0.1260216037475823
164699,0.9901261641502376,-0.1555428111056929
164999,0.9607302567937563,-0.148983013797106
165298,1.4155251199627379,-0.21892243815478474
165599,1.0719415641039414,-0.16917027027713427
165898,0.9663688755692194,-0.128219196824491
166199,1.9259547460255844,-0.3363821135242646
166498,0.8770560226780155,-0.07357862134853144
166799,0.947132603032182,-0.09336601060077099
167098,0.951461820493177,-0.1352101283818521
167399,0.8964021283589177,-0.05365433185802582
167699,1.2337117004468807,-0.14146677792729467
167998,0.806335471692251,-0.019346243512753603
168299,4.965579813605788,-0.24170647468813922
168598,5.3596272020739235,-0.22872332208682522
168899,9.022802166171962,-0.2643983530183145
169198,47.46202875040473,-0.36588068580758115
169499,85.68197841980982,-0.4328173389801657
169798,43.597382495690184,-0.4859338479636035
170099,,
170399,15.620061969145723,-0.40099848352557066
170698,0.5893821227130842,0.17979499256983966
170999,0.6626379362686399,0.14504362371562873
171298,0.5318604588469971,0.2380113597010698
171599,0.5261401898103065,0.2516793724252858
171898,0.8309592313010472,0.05471780911116686
172199,0.4892493555579917,0.28655180319067475
172498,0.3593401679025526,0.4360873670635057
172799,0.38192135100671926,0.3956133137726233
173099,0.37889641309005256,0.42868362012465044
173398,0.35995498498820067,0.451204496061953
173699,0.3514903230741953,0.45944957051633906
173998,0.26502947766927554,0.5041410162321578
174299,0.3201241147881455,0.48329462755198904
174598,0.3134619583515419,0.494657697794754
174899,0.6347833013218804,0.1716064733216135
175198,0.3365438273089788,0.4256055071523427
175499,0.35870996350110845,0.38130802978334155
175799,0.3801746277593899,0.19258432432481698
176098,0.3939827971608307,0.24983346743411872
176399,0.43945652163536775,0.17984075112235132
176698,0.4848400355589788,0.09614230268630941
176999,1.4296321871552145,-0.09267518909887018
177298,0.46329724463686806,0.0831445183477807
177599,0.44235695904890515,0.09834938150456363
177898,0.4744153195742048,0.009244930096274029
178199,0.5211711876112418,0.01820449260191681
178499,0.4978335202130936,-0.01443853025047348
178798,0.5669528622894825,-0.06177903583867406
179099,0.5830628416876305,-0.08508932762435695
179398,2.19096705549228,-0.11326180476099568
179699,3.032525135372806,-0.19690391311120492
179998,0.9980840209882008,-0.07814353555796116
180299,0.5868821662246677,-0.08957024012797032
180598,2.9089877966945656,-0.18245523770708294
180899,1.6784204437686396,-0.28451264788387376
181199,0.6709166651774656,-0.12545014084431383
181498,1.130624177195553,-0.09614647489354922
181799,0.9275280911399975,-0.10146182206011112
182098,0.7457634044870561,-0.07750538695416775
182399,2.138945053595029,-0.2444682716375648
182698,1.1178695506019731,-0.11743847015663245
182999,0.9202709199548119,-0.03657707573283653
183298,1.3326033877524361,-0.33714289936578834
183599,0.972182210833108,-0.13669385745566065
183899,9.122801195828824,-0.5469147043559177
184198,4.337251480007065,-0.33911737303625844
184499,5.3935315431714175,-0.7947150459273897
184798,1.3419771351366956,-0.5207738870355991
185099,0.679601776193238,0.06046624889279151
185398,0.6971382478298968,0.028017235454612766
185699,1.942115169152899,-0.3068679792406681
185998,0.5345883521505937,-0.06315696299769447
186299,0.5208271468542973,-0.09854397809641435
186599,0.7086935758399678,-0.02615623666999989
186898,1.0511529931228063,-0.1913985469349906
187199,0.7267592845209547,-0.07499821311136734
187498,0.8904524163673625,-0.04452206929149316
187799,1.7676195747732695,-0.24242189902039013
188098,1.4907387332732696,-0.12501969600238838
188399,0.5412519295756933,-0.17628152499642957
188698,0.5325410148164341,-0.16290717706150937
188999,0.5168707410085638,-0.16086495275815893
189299,0.5165360631868045,-0.22326518231837778
189598,0.538149737693749,-0.16547139487091145
189899,0.5060810256368682,-0.06581537672617865
190198,0.538725541733927,-0.10595130152349208
190499,0.5289076063342784,-0.03923093479760853
190798,0.5652781173944637,-0.039903400098122654
191099,0.5744488759270343,-0.021415444638712033
191398,0.57061820237826,-0.038314895658367876
191699,0.7535501152292879,-0.14062139493013004
191999,0.7766990564237324,-0.12896291469515786
192298,0.7204622794177751,-0.1672604914797473
192599,0.7680491401747197,-0.20558575125307121
192898,0.9129106877663248,-0.38488719324966447
193199,1.4875303012928598,-0.21051500258978573
193498,1.0208100037441639,-0.39245633929968227
193799,1.4295447701274362,-0.5782497159245599
194098,1.1344711871214788,-0.4866471380383153
194399,1.1528331144964785,-0.47497869313226637
194699,1.093571645663146,-0.44443467594093344
194998,1.106489264292775,-0.4081482809969159
195299,1.1770876649048674,-0.49976907292674433
195598,1.0726382961075902,-0.41356844868311127
195899,1.277185515425616,-0.3157525828543488
196198,1.0795758004386085,-0.3486727763433608
196499,1.0158564089617568,-0.31018862490339627
196798,1.0370257148876822,-0.28073608726030796
197099,0.9378784325335161,-0.23949035375110217
197399,0.8605383941724049,-0.21060991503249138
197698,1.1199678317269732,-0.24622882320286843
197999,0.8550596719455528,-0.150636511119556
198298,0.8620616876154307,-0.16386080253402513
198599,0.782110497900153,-0.08680186041728621
198898,0.702330092093701,-0.02146966212425716
199199,0.6429719713992567,0.019643292757231423
199498,0.6237537330103679,0.06432643926071246
199799,0.5721761232649973,0.08425171028069389
200099,0.5290395470960159,0.1680504171029683
200398,0.47988579036684914,0.237479110718526
200699,0.4804055232534233,0.23128869164523613
200998,0.4493152177418492,0.2933160127220399
201299,0.5382884320367272,0.23788520664235868
201598,0.46641835486684907,0.3086154814137627
201899,0.43294206125110846,0.32104238313025135
202198,0.46449051005524555,0.3164096369994813
202499,0.44697055472431185,0.35552411819433105
202799,0.8993388066456082,0.020983935487692174
203098,0.548297750634034,0.20305382484156664
203399,0.5852603280645048,0.17957931476342104
203698,0.6044616219673674,0.17472479434429777
203999,0.6018122593956081,0.17456511723917023
204298,0.5804759610252377,0.19923216209125327
204599,0.6482125844376214,0.17029979758202574
204898,0.6018020539399362,0.1916796211241829
205199,0.5125349758215341,0.2578639119471958
205499,0.5291290865973435,0.2624183327540972
205798,0.5368741108724601,0.24476804255783058
206099,0.47546301896169496,0.3150621673834846
206398,0.6073847793403991,0.18953209741373933
206699,0.7313915187570657,0.1148617102606202
206998,0.7206167574144732,0.10418584625581673
207299,0.4726443019511637,0.30064694091904676
207598,0.49574627253484344,0.30436690371735575
207899,0.5027789646204917,0.2801381604944404
208199,0.4868103358671339,0.3036918968329704
208498,0.5839266998403991,0.20689879185344728
208799,0.4030659724650525,0.3896279409823753
209098,0.556733406277899,0.2336878160199245
209399,0.6939539918380843,0.12493799784168469
209698,2.082831193828825,-0.09561018032372348
209999,1.4490524305523655,-0.05160724643797199
210298,0.922280985741333,0.04625922714538644
210599,2.2058583063890245,-0.1262936544573945
210899,5.850769620270954,-0.19669766468417182
211198,0.33338437915317454,0.4654724483179383
211499,1.1556993529667174,-0.017919309570614717
211798,0.8265463175579917,0.08897297555233696
212099,1.5609078959098435,-0.11227786192074807
212398,0.685767764502436,0.1449561391382428
212699,0.6608726371019731,0.15489353387384996
212998,0.18750434861731125,0.7000173939390166
213299,0.1774654918063349,0.6120946422023539
213599,0.16485738884344228,0.732341907838008
213898,1.1672011379157452,-0.0003699061437458795
214199,0.20418147945892554,0.6763174648009252
214498,0.2182294741146179,0.6851770239925378
214799,0.26401683958854183,0.6345826910712857
215098,0.2565091301028985,0.6340045198605426
215399,6.166098709933769,-0.4328647139516939
215698,0.24911549780145048,-0.028123861987280563
215999,0.21428323371117272,0.12037233091442312
216299,0.21321677613709863,0.3034817440541885
216598,0.24826379087089492,-0.1174527208564673
216899,0.23848540741024676,-0.04082089183182713
217198,0.24018144032459862,0.062303467831034465
217499,1.169792026095642,-0.03981619032699446
217798,0.4396839098548454,0.29213781355259527
218099,0.3246878375738098,0.4233239914687289
218398,0.28607293271559714,-0.2813087048533416
218699,0.2923609144586527,-0.40561216276962164
218999,0.30876796523284383,-0.4694135036006468
219298,0.3244955643578438,-0.37069345562912726
219599,0.3519469625360845,-0.3494640462684844
219898,0.3518404201819179,-0.40665255839992787
220199,0.3373897875194728,-0.21074779038994484
220498,0.37980134181113945,-0.308202392449779
220799,0.4124445851651009,-0.43898231152701084
221098,0.405758513202138,-0.3667282656154083
221399,0.6211198601324831,0.10269945723354656
221699,0.42702282820234316,-0.2631081581439494
221998,0.4542582717021379,-0.47316081628931883
222299,11.859637554026948,-0.18650182608958032
222598,48.19132691941655,-0.3056354801555632
222899,38.93358828398214,-0.2924111903042166
223198,59.791096162027415,-0.23612974259177855
223499,30.840941091497623,-0.2239494578035368
223798,34.28823101479465,-0.2260233297773402
224099,41.61311231316062,-0.260901250608375
224399,44.54179203625553,-0.2511405905603501
224698,61.367650351355074,-0.24800036513114354
224999,109.06034605879361,-0.27028829341172345
225298,162.0225412071038,-0.2841354192272758
225599,113.52832562728668,-0.28284431175933067
225898,109.77733590835149,-0.23592306861851786
226199,112.04919921050428,-0.28049882799816195
226498,66.06495143446261,-0.2752997932629069
226799,0.5254234619031357,
227099,0.5254234619031357,
227398,0.5254234619031357,
227699,0.5254234619031357,
227998,0.5254234619031357,
228299,0.5254234619031357,
228598,0.5254234619031357,
228899,0.5254234619031357,
229198,,
229499,0.5254234619031357,
229799,0.5254234619031357,
230098,0.5254234619031357,
230399,0.5254234619031357,
230698,0.5254234619031357,
230999,0.5254234619031357,
231298,0.5254234619031357,
231599,0.5254234619031357,
231898,0.5254234619031357,
232199,0.5254234619031357,
232499,0.5254234619031357,
232798,0.5254234619031357,
233099,0.5254234619031357,
233398,0.5254234619031357,
233699,0.5254234619031357,
233998,0.5254234619031357,
234299,0.5254234619031357,
234598,6.59938075342659,-0.5129236809822426
234899,58.11924096315137,-0.3629401686762772
235199,11.079355718375663,-0.5130717951197838
235498,18.196556376058535,-0.36020385544660805
235799,15.139076028579366,-0.4065164041044138
236098,13.620938806132607,-0.3900959111292419
236399,2.1243499505206085,-0.690077546830066
236698,1.9289595389062006,-0.6388366562396808
236999,2.3219502604835713,-0.6892411656418573
237298,2.1559017640834544,-0.717371104296791
237599,10.018074956843256,-0.48851302510270456
237899,2.0634319739931772,-0.838307873121029
238198,1.6240575236200607,-0.6985045651566733
238499,1.5436202384283622,-0.6979816206263907
238798,12.429969329650582,-1.623763332033795
239099,33.816336461749636,-0.5464495112684047
239398,6.735996978229288,-0.32308792051344426
239699,5.026634385622807,-0.2978058498114553
239998,20.195911388934828,-0.36217944440211114
240299,8.027332020933759,-0.7345380017383794
240599,2.2976752195345505,-0.2456996144098511
240898,4.50748631183755,-0.5817550554535318
241199,13.274818475365386,-0.35138452827385036
241498,4.265009664521723,-0.4084813779242722
241799,3.211899750632833,-0.32454310522895025
242098,0.5760811484995491,0.1346827191411477
242399,9.239321233543626,-0.6302402059134575
242698,14.772443444599121,-0.7228846276637275
242999,18.559294407702893,-0.5116644147376748
243299,22.043524902041824,-0.6397550242437782
243598,23.460087038821396,-0.580005613533801
243899,14.585502713096865,-0.46155803500616277
244198,16.26358127421949,-0.6128839043597165
244499,24.303560962019112,-0.4490223942307132
244798,42.69994256890411,-0.2924204645716417
245099,34.94916536983005,-0.665011630666696
245398,35.42467614946186,-0.6074579562064284
245699,29.28278832022706,-0.3723846817491776
245999,24.89757922144709,-0.45796613532025887
246298,58.14465348699038,-0.3539179311370071
246599,59.68034355593714,-0.42835935473269404
246898,89.31642617324955,-0.2578766397898611
247199,50.11938638924038,-0.4231116492893241
247498,35.81296542610205,-0.6382231809476757
247799,3.465928484946632,-0.227650110831509
248098,45.411730574036625,-0.23936935607119625
248399,19.840068813370014,-0.2904659154608731
248699,13.278927229809828,-0.39848557285052855
248998,5.957111831300862,-0.5488727868981993
249299,7.007861540447707,-0.4499349002453983
249598,6.843426012489375,-0.47982181346464015
249899,8.88953966279545,-0.42971149913963136
250198,8.212601360499153,-0.4770109137891061
250499,9.819820451353317,-0.5033433498148931
250798,10.259983940679707,-0.46543829888602906
251099,12.380156054874586,-0.481411579328592
251399,11.546407799062907,-0.4648853847077996
251698,10.295884890471374,-0.4384261367895328
251999,12.928256413730631,-0.29802826674518945
252298,12.046522309251904,-0.39338378960843734
252599,14.12849606003894,-0.31299872569748177
252898,4.875715893934504,-0.35497814862984844
253199,0.7292640138629565,0.16231372781292652
253498,0.5627536292537244,0.10199283623749011
253799,1.7372994322380932,-0.12021085069110637
254099,0.56699109811206,0.17676963394186884
254398,0.5254234619031357,
254699,0.5254234619031357,
254998,0.5552734264469164,0.14545581146940856
255299,0.5254234619031357,
255598,0.5254234619031357,
255899,0.5254234619031357,
256198,0.5254234619031357,
256499,0.5254234619031357,
256799,0.5254234619031357,
257098,0.5254234619031357,
257399,0.5254234619031357,
257698,0.5254234619031357,
257999,0.5254234619031357,
258298,0.5254234619031357,
258599,0.5254234619031357,
258898,0.5254234619031357,
259199,0.5254234619031357,
259499,1.132183386488547,-0.1447337226155252
259798,0.9248800225348435,-0.0528183621186864
260099,0.9206034734769732,-0.04198078969234875
260398,0.9055712802246584,-0.0456331453634542
260699,1.6980611320441028,-0.13457932725259591
260998,0.9433561115232695,-0.04828928712987013
261299,0.6861845141270896,0.05495242468006156
261598,0.7464991856016268,0.017034836429634215
261899,0.694466219303362,0.06449872489237474
262199,0.6050675777335711,0.11282416018627162
262498,0.6689204778632006,0.08037177457060063
262799,0.5991215966664415,0.12940647184410237
263098,0.5594358766664416,0.15090258518610988
263399,0.5408230607640102,0.12956625213680195
263698,1.0142258157223436,-0.15032177172591266
263999,0.5708632870288861,0.09758858363082212
264298,0.5213617358830528,0.09219832447074328
264599,0.5370556873876825,0.10934044837583567
264899,0.5667186516585159,0.09256764333982004
265198,0.5639946174131455,0.07292232105517749
265499,0.5472501373228679,0.0906620615901248
265798,0.5834783248020344,0.043072017394414464
266099,0.5595752998784232,0.016067617276714574
266398,6.972324632024812,-0.24068070282965515
266699,0.8084602388437011,-0.15191381275150295
266998,0.867789297056664,-0.2362918339022615
267299,0.7294828530034233,-0.16105517011140535
267599,0.7107654936330529,-0.14145896962201476
267898,0.7704323455126825,-0.1948942396536597
268199,0.9314859331191641,-0.20132124935194673
268498,1.8730143956251213,-0.4617784588864402
268799,1.4101021299376215,-0.516590404734153
269098,2.0369297148913255,-0.4826227450894327
269399,0.8028781381747195,-0.2509477181514992
269698,0.7965585534895342,-0.22109320225925955
269999,1.144096196180677,-0.26134993693906905
270299,1.7918673897200286,-0.31852526316923746
270598,0.9671875642590341,-0.27294231676286973
270899,0.814361580369164,-0.24015028387155657
271198,1.1712361713380846,-0.2800567363751516
271499,1.6387927757640104,-0.5117498554139024
271798,39.79847275552973,-0.385581988001781
272099,0.8901280617418492,-0.25074929955905345
272398,3.005297526636695,-0.1877616220144589
272699,0.7600856393460158,-0.28894599566728596
272999,0.7538032162001825,-0.27130932382462336
273298,0.7736756479615933,-0.3035687950681176
273599,0.8111408313089787,-0.2968025431958601
273898,0.8403146122649973,-0.3444479332883241
274199,0.8676174805543492,-0.3236626746519209
274498,0.8103848092440006,-0.31785354804239496
274799,0.8164737344617566,-0.3236518374941395
275098,0.8289201585080529,-0.3706945527885037
275399,1.1406529915529307,-0.4118013094709405
275699,0.9743839019766267,-0.4674046492427977
275998,1.0643054280880841,-0.47111287448573314
276299,1.0926906480371583,-0.34212656737602165
276598,0.904272202008053,-0.41087690816707667
276899,1.3785198990145533,-0.2958285012926323
277198,1.2117493328218805,-0.37697111215325574
277499,0.8867076072024973,-0.367924780617392
277798,2.1328808747946457,-0.32061571257979593
278099,0.9259566190271141,-0.3518143698203813
278399,0.9681658247423915,-0.33199430979945
278698,1.1102738938730028,-0.36038714873776745
278999,1.058127174939151,-0.38818303344891647
279298,1.1204717632294843,-0.4083163638130858
279599,1.3017977447109654,-0.4556399791728629
279898,1.7015378085446455,-0.5828162102177443
280199,1.6137026154007805,-0.6174942041865219
280498,1.5077705788775475,-0.5586080032087526
280799,1.8278705727034787,-0.6597515017133948
281099,1.9313135200136644,-0.6904867215363384
281398,1.9884046322358861,-0.7247787272610071
281699,2.2800397296039416,-0.7669132828359235
281998,2.3031059945136634,-0.7957407107542767
282299,2.540058703856256,-0.7867017220150299
282598,3.5566501795348437,-0.7472079407219034
282899,2.545256939624774,-0.7569841301039599
283198,2.8791306735116953,-0.7952307679697117
283499,2.629321393731256,-0.7906614737272382
283799,3.251066322939936,-0.8369347310494331
284098,3.2146054599468803,-0.8704076141014234
284399,3.0876773811525524,-0.8482917152807843
284698,3.7312511800070656,-0.8118428671447675
284999,3.2114687830278985,-0.8122459483118829
285298,3.8412518437316034,-0.7832081978316319
285599,3.849837083328825,-0.8425817268945572
285898,4.6756749131922515,-0.8138228271810883
286199,4.508586315090399,-0.7761222308506586
286499,4.029875892092715,-0.8161589731144478
286798,4.349328114583455,-0.7459529567121672
287099,3.7250326914885474,-0.7225263785731084
287398,3.1657294885788247,-0.6958620194210188
287699,2.7869005915441027,-0.6841850703252668
287998,2.7773070201181773,-0.6489420383288445
288299,2.202766854546071,-0.6066018682476242
288598,1.7936595223678304,-0.5218494632868071
288899,1.8096753603377382,-0.5017971908937573
289199,1.7523386572385473,-0.4298898531435684
289498,1.3949789353863489,-0.3579376580937177
289799,1.5793312675695659,-0.3007818312607835
290098,1.4120025194491952,-0.37305514043890353
290399,1.2552116109928302,-0.2481103039768564
290698,1.258865606108571,-0.24416828722848227
290999,4.43096473036409,-0.36430965091012957
291298,1.0886900140255844,-0.19120724690523283
291599,0.9927019701664415,-0.1668338650683232
291899,1.0112040752405156,-0.17729740951665862
292198,1.055127415770955,-0.17714068668138205
292499,1.2125915145093806,-0.1890582190243959
292798,1.5726290662848434,-0.2570674792047869
293099,1.2011527906320658,-0.20162994156973557
293398,1.295307145115862,-0.23761865038934027
293699,3.5155122134584547,-0.4283634739510551
293998,1.5243093648751211,-0.25376291475558843
294299,1.292609933067251,-0.23367685567020136
294599,1.4128965481066027,-0.23584924935393548
294898,1.6247197496667878,-0.2344919843603872
295199,1.2107980164468806,-0.23168445197229115
295498,1.328461987819566,-0.2282544205755197
295799,1.6404797725834548,-0.29815369192153307
296098,1.2011973654098438,-0.19249811004137007
296399,1.1018880352153995,-0.1928160102285248
296698,1.0891300990348436,-0.20333681897614353
296999,1.1785478995232692,-0.1883130835139386
297299,1.329675801240862,-0.17282369167704625
297598,1.104401798203825,-0.18291967912115914
297899,1.1341521102593808,-0.14151110728861638
298198,0.988322317169103,-0.1310011457807474
298499,0.9807019136366955,-0.12711294562794162
298798,1.000965738025584,-0.10888332717690274
299099,1.0146594055047509,-0.11908737178877526
299398,0.8821215294399363,-0.11400108757140681
299699,0.8493358980811401,-0.0910730638006434
299999,0.9046277372686399,-0.12459252321050296
300298,0.8114356751714176,-0.08751889042420768
300599,0.9053661583311398,-0.05277192284480381
300898,0.829411702930677,-0.03660119881392765
301199,0.7408764168496584,-0.00908118564296756
301498,0.7256714164071821,0.014497007870696299
301799,0.7367481372964177,0.04372057887135117
302098,0.7431319464769732,0.025471312006463354
302399,0.5957494289395895,0.11463470393454045
302699,0.999406459801047,-0.018307458092266415
302998,0.570679651755738,0.05726498866670182
303299,0.521838272105275,0.1376225427626504
303598,10.618120694079368,-0.39885139797720304
303899,4.537736079333454,-0.31694332427873717
304198,0.5146111169617567,0.13635983048965872
304499,0.5401365868089788,0.12005010118864456
304798,0.5127888493437012,0.10420188169327538
305099,0.5441345000358306,0.08995730870651264
305399,0.5251824179247194,0.13391809227389517
305698,0.5068522917048122,0.1229791494928606
305999,0.5677242312835159,0.06766868409790927
306298,0.5227553123112938,0.07831739154795159
306599,0.553289689818238,0.05304001437079109
306898,0.5581899944247195,0.020578460490834005
307199,0.5676895760913861,0.006901729277866919
307498,0.5836288607418492,0.021772565279652767
307799,0.6225042188807381,-0.04143924328131776
308099,0.6405547069409234,-0.10575589255188178
308398,0.6976251705589789,-0.14654430360992166
308699,0.7542133718876826,-0.22198464469231594
308998,0.6912797100541859,-0.15321736252814677
309299,0.7124764088853677,-0.18715935916309645
309598,0.7082617443852042,-0.18589877623197726
309899,0.6828053123149452,-0.19960849603109954
310198,0.6621437614457362,-0.22958292683787396
310499,0.667939630157538,-0.19412616504441527
310799,0.6533104358450381,-0.24892610710641683
311098,0.6120139624445752,-0.2032130871536939
311399,0.6236252035703894,-0.18569857340966034
311698,0.6253847695108786,-0.2130851203145414
311999,0.6145240553071748,-0.21040919551484638
312298,0.6094219801127304,-0.19341382180918987
312599,0.6234626951104156,-0.2064372891977424
312898,0.5970103738951377,-0.16663233747808914
313199,0.5969043351775454,-0.17329726590169092
313499,0.567666994767823,-0.18608643019694737
313798,0.6015920087331007,-0.14998083534465279
314099,0.5809806694738415,-0.20495997118044063
314398,0.6071286864315006,-0.17458749655982464
314699,0.6280860155849525,-0.20491011324884645
314998,0.6569832247711274,-0.20508726575359493
315299,0.6711061567732789,-0.2504461670629865
315598,0.892811635641325,-0.39510011758038055
315899,2.4910600046132014,-0.14947957458858419
316199,3.011117697053363,-0.23510826765951243
316498,1.0571968180983309,-0.3962305063915519
316799,2.736593697757065,-0.8196113103712281
317098,110.43460687495923,-0.24784048219931765
317399,74.24816975908753,-0.26023880514560926
317698,94.65055132968342,-0.1460635388705307
317999,102.21281973880595,-0.22627746718730357
318298,52.69297016827105,-0.27882565690785843
318599,64.65022056817443,-0.21457428317345362
318899,39.55590003943066,-0.2603076320042541
319198,0.5254234619031357,
319499,,
319798,0.5254234619031357,
320099,1.966891438921071,-0.9495571676024741
320398,14.5515375985323,-0.7412895311246335
320699,20.30317850091395,-1.1180397541688403
320998,15.21563851666733,-1.0206640161572333
321299,40.5838405275251,-0.9165492468427181
321599,15.684737635674278,-1.194421916433377
321898,23.469764569111774,-1.3161519632764827
322199,10.735240570271497,-1.2205815873600416
322498,5.545180570949307,-0.8365537493117876
322799,6.8881722612784415,-0.9457674399294156
323098,6.830083658595572,-0.8562355049171224
323399,8.975869135023814,-0.9748326178147653
323698,11.769870798215942,-0.9017323376957869
323999,13.164997934889554,-0.9887830525347461
324299,14.191444156002976,-0.8979918778987614
324598,11.445435952199738,-0.9100857906165658
324899,11.920239340898812,-0.9094049438235159
325198,11.218468693327052,-0.8785948232251635
325499,9.883930485924274,-0.8749488411078354
325798,7.447144227750663,-0.881579542116915
326099,8.620107424090943,-1.258830880949338
326398,14.320230268287702,-0.879484082774783
326699,6.006889783093257,-1.1869793081889886
326999,10.337157672060851,-1.120160836615867
327298,11.694902510896497,-1.2489802019972562
327599,9.112652884113318,-1.3336973963448253
327898,20.06952993407937,-1.0221184529006426
328199,45.57070781658423,-1.410269437517179
328498,11.664392577121037,-0.7302835482392735
328799,13.87906208497443,-0.9840204610060441
329098,8.026110442713852,-0.8398677339925544
329399,4.5816847853993306,-1.1071882831528903
329699,28.97567575068068,-1.1868221076061243
329998,31.18558978631548,-1.254568607326778
330299,10.676092034209223,-0.8356179174335061
330598,,
330899,0.7773136229256078,0.01781832969133479
331198,1.1629103215038892,-0.30002110306959584
331499,2.5977736639367737,-0.6731429351348472
331798,,
332099,0.39523418260567394,0.2899482727498579
332399,1.5689290603081736,-0.09953305888167474
332698,15.866585287541305,-0.5785557650795881
332999,8.856396908224122,-0.7503649147748783
333298,18.56563012813853,-1.03497653367672
333599,11.454789889191282,-0.6488163169496171
333898,15.967816748814458,-0.6811859766814468
334199,30.93253766261075,-0.8091694556857312
334498,38.64315718773575,-1.0033012929474943
334799,40.239338078606124,-0.7409357607732738
335099,24.533058518374645,-0.7018211999574613
335398,19.98022478724733,-0.835955470527814
335699,14.656659067541309,-0.995566586897572
335998,7.644399607981124,-1.104566217622129
336299,0.9474824689382877,-0.4001119272406888
336598,3.031787317531559,-0.778607809456251
336899,0.5254234619031357,
337198,0.5254234619031357,
337499,0.5254234619031357,
337799,0.5254234619031357,
338098,0.5254234619031357,
338399,0.5007650505859176,0.17268601935962602
338698,0.5254234619031357,
338999,0.5254234619031357,
339298,0.5254234619031357,
339599,0.5254234619031357,
339898,0.5254234619031357,
340199,0.3914434387579766,-1.8966469724966184
340499,0.6038413406995197,0.17607182141848776
340798,0.5254234619031357,
341099,0.5254234619031357,
341398,0.40018279021332104,-8.81943771757709
341699,0.5254234619031357,
341998,0.5254234619031357,
342299,0.5254234619031357,
342598,0.40490793474530223,-8.266321882156994
342899,0.5254234619031357,
343199,0.31868081370909146,-0.2733866602501078
343498,0.5254234619031357,
343799,0.5254234619031357,
344098,0.5254234619031357,
344399,0.5254234619031357,
344698,0.5254234619031357,
344999,0.5254234619031357,
345298,0.5254234619031357,
345599,0.5254234619031357,
345899,3.0547089172808564,-0.1304776452764882
346198,2.4927889952471487,-0.12861712296955807
346499,1.7356265549445655,-0.2843288573692626
346798,1.565815400995492,-0.2555613813152049
347099,1.387257878766325,-0.24646723230541268
347398,1.3151651843265104,-0.23057827066817627
347699,1.3159034580325288,-0.20425533527608541
347998,1.3695592405556767,-0.19093196401393708
348299,1.1732234633774363,-0.19827146504826865
348599,1.2053765433728065,-0.17205848919469235
348898,1.2182715557478068,-0.1406377432193362
349199,1.9075723202894734,-0.19249376772793303
349498,1.1120930538403992,-0.12422299240516654
349799,0.993810671817251,-0.12506206987998558
350098,0.917045216775584,-0.06950309013641154
350399,0.9014515090278993,-0.05921261950784973
350698,0.914336846141325,-0.05326911504914711
350999,0.9055836853566027,-0.0613140961305938
351299,0.7645722931270895,-0.01653126141800354
351598,0.7534079152544044,-0.025215520015225756
351899,0.8863163196895897,-0.07836309170942424
352198,0.7844202297775524,-0.04693541457671402
352499,1.0007711160255843,-0.12270851381422498
352798,0.7943610782682087,-0.05095352146992416
353099,22.254559501647766,-0.2710983610939708
353398,0.8305345926339492,-0.13042825049127216
353699,0.8230207171006454,-0.1588781683475433
353999,3.039832729257066,-0.18487514256000592
354298,0.9305806888978382,-0.24930124225677663
354599,0.9959862985728676,-0.295568391914675
354898,1.1502010238668487,-0.34121402250437693
355199,1.2383417001029602,-0.39479700435455456
355498,1.295693442933979,-0.4200699484017656
355799,1.3527603855529307,-0.47185070486615266
356098,1.428817482351973,-0.5925829299496561
356399,1.4219294225636085,-0.5037356212660746
356699,1.519252972136264,-0.5324169758943076
356998,1.354936165843701,-0.4739426824369324
357299,1.5471939485973436,-0.622704946486863
357598,1.6039967260691346,-0.6029064909331201
357899,1.6019742847256453,-0.5719224136552268
358198,1.7654215845506163,-0.6422923758212524
358499,1.8540991040251527,-0.6626390780835001
358798,1.76207409581219,-0.6390475955065302
359099,1.9445678373399677,-0.6864957309018085
359399,1.890360652515894,-0.6648382929813996
359698,1.888644295900153,-0.6657884296748728
359999,4.5108419301598435,-0.40072147803344094
360298,1.777034666837738,-0.6882403572400675
360599,2.716997576863547,-0.5447959204755382
360898,2.350411354157529,-0.8607334446727961
361199,1.8238472209858863,-0.703478999445428
361498,1.7234509057311715,-0.6555195599680501
361799,3.1007023166436403,-1.0370762035382328
362099,2.0838134470669045,-0.773607426850315
362398,1.9944802203053307,-0.7900255779214511
362699,2.221862490988201,-0.8097077292415205
362998,2.3226550115344966,-0.796189562982609
363299,3.0426682540553305,-0.9005323866377701
363598,2.534327242136349,-0.8634321169423884
363899,2.5749055882775522,-0.8536953574137462
364198,2.9390775576320656,-0.8472813203393097
364499,2.5388823033357695,-0.9136378663267868
364799,2.329648047671071,-0.8729909967175096
365098,2.9753182745284414,-0.8751303449764853
365399,2.8241031464520527,-0.8699374990941751
365698,2.384224174710966,-0.8690663625998349
365999,2.2169304852109653,-0.8304264368368788
366298,3.0521768011002006,-1.0768783399940318
366599,2.4672218411785583,-0.7464015884620443
366898,2.287444837315133,-0.8075437382172677
367199,2.4906412046253177,-0.8179117464668486
367499,2.843547804491405,-0.8916468207967869
367798,2.7447224239771697,-0.872823355752163
368099,4.244032687831682,-0.9485390194724381
368398,3.3841637911279787,-0.8990111510588952
368699,3.256055798387238,-0.890264220182458
368998,3.049865223833997,-0.8553418001860753
369299,2.8391417505816827,-0.804515393140691
369598,3.643591098137238,-0.7612759608495143
369899,5.094599542291558,-0.7413225237583221
370199,3.8413648715978863,-0.8344087875982735
370498,11.24998190092296,-0.3024664905740553
370799,6.018041581926048,-0.600341409358466
371098,7.62223140990907,-0.5325435150854358
371399,6.876209130059533,-0.7183415003850144
371698,4.129282402720029,-0.9342803469079872
371999,4.490057449104288,-0.9598712192850545
372298,13.577946382589626,-0.24153596177602865
372599,14.8772371424693,-0.26141460691588003
372899,9.138227316885922,-0.43301232314260796
373198,11.285859918714626,-0.3009368154181742
373499,10.06816820645128,-0.5179076127585962
373798,12.78907810928924,-0.31238484601657324
374099,8.203887778990632,-0.8597127086071188
374398,7.939225067256836,-0.9471182660670672
374699,11.45117238806702,-0.648408699419025
374998,7.3693547437869285,-1.0574885069662576
375299,6.364393240463626,-1.1093386439887336
375599,6.5832149864677145,-0.9092411623170173
375898,8.544443380974428,-0.8631086256693279
376199,6.804896132377436,-0.941910673830292
376498,4.484239476467715,-0.8775091373174275
376799,6.462619343367404,-0.6606991654159136
377098,3.6675727834306775,-0.6684477812606264
377399,3.8647850191899358,-0.6447542791236258
377698,2.9776245326089175,-0.61773736350421
377999,2.331831974423732,-0.6107787295873957
378299,2.7114948881876217,-0.5700413477390505
378598,2.311865726490862,-0.5648658972629348
378899,2.45000299781725,-0.5599561578445198
379198,2.452499704472343,-0.5605492852352592
379499,2.4324879535741952,-0.5935375010098485
379798,2.4509080311482694,-0.585062241961986
380099,2.889163142507066,-0.5542128187279405
380398,2.596433384615862,-0.5777417750746439
380699,2.72407617239364,-0.5492342098601497
380999,2.801403799680677,-0.5456947232253577
381298,2.767544324419103,-0.5634034294087025
381599,2.407876888141325,-0.5717513217797585
381898,2.405627042882065,-0.5710305548796422
382199,2.8241144512547516,-0.497401742840478
382498,2.855160734620492,-0.5529078100035552
382799,2.902053385078825,-0.5324706523987133
383098,3.215278520182992,-0.49304971836983547
383399,3.004621232409843,-0.5086292017438616
383699,3.3121370826853065,-0.477206457654183
383998,3.1990343845718803,-0.47191164068589586
384299,3.26196219626864,-0.45012102885061944
384598,3.504797590141324,-0.4047485860081135
384899,2.8835605004723437,-0.44369265343560094
385198,2.8933327436158622,-0.4090679662645893
385499,2.744189696493177,-0.3911374730859991
385798,2.454984306687622,-0.4109338169628487
386099,2.3114263142084552,-0.40525545939249685
386399,2.2398120998704916,-0.4087429752948626
386698,2.169644748449196,-0.36396240123127077
386999,4.531831424863547,-0.3259648483670534
387298,2.8486572918658624,-0.3297083241574146
387599,6.503803569530214,-0.692789079703404
387898,14.98627788650938,-0.20966458333376825
388199,1.5658317693473434,-0.2929764651933131
388498,1.9457845955209545,-0.2407411668398063
388799,1.7472802788890103,-0.27811554381118553
389099,1.326867276891325,-0.26201530350915125
389398,1.374424945340399,-0.29709645653889116
389699,1.5651713341228064,-0.2802442714982796
389998,1.5272452560695655,-0.3061117551562256
390299,1.3470494095973438,-0.3001912441547163
390598,1.728163017641325,-0.3212289472066112
390899,1.4157048707084547,-0.3288122198908323
391198,1.374863065902899,-0.38398954605491964
391499,1.3500194451968806,-0.3936923716343994
391799,1.3807286126343803,-0.3858560733891696
392098,1.4317583051618121,-0.42649369842334095
392399,1.4090249866132007,-0.4354857302024948
392698,1.298281491884034,-0.3922172442539096
392999,1.3151293783307931,-0.40203673364590764
393298,1.2083166507266268,-0.3980975326086631
393599,1.169332387502005,-0.3478071645777838
393898,1.0684409008469125,-0.3012995923130608
394199,1.1762213525575604,-0.34696914513890564
394499,1.0981608609070976,-0.3081473460489932
394798,1.070994438263579,-0.31628713900094696
395099,1.0964391728668492,-0.3226494967533373
395398,1.2136317680067192,-0.396204612723672
395699,1.1021840087117565,-0.3184098492314442
395998,1.0515381794571268,-0.30710156252207943
396299,1.1169448577603676,-0.36722570962434475
396598,1.2708656689904307,-0.43518232409762536
396899,1.3327814057742566,-0.46222304778175793
397199,1.3088974853112938,-0.43851918678780577
397498,1.3968860231964493,-0.48233546291472273
397799,1.3324854699247197,-0.442671460647472
398098,1.3342260571122195,-0.4863271507837219
398399,1.3102838073761085,-0.47349746151030736
398698,1.245046468707127,-0.43989151997493403
398999,1.2838799913274974,-0.5376266549471604
399298,1.1891122539419043,-0.4682926244789065
399599,1.255241497036812,-0.45586083919084897
399899,1.0304208342649972,-0.36472923572045524
400198,0.9371826800312009,-0.33344917978492905
400499,1.3859005799167878,-0.2817729413007328
400798,1.0017823840857696,-0.3535535533953176
401099,0.8627185517117567,-0.29451787949724917
401398,0.8764188044987936,-0.26423886055613033
401699,0.8783694025774973,-0.26907431559253103
401998,0.8386874053112936,-0.227467878686352
402299,0.9614663362580532,-0.4126027984225926
402599,0.8593023537765714,-0.2557864153174252
402898,0.8593280096618119,-0.293380409243013
403199,1.3292965733357696,-0.4030670272407233
403498,1.441404530717714,-0.3765686635178951
403799,1.2338524141456082,-0.39082559746938106
404098,1.2599399173635473,-0.5110753860187194
404399,1.1439223704723434,-0.6919828858876038
404698,13.119795924108189,-0.521824426707759
404999,42.50225855485523,-0.21479275860629543
405299,,
405598,,
405899,0.5254234619031357,
406198,0.5254234619031357,
406499,0.5254234619031357,
406798,0.5254234619031357,
407099,0.5254234619031357,
407398,0.5254234619031357,
407699,0.5254234619031357,
407999,0.5254234619031357,
408298,0.5254234619031357,
408599,0.5254234619031357,
408898,0.5254234619031357,
409199,0.5254234619031357,
409498,0.5254234619031357,
409799,0.5254234619031357,
410098,0.5254234619031357,
410399,0.5254234619031357,
410699,0.5254234619031357,
410998,0.5254234619031357,
411299,0.5254234619031357,
411598,0.5254234619031357,
411899,,
412198,2.8079128034864818,-0.33553986016973436
412499,47.71897731193251,-0.5620106300824088
412798,52.16076612249039,-0.7914081940481763
413099,34.280471805830615,-0.7789807550375456
413399,39.3830443486776,-0.5949513482656001
413698,15.089524829996034,-0.8328866633271195
413999,12.175464530100202,-0.9196574478060269
414298,14.005910288276128,-0.8590189274399482
414599,13.932995286498349,-0.8821551124615197
414898,11.321454086692794,-0.789505858627437
415199,12.347525274338627,-0.7409372121104216
415498,12.840517802153443,-0.8566942894154355
415799,16.252985910107146,-1.129866337692031
416099,62.81506304942096,-0.6076042240799815
416398,7.94539362562227,-1.4876256108718091
416699,,
416998,0.5254234619031357,
417299,2.922721676817002,-0.2635904176045094
417598,57.59351509525196,-0.663918139712498
417899,1.167341011432144,-0.0705166930127239
418198,,
418499,1.936336161067917,-0.31843957906203024
418799,1.130905599310723,-0.2924640871237094
419098,16.796169577520423,-1.1842855232272966
419399,4.7953057934669125,-1.075072051831163
419698,,
419999,,
420298,0.6492032264569674,0.21758274233702457
420599,0.6210070394249267,0.1931544639470677
420898,,
421199,,
421499,,
421798,0.44082550328202824,0.1524529455707112
422099,0.5254234619031357,
422398,0.5254234619031357,
422699,0.5254234619031357,
422998,0.7610755196268577,0.12293105490099288
423299,0.5254234619031357,
423598,1.1500770113184453,0.00424210931584057
423899,2.411758214112427,-0.28536229532988466
424199,21.990392035481083,-0.530115251143944
424498,11.519003744767879,-0.508217182860307
424799,25.249955464351448,-0.5911013112973169
425098,23.304623954066724,-0.5685402904700649
425399,25.104025603934787,-0.6049912135747213
425698,29.84942595843478,-0.5466743877566893
425999,25.34998769643015,-0.7254855856330529
426298,26.096321602043577,-0.8216686966001245
426599,22.60776702170099,-0.7562908646646873
426899,19.99201099391858,-0.702844250337733
427198,23.712860333307464,-0.6323937618245323
427499,25.71309479508525,-0.6428820317769486
427798,23.62440801707372,-0.7902675559368608
428099,26.002074780177885,-0.648804907407543
428398,25.693697232050525,-0.750574872638607
428699,15.16792885079103,-0.5759314660607375
428998,24.85308921898575,-0.6562585516143047
429299,28.025457940545937,-0.659433970165048
429599,21.9324726822334,-0.6630487632393722
429898,30.401257523969555,-0.6765184334898557
430199,34.581714929448715,-0.6410396842735933
430498,35.05121917922187,-0.5165249097509457
430799,30.147999585006588,-0.5160081155991676
431098,36.68042226756645,-0.5565298783732515
431399,33.510637671164,-0.5968981569693264
431698,28.244745219015847,-0.5420997002030388
431999,25.776266207645477,-0.6115443207411784
432299,4.81268052298155,-0.4153304298856406
432598,8.087910959626678,-0.4220272769882316
432899,0.6069136660712625,0.18221866322389346
433198,1.9938838345670018,-0.2040125832202555
433499,,
433798,0.7882309391941961,0.12123391975913922
434099,0.5254234619031357,
434398,0.5254234619031357,
434699,0.5254234619031357,
434999,0.5254234619031357,
435298,4.791259052562621,-0.5772163315966494
435599,3.7616173899306764,-0.5921712906029126
435898,6.175365572273269,-0.5094176740192522
436199,3.122987037273269,-0.5895828319021834
436498,3.404003300250121,-0.5361702455865749
436799,2.65883247126864,-0.6357768142274738
437098,3.1704455985880844,-0.5819269760176256
437399,2.7492638994584544,-0.577441739079487
437699,3.539231187944566,-0.47149914010761274
437998,3.259701083442251,-0.5341854159149946
438299,2.9863304690140104,-0.5705655563509615
438598,2.7511513539260473,-0.5974838540338478
438899,4.070736622457682,-0.48088022036461875
439198,2.7289119182154,-0.5553773232541468
439499,3.011300973328825,-0.5783158870176743
439798,2.6441283809005838,-0.6220409368292019
440099,2.690752720041788,-0.6073772039485004
440399,3.2933482452292875,-0.7196367873031708
440698,2.5867691671806763,-0.7031759006450538
440999,2.626533884914474,-0.6419085071881587
441298,2.3892462878103067,-0.6465954984497728
441599,5.364272815136696,-0.41848766250769076
441898,3.38341242645151,-0.7225129438785467
442199,2.6930333816366954,-0.6777521925315921
442498,11.15507475170151,-0.2307122460622828
442799,9.631357788391325,-0.14691899058941882
443099,10.936907348199737,-0.16885149921650444
443398,2.590099353782529,-0.7168043978679979
443699,2.593335562004751,-0.7312335374997403
443998,2.473744840928015,-0.7280951418377066
444299,2.452880416784497,-0.7200665800008526
444598,2.1934012643863485,-0.7027774103766116
444899,2.4158206195441028,-0.7321972712169837
445198,2.2723105191456083,-0.7269303770187527
445499,2.0920414007150527,-0.7025129511438404
445799,1.9642893362937568,-0.6884057109104875
446098,1.9109488686201455,-0.6737538996347752
446399,1.7763216059950606,-0.6408284596046077
446698,1.954274623821534,-0.715179473679644
446999,1.9341459316409793,-0.7086848009708455
447298,1.951324419011264,-0.6942817946678441
447599,1.8914260554510791,-0.6881983100693607
447898,1.9351254176223753,-0.746013552681235
448199,2.041535623145608,-0.7617327529750932
448499,1.9625841486132007,-0.7750977740773863
448798,1.9799300908908941,-0.784808026891102
449099,2.2508810850275527,-0.8060988642322005
449398,2.368456625974312,-0.8452458517793622
449699,2.3420985122382008,-0.816053566447067
449998,2.359523675050701,-0.8770129638198625
450299,2.455727122610886,-0.9030215066878302
450598,3.4227920572269728,-1.0306782712955682
450899,2.905479628627436,-1.1250755836482726
451199,4.690430939979288,-0.5620671159088981
451498,2.894497611015978,-0.9962249427429697
451799,2.957061436983571,-0.9955366427177985
452098,3.0359886590599596,-1.0043266594367148
452399,2.9909952404746583,-1.05061118525779
452698,3.069748529337738,-0.9960332469785556
452999,3.647352489857146,-1.1235188810004724
453298,2.9408888001187194,-1.0447444116413007
453599,3.2414041744404787,-0.9988278264409576
453899,2.951939603514553,-1.0222350583245823
454198,3.1236863611326084,-1.037641048249525
454499,3.2339279293177934,-1.0390960055342306
454798,4.686250425898812,-0.8957506424510235
455099,3.6659191422275166,-1.0816429619874444
455398,5.537119539004522,-0.49613538007151514
455699,3.492945125940479,-1.1778795109230353
455998,4.105659154452054,-1.06802875605009
456299,4.2321638729265905,-1.019766153956656
456599,3.5912544492043668,-1.1130369786221164
456898,3.5505221418270527,-0.9870902902337668
457199,4.03343544516733,-1.0448235833422577
457498,4.047734274824737,-1.0079781286131881
457799,4.548138683266868,-1.098468600228291
458098,4.397164510655757,-1.0936086021051734
458399,4.08892194424835,-0.9925301512570457
458698,4.7800213041627,-1.0792286158139301
458999,4.607784465533071,-1.034555522799229
459299,4.32556668335946,-1.0551804326325005
459598,4.676889702544646,-0.9657897376550286
459899,4.360906733919646,-0.9985891237462141
460198,4.46798145430159,-0.990273661032566
460499,4.720420662269182,-0.9870992751173469
460798,4.879091567176591,-1.004728207041282
461099,5.137934534220571,-1.0169668377831083
461398,5.492770138310848,-1.0241462313234608
461699,5.923079895509924,-0.9788286478467219
461999,6.438892577528442,-1.0426896861958936
462298,6.083852206370492,-1.0016322035664897
462599,6.967551617803903,-0.9872405802241744
462898,6.841982284159844,-1.0674372610266905
463199,6.84524627448909,-1.0030990028385909
463498,6.9414948029127,-1.055481829992416
463799,7.501532801864091,-0.9837017566560988
464098,7.215692843965941,-0.9958403669361464
464399,6.722219514577053,-1.0535972906553042
464699,7.490009128896497,-0.9891178106919802
464998,21.002844786260205,-0.4301839299863337
465299,6.5208069702061415,-0.9780501136441293
465598,6.572823435474659,-0.9639688464175429
465899,12.375471396764555,-0.6370197759248126
466198,8.77398350470591,-1.0717364878536118
466499,5.079816645317793,-0.793657492742746
466798,7.720442120179874,-0.25135019906650147
467099,12.631875872084233,-0.5076390277259692
467399,23.86274908142557,-0.40548973851205306
467698,28.748671339888535,-0.4872432319090587
467999,9.44458950904696,-0.67576936886164
468298,9.062153842785385,-0.5282418146058723
468599,10.895366978671188,-0.5744142398295315
468898,18.81043845446391,-0.42707166903621974
469199,41.28814200972649,-0.46732551770194597
469498,51.16486987789548,-0.5073705100747525
469799,25.248192076015847,-0.6056665799359648
470099,20.602615449552882,-0.6214234560243832
470398,9.532202070486775,-0.7627079635426048
470699,22.32638909677973,-0.7880686594926065
470998,17.22012572955028,-0.46807731933079855
471299,9.668140050996035,-0.7672498553324054
471598,7.8032534086760466,-0.7281496729386232
471899,4.079386283762967,-0.39693514283623577
472198,13.872854406081682,-0.4876426041494195
472499,0.5254234619031357,
472799,0.5254234619031357,
473098,0.5254234619031357,
473399,0.5254234619031357,
473698,0.5254234619031357,
473999,0.5254234619031357,
474298,0.5254234619031357,
474599,0.5254234619031357,
474898,0.5254234619031357,
475199,0.5254234619031357,
475499,0.5254234619031357,
475798,0.5254234619031357,
476099,0.5254234619031357,
476398,0.40513913535267443,0.3810771656724493
476699,,
476998,14.085210374778184,-0.6908013732235074
477299,5.792168563771496,-0.33630807374405025
477598,6.230664704145454,-0.2540575307711701
477899,2.9604274102408623,-0.5261453613887412
478199,2.881930076347343,-0.48898459381937687
478498,2.8030296515695654,-0.4741319651010467
478799,2.8025239457316027,-0.5018483068716515
479098,2.6060719758010475,-0.5117820287773827
479399,2.4220175540811404,-0.5512339170104759
479698,2.35189729688901,-0.5829606644032661
479999,2.1983507106228064,-0.6227757168262487
480298,2.2234254777616957,-0.6535343934080742
480599,2.2582748792894733,-0.6439527170948061
480899,1.9311400321274357,-0.6027687795174119
481198,2.358568506754751,-0.689509332772718
481499,2.838910786039473,-0.7189997458783726
481798,2.360167432817251,-0.7131420143819378
482099,2.6095447683982695,-0.7547437390184568
482398,2.451623707259381,-0.7542806975642626
482699,2.4878722486228066,-0.81487213966621
482998,2.295630490446534,-0.7043390146440924
483299,5.147138209717713,-0.5328398232825557
483599,2.589061872368177,-0.7126604627977731
483898,3.611506968613547,-0.6560960481546361
484199,2.5386855163959545,-0.8372235325300936
484498,2.806062135382066,-0.8734006476510032
484799,2.6428734619191028,-0.8593859674354041
485098,2.989094254171418,-0.816121101707205
485399,25.89587745578099,-0.324925129087523
485698,2.969404652095278,-0.2212524731476413
485999,59.376521895985746,-0.48095708745515564
486299,54.18011670080052,-0.5676656078794624
486598,29.275773738951028,-0.5751689154780317
486899,41.54514967074935,-0.22339286135839576
487198,39.004781732862774,-0.2204359808805081
487499,30.165919586822426,-0.26755637813363964
487798,29.964799771468254,-0.288983206119539
488099,37.58141537687899,-0.3558694743552637
488398,44.75594894141862,-0.41742889926410576
488699,50.8867466962087,-0.3434786181534486
488999,60.64348026809224,-0.3015125029083463
489298,41.21142622545306,-0.36083162140996805
489599,42.681998717142875,-0.38515979827109526
489898,55.65126103134196,-0.35510034134050383
490199,56.680682933601204,-0.2996287636198782
490498,48.59946826549936,-0.3647704799813356
490799,49.01935208706418,-0.35400725680015
491098,58.142882452113795,-0.3696929043978603
491399,46.28758652924164,-0.43874291904177287
491699,43.26957689395769,-0.41463216853043616
491998,66.31931726737668,-0.3977394347248546
492299,76.37251435226786,-0.5071379088965489
492598,95.94478691713464,-0.3565821296823726
492899,72.17428824283502,-0.4225643046074745
493198,19.869740526081685,-0.4576833243083873
493499,24.6448199937774,-0.5594549286248016
493798,0.5254234619031357,
494099,0.5254234619031357,
494399,0.5254234619031357,
494698,0.5254234619031357,
494999,0.5254234619031357,
495298,0.5254234619031357,
495599,0.5254234619031357,
495898,0.5254234619031357,
496199,0.5254234619031357,
496498,0.5254234619031357,
496799,0.5254234619031357,
497099,0.5254234619031357,
497398,0.5254234619031357,
497699,0.5254234619031357,
497998,0.5254234619031357,
498299,0.5254234619031357,
498598,0.5254234619031357,
498899,0.5254234619031357,
499198,0.5254234619031357,
499499,0.5254234619031357,
499799,0.5254234619031357,
500098,0.5254234619031357,
500399,0.5254234619031357,
500698,0.5254234619031357,
500999,0.5254234619031357,
501298,0.5254234619031357,
501599,0.5254234619031357,
501898,0.5254234619031357,
502199,0.5254234619031357,
502499,13.928305988463862,-0.72294454988864
502798,5.868888423456682,-0.8895145318281177
503099,6.3536429354890895,-0.85392766628628
503398,8.285057032121035,-0.998823788217168
503699,6.077232668803905,-0.9950877123628992
503998,6.1857287560932575,-0.9316365074469959
504299,9.50324696888724,-0.9682875635504629
504598,14.83921644439881,-1.3337553403782558
504899,41.87214901325684,-0.8202807511866879
505199,31.80445455597876,-0.6403304577927009
505498,0.5254234619031357,
505799,,
506098,,
506399,0.5254234619031357,
506698,2.8309745266883883,-0.7617813751512348
506999,,
507298,,
507599,,
507899,0.5254234619031357,
508198,0.5254234619031357,
508499,0.5254234619031357,
508798,0.5254234619031357,
509099,0.5254234619031357,
509398,0.5254234619031357,
509699,0.5254234619031357,
509998,0.5254234619031357,
510299,0.5254234619031357,
510599,0.5254234619031357,
510898,0.5254234619031357,
511199,0.5254234619031357,
511498,0.5254234619031357,
511799,0.5254234619031357,
512098,0.5254234619031357,
512399,0.5254234619031357,
512698,0.5254234619031357,
512999,0.5254234619031357,
513299,0.5254234619031357,
513598,0.5254234619031357,
513899,0.5254234619031357,
514198,0.5254234619031357,
514499,0.5254234619031357,
514798,0.5254234619031357,
515099,0.5254234619031357,
515398,0.5254234619031357,
515699,0.5254234619031357,
515999,0.5254234619031357,
516298,0.5254234619031357,
516599,0.5254234619031357,
516898,0.5254234619031357,
517199,0.5254234619031357,
517498,0.5254234619031357,
517799,0.5254234619031357,
518098,0.5254234619031357,
518399,0.5254234619031357,
518699,0.5254234619031357,
518998,0.5254234619031357,
519299,0.5254234619031357,
519598,0.5254234619031357,
519899,0.5254234619031357,
520198,0.5254234619031357,
520499,0.5254234619031357,
520798,0.5254234619031357,
521099,0.5254234619031357,
521399,0.5254234619031357,
521698,0.5254234619031357,
521999,0.5254234619031357,
522298,0.5254234619031357,
522599,0.5254234619031357,
522898,0.5254234619031357,
523199,0.5254234619031357,
523498,0.5254234619031357,
523799,0.5254234619031357,
524099,0.5254234619031357,
524398,0.5254234619031357,
524699,0.5254234619031357,
524998,0.5254234619031357,
525299,0.5254234619031357,
525598,0.5254234619031357,
525899,5.736213788807992,-0.6771659030688957
526198,5.553875685930677,-0.5453380955651603
526499,6.275599919365862,-0.45407974468095413
526799,5.398894609814937,-0.48378252202360894
527098,4.697972609726973,-0.6697171563377955
527399,4.038442938935307,-0.6575363014102533
527698,3.9300707038427145,-0.6227307102512227
527999,5.222925848324196,-0.8031294653233889
528298,3.78504470982188,-0.6770108512592687
528599,3.5486904723658617,-0.7055585700074345
528898,5.478326605236232,-0.9058713747053408
529199,19.090742488290015,-0.4812061942557979
529499,16.113814265792332,-0.520248254618501
529798,3.9926726024515102,-0.5639505933960443
530099,9.958007239370492,-0.5864194282698623
530398,18.83274166019974,-0.3709203007008106
530699,4.216703966960769,-0.901432026923515
530998,2.7822360989839177,-0.7454514023348957
531299,3.6584254724399363,-0.6856758203500426
531598,3.269238349106603,-0.8415219935159104
531899,4.835230518118177,-0.5960450088380269
532199,3.8916286210001214,-0.5002197513464268
532498,4.0287110084121585,-0.5068429513402064
532799,3.7029321440649365,-0.4385210721901729
533098,14.756091255766867,-0.27012172711295146
533399,2.7376393328751214,-0.4723551174860996
533698,2.204895842303016,-0.5198999202671952
533999,2.2872258325507007,-0.5595002395155488
534298,2.344037993298386,-0.5039912179633026
534599,2.4594378395275522,-0.4648597393700218
534899,2.2145168557312562,-0.54753295905336
535198,2.556710031715399,-0.5204137320531712
535499,2.2579142872196822,-0.48644196223691205
535798,2.1165115088238493,-0.532893252172038
536099,1.994534761505738,-0.5315991557447228
536398,2.0968930281246903,-0.5385031405346925
536699,2.2945558544769735,-0.695645052820921
536998,2.077875752520608,-0.6169352249746727
537299,3.3121550884607696,-0.7790694987270186
537599,8.594969735672478,-0.631856384810773
537898,48.459927092435855,-0.8734052004615434
538199,62.76822714041038,-0.8065179414091532
538498,66.58124609265576,-0.7723089091036421
538799,75.57028117819047,-0.6627922067757801
539098,67.1167709609428,-0.6714869856440715
539399,42.40701433180159,-0.8519838243612052
539698,45.779674373329364,-0.9320581107133106
539999,64.96421229938029,-0.7722034946922967
540299,2.844958021455332,-0.4941626487775197
540598,0.5254234619031357,
540899,0.47612496510399904,0.30532938098124096
541198,0.43429551335998207,0.4373573448306364
541499,22.030886960805198,-0.731078306363981
541798,17.866352837593254,-0.723359642826406
542099,55.071011179589924,-0.5651749743193564
542398,33.27497036847186,-0.5506808012927649
542699,10.266418368862013,-0.4545337662650766
542999,5.706062290785386,-0.32174239103853886
543298,3.94644769405622,-0.43647287835745785
543599,7.10206345080159,-0.29605266003002106
543898,6.945933973926589,-0.2325035907253281
544199,2.0358836231922504,-0.8723103791822768
544498,3.2633205333473434,-1.0191994898077148
544799,2.2866322074654,-0.9446868467180962
545098,2.3480545997576083,-0.8802039549705674
545399,2.230709347773812,-1.0157222800213166
545699,3.351566573137238,-0.22276885068984664
545998,3.081269577947423,-0.468136373742299
546299,4.0828876544705714,-0.3163773927133795
546598,1.6005872555641512,-0.6805938968375371
546899,3.188460702871034,-0.4827508892495904
547198,1.958766315924275,-0.9211613036441124
547499,2.591759372259923,-0.6056114243341306
547798,2.869899251012238,-0.6541141350989175
548099,1.5248383279728863,-0.674169238854136
548399,1.7007786116673307,-0.5624307647935958
548698,1.4186623728012435,-0.5929611854823054
548999,1.7503125964520527,-0.7648380393292051
549298,1.4982746326322618,-0.5907135839023936
549599,6.995037438991405,-0.19280845622556386
549898,2.098824832451511,-0.8318149591841213
550199,1.7757110114210712,-0.6905119449296642
550498,1.8448454494257005,-0.7052508935584985
550799,1.7166035879928303,-0.6559217752144788
551099,1.817667207358571,-0.661762257822865
551398,1.8987940324928303,-0.6807722002419532
551699,2.1239501982732696,-0.781072725372902
551998,2.0954830511710707,-0.7568887954225574
552299,2.3695546173797513,-0.8127336922817407
552598,2.6335985475927135,-0.8032352591943404
552899,2.8877890013982697,-0.8027033586864187
553198,3.2232771883936397,-0.8291367414453785
553499,3.2750430010116953,-0.7960892773786017
553799,3.3066408401783622,-0.810232276858071
554098,3.5156432895510474,-0.8208546101314074
554399,3.5170942801945664,-0.7923302519878379
554698,3.55301754545151,-0.778920203445651
554999,3.7240445283751202,-0.8085397907832612
555298,3.825464652530213,-0.8097585294364027
555599,4.13883828864364,-0.788228229713446
555898,4.1201277759607695,-0.8323566135878653
556199,4.149728732632066,-0.8098122939310644
556499,21.786365001823395,-0.24997807954105022
556798,0.5254234619031357,
557099,0.5254234619031357,
557398,0.5254234619031357,
557699,0.5254234619031357,
557998,0.5254234619031357,
558299,0.5254234619031357,
558598,0.5254234619031357,
558899,0.5254234619031357,
559199,,
559498,0.40276279715208946,0.38880054804058284
559799,24.349634351342747,-0.5650795950268204
560098,14.277921184846804,-0.4341744502748006
560399,0.5254234619031357,
560698,0.9388083901378896,0.10173006328577994
560999,0.6332087128616043,0.23979511027661682
561298,0.5254234619031357,
561599,0.5254234619031357,
561899,0.5254234619031357,
562198,0.5254234619031357,
562499,0.5254234619031357,
562798,24.895903513156995,-0.452675300389471
563099,71.87022900599553,-0.4950012950738356
563398,0.5254234619031357,
563699,0.5254234619031357,
563998,0.5254234619031357,
564299,0.5254234619031357,
564599,0.5254234619031357,
564898,0.5254234619031357,
565199,0.5254234619031357,
565498,2.0198150008593694,-0.338445214885591
565799,4.316980094321881,-0.5966781839015365
566098,3.659718341432992,-0.6906716110096227
566399,3.6902270133866955,-0.6690658326110077
566698,3.658783382504751,-0.6000353107259864
566999,3.84094377270614,-0.5591761376130304
567299,3.554383727942251,-0.5672292877347209
567598,5.569262647643639,-0.4053336974836743
567899,4.558680817145955,-0.4788281821639442
568198,2.9923987833241954,-0.6449785467772347
568499,2.9760897753866953,-0.6824180937752033
568798,2.7939250422616957,-0.6946791500648657
569099,2.652995737319566,-0.7079550064784903
569398,3.0295387820973434,-0.8119594196984292
569699,9.128897034458454,-0.2828401866675654
569999,4.171833614509381,-0.29510419003140353
570298,3.9118799230417878,-0.501192538126007
570599,2.96684604970614,-0.770481581861659
570898,2.7987120731714175,-0.7046180760541672
571199,2.8345337243403987,-0.7465257805398269
571498,2.9311847588334548,-0.7440921404092506
571799,6.757421576810306,-0.5606614702030119
572098,3.2075686652732696,-0.8494334928537715
572399,3.8653314804121575,-1.0595629394314434
572699,3.024505238120145,-0.7179633902893381
572998,4.365156481488547,-0.6587755648873426
573299,3.330504679824195,-0.8667240083481822
573598,3.5525212503820653,-1.0119856714965398
573899,3.3148458767755837,-0.7839281281974575
574198,2.5404031112534233,-0.6550749363690596
574499,2.5882462386029603,-0.6378217308579281
574798,2.3226040571006457,-0.632056672649371
575099,2.337339962163145,-0.6628504944126044
575399,2.640285464712738,-0.6787002196671992
575698,2.5189647245728675,-0.6432261090470841
575999,2.1982141220821276,-0.6177145532758554
576298,2.1782955387626832,-0.6315821423529999
576599,2.2848209478357697,-0.7250969118890462
576898,1.94854398092009,-0.6134375500881153
577199,2.1921999822130847,-0.7000952170704007
577498,1.865535122471016,-0.5674747504847024
577799,1.7784520812048124,-0.5658655057954691
578099,17.242774142728805,-0.3998413339903286
578398,11.584037082108438,-0.4032073959169242
578699,9.38358167351378,-0.48517652703316205
578998,76.55519204205058,-0.34832130800696914
579299,59.48191258875196,-0.3175245212287454
579598,0.5254234619031357,
579899,0.5254234619031357,
580198,0.5254234619031357,
580499,0.5254234619031357,
580799,0.5254234619031357,
581098,0.5254234619031357,
581399,0.5254234619031357,
581698,0.5254234619031357,
581999,0.5254234619031357,
582298,0.5254234619031357,
582599,0.5254234619031357,
582898,0.5254234619031357,
583199,0.5254234619031357,
583499,0.5254234619031357,
583798,0.5254234619031357,
584099,0.5254234619031357,
584398,0.5254234619031357,
584699,0.5254234619031357,
584998,0.5254234619031357,
585299,0.5254234619031357,
585598,0.5254234619031357,
585899,0.5254234619031357,
586199,0.5254234619031357,
586498,0.5254234619031357,
586799,0.5254234619031357,
587098,0.5254234619031357,
587399,0.5254234619031357,
587698,0.5254234619031357,
587999,0.5254234619031357,
588298,0.5254234619031357,
588599,0.5254234619031357,
588899,0.5254234619031357,
589198,0.5254234619031357,
589499,7.872421246340171,-0.9610152035528172
589798,12.14015846468739,-1.2623976602165117
590099,26.581685382369,-1.3007561045320002
590398,22.994856379235753,-1.3921359173463248
590699,19.611875418648083,-1.4988750264280908
590998,6.651486223452052,-1.3965280409894056
591299,6.551511148433535,-0.9874241427549377
591599,4.060676921634492,-0.7433271951478493
591898,3.8854933163257246,-0.709854586979908
592199,4.383859587375664,-0.9155580857094847
592498,4.317321850364089,-1.1135944062630774
592799,16.09801521784326,-1.0978980634170372
593098,16.777141823116402,-1.4859887489224026
593399,4.266395215355349,-0.8858944707042353
593698,33.25624425600298,-1.2265365432127378
593999,,
594299,0.5254234619031357,
594598,0.5254234619031357,
594899,0.5254234619031357,
595198,0.5254234619031357,
595499,0.5254234619031357,
595798,0.5254234619031357,
596099,0.5254234619031357,
596398,0.5254234619031357,
596699,0.5254234619031357,
596999,0.5254234619031357,
597298,0.5254234619031357,
597599,0.5254234619031357,
597898,0.5254234619031357,
598199,0.5254234619031357,
598498,,
598799,,
599098,,
599399,,
599699,,
599998,,
600299,,
600598,0.5254234619031357,
600899,0.5254234619031357,
601198,0.5254234619031357,
601499,0.5254234619031357,
601798,0.5254234619031357,
602099,0.5254234619031357,
602399,0.5254234619031357,
602698,0.5254234619031357,
602999,0.5254234619031357,
603298,0.5254234619031357,
603599,0.5254234619031357,
603898,0.5254234619031357,
604199,0.5254234619031357,
604498,0.5254234619031357,
604799,0.5254234619031357,
605099,0.5254234619031357,
605398,0.5254234619031357,
605699,0.5254234619031357,
605998,0.5254234619031357,
606299,0.5254234619031357,
606598,0.5254234619031357,
606899,0.5254234619031357,
607198,0.5254234619031357,
607499,0.5254234619031357,
607799,0.5254234619031357,
608098,0.5254234619031357,
608399,0.5254234619031357,
608698,0.5254234619031357,
608999,0.5254234619031357,
609298,0.5254234619031357,
609599,0.5254234619031357,
609898,0.5254234619031357,
610199,0.5254234619031357,
610499,0.5254234619031357,
610798,0.5254234619031357,
611099,0.5254234619031357,
611398,0.5254234619031357,
611699,0.5254234619031357,
611998,0.5254234619031357,
612299,0.5254234619031357,
612598,0.5254234619031357,
612899,0.5254234619031357,
613199,0.5254234619031357,
613498,0.5449830077166076,0.3494405276812824
613799,6.110091391257066,-0.9415135079928276
614098,12.313813900706682,-1.3904916591318455
614399,3.9080723458797513,-0.704675330353941
614698,3.7776197967038243,-0.698516964200913
614999,4.000830069534844,-0.6511139364640148
615298,3.963675800446881,-0.6360392950571416
615599,3.8910606287987317,-0.6505750927695957
615899,3.645097540182992,-0.671790648948273
616198,3.6784515322817564,-0.481660235534473
616499,3.4590843065232697,-0.6817938004857762
616798,3.437608243185306,-0.7757956267238564
617099,3.3633559627802136,-0.7667803013651258
617398,4.343228702622806,-0.46906206108255555
617699,2.770131151613201,-0.685584225266427
617998,4.771920959935306,-0.698323719147381
618299,2.8809660611482695,-0.7255355895357434
618599,3.303539391071881,-0.859446469059377
618898,2.873884673095029,-0.7660731292750624
619199,2.9508470879283624,-0.7704904203140097
619498,8.780811526555446,-0.6090424829640453
619799,2.7149200359974603,-0.7632924018975569
620098,2.780030565471997,-0.7683225624511454
620399,3.0581451202871586,-0.8309964710574065
620698,2.7286251402663253,-0.8345599518005786
620999,3.195854655375121,-0.5489567925479406
621299,2.5088479343354226,-0.6995650055876639
621598,2.40943802718496,-0.6872030116686427
621899,2.5530423130553306,-0.7322681861545495
622198,2.6343547648797507,-0.7797196286747099
622499,8.250066579490863,-0.6694947978955861
622798,2.3911731434812564,-0.6949064553892048
623099,7.038465784060307,-1.1948021876982353
623398,2.3581886457868118,-0.6607165836907756
623699,2.867355435407529,-0.8889835078726844
623999,2.3045616781710714,-0.7152223730080978
624298,2.425431207076164,-0.7326770682932597
624599,2.6162415202775526,-0.786514056841241
624898,2.543124029671071,-0.7950199717981998
625199,2.5984694764696825,-0.7601940103138067
625498,2.723903773143293,-0.7930785803122016
625799,2.5713182922567186,-0.765769445148998
626098,2.4225761662428305,-0.7169414169500918
626399,2.4547711487104227,-0.7407163764508489
626699,2.4219757715163244,-0.8408856667726969
626998,20.95500879495151,-0.3307227576370215
627299,24.678829947836306,-0.5094227898028185
627598,60.2836952787751,-0.8778655271121367
627899,0.5254234619031357,
628198,0.5254234619031357,
628499,0.5254234619031357,
628798,30.008904136503993,-0.506209071687372
629099,12.457686834493176,-0.16013995988876917
629399,8.484852057118177,-0.6063490676837227
629698,26.172690812340395,-0.9673819505296555
629999,28.305452233887237,-0.781238352828352
630298,25.47869652864316,-0.7283054319838373
630599,0.5406103619108094,0.29715833361736665
630898,,
631199,0.5254234619031357,
631498,19.073742332815712,-0.7016734230925732
631799,26.674114201792566,-0.5925151453136026
632099,14.263528694233688,-0.9711908490385683
632398,26.95251326943122,-0.4001078760282859
632699,22.399382164121036,-0.4162174143975932
632998,17.343466136850203,-0.7724801766566154
633299,8.34837812973909,-1.0477619464200223
633598,5.581485982769182,-1.5199133148194663
633899,25.297220650428905,-1.3505712602880502
634198,5.002038290232146,-1.1907220407175436
634499,3.759631895435849,-1.1004110975529509
634799,3.389587947752979,-1.5726361614544602
635098,4.747572974320109,-0.5854448458333066
635399,3.6669211135701087,-1.2814952629253153
635698,2.86437117293122,-1.0939457507388424
635999,5.0850253469057565,-1.265947778833541
636298,4.895160194588628,-1.2233612170396424
636599,9.076735328134923,-1.2568994268111986
636898,4.8956530316627,-1.3266772637199167
637199,7.56353984964187,-1.0250677266318204
637499,5.404673682873349,-1.2731546775270726
637798,5.852077403952053,-1.0144661319724215
638099,4.630259318631835,-1.272800636903666
638398,7.068171611433535,-1.325050998923528
638699,53.01861660223806,-0.4089972871860217
638998,129.4041292874302,-0.11455966450545096
639299,5.221469431935307,-0.3490616131394384
639598,0.46295868285062425,0.23379803056307003
639899,1.1932666014713258,-0.1172459660411409
640199,3.7951799412454914,-0.8526268867869384
640498,6.012681903060849,-0.8169889412586131
640799,7.827935161977517,-0.5107627975053077
641098,5.070897454192251,-0.7482541154485256
641399,4.125890107819566,-1.0405288810458835
641698,6.851138020872807,-0.7018239831420983
641999,4.818271522819362,-0.22975946292537475
642298,3.0882055070085332,-0.3036963318075847
642599,44.10970305189316,-0.571304372571297
642899,82.15401157637926,-0.5841610783852567
643198,4.500975782573423,-0.9974790077233036
643499,5.26083158453716,-0.9951700231889924
643798,6.160603092321881,-1.0001984986903172
644099,7.47661851781725,-0.9066951054593757
644398,5.440931261884382,-0.8333637723665612
644699,5.215405865432991,-0.7793011014588651
644998,5.441625433856603,-0.8130942389922591
645299,5.487565354507066,-0.7479278697194021
645599,6.50068272269688,-0.6061488149790772
645898,5.210325281678362,-0.7277127973242725
646199,6.546386783500121,-0.6163621368769805
646498,7.025291676229288,-0.6349364319710908
646799,7.859816424678361,-0.63419076429165
647098,8.85299165529642,-0.5825646481861242
647399,8.535355664757066,-0.6169923390119176
647698,8.392166364761696,-0.5969650677387806
647999,8.017791567775586,-0.6026513203173001
648299,9.724254635645956,-0.6088511187935679
648598,13.734237999329368,-0.5126651302806815
648899,12.306506737783073,-0.5441720840025279
649198,10.415456985764557,-0.7234193825467856
649499,24.209813509975202,-0.2858376264642024
649798,39.154281139631294,-0.4280302696013656
650099,27.188900955990093,-0.4948358983391379
650398,53.05365031173576,-0.4466895015085708
650699,40.28828680553741,-0.4153303432450719
650999,45.788964382726206,-0.29921222211073895
651298,38.314116977240104,-0.39324795247238087
651599,4.431479688491449,-0.1909518263774186
651898,0.5254234619031357,
652199,0.5254234619031357,
652498,0.5254234619031357,
652799,0.5254234619031357,
653098,0.5254234619031357,
653399,0.5254234619031357,
653699,0.5254234619031357,
653998,0.5254234619031357,
654299,0.5254234619031357,
654598,0.5254234619031357,
654899,0.5254234619031357,
655198,0.5254234619031357,
655499,0.5254234619031357,
655798,9.447984818630294,-0.416946078035501
656099,7.888967110035387,-0.3599775275607393
656399,7.4749886772292875,-0.40760213735121
656698,4.641629226372807,-0.6759484713350619
656999,4.373396972636696,-0.7033231458466294
657298,4.216181042150584,-0.7685129832768602
657599,3.946522067129751,-0.6925606394470603
657898,3.3953013121853064,-0.7039031692252606
658199,5.122045132650585,-0.7180745923090466
658498,8.415444762895953,-0.5760652777049438
658799,8.720429315174277,-0.6761044803165981
659099,8.600349599373867,-0.433763659014498
659398,13.335610151341895,-0.4655186344375746
659699,9.795504916285903,-0.4299461390873167
659998,7.09488766951044,-0.6063456198659825
660299,7.431092641294104,-0.7486785746698648
660598,7.18645516720614,-0.7664923390880543
660899,6.420376358706138,-0.7833234018584441
661198,6.098658739189937,-0.8157009370011437
661499,6.0215033368010475,-0.7824423127201763
661799,8.945542351662159,-0.896070115413891
662098,8.131284456669102,-0.8394199644551579
662399,14.530085200660388,-0.6770543318328093
662698,10.798685409213629,-0.7699858771341466
662999,11.764841447299276,-0.7718827544383657
663298,13.257639441185848,-0.6992423083203181
663599,20.01310160834789,-0.6146124899254051
663898,20.614541848891868,-0.6957642926464951
664199,21.89794037132937,-0.6862727066625518
664499,25.3969366619914,-0.6304803048494729
664798,27.869692465208995,-0.5842544484978627
665099,22.337818135736775,-0.6810498421066942
665398,36.22817909284223,-0.5397364056725988
665699,51.000054745497884,-0.6845900287749997
665998,64.34903798821085,-0.5707926909250665
666299,65.38141199412095,-0.517404293160745
666598,53.59987693906104,-0.55826279718447
666899,60.189737120967806,-0.42070143879985955
667199,29.130399081477183,-0.44583907956050317
667498,33.38718636719558,-0.5057281587795321
667799,0.5254234619031357,
668098,,
668399,0.5254234619031357,
668698,0.5254234619031357,
668999,0.5254234619031357,
669298,0.5254234619031357,
669599,0.5254234619031357,
669899,0.5254234619031357,
670198,0.5254234619031357,
670499,0.5254234619031357,
670798,0.5254234619031357,
671099,0.5254234619031357,
671398,0.5254234619031357,
671699,0.5254234619031357,
671998,0.5254234619031357,
672299,0.5254234619031357,
672599,0.5254234619031357,
672898,0.5254234619031357,
673199,0.5254234619031357,
673498,0.5254234619031357,
673799,0.5254234619031357,
674098,0.5254234619031357,
674399,0.5254234619031357,
674698,0.5254234619031357,
674999,0.5254234619031357,
675299,21.051603410121036,-0.8118306591755788
675598,8.818314354963627,-1.4386008270303576
675899,,
676198,5.297674829782529,-1.3018018181065005
676499,10.627474737713083,-1.2669705127174224
676798,18.053820213465947,-1.0451709929020785
677099,21.604144936403443,-1.3329707888238245
677398,13.402843127919644,-1.7283522592386706
677699,12.315252296111774,-1.2350769219568232
677999,9.642925351961313,-1.6467579432190282
678298,15.091620002366406,-1.0896482202371045
678599,21.329192296986776,-1.1084293119773214
678898,4.25256525918585,-1.456717652910406
679199,3.5202930896924474,-1.109177021716543
679498,3.568455634958998,-1.1764586101719687
679799,5.201346081271497,-1.0843089259703973
680098,3.7062194266511264,-0.9377613963995945
680399,3.6539787861901325,-0.8715208048930889
680699,3.9220152302873554,-0.8797139878118467
680998,4.324507032935848,-0.9212226436123883
681299,10.848482335116405,-0.7236221334824084
681598,6.415328239405756,-1.1861631376295376
681899,16.147130779058532,-1.2722071499028051
682198,15.874840634852514,-1.3591623295185018
682499,5.1603255798010474,-0.7734025736932957
682798,10.682792302713628,-1.347714427695288
683099,3.5909535571533504,-0.6271884364245794
683399,18.490605654558536,-1.5811190415941332
683698,0.5254234619031357,
683999,0.5254234619031357,
684298,0.5254234619031357,
684599,0.5254234619031357,
684898,0.5254234619031357,
685199,0.5254234619031357,
685498,0.5254234619031357,
685799,0.5254234619031357,
686099,0.5254234619031357,
686398,0.5254234619031357,
686699,0.5254234619031357,
686998,0.5254234619031357,
687299,0.5254234619031357,
687598,,
687899,0.5254234619031357,
688198,12.154090670417329,-0.5375467896336243
688499,,
688799,,
689098,0.5254234619031357,
689399,0.5254234619031357,
689698,0.5254234619031357,
689999,,
690298,,
690599,,
690898,,
691199,,
691499,,
691798,,
692099,,
692398,,
692699,,
692998,,
693299,0.5254234619031357,
693598,0.5254234619031357,
693899,0.5254234619031357,
694199,0.3028807762924382,0.52929872048653
694498,0.5254234619031357,
694799,0.5254234619031357,
695098,0.5254234619031357,
695399,0.5254234619031357,
695698,0.5254234619031357,
695999,0.5254234619031357,
696298,1.9811902578034675,-0.29378592697426265
696599,0.5254234619031357,
696899,0.5254234619031357,
697198,9.59395654304233,-1.1921754364062553
697499,24.3859798574816,-1.334481520518099
697798,11.122697329453826,-1.0615012497185528
698099,4.158046186705793,-0.811442155637567
698398,4.5221774398632,-0.8343263730195714
698699,4.811674578094682,-0.7296900027107625
698998,5.008341763625121,-0.8310718481202439
699299,5.912999875349658,-0.9110076184628169
699599,5.038187166560307,-0.7710424201388568
699898,4.5217045520321815,-0.7194411966237015
700199,4.692192253849658,-0.7030012957481357
700498,5.268522678162159,-0.7712654087435238
700799,5.555658402437621,-0.7390755138961433
701098,5.464498156282528,-0.7610895945509859
701399,5.619118969319565,-0.7771999297144312
701698,7.87278967151401,-0.9276408840378574
701999,8.280059261766867,-0.972384665061393
702299,5.3857755517038255,-0.8296854540341267
702598,8.298581929889009,-0.9276467809422919
702899,4.929341316281757,-1.0591481779009588
703198,6.066051378282529,-1.0814848865796987
703499,4.954445598347344,-0.9930384473950857
703798,13.163459506243719,-1.010429040803615
704099,7.735800310780214,-1.141986636589246
704398,7.908236928777898,-1.1060944365138368
704699,3.99258214670151,-0.8801669004640826
704999,4.1327382200672504,-0.9215033472251424
705298,4.431665747666788,-0.9144765234092265
705599,4.15696472426401,-0.8651770147812878
705898,4.046365891377437,-0.8183219367540489
706199,4.013365503821882,-0.8086006179779011
706498,3.7863287067917883,-0.7663498097380765
706799,3.949632927680677,-0.782650189681803
707098,3.820135935120491,-0.7153310846815568
707399,3.957354093113548,-0.7269249318872049
707699,4.106313038044103,-0.7499204542821978
707998,3.901271726967715,-0.7301290816771102
708299,4.225273842798732,-0.7605319075585062
708598,3.8316501381482695,-0.7164953485508563
708899,3.428863025051047,-0.8409540120145382
709198,3.539275810391324,-0.8451647641134927
709499,3.5969426491459546,-0.8326336635253349
709798,3.6507460229306767,-0.8036593292113701
710099,3.712282712155214,-0.7525279019694642
710399,3.6921813415255844,-0.7137540077605731
710698,3.850280539354289,-0.6899779308855691
710999,3.852819601733918,-0.7102771596463613
711298,3.9221558567709547,-0.7172235226362143
711599,3.98045749207188,-0.7099462551708997
711898,4.027279701595028,-0.6622147242978529
712199,10.82007480259966,-0.5083603861940502
712498,4.220239449136695,-0.6770495919130197
712799,4.380137845824195,-0.69469408719803
713099,4.426453952618178,-0.6645764593348664
713398,4.683559431738548,-0.639112584367197
713699,4.933148348726974,-0.645052789516126
713998,5.038592800210769,-0.6272258907980373
714299,4.910706668412158,-0.6239537210165986
714598,4.869854193555677,-0.6080524293953535
714899,4.63840755458114,-0.5643489352349249
715198,4.835029644726973,-0.6381683792612565
715499,4.243534544854288,-0.5787550240581476
715799,4.220683881074195,-0.5007686319424682
716098,4.184091376694565,-0.39636823087478734
716399,4.03081030858577,-0.4615293347438436
716698,5.429677784328824,-0.7371866676190599
716999,4.230173569828825,-0.6724158289498685
717298,3.8627522247732693,-0.5618225080823815
717599,4.392639311384382,-0.7078587962017802
717898,3.866920293305677,-0.6192256367228728
718199,4.201951055879751,-0.6860096266777802
718499,4.1332000380603064,-0.5819856889218036
718798,4.142027484537159,-0.6037285306473152
719099,4.168015935226972,-0.6274463985948606
719398,4.536940865252436,-0.6401719747855785
719699,10.662093821947423,-0.46320474910335596
719998,14.631554229797969,-0.5474646863295209
720299,4.566432546253247,-0.2941209474406632
720598,42.41801080531317,-0.24339797260365104
720899,5.119581656773039,-0.9201785928242472
721199,4.817269863192794,-1.065280312343385
721498,4.243981549028441,-0.933505222782542
721799,4.297797250604831,-0.8100136323612135
722098,4.205879182396497,-0.6861239532407419
722399,9.11781953150761,-0.6879797624051913
722698,4.6449287301557565,-0.6925591410105802
722999,6.034970923616406,-0.8670877423437915
723298,9.950945636211314,-0.6507343533586545
723599,5.550881724002981,-0.9524540211554462
723899,9.579829883009923,-0.6064174324003664
724198,4.353239263185849,-0.9778028892301671
724499,6.351751505472887,-0.5851802969982081
724798,7.308534237891867,-0.49289566503079585
725099,5.365614685838627,-1.077534328001601
725398,5.14691100848909,-1.0297354146935254
725699,4.951637678852516,-0.8597895492028627
725998,8.951320295778443,-0.9159490751998411
726299,4.5862550578455705,-0.830557673647049
726599,4.735002416313163,-0.8520963223942046
726898,4.45392059080159,-0.8433485880036915
727199,4.324804024743719,-0.8208689706421424
727498,4.033068349313164,-0.7590538304517469
727799,4.239414486632608,-0.7707610879235851
728098,4.068509326558534,-0.7221176344318672
728399,4.447529005949739,-0.8016001242206356
728698,20.39001978738622,-0.33585132115792304
728999,4.2992975503866955,-0.7372053082435064
729299,4.435364038951509,-0.7258961113838585
729598,4.754087568898269,-0.7178186462665963
729899,6.392879000935307,-0.9823526738676196
730198,5.184950907544103,-0.6826555598076487
730499,4.9436416719052145,-0.6783259542695845
730798,5.250229153900584,-0.6248610250671929
731099,5.255288410067251,-0.648055566605725
731398,5.48178714107651,-0.6996360232631447
731699,5.866773220342713,-0.6807046373041641
731999,5.8638459090556765,-0.6715203277465316
732298,6.187035800048733,-0.6553027144640529
732599,6.40087435483114,-0.6041447563928581
732898,6.199027976069567,-0.6135265624631392
733199,6.21528257937975,-0.5726509004445892
733498,6.510669480604288,-0.5777478124776674
733799,6.498967581106602,-0.5725962105495344
734098,6.515695392000121,-0.5305466125682512
734399,6.488310777673733,-0.5277150500663323
734699,6.832588611113547,-0.5176909518356827
734998,6.852236316511695,-0.4988834558451922
735299,7.098566824905215,-0.4934225633365421
735598,7.469356269868176,-0.5076602425643548
735899,7.506420757643641,-0.5075122352574868
736198,7.724311718856604,-0.49468253674624885
736499,8.261192881078825,-0.49629000637049425
736798,8.488423566854289,-0.4956488767447349
737099,8.655704869071881,-0.49930383324247996
737399,9.032189532261695,-0.5153955365320249
737698,9.185447949560308,-0.5043190604604002
737999,9.49024854850012,-0.4959323837378973
738298,9.363988441900585,-0.46935106345119326
738599,9.212202211770954,-0.45803527532231647
738898,9.182154341564935,-0.4630557186190327
739199,9.100046940845026,-0.46117488297337417
739498,8.881928014335768,-0.4352155181195312
739799,8.843643837342714,-0.4382044652767698
740099,8.82627430864827,-0.43573233232112396
740398,8.975922752495492,-0.45523932757518293
740699,8.969942084319566,-0.44419254366759287
740998,8.863501846736233,-0.45230212943926107
741299,9.275555324865863,-0.46732079173402785
741598,9.09476694920614,-0.4707670071000001
741899,8.746661647176047,-0.4296257504819583
742198,8.967967604395955,-0.42514961349943525
742499,8.671306743914474,-0.42155451912905617
742799,8.836561683176049,-0.40854989129311026
743098,8.860965498238548,-0.44390003189545424
743399,8.856858783451509,-0.40407742025582105
743698,8.519747147368177,-0.3747030310635753
743999,8.60362282666447,-0.3902564923573635
744298,8.609933269986232,-0.39065744045435014
744599,8.885752393789474,-0.4266588970091665
744898,8.937299660564934,-0.4609891122705363
745199,16.557658190784615,-0.6428749725772704
745499,9.786831706405215,-0.5755570597106447
745798,6.369369245207299,-0.34620352480136396
746099,8.678431320682991,-0.5102042418970132
746398,7.953946272801044,-0.5585151390226759
746699,6.742886424986232,-0.5409176106320432
746998,6.408774685868177,-0.624746912687207
747299,4.658637547745493,-0.8092434520654648
747598,4.810492809569565,-0.7936719478870955
747899,4.923952506678361,-0.8000517176015562
748199,5.054583121650585,-0.7978230257255199
748498,5.1729733768149355,-0.8012838614837865
748799,5.081978374923733,-0.7909888860214314
749098,4.964643798819566,-0.777057772962467
749399,4.91163988114827,-0.7438828328521339
749698,5.77130384808114,-0.8167030576301615
749999,5.620803695914474,-0.7784379204168168
750298,5.65977887928716,-0.7882842793475688
750599,5.7743743295950285,-0.762748741481829
750899,5.840507644514011,-0.762256843212012
751198,6.184661923301048,-0.7556670168118549
751499,6.2330920564816035,-0.7441474532317431
751798,6.400365434937623,-0.7267071153012816
752099,6.427144382493177,-0.7137932873490471
752398,6.202839025775585,-0.6839620052775361
752699,6.244426150497805,-0.6942504130907485
752998,6.188153331449196,-0.6264448275808063
753299,6.257791010493177,-0.607883817917622
753599,7.004679324486232,-0.7442142621267487
753898,5.498817678099659,-0.5679477608929928
754199,5.508289104669103,-0.5846317943633579
754498,5.75078006376401,-0.5613956086643375
754799,5.887087467794102,-0.5664520732596041
755098,5.588858210467714,-0.758844576500576
755399,5.258859700534844,-0.7386482193173995
755698,5.240679542525583,-0.6212389764483777
755999,5.253246948467714,-0.6545730620095049
756299,5.286221596273269,-0.6496494513613338
756598,5.3346215970487325,-0.6490937072739331
756899,5.476833409625121,-0.6901278254051424
757198,5.469409434599658,-0.688649563712856
757499,5.300025531817251,-0.6169536515030545
757798,5.402046822354288,-0.5492853652121163
758099,5.350738636476973,-0.5510494250871667
758398,5.6381295380834535,-0.5785404866733677
758699,29.510096769085287,-0.6885020194168117
758999,34.292565802196414,-0.6554081261686702
759298,0.6767574563162112,0.1847963593983909
759599,,
759898,0.5254234619031357,
760199,0.5254234619031357,
760498,0.5254234619031357,
760799,0.5254234619031357,
761098,0.5254234619031357,
761399,0.5254234619031357,
761699,0.5254234619031357,
761998,0.5254234619031357,
762299,0.5254234619031357,
762598,0.5254234619031357,
762899,0.5254234619031357,
763198,0.5254234619031357,
763499,0.5254234619031357,
763798,0.5254234619031357,
764099,0.5254234619031357,
764399,0.5254234619031357,
764698,0.5254234619031357,
764999,0.5254234619031357,
765298,0.5254234619031357,
765599,0.5254234619031357,
765898,0.5254234619031357,
766199,0.5254234619031357,
766498,0.5254234619031357,
766799,0.5254234619031357,
767099,0.5254234619031357,
767398,0.5254234619031357,
767699,0.5254234619031357,
767998,0.5254234619031357,
768299,0.5254234619031357,
768598,0.5254234619031357,
768899,2.391930282405214,-0.32942395400226254
769198,10.627390320463627,-0.592879823592823
769499,10.689117962440479,-0.7621349111457274
769799,9.64195175206548,-0.5858932310104898
770098,8.862033163894184,-0.6342983536250619
770399,8.026887116706684,-0.608890466059723
770698,7.364653133317794,-0.5594781614370359
770999,21.860266353836312,-1.0375085039909395
771298,13.709730729088626,-1.1215727156457511
771599,33.41501745771539,-1.42791651537532
771898,,
772199,,
772499,,
772798,,
773099,,
773398,,
773699,0.5254234619031357,
773998,,
774299,,
774598,,
774899,,
775199,0.5254234619031357,
775498,0.5254234619031357,
775799,0.5254234619031357,
776098,0.5254234619031357,
776399,0.5254234619031357,
776698,0.5254234619031357,
776999,0.5254234619031357,
777298,0.5254234619031357,
777599,0.5254234619031357,
777899,0.5254234619031357,
778198,0.5254234619031357,
778499,0.5254234619031357,
778798,0.5254234619031357,
779099,0.5254234619031357,
779398,0.5254234619031357,
779699,0.5254234619031357,
779998,0.5254234619031357,
780299,0.5254234619031357,
780599,0.5254234619031357,
780898,0.5254234619031357,
781199,0.5254234619031357,
781498,0.5254234619031357,
781799,0.5254234619031357,
782098,0.5254234619031357,
782399,0.5254234619031357,
782698,0.5254234619031357,
782999,0.5254234619031357,
783299,0.5254234619031357,
783598,0.5254234619031357,
783899,0.5254234619031357,
784198,0.5254234619031357,
784499,0.5254234619031357,
784798,0.5254234619031357,
785099,0.5254234619031357,
785398,0.5254234619031357,
785699,0.5254234619031357,
785999,0.5254234619031357,
786298,0.5254234619031357,
786599,0.5254234619031357,
786898,0.5254234619031357,
787199,0.5254234619031357,
787498,0.5254234619031357,
787799,0.5254234619031357,
788098,0.5254234619031357,
788399,0.5254234619031357,
788699,0.5254234619031357,
788998,0.5254234619031357,
789299,0.5254234619031357,
789598,0.5254234619031357,
789899,0.5254234619031357,
790198,3.008613361810103,-0.895123184658436
790499,7.155801033492405,-0.8423598721786567
790798,5.04897930450012,-0.7839811584492027
791099,5.131277311666788,-0.8388361823878032
791399,5.438521701041788,-0.8927106233815021
791698,5.070075572886695,-0.8063866723152644
791999,7.0133351652400915,-0.6548624017331235
792298,6.013747565652899,-0.7470308037449191
792599,8.297724724199194,-0.49627579221285334
792898,6.374325279218257,-0.7893015264780368
793199,4.712967731618177,-0.8392851118588769
793498,6.0507262162362325,-0.8180326227410735
793799,6.485042713052589,-0.9150860957715514
794099,6.925552215394182,-0.7072233692525407
794398,5.428483070291788,-0.8401157416531324
794699,5.3995017322778995,-0.8402667984833501
794998,5.625315288314936,-0.8370407531486037
795299,5.906787832351973,-0.7813586471346992
795598,5.355304413502434,-0.8193440394009637
795899,6.103255731423733,-0.8244858156540855
796198,5.270612716912158,-0.8425655172149156
796499,5.533212056875121,-0.832443928786359
796799,5.175829550398268,-0.7465462230027551
797098,43.35403527246797,-0.40900308677276276
797399,7.428366658564165,-0.47398940903937925
797698,7.56575352928253,-0.5210550805976462
797999,7.691183326108144,-0.4068829971611352
798298,8.879044782996035,-0.41966006628759445
798599,4.782143423294103,-0.8460352545854375
798898,5.028960940078825,-0.8801979530885651
799199,5.203544749699196,-0.8419715741912142
799499,5.34439809562975,-0.7897194251388646
799798,5.446149177171418,-0.768597591697914
800099,6.047033891784845,-0.8534805834854551
800398,5.412816234939936,-0.6705219894135359
800699,5.927492614738546,-0.6581442190129627
800998,5.960917519766325,-0.6675572395254081
801299,6.373930054861232,-0.6048362206450515
801598,5.746215779266325,-0.50274408572543
801899,6.282919915333454,-0.53462851913022
802199,6.405556629671418,-0.516978463231154
802498,6.595361079970029,-0.5564046494896524
802799,6.599054921805678,-0.819466917022394
803098,5.869371262516326,-0.9293892530743884
803399,4.984401453101973,-0.8375297665734711
803698,5.1706133232385465,-0.835444626950006
803999,4.900897068317252,-0.6850024167180231
804298,4.945955598696881,-0.6138433019526599
804599,5.33347713314364,-0.6511609051684024
804899,5.646034222321879,-0.6732626967438728
805198,6.034965249664472,-0.6968042863701724
805499,6.481574809544102,-0.8753420534543264
805798,16.13530725802381,-0.609829792016308
806099,101.00205073855983,-0.4771475656692983
806398,51.71780787094148,-0.43323458352848054
806699,0.5254234619031357,
806998,0.5524175342621467,0.3075261082799913
807299,0.5254234619031357,
807599,0.5254234619031357,
807898,0.5254234619031357,
808199,0.5254234619031357,
808498,0.5254234619031357,
808799,0.5254234619031357,
809098,0.5254234619031357,
809399,0.5254234619031357,
809698,0.5254234619031357,
809999,0.5254234619031357,
810299,0.5254234619031357,
810598,0.5254234619031357,
810899,0.5254234619031357,
811198,0.5254234619031357,
811499,0.5254234619031357,
811798,0.5254234619031357,
812099,0.5254234619031357,
812398,0.5254234619031357,
812699,0.5254234619031357,
812999,12.023245052947424,-0.9629287017873382
813298,10.503763524945107,-1.1699010622010415
813599,10.830859965343258,-0.5872469526391983
813898,5.748694580521497,-0.6647414030091325
814199,5.7810907271997385,-1.0707478751818296
814498,7.869071472269182,-0.9794781591603818
814799,6.261378298627979,-0.9794825809222643
815098,6.41830170167659,-0.8966483136475241
815399,6.232960180808535,-0.8889760264231741
815699,10.141244923414241,-0.8889480450010105
815998,7.43921162991733,-1.092845677246462
816299,6.811750390961312,-0.74414157487023
816598,8.080214078778441,-1.0303949242920138
816899,9.552188569445105,-1.0891058621915342
817198,8.494070956535387,-1.1054706928555174
817499,7.613928589940479,-0.9255191686412649
817798,8.104701049132608,-1.170341247338429
818099,7.093379016898812,-0.9831102744156428
818399,13.846035635953594,-0.9140181045275084
818698,6.780961979813164,-0.7397202256377344
818999,6.858776254005293,-0.8296416313520429
819298,7.953139999861776,-0.7919628430696459
819599,6.126835494486774,-0.7280599192735744
819898,7.595796347891867,-0.9832947669044014
820199,9.421224001534846,-0.7270784628046352
820498,9.991845558583996,-0.7034537555163825
820799,7.259733539243178,-0.7966850373120729
821099,31.374775870442786,-0.6897666657508865
821398,20.99820631083631,-0.727602960271837
821699,37.54904304619072,-0.6062186433726693
821998,6.7901143581945655,-0.5390544807436275
822299,6.690869552976974,-0.49355628159915277
822598,7.93620402623909,-0.4865602980089747
822899,8.36019229303539,-0.4819817816080727
823198,13.659040913942794,-0.5528143195621606
823499,14.992776861542332,-0.4050080422022988
823799,30.495757315816483,-0.5675703869692312
824098,31.84164921927872,-0.5227292132438872
824399,22.10450932614187,-0.5885317783691117
824698,19.87455374092196,-0.5096984124832258
824999,18.358171176415013,-0.4917928274780259
825298,20.256471387301595,-0.5566149269832001
825599,21.35319551951687,-0.5465387505880237
825898,57.74433837384759,-0.6826002293724482
826199,72.69354408788853,-0.680380730542971
826499,62.675500974668616,-0.6403564940785251
826798,103.14018161809685,-0.6428799392158702
827099,115.83216738318944,-0.4619418938979356
827398,132.118568404208,-0.5422179945844494
827699,104.8820979538376,-0.5555070709810241
827998,120.17346823161536,-0.5160116936586079
828299,100.24868270594408,-0.6070436457673909
828598,83.1335277531624,-0.5059890175478718
828899,104.83248499388004,-0.6075130769384767
829199,73.09988809200038,-0.553693407780641
829498,32.14739653810352,-0.5165168516493321
829799,57.804937513892874,-0.6857151814582281
830098,56.10489894714056,-0.6023194556295424
830399,69.43043607947389,-0.49355205733092955
830698,59.80204833863594,-0.5271547067224664
830999,63.623021810457686,-0.5665156581389563
831298,71.32908355151092,-0.4656156721874205
831599,54.33910705915677,-0.5477051401101058
831899,66.49222122696334,-0.52945279589905
832198,49.60562716953741,-0.6089801813800269
832499,45.19576426808139,-0.6246061163300609
832798,51.600241441935566,-0.5349718292159855
833099,49.03252974536148,-0.5478769055460297
833398,32.48761667709658,-0.4629466311215067
833699,0.5254234619031357,
833998,0.5254234619031357,
834299,0.5254234619031357,
834599,0.5254234619031357,
834898,0.5254234619031357,
835199,0.5254234619031357,
835498,0.5254234619031357,
835799,11.508210048496036,-0.45916743344371813
836098,13.399401105930677,-0.33122947777052336
836399,11.633575847673733,-0.30462063994076005
836698,11.28042059026864,-0.3748291218699391
836999,10.034676424222342,-0.3652010739381977
837299,8.828317977416788,-0.3824357295015215
837598,8.58993173560892,-0.4438243900000618
837899,9.508571736333456,-0.4997549792548901
838198,7.931939877303362,-0.6357121541174795
838499,7.250306100386696,-0.6692815431958721
838798,7.159100065757065,-0.685860185679394
839099,7.377437203213083,-0.7394408352428519
839398,7.27259420681725,-0.7244655476637072
839699,7.488625332349658,-0.7306298533194486
839999,7.504065993127436,-0.7483490923434339
840298,7.573497803544104,-0.7498771643140063
840599,7.677507525152898,-0.779764061965087
840898,7.9506199062084555,-0.7855454047677091
841199,8.106901002317251,-0.7582579584118261
841498,7.924766363176047,-0.7197324047151372
841799,8.206914963000122,-0.7157980835570723
842098,10.685404111599658,-0.4720892513016606
842399,9.165755202588084,-0.5469717815069166
842699,8.749483793208453,-0.6196860084103124
842998,13.73529392326401,-0.44961783198299776
843299,9.849304425877438,-0.6148849666821397
843598,0.5254234619031357,
843899,0.2719488567231751,0.4750150751870613
844198,0.624615977197188,0.161421746694989
844499,10.69693313614827,-0.5817882274570012
844798,10.824261058266323,-0.5354611208075646
845099,10.971346233555677,-0.5337320477289542
845399,11.198480073437619,-0.49638715441470627
845698,12.08688233902327,-0.5104687774851744
845999,21.42552888782474,-0.41265814178612614
846298,25.786377885553907,-0.24458655842738963
846599,38.67499724184326,-0.23492200424564214
846898,62.08916878966139,-0.2750432954379549
847199,73.17298602452945,-0.2811548288583132
847498,1.5353241076661697,-0.017503647415288093
847799,0.5254234619031357,
848099,,
848398,,
848699,,
848998,8.706863946069566,-0.36190378087640496
849299,0.5254234619031357,
849598,0.5254234619031357,
849899,0.5254234619031357,
850198,0.5254234619031357,
850499,0.5254234619031357,
850799,0.5254234619031357,
851098,0.5254234619031357,
851399,0.5254234619031357,
851698,0.5254234619031357,
851999,0.5254234619031357,
852298,0.5254234619031357,
852599,0.5254234619031357,
852898,0.5254234619031357,
853199,0.5254234619031357,
853499,0.5254234619031357,
853798,0.5254234619031357,
854099,0.5254234619031357,
854398,0.5254234619031357,
854699,0.5254234619031357,
854998,0.5254234619031357,
855299,0.5254234619031357,
855598,0.5254234619031357,
855899,0.5254234619031357,
856199,0.5254234619031357,
856498,0.5254234619031357,
856799,0.5254234619031357,
857098,0.5254234619031357,
857399,0.5254234619031357,
857698,0.5254234619031357,
857999,0.5254234619031357,
858298,21.127290829500666,-0.6084312728560235
858599,12.155170129104834,-1.1258661282417783
858899,25.07324923838724,-0.813783531044058
859198,21.35990305617659,-0.8398537109910316
859499,,
859798,0.4525667732065727,-0.14001784992275135
860099,,
860398,0.3622775904410527,0.35579816685610155
860699,0.44044247084180244,0.2718457022036599
860998,,
861299,,
861599,0.3765123737967894,0.3687133068248206
861898,24.759262216744727,-1.5372567077966348
862199,18.183363817231125,-1.6138853800717374
862498,14.630878813835807,-1.261426047512514
862799,1.2873808017179778,-0.14612480546720708
863098,0.4283339497494683,0.4533465967438838
863399,23.284352491055195,-1.1326645202670216
863698,0.5254234619031357,
863999,0.5254234619031357,
864299,,
864598,0.5254234619031357,
864899,0.5254234619031357,
865198,0.5254234619031357,
865499,0.5254234619031357,
865798,0.5254234619031357,
866099,0.5254234619031357,
866398,0.5254234619031357,
866699,0.5254234619031357,
866999,0.5254234619031357,
867298,0.5254234619031357,
867599,0.5254234619031357,
867898,0.5254234619031357,
868199,0.5254234619031357,
868498,0.5254234619031357,
868799,0.5254234619031357,
869098,0.5254234619031357,
869399,0.5254234619031357,
869699,0.5254234619031357,
869998,0.5254234619031357,
870299,0.5254234619031357,
870598,0.5254234619031357,
870899,0.5254234619031357,
871198,0.5254234619031357,
871499,0.5254234619031357,
871798,0.5254234619031357,
872099,0.5254234619031357,
872399,0.5254234619031357,
872698,0.5254234619031357,
872999,0.5254234619031357,
873298,0.5254234619031357,
873599,0.5254234619031357,
873898,0.5254234619031357,
874199,0.5254234619031357,
874498,0.5254234619031357,
874799,0.5254234619031357,
875099,0.5254234619031357,
875398,0.5254234619031357,
875699,0.5254234619031357,
875998,0.5254234619031357,
876299,0.5254234619031357,
876598,0.5254234619031357,
876899,0.5254234619031357,
877198,0.5254234619031357,
877499,0.5254234619031357,
877799,7.329363450081142,-0.7759473073232293
878098,9.057619129113547,-0.8520989933944889
878399,8.628902874051047,-0.7989383241160901
878698,8.993042568389008,-0.8163629382320148
878999,8.674542038011698,-0.7701692257657866
879298,8.462304596875121,-0.6936929670908794
879599,8.393500692145954,-0.7267876500096706
879898,8.672557144345028,-0.7605489551745421
880199,7.811970294707682,-0.8757673126966217
880499,6.380868747088084,-0.8407818066713793
880798,6.902906076731603,-0.8558572340467934
881099,6.276334193974659,-0.8252538727580441
881398,6.790759182026127,-0.8206184459936894
881699,7.813579043801046,-0.7490883648348308
881998,11.420221779904985,-0.5211782079310328
882299,5.90143967346077,-0.8477538851916917
882598,5.942411844298733,-0.8575367433666532
882899,6.068183791453825,-0.8138772905809288
883199,6.0524386558450285,-0.8015035735173017
883498,6.85416291099009,-0.8550164217788221
883799,9.26521581794665,-0.7999357135613694
884098,11.074011692433533,-0.4638758276947874
884399,6.635218912699196,-0.8513759412179509
884698,9.807051236970572,-0.5676519566868308
884999,9.007420826377436,-0.5160627646637472
885298,8.983814273495492,-0.5071751803660363
885599,9.07811133505259,-0.4535848698321612
885899,8.941978775444566,-0.5070660992406633
886198,9.098909008926046,-0.566349272276059
886499,9.015211244671416,-0.6220005993433648
886798,9.294328301520956,-0.5781879527466505
887099,9.486591621574197,-0.6036426929793448
887398,9.372571716169103,-0.5543576654114786
887699,9.633138587333455,-0.6570550571183955
887998,10.3042095604816,-0.5684992066169694
888299,11.64312091064364,-0.5801092819896723
888599,14.175842212537157,-0.4812186347057452
888898,8.951820355928362,-0.7511987897247596
889199,8.387893066569566,-0.7115122419943254
889498,9.31117492745151,-0.5293586038232074
889799,9.532540708713084,-0.5092426732104196
890098,9.900554106141325,-0.568862289673248
890399,10.222255423210768,-0.5002932871845176
890698,10.666292544553363,-0.5562860569982258
890999,11.718817843000664,-0.6877074738906999
891299,11.315312076622805,-0.6087883353492252
891598,10.070318479333455,-0.503951849035494
891899,13.443440079125663,-0.6124860235696601
892198,10.952832814792332,-0.9093365519108516
892499,11.944994096250664,-0.9324234852684368
892798,12.20168440860483,-0.8769831350104145
893099,13.714571136387239,-0.8437938029795655
893398,12.177544915625667,-0.82257856715678
893699,10.731152520183533,-0.8515081494080659
893999,12.931007106276128,-0.8185859322119269
894298,12.543106587190481,-0.7570192633411685
894599,10.094689725938162,-0.7453053613208109
894898,9.91641656042196,-0.710842410230677
895199,9.552879429065479,-0.7504452426236479
895498,10.490568520646498,-0.7568608165649371
895799,11.813619979165015,-0.723732249721188
896098,11.954331177993721,-0.7503376144735803
896399,12.925226868081685,-0.8092744188083554
896699,13.180540580674277,-0.6359968037479253
896998,11.078364442806219,-0.8185677608498785
897299,15.580449422736775,-0.8337614762074583
897598,14.04231755036409,-0.7913937309083727
897899,16.061549659269183,-0.7040640588765097
898198,16.344143823891866,-0.7336344848643483
898499,13.508041963148813,-0.6662781266625601
898798,44.52538784687233,-0.4899452721704589
899099,57.824481927733444,-0.611876896082614
899399,37.6559922871015,-0.4995644762971929
899698,,
899999,0.5254234619031357,
900298,0.5254234619031357,
900599,0.5254234619031357,
900898,0.5254234619031357,
901199,0.5254234619031357,
901498,0.5254234619031357,
901799,0.5254234619031357,
902099,0.5254234619031357,
902398,3.9503837772107695,-0.6369839020346426
902699,13.054464044228808,-0.815287969281016
902998,21.690691741900103,-0.8308479510284741
903299,26.187111045168624,-0.9828067434181385
903598,12.307798766306218,-0.7588597078462227
903899,11.802568862702053,-0.9441489799603924
904198,10.045143496896499,-0.9429342688535947
904499,9.995398642604831,-0.8791078482298502
904799,10.49035251901455,-0.8144705525096487
905098,7.852600458958999,-1.1442257525011135
905399,11.809576858424274,-0.8426598707712063
905698,12.138539333727515,-0.8734243044218719
905999,9.294617328199738,-1.0537687702699179
906298,10.897502413093259,-1.0261178673346931
906599,10.186848869331682,-1.118831138066359
906898,13.66761052210483,-0.8097295974674179
907199,12.932009478366405,-0.9948992608734628
907499,11.588498984301589,-0.9574689854452112
907798,14.898211613174276,-1.0113456180335856
908099,13.29817097048446,-0.9996260132253592
908398,22.84251054225066,-0.751598576888993
908699,41.05754824314441,-0.7383040143877704
908998,14.020569757352517,-0.6786875499970497
909299,9.006866855162702,-1.1074821273614734
909598,10.153848887727513,-0.9902899940547865
909899,24.62673016671594,-0.4649571731068074
910199,6.832048235664243,-0.827926479045267
910498,12.639054197908074,-0.7741022127936101
910799,8.353110206183533,-1.022881557293263
911098,13.770350203072423,-1.0568603620863182
911399,23.742604218092236,-1.0172792613464674
911698,30.347465053832977,-1.3347632729043415
911999,7.828678895873351,-0.7720966517329442
912298,7.962903930578826,-0.732460675240683
912599,8.14483399776401,-0.6602855440388797
912899,8.67603689049086,-0.5667919565987538
913198,9.869326436666787,-0.5029505991833108
913499,10.789096571504752,-0.4571804861090425
913798,10.088455979449195,-0.4948406263407339
914099,9.061899632828824,-0.3743501102470237
914398,9.047596351578825,-0.325206126147344
914699,9.801180588956138,-0.3331796015770976
914998,11.073734534180678,-0.33058031175702784
915299,11.256866693597344,-0.32364732567731447
915599,11.702118579560308,-0.3136041090041761
915898,12.300090030446881,-0.3251092135494187
916199,13.120550451516324,-0.32172376093751653
916498,11.097617033120493,-0.2734308874977984
916799,11.726921784789473,-0.31472771315068204
917098,12.332310719289474,-0.31338709741861326
917399,12.596468361347345,-0.31066940970271206
917698,13.228873395935308,-0.31030494411037046
917999,13.360345107020953,-0.30181411401334013
918299,14.094836172027899,-0.30868615312816994
918598,16.641134522273813,-0.2671174071150808
918899,16.668719876195105,-0.2699378348633168
919198,18.9108365516928,-0.6664218274261264
919499,15.325597813243718,-0.46891490419181703
919798,17.18549839113029,-0.5630929994284366
920099,17.248460322248345,-0.5455999661137609
920398,18.164691482340938,-0.4848294869493863
920699,18.446010697676584,-0.4109352138032347
920999,23.40562844169279,-0.5490378855687783
921298,21.476129505609457,-0.627844088046356
921599,20.82577232279696,-0.4776109044631667
921898,23.801047898588628,-0.5622494515392256
922199,0.5729160428689667,0.17853663514260243
922498,14.761574031963622,-0.535576506109793
922799,3.764924964003709,-0.38022587761666604
923098,1.267527431444815,-0.07010740635478374
923399,0.5254234619031357,
923699,0.5254234619031357,
923998,0.5254234619031357,
924299,0.5254234619031357,
924598,0.5254234619031357,
924899,0.5254234619031357,
925198,,
925499,0.5254234619031357,
925798,,
926099,50.61433523240705,-0.2467940458385749
926399,57.58006315084658,-0.19698532680528325
926698,4.940497486682992,-0.6101424258655168
926999,5.801783261699196,-0.5534665906542768
927298,6.426085735743177,-0.6266577041711736
927599,6.1272804106621575,-0.5667016263122389
927898,6.660193359645955,-0.7472247496697606
928199,6.472839015532529,-0.6517965697625823
928498,6.796844607886695,-0.7630096119731655
928799,6.656311550902897,-0.8004827272096804
929099,6.74670146976401,-0.8374655564937228
929398,6.9451747275672515,-0.8265234812249864
929699,7.046438902551048,-0.8164849507794663
929998,20.026201163663995,-0.32219598931349136
930299,6.926973963307992,-0.8694086167857298
930598,7.383882621993176,-0.8820316493094205
930899,7.498671386275583,-0.8508059322100483
931198,8.136157505053362,-0.871709203697286
931499,8.187773901868177,-0.8967059826277091
931799,9.264831684754748,-0.8600370907099895
932098,8.670672746856603,-0.8958111419067329
932399,8.389149363273269,-0.8799659995852065
932698,8.04107921647003,-0.877684690694549
932999,8.273054751305676,-0.9077852501919543
933298,8.845567226365862,-0.8644522170203273
933599,8.643127925794102,-0.8843074259603954
933898,8.682126136169103,-0.8485571598853274
934199,8.7602388577316,-0.8029963506631026
934499,8.994445690319566,-0.7346529557171653
934798,9.4235407664029,-0.7313064726123275
935099,10.106071138645953,-0.6960543229504921
935398,10.276935553541788,-0.6659403892420921
935699,10.592066309032528,-0.6064033988540272
935998,11.340971256759381,-0.5999355719179691
936299,11.939038652842715,-0.6218915997422829
936598,12.573001977622805,-0.5919213195746149
936899,13.679833614361234,-0.6196302654434311
937199,14.20928380768762,-0.6265671111842812
937498,29.803350984503215,-0.5865534101444634
937799,13.337140390555678,-0.787812680353762
938098,32.2039038498026,-0.38580577636642466
938399,39.700131239887234,-0.4754553082105637
938698,46.74167365744842,-0.5470874408286537
938999,36.708809316190475,-0.5189397834022682
939298,0.5254234619031357,
939599,0.5254234619031357,
939899,0.5254234619031357,
940198,0.5254234619031357,
940499,0.5254234619031357,
940798,0.5254234619031357,
941099,0.5254234619031357,
941398,0.5254234619031357,
941699,0.5254234619031357,
941998,0.5254234619031357,
942299,0.5254234619031357,
942599,0.5254234619031357,
942898,0.5254234619031357,
943199,0.5254234619031357,
943498,0.5254234619031357,
943799,0.5254234619031357,
944098,0.5254234619031357,
944399,0.5254234619031357,
944698,0.5254234619031357,
944999,0.5254234619031357,
945299,0.5254234619031357,
945598,0.5254234619031357,
945899,7.989259614530756,-1.066435347458909
946198,7.788777427468257,-0.9358615238858801
946499,6.2979011038293695,-0.7948004207230537
946798,6.037691971109461,-0.75626627093672
947099,7.54540241963878,-0.8079371726404125
947398,8.012339694245261,-0.8956971772509954
947699,6.135562936692794,-0.6402289428581389
947999,6.723506061442794,-0.7535199824838454
948298,13.877479689202055,-1.0035815078336148
948599,25.896739569655754,-0.7925486778964665
948898,27.63962443313724,-0.7675185530830733
949199,20.115656746776132,-0.8757376551763938
949498,12.757255978618721,-0.8660127051649054
949799,1.0802444651079421,-0.003245485598517117
950098,11.552571956434825,-0.9913050503596703
950399,0.5254234619031357,
950699,0.5254234619031357,
950998,16.807605082572422,-1.2004417836703762
951299,8.469361074557991,-0.7067079270129522
951598,7.719112712207681,-0.8605432276161042
951899,13.195357088280755,-0.3941055671999363
952198,10.102404378090942,-0.429685345108632
952499,1.922837927422857,-0.15836829695967203
952798,5.383974926932992,-0.5946336090338076
953099,0.8599208686988633,0.057719665246594554
953399,0.5254234619031357,
953698,0.5254234619031357,
953999,0.5254234619031357,
954298,0.5254234619031357,
954599,0.5254234619031357,
954898,0.5254234619031357,
955199,0.5254234619031357,
955498,0.5254234619031357,
955799,0.5254234619031357,
956099,0.5254234619031357,
956398,0.5254234619031357,
956699,0.5254234619031357,
956998,0.5254234619031357,
957299,0.5254234619031357,
957598,0.5254234619031357,
957899,0.5254234619031357,
958198,0.5254234619031357,
958499,0.5254234619031357,
958799,0.5254234619031357,
959098,0.5254234619031357,
959399,0.5254234619031357,
959698,0.5254234619031357,
959999,0.5254234619031357,
960298,0.5254234619031357,
960599,0.5254234619031357,
960898,0.5254234619031357,
961199,0.5254234619031357,
961499,0.5254234619031357,
961798,0.5254234619031357,
962099,0.5254234619031357,
962398,0.5254234619031357,
962699,0.5254234619031357,
962998,0.5254234619031357,
963299,0.5254234619031357,
963598,0.5254234619031357,
963899,0.5254234619031357,
964199,0.5254234619031357,
964498,0.5254234619031357,
964799,0.5254234619031357,
965098,0.5254234619031357,
965399,13.872745749542567,-0.5079696839553325
965698,21.252888853868953,-0.6472753633512733
965999,6.239894241069218,-0.5179021268585886
966298,7.154487890441904,-0.534541517334497
966599,6.674777912834441,-0.4753126800200602
966899,7.656666785162157,-0.6375550179444132
967198,8.093312294548731,-0.6415048087711808
967499,8.032278211136697,-0.5758254637809841
967798,8.122300719236234,-0.6077946586966336
968099,8.120865082919103,-0.5073885256867492
968398,7.702298118923387,-0.4923907452211951
968699,7.500376356499775,-0.49452670388834097
968998,7.823087895293672,-0.4549560866270297
969299,7.789165611904784,-0.44579866030706095
969599,9.70376103717296,-0.7815696542215811
969898,6.691313413749775,-0.5173193146886235
970199,7.75152862095614,-0.6909689112996826
970498,7.294641930238545,-0.5837378947087073
970799,6.447719666050701,-0.5086739968227745
971098,7.180025101264011,-0.5569837392120713
971399,7.150988336361231,-0.5392061476299064
971698,6.719640380048731,-0.5091415944339646
971999,6.997177170356603,-0.7279062880190379
972299,6.888978465131719,-0.486169845049625
972598,7.130329718914473,-0.5199872347169245
972899,6.775257624608571,-0.518958798399189
973198,7.052741266846997,-0.49945537675490015
973499,7.274927382057644,-0.4871371094976913
973798,7.670634523270954,-0.5957358576388636
974099,7.726506472791789,-0.5173374985958465
974398,7.489085840729286,-0.7994531477397608
974699,6.240397476083454,-0.7910252282366259
974999,8.217332599147495,-0.9363780678749729
975298,7.304026389470031,-0.7898255727061811
975599,7.483035877798733,-0.8196492703133507
975898,7.740225860710769,-0.82104396500874
976199,8.146055584178363,-0.8538013209012085
976498,8.372132031375124,-0.8153716100456609
976799,8.015980698833456,-0.8046171928654531
977098,8.243983235958455,-0.7428359463267336
977399,8.260717284273268,-0.7258771211785777
977699,13.74526614111409,-0.7579424641655668
977998,27.050923186726973,-0.3392557760163524
978299,19.452887628565477,-0.4677330161280686
978598,73.11130608905056,-0.3442945456661952
978899,27.751381622507605,-0.43260032815058835
979198,9.51247750244225,-0.7111634410880756
979499,8.549617446553361,-0.7696687844313335
979798,8.858971799671417,-0.7525434079772166
980099,9.37758548650012,-0.7702225555425364
980399,9.639986752857144,-0.7791273650827
980698,10.183973030121033,-0.7815241126992909
980999,10.831857615424274,-0.7857151848972572
981298,11.194253108072424,-0.765177550056936
981599,11.81869423436872,-0.7607803664143029
981898,12.500263262486776,-0.736923448648799
982199,12.17704622761409,-0.7184886967294184
982498,12.08284177136409,-0.7113676936210127
982799,12.190994218146496,-0.6832405013675906
983099,24.42242093887436,-0.5231658278318263
983398,10.840084726533071,-0.7102763506413985
983699,10.397172404371034,-0.747164793272618
983998,11.309873316343257,-0.7760844380923764
984299,11.940227314290018,-0.6871615112076537
984598,13.043579013972886,-0.6560168893629093
984899,13.3267219497877,-0.625703927506666
985198,14.167233689424274,-0.6061997676912685
985499,14.921168655655755,-0.5617777658449599
985799,15.445895412273813,-0.6130745111445066
986098,16.14702167168122,-0.6137555423501042
986399,17.317092439165013,-0.5939796169259495
986698,19.82082179903076,-0.6364680703529968
986999,21.02717604808863,-0.5842006387783965
987298,19.758266459199735,-0.5726126402577616
987599,18.895266686026122,-0.4854324105220291
987898,29.978781106238063,-0.6334319659581762
988199,40.315957246569084,-0.6880291960741534
988499,40.95207648029594,-0.7171133200346373
988798,30.35240504064316,-0.7409698622020133
989099,0.9887990560304635,-0.03257747812012335
989398,0.5254234619031357,
989699,0.5254234619031357,
989998,0.5254234619031357,
990299,0.5254234619031357,
990598,0.5254234619031357,
990899,0.5254234619031357,
991199,0.5254234619031357,
991498,0.5254234619031357,
991799,0.5254234619031357,
992098,0.5254234619031357,
992399,0.5254234619031357,
992698,20.373373714517882,-1.2439704628012334
992999,18.207713999242415,-1.139035245309644
993298,12.720401109780758,-0.8060667708067959
993599,23.53184440770205,-0.8949702318349992
993899,13.338640128246036,-0.8976373872542311
994198,13.865357104241404,-0.8358317304478147
994499,18.572304596313163,-0.9796443497327973
994798,15.305192296317793,-0.8461161198080065
995099,13.705599724762235,-0.941776957419626
995398,12.878402535523811,-0.7919519786415401
995699,15.626623399746036,-0.9057803037102612
995998,12.402999076558537,-0.905444903953363
996299,11.374773193174276,-0.8918333724591792
996599,11.29646846591502,-0.9899957897054681
996898,10.473404912419646,-0.8284979838073163
997199,8.157410027169645,-0.7748345277689985
997498,12.529646980989092,-0.8327134569503101
997799,17.555338916519183,-1.0409433061966906
998098,17.571763824301588,-1.0345406565539976
998399,15.530579378648813,-0.8102917190830925
998698,19.80297668289418,-0.9113916410545566
998999,30.48236246100167,-1.2610186948656477
999299,5.047676455266096,-1.0175902809881068
999598,13.481622693556217,-0.8113405005657799
999899,34.2006560056177,-0.7541716867653405
1000198,20.439365691067014,-1.0164987026812136
1000499,27.41947865507729,-1.0024909846488703
1000798,13.15262487594742,-0.5979259916094459
1001099,24.896350139526362,-0.7938781850297156
1001398,21.34494540792196,-0.7158827953214335
1001699,27.81952815223214,-0.6580765081337534
1001999,36.60831866089852,-0.8437712423358448
1002298,3.995082084549184,-0.49621904917082427
1002599,20.567495200217238,-0.8298351449171195
1002898,4.420671212221368,-0.5141303389461438
1003199,2.6930503201914036,-0.41743675019810134
1003498,,
1003799,16.625554985099182,-0.6439841163242204
1004098,25.63935814740242,-0.6873630856581547
1004399,,
1004699,0.5254234619031357,
1004998,0.5254234619031357,
1005299,30.32373253773316,-0.8038770842310001
1005598,31.900555555332694,-0.598139768103878
1005899,23.574638818660386,-0.6742914791197312
1006198,18.84996789495205,-0.4608454387438903
1006499,20.55614479080622,-0.5006499302934206
1006798,19.386865859514554,-0.5165029019283616
1007099,21.354266603202053,-0.4797071073023875
1007399,20.920200190134924,-0.43761081842851235
1007698,61.89868902872186,-0.41145321868358886
1007999,23.737628007045938,-0.5892929485715523
1008298,48.32839410663622,-0.5221707225191126
1008599,18.51491068806316,-0.40922436544513796
1008898,18.705316809755296,-0.5589077580301767
1009199,33.51368165073239,-0.4924480120174932
1009498,32.6795239761478,-0.540013964186169
1009799,56.91959034735612,-0.506604029609028
1010099,38.908818720967226,-0.5687470323645005
1010398,6.870323292206472,-0.43034373275386684
1010699,0.5254234619031357,
1010998,,
1011299,0.5254234619031357,
1011598,0.5254234619031357,
1011899,,
1012198,,
1012499,,
1012799,,
1013098,0.5254234619031357,
1013399,0.5254234619031357,
1013698,0.5254234619031357,
1013999,0.5254234619031357,
1014298,0.5254234619031357,
1014599,0.5254234619031357,
1014898,0.5254234619031357,
1015199,0.5254234619031357,
1015499,0.5254234619031357,
1015798,0.5254234619031357,
1016099,0.5254234619031357,
1016398,0.5254234619031357,
1016699,0.5254234619031357,
1016998,0.5254234619031357,
1017299,0.5254234619031357,
1017598,0.5254234619031357,
1017899,0.5254234619031357,
1018199,0.5254234619031357,
1018498,0.5254234619031357,
1018799,0.5254234619031357,
1019098,0.5254234619031357,
1019399,5.683838470834726,-0.36163584116399705
1019698,,
1019999,7.977838348395953,-0.6457799776796909
1020298,8.197916955055677,-0.6025888863986455
1020599,8.165516956291789,-0.600655071503809
1020899,8.452824465858917,-0.6316089131366627
1021198,9.143837084386696,-0.7141986840548045
1021499,8.276005599053361,-0.6611518830157226
1021798,8.832150930796416,-0.7440633683167222
1022099,8.965531553720027,-0.6519052600523609
1022398,9.273094086037156,-0.7139219549231957
1022699,9.65040891275475,-0.7467331557445283
1022998,10.099664370354287,-0.7527369398156998
1023299,10.48906559354642,-0.760973650624126
1023599,10.656097460919103,-0.7719322518787364
1023898,11.699445175058536,-0.8497578618783934
1024199,12.302058759810851,-0.8346635342927431
1024498,11.908640050725204,-0.738887600436279
1024799,12.008057328060307,-0.7951743975238164
1025098,12.429835902583454,-0.7848589621213884
1025399,12.452884274458453,-0.7518367902923309
1025698,21.68378681468454,-0.8112729730820669
1025999,18.731292060901122,-0.720148775209926
1026299,15.695991972074742,-0.7627610751478495
1026598,17.85497537556316,-0.7346956990726441
1026899,19.79758892391733,-0.8107026962503203
1027198,28.586541886161392,-0.39566853277365155
1027499,34.88755114781648,-0.3690896299455253
1027798,47.018398153543615,-0.3229281363627412
1028099,29.560244971770185,-0.4794038867908146
1028398,37.45363488250659,-0.4148183605962419
1028699,21.00974003909789,-0.525135523331268
1028999,26.38389654310121,-0.48409891581278663
1029298,26.882408506658074,-0.5062671629407214
1029599,79.73920386064316,-0.6536975227347894
1029898,11.109055003647507,-0.5873644803543097
1030199,11.260955790461313,-0.5613135130465343
1030498,41.46883228195075,-0.6112094912087844
1030799,63.08945555234657,-0.9669398548976738
1031098,0.5254234619031357,
1031399,0.5254234619031357,
1031699,0.5254234619031357,
1031998,0.5254234619031357,
1032299,0.5254234619031357,
1032598,0.5254234619031357,
1032899,0.5254234619031357,
1033198,0.5254234619031357,
1033499,0.5254234619031357,
1033798,0.5254234619031357,
1034099,0.5254234619031357,
1034399,0.5254234619031357,
1034698,0.5254234619031357,
1034999,1.0192291177837371,0.04637184021555829
1035298,28.89824898344279,-0.6932695628984158
1035599,21.50510585848678,-0.7458344890579571
1035898,10.986096864924273,-0.9249782660190193
1036199,11.431079937653443,-0.753654474617719
1036498,9.52518793735946,-0.7199034768642072
1036799,9.15264778118122,-0.8510909574945498
1037099,9.483987082739091,-0.9440532895872682
1037398,8.878878137681216,-0.8821327300185817
1037699,9.746699427053905,-0.822192117396499
1037998,10.608940395181222,-0.9153712420970064
1038299,9.752338699908073,-0.7544925395072541
1038598,11.821385569947422,-0.852192368116083
1038899,19.796212335014552,-0.9760263072047806
1039198,13.832665578535387,-0.8544898140586308
1039499,32.64273527855028,-1.1664874054966985
1039799,41.25453934767196,-1.0627192848940208
1040098,20.4649768169127,-0.8078084401428824
1040399,33.59470843048007,-0.9441372867610125
1040698,15.117112846432763,-0.7219932258524719
1040999,16.039582722202052,-0.8641220878350548
1041298,21.583823993162703,-0.5637965000879981
1041599,10.92113998101687,-0.6409259812274442
1041898,29.685207177544644,-1.0015895590344202
1042199,13.541711011776124,-0.6714756171493603
1042499,26.379200891475204,-0.8504908749743743
1042798,12.35750113186409,-0.5756536920740172
1043099,22.000922974964922,-0.6270525853530735
1043398,11.368833960243178,-0.5570086937884378
1043699,10.916944275176245,-0.4957325859671966
1043998,11.28170751710217,-0.507406818376104
1044299,12.86309163907937,-0.47472035624448616
1044598,12.582578890051588,-0.5359120490181735
1044899,22.010929218407345,-0.8016860343731664
1045199,15.057757828028445,-0.4940244730060861
1045498,15.82305014239418,-0.460943223146687
1045799,15.877507004202053,-0.41953523624382116
1046098,15.669216187197426,-0.40136788615383345
1046399,16.187384990648813,-0.41626692165394275
1046698,16.406903032438162,-0.4039553341441635
1046999,17.096670162280752,-0.3949246876806376
1047298,17.592644399363742,-0.3747980463042808
1047599,17.681260089692447,-0.3604156204011246
1047899,18.32063759155819,-0.36386884880022907
1048198,17.983770938488743,-0.37703353087655467
1048499,18.49389505462995,-0.3692609691835309
1048798,18.604324238984113,-0.3913078072874647
1049099,19.152155246085965,-0.3812825846309116
1049398,18.396752594706335,-0.3826189517650358
1049699,18.201912084204018,-0.3831102070524868
1049998,17.64398652591227,-0.36738790237399543
1050299,18.734650626379945,-0.3739768361864497
1050599,18.238625598460963,-0.37807972037299575
1050898,18.768597719991057,-0.3727440125323056
1051199,19.455818268907727,-0.3711306455442829
1051498,19.600934992472542,-0.346904468778394
1051799,19.362824742106802,-0.3671123120404487
1052098,19.978055501827054,-0.4099621692282265
1052399,20.47613141453539,-0.4139934310747144
1052698,19.79230767652844,-0.3983686830544759
1052999,19.982476593583996,-0.40620728560147823
1053299,23.324589323796957,-0.47965383727549527
1053598,19.093824550903445,-0.4426447205138584
1053899,13.405674361616402,-0.5211141874883609
1054198,16.13027045520668,-0.4940974404974723
1054499,16.381766194764552,-0.46584415260814893
1054798,15.60844783102844,-0.44441170084637394
1055099,16.508538901151127,-0.45819725773761677
1055398,13.965647443176046,-0.4791895968017781
1055699,16.738471933181216,-0.536451577144452
1055999,15.90420794637566,-0.4862196739995974
1056298,15.891680696287702,-0.47665097141946733
1056599,15.25447118381725,-0.42764927343322556
1056898,14.50441555904873,-0.41779268946274506
1057199,12.713105363449195,-0.556189911576233
1057498,13.483892626597344,-0.5624524646199172
1057799,14.259572760500662,-0.628907330121002
1058098,13.264041485504752,-0.4691116981375083
1058399,12.148152988020955,-0.4767632862519622
1058699,9.944320406044646,-0.5443180256336186
1058998,10.319608967625122,-0.4549549906115933
1059299,8.935142129287158,-0.5471190362648539
1059598,9.70467087224506,-0.42205192952024495
1059899,9.979569310837737,-0.41991804639375063
1060198,10.564326810949739,-0.7216165296179105
1060499,9.601471693008051,-0.43459743562628916
1060798,10.147974944705792,-0.4516134851555256
1061099,7.655092763889008,-0.47773910284851695
1061399,11.137433178882064,-0.5732341088560995
1061698,10.43266386522466,-0.6661346106179054
1061999,10.021471871236233,-0.5437926342471837
1062298,9.844553170088084,-0.6127407268422194
1062599,10.373830563757608,-0.773409680957849
1062898,10.407427292451281,-0.8702469180876893
1063199,10.725917688507066,-0.863024855145677
1063498,11.13313057418585,-0.8729868977458615
1063799,9.222097351020956,-0.631109690503062
1064099,10.321123545754752,-0.723087782047416
1064398,9.952981548636695,-0.6223407406188197
1064699,9.849855680099312,-0.5915146234677109
1064998,9.912783589097344,-0.6645119156326995
1065299,9.27633980312709,-0.5835362775060393
1065598,9.744601284465055,-0.5529849244221983
1065899,10.185749170532098,-0.4823779004504942
1066198,12.115352830247808,-0.5158353480418192
1066499,12.400782524276128,-0.6043538564067765
1066799,21.8210116685539,-0.5371875558829735
1067098,11.483944122005292,-0.5497590127293572
1067399,12.225672321741406,-0.5702336135230033
1067698,12.154246769651126,-0.5589742683414876
1067999,13.244234503174276,-0.5045406375969561
1068298,12.55421696262798,-0.5196634581169848
1068599,12.814053203048928,-0.5131140388891002
1068898,17.582929575996033,-0.4146947570637902
1069199,13.894452700884921,-0.5260419470183146
1069499,21.365085012452052,-0.35457580507719033
1069798,16.56278520105159,-0.445085473396732
1070099,17.790935899831684,-0.4768623072572711
1070398,20.35959281060946,-0.3971072220865519
1070699,17.429713880290016,-0.4919481676956454
1070998,20.225008194456688,-0.45401204496591685
1071299,19.360266291653446,-0.4859971795720577
1071598,27.069152583875663,-0.42698192357412346
1071899,19.74472652065576,-0.493025262805157
1072199,135.85599177508067,-0.2486410735328799
1072498,96.19557765403638,-0.21310887804802348
1072799,55.62289988765909,-0.3446775058383673
1073098,72.48399024677815,-0.32401529216402447
1073399,94.16741882120333,-0.22262974480404352
1073698,33.69780618590213,-0.27094072161022886
1073999,42.34164636093685,-0.24528471266527108
1074298,72.25524297434687,-0.258981560125753
1074599,51.0610822552913,-0.247862966201978
1074899,35.19729841874733,-0.25075760315975226
1075198,0.5254234619031357,
1075499,0.5254234619031357,
1075798,,
1076099,,
1076398,,
1076699,,
1076998,,
1077299,0.5254234619031357,
1077599,0.5254234619031357,
1077898,0.5254234619031357,
1078199,0.5254234619031357,
1078498,0.5254234619031357,
1078799,0.5254234619031357,
1079098,0.5254234619031357,
1079399,0.5254234619031357,
1079698,0.5254234619031357,
1079999,0.5254234619031357,
1080299,0.5254234619031357,
1080598,0.5254234619031357,
1080899,0.5254234619031357,
1081198,0.5254234619031357,
1081499,0.5254234619031357,
1081798,0.5254234619031357,
1082099,0.5254234619031357,
1082398,0.5254234619031357,
1082699,0.5254234619031357,
1082999,0.5254234619031357,
1083298,0.5254234619031357,
1083599,0.5254234619031357,
1083898,0.5254234619031357,
1084199,38.38599312680983,-0.9962417713249443
1084498,22.225421639043336,-0.9025083946324639
1084799,34.171212574832694,-0.9773775465150969
1085098,24.588243046490103,-0.9295362395485793
1085399,17.526805171549274,-1.2203789746887752
1085699,18.87512140782242,-1.1796519320404961
1085998,22.261087329144182,-0.8569464026326419
1086299,17.565340142750667,-1.0796495830834245
1086598,16.59781570800298,-0.9077067290068184
1086899,18.34023608380622,-1.0280246442134682
1087198,21.85602047913724,-0.964903125607574
1087499,16.704981251384154,-1.0964549987004295
1087798,20.210613919373348,-0.94884720647865
1088099,18.577308348095567,-0.9714015504707512
1088399,20.766945179084,-1.1069572056821797
1088698,22.499481935409083,-1.1823590420965946
1088999,24.478179524300284,-1.029280421423998
1089298,19.322402482529448,-1.1551458642375168
1089599,14.878787919005292,-1.148937292626651
1089898,20.754022894634925,-0.9360110640827066
1090199,,
1090498,,
1090799,21.29343554092065,-0.8079984261454312
1091099,0.5254234619031357,
1091398,4.365226090760968,-0.7536384539187206
1091699,,
1091998,0.5254234619031357,
1092299,0.5254234619031357,
1092598,0.5254234619031357,
1092899,0.5254234619031357,
1093198,0.5254234619031357,
1093499,0.5254234619031357,
1093799,0.5254234619031357,
1094098,0.5254234619031357,
1094399,0.5254234619031357,
1094698,0.5254234619031357,
1094999,0.5254234619031357,
1095298,0.5254234619031357,
1095599,0.5254234619031357,
1095898,0.5254234619031357,
1096199,0.5254234619031357,
1096499,0.5254234619031357,
1096798,0.5254234619031357,
1097099,0.5254234619031357,
1097398,0.5254234619031357,
1097699,0.5254234619031357,
1097998,0.5254234619031357,
1098299,0.5254234619031357,
1098598,0.5254234619031357,
1098899,0.5254234619031357,
1099199,0.5254234619031357,
1099498,0.5254234619031357,
1099799,0.5254234619031357,
1100098,0.5254234619031357,
1100399,0.5254234619031357,
1100698,0.5254234619031357,
1100999,0.5254234619031357,
1101298,0.5254234619031357,
1101599,0.5254234619031357,
1101899,0.5254234619031357,
1102198,0.5254234619031357,
1102499,0.5254234619031357,
1102798,0.5254234619031357,
1103099,0.5254234619031357,
1103398,0.5254234619031357,
1103699,0.5254234619031357,
1103998,0.5254234619031357,
1104299,0.5254234619031357,
1104599,0.5254234619031357,
1104898,0.5254234619031357,
1105199,0.5254234619031357,
1105498,0.5254234619031357,
1105799,0.5254234619031357,
1106098,0.5254234619031357,
1106399,0.5254234619031357,
1106698,0.5254234619031357,
1106999,0.5254234619031357,
1107299,0.5254234619031357,
1107598,0.5254234619031357,
1107899,0.5254234619031357,
1108198,0.5254234619031357,
1108499,0.5254234619031357,
1108798,0.5254234619031357,
1109099,0.5254234619031357,
1109398,0.5254234619031357,
1109699,0.5254234619031357,
1109999,0.5254234619031357,
1110298,0.5254234619031357,
1110599,0.5254234619031357,
1110898,0.5254234619031357,
1111199,0.5254234619031357,
1111498,0.5254234619031357,
1111799,0.5254234619031357,
1112098,0.5254234619031357,
1112399,0.5254234619031357,
1112699,0.5254234619031357,
1112998,21.988133054000667,-0.6874965826567971
1113299,20.652170955588627,-0.6835340065098088
1113598,19.371156969146497,-0.6719156466222682
1113899,32.333888524098896,-0.9093669469478278
1114198,22.006979376884924,-0.6536686928328794
1114499,22.04074917872983,-0.6471848923160561
1114798,31.09648065441039,-0.6521860100798955
1115099,57.446099939682526,-0.6278129016489866
1115399,80.60245801511309,-0.5364372533989277
1115698,1.0596439060304634,0.002208047170962457
1115999,7.522799575545654,-0.2955625367434931
1116298,17.723481439608438,-0.35954142232789077
1116599,13.073825110805195,-0.446067419042979
1116898,0.5254234619031357,
1117199,0.5254234619031357,
1117498,,
1117799,,
1118099,,
1118398,,
1118699,,
1118998,,
1119299,,
1119598,,
1119899,,
1120198,,
1120499,,
1120799,0.5254234619031357,
1121098,0.5254234619031357,
1121399,0.5254234619031357,
1121698,0.5254234619031357,
1121999,0.5254234619031357,
1122298,0.5254234619031357,
1122599,0.5254234619031357,
1122898,0.5254234619031357,
1123199,0.5254234619031357,
1123499,0.5254234619031357,
1123798,0.5254234619031357,
1124099,0.5254234619031357,
1124398,0.5254234619031357,
1124699,,
1124998,32.199558056104834,-0.7704868028359126
1125299,56.81356032902714,-0.9161380863277782
1125598,28.50215823656779,-0.9185845297793822
1125899,29.775329645651134,-0.9644725326780208
1126199,22.430569350526127,-0.8165783415949304
1126498,13.844989639667332,-0.80106638249222
1126799,21.833594865910385,-1.1370182292423245
1127098,10.006758043283073,-0.6288106064664165
1127399,10.27495262476918,-0.5958066392531096
1127698,14.216458120692023,-0.8201058055736021
1127999,18.838923146809826,-0.7134300005606529
1128298,11.249750120611003,-0.8446513696030931
1128599,15.395994210026126,-0.9237257624040636
1128899,14.694448358302882,-0.726708009978966
1129198,19.522962483679137,-0.9551296495496733
1129499,9.845287270747576,-0.8952549484186771
1129798,14.93219161070128,-1.0124602318154947
1130099,17.862553823421234,-0.8390981665937454
1130398,14.567489355377253,-0.9802766716449443
1130699,8.23355315040344,-0.8555192434510219
1130998,14.44748031014881,-0.9605937535169411
1131299,15.547905133044644,-0.9063135787301158
1131599,17.79523817743354,-0.9386904270811016
1131898,13.216499856850199,-0.922301032003366
1132199,14.329253636961312,-0.8887531057343871
1132498,18.124488317348167,-0.9311762482441577
1132799,16.76911941631239,-0.9878646111073772
1133098,19.48638267658091,-1.0286980575122415
1133399,17.884932403784617,-0.983651342615921
1133698,20.508512190995262,-0.9674680028615272
1133999,14.52674485603693,-0.9240777877103441
1134299,9.172299320219254,-0.8258397232628292
1134598,18.12268251688724,-1.0224889704707936
1134899,28.113012400266864,-1.0633229294001199
1135198,15.52005216766733,-0.7782603243938497
1135499,16.119298653220568,-0.802459567722331
1135798,16.52234972594511,-0.7191864114427651
1136099,15.97544204968585,-0.7403450182007407
1136398,16.23334005724835,-0.6887399240743164
1136699,19.39922937084789,-0.7673526191939284
1136999,21.27883151883168,-0.7928607418745626
1137298,15.947536078426245,-0.6409969050128563
1137599,17.072654933516862,-0.6182609303315436
1137898,17.086116766352518,-0.6342186352967638
1138199,18.101363620343257,-0.6248514714186981
1138498,18.65862011510946,-0.6225656078933011
1138799,18.501245383208992,-0.6028854025117765
1139098,19.416320419477167,-0.5501325796178917
1139399,19.8359801317318,-0.5485985772497992
1139699,23.845847247331683,-0.6892976774401396
1139998,19.099557926011894,-0.551166428769891
1140299,26.608399768945112,-0.5472449365070435
1140598,19.628000195651126,-0.4981167709298959
1140899,33.19647708060253,-0.7586104480916245
1141198,24.139958885736775,-0.6488209188897613
1141499,20.16852478977844,-0.5592612302262636
1141798,19.963179376646497,-0.5389155796454927
1142099,19.8270334784355,-0.5022875923230472
1142399,20.96836311962335,-0.5296099274672414
1142698,20.91244375834557,-0.5781909033598884
1142999,19.805370161683534,-0.6172771130508561
1143298,18.83546485154696,-0.553723980640549
1143599,42.407280421021206,-0.6216119538919003
1143898,32.47562164249241,-0.7965562132136612
1144199,26.269423225824738,-0.7009993031871373
1144498,17.997147001459,-0.5340194113586147
1144799,17.764970164249892,-0.6238821301313437
1145099,19.471621123030758,-0.5747410160534714
1145398,19.250768514331682,-0.5541076640498039
1145699,19.473273551048926,-0.5055431120424632
1145998,22.937179105533072,-0.5945113276140352
1146299,19.230321342354827,-0.6548704381270363
1146598,19.362494718035386,-0.7224455123011781
1146899,14.7498489218404,-0.6756565843238536
1147198,16.58704782275529,-0.7890406551174489
1147499,17.372745077534614,-0.7578363635867251
1147799,15.577262368551045,-0.7461972855593197
1148098,15.50409536080336,-0.7423098850965688
1148399,16.55569000279002,-0.7852380581961469
1148698,16.014821452298506,-0.7620089252833575
1148999,13.55392544814804,-0.8919830524183958
1149298,13.477559261492948,-0.4715684600723016
1149599,4.909670652516868,-0.5241073837143568
1149898,14.437921886829365,-0.8522547088460031
1150199,16.825455369140844,-0.24239510502011008
1150499,11.73795676225915,-0.9421889656968325
1150798,13.86730632057011,-0.728279076319396
1151099,15.838427601889556,-0.6687337307809451
1151398,15.28784004861872,-0.6898531874466238
1151699,14.782266147722883,-0.644328841801856
1151998,15.602679433431218,-0.703808391769069
1152299,13.642889789787159,-0.800257869810844
1152598,15.485661074352514,-0.6850344905523338
1152899,14.733880250650584,-0.7735430179754459
1153199,13.007284255389012,-0.6710528051701621
1153498,22.48006039999603,-0.5544877222970845
1153799,23.641744615127976,-0.795507624952754
1154098,23.867008021669648,-0.5293855271499099
1154399,14.437355683255296,-0.636309324864814
1154698,66.57764735822883,-0.4522708802577633
1154999,41.199740558008614,-0.3178073941170232
1155298,15.16232974903716,-0.6090838947232446
1155599,16.412521726033074,-0.5784046843124051
1155899,17.422085491665015,-0.6529297578833699
1156198,16.552673183877978,-0.6380654683466755
1156499,20.288130165211314,-0.6961236134421718
1156798,16.55466892161872,-0.7636418614224996
1157099,17.231784853482147,-0.7771664211693754
1157398,15.52505818193068,-0.6716426040583146
1157699,17.331513185000667,-0.5879427689000252
1157998,15.857195072408071,-0.6908708079847032
1158299,16.279216250097345,-0.517529477330978
1158599,16.55105388036355,-0.5718205630190925
1158898,17.420776946020954,-0.7777117440641237
1159199,26.50750967700529,-0.8938343653989156
1159498,25.808767528871268,-0.8810316859367704
1159799,24.38438080961409,-0.9311247964551288
1160098,20.382377484116407,-0.8397448810722443
1160399,1.6974625024160004,-0.012999714058190781
1160698,60.869125692932506,-0.45443659344863696
1160999,3.8698051036286034,-0.23098110839679364
1161299,,
1161598,,
1161899,1.073579772955557,0.050444599716428784
1162198,,
1162499,,
1162798,0.5254234619031357,
1163099,,
1163398,,
1163699,,
1163999,0.5254234619031357,
1164298,0.5254234619031357,
1164599,0.5254234619031357,
1164898,,
1165199,,
1165498,0.5254234619031357,
1165799,0.5254234619031357,
1166098,0.5254234619031357,
1166399,0.5254234619031357,
1166699,0.5254234619031357,
1166998,0.5254234619031357,
1167299,0.5254234619031357,
1167598,0.5254234619031357,
1167899,0.5254234619031357,
1168198,0.5254234619031357,
1168499,0.5254234619031357,
1168798,0.5254234619031357,
1169099,0.5254234619031357,
1169399,0.5254234619031357,
1169698,0.5254234619031357,
1169999,0.5254234619031357,
1170298,0.5254234619031357,
1170599,0.5254234619031357,
1170898,0.5254234619031357,
1171199,0.5254234619031357,
1171498,0.5254234619031357,
1171799,0.5254234619031357,
1172099,0.5254234619031357,
1172398,0.5254234619031357,
1172699,0.5254234619031357,
1172998,0.5254234619031357,
1173299,0.5254234619031357,
1173598,0.5254234619031357,
1173899,0.5254234619031357,
1174198,14.790557178317796,-1.2378845372724463
1174499,25.095315891934547,-1.4983591033734807
1174799,9.907174741905756,-1.1464777197991718
1175098,12.826837904792331,-1.3478462322091782
1175399,26.495985281390563,-1.2818439901443432
1175698,27.679999111138244,-1.2143051904367663
1175999,25.44146481295074,-1.2341575997514331
1176298,25.32640336798084,-1.2615047443189344
1176599,24.75124729689982,-1.5616311812145596
1176898,21.09297284465213,-1.5670314722061138
1177199,23.566940906350435,-1.4664782130324716
1177499,20.65649408053408,-1.2572862406509082
1177798,24.131450124619725,-1.21240467422628
1178099,19.542984727705374,-1.1051581205945147
1178398,22.55498894016371,-1.2242569898232851
1178699,6.914234382540015,-0.8130026121729772
1178998,25.963693704552597,-1.2110476979518228
1179299,25.04614410480491,-1.1762448218246409
1179598,22.882744256059542,-1.024621591262732
1179899,36.427292624687865,-1.0131538185992635
1180199,39.079589780638244,-1.5943941912490929
1180498,8.680831819330376,-1.0961563318670473
1180799,0.5254234619031357,
1181098,0.5254234619031357,
1181399,0.5254234619031357,
1181698,,
1181999,0.5254234619031357,
1182298,0.5254234619031357,
1182599,0.5254234619031357,
1182899,0.5254234619031357,
1183198,0.5254234619031357,
1183499,0.5254234619031357,
1183798,0.5254234619031357,
1184099,0.5254234619031357,
1184398,0.5254234619031357,
1184699,0.5254234619031357,
1184998,0.5254234619031357,
1185299,0.5254234619031357,
1185599,0.5254234619031357,
1185898,0.5254234619031357,
1186199,0.5254234619031357,
1186498,0.5254234619031357,
1186799,0.5254234619031357,
1187098,0.5254234619031357,
1187399,0.5254234619031357,
1187698,0.5254234619031357,
1187999,0.5254234619031357,
1188299,0.5254234619031357,
1188598,0.5254234619031357,
1188899,0.5254234619031357,
1189198,0.5254234619031357,
1189499,0.5254234619031357,
1189798,0.5254234619031357,
1190099,0.5254234619031357,
1190398,0.5254234619031357,
1190699,0.5254234619031357,
1190999,0.5254234619031357,
1191298,0.5254234619031357,
1191599,0.5254234619031357,
1191898,0.5254234619031357,
1192199,0.5254234619031357,
1192498,0.5254234619031357,
1192799,0.5254234619031357,
