,rmse,skill
299,0.7532551451176573,-5.904553194206168
598,0.10724576228861207,0.8452748389098104
899,0.6834007839932275,-4.5628944010624695
1198,0.161766251748354,0.6933076342630629
1499,0.2852914618930607,0.20179162689288044
1798,,
2099,3.727154354182858,0.05618106303899606
2398,1.8659308982811775,0.08630918736908166
2699,1.1904092020670434,-0.02770115515333149
2999,,
3298,1.1190307249458753,-0.5531586819761136
3599,1.182966763802578,0.15672921537624185
3898,,
4199,2.882269015093085,-0.08226513730992613
4498,0.16084619280520987,0.832641509577249
4799,0.11056051957975974,0.9428814205407241
5098,0.11883045146322908,0.9179214342455064
5399,0.10551687786014005,0.9455731012483738
5699,1.064562295271532,-8.355291440598446
5998,0.3399636250659874,0.6329995280128675
6299,0.14920147700522515,0.908185710938211
6598,0.1480901164750403,0.9051375447672967
6899,0.1325686360857285,0.9307066679479101
7198,0.2060758976784182,0.8519571113335412
7499,0.13904237151709042,0.9367509913460306
7798,0.15696671593511613,0.9320502437944584
8099,0.1666005524675302,0.9206779786700738
8399,0.13043626431325153,0.9468252865643294
8698,0.1267832183961255,0.939678052066673
8999,0.09909780954703762,0.9599048215025897
9298,0.12636438533166136,0.9467485551073989
9599,0.533762344551734,-0.5483135560109123
9898,0.24042185424730597,0.654469850718039
10199,0.7268999947419932,-2.1689395481938805
10498,0.5795688240446024,-1.529315486587798
10799,0.7518310747504174,-1.9761532646914381
11099,0.902698386338086,-2.9572962961293046
11398,0.8200758266749003,-1.986292897660845
11699,1.1197339986083488,-3.1896761446141664
11998,1.0034097492601317,-2.4933901176526847
12299,1.1106565953002356,-2.918599409342047
12598,1.3460674588624804,-6.07301815785079
12899,0.8445277716577274,-0.6636047926825079
13198,1.398829618794701,-2.7072209613008473
13499,1.411505329140505,-2.663139667527675
13799,1.0041275597828963,-0.34872405839538545
14098,0.8320166834079261,-0.12779938041994665
14399,0.9708536212278988,-0.11120225309823994
14698,0.9272102974389589,-0.04743059048626863
14999,1.2521148378684177,-0.14449537641637988
15298,1.2567047362292518,0.2464382492709215
15599,1.3001545543495305,0.13957962141693714
15898,1.0352218796627901,0.457271040635181
16199,1.139154047145972,0.2936210830491772
16499,1.494379446495778,0.07392119259361285
16798,1.371927612200169,0.13073835845858905
17099,1.4152035078786516,0.05790372626151041
17398,1.1035706939924301,0.3801040864553994
17699,1.69132308383415,-0.7294647845452735
17998,0.98624030567341,0.41822935338985234
18299,0.9427795425980806,0.1415070821811465
18598,0.7615256034381855,0.44951180271526403
18899,0.7871964032400157,0.5085870824663647
19199,1.4419588030204695,-1.808443116724804
19498,0.7100134548490711,0.19381339921797058
19799,0.7758988586880321,-0.273200879360854
20098,0.7408286091915474,-0.16131870403270532
20399,1.0876911268892442,0.06140858896393153
20698,0.58697502839021,0.1953572977812612
20999,0.7382144415586609,-0.35938394020580566
21298,0.5155776787104644,0.11071090194433253
21599,0.5255813296597868,0.0034425618235921496
21899,0.7124844591127109,-0.891429056666057
22198,0.46091163650293054,0.2929554533758685
22499,0.7094558162219928,-1.0583470910461492
22798,0.48498496868680707,-0.2812476702144948
23099,0.710936091521685,-1.3545001183178398
23398,0.6101386525125312,-0.769193412744956
23699,0.6267064447750036,-0.426711369528775
23998,0.503710068578248,-0.1750691198636718
24299,0.34241230277799706,0.6710830925889439
24599,0.5367812087792007,-0.695409189835873
24898,0.20071400930393127,0.8060872947760531
25199,0.5967421065117655,-1.04727939447148
25498,0.16747277836871594,0.7810873524332961
25799,0.3202292903982574,0.3542420955320569
26098,0.15298872247700757,0.7781322015056169
26399,0.5090509476895924,-0.8718863379347006
26698,0.33409882140608566,0.14021647675754234
26999,0.431326829025015,-0.3380073529420191
27299,0.5839059519628595,-1.8543403220578307
27598,0.26089416972591767,0.6296696106290186
27899,0.1545976488744878,0.8619933194263001
28198,0.1078233766269047,0.9246029895621656
28499,0.14716941241971493,0.8611984832945367
28798,0.3437323012247271,-0.5078695430592273
29099,0.3041051568669519,0.2071367936346481
29398,0.2017853360193072,0.656436917264245
29699,0.3271029211705628,0.0841655619170606
29999,0.13264692268984526,0.9257864850107209
30298,0.2465052600586849,0.4744915957689667
30599,0.22657188947989526,0.7398210767318258
30898,0.1980236157424231,0.7895423410798699
31199,0.33385221203651433,-0.028473522192044243
31498,0.17652254852284052,0.7216689412994932
31799,0.24203918089402027,0.44129524597834446
32098,0.20216889607825717,0.6041132196595473
32399,0.207827217425424,0.21295129359520615
32699,0.49679514609935144,-1.2360452865072502
32998,0.3600665273729803,-0.15410307420073233
33299,0.7542154485873674,-2.8211136678744704
33598,0.5371155775551486,0.44196392126414197
33899,0.692880107748352,-3.3329008744545554
34198,1.0317329079077846,-3.9524736500676356
34499,0.8612894620342737,0.27873823743431647
34798,0.34178982712146355,0.015543853743598457
35099,0.36200192532925624,-0.9576972544131968
35399,,
35698,,
35999,6.063990933438081,-0.14378267825281732
36298,1.6128440901433356,0.2829348148862951
36599,0.8343036944038102,0.41816441762416634
36898,,
37199,7.668497238709978,-0.13320691318444355
37498,0.7101509948855074,-0.7099431100949871
37799,0.7604758995964029,0.39554642219479497
38099,1.3562781578436323,0.16244683390937997
38398,0.41547915877897934,-0.12828868041876706
38699,0.8012425819239972,-4.954035888438688
38998,,
39299,97.46662268112792,-0.49030624683601265
39598,0.40581329612774397,-1.6992904287716573
39899,0.5562705928810611,-4.037330824474858
40198,,
40499,,
40799,0.5902743297276092,-6.516977033026116
41098,0.40237316193453776,-1.4362293552340675
41399,0.5485012087967471,-3.7931549638839233
41698,0.29022521251582645,-0.05656678504291057
41999,0.5835228402839471,-3.2437341466190057
42298,0.8298551149741095,-9.090541050417958
42599,0.546104883146534,-1.421562249534079
42898,0.3508667416883061,-0.3765190498399671
43199,0.3383328373833736,-0.2283334074483221
43499,0.638834578802163,-3.6806139672885596
43798,0.5139285794329784,-1.822228506222022
44099,1.7514914313937067,-6.454127080831348
44398,40.33347821602453,-0.17179939301344405
44699,0.7934048944352712,-6.323984567557785
44998,0.2711944388185125,-0.4327757329897035
45299,0.7827576632974865,-7.585853359886141
45598,0.2391226499581379,0.21898601854242838
45899,0.32197820738008914,-0.1744746942987463
46199,0.5699920121219156,-2.4719932726426093
46498,0.24431521407393963,0.31785473026991706
46799,0.58994840910607,-2.884544976290813
47098,0.43185106608495105,-1.165130052507131
47399,0.7016426511576636,-5.664409019444996
47698,0.21029105372191698,0.38215448355645676
47999,0.5321652432060229,-2.4340919255608267
48298,0.49673686960200314,0.37013375690585926
48599,0.3846155707857041,-0.2909433895471498
48899,1.496385654105067,-1.3922789779441582
49198,0.743478592200798,0.18082352032464633
49499,0.913045842657879,-1.3895407812532157
49798,1.137210226538654,0.20815478680268173
50099,2.1092964976570463,0.11934190329688166
50398,2.587652536136133,0.0654012195908692
50699,4.491237507446611,-0.011668072734896784
50998,4.730876932995198,-0.04102510718369179
51299,6.973933349734486,-0.07205601355872138
51599,5.488589838694536,-0.050819859682922575
51898,2.980035612409592,0.12159688975261707
52199,7.238065439160506,-0.06328082462199247
52498,7.376414347586622,-0.062451184265321036
52799,9.754323087781758,-0.04288731747410579
53098,10.43093910210763,-0.096949227501536
53399,7.806575259264431,-0.02065114142428892
53698,20.26449290540016,-0.15387776173767653
53999,37.7446423102359,-0.14922885398926988
54299,61.26849779248702,-0.22248112331720615
54598,90.101910946788,-0.2181434698516942
54899,,
55198,1.0570702811212422,0.130030293762321
55499,1.5809729775095263,0.04622389919869785
55798,76.17214718443816,-0.2194258158871285
56099,51.43662254123683,-0.23937975606623474
56398,22.569186018378225,-0.1736002798796108
56699,8.697589922338782,-0.15500340414402602
56999,28.494322990889618,-0.6104685483776315
57298,0.38887611164977276,0.9155129246473105
57599,0.38508539942216813,0.9223659942524722
57898,0.3326802741344698,0.9456723854050193
58199,0.3853863171592143,0.9396186499190259
58498,0.43549146476323775,0.9205565636027531
58799,0.972099495049625,0.570023332168694
59098,0.9167319811595509,0.6001135634902758
59399,1.0956603747615736,0.4041269926691362
59699,1.0346402431807402,0.2792970254757947
59998,0.9876222183246082,0.24032489671208945
60299,1.0508972031292438,-0.19654044386216984
60598,0.9625280064903043,-0.2834291525901087
60899,1.5247815190631764,-2.854109993683541
61198,0.606096308203976,0.02012700375357157
61499,1.2929532472194745,-2.3192571585712822
61798,1.2974575215677613,-5.833306307439743
62099,0.7948008660350374,-2.3450104317428235
62399,,
62698,2.7282771472884733,-0.022723153402153473
62999,,
63298,14.739935530994261,-0.2640133538113725
63599,1.9517652300374264,0.13738334563417642
63898,0.8995227125074636,-1.7903241026093437
64199,1.0750736314570095,-4.173240758099819
64498,0.7905492488553678,-1.8938392350370412
64799,0.6852287021520083,-1.3480874604037236
65099,0.9171227139109757,-3.1859920750206747
65398,0.8647289354029252,-5.212064373487277
65699,0.96678597774349,-3.700437733081471
65998,,
66299,1.0730348198913768,-5.243227941109593
66598,0.720982857118033,-2.583114183817953
66899,1.3382126384696869,-9.321841454845588
67198,0.547838671906438,0.3137847319847019
67499,0.5817722366999818,-1.4050637680332758
67799,0.7992439186577686,-3.514093035770305
68098,0.4541100569999541,-0.5971480684015771
68399,0.8917239637765457,-5.126159267057945
68698,0.6810011700380519,-2.7612973976113353
68999,0.8530037291609487,-3.3485601213810217
69298,0.5974812156704656,-1.09290979563422
69599,0.7501786355076233,-2.7772113866126418
69898,0.5304007381265624,-0.7888876636974416
70199,0.46672597633568924,-0.43189894201309187
70499,,
70798,1.8516504865427474,-0.39187311796317736
71099,0.8971110660126498,-2.5261528795449952
71398,0.5719536109936091,-0.3612918870190682
71699,0.8371620526113569,-2.1386643650050843
71998,0.4771496340711884,0.0039753941297548945
72299,0.6661175703108485,-0.7596399935725759
72598,0.48571856685307324,-0.3527188980999614
72899,0.477944613014161,-0.17065144771023877
73199,1.5399647194150985,-7.648360202981017
73498,2.0500251077535854,0.009511247168563997
73799,0.6147763832826151,-0.8364175547819555
74098,0.6346700547919023,-0.7924364871772183
74399,0.6869151717928754,-0.49193720867640334
74698,0.3988337602153711,0.5698728662257941
74999,0.5160648062942713,0.11788950154996736
75298,0.21655291548049566,0.8288502193799878
75599,0.42398500063211103,0.5297201923414688
75899,0.5591240388757811,0.17609432806660874
76198,0.44976911409858833,0.14837449320884366
76499,1.3417198680253732,-2.9625103690594705
76798,3.575667803168564,0.045562827766704395
77099,2.1936592298350197,-0.27495798212507205
77398,11.117424565284757,-0.09816340963456316
77699,1.4820143772489132,0.4072824446856613
77998,2.235155934757017,0.3011559672849493
78299,2.162954930522581,0.19426781663782366
78599,6.930122310654353,0.025734121761279427
78898,17.716850166007877,-0.08441340033669609
79199,7.514580357948137,0.00024779587005852033
79498,42.61878949377916,-0.1361302377521505
79799,38.35387661676321,-0.12324425261235583
80098,42.46594162518204,-0.1938497655933591
80399,26.27530860145143,-0.23268824491924756
80698,2.9761024866283114,-2.8949249084030173
80999,14.01528291060756,-0.16062821039732555
81299,101.23414740101906,-0.2750430519651055
81598,8.106848139819029,-0.16548515295981825
81899,0.5026921767371522,0.045382240708823685
82198,0.437498880219406,0.4102599277270226
82499,0.7163025623229884,-1.7271653392176942
82798,,
83099,0.7753919059104638,-3.2557221040295
83398,0.5010672799374567,-0.9779608554347834
83699,0.5569425341629214,-1.4740507253687518
83999,0.6469329942939073,-2.3815807559172932
84298,0.4846476531218886,-1.5287725657704212
84599,0.5582509203741445,-1.5930783217065172
84898,0.45645204019820124,-1.3753936695923463
85199,0.607435497011991,-3.365416714786363
85498,0.38700316076216823,-1.8631377722348845
85799,0.8461847823160759,-9.398077324467755
86098,0.5241184686295209,-3.640933871785144
86399,0.5072014205381721,-3.2078773892352483
86699,,
86998,0.5137124438175206,-4.357944146330898
87299,,
87598,0.42324944096540884,-2.568099602613867
87899,,
88198,0.29726410937440995,-0.6989918705566163
88499,,
88798,0.36778556178407873,-1.6365980991596603
89099,0.46272978506987145,-2.8531704609295874
89399,0.6867253052701221,-8.122272944618166
89698,0.4793328534147913,-3.2810194205071035
89999,0.7007847926501652,-6.25983920243867
90298,0.3727715948410061,-1.0712291638990585
90599,0.4808764992175249,-3.02251267264215
90898,0.12443694450805637,0.7998799105671065
91199,0.3962417682077287,-1.3574725700475003
91498,,
91799,0.45212602034588834,0.4582682077962619
92099,0.5011527569265565,-1.9648770870403731
92398,0.4117843067565132,-1.712997194117714
92699,0.15637078322925957,0.7181926390410182
92998,0.09040712653061084,0.9283619924683808
93299,,
93598,5.984952489656507,-0.10927804032648702
93899,1.6506854241171889,-0.8438320788973279
94198,1.9572876939235,-0.024199607343599272
94499,1.8806589188536822,0.07958613183360697
94799,1.8737863300724495,-0.9107310914342268
95098,6.96813998329251,-0.11082586655506854
95399,2.389857608808591,-0.02883326847779144
95698,3.1095157549985464,-0.07282983670085508
95999,5.904864943135915,-0.06538751693010214
96298,5.7896566914297605,-0.03167535502041097
96599,4.8265977311743455,-0.011080358131865253
96898,5.486421707325548,-0.021844092889672373
97199,4.422023005515361,0.05425596870153537
97499,2.23432713071822,0.20293875008787943
97798,1.0548055129596237,0.11971869451594463
98099,1.789603195219849,-0.3628091289452873
98398,1.608477609892645,0.5004662521438998
98699,3.5120364479575454,-0.1181858359226533
98998,0.10140147509129488,0.9297810431424317
99299,0.6423275269368127,-2.7705139981453915
99598,0.31859586242479876,0.09318652629678292
99899,0.3608870642542594,-0.444018555335318
100199,0.6912822401810358,-2.9721960543749772
100498,0.584060886229094,-1.9649375004038658
100799,1.095951143206602,-8.630295410156009
101098,0.8013928205654423,-4.632984885147286
101399,,
101698,9.10495104388403,-0.12648969429126478
101999,,
102298,,
102599,0.5942926285484907,0.2278818733817698
102899,,
103198,0.6945737840478062,-3.9070067532471695
103499,,
103798,0.6648553015882065,-3.8502885840633523
104099,,
104398,0.6775796049939659,-3.1888826317849714
104699,1.0698446767578982,-9.083034505710598
104998,0.8404893175421468,-3.7790829722794506
105299,0.796585308832523,-3.712870840335799
105599,,
105898,0.6815243710532796,-3.0801567213079597
106199,1.1489378026215602,-9.673864771099481
106498,0.7964755367722819,-4.3627448019563575
106799,,
107098,1.014245360460711,-9.712455702586555
107399,,
107698,0.6765041038450845,-3.2226070808765686
107999,0.7742780977149731,-4.074358581228145
108299,0.8560234662904684,-1.449499820075936
108598,0.8670121875319755,-4.2254618592889495
108899,0.9046013083980777,-4.908040605420628
109198,0.6173006390206294,-1.52463968117398
109499,0.8646438617923644,-3.520187880392575
109798,0.5383736095664684,-1.2077544684256512
110099,1.286399212142993,-7.858904574653717
110398,0.5371299991693244,-1.108218551940947
110699,0.5641741848444055,-1.7513519254506407
110999,0.9046850495666146,-4.223737140707584
111298,0.456102086473555,-0.7446535427348564
111599,0.7662561143858307,-3.3574844055067263
111898,0.5517898279992952,-1.3673717729368682
112199,0.7240106828795494,-2.4027120029959557
112498,0.500518991403877,-1.2484379430974006
112799,0.7588554992138734,-2.881080711258709
113098,0.3279330286911042,0.13891440046570702
113399,0.44270566899388214,-0.12405590218695584
113699,0.80204585574997,-2.9639869469335838
113998,0.5936141596010829,-0.5311556677495721
114299,0.8018714184167176,-3.363726053197605
114598,0.37004468226003495,0.46902739310588815
114899,0.3137920169271207,0.5953009786115089
115198,0.37647450319688025,0.3638080577343409
115499,0.6301501476146619,-0.9541757183391002
115798,0.4635179010301912,0.08409045151246863
116099,0.4007445483488619,0.3719107208514443
116399,0.3232364095066236,0.545242664200767
116698,0.24434661983926903,0.5646566442957789
116999,0.1598009919259277,0.8699081025758317
117298,0.18010394175557287,0.7536564413532237
117599,0.1343812866869644,0.8418502000482816
117898,0.15762755245446325,0.8026999139651623
118199,0.3675279089461753,-0.3712338814146976
118498,0.23325385122083533,0.19315712526468376
118799,0.23182964308230058,0.10919378042116012
119099,0.2043010665382799,0.48140447111327833
119398,0.38130255008540714,-2.1656992420894645
119699,0.13169749602344913,0.9555488489040342
119998,0.42127718084807325,-2.296023462312537
120299,0.16634350025018932,0.7613789618633285
120598,0.29418725461546724,-0.623047842628349
120899,0.3709435440090967,-0.9845705279468586
121198,0.28333441186168895,-0.08251535229403406
121499,0.3069615450199852,-0.6522015804716323
121799,0.4204560050918459,-2.19317750570448
122098,0.24809235681506955,-0.1967748027887859
122399,0.6178696909738398,-8.679181029200112
122698,0.35341611758501756,-1.4121262729724338
122999,0.5957629848934397,-7.319024994060154
123298,0.37083294308143694,-2.727673049261776
123599,,
123898,0.3404639811667218,-1.7796522927691623
124199,0.35414194171874097,-4.077299716963623
124499,0.5954122937302542,-9.738164331499535
124798,0.2880313051944923,-1.3532820828026941
125099,,
125398,0.44889982879284557,-6.221372840633803
125699,,
125998,0.3297692080131936,-3.0197355574782883
126299,0.5568059489986902,-9.324921065025187
126598,0.42708388019312893,-5.017072624990279
126899,0.3631255326453917,-3.293350846810057
127199,,
127498,0.35582042794927304,-5.034190927653427
127799,,
128098,,
128399,,
128698,,
128999,1.7684141303963907,-0.01777158735779727
129298,2.170584843672291,0.036662568329676626
129599,1.1517671214169067,-0.3121193201147001
129899,1.0346271839428505,-0.2706045663319374
130198,0.4002492305843536,-1.8843594874917589
130499,0.44739110870967497,-6.380343166283463
130798,0.5610068247969697,-7.239279162205756
131099,0.8833723468029127,-8.554186798741705
131398,0.18646823022084338,-0.31086092029802703
131699,,
131998,4.511611474981205,-0.055706660231628735
132299,7.5129817613696,-0.15986924225233112
132599,1.4241865966014753,-1.7959241184193395
132898,1.0764490040459616,-0.38970220207535755
133199,1.8182755254299785,0.003565925832794692
133498,0.6397771820620136,-0.36643876067105885
133799,0.6633747037225748,-9.425301885496458
134098,,
134399,2.130325140977058,0.05444699282340826
134698,0.6034109961340837,0.23189923370389243
134999,,
135299,2.2683340078687135,-0.18795966527903007
135598,1.4398754070125628,0.10031519338814054
135899,2.3412316576578784,-1.0263506188299383
136198,1.6334328499418946,-0.30156918258274956
136499,1.025049331039995,-0.05939900866089998
136798,0.18282629431199524,0.45772315918234474
137099,,
137398,0.6656799401982021,-0.09179945487190211
137699,,
137999,9.255111450567506,-0.12326781619740501
138298,126.4252385130009,-0.31088206448544087
138599,0.42394187137092226,-0.38358356868240384
138898,0.16779028446798336,0.8626247384135126
139199,1.0666818012906332,-5.733909447874142
139498,0.9334212737245416,-1.2498365191898975
139799,1.2638938435850966,0.19566128123739335
140098,4.279984998728398,0.09118106164990403
140399,8.233931042020773,0.022805009766894146
140699,22.077116847054313,-0.19208159387639534
140998,1.441177636841584,-0.1956912688175132
141299,0.002285219849461536,
141598,0.0036187767014586405,
141899,0.0038426921376774037,
142198,,
142499,,
142798,,
143099,,
143399,,
143698,,
143999,,
144298,,
144599,24.925831308041943,-0.2014588116056042
144898,2.313419937054168,0.2268795874735905
145199,58.44623120963084,-0.49009398308386776
145498,10.90046539490703,-0.2714168910312882
145799,4.13217805985693,-0.1888843410851495
146099,0.2604548613146924,0.9310901607614355
146398,0.30094134347119,0.9215036316511309
146699,0.28865608067645293,0.9313680881564589
146998,0.24080949381290406,0.944830317766771
147299,0.6825386238421651,0.47166144572398705
147598,0.6720577962170218,0.4198716577829652
147899,1.8281331922288422,-9.478388616538275
148198,0.7701259982379802,0.02328995215419738
148499,0.8203614030757588,-0.11060303196079002
148799,1.0854110906281838,-1.755506589062846
149098,0.7379211593211347,-0.36768591639366366
149399,1.304685412037424,-5.154933176504673
149698,0.8509185749713435,-1.4733370049314254
149999,1.1557278728023959,-4.790076997842612
150298,0.7111880364679146,-1.3193439826264912
150599,1.214370810986337,-4.387580981778369
150898,0.5265855670770426,-0.0728881775130592
151199,,
151499,10.117888605625877,-0.2661131347726926
151798,0.9373910838748382,-3.24445717134419
152099,1.3841134147509,-6.8682397600676195
152398,0.47691519437454793,-0.35605902224685515
152699,0.7512625419555029,-2.254249985296659
152998,0.8191333787438273,-3.1146219207177213
153299,1.0016265815372598,-2.9825821253454405
153598,0.4443625563606046,-0.0819583874599239
153899,1.0014810589430667,-4.622160445876951
154199,1.2671004754064306,-7.718471202892665
154498,0.38513330407984114,0.624826134622614
154799,0.6400873040569207,-2.466314012517911
155098,0.9125299612958327,-7.714846663171873
155399,1.045099021243065,-0.06510936102875675
155698,0.6343637003412499,-3.0663438400635643
155999,1.0581070707576556,-9.20301627180803
156298,0.2887334823863943,0.7572006570076014
156599,0.5201413307798042,-1.294035276672378
156899,0.8036660321095943,-4.310249572682072
157198,0.6091583771474718,-1.892419369399426
157499,0.8720531617400333,-3.761276476757855
157798,0.4714050811683357,-0.07517643751646719
158099,0.8951865926903033,-3.4619669419939934
158398,0.5727626177296908,-0.9455677837305303
158699,1.0799292383935009,-3.9543464868360827
158998,0.38029150796872496,0.8191138608588436
159299,0.6270709649377129,-0.10540064362527479
159599,0.7585195497591386,-0.4782240072145858
159898,0.551195739943713,0.24679285080023772
160199,0.8049103423924614,-0.34609303546368
160498,0.7860549546124296,-1.2192239064807082
160799,0.7779483077756963,-0.7071286795485636
161098,0.5509450505064387,0.07712630381842533
161399,0.711549676522648,-0.33959232755170166
161698,0.556972405097686,0.4079625390338273
161999,0.5282603110613153,0.5271950879469139
162299,0.7491987914664237,0.4253823656688266
162598,0.761657708350551,0.49541236726951443
162899,1.2345419319160942,0.263295048300501
163198,0.35234423161161066,0.8311582893592789
163499,0.633233569169414,-0.04114792205943596
163798,0.6216315278968634,-0.36212305296597336
164099,0.5429203558358308,0.3521561281341635
164398,0.5329417259660748,0.229263416755497
164699,0.30180602692472885,0.8035399841239667
164999,0.8411739103693471,-0.42050954109655536
165298,0.5836112336759811,0.6780492520884862
165599,0.5195024112991112,0.5053666033242853
165898,1.760760085756782,-4.100683889887441
166199,1.1361138569282856,0.2571638864423271
166498,0.5699530586561915,0.0860226515438246
166799,0.512425497047746,0.09615724127974801
167098,0.345818755877731,0.6912093471206906
167399,0.5720667055379476,0.11406237545940479
167699,0.775224230075303,0.38055715421519654
167998,1.2767728161668634,-2.8872409768467695
168299,3.2706703206104333,0.2538655978429951
168598,4.41265429852294,0.19466637028859413
168899,7.479796085408378,0.04122604539919017
169198,44.11176178155593,-0.2758918432836366
169499,82.17334869131263,-0.3743162081941065
169798,44.03626534137876,-0.506789974253687
170099,,
170399,15.06834127183034,-0.34759313002848313
170698,0.30775169434099503,0.4893317134170334
170999,0.606104606168636,0.007541184335921547
171298,0.4932732583810431,-0.10301913466902923
171599,1.0241877834256794,-3.0115728654372234
171898,0.8875446172741502,-0.11820854381754886
172199,0.8270675872916868,-1.7097090314078738
172498,0.6411943426927006,-3.130272452590501
172799,0.5464556816953166,-1.957298487741196
173099,0.8613381724097486,-5.461965758205627
173398,0.5131726115241472,-1.657960366451177
173699,0.7421124293363605,-4.492477405062385
173998,0.4980200512144352,-3.3085298815659208
174299,0.7853999599273906,-6.6085360817166015
174598,0.7935317656033711,-5.702403090831959
174899,0.9033803431146078,-1.115327853171359
175198,0.6384903197108901,-4.191441821171287
175499,,
175799,0.9195919567409128,-8.558647048992478
176098,0.572586055693872,-3.06026736295677
176399,0.8759986219485634,-5.293096364230859
176698,,
176999,0.892904667150461,0.35353628118919944
177298,0.4643364017942606,-0.9415658622285938
177599,0.823117640682357,-5.221008982879133
177898,0.579903662996193,-1.9413813653764436
178199,0.650208176207101,-4.432189930282895
178499,0.7158725273255376,-3.368992623294342
178798,0.5163148823538881,-0.6563112537566547
179099,,
179398,2.007456810504786,0.07475198693692542
179699,2.4325133223563733,0.02754105240065663
179998,0.5207148245296603,0.412275831672944
180299,,
180598,2.621568687329502,0.06821824544320698
180899,0.7972533146985283,0.43400176567320325
181199,1.0384363906123755,-3.824861243698753
181498,0.7667676136026922,0.07834763748779383
181799,0.9753276964849115,-0.6193663910682567
182098,1.5142224756271478,-6.133249466324799
182399,2.0019420432971433,-0.0026817010911250883
182698,0.7719948735993811,0.007079404676753498
182999,1.8209984165987,-3.0724704330198396
183298,0.6278928891457654,0.35717687702154055
183599,2.3089857932065625,-4.71233740291268
183899,6.887218354539559,-0.09089222313946488
184198,2.93436096987004,0.2976947294743596
184499,3.6348971432414774,0.07477111742038323
184798,0.8206655739226154,0.3004323026416633
185099,0.759492003816407,-1.2249621263869552
185398,1.2273607243955353,-4.373005281277025
185699,1.49619642915724,0.02546417900525033
185998,0.11303925102646743,0.933651079006201
186299,0.9193535976120355,-8.755248371954632
186599,1.4018134217878857,-4.054192691773528
186898,0.3762586057628753,0.7542092533239264
187199,0.38352356701163703,0.6177012063396761
187498,1.7160378627706079,-2.1555562179480914
187799,0.9569732114442218,0.4013229935238549
188098,1.1378348724043696,-0.243301028509175
188399,0.1990228399814273,0.7238235556856751
188698,0.12966470631215113,0.8752925021653322
188999,0.32726325277809265,0.09873720584621148
189299,0.8695842469436001,-5.616647037420671
189598,0.6527508561367242,-2.201318281837813
189899,,
190198,0.9808857222000271,-5.721731673167473
190499,1.1820294845657753,-9.652214990606277
190798,1.1458632847729444,-6.892839588710053
191099,1.0333715918396802,-6.390945710306655
191398,1.169604119825736,-6.606404503474679
191699,0.686688007418394,-1.3818726899947835
191999,1.0403571516859926,-3.37768167932001
192298,0.8030653630777295,-2.2448774702754846
192599,1.272576712558923,-4.767291233526473
192898,0.8642259789524511,-2.392725762583863
193199,1.269213566537517,-0.013086424796444174
193498,1.1030359999612906,-3.02326203552352
193799,0.9004987360996461,-0.35123772116761787
194098,0.846850667729703,-0.7540451468343223
194399,0.5822445796458237,0.1166934068636235
194699,0.923234442421109,-1.0387008224147052
194998,,
195299,0.8369032973881787,-0.6120660945666383
195598,0.8118084759414086,-0.9696971857032088
195899,1.002878652273556,-0.08561959905770711
196198,0.6821291883544197,-0.07649853750915114
196499,0.8859568256143783,-0.9693959491320523
196798,0.6737072610438408,-0.214907401679318
197099,0.5509810869076764,0.042520874932053476
197399,0.9060505022242317,-2.0927150984621963
197698,0.756981468889047,0.10337262645373535
197999,0.8475030901586206,-1.692647892275216
198298,,
198599,0.8602474792537514,-1.6932086200597074
198898,0.5388027581040046,-0.4953845343194285
199199,0.9779134403370614,-4.849632445527241
199498,0.544307286641874,-0.7984254261776909
199799,0.6843614702934897,-1.9225919311859445
200099,0.8893651255557883,-4.6629553040551075
200398,0.5410678474660813,-1.5682108049013115
200699,0.9322810747915165,-5.8489716398756615
200998,0.7375364576372258,-3.1845482772384948
201299,0.9121899189528953,-3.2924483758901975
201598,0.49174762151981927,-1.324534919296847
201899,0.8768059016408422,-6.460785166935309
202198,0.5302237418731859,-1.535309570988093
202499,0.6271016671922063,-1.6370873114887066
202799,1.0057078536455801,-0.4458087009451501
203098,0.47864573616177136,-0.5211839215262597
203399,0.8504698051134437,-1.988323481510649
203698,0.4299110243267441,0.0951163146611147
203999,0.8632227644056445,-2.4863038778631554
204298,0.4830552404253685,-0.1746485473314745
204599,0.6267298575987131,-0.63493779290051
204898,0.3386702837434932,0.5435887069954595
205199,0.296787575315645,0.44106146354522235
205499,0.3330205534020539,0.40655859698487107
205798,0.25688313204911606,0.5444769199024782
206099,0.284836455299004,0.4974455291813036
206398,0.2792811457290397,0.6289036352199975
206699,0.31508542453629085,0.7619949644488356
206998,0.2511951422047164,0.781814382616865
207299,0.4256886237806352,-0.6661652367539448
207598,0.36350741627908645,-0.15943450816128735
207899,0.4159203300126673,-0.014208121907822724
208199,0.6327677024980497,-1.873050887004124
208498,0.2301029828976298,0.7508730327281337
208799,0.5147699898189201,-1.4961329420679346
209098,0.3176020214257281,0.5762451647209639
209399,0.5679628566491566,0.45778034423488323
209698,1.5881028154204127,0.30459158589011104
209999,1.4143122918756497,0.1279889333633819
210298,0.9605735489219529,0.2240447343048072
210599,2.3511704284022787,0.051165951342772686
210899,4.988753449610618,-0.0919665522655988
211198,0.6132506111094764,-1.601208929166161
211499,1.5775974891533677,-0.2710730264591352
211798,1.6539785914734986,-1.2254009384999458
212099,1.4938922374655859,-0.14124531320303801
212398,1.6108851849927186,-7.1348945138595905
212699,1.1761479877977576,-0.7213680597503
212998,0.629696445919271,-4.621154975040839
213299,0.6180364458274377,-9.057566487815661
213599,,
213898,1.1686669840838317,0.0029329239654477535
214199,,
214498,0.6206600814236483,-4.330099108733279
214799,0.8784061204178707,-8.119755460640219
215098,,
215399,5.642679361392816,-0.28917744537165313
215698,0.44588500372946804,-5.610048330824599
215999,0.569435490520909,-9.428035194017264
216299,,
216598,0.5473391046815231,-8.960531908580585
216899,,
217198,,
217499,1.5537265316588948,-0.46156891985618476
217798,1.354647795262032,-5.863164299669393
218099,0.5834849035240445,-3.2295510435061026
218398,0.49077358732382886,-5.467319316976306
218699,0.4633319396589814,-4.735751026841367
218999,,
219298,0.519728442159456,-4.965951457668139
219599,,
219898,0.6281999681460247,-7.126727165098229
220199,,
220498,0.523717984518082,-3.70843337898895
220799,,
221098,0.6131235652758487,-4.697595315010572
221399,0.6084821318859227,0.1717081604684746
221699,0.7984389949099605,-7.198800482932462
221998,,
222299,13.239803926393996,-0.1215663095152466
222598,45.294065210877285,-0.2707349654894642
222899,36.8904777397262,-0.2573579813986462
223198,56.37142805832905,-0.212535177891221
223499,28.58342003088573,-0.19142566461893162
223798,32.371427695716285,-0.19657067091126423
224099,39.70570503133784,-0.23306803786783026
224399,42.57333261036157,-0.21920447015931988
224698,59.115350343203446,-0.22401719514675933
224999,106.0283385959172,-0.24540052507018317
225298,158.6166725263127,-0.2746120017024267
225599,110.25460899979764,-0.26126688855739455
225898,106.92682390705663,-0.22402192015535083
226199,109.05674503852165,-0.2655514799602632
226498,66.58810655890865,-0.2835263971995994
226799,0.002276047433158291,
227099,0.0017674832742552858,
227398,0.0016992889909483715,
227699,0.0014522940135005323,
227998,0.002554651806966465,
228299,0.0017291493858648107,
228598,0.0016788350858827521,
228899,0.0018443102477301303,
229198,,
229499,0.0011135301057400005,
229799,0.0016824708125692041,
230098,0.001460125026656053,
230399,0.0016213258368396348,
230698,0.0011207344699731788,
230999,0.0014057816444333338,
231298,0.002250810453459721,
231599,0.001104664266459845,
231898,0.0008345127436135222,
232199,0.002511380355800247,
232499,0.0014820933017233797,
232798,0.000904821355104749,
233099,0.0026381527216540104,
233398,0.0014175441563626765,
233699,0.001392473322533225,
233998,0.0014463877839340335,
234299,1.6600751218196454,
234598,4.43366915222946,0.07759677475483573
234899,55.59844784224319,-0.32111119601999705
235199,8.52073503063237,-0.17443414761969422
235498,15.729668761283172,-0.2494148676440202
235799,12.658924110165493,-0.2720050627070443
236098,11.416849744009626,-0.2452727059743085
236399,1.3955721912914285,0.10763759215021063
236698,1.3067158940384593,-0.05994433837656654
236999,1.6051647840574186,-0.7395378441393183
237298,1.6299102960715486,-0.07733077616233297
237599,6.689870232536254,0.08515668253853781
237899,1.4581866850731788,-0.2287427523449459
238198,,
238499,2.0934447528426334,-2.685494041775191
238798,9.092130274876673,-0.5773818190716389
239099,30.69394393502714,-0.4035932213219613
239398,4.740170489389374,-0.10534805557990823
239699,4.102128917560895,-0.0673679979211721
239998,17.754923775244514,-0.2229857215098079
240299,5.41624678059054,-0.13022410151922936
240599,2.7896941940842623,-0.11294331496503518
240898,3.702434992140842,-0.06999873574210813
241199,10.375180552529956,-0.20716141183655212
241498,3.0438259325877315,-0.09774761475701399
241799,2.5447655991022198,-0.041899063040749196
242098,,
242399,7.247032240141146,-0.19224856600254858
242698,11.898902137499935,-0.400300714308903
242999,15.52413765553486,-0.34775518745560885
243299,19.058924356988907,-0.3970040498544116
243598,20.400981948990744,-0.3823095130559133
243899,11.546025562560043,-0.11062315430823255
244198,13.690885352268173,-0.3655199904347819
244499,20.837301299176815,-0.3093933299507752
244798,39.60789500179421,-0.25076508837304323
245099,31.604718130445722,-0.5338587078458634
245398,31.886944735800405,-0.497080578776784
245699,26.095791109994433,-0.305276714650603
245999,21.858841756505974,-0.3472360051663028
246298,54.41187671728353,-0.30017593435239975
246599,56.360311788709595,-0.3733890854502677
246898,85.70861208908653,-0.2409557084006988
247199,46.67733549709392,-0.37792712063439726
247498,32.670957325041144,-0.5243446569694343
247799,4.551772291284134,-0.252539610348385
248098,42.26167021368608,-0.21318883192409022
248399,16.769223458955377,-0.19910879442003981
248699,10.785541521734224,-0.254964485221437
248998,3.8207183527210535,-0.08872970227593346
249299,4.83251626298561,-0.09090985878539581
249598,4.987994208390409,-0.09728239797706117
249899,6.925471166981823,-0.1787880359517593
250198,6.122153558908906,-0.1775253030264088
250499,7.255169406168822,-0.20677434158008068
250798,8.05301502265604,-0.2264435876245776
251099,9.251954035125104,-0.12496272731198821
251399,9.030145233289467,-0.2411439942284317
251698,8.055530155602257,-0.19316037559817634
251999,10.51057352776007,-0.09777247103764797
252298,9.290288220131044,-0.19922777485127985
252599,12.196852659868158,-0.15100492668538412
252898,3.78156468957299,0.11779411005835749
253199,1.9416719502114757,-4.843450255093396
253498,2.5284448619106805,-7.7906600883805215
253799,2.1350562936642428,-0.16705419474228478
254099,0.790814880413193,-0.4244629569849332
254398,0.004081913836453242,
254699,0.7313634981147124,
254998,0.6499268291991732,-0.3548733555248371
255299,0.004179334107254476,
255598,0.0039199396273392655,
255899,0.0041091356141783365,
256198,0.00321552881055347,
256499,0.0031054118034727013,
256799,0.004579440241271913,
257098,0.0030519122860218086,
257399,0.004586495538336609,
257698,0.0031247813941884294,
257999,0.003854133401893314,
258298,0.004516606202107396,
258599,0.0025997918778422617,
258898,0.018581520846692727,
259199,0.18118181796266183,
259499,0.870785574830372,0.37695894780775663
259798,0.5222390640577333,0.5138098467377064
260099,0.7005048025883703,0.09194345766903866
260398,0.6518503470173018,0.3038296274248773
260699,1.5716676893362282,-0.11147288980948655
260998,0.5622234615808726,0.41053104372555727
261299,0.6967845147376815,-0.894520399079133
261598,0.5905303736443563,-0.25414059118842847
261899,0.5105597059538708,-0.11730575109833374
262199,0.7317437185952484,-2.190904135282546
262498,0.43091501151619194,-0.0006016148544325528
262799,0.9088311987392004,-3.7309669871717075
263098,0.5073372526452482,-0.7025979846355017
263399,0.890748320738253,-4.211530254577275
263698,0.6073279295011139,0.31677472406610696
263999,0.6633572232272695,-2.7635122957719016
264298,0.513056435581146,-1.2154149034061956
264599,0.7393167919500353,-3.191133104530506
264899,0.8745343225722096,-3.825693809988115
265198,0.5748574839462294,-1.1171513125150372
265499,0.7752489242481065,-2.586631305844159
265798,0.3997402658961024,-0.10200707996635217
266099,,
266398,6.08328829673533,-0.1356988407724462
266699,1.1998782257822393,-6.907052359356084
266998,0.38497917988287117,0.5160520753840494
267299,0.4771174377102446,-0.24086152424739282
267599,0.9001232658080236,-2.266186450230786
267898,0.5813328097950967,-0.17963266599112848
268199,2.044026349502217,-6.677664816368367
268498,1.4540294704795038,-0.22203467873687144
268799,1.8330696394357047,-3.039960128835597
269098,0.9345870167351301,0.35654924942866195
269399,0.6986159139945542,-0.7274390810401059
269698,1.1071677746556776,-2.358999685812283
269999,1.0918316310345664,-0.6957883611451681
270299,0.899148581046371,0.4790566465289887
270598,0.2625985367431389,0.8393544051909656
270899,1.1988402457444076,-3.3171419137906204
271198,1.7643274199342498,-2.9647798890384447
271499,2.714304618893398,-3.2596966910628424
271798,38.467267477654566,-0.3417661508074181
272099,1.2940895879174534,-2.453631720052824
272398,2.110901046595421,0.03471898537491325
272699,0.17155359469641393,0.8592333412988431
272999,0.3647619633113981,0.48660437503320375
273298,0.3502340497739536,0.2305575743402617
273599,0.3087141842425926,0.6934334810870303
273898,0.23814084384903106,0.7839950623054878
274199,0.14818976350392174,0.942123121585653
274498,0.12506093866907408,0.958669260494002
274799,0.19713113420362727,0.9090827742405458
275098,1.029071120542225,-3.9511236135993775
275399,0.45698608958020337,0.5396218071684247
275699,0.5902229565773561,-0.324748480741224
275998,0.29042877058349836,0.7947782842223581
276299,0.5962846384442774,0.20158664382669844
276598,0.6353112937643687,-1.404147785564772
276899,0.5920489741236055,0.5941019108402965
277198,0.5095600597734992,0.18117878064968418
277499,1.4649264728260998,-4.264957954564184
277798,1.2612891630848995,0.06555778509844123
278099,0.6451309651762808,-0.17929723526817698
278399,0.8898789929716566,-1.203843368778561
278698,0.6770475960327673,-0.025295805534192084
278999,0.9699181216738312,-1.4405149012129352
279298,0.9509769953963458,-0.8047199421807731
279599,1.2789938044113063,-1.350340547676646
279898,1.2362627876269259,-0.3650279894484192
280199,1.041062394907716,-0.09688249707540231
280498,0.9695045143055658,-0.08277014806052096
280799,1.2650663855978184,-0.2559996638356963
281099,1.382088213013996,-0.11455050229644148
281398,1.277132619451661,-0.26873742553157887
281699,1.494364657829169,-0.02726688590534776
281998,1.3571604951012353,0.1529720888174666
282299,1.7162881758812218,0.05061405913593653
282598,2.2815601656993563,0.02247971636267021
282899,1.838958966814562,-0.10435575532211283
283198,1.943389149222624,-0.015298683076737873
283499,1.6572048926313425,0.07185333678508365
283799,2.3178207192753053,-0.10071172456919908
284098,1.9570258084114447,0.0899407974064077
284399,2.0608410831726034,-0.015384309918674566
284698,2.211816691322362,0.10399388636035722
284999,2.1082537602034663,0.0809865636813526
285298,2.5888181967129653,-0.03298218605479186
285599,2.479639097217399,0.0839811435993264
285898,3.0970061156042012,-0.06618026786707887
286199,2.927382764110673,-0.0495323341443068
286499,2.6598863537625466,-0.05092321768139563
286798,2.98688170255187,-0.1362876517740892
287099,3.107414059308804,-0.6253053566340934
287398,2.073037513915051,0.017970238869612687
287699,1.8894138350353065,0.02848797679171211
287998,1.5952298948169494,0.2152267633776247
288299,1.38702238990827,0.14735487378014056
288598,1.2885644793838953,-0.07362189781292172
288899,1.3333409825042093,-0.08773096272234304
289199,1.3151392548297545,-0.10136207776756012
289498,1.0497274885265169,-0.1109447835737698
289799,1.4609070184857273,-0.21397171759645128
290098,1.0939021710609653,-0.25019500121086025
290399,1.0911640348820832,-0.3383794017861681
290698,1.6426338804375937,-1.7329384790093778
290999,3.4104954323171612,-0.12709285718737262
291298,0.7607836938108457,0.03426030136693614
291599,0.6862393566918688,-0.042142304167145817
291899,0.8990538830815363,-0.5472006961769729
292198,0.6352827182520316,0.21202191847075724
292499,0.8269540204406358,0.17574839223984617
292798,0.8050649703635497,0.4674554263620093
293099,0.793720361865195,0.17212726490913322
293398,1.550777107374654,-0.8161513819023685
293699,2.1813118957998348,0.26628624657992783
293998,0.6036565921859581,0.6565581045454079
294299,0.5198320756118031,0.4401845595438638
294599,0.5503022285593511,0.7150384926889065
294898,0.6458156557606575,0.5455351807549161
295199,0.4475805246076058,0.6874100775747993
295498,0.7547747004252776,0.14117696249537492
295799,0.45705587311839274,0.7885743809353826
296098,0.32193902397258095,0.7995303101258235
296399,0.29984673526928457,0.7944667876712856
296698,0.34186606924407514,0.6295946695133954
296999,0.3705640431139753,0.6053843492122291
297299,0.4915687100416104,0.6281757414642497
297598,0.5204776343154348,0.10249613461721196
297899,0.5791099657902874,0.4684011080119397
298198,0.3118427127536321,0.8232024999771188
298499,0.5630344605355394,0.3845628831740151
298798,0.5481891519742246,0.4507317702811383
299099,0.8128821605281927,-0.18490784823715933
299398,0.5390751448452713,0.25626084627927403
299699,0.5335609360029392,0.2209753373663501
299999,0.8941024130645749,-0.9525047719548898
300298,0.7036542269781678,-0.7528328592084659
300599,1.00879307523052,-1.051532469601907
300898,0.6617035525717164,-0.10791341185996917
301199,0.8495423469018233,-1.7404448247310897
301498,0.661851627102162,-0.8115402443216513
301799,0.8752366300040194,-1.8352136867857842
302098,0.6154251562221068,-0.5216570597052475
302399,0.5393355101636212,-0.9757824141772746
302699,1.2790412768203334,-0.6605906941105255
302998,0.7335432738234455,-2.1602855716494633
303299,,
303598,9.103856938901188,-0.29359059670642496
303899,3.677365526986394,0.05683023866130221
304198,0.7022878199703753,-2.733205266546864
304499,,
304798,0.5552518157832571,-1.7384351719887277
305099,0.7389312837401767,-2.495721314858591
305399,1.0672030017813172,-7.1201167100355285
305698,0.7791321819728159,-3.5052615573228296
305999,0.9369325405874646,-4.126280353063765
306298,0.6292942247467839,-1.9517692544484087
306599,,
306898,0.6358560968753371,-1.714464619555062
307199,,
307498,0.610098285835498,-1.4730098751118965
307799,0.6066820477170509,-1.076515670312319
308099,0.9590740503047565,-3.3678661220050063
308398,0.7192584288698344,-1.2959478716745907
308699,0.9058916297643257,-2.250049984852975
308998,0.9781708035768949,-5.6183970046995935
309299,0.9219291696470986,-2.6442382116973655
309598,0.5610670806841471,-0.5931083743014789
309899,0.965890352416954,-3.35220127810405
310198,0.6809347267728041,-1.4178898299859215
310499,0.8135724763193894,-2.31607064537855
310799,1.2053622657534855,-6.20489177431908
311098,0.7912298253438754,-2.7995263710049456
311399,1.0650076927277408,-5.390667456570491
311698,0.6455117687315368,-1.7821522474465148
311999,1.0410257641923168,-5.1201508254039165
312298,0.7153233192792077,-2.547038079236893
312599,1.0276822087434994,-4.725708920733382
312898,0.5906676493976369,-1.3429423260715634
313199,0.5230384044802664,-0.9558406753731596
313499,1.0374310139633058,-6.117374416343544
313798,0.5668242718784262,-1.0351530644757219
314099,0.9837657613700147,-5.07460335423506
314398,0.47707975655340795,-0.4637228233226449
314699,0.97597251520824,-4.168654273389764
314998,0.515477512081763,-0.31044519246092905
315299,1.482206821279051,-7.5990281941671665
315598,1.2142272225762225,-2.4203748745803857
315899,2.554078003569534,-0.02216579477728553
316199,2.0762695849307287,0.12879081096074108
316498,1.988602166105603,-5.796379836567177
316799,2.6080084487252866,-0.5569030395557133
317098,108.58002954027478,-0.2395535013234682
317399,72.52167809578187,-0.2432000071629734
317698,93.19798589995702,-0.13934966429103812
317999,99.07352441784263,-0.21235255098078065
318298,49.36892549463142,-0.24349301686921176
318599,61.82204705551132,-0.19074142130114424
318899,40.03702275680303,-0.27360874166895255
319198,0.001775229487518543,
319499,,
319798,0.6257372777273,
320099,1.4451154562558917,0.14235971588718999
320398,11.795769359926458,-0.32708820447599085
320699,17.729559450188585,-0.7142670651747582
320998,11.975172265998392,-0.3222630073464692
321299,38.068054187667926,-0.7602546558729399
321599,12.537738551313655,-0.44860899753913674
321898,19.69330169370827,-0.7191421919974774
322199,7.812664889100493,-0.5081876009066197
322498,2.9276820883658377,0.31947862131221216
322799,4.137140632499883,-0.12541133445290176
323098,4.074492998422038,-0.08822380976456601
323399,6.447316968705803,-0.41026066240778225
323698,9.119079694730813,-0.6227070151691527
323999,10.679368154561626,-0.7435151342740698
324299,11.300037209949968,-0.6594104645951522
324598,8.65198092163664,-0.5001578339469763
324899,9.76940514931331,-0.5425621736050719
325198,8.91605086597707,-0.46141855392787745
325499,9.277772531705093,-1.1132820468219604
325798,7.983438943291621,-4.49212733751896
326099,6.469169774498817,-0.45432232230274283
326398,11.380767802645899,-0.40357697125663017
326699,3.862984041690355,-0.1744430347477952
326999,7.746918512939808,-0.4573297257515516
327298,8.840059078766252,-0.5678732566826044
327599,6.582720743330991,-0.4717837263032729
327898,17.313070658481067,-0.636516005029022
328199,42.532895973729865,-1.1786859319789658
328498,9.012551708299934,-0.34859442326857937
328799,10.639725897780984,-0.4028314885118853
329098,5.614184703378272,-0.16124938381782328
329399,3.1418207555027506,-0.057920648767323835
329699,25.697835395163676,-0.8548819581210918
329998,27.81030416460797,-0.9415923236854076
330299,11.189754952311837,-0.9718447363688014
330598,,
330899,2.4438508078599948,-8.423116423886748
331198,2.4143845815915985,-3.7826560926772697
331499,3.048372214994932,-1.1897981132886786
331798,,
332099,,
332399,3.772513260682619,-0.9856244784663446
332698,12.59604246854733,-0.3217820145703565
332999,6.276444662473667,-0.2673801643739293
333298,15.12524810798912,-0.6028267708168318
333599,8.56069678030813,-0.3033992520800868
333898,13.108926199319443,-0.40990291464992445
334199,27.447524223976327,-0.6260669692718157
334498,34.92995362903698,-0.779016487596641
334799,35.813505394194145,-0.5234208475283517
335099,21.122333252289483,-0.5006423630410477
335398,16.291625044121155,-0.4332143576026768
335699,11.362617070533496,-0.38513144490919093
335998,4.715967633022546,-0.08715472042111738
336299,2.722565236801674,-8.005459910620939
336598,3.549444085187902,-1.2093760142127548
336899,0.0010023895726980006,
337198,0.0012628328096532325,
337499,0.0013000946899508483,
337799,0.0008330956526049676,
338098,1.552473644902819,
338399,0.7241275478055382,-0.6229400876521154
338698,0.0015243328987212326,
338999,0.002363980356498247,
339298,0.001383496635656974,
339599,0.0011481230200607263,
339898,1.1640298164805767,
340199,,
340499,0.7955957261488733,-0.45831839470205704
340798,0.0012867582962412633,
341099,0.8824702507785738,
341398,0.124334566395003,-0.5426184133017311
341699,0.001785751521426433,
341998,0.0020976642595598853,
342299,0.9083074223376433,
342598,0.12499221373563459,-0.5272009418236374
342899,0.3712263031151769,
343199,0.2622996321567971,-0.493615267969419
343498,0.002021006985925264,
343799,0.002329673002276975,
344098,0.0030454102346066745,
344399,0.0014557794346784822,
344698,0.002027957994673131,
344999,0.0017912184330149629,
345298,0.002909635003346875,
345599,0.37688982414828387,
345899,2.9903906646905676,0.1926191965477665
346198,1.7736581672473262,0.2574127314505621
346499,0.7725924846919272,0.6143503374123183
346798,0.8038730763527195,0.5998945088357124
347099,0.6152425324663352,0.6068488657747261
347398,0.45514035016343524,0.8567972751217182
347699,0.47840535830388375,0.8216366961407121
347998,0.5805992869372553,0.7689339651278944
348299,0.42260631251816516,0.833378709375784
348599,0.6461041998932326,0.4950202792576368
348898,0.5581705874258552,0.7131477029893492
349199,1.2496655908655274,0.17186757782119733
349498,0.5887374022403741,0.41698130188893745
349799,0.8305269188731902,-0.3486634936154376
350098,0.6564114138190341,0.021146265472133163
350399,0.9747969904911054,-0.9413209553903268
350698,0.6537098734360924,0.015408139817561395
350999,0.4321092133648547,0.6066293248269774
351299,0.6729304875687909,-0.6552135789749076
351598,0.4440033445179299,0.15788072606011094
351899,0.8265790630003802,-0.7330646333703932
352198,0.7206350739636423,-0.8878969068246845
352499,1.0384380693399762,-1.925396133579047
352798,2.1175321489223218,-7.91900185209723
353099,21.566215484887604,-0.24255431380882864
353398,0.5708859607977115,-0.28689457606993907
353699,0.8024473569507624,-1.2405396491095413
353999,2.7201199941355143,0.003093672376558554
354298,0.4875416435815253,0.3113244872912879
354599,0.7354673370089437,-0.40944285933612545
354898,0.7041986866331817,0.11017994866298486
355199,0.7287914981806438,0.10863328074624046
355498,0.6912943153925686,0.3384355466188538
355799,0.6636476309946332,0.3054773213015688
356098,0.5886932734306713,0.5022628650426361
356399,0.6898056503410211,0.30013120845471086
356699,0.6031246376622758,0.5649845608685282
356998,0.7856282063105761,0.2697092777795953
357299,0.7428231178101874,0.3892345998560973
357598,0.4206566789949746,0.7875468121951892
357899,0.9984333717692847,0.016136485772237252
358198,0.5886502596389809,0.7248757769949177
358499,0.6612190815297967,0.6637862730423347
358798,0.635144425167904,0.6936919144809548
359099,0.7558645958745934,0.26025379180898345
359399,0.632095037679157,0.6856587788578119
359698,0.8342444434552801,0.6460245688805407
359999,3.2546329868637054,-0.05940319455993448
360298,0.5364296508175409,0.7933440513265413
360599,2.127777929237108,-0.029386055130535604
360898,0.41181210600906115,0.9194185761682921
361199,0.65632000330004,0.6183146534610233
361498,1.6018181565511644,-0.9140355688502648
361799,1.1344711424741438,0.6335061025104141
362099,0.5217248552784672,0.8171169308404224
362398,0.5821853963203725,0.7453868979060136
362699,0.6723258923971545,0.7369091796179261
362998,0.8554094300844004,0.6945100449462119
363299,0.7418372186548042,0.830843674992567
363598,0.36303080074216454,0.928038180352909
363899,0.5804349673079972,0.8526516313416066
364198,0.5471700064000156,0.859384754832312
364499,0.40499095748010544,0.908387574969535
364799,0.9603829374025857,0.6361280978117803
365098,0.7886439535147683,0.8125412505436632
365399,1.1554283475125982,0.5159112287308316
365698,0.5644949453584052,0.818565587100664
365999,1.1116597025366488,0.4509162686494551
366298,1.0345978711701196,0.4851425161001268
366599,0.5976128155968663,0.8210528748590648
366898,0.5195550597090398,0.8313500234690653
367199,0.8144485788368124,0.7684087958147443
367499,1.2669662087556044,0.44160324146404584
367798,1.9382593019084813,-0.8300334476276072
368099,2.4999640527339775,-0.014495326921847518
368398,1.7710991744117424,0.1930633372376368
368699,1.74370062813693,0.24443411075609278
368998,1.7053923656053247,0.16296134538223817
369299,1.8795603270086039,0.08674709556191851
369598,2.749299303493335,-0.09362394505596283
369899,3.7657688392229627,-0.23094603604462982
370199,3.082643538903655,-0.21903916017250102
370498,9.627927163511295,-0.2185956125219637
370799,4.674412611299955,-0.23180147491193726
371098,5.933465990127562,-0.2775792801808201
371399,5.105207310363731,-0.3222216860059486
371698,2.443398900947361,-0.056245718721499305
371999,3.1914896343400776,-0.2019371611214249
372298,9.61933874311378,0.30149186330555755
372599,12.474478577184502,-0.18468897958449748
372899,6.688253025978704,0.025786090053345978
373198,8.452264197987637,0.09905047288413404
373499,8.142821391970498,-0.3165351437357462
373798,10.537608088697835,-0.19703801100200047
374099,6.208238815686129,-0.43092939815151055
374398,5.9867627071820975,-0.45530206630156633
374699,8.976294156149779,-0.3687443334331273
374998,4.6574799766209205,-0.18155400076516837
375299,3.9471604854068776,-0.16494189309845075
375599,4.631835323950696,-0.3164364387657297
375898,6.2498437980818045,-0.38159258185462375
376199,4.813642918963227,-0.33537096213091444
376498,2.7531865793196766,-0.004519190472637824
376799,5.002538585538567,-0.3483181785689773
377098,2.3984089969363627,0.059600684737038834
377399,2.6932660646390687,-0.04674402426518154
377698,1.978850445577418,-0.11260030465578463
377999,1.3702902711625795,0.21447664358134755
378299,1.8661338603936666,0.08170837632126615
378598,1.3216986805966469,0.27541110085143616
378899,1.769522698672678,-0.03388587981787805
379198,1.5934823247888694,0.15697001229943952
379499,1.3957622086992818,0.2768495991433584
379798,1.3089432849949914,0.3361061093937312
380099,1.7433205989520224,0.19751330273919487
380398,1.4685604200271845,0.2586020504348959
380699,1.581895979096631,0.22636802929148636
380999,1.8888013480163732,0.06796855623891396
381298,1.271794950154497,0.49854830483898205
381599,1.1500310371172118,0.47414850689187205
381898,0.802580373775902,0.6928335954517159
382199,1.6123277613883649,0.3232828445407774
382498,0.8105273588593853,0.7459821536830227
382799,1.3472460699254212,0.458103600222997
383098,1.1957893144242762,0.5322931882338325
383399,0.93738917720411,0.675036838625809
383699,1.520809399984387,0.3732055623695476
383998,1.0619686605384246,0.5502008217459331
384299,1.3313086633946667,0.42766990325600585
384598,1.3520281958914078,0.4282029795624903
384899,0.9228623377037724,0.6763653063291521
385198,0.8699241589119104,0.6207034198078102
385499,0.9139687128553236,0.6236848116899338
385798,0.6437522028038751,0.6971278784917649
386099,0.5514150608984231,0.8198740943286041
386399,0.6588567341838552,0.6394632490017756
386698,0.9905529510441993,0.6586955825814262
386999,2.449468751396258,0.18050572702890388
387298,2.501534045836511,-0.06060240440039899
387599,3.499363460826201,0.15294903731154175
387898,13.636185809654638,-0.1628564638288672
388199,0.8042897462082387,0.5360065586882763
388498,1.1881731735631231,0.3600616363870017
388799,1.0688025618360264,0.34335396571447907
389099,1.1450273354240645,-0.2075633570026032
389398,1.000367455378015,-0.015674312620449937
389699,1.391096912950249,-0.21493368713884164
389998,1.8595531402874386,-4.347761411599209
390299,1.3603344287483516,-0.9217008489112879
390598,1.242974712189905,0.08349306839763249
390899,1.2705617947143975,-0.449986995493566
391198,0.844647465651644,0.09984030893793738
391499,0.9085046286949761,-0.10011203416382242
391799,1.0110241078711144,-0.18938571554313888
392098,0.8502199886766827,0.1814309155013082
392399,1.004890890031304,-0.2027959646184634
392698,0.7078957792997703,0.32340873611960896
392999,1.0318288778085527,-0.34828431781714375
393298,0.6799564341570735,0.1420159203656428
393599,0.7859622911219488,-0.15028105130663727
393898,0.6824311627907885,0.08995047086614272
394199,0.7553812545758457,-0.08981337333452122
394499,0.9858153053797246,-0.9391532207690378
394798,0.8573038723871186,-0.780546820640702
395099,,
395398,0.6194275314133544,0.3462142513963907
395699,0.803276448122383,-0.3975443781699266
395998,0.6113340940835423,0.07225704524610954
396299,0.9450998236173458,-0.6739153823285129
396598,0.6964794177842931,0.31000882570046406
396899,0.6509693811313902,0.41325743217141186
397199,1.038577630735603,-0.3885026312449018
397498,0.6338302220762713,0.4985411096312147
397799,0.8757479014141293,-0.0772798882643444
398098,0.814008001527294,-0.5479644348978514
398399,0.862605280773905,-0.15876927484744807
398698,0.591628118606294,0.48932596497425707
398999,0.8156232672141829,-0.20458277375174339
399298,0.6698074626840929,0.21168660564237984
399599,0.48076600387427276,0.5455667879711262
399899,0.7297070333787953,-0.39742135103009324
400198,0.9820219329245938,-1.150772890195916
400499,1.1985754500565295,-0.3238178439673256
400798,0.5135203711277077,0.17193434270408225
401099,0.7649504017298805,-1.1405106782434444
401398,0.7499709604971251,-0.7727871940886386
401699,0.8033717333649963,-1.6869399841902446
401998,0.7784635246303133,-0.5965057454090739
402299,0.6294691179105861,-0.14209032107645103
402599,0.8096753033775089,-1.1488503178053349
402898,1.2188982954621264,-2.7830073498459935
403199,1.524993087576732,-1.775121823094318
403498,1.1564793691325892,-0.1886268284824255
403799,1.3964593562273206,-1.9516366009180972
404098,0.6868671320621381,0.1300999611887791
404399,,
404698,11.170809844347103,-0.3124983375344519
404999,42.97827888414521,-0.22462613987914715
405299,,
405598,,
405899,0.0013848434750648013,
406198,0.001752709531730224,
406499,0.0019674119889573926,
406798,0.0018043827905299742,
407099,0.001588012229222003,
407398,0.0016348788161073225,
407699,0.0014875695059317366,
407999,0.0012037422597779605,
408298,0.0017473761743733694,
408599,0.001553912527457144,
408898,0.0012392182083005177,
409199,0.0019380323349829846,
409498,0.0009144706487972045,
409799,0.0011842407557886476,
410098,0.0014888573571689239,
410399,0.0014535786203493143,
410699,0.0010530281403139084,
410998,0.0015296925515291754,
411299,0.0018196316912152265,
411598,0.001805640437000333,
411899,,
412198,3.202413245304981,-0.24914800004116433
412499,44.18160898962506,-0.47506307000720005
412798,48.017483671243866,-0.6584696145788744
413099,29.469279007989865,-0.5519767255128385
413399,35.74308178952958,-0.46873912211613633
413698,11.043670797415302,-0.28101812818975236
413999,9.331659209517298,-0.5597018290498696
414298,10.566716897962763,-0.3160407862587864
414599,11.091811611467882,-0.5923561135113875
414898,8.30658439460515,-0.4022944911792157
415199,8.80785991290761,-0.19178608600353408
415498,9.912722111731023,-0.3672694761268409
415799,13.298041650029417,-0.6435730805624691
416099,59.57257918318918,-0.5355484533426849
416398,8.439842836476691,-1.7762015668187612
416699,,
416998,2.3143464518972503,
417299,4.096347684175128,-0.29897968920929663
417598,54.71281326284946,-0.5771700187802704
417899,1.5225491428297555,-0.7258172780842915
418198,,
418499,3.0157059457211512,-0.9925699691880012
418799,,
419098,12.94718934415997,-0.553966540513573
419399,5.238517338636691,-1.3841703524595563
419698,,
419999,,
420298,,
420599,0.8619777848755538,-0.8326197314999821
420898,,
421199,,
421499,,
421798,0.6033003651853945,-0.8439879940055481
422099,0.001377971464441912,
422398,0.0017705467468176932,
422699,1.3899999426628153,
422998,0.9107526471604275,-0.4496076237406579
423299,1.653453307021059,
423598,2.6193245708150865,-2.0385646290781896
423899,3.0962190588383627,-0.4084276354992278
424199,18.720952932857923,-0.34367249365629293
424498,9.240526261230363,-0.19782632981434078
424799,22.102864770022066,-0.40341500899487026
425098,20.343737953137936,-0.40156414066397184
425399,22.11716708108453,-0.4557724500101137
425698,26.594458671760094,-0.39309123387332545
425999,22.24435644195864,-0.5121123384979578
426298,22.98028620827156,-0.5705402868300455
426599,19.622080451810938,-0.5008933228381744
426899,16.82124162762943,-0.39353584405309094
427198,20.996646965221455,-0.4557271178524218
427499,22.38093736310522,-0.4276879759280545
427798,20.41712347979313,-0.509978219854138
428099,23.039611215705474,-0.46422186298114076
428398,22.634094190066556,-0.5165584002470056
428699,12.92377421182591,-0.3283247631758155
428998,21.918454171834526,-0.46158619467675344
429299,24.647383413113655,-0.46049335755361676
429599,18.27387095784423,-0.34959937566871657
429898,26.176711827390527,-0.37000230042221305
430199,31.295674813700764,-0.4856327961967488
430498,31.37052811922793,-0.32530893498026003
430799,27.449794813867705,-0.39369668753269016
431098,33.34772543271477,-0.4234547958631596
431399,30.233726575429742,-0.4634095871538926
431698,25.311921000317096,-0.3895112599857371
431999,22.769868438809244,-0.4404186199968012
432299,4.111048248741196,-0.012741487746441127
432598,6.452839372426844,-0.08755888071645312
432899,,
433198,2.337536752832661,-0.5735601952279032
433499,,
433798,0.9929908077887691,-0.6128106949222962
434099,0.0018445027494529548,
434398,0.0019114360582729772,
434699,0.0016861112410619362,
434999,0.8226286220963004,
435298,3.0654249446485604,0.3777336869050696
435599,2.3683604291771685,0.27840731946768116
435898,4.470639734542562,0.014164722069283209
436199,1.3549387165555513,0.5982885825113238
436498,1.8891841239634841,0.23785799911017458
436799,1.016582614427794,0.7256039088566755
437098,1.4864168134082352,0.5536064901564784
437399,1.067544710819466,0.6650331803834
437699,1.870942437473728,0.20886918213973482
437998,1.6364915493005583,0.14737878896020207
438299,1.5107120396832745,0.23944799479318146
438598,2.0649244471177663,0.02608026524210527
438899,3.069349696665249,-0.22086934976982642
439198,2.0648859987477297,-0.008301897677272407
439499,1.9116189222442013,0.06573835718554344
439798,1.3551475151522863,0.4170418488014421
440099,2.2637490079540203,-0.18272104260338318
440399,1.9605019278143416,0.17257744400013786
440698,1.254594214790332,0.36616231096670926
440999,1.7594548683190894,0.01037076516935076
441298,2.152233074016705,-0.23198349752142944
441599,4.093930477242935,-0.13074993468585627
441898,1.9731490100905438,0.20612550651794648
442199,1.874202357838755,0.08866318061311784
442498,10.17105502845647,-0.17019195590108915
442799,8.88297914059614,-0.09547336502160286
443099,9.176773577521448,-0.11583947354851398
443398,1.144200175586405,0.5169376455104888
443699,1.2793223406257386,0.3764977463934278
443998,0.6041061582061228,0.8518003142319774
444299,0.7553235862768424,0.7519915339340262
444598,0.5784886699602108,0.8311651626574287
444899,0.9683042791437502,0.5893983304553257
445198,0.6654089444087756,0.7901764681309165
445499,0.5449858816782872,0.8355192058614076
445799,0.7333470044577739,0.6377027394485347
446098,0.43479374338406357,0.8538792003350564
446399,0.70496628859133,0.6452702909943621
446698,0.3442833422673822,0.8978165108040986
446999,0.6004459207174137,0.7102255770070312
447298,0.35344063971666245,0.8904439708974345
447599,0.953220536234896,0.24058951403198647
447898,0.6565379383638147,0.696709245211043
448199,0.5764947074212613,0.6799746977142863
448499,0.7465763813803127,0.6291455402689135
448798,0.7443475409856699,0.6874118102473197
449099,0.8042126231834936,0.6976111502297744
449398,0.4675088859510008,0.8636947230328673
449699,0.6012885017280062,0.8185582546659116
449998,0.5135001970018593,0.8442076594888718
450299,1.1000548721384442,0.5578423005605916
450598,0.6720361458444614,0.8305976468075862
450899,0.7764736418943958,0.7827886093556559
451199,1.8563027387579802,0.20817350154612235
451498,0.4618033480332931,0.893082112773662
451799,0.5103884073015662,0.9108838370197346
452098,0.46227481541680365,0.9153153459307093
452399,0.4324462773031089,0.9187361692920921
452698,0.8166952819492519,0.7149441826886114
452999,0.7738556684406634,0.8074133826933828
453298,0.8561786405998453,0.7344834560833527
453599,0.3981172406021662,0.9572295883659973
453899,0.4628340150742319,0.9105612758989089
454198,0.6796193075481215,0.8079833599382314
454499,0.9604874201656239,0.7515624414643778
454798,1.7559303753022832,0.3328036466924156
455099,1.714578361430133,0.4080186288417398
455398,3.1897143234351253,-0.018551632091209136
455699,1.0175271958424466,0.7541825766347502
455998,0.9898754023647722,0.7043017539676143
456299,1.267716672244065,0.6895690795204271
456599,1.378020218306309,0.5342549321992585
456898,1.6335040914330852,0.35766385010013246
457199,2.298683619532346,0.08782796424595385
457498,2.311454977548242,0.008663756544778356
457799,2.847901056232646,-0.07543582561184814
458098,2.3795481291033753,0.054451578728936134
458399,2.5451851534492036,-0.004293683999507358
458698,3.140849693329055,-0.24712252400598733
458999,2.8066087824176114,0.000515470133723106
459299,2.7014456631721666,-0.08429223229822935
459598,2.68146063163506,0.07103059075459761
459899,2.7574120883570217,-0.06772905202873347
460198,2.795487078100847,-0.050482544188472867
460499,2.843997889046756,0.03781339516234494
460798,2.9509748090893297,-0.033971876627578945
461099,3.1789489103149933,-0.018712233582019788
461398,3.3809556568915187,-0.1116852204110228
461699,3.807476984146279,-0.1824409629193684
461999,4.1218674176756105,-0.1530451848894432
462298,3.9068432237566793,-0.1826864155064556
462599,4.619108842344795,-0.20110378747623625
462898,4.389610980257644,-0.20220953687017107
463199,4.328845947913701,-0.1351504574769169
463498,4.2255851016933015,-0.09096627542514213
463799,4.857496139191102,-0.2141075995635029
464098,4.713625127072371,-0.24188178762953094
464399,4.173006105185398,-0.1514952758989241
464699,5.295363004563452,-0.23697543672941856
464998,17.99896989612888,-0.3223478125683632
465299,4.246992358849293,-0.20138614416261258
465598,4.633766246903138,-0.1863378702357723
465899,9.552617460870188,-0.36437992601576497
466198,5.972418282883361,-0.4453798884182194
466499,3.5966563746674893,-0.11296302643639233
466798,5.27850991765565,0.4043783084539827
467099,7.855030083444153,0.2338269141529552
467399,19.69689683447319,-0.22011726653949748
467698,26.102329086752416,-0.39950430107542423
467999,6.78726632053614,-0.21360062968506033
468298,7.140914217276566,-0.28527226977592046
468599,8.220567204312,-0.33464279941341335
468898,16.416817612340182,-0.3292410705176687
469199,37.99500169247996,-0.3891347120044115
469498,46.18704014179315,-0.3425974731990922
469799,21.874735940568286,-0.44328986122894465
470099,17.753649982546833,-0.46401421548736854
470398,7.038799986456429,-0.18707010201936214
470699,18.76616979225073,-0.5082181040211835
470998,14.57382062659363,-0.35517061569849906
471299,7.2543662439976515,-0.4444693364792518
471598,5.793191943713641,-0.27845251718680575
471899,4.389030119260358,-0.1626539199488124
472198,14.365369673100231,-0.5580210215744101
472499,0.0011714893634402399,
472799,0.0020309017643073586,
473098,0.0023492775255002304,
473399,0.001720405129684851,
473698,0.0013773839941573036,
473999,0.0015721957525310249,
474298,0.001523233217198366,
474599,0.0015037940127693719,
474898,0.01909925193870902,
475199,0.0342164409158224,
475499,0.054530726501434985,
475798,0.07034058122275083,
476099,0.1386883363729806,
476398,0.6016818235585002,-0.5813960079532752
476699,,
476998,12.71103843584061,-0.496380772465993
477299,4.87578421667581,-0.21631222411341655
477598,5.095220059041345,0.03635744085386827
477899,1.5373272343089273,0.09782722578268188
478199,2.050814667016899,-0.07675272363565444
478498,1.4018987202317692,0.37993338427749523
478799,1.8381132100458295,0.09271808095773049
479098,1.5116640581164298,0.2706109441114517
479399,1.8329519437850879,-0.13887004079257537
479698,1.5632217265126789,0.04444462109006553
479999,1.6950731397948684,-0.7502488764595423
480298,1.3806094485201477,0.13537914546214447
480599,1.3333005764033072,0.26159926242288034
480899,1.408401290979767,-0.10867129196489045
481198,1.740360322561739,0.05481402400857616
481499,1.908534548870001,0.03194092935401671
481798,1.486568822291625,0.1543151432861677
482099,1.751718834325671,0.08129046314415467
482398,1.5011790248743093,0.16412864195990406
482699,1.5629413366980296,0.1181934399267508
482998,1.5400458414511276,0.13771843266800343
483299,3.9046730846061175,-0.24153001104914784
483599,1.9399190318014523,-0.04070661092161876
483898,2.381650165494021,-0.03076695588460643
484199,1.7545327175252647,-0.033024464721682856
484498,1.6126269156127815,0.16008932795148678
484799,1.7655281862142975,-0.0183612691702435
485098,2.6820840886181063,-0.6587012167190238
485399,23.198784263676107,-0.2645804897131223
485698,4.443980615191965,-0.4492881871731209
485999,55.55175341890855,-0.42338446610079994
486299,50.81079822984728,-0.49853137319694807
486598,26.16308448750791,-0.46007153780663423
486899,38.86098221864057,-0.20232326605184014
487198,36.51901135634687,-0.1954678247294921
487499,28.145504964459278,-0.23097580114037153
487798,28.28703964546689,-0.24881115379299068
488099,34.54838178973168,-0.29784670540438896
488398,41.75839064759784,-0.367227053335091
488699,47.84499819792339,-0.3054150983688644
488999,56.94608316833629,-0.24618152088777379
489298,38.18064070486742,-0.3103943885585534
489599,39.24826948741267,-0.3238346690424525
489898,52.442610044906125,-0.3110072592065902
490199,53.695709164563674,-0.2665499882312883
490498,45.505304569953914,-0.3216638973220971
490799,45.87341949593674,-0.30376014355779546
491098,55.12254733371622,-0.3344334248707381
491399,42.61531181717002,-0.3792968329878348
491699,40.170597233773464,-0.36093781334619446
491998,62.72537614264517,-0.3637343060476441
492299,72.80091953296188,-0.46543413821923263
492598,91.94490241580633,-0.33566876952374924
492899,68.55949102569417,-0.38764426961485254
493198,17.47165824024774,-0.3322343428233887
493499,25.123709620914024,-0.6029902185886673
493798,0.0024729468420390025,
494099,0.0017695229039000472,
494399,0.0019872133187225764,
494698,0.00191457027761346,
494999,0.0022749838639052854,
495298,0.002277406082209685,
495599,0.0019756948777144446,
495898,0.0025166098131830547,
496199,0.001848925410772572,
496498,0.0017109268141553093,
496799,0.0019145805113093678,
497099,0.0014036465001264155,
497398,0.0014009448804986582,
497699,0.002184435857462348,
497998,0.001165375995246675,
498299,0.001288372761872414,
498598,0.0011787354278245577,
498899,0.0015543367683175163,
499198,0.0009908042985433347,
499499,0.0015536341180501798,
499799,0.0018442982656603174,
500098,0.0010886688171829334,
500399,0.0017171691651050563,
500698,0.0015288398965773997,
500999,0.0019145047755763822,
501298,0.0021648776748111635,
501599,0.001850101518145325,
501898,0.002131768929148476,
502199,0.8821397937658715,
502499,11.187896368701002,-0.39008840061819106
502798,3.1733670825988156,0.17534531458568425
503099,3.8734083693605745,0.055994455426499834
503398,6.2637468720493485,-0.5692912480701613
503699,3.422461382531716,0.14845305716866897
503998,2.993708042844321,0.2847895090685474
504299,6.374672361003665,-0.16922169886504168
504598,11.833767409060767,-0.633473345899557
504899,37.75244227235828,-0.6402248367289178
505199,32.32935805850536,-0.6745196420346606
505498,0.00040503082252078604,
505799,,
506098,,
506399,2.1798954818498495,
506698,3.323942649749606,-1.286995575194776
506999,,
507298,,
507599,,
507899,0.00133616390251998,
508198,0.001660285133304262,
508499,0.0018170696578001626,
508798,0.0013692223820348842,
509099,0.0015367811659564416,
509398,0.0013957950410109666,
509699,0.0015961699671702178,
509998,0.0015278279726210658,
510299,0.0016242747127274103,
510599,0.0018081263892102738,
510898,0.0022616701358180603,
511199,0.0015996748954105625,
511498,0.0014241525296145442,
511799,0.0013018214102642816,
512098,0.0009669732781047165,
512399,0.0009053034352232371,
512698,0.000737784335956378,
512999,0.0012386158679814092,
513299,0.0007080712866578558,
513598,0.0004987034948085327,
513899,0.0005194068111404242,
514198,0.0004541170786690812,
514499,0.0010158750767596523,
514798,0.0009541564314092908,
515099,0.001066373511585453,
515398,0.0009251870211568892,
515699,0.0009458136232173993,
515999,0.0007739917948995847,
516298,0.001189160950806486,
516599,0.00018068426852788346,
516898,0.00046979196719427823,
517199,0.0008198508895940654,
517498,0.0004338993231508541,
517799,0.0005192527587850815,
518098,0.00081741680070028,
518399,0.0005686990994645366,
518699,0.001278657382263783,
518998,0.0010046990527537492,
519299,0.0003598174413910763,
519598,0.0005766865749848783,
519899,0.0006553078461406025,
520198,0.000995808083121709,
520499,0.0016759794885470602,
520798,0.001655288493541604,
521099,0.0019388842493718503,
521399,0.0020799402000295816,
521698,0.001675727465636087,
521999,0.0018226194038944348,
522298,0.0016216948016657164,
522599,0.0016888477512049605,
522898,0.0022010108044613302,
523199,0.0017145699659241696,
523498,0.001521769096434047,
523799,0.002250319998603556,
524099,0.001961444502793523,
524398,0.0015030751052760474,
524699,0.0007540546265232016,
524998,0.002825300003876983,
525299,0.007851736325204483,
525598,0.022026247407280167,
525899,5.904236380378984,-0.6851196445602987
526198,3.932912238940707,0.057161346331875085
526499,4.602515256761313,-0.22503377064927732
526799,3.6801580822928943,-0.1239245047353168
527098,2.6816543879431176,-0.04242635424956687
527399,2.711017269880825,-0.12025709988759337
527698,3.4113828355599,-0.2560547663262194
527999,3.54629011295763,-0.16848588959969812
528298,2.5160100262750684,0.013097895389586278
528599,3.345117145428056,-0.38413631422464123
528898,3.5959070779011384,-0.04041241848613364
529199,16.90370651068291,-0.32798240035440207
529499,13.157443155695228,-0.18653331722519262
529798,3.6086328872401063,-0.2808018399300922
530099,7.1954441953639225,-0.14183005436663265
530398,16.63822373804884,-0.2598463691091899
530699,2.8330336445046767,-0.18104316775948237
530998,1.5234625564033015,0.31620241981122077
531299,2.2075898989242297,0.2046174725587152
531598,1.6126582508619616,0.3338129035943529
531899,2.7552722470677655,-0.03260395646014769
532199,2.741182226837413,0.02594939516207695
532498,2.5010482982755935,0.14391492581923948
532799,4.086063915582302,-0.35194992539307535
533098,12.170488416690494,-0.1374047300500152
533399,1.5737903232083426,0.25200684126158
533698,0.9317899911004182,0.6311626992538302
533999,1.0583156804487934,0.552868235394796
534298,0.9720588993521577,0.5760411122961567
534599,1.122365000404261,0.4397014008240716
534899,1.1364721235018145,0.4236129562708699
535198,1.233788341662555,0.4568687966224414
535499,1.3445011978461154,0.31528314941009594
535798,0.8344989246890399,0.7053485876575465
536099,0.9987326558659616,0.5632167295138846
536398,0.7881755498661982,0.8130063726052574
536699,0.7935424727663022,0.7008869439594866
536998,1.5014622752952786,0.03757949199559274
537299,1.8583300460870622,0.2263566079429442
537599,5.846760314024102,-0.023149129012082215
537898,44.614481206887405,-0.7106071433013708
538199,58.55103329722507,-0.678496943484832
538498,62.34173294747057,-0.671695054021225
538799,71.67506795479486,-0.5898601217979733
539098,63.0600574672941,-0.5868237251913295
539399,38.51107109019769,-0.6813610303153002
539698,41.786229377805284,-0.7390656648359553
539999,61.832808170423746,-0.6787140299491283
540299,3.2333322161438725,-0.8795100403128349
540598,0.3915854693312848,
540899,0.7382284487806162,-0.5190520153182017
541198,,
541499,19.506163775838765,-0.4708261705760941
541798,14.953553132681082,-0.34207433611045346
542099,51.87915240536568,-0.47499650828362316
542398,29.8625949820208,-0.39082150917975933
542699,7.341241936075816,-0.017669027575149654
542999,4.246847905301311,0.19356208884698967
543298,2.377346769642533,0.3909206747723162
543599,5.088003782881606,0.03959125219872517
543898,6.263203593119553,-0.1648485082512683
544199,1.1232092885993472,0.19742050712367765
544498,1.208792216641301,0.6030666426436055
544799,1.465897405366456,-0.05218547130253803
545098,0.7536127933928455,0.7552704439305695
545399,0.8330466701517764,0.6333317847258129
545699,2.703514515538375,-0.09575825051360232
545998,1.9924611106193975,-0.01687396108030037
546299,3.1486306098983734,-0.12260967529993905
546598,1.079197807125202,-0.17230794142036188
546899,2.9959854720324657,-1.186179878195071
547198,1.1715774515009418,0.0862268795524661
547499,2.1285532562296883,-0.24981185315233057
547798,,
548099,0.9529181705158938,-0.09793012967271575
548399,1.3334322718049334,-0.25366349881737427
548698,1.4127044254999301,-2.01091063663698
548999,1.300764173145206,-0.27374816327795815
549298,1.3406423243768197,-0.5930537018769588
549599,4.05985358242123,0.31436039038944785
549898,1.4361778868365016,-0.0837012857059396
550199,2.0535190881126346,-5.584023985390823
550498,1.1739374282946295,0.026184281253994857
550799,1.1579432075734841,-0.06704627533378327
551099,1.3510450625568113,-0.10009026574566748
551398,1.4682088512415423,-1.2718224820915611
551699,1.4178309436484673,-0.026382921701459505
551998,1.3258163470174391,0.09497320279809884
552299,1.5559704996486756,0.07465009753650831
552598,1.5970210198081123,0.19164844533305614
552899,1.8020479623934251,0.12076045143740022
553198,2.089695902643078,0.049453723618795076
553499,2.113377416796546,0.04779491648460499
553799,2.3405803821183704,-0.13177538261044686
554098,2.313181446362597,0.0027255013595155475
554399,2.2674505775385545,0.13248930262057423
554698,2.778940888831984,-0.5751189619033608
554999,2.690492824610449,-0.09355592845233796
555298,2.6024155961773228,-0.09874641272437534
555599,3.6837347901299395,-2.1942361823534657
555898,2.64405047827007,-0.036509569068753134
556199,3.371939739133324,-0.4655404578419067
556499,22.269579088920807,-0.27203439596243717
556798,0.0008397145413812785,
557099,0.00044822016892920855,
557398,0.0006559766516925015,
557699,0.0003591677810877102,
557998,0.0008708783404231173,
558299,0.000256089736616547,
558598,0.0002646474513638027,
558899,0.000295964379586877,
559199,,
559498,,
559799,20.81118645865852,-0.3979415097975192
560098,14.774392586414555,-0.4918622668701509
560399,1.3189264638710056,
560698,1.589471023814633,-0.38177483571009097
560999,0.7870405010258154,-0.3955383768047056
561298,0.0023904445261563293,
561599,0.0022275728327621957,
561899,0.0015174722694364798,
562198,0.0021962235861124227,
562499,1.4948160646326285,
562798,23.247884046492445,-0.34456490954877905
563099,72.38831857658859,-0.5073986766382079
563398,0.0023510946117693103,
563699,0.0018234350632326526,
563998,0.004434675317158445,
564299,0.00314238854189402,
564599,0.0017318571355086963,
564898,0.02183529875169912,
565199,0.054240379297562744,
565498,1.5718331839156527,0.2385922223791369
565799,2.080418088860455,0.2988630105379778
566098,1.5901828087990424,0.359149717598476
566399,1.8984625674256226,0.19336044744364933
566698,2.050770186693554,0.0780424313442134
566999,2.1444272832142026,0.036250006503048104
567299,2.436165865358399,-0.082520751034868
567598,4.16191238913953,-0.16474935994440187
567899,3.372012927086007,-0.12092127843759926
568198,1.6170766092962736,0.26065821337854644
568499,2.0381268410950617,-0.02795011957089355
568798,1.6752164006858763,0.14941256338381004
569099,2.237278882633726,-0.9685866170818638
569398,2.0618712154540972,0.01346292974039831
569699,8.132148895662729,-0.21390643217910554
569999,3.4440882465998133,-0.1334092772400488
570298,2.6612037737605325,-0.004593858356440883
570599,1.8380102972051173,0.15275483657214495
570898,1.6521896340183913,0.25764846756421145
571199,1.7780115245561798,0.18359210438391327
571498,1.8135188659296304,0.2472766185263986
571799,4.172661844162186,-0.029680457912989455
572098,1.8615357460280242,0.21489144144397265
572399,2.2164114008367806,0.05391761052259103
572699,2.0603964381934414,0.1202009519415983
572998,2.7029841857849206,0.050054252255104625
573299,1.991944003615877,0.19754247057104957
573598,2.2374417672092166,0.08925354968909027
573899,1.866270713751085,0.2567950694997676
574198,1.3583356259025132,0.3912844410821473
574499,1.5500887740211917,0.2776254558271535
574798,1.7884198644536535,-0.43280527102440947
575099,1.3319313685887706,0.28019991097678876
575399,1.7195930463758902,0.142676773706089
575698,1.2163907835715297,0.361411460672599
575999,1.3083105743216232,0.2859462386277688
576298,1.408079623147967,-0.6526736493917304
576599,1.245411617811533,0.2767128189603081
576898,1.0031977803352936,0.3742204593925106
577199,1.1853443510661643,0.24039554997671253
577498,0.8845713923841055,0.49615781645363066
577799,2.2570437068841205,-1.8320300765562965
578099,14.827536435009753,-0.29646910480382127
578398,8.937894931225342,-0.21851945015962948
578699,7.741284320687023,-0.19569313669701138
578998,73.00675642756576,-0.31079543980105306
579299,60.006465211687114,-0.3281280792003831
579598,0.0021319057512723632,
579899,0.006866597574224789,
580198,0.0019822604166760214,
580499,0.0023444410346760845,
580799,0.0016594990326945342,
581098,0.0018618074862564661,
581399,0.001923848862611259,
581698,0.0017449025287439883,
581999,0.0017986128277668165,
582298,0.002118417292384479,
582599,0.0024451720710461375,
582898,0.0021318136978535534,
583199,0.001999720604856262,
583499,0.0022184807335748798,
583798,0.0017730834875317066,
584099,0.0021773927043628447,
584398,0.0017804324738508008,
584699,0.0015509141211584297,
584998,0.0013950134302867351,
585299,0.0017791246873468645,
585598,0.0017188595343509922,
585899,0.002809328981162891,
586199,0.0013846957793432846,
586498,0.0014795356756045562,
586799,0.001100452712010084,
587098,0.001850236574411729,
587399,0.0023519977066593267,
587698,0.0021087699365608453,
587999,0.0012958167584029737,
588298,0.0014088981647582776,
588599,0.0012626691291022052,
588899,0.0014328796136644354,
589198,2.131063879749076,
589499,5.354374116131777,-0.20258473623504547
589798,8.93633456110127,-0.4520675235548983
590099,23.056837265430445,-0.8522430251206703
590398,19.010369941875155,-0.7728797748608884
590699,15.823956106625808,-0.740419291302933
590998,2.90952712387637,0.4690658639204013
591299,3.579221506081728,-0.2172126403648449
591599,1.692775334904716,0.555862853402009
591898,1.7343716686993402,0.47132044434429266
592199,2.645455847591581,-0.13825356254173182
592498,3.0823492427270742,-0.018512498131824096
592799,13.252059606380026,-0.5785861075586165
593098,13.574902253180314,-0.7633274017864531
593399,3.452564853631285,-0.22875028148617016
593698,33.761142462339485,-1.2846155927490153
593999,,
594299,0.0004894282115096783,
594598,0.00023530290927105253,
594899,0.00039254469593143166,
595198,0.00027590665836965114,
595499,0.00030061807071137225,
595798,0.0005005570357924645,
596099,0.0003802247737131803,
596398,0.0009924378349405285,
596699,0.0010169988510038493,
596999,0.00037124515307254745,
597298,0.000672955646793455,
597599,0.0012255429217475327,
597898,0.00140832218150828,
598199,0.0007451544574129503,
598498,,
598799,,
599098,,
599399,,
599699,,
599998,,
600299,,
600598,0.0013335143169308072,
600899,0.0007200914452767239,
601198,0.0006322329263532968,
601499,0.0015057572840633643,
601798,0.000698204158076859,
602099,0.000596780101139715,
602399,0.0004508494330493906,
602698,0.0010444881342689897,
602999,0.0006845335215064159,
603298,0.0008441462514305766,
603599,0.0005985144214750265,
603898,0.00042856203299482785,
604199,0.0002938929508800626,
604498,0.0005284226912130022,
604799,0.0008083948395483313,
605099,0.0003629139815854935,
605398,0.0003451758021791899,
605699,0.0003225326864561437,
605998,0.0005090543555520971,
606299,0.00017899970975611054,
606598,0.0012999118631588456,
606899,0.0019219343578579706,
607198,0.00044067636527592657,
607499,0.0007742359273593349,
607799,0.001302869654819824,
608098,0.0009179379194926109,
608399,0.0009859856553035113,
608698,0.0008054309143309176,
608999,0.0005919539380662608,
609298,0.00064539034506939,
609599,0.0010682378633784149,
609898,0.0011206119294094906,
610199,0.0016930059922516567,
610499,0.0017112915668829774,
610798,0.0018811574686523587,
611099,0.001613423388211591,
611398,0.00203110948214552,
611699,0.0017305821798235205,
611998,0.0021080994250679093,
612299,0.0019378599518510464,
612598,0.0018157567831635002,
612899,0.0010937480487752372,
613199,0.1514479425130053,
613498,0.7255291506156362,-0.23298542028634373
613799,5.076968751508634,-0.37580251996986735
614098,9.808042861538224,-0.5020056517272842
614399,1.9832380036045154,0.3702165808934932
614698,1.8533341773317096,0.42349786346707174
614999,1.6904363160968434,0.5864990635996195
615298,1.5364622795458684,0.49636281232703583
615599,1.598852780207957,0.4463062294380501
615899,2.260271506755023,0.0775789919540063
616198,2.7673889794723094,-0.09985300331144065
616499,2.240952726601006,0.06719887293081239
616798,1.909273560423112,0.1643153539611215
617099,2.184525895694863,0.1701347250276487
617398,3.357048867573044,-0.18352886644278876
617699,2.3091588896890443,-0.04858864632870907
617998,3.1680553818725143,-0.04665595001654865
618299,1.663828547164351,0.28758657631821616
618599,2.3720228244918347,-0.5834022732803188
618898,1.6848494948237998,0.23607883710537714
619199,3.249451772096802,-0.7657688708218953
619498,6.538650220869424,-0.31344053352939194
619799,1.9777835663968213,-0.46374958099809827
620098,1.4929051301346958,0.40717165493801755
620399,1.8031434282120857,0.2092926145812768
620698,1.3428313664182028,0.4086382474417547
620999,2.308481887746393,-0.12531453190466246
621299,1.4811135122569439,0.20536801185888387
621598,1.1030540401884457,0.5115687729930846
621899,1.281168510792368,0.4450419200542812
622198,1.5549548374373074,0.37467337143116697
622499,6.043666813383794,-0.1683101521414163
622798,1.697145168994256,0.12706536716137806
623099,4.602143062656728,-0.18213391880620855
623398,0.8038901984037566,0.7467451472173201
623699,1.279979919092906,0.4223348315639336
623999,1.12861309518388,0.46830274032197083
624298,0.9238654504208195,0.6664623799595305
624599,1.1587404101893393,0.4627146830835198
624898,0.8414724810376278,0.6714808422605565
625199,1.1720867050536565,0.4516638129086299
625498,0.8795148188631748,0.6789077696958452
625799,0.8889076693240894,0.6692302505731822
626098,0.8497255609761264,0.7506976871724401
626399,1.199487569310799,0.5454916228070154
626699,1.8402222547594802,-0.2658437201419126
626998,18.984108279491014,-0.2453013846069796
627299,21.732112541095333,-0.38049629120003337
627598,60.7988129653161,-0.9005308406081434
627899,0.0020263230482214273,
628198,0.002462756240116377,
628499,1.7819956945070317,
628798,27.301305536367277,-0.4036062916103429
629099,11.038062099772628,-0.11673912179222712
629399,5.715362687799708,-0.1359881190487624
629698,22.254072372211656,-0.5889891533490808
629999,24.886641133070295,-0.5471979588694109
630298,23.13066361810683,-0.5189379298259473
630599,0.7232865630823923,-0.6238019983287724
630898,,
631199,0.9482972295923937,
631498,16.77786171776604,-0.4025380881911931
631799,23.884270124953595,-0.378786328616167
632099,11.460711387540947,-0.4148634397138944
632398,24.535424235190415,-0.25375050500259855
632699,20.109800353660564,-0.23580579744409969
632998,14.185344147349191,-0.4002516964284957
633299,5.586327886701461,-0.06374733564366242
633598,2.366581953254891,0.39321308003692257
633899,22.063810240620555,-0.8442665523801629
634198,2.5818134223948723,0.037963057836530645
634499,1.8001739387358857,0.24560930318463525
634799,1.085249628917157,0.6862061780605964
635098,2.9057607185590664,-0.24523685833341413
635399,1.6485736643267375,0.135818917805839
635698,1.5222200321443167,0.34105553187856663
635999,2.9734104946788498,-0.11629393285445677
636298,2.9358944420949564,-0.19488645117807812
636599,6.95764955857641,-0.5911475137859885
636898,3.04464024019216,-0.1367272464243885
637199,6.12676099767711,-1.046219865266044
637499,3.8298367689225534,-0.4664165439881307
637798,4.606926483631617,-2.8729391675320692
638099,2.7925762170167685,-0.17632284090838413
638398,4.499002081278074,-0.2499902468014421
638699,49.123635381507476,-0.33613923605648366
638998,126.3178833524254,-0.10085665290996815
639299,4.150059691348356,-0.23024867429457285
639598,1.5202373329105343,-6.1733351850613705
639899,1.8691328998367136,-0.8668876142934787
640199,3.04179611777844,-1.0645804824291627
640498,3.209043426030029,0.2959193474492723
640799,6.203999339353581,-0.3288435934787113
641098,3.6951089713194367,-0.3135319187992469
641399,2.73652255845516,-0.12363577244212798
641698,4.559969618667692,-0.1386998408596496
641999,3.1798418428170114,0.4478357336903127
642298,3.614545909389785,-0.10226834370717941
642599,40.73445854354168,-0.47506638400766854
642899,79.47689768629783,-0.538027500841473
643198,3.2135786501831904,-0.31662376736324216
643499,3.6299430969226147,-0.2793979252051162
643798,4.283099852631885,-0.34647510692081007
644099,4.941728181045525,-0.10463293599010415
644398,4.213095418857308,-1.178939063949732
644699,3.651252002766721,-0.15731835476790423
644998,3.555207543540897,-0.028980804749897837
645299,3.825749358201456,-0.15798504590810136
645599,4.969121544197793,-0.20604412101780145
645898,3.425366536686325,-0.030263675962139525
646199,4.613419143040282,-0.17101897690533252
646498,4.869949087576661,-0.18366497574550844
646799,5.869003118256038,-0.24551200197727363
647098,6.55110588811638,-0.2370506801671879
647399,6.218475669691386,-0.26146856801718243
647698,6.009584543782967,-0.21298671653323042
647999,5.601796464216932,-0.1580528211119916
648299,7.334313382334163,-0.2780280806796749
648598,10.842331735883924,-0.2710584924668271
648899,9.387301732888567,-0.3068458409171817
649198,7.628110696129192,-0.2734898089103952
649499,21.63583662919512,-0.21712164540573609
649798,35.05310556066436,-0.36511921293698557
650099,23.737823274797186,-0.3899499959722319
650398,49.614896321535326,-0.38695422210806907
650699,36.55907736436549,-0.32836302016455376
650999,42.19436944968766,-0.2415539416706589
651298,35.37896238591222,-0.30066170558810335
651599,4.8458372687381726,-0.30778357585100147
651898,0.0015546533767727645,
652199,0.0032626493136028627,
652498,0.0011627685106258344,
652799,0.0035562112397990574,
653098,0.001403342610324129,
653399,0.002251998466266222,
653699,0.00515089322683123,
653998,0.02395474191364318,
654299,0.022031335794969083,
654598,0.03555840076272793,
654899,0.06001146665749165,
655198,0.0016914449959705763,
655499,1.1066746846706377,
655798,7.69140500100145,-0.2856976914170901
656099,5.947938042902428,-0.1268768540809151
656399,5.420694970973647,-0.19642644156836497
656698,2.13434505259533,0.30742470649112164
656999,2.616732642386227,0.09596419390579969
657298,2.0934651964261497,0.2620845189103451
657599,2.4378400391788806,0.11283723716954752
657898,2.801565377532315,-0.0877756233193725
658199,3.598756156975832,-0.10837262257512204
658498,6.059965896125522,-0.21580212805807264
658799,6.219592610637284,-0.23565475386479284
659099,6.528047945555229,-0.17607498863605908
659398,10.550180058749817,-0.2837102620182801
659699,7.433882788675864,-0.2080593232759571
659998,4.3391121873480145,-0.030586759784605233
660299,4.9475960219208615,-0.2691495575240588
660598,4.380597663882779,-0.18136134992834196
660899,4.1977852036633365,-0.1774327936997635
661198,3.7265528426500305,-0.11761604546298265
661499,3.7314637773783423,-0.08461170373651017
661799,6.158778322499664,-0.2590158514377676
662098,5.668858165745522,-0.23440456420229672
662399,11.690974315247356,-0.40436566533774143
662698,7.98062349913366,-0.32401826112211407
662999,9.142550943424334,-0.38942165665890904
663298,10.494883454045794,-0.3923681828698691
663599,17.1130996433766,-0.39249692022911753
663898,17.40782957629056,-0.45470458404437086
664199,18.80166727417936,-0.47653792057638933
664499,22.450444698472428,-0.4724263130774349
664798,24.838320462375922,-0.4364777788946408
665099,19.615731785260518,-0.47732981544279296
665398,33.105591147422416,-0.42851860526923025
665699,47.61961473912997,-0.586117734105662
665998,60.769793103374404,-0.4995370690274914
666299,61.88954746929536,-0.45738568387020706
666598,50.029335896082635,-0.47686718909146975
666899,56.776126378862095,-0.37936825113143
667199,26.235514667562025,-0.35340949566600965
667498,33.90345056186401,-0.5317769652074147
667799,0.0023070116731269746,
668098,,
668399,0.0018969129277099403,
668698,0.001326472225647885,
668999,0.0009635066182655384,
669298,0.0008810407328669463,
669599,0.0018041243696754116,
669899,0.0015678192474521408,
670198,0.0015943169118607635,
670499,0.0015262693728840466,
670798,0.0016239353504916175,
671099,0.0025761724849870334,
671398,0.001686459681558841,
671699,0.0019621661638909984,
671998,0.0017539018595578392,
672299,0.002180965821914314,
672599,0.002655153433074159,
672898,0.0013900106272970974,
673199,0.0018908276939662726,
673498,0.001968679451969026,
673799,0.0016954890032546263,
674098,0.001925535531774326,
674399,0.0022155585202705123,
674698,0.0010649106151822624,
674999,0.33877852661185337,
675299,19.389189464483387,-0.6055799767416137
675598,9.309158284899993,-1.702917970430177
675899,,
676198,3.8920937763928682,-0.46108141802993763
676499,8.572762324451574,-0.5701822198424427
676798,15.684599254181384,-0.6058836806416656
677099,18.742880308535028,-0.7774947263229413
677398,11.333492955884129,-0.9385670513166906
677699,9.653623028331658,-0.40042470156725396
677999,6.701429808276769,-0.18911636860099335
678298,12.706972500578807,-0.5821298157160726
678599,18.137395827843633,-0.607548934953144
678898,1.3041192715210672,0.7148775785198909
679199,0.740820744329075,0.9102553989242154
679498,1.219485158716824,0.7421594786003736
679799,2.1562560657414966,0.6036663566774562
680098,1.0972925965488058,0.7526945907137016
680399,1.6109046830348435,0.46128011745394515
680699,2.2303089698422207,0.16938616895152014
680998,3.9697980806229975,-2.4686917004899263
681299,8.730956833357986,-0.4399029136491266
681598,4.457176020616564,-0.29342062540096614
681899,13.62907139383698,-0.8479923101252334
682198,14.504220597651532,-1.0541053462673347
682499,3.4505150898602817,0.08905606676197286
682798,9.398719896526599,-0.8664409840781804
683099,2.7778034637911797,0.03010810880826753
683399,18.993775158048027,-1.7120950545397324
683698,0.0004163882060920168,
683999,0.0006270231665960862,
684298,0.0004131334439218234,
684599,0.0004495475523850803,
684898,0.0002786933781236687,
685199,0.0003892861731030901,
685498,0.0003720784001655559,
685799,0.000529170536584141,
686099,0.00032098287187082986,
686398,0.00029313344059555077,
686699,0.00043422402691873106,
686998,0.00021021839211877666,
687299,0.0002782087244429981,
687598,,
687899,2.2786215797137945,
688198,12.64412000781442,-0.614915267651436
688499,,
688799,,
689098,0.00031692938727678787,
689399,0.0006309120505246515,
689698,0.00038455801249129924,
689999,,
690298,,
690599,,
690898,,
691199,,
691499,,
691798,,
692099,,
692398,,
692699,,
692998,,
693299,0.0016745296254280025,
693598,0.0012876215354919796,
693899,0.9285349056032501,
694199,0.4569756181066578,-0.5224090884493093
694498,0.0010373297849359468,
694799,0.01214908550294662,
695098,0.001500628025251837,
695399,0.0014613583962401486,
695698,0.0015791170450999456,
695999,1.9919268070316625,
696298,2.437039663359636,-0.6974837776451943
696599,0.001499123187482135,
696899,1.4799972195726232,
697198,6.129331647263654,-0.17302419964113258
697499,20.743907149686606,-0.8668054231856026
697798,8.661273587684722,-0.4748110868835418
698099,2.5925077777541485,0.10111547202628668
698398,2.4555318081383097,0.1777864062930491
698699,2.7924177691774807,0.14209281428621023
698998,2.961811205132505,0.1465576538190454
699299,3.553019777862742,0.06084892305134937
699599,2.886590212829981,0.09916327399557512
699898,2.4056721395197,0.35791849595862235
700199,2.381365014541447,0.38577675346121454
700498,2.054760351466149,0.5978194518044073
700799,2.751715110893575,0.506836352258387
701098,2.370770478628813,0.5870627151127736
701399,2.6789294559201826,0.46529435685445064
701698,4.120254502511016,0.3123101074396969
701999,4.088748994555491,0.32320619071846335
702299,2.471372745176108,0.5442907312538994
702598,4.345152668870846,0.289188288442777
702899,2.0379163590347247,0.5621495682301363
703198,2.7794927136858734,0.3233052606022444
703499,1.9726823054465348,0.6231270137731528
703798,8.989278332431583,-0.19809328482506938
704099,4.766772972802774,0.044742597900187975
704398,4.5086810440802525,0.2980055857393865
704699,1.0979627359533655,0.8105962681256178
704999,1.6095792713238768,0.5935472148866446
705298,1.7233321445844474,0.5787883089967902
705599,1.8873341640078243,0.43022483346090634
705898,1.8499431230649042,0.4547765227543802
706199,1.89545380109273,0.44499592964883317
706498,1.4706099662179697,0.5961173501495461
706799,1.7893749124141796,0.4640416184609091
707098,1.5496094269705805,0.5445047958875486
707399,1.5176447645504383,0.5673003746761742
707699,1.9636506843476715,0.43284548983916016
707998,1.539850496508712,0.6048631818291772
708299,2.3654129611260872,0.2230747083204908
708598,2.0251267093619147,0.3248531107190529
708899,1.8760982252396283,0.25566468538364273
709198,1.6249134155729044,0.43718233875366785
709499,1.7014699815807388,0.4187851341521772
709798,1.4367728908873731,0.5372484253744405
710099,1.5046768663383108,0.49854822351406125
710399,1.939974666863499,0.26647061135451844
710698,1.7669987572683177,0.43764044453156514
710999,2.074707646362931,0.25091255438158966
711298,1.7316095451861477,0.48773166982740257
711599,2.136205108332199,0.2611349414759472
711898,2.7140451628283593,0.3068581006585852
712199,8.374787963628687,-0.27610096866559375
712498,2.1551259855982416,0.34836743906015255
712799,2.154647915160209,0.35627289312699084
713099,2.462858928875063,0.24733432666186816
713398,2.479506090169563,0.27226564471224013
713699,2.9365400655604343,0.09826404233241559
713998,2.6491604406442084,0.2692942319728815
714299,2.9884828439543814,0.07256581010034502
714598,2.551572903362634,0.28185860325989043
714899,2.8127653857908146,0.18223431656636147
715198,2.394149144752895,0.29597301562347
715499,1.9419740692094964,0.37502054608647617
715799,2.5509588504230902,0.18732954774313926
716098,2.1743465562217765,0.3109705634940517
716399,2.7464813285531067,0.1484441083600334
716698,3.5729468457533446,0.09988086059517842
716999,2.0930549428196326,0.34091036161856414
717298,1.542517857745135,0.5525229089138453
717599,2.1280770460725575,0.3445749081040016
717898,1.6034041873953957,0.5554264274356062
718199,1.5628384270709885,0.48027416426384184
718499,1.9673792443504021,0.35001848425503224
718798,1.6885467857651193,0.5188953137158812
719099,2.1120666628756997,0.3547928979450975
719398,2.655568572839807,0.34319110132339314
719699,7.8708920864684195,-0.1640241901189199
719998,12.07651619753467,-0.26627017241835893
720299,4.8806450841845805,-0.016417220844049396
720598,38.5022496703674,-0.18546505697867666
720899,1.7233385112918702,0.6713135262424066
721199,1.2899606449321688,0.7413462230939348
721498,0.9078854209024227,0.8414868372892178
721799,1.0988513950436958,0.6843741684500536
722098,1.422547285527231,0.7172264809882525
722399,5.391581390827586,-0.14753174089414678
722698,1.9777891182457528,0.48817239501332166
722999,3.017054071946499,0.3770610135538467
723298,6.5232353575491935,-0.23106965373809052
723599,2.596800415936352,0.444830830733853
723899,5.7829810478258805,-0.07176360384540792
724198,1.3477841582086496,0.753516181419764
724499,4.081051793800099,-0.1413097680632962
724798,5.755538019231997,-0.2554577451954585
725099,3.7971575769817627,-0.3020522104533614
725398,3.5023449644453404,-0.23105855531764385
725699,3.6400459373977703,-0.2401542609780638
725998,6.766739529707514,-0.4110825933337352
726299,2.906868747365743,-0.028951715765139108
726599,3.2504397154077034,-0.13873036836296948
726898,2.6760819019660347,-0.005401437512226881
727199,2.905447975151562,-0.08803755054582307
727498,2.6895902570745287,-0.07385874166403261
727799,2.9809887968291857,-0.1078747070185182
728098,2.7752881584372853,-0.08764062133537975
728399,3.001184128407788,0.00470881486867214
728698,18.209478672852068,-0.28078154234330444
728999,,
729299,2.9407455090140306,-0.02664271465581103
729598,3.2404861000451177,-0.11076871620366857
729899,4.2925787037769165,-0.27949931706884223
730198,3.4789119819405956,-0.048321952701642745
730499,3.3864417450952393,-0.12443283258666393
730798,3.3871817864443425,-0.05412365858253154
731099,3.6759331711544316,-0.10987408541493315
731398,3.5519039147351914,-0.09992381032373254
731699,3.9725048935131375,-0.13700871562745998
731999,4.130925837010369,-0.20915321207505788
732298,4.090114807561873,-0.08203742894955912
732599,5.298857577579722,-0.3991196544296485
732898,4.187307695439205,-0.11833971043059033
733199,4.40793497512892,-0.1164718137737446
733498,4.582606928364041,-0.15213903152190444
733799,4.629431410920959,-0.14044792664604255
734098,4.5233033026619,-0.05964430171015822
734399,4.569873001528425,-0.14350795394989602
734699,5.044579982441408,-0.14942490613330373
734998,5.073540997929693,-0.17230869604478727
735299,5.257817896588782,-0.13376477621304517
735598,5.44403860747738,-0.16752257148018712
735899,5.625460015374942,-0.13634037904074803
736198,6.220189686831273,-0.25253541196066154
736499,6.337098177403513,-0.1787574444911253
736798,6.502261577008399,-0.21114373974822498
737099,6.635589630066233,-0.2284696890920621
737399,6.908679797808652,-0.21113035595852514
737698,7.645707142124688,-0.36163839386484953
737999,7.316270916112221,-0.23192571070504275
738298,6.900862784021661,-0.1709634174197292
738599,6.874755840099636,-0.13484077081868073
738898,6.716666883918809,-0.21249421934457713
739199,6.6818522768023065,-0.14052542622811282
739498,6.460840623818161,-0.1859610968403702
739799,6.414053459504534,-0.23636689739169148
740099,6.456377622557606,-0.13458332631259284
740398,6.5352784763136125,-0.30598300904974773
740699,6.540653392657641,-0.19942713209081697
740998,6.645474343930073,-0.2618146518544673
741299,7.021607527159471,-0.31193598569544556
741598,6.991660673951817,-0.40093242466305234
741899,5.817059110071864,-0.0544445906618114
742198,6.814986422187465,-0.36637293460349274
742499,6.397171916446861,-0.3250586935518087
742799,6.443561819437032,-0.3021147223055878
743098,6.329611665087125,-0.2646915020991585
743399,6.694669662585645,-0.31910981005580985
743698,6.6209761588494995,-0.3482773762768614
743999,5.703807186028899,-0.0429227337633582
744298,6.436761991673893,-0.2936073290579271
744599,6.763182282970796,-0.33358845427974204
744898,6.127095472765614,0.09497066641657936
745199,14.191253528294538,-0.47790843941034056
745499,7.489788092930981,-0.11883886653410469
745798,5.604070889822721,0.005676179085235211
746099,7.221889477717626,-0.2429712238674553
746398,5.886028231465125,-0.13465500017325827
746699,5.3548328625059884,-0.176477164922606
746998,4.893714459326748,-0.14641884361637825
747299,3.0468711186414854,0.06934852518824963
747598,3.0362553706133486,0.06930445585325684
747899,3.160213996131581,0.037481539882558645
748199,3.5862913355413233,-0.09110289817101758
748498,3.800143620365704,-0.21699054430790365
748799,3.5866525821627513,-0.1026894831433749
749098,3.5162365434169454,-0.099320980173083
749399,3.2463250115330697,0.06592954591746114
749698,4.149749283617926,-0.22257545887130492
749999,4.251114689097681,-0.21739054174700234
750298,4.082127366294973,-0.17028733722085865
750599,4.080630613483205,-0.1171899944476944
750899,4.170504502288719,-0.11000040979446246
751198,4.2807969860989195,-0.12091838449172454
751499,4.7686231200225215,-0.23369644082243135
751798,4.500060603924727,-0.11295351983135204
752099,4.685361755616984,-0.14664123831108622
752398,4.284700594563622,-0.09758875512537157
752699,4.668547609697455,-0.18515021558615552
752998,4.557501621331537,-0.12016574477089947
753299,4.563024858739055,-0.10373860555906167
753599,5.463530081635329,-0.2698743767052345
753898,3.8256811424572756,-0.02345967588569242
754199,3.7431776135853503,0.04061620947714695
754498,4.073019665519087,-0.025157660447854058
754799,4.365231255714773,-0.03642958007189434
755098,3.8471310807030528,-0.027706492266210025
755399,3.1978650483835427,0.08908591726628834
755698,3.364682638431141,0.08845328755371251
755999,3.3464736362020684,0.09526082247854128
756299,3.5456681382174837,0.009486600076450524
756598,3.6253315493992,0.005391804971847214
756899,3.512814730817597,0.08779850430528213
757198,3.443258719955515,0.07619720495845372
757499,3.6565808830984423,-0.02844665930584478
757798,3.538922032988434,0.02930501495741278
758099,3.916907632907804,-0.020946747452241787
758398,4.927564483490667,-0.12786700389228356
758699,26.390993300043537,-0.5390844243403385
758999,31.42892120746599,-0.5128183697282991
759298,0.6742647018884899,-0.27089854252293466
759599,,
759898,0.0014908541130373154,
760199,0.0017417380206219482,
760498,0.0019236571723302083,
760799,0.0015217293327325614,
761098,0.0017118441799024969,
761399,0.0021361198121691858,
761699,0.0022651856314462662,
761998,0.0018593131614544295,
762299,0.0014377640085526404,
762598,0.002075869552599285,
762899,0.002174277316446963,
763198,0.0014035737125418738,
763499,0.0016222173140716342,
763798,0.0013477047994988414,
764099,0.0013288794635226819,
764399,0.0017850077709887498,
764698,0.0012845942951373588,
764999,0.0018922364375050461,
765298,0.003167962932541448,
765599,0.0021240799826362042,
765898,0.001369769345533463,
766199,0.0017105881122455654,
766498,0.0010269618506612115,
766799,0.005542547178281998,
767099,0.0016076303806742684,
767398,0.005929490979172944,
767699,0.002936729793973435,
767998,0.0013936553252927334,
768299,0.0014870265367476238,
768598,0.09451381187486153,
768899,1.4750946105290765,0.6580013355481896
769198,7.810064857093615,-0.027265705255816286
769499,8.773107740254055,-0.6069758758546031
769799,6.768236130410812,0.0007126992576855784
770098,6.890428116727873,-0.22158025674330117
770399,5.907386001544856,-0.1689151639470272
770698,5.449799036111216,0.04028543007881924
770999,18.56913301086898,-0.662235548780548
771298,11.39594983722711,-0.5398272772568626
771599,33.90195297686905,-1.4901094413793077
771898,,
772199,,
772499,,
772798,,
773099,,
773398,,
773699,0.0010168748501612514,
773998,,
774299,,
774598,,
774899,,
775199,0.0003854984806224282,
775498,0.0009300453271260372,
775799,0.0002820924609838644,
776098,0.0002830664767871909,
776399,0.0006036026855761931,
776698,0.00044868684468911076,
776999,0.00039273885404852575,
777298,0.0004761404939528753,
777599,0.0004080464420601336,
777899,0.0002820736718489238,
778198,0.00017379287798404184,
778499,0.0003365144145120451,
778798,0.0007156494088354793,
779099,0.00022334589773667968,
779398,0.00048745378556441777,
779699,0.0003782325582684397,
779998,0.000870406478289714,
780299,0.0004716756464739523,
780599,0.0007920615370582206,
780898,0.0007497361864316224,
781199,0.0008546236365871353,
781498,0.0005991589129108334,
781799,0.0006436538882180527,
782098,0.0005525778030243691,
782399,0.0008760154823817237,
782698,0.0007903677821584221,
782999,0.0005893704178853801,
783299,0.0006597525104201408,
783598,0.0006558696950748611,
783899,0.0006122370962590339,
784198,0.00039206325313017524,
784499,0.0007348291074331603,
784798,0.0012342874375007194,
785099,0.0016567801743716567,
785398,0.0013696079044972507,
785699,0.0008175344601316535,
785999,0.0005496161273163863,
786298,0.0004104720188331015,
786599,0.0005927871180916419,
786898,0.00041239300043371567,
787199,0.00047133687974072833,
787498,0.00019760029823477447,
787799,0.00036035676392933737,
788098,0.0005279026625323483,
788399,0.0004305569295895956,
788699,0.0021268300235112864,
788998,0.0020344541266691255,
789299,0.002088867715387327,
789598,0.0011876620367965319,
789899,0.14545559747936704,
790198,2.1365626050848334,-0.2530381559946784
790499,3.9376983415309366,0.1476302233733786
790798,2.084099382904749,0.6759980700997976
791099,1.895167373728916,0.7196443657922265
791399,1.82565936067177,0.6353544944576337
791698,2.123134788068446,0.7172715049022954
791999,4.609107292081909,-0.07895412189827389
792298,3.0222443006103714,0.2285934210525259
792599,5.219770462425405,-0.016932508757977027
792898,3.0108414795792395,0.22454309056643595
793199,2.6443064522782054,0.4300257058826985
793498,4.103509069458533,-0.04216275490372445
793799,4.240003966203592,-0.13345645288316832
794099,5.256417685151828,-0.2801579281514526
794398,3.512121511292917,-0.06172181414101985
794699,3.3703818213811534,0.020820963256781178
794998,3.488737448898481,0.010615706435220251
795299,4.0957823286762896,-0.10895905577721243
795598,3.190538520701194,0.13342231486211287
795899,4.468363612537822,-0.2496778715451835
796198,3.3668859437220773,-0.03175610172967236
796499,3.576524991746913,-0.0707372601276639
796799,4.659021621751247,-0.25091347490399785
797098,39.014077343170385,-0.29495613550027633
797399,6.085762746285482,-0.20501959490112998
797698,5.862056910606542,-0.15155055830257114
797999,6.085449996494811,-0.155960650334229
798298,6.284485148508095,-0.1563373668653707
798599,2.8985487342673704,0.07415224597890258
798898,3.022210058923335,0.06661506510735993
799199,3.4171903940078376,-0.030236423948056812
799499,3.2037210632559034,0.11483990634619479
799798,3.3600967248857536,0.06505355883163266
800099,3.9206373541830666,-0.025709193032449562
800398,3.453442548715648,0.022101484359549173
800699,4.122752352780963,-0.055584741855342124
800998,4.024095976324343,-0.02020002249165076
801299,4.740251592491591,-0.16836225053347187
801598,3.861035835324335,0.009677546533689463
801899,4.3134399230929015,-0.011854135131093235
802199,4.679547532851241,-0.11696337216922248
802498,4.904206290448503,-0.04000056353053294
802799,4.455411260279353,-0.12819701778086445
803098,3.6616099364234276,-0.0234029049885367
803399,3.13088983860435,0.02528532902618541
803698,2.947785398414939,0.1561951750214785
803999,3.0822794187395357,0.09918228325951783
804298,2.6545294800082306,0.2794045314850201
804599,3.179052453509807,0.1733671762973733
804899,4.110392672888964,-0.11264527087357656
805198,4.507228720699981,-0.07738044743855665
805499,4.822483704128719,-0.19905792599094663
805798,13.839374867148011,-0.38208758102292695
806099,97.7230473717878,-0.4495182610184132
806398,52.222116239130465,-0.4492252148624798
806699,0.7127775640986328,
806998,0.8181065495464477,-0.6398637323303804
807299,0.001678593539800255,
807599,0.0016307376957268866,
807898,0.0020217789640380687,
808199,0.0018505546386608175,
808498,0.0014717090496421939,
808799,0.002289815826291725,
809098,0.0013867439251658794,
809399,0.0015751186820068676,
809698,0.001474567797249213,
809999,0.001252613697656002,
810299,0.0014354255545110425,
810598,0.001122208127805892,
810899,0.001152817700455871,
811198,0.0010012861991807796,
811499,0.0014020969171264959,
811798,0.0015446827638259245,
812099,0.0009757567430564889,
812398,0.0031912460519941256,
812699,0.10816774539837744,
812999,10.526610517302952,-0.5646985732448129
813298,8.90224119603282,-0.511509918303273
813599,8.73989348306469,-0.3508161128567968
813898,3.2520749527219897,0.16350218126543703
814199,2.4702461341024584,0.5610281393069625
814498,4.577231689615842,0.042501164365990385
814799,3.2579470068938665,0.4041444067831528
815098,3.6307987428889,0.1935759268358358
815399,4.390723299430926,-0.04425271648539586
815699,7.091744024533485,-0.14110033724735427
815998,5.028254768570544,-0.33792886010274925
816299,4.988551112160567,-0.26773554152366685
816598,6.273002778683438,-0.5872960922719594
816899,7.837318264953303,-0.6894532079417459
817198,7.1247417313989025,-0.7225322837544617
817499,6.313461846055731,-0.627847290474306
817798,6.364825468520233,-0.6023834788475719
818099,5.8399207319249795,-0.6360048368538949
818399,11.763993790015027,-0.600431801745609
818698,5.21345534700621,-0.3678736251506842
818999,5.341659738723452,-0.5428572386239958
819298,5.770982077542633,-0.3478156408363915
819599,6.8914617966752285,-4.286352712969091
819898,5.580784023819599,-0.4330953519107561
820199,7.667206531099124,-0.49266645765232586
820498,8.145323889220924,-0.4370354722980152
820799,6.114875083216714,-0.44078216267087544
821099,28.883817562870902,-0.5972438035911407
821398,18.0627141423094,-0.49992200685578947
821699,33.56309748580881,-0.39510126161772563
821998,4.763578360425405,-0.14092484078713308
822299,4.6025625678633055,0.030517133429904586
822598,5.8141698800339,-0.1950574474343234
822899,6.4510115567410535,-0.23772643140836647
823198,11.181269611085382,-0.38032103130307693
823499,12.010976949069926,-0.2285051187469176
823799,27.194456608059266,-0.4459647305180099
824098,28.58493800489748,-0.42669033074083806
824399,19.333239520715008,-0.4485831592356744
824698,16.78145125454049,-0.3475943473846905
824999,15.562297114546213,-0.34987805640301506
825298,17.391431458809105,-0.42522224761044747
825599,19.144334922558507,-0.4083144406812984
825898,55.62901703657483,-0.6341178877008613
826199,69.62415054778285,-0.6282221731214295
826499,60.627334076466695,-0.581035835201678
826798,99.72743378348409,-0.6098107132085628
827099,112.53111999126554,-0.44734816628442875
827398,127.29638459555258,-0.503926300812946
827699,101.24580438303,-0.5084177442616677
827998,116.69226681057661,-0.48856961437368174
828299,96.65983512201643,-0.5585615272719116
828598,79.67692722149987,-0.46517441552416416
828899,102.10115037418045,-0.5714711600002993
829199,68.69326676036476,-0.4822676884643011
829498,29.59536984150101,-0.3938779341619212
829799,53.91313169095606,-0.5934170060227464
830098,52.563700718863764,-0.5234498584486325
830399,65.28442338241396,-0.43751182856979653
830698,55.922876829880344,-0.455725328878704
830999,59.89313731602028,-0.5009761338953302
831298,67.47227353558868,-0.4125494620041905
831599,50.133361575554574,-0.4546430335377476
831899,62.247446884602546,-0.46444573855999427
832198,45.8882388026502,-0.5081651244211851
832499,40.656602382117384,-0.4582336199727086
832798,47.209611189298194,-0.4132635923537
833099,44.921385260718026,-0.4132958775944051
833398,32.954211599998295,-0.4903294900141131
833699,0.021652662733522236,
833998,0.038920786194626626,
834299,0.01863675909761678,
834599,0.026472226797968675,
834898,0.016770368732064615,
835199,0.026652386716793416,
835498,0.3834464692016863,
835799,10.424779568932856,-0.2549438065217817
836098,11.336519172779411,-0.16570404974703434
836399,10.003291851723251,-0.15522934936366473
836698,9.226625342886043,-0.15602874759360796
836999,8.196487727615464,-0.15766313573716872
837299,7.002687954625204,-0.11957016519063113
837598,7.306756947384244,-0.16586808766981886
837899,7.993741556669304,-0.26792396022538467
838198,6.247902969200349,-0.24364820425327727
838499,5.7510032139221465,-0.22332290286956002
838798,5.253341665963259,-0.11950076947386545
839099,5.628719250342147,-0.23691663018913522
839398,5.329740667514624,-0.15295660433785985
839699,5.45528463897161,-0.12951502311872964
839999,5.789748092056783,-0.2594506543306454
840298,5.508955239651402,-0.1461056408920982
840599,5.684354659327169,-0.22597862430119986
840898,5.634023570362093,-0.12725710304562265
841199,5.856916808613773,-0.21764399885172536
841498,5.956443174184288,-0.2526905203466234
841799,6.754242612557003,-0.24922205291855826
842098,8.740096221521148,-0.27734246752770764
842399,7.356142946933003,-0.28855585067511935
842699,7.113646057492496,-0.2656678762295448
842998,11.908047018953178,-0.32688765237691175
843299,10.329000158113791,-0.7397177112223987
843598,0.9024683254602254,
843899,,
844198,2.9937354762549506,-4.501463677398549
844499,8.873055041165982,-0.2846816807894803
844798,8.410348438077657,-0.21910114746832332
845099,8.701585894972727,-0.21818507273214216
845399,9.65215307672937,-0.2946837862644631
845698,10.62328624707747,-0.29296721584962926
845999,19.55381511608783,-0.32380408271153494
846298,23.606571810080897,-0.16787272632324513
846599,35.987222751946724,-0.18905867372059926
846898,58.200005994917305,-0.24358504618954813
847199,71.06265775421909,-0.25871194839882095
847498,1.7848251092713545,-0.2384857056926879
847799,0.002828452879355588,
848099,,
848398,,
848699,,
848998,9.197039626952124,-0.4464922500080517
849299,0.00219504832906565,
849598,0.0025010102587336327,
849899,0.0019599389763872,
850198,0.0018072903845026819,
850499,0.0020852546614392197,
850799,0.002326527695764198,
851098,0.0018233001495415334,
851399,0.0020845808596634766,
851698,0.0015575483314252715,
851999,0.0020062841861603355,
852298,0.001381316675625156,
852599,0.0015004138949580802,
852898,0.0016143216750409014,
853199,0.001266772383017713,
853499,0.0020031914388081414,
853798,0.0014933237316875321,
854099,0.0012503488607609648,
854398,0.0032382216353551117,
854699,0.0013258332720624917,
854998,0.0019344478695261906,
855299,0.0010817924916343446,
855598,0.0010837780835772036,
855899,0.0037647757482234287,
856199,0.0024091414227631913,
856498,0.001528471810545144,
856799,0.0025314761355794734,
857098,0.0012968202326026892,
857399,0.0017707289951414084,
857698,0.0021664969127665364,
857999,1.3275346609360932,
858298,18.441092925891194,-0.454162280384812
858599,9.261360273841932,-0.4411258002935161
858899,21.88218112916704,-0.5773893613047747
859198,21.847409814908556,-0.9040352457847427
859499,,
859798,0.6769055403340594,-1.2453826967572086
860099,,
860398,0.41012003797577595,-0.12539326216993296
860699,0.8023062140022181,-1.3189123766483895
860998,,
861299,,
861599,,
861898,22.04861566166315,-1.1314803032353367
862199,16.176048860013687,-1.1828377344497474
862498,13.630394174138488,-1.0636066486859819
862799,1.4834244775257297,-0.18809894475811184
863098,,
863399,23.809125000706366,-1.2151074203558654
863698,0.002954870295854504,
863999,0.001477380216094343,
864299,,
864598,0.001839074448037765,
864899,0.0014876146821779328,
865198,0.0007183254051608003,
865499,0.0005315624994402373,
865798,0.0004938050809183643,
866099,0.0004114809625321832,
866398,0.0005444372130206232,
866699,0.0009845066412580048,
866999,0.001092916884546822,
867298,0.0008199181604350496,
867599,0.0009435856962334171,
867898,0.0015704146373692511,
868199,0.0012033479971909962,
868498,0.0012320855363408137,
868799,0.0009871776120897928,
869098,0.000779782202241339,
869399,0.0005109291661673925,
869699,0.00039390699058535037,
869998,0.0007186266726766754,
870299,0.0005498395219590054,
870598,0.00041271073688842045,
870899,0.0006404938612529041,
871198,0.00079082827345779,
871499,0.0007215046520863852,
871798,0.0014588137848186732,
872099,0.0006476624928793825,
872399,0.0007205921393476505,
872698,0.0007738599106068289,
872999,0.0006122874665467395,
873298,0.0008299954768836748,
873599,0.0007925092715465185,
873898,0.0005207983363719391,
874199,0.0011603910754443116,
874498,0.000864913372722357,
874799,0.0005665914343421195,
875099,0.00019013984680865052,
875398,0.0004766441164314689,
875699,0.0003740714773729523,
875998,0.0006468469641122542,
876299,0.0004685130100530955,
876598,0.0006364070686855335,
876899,0.00035690292869503177,
877198,0.0011277407242824443,
877499,1.3737268084948127,
877799,5.1863582991846195,-0.16383987832649893
878098,6.102292219482023,-0.27571510512385133
878399,5.521662971596641,-0.1278539624913706
878698,5.9921498063880225,-0.19227473967933628
878999,5.953639421269185,-0.197713682545136
879298,5.859882550841856,-0.3232764032332174
879599,5.9656917265950575,-0.3591678871248518
879898,5.339494609055922,0.1785895367240623
880199,3.74658174394233,0.2864475772920698
880499,2.6930244721606664,0.46570648615143173
880798,3.2735940038774807,0.2588835268490307
881099,2.72323482026324,0.5477351532299252
881398,3.256917461019135,0.2451447543403562
881699,4.575833879077884,0.2169570949731091
881998,8.000510227977047,-0.15785490801043722
882299,2.1893247001591694,0.6305272516001414
882598,2.590793881865226,0.40604500125667575
882899,3.087896182692684,0.25096126704196786
883199,3.704810784020731,0.11018929800751276
883498,4.631446872683693,-0.037873137827535874
883799,6.844603797253475,-0.30224570032317
884098,8.246387329901843,-0.20611961599985906
884399,4.74420164397186,-0.18934926987036982
884698,7.266929278596908,-0.2766141552293422
884999,6.414822976941245,-0.08289779074054793
885298,6.997645177502921,-0.2802392847936874
885599,7.185777956426408,-0.24485178972770472
885899,6.988473587884898,-0.27366401704234766
886198,6.862866879344417,-0.26161012552409724
886499,6.986753283211048,-0.3269626473447864
886798,7.005355819263733,-0.2964981999244567
887099,7.223604235062434,-0.2527190221391227
887398,6.940174923336756,-0.23391543850677476
887699,7.462443862302807,-0.34171953714763736
887998,8.448832403554398,-0.3186575486346064
888299,9.801890358661744,-0.3470992466519356
888599,11.38310502273934,-0.31768101214812217
888898,6.639107387722352,-0.30635410546175246
889199,6.253887865767062,-0.33856264489579346
889498,6.714105777566648,-0.2585318829341694
889799,7.399912575909379,-0.3074913152036889
890098,7.222864988043914,-0.23119343094740796
890399,7.765595311329351,-0.2567798696562833
890698,8.294618745904309,-0.2843254530591328
890999,9.041749485367923,-0.39856433875176456
891299,8.723221521290219,-0.36042816049367254
891598,7.3779516507227765,-0.182338123865049
891899,10.659124827524627,-0.3801882391141429
892198,8.002584413762508,-0.42042456921285853
892499,9.071363535524418,-0.45858005463500895
892798,9.338574261461995,-0.4677990966780172
893099,10.6172379299011,-0.4078328138335492
893398,9.097898059160393,-0.292468928709233
893699,8.03436152045524,-0.40262199212930594
893999,10.239821206519647,-0.4510434325440551
894298,9.467531004809823,-0.3664510444396041
894599,7.49909600823932,-0.261526716672027
894898,7.602641090208702,-0.3484527186577038
895199,7.650016834357197,-0.36855092424534863
895498,7.718836177535511,-0.2571131854894966
895799,9.460455732860348,-0.382779811454075
896098,9.378970191115917,-0.3544125254201984
896399,9.72318400967393,-0.37434372191109055
896699,10.4943135287544,-0.3234100226446428
896998,8.066023459383773,-0.3015008704248543
897299,11.972250660637162,-0.38824057805669376
897598,10.666204563193766,-0.3455040502229383
897899,12.987081879614804,-0.3849397430196553
898198,12.79620050944706,-0.3818924353240931
898499,10.91613240098034,-0.3565786556411905
898798,40.540901558072505,-0.4063897111437804
899099,53.755114151043706,-0.524573646390734
899399,38.17752416930578,-0.5248212748928449
899698,,
899999,0.003302157533422191,
900298,0.0013079338605387245,
900599,0.0015813412109367284,
900898,0.0034246442294658857,
901199,0.0014654505501709646,
901498,0.0020745644706660835,
901799,0.0018994638398973232,
902099,0.19713456482373826,
902398,3.319947183970787,-0.04649710606769042
902699,11.103464225807798,-0.4597385103992462
902998,19.215237047487832,-0.5465792170551163
903299,23.532526456336438,-0.6953172387598041
903598,9.43170720067085,-0.3059316976693782
903899,8.793738098196865,-0.384994940897571
904198,7.276154613833477,-0.37612566315681284
904499,6.839275490488304,-0.35708239434564226
904799,7.307614014317696,-0.3130734514928204
905098,5.0331199243563685,-0.2603845180701472
905399,8.974403074165203,-0.36488180039326146
905698,9.13166865882488,-0.47535947812495283
905999,6.666710436887541,-0.4040686214962015
906298,8.097203301109994,-0.51725179687314
906599,7.755455647453875,-0.5941843823285071
906898,11.351225116952204,-0.5571900640349958
907199,10.726821264800087,-0.7048243334135289
907499,9.61242249154091,-0.6434839047562153
907798,12.475898190774682,-0.7212386578118783
908099,11.31699111980817,-0.7260358892889027
908398,19.557915381388412,-0.449560824170526
908699,38.54341993310614,-0.6425270608175564
908998,12.12102227358722,-0.5086619055996595
909299,6.790478042087537,-0.5389630458044421
909598,7.779494180595261,-0.4636422575670429
909899,22.190593382470368,-0.3712532261231465
910199,4.994003278983436,-0.2462308499235133
910498,9.89344339123983,-0.4577458455631065
910799,6.428089532561608,-0.5220457767685063
911098,11.121941518015527,-0.6073426636110395
911399,20.230739364882346,-0.642631557020028
911698,27.80954587116271,-1.0574444242735122
911999,5.535185662563516,-0.29519160180029314
912298,5.261037719050762,-0.20483836984773052
912599,6.16474112569513,-0.3004375631133671
912899,6.70198998341812,-0.27678979138465
913198,7.0363626811968585,-0.22883794382179357
913499,8.138484169618362,-0.23739584007267522
913798,7.0041154633782305,-0.21967112663416177
914099,6.6254563092610805,-0.17166340632817656
914398,7.10191110099667,-0.14029486752776754
914699,7.773057281578234,-0.16024362034375716
914998,8.579812928272862,-0.11963218697881284
915299,9.155297969019761,-0.16875615082504303
915599,9.54663763984792,-0.17027738427903039
915898,10.219907275220928,-0.1924581448131324
916199,10.992350585898597,-0.19989163451569336
916498,9.028776133804616,-0.14042638319979628
916799,9.941744075167847,-0.1650197203557795
917098,9.762827860249532,-0.14476807109824041
917399,10.060611576263097,-0.16053385039446355
917698,10.611622742552314,-0.18322628628590065
917999,10.39954932298913,-0.1466330376009195
918299,11.336339192817318,-0.1695092062245005
918598,13.441868854671137,-0.1502667131621167
918899,13.577253502028862,-0.1631888429638686
919198,15.363212635543388,-0.41175480919149643
919499,12.92521633144116,-0.3060994086031068
919798,14.020954202430485,-0.3609899950765072
920099,13.822395981441458,-0.3086415430702072
920398,14.480500500155607,-0.2837899257396508
920699,15.251865482492965,-0.2592040013091441
920999,19.843031737819512,-0.3644631397944502
921298,17.63897774091795,-0.3571859633131673
921599,17.270726938981948,-0.2754803481500594
921898,21.15924606319128,-0.35917245458912106
922199,,
922498,11.899685582550779,-0.2550094484044869
922799,2.780178676287598,0.2743431363128982
923098,1.713126557663872,-0.6647057191241403
923399,0.002881160069564504,
923699,0.0013226828680163916,
923998,0.0029136330930657397,
924299,0.0013494833099596535,
924598,0.0009501378075935233,
924899,0.0011921796990149263,
925198,,
925499,0.022542249024425635,
925798,,
926099,50.88663726515536,-0.24820424156184973
926399,57.076349319825326,-0.1702996986852161
926698,3.411794130610808,-0.1862890239945727
926999,3.4620580339716307,0.1700783671332381
927298,4.329326789007712,-0.23730244404470135
927599,4.388936652866155,0.14284495853334178
927898,4.672742376899082,-0.2956986645990247
928199,4.293570063696429,-0.0055300630122758765
928498,4.524125246553443,-0.06212537162792198
928799,4.160183938026524,-0.030045967330803336
929099,4.896885142148116,-0.19413406826233204
929398,4.563833667713223,-0.12071011664409648
929699,6.274725481999282,-0.31740863517347995
929998,17.369159587740164,-0.24468458021573158
930299,4.8156178373205165,-0.1972972168779863
930598,5.114039435602781,-0.2454734542846586
930899,5.476328013429072,-0.2860721657074612
931198,5.934418297815485,-0.35242476031352643
931499,5.724007222676513,-0.24592440538121374
931799,7.085816107579546,-0.399079738549867
932098,6.0859992833069025,-0.24737493703400015
932399,6.140217063075362,-0.32840979710459095
932698,5.6690250655433925,-0.22702754446864915
932999,5.963293275793497,-0.31992673708674313
933298,6.2738239725929965,-0.299447978915401
933599,6.234170503245003,-0.33442561352575817
933898,5.939584283266252,-0.21529373652270123
934199,5.984579554601653,-0.23819419587312596
934499,6.599850245240033,-0.2516479400828038
934798,6.813881595247306,-0.2697354922530353
935099,7.559295550338354,-0.24469591319511896
935398,7.337371063753882,-0.23337773180175803
935699,8.330208449422631,-0.2463505354961002
935998,8.813002646631377,-0.30605071902883796
936299,9.661275750555404,-0.30835712030663065
936598,10.200434079255334,-0.3316867155043213
936899,11.053360341828064,-0.36726590028822237
937199,12.032819986791063,-0.35060936037064994
937498,26.880897255117034,-0.47006413702004135
937799,10.445502106154441,-0.4002834753805178
938098,28.79295981923555,-0.3024364723212898
938399,36.442598864046204,-0.40071528302572834
938698,43.16163817018884,-0.46274076202821557
938999,37.19343632308759,-0.5457213640780283
939298,0.004206173374118007,
939599,0.004927428400646563,
939899,0.004274802623355899,
940198,0.005055675725059314,
940499,0.003850037167725321,
940798,0.004573283354826732,
941099,0.004041116988654315,
941398,0.003944095594820535,
941699,0.004689467051940839,
941998,0.004016456290131035,
942299,0.004079926055510695,
942599,0.0033779345297243715,
942898,0.003732755645154911,
943199,0.003741111923203178,
943498,0.004178690933533919,
943799,0.003641653034965731,
944098,0.0032804093922705543,
944399,0.0037631594062713936,
944698,0.00547176743826814,
944999,0.0029149927961831055,
945299,0.003486115221286955,
945598,0.17375799931312313,
945899,7.171027268133319,-0.6882106113476112
946198,5.783876879004012,-0.06333659423782723
946499,3.9181242672076624,0.34674235339164616
946798,3.613281077458742,0.2901486979579396
947099,5.533213883369827,-0.23946390015098618
947398,5.794425969870837,-0.3309537831805036
947699,3.795741863899031,-0.02586757090555003
947999,4.680421049200164,-0.2128045345173788
948298,11.171937975880017,-0.5399540487105339
948599,23.259998769259752,-0.6066247783591769
948898,23.817905899100033,-0.5505214107030012
949199,16.462736998360807,-0.5463722837365574
949498,11.2099421197413,-0.5534347204357837
949799,2.704335458091101,-1.8589443405972474
950098,12.076997797541837,-1.1325850150548376
950399,0.0015732580002708262,
950699,16.291523632790536,
950998,15.179889476525867,-0.9211850111483648
951299,7.0515340946455325,-0.4719222066518547
951598,6.079434672285099,-0.5158424527435332
951899,11.914121525531678,-0.337899824615145
952198,9.38330512417182,-0.3385403111799763
952499,2.0243693550378183,-0.14960997154882572
952798,4.947728572450744,-0.39995463433371437
953099,1.3019203846698282,-0.8148605338052444
953399,0.0025763297963451687,
953698,0.0018833566703406598,
953999,0.0014100381202683298,
954298,0.002380462959941941,
954599,0.0020184455717467804,
954898,0.0007965645470054186,
955199,0.0009508437777977598,
955498,0.0016761104131886918,
955799,0.0023419762341718364,
956099,0.0070349551120048055,
956398,0.0012845889237878706,
956699,0.000844663524311228,
956998,0.0014363682561924125,
957299,0.0014590997397044675,
957598,0.00159500377320672,
957899,0.0008274958947431839,
958198,0.0008785021531914857,
958499,0.0013001902768215883,
958799,0.0016007655270437607,
959098,0.000735471227403066,
959399,0.0007045171429424622,
959698,0.0005537499447527918,
959999,0.0011068326084349373,
960298,0.0010034792240546599,
960599,0.00038928111631781535,
960898,0.00027181299650289145,
961199,0.0008227268388602829,
961499,0.00047189001070125063,
961798,0.0006419932427938018,
962099,0.001275096957206279,
962398,0.0013274419340150788,
962699,0.001741742412325619,
962998,0.001537358689748772,
963299,0.001384232848099904,
963598,0.0013020306805660484,
963899,0.001098314774158063,
964199,0.0016138494014624305,
964498,0.0020401361434998705,
964799,0.0024402746030241745,
965098,2.065095408057105,
965399,11.570450334676813,-0.2763883230141364
965698,18.014834360380988,-0.4018282693680195
965999,4.3534245014342225,-0.03770071937834785
966298,4.62287329292504,-0.047927911490005304
966599,4.333408097074713,-0.01673406182944359
966899,5.105661151630661,-0.10334796213314523
967198,5.384601238428992,-0.23276166203134907
967499,5.177604957500887,-0.04761570914478308
967798,5.2424929989449405,-0.11901845668225564
968099,5.466394633551283,-0.11366258576937893
968398,5.416371778567114,-0.232749036738932
968699,4.978254447082675,-0.12718850233852041
968998,5.060269984358538,-0.05000300132386282
969299,5.080336949965969,0.15760909827103808
969599,6.597537288388594,-0.23448484631606759
969898,3.7475382119541254,0.2710036703393174
970199,4.944202746945999,-0.16158139085455137
970498,4.749809976192063,-0.27677758082381176
970799,3.395482296552531,0.3145307897860834
971098,4.5541781646082455,-0.2005465797961541
971399,4.636043671181949,-0.25194458119888274
971698,4.0613526629554455,0.1695601100904598
971999,4.91922293935175,-0.23664461176001295
972299,4.419847007637974,-0.014912361185210443
972598,4.779827359105754,-0.2809457114374392
972899,4.5483276973729145,0.0001463647546769975
973198,4.854247271414666,-0.18142599620263966
973499,4.819872307613291,0.02416898092063302
973798,4.782743458757788,-0.06466362951511129
974099,4.967511270581941,0.0023707834280344287
974398,5.0758540829107615,-0.010501971803588583
974699,3.8994705709963324,0.10392859954277855
974999,5.833266447447574,-0.27198169427816277
975298,4.611320954470646,-0.13214396524819083
975599,4.887677826985299,-0.07770428595730627
975898,4.97976194331466,-0.08943118642673564
976199,5.482849222431008,-0.15876845931287265
976498,5.524790456605088,-0.14845284637717437
976799,5.623333525630241,-0.22501338277953242
977098,5.798871546262743,-0.2367314817716648
977399,6.097626600082204,-0.22462460398275552
977699,11.306233218219653,-0.4900128926008347
977998,23.229549644834677,-0.22187923981579338
978299,17.140099200957835,-0.3445556143398707
978598,69.00971525522098,-0.2916389980293972
978899,24.664037383263345,-0.3690609666363551
979198,6.450478745903556,-0.21795871150431934
979499,5.895358127055086,-0.27688599897634325
979798,5.703909622574643,-0.16639352377914585
980099,6.2333343028080925,-0.24119058654238734
980399,6.557037073967375,-0.2379591549336928
980698,7.057147003161828,-0.24835709423693664
980999,7.567727354445012,-0.2966708387759214
981298,7.866685585199265,-0.2947582668770934
981599,8.467675673917787,-0.31874424953405844
981898,9.19259986065344,-0.35462515844462406
982199,9.198267164984351,-0.3700614923272034
982498,8.747787710574089,-0.3178239970686825
982799,9.143946983194304,-0.3332087045472141
983099,21.13018764210787,-0.394367998876741
983398,7.8451498047446835,-0.28108550623719797
983699,7.576456880346797,-0.32726331609199355
983998,8.143784401702597,-0.3640309760181182
984299,8.982705749365376,-0.3512077751100702
984598,9.553247806953543,-0.30731630816432376
984899,10.155056088871532,-0.35065066317890503
985198,10.433203842150366,-0.31536119853470956
985499,11.374380052753558,-0.3113872029113465
985799,11.986146691599233,-0.3513023312313375
986098,12.373394339440303,-0.33584349651459355
986399,13.764705607945544,-0.3726900138859581
986698,15.616823998601928,-0.4100334733725275
986999,17.191376900730774,-0.4042215802711904
987298,15.381707358277696,-0.3561759825309947
987599,15.51933739488959,-0.30168549563831726
987898,26.53769316252192,-0.4918587912925836
988199,36.47901875641135,-0.5514086172989434
988499,37.19346470049839,-0.5861648223720439
988798,26.74593526922067,-0.5331939493549069
989099,1.429692513344823,-0.9603720961247848
989398,0.0018379437055811498,
989699,0.0017672721706418887,
989998,0.0018754861321171863,
990299,0.0023677159649944327,
990598,0.0022015687272092014,
990899,0.0013718072334367474,
991199,0.0018570076570884747,
991498,0.0011500060732293855,
991799,0.0012327180697557795,
992098,0.0013983470466690316,
992399,0.521008760848721,
992698,18.47660817845525,-0.7946282806132381
992999,15.856611642643779,-0.666025723290461
993298,9.516013527066054,-0.1735327788254224
993599,20.46635372579402,-0.5713290280992898
993899,10.079779097651041,-0.209747674341612
994198,10.270339292442024,-0.20707416783710975
994499,14.815572216640346,-0.4426288745551459
994798,11.769128435685827,-0.3373038702535387
995099,9.758830417074954,-0.2754049348318097
995398,9.118982761756012,-0.15753780162365882
995699,11.764205909427318,-0.2910951246803699
995998,8.532237279085646,-0.14742546838286774
996299,8.079547719648374,-0.2550889594378096
996599,8.042762648435238,-0.3976216673193125
996898,7.541128924334823,-0.29375590995163625
997199,6.95852762049226,-0.46036090815705677
997498,9.548084397539004,-0.4104869103666846
997799,13.932495312230241,-0.5337667726933901
998098,14.444013788759726,-0.6172832598652467
998399,13.199932198830293,-0.5971964383238468
998698,16.756400898236837,-0.6298377924575258
998999,28.96098905907574,-1.1070968686754616
999299,3.9300692482546915,-0.2669184339356121
999598,10.597359785214971,-0.355953232259661
999899,31.271287239237463,-0.6294979994274812
1000198,17.987366991027873,-0.8187021077926395
1000499,23.514372584293753,-0.5591378666624962
1000798,12.719576153264358,-0.6486550358278027
1001099,22.682084060671215,-0.6895368846173915
1001398,17.692155140306053,-0.503231150106332
1001699,24.49710116063969,-0.4755564526521916
1001999,33.99436840474632,-0.7598955655638644
1002298,3.5058504638817705,0.06395916106592059
1002599,17.365983327508726,-0.48140992082145595
1002898,3.7155327394714015,-0.3326707396172466
1003199,3.1290197245101714,-0.8166565387804758
1003498,,
1003799,13.966185236842534,-0.4495294836336683
1004098,26.16404915061483,-0.7341254992241792
1004399,,
1004699,0.0015109042789565113,
1004998,3.998039519701658,
1005299,25.37814275322583,-0.4872441683034161
1005598,28.810410032069676,-0.49830293495488687
1005899,20.562928866304336,-0.5225099751747275
1006198,16.141552003116132,-0.338836104391117
1006499,17.606375017781396,-0.3762053962446481
1006798,16.263655481165067,-0.3442616850110485
1007099,18.100549005343975,-0.3503158446315897
1007399,18.029776991153533,-0.2959980530313846
1007698,57.963084242195904,-0.36699169359716
1007999,19.824615428828803,-0.38866942470592325
1008298,45.01128018189445,-0.46984020814271776
1008599,15.164128119628224,-0.26356567314272983
1008898,15.901053175380932,-0.360173588868153
1009199,30.05484620347449,-0.3987526302638018
1009498,29.86388823250598,-0.4327145910066579
1009799,52.67249002108338,-0.43054425943380426
1010099,36.00442446082615,-0.48302938137530926
1010398,7.383359931613921,-0.5661253129262276
1010699,0.00043372554250035154,
1010998,,
1011299,0.0005359826903824357,
1011598,0.001378540533236702,
1011899,,
1012198,,
1012499,,
1012799,,
1013098,0.0019017815523853605,
1013399,0.00169150577358515,
1013698,0.0012984298321575029,
1013999,0.0016853512438727858,
1014298,0.002286020106024122,
1014599,0.002230447650378699,
1014898,0.0014678245401534343,
1015199,0.0014618159414899426,
1015499,0.003947539059992365,
1015798,0.0016333123305262438,
1016099,0.001477911046210282,
1016398,0.0010188827560060352,
1016699,0.0016821724449074078,
1016998,0.0010143736751228646,
1017299,0.020964033974333943,
1017598,0.0045823363424081715,
1017899,0.0048329027300045785,
1018199,0.001762335137892643,
1018498,0.001945772186225987,
1018799,0.001954569820484967,
1019098,0.7289428739910803,
1019399,6.1698077116384,-0.5106676283495546
1019698,,
1019999,5.797757184530126,-0.2053637257310985
1020298,5.981030515559518,-0.1998920915768141
1020599,5.866771135151734,-0.2006208224248618
1020899,5.972320072143099,-0.201288573238104
1021198,6.365407139600334,-0.21090993116978507
1021499,5.845285276820913,-0.20821921597764947
1021798,6.207516085419042,-0.2619508676357163
1022099,6.405035265512222,-0.18989052169745912
1022398,6.782759707863217,-0.29429502592605616
1022699,7.128997212280729,-0.31612595305366464
1022998,7.401291583404533,-0.3354077316163986
1023299,7.813899665484474,-0.37990530074907336
1023599,7.849903109386866,-0.34377351661487654
1023898,8.878085536026637,-0.4420878640660961
1024199,9.598292362265987,-0.47467106607949994
1024498,9.034237246781988,-0.38347058582063087
1024799,9.175161810481802,-0.3902656715793775
1025098,9.10532843105692,-0.3517909475264349
1025399,9.547847865412423,-0.35990950083100093
1025698,18.165143072630965,-0.5379279626425908
1025999,15.321973735515614,-0.4483605310291894
1026299,12.671523216636842,-0.4706417415774973
1026598,14.743187786293756,-0.48100072298675345
1026899,16.449844824485034,-0.5455502059923156
1027198,25.149449453994706,-0.308447160643869
1027499,31.24877232570346,-0.29370200725531337
1027798,43.45997147521812,-0.2776434738708071
1028099,26.0269167342324,-0.3582072385911106
1028398,33.62070635056217,-0.3268190912053375
1028699,17.213298566270325,-0.317541410744993
1028999,22.743245107763222,-0.3377603377438201
1029298,23.625364519434928,-0.3489023423181421
1029599,75.65891818551677,-0.5884439534413599
1029898,8.662308168469034,-0.167876907958596
1030199,9.41677271159811,-0.25792548005145854
1030498,37.86674971950707,-0.4829573215344254
1030799,63.58610932121675,-0.9929498275862543
1031098,0.0019094499140673744,
1031399,0.0011692461451207096,
1031699,0.0018032916530112135,
1031998,0.0023744718659427146,
1032299,0.0020854850500706076,
1032598,0.0014721488015429366,
1032899,0.0026408374018819978,
1033198,0.003259009893141531,
1033499,0.003007013096230568,
1033798,0.0012689864231854061,
1034099,0.0017011785223099195,
1034399,0.002284673940089563,
1034698,0.15370967370604693,
1034999,0.8589285823810114,0.22650134383085474
1035298,27.59829968654151,-0.5165666847045403
1035599,19.204432463385373,-0.3864091843345787
1035898,8.896520012516692,-0.18131456302440263
1036199,10.16402074179182,-0.5357842568540214
1036498,7.254172614997529,0.00949770700462238
1036799,6.822457633058239,-0.008865921335002191
1037099,7.149512483484839,-0.07189767884240283
1037398,6.544556721840762,0.004802022171876419
1037699,7.412285569994101,-0.0389565094234976
1037998,8.274858388959377,-0.1337782443609017
1038299,7.463255072064658,-0.02300001534460594
1038598,9.488265525190299,-0.18314230235953421
1038899,17.46798603624817,-0.5137786010602274
1039198,11.509692376202988,-0.26827787886664267
1039499,30.326431657259857,-0.8523497708509096
1039799,38.926933401678724,-0.8296338507609837
1040098,18.147556450618655,-0.4255754337335427
1040399,31.29558130290801,-0.6907967783207438
1040698,12.797118074495973,-0.2623204990991177
1040999,13.708828450079187,-0.3637813695696024
1041298,19.253387664345393,-0.2942035665491518
1041599,8.700379278335491,-0.06564344026795221
1041898,27.36563956910708,-0.7121620079713284
1042199,11.22461111904854,-0.18676925236497266
1042499,24.048461095384745,-0.5348744566627008
1042798,10.18979999176956,-0.10217297648371892
1043099,19.837039115587896,-0.3667893576894319
1043398,9.215379752124168,-0.05993688153533894
1043699,8.873746813949149,-0.025898771563420242
1043998,9.212130109955535,-0.041868840361906745
1044299,10.70404817061898,-0.08075040484964036
1044598,10.34690829601537,-0.08560649656712016
1044899,19.706116064706624,-0.47372372442999033
1045199,12.791863067760742,-0.1389653456035902
1045498,13.536984330246854,-0.1409604534462403
1045799,13.68372240415382,-0.12274919785328842
1046098,13.528092820888965,-0.10898392669421586
1046399,14.017088926899627,-0.12343395360059595
1046698,14.23040993835102,-0.11951436288539408
1046999,14.899646199335491,-0.12624143277429667
1047298,15.436794056815566,-0.1237702890884338
1047599,15.59037950619996,-0.11946127365300141
1047899,16.185763338639774,-0.129190955706612
1048198,15.861168583361994,-0.12994086877043198
1048499,16.342801685706906,-0.13267061249229517
1048798,16.434211662370213,-0.14522043879229218
1049099,16.98222411776836,-0.14796761806836578
1049398,16.296294254889776,-0.13724109475573676
1049699,16.069386357641953,-0.13458571465903169
1049998,15.62211775650783,-0.12028366001849178
1050299,16.650528150530977,-0.13888236156053524
1050599,16.156571766621262,-0.13409333752860575
1050898,16.679683559558754,-0.13699598756824383
1051199,17.325538179373435,-0.14448334265188967
1051498,17.530149623614317,-0.13414505009259092
1051799,17.241831588674362,-0.14046173950351903
1052098,17.79193784254095,-0.17049369465541897
1052399,18.285392233654935,-0.1785297841329656
1052698,17.614812271661876,-0.16091873448532756
1052999,17.79297544905077,-0.16599387344588767
1053299,20.994914836280696,-0.24620918373524403
1053598,16.911008588027624,-0.17337788815694144
1053899,11.184126931251598,-0.0934335196089584
1054198,13.929549545946601,-0.14610226942218207
1054499,14.18749523768503,-0.14167839715810704
1054798,13.41630710790262,-0.11620711277750662
1055099,14.302469221576233,-0.1393381105962792
1055398,11.742970382703545,-0.09229696778800478
1055699,14.408084108840765,-0.1857898257474524
1055999,13.662007423110953,-0.1430252399764944
1056298,13.647501316254472,-0.13705563455391445
1056599,13.095823718248436,-0.10102076095165158
1056898,12.397208264313248,-0.08045738913192335
1057199,10.410026383469193,-0.08195574528106131
1057498,11.236939431226695,-0.10521065705218025
1057799,11.924875365965761,-0.16097291056535012
1058098,11.016901953337806,-0.07259994584622298
1058399,9.894923595729008,-0.04398313691790556
1058699,7.641818406915836,0.023706332226266724
1058998,8.238630338983873,0.02190582360231086
1059299,6.682668829689744,0.07162125711542355
1059598,7.760767344091426,0.05188889252854312
1059899,8.017636621795125,0.04190854422286083
1060198,8.230980942655576,-0.05427188032635821
1060499,7.636347471475201,0.06034521336572385
1060798,8.105155125096335,0.03727789632418499
1061099,5.622165081979242,0.17503073056780705
1061399,8.800942736271876,-0.029167894042947395
1061698,8.120223632918822,-0.018338764351039094
1061999,7.778266378321163,0.03352707946918043
1062298,7.602431426450129,0.027174989154965967
1062599,8.057037993367896,-0.058515788490274945
1062898,8.089747527866344,-0.10191539022058249
1063199,8.393265660370973,-0.10669489880960126
1063498,8.806623368669584,-0.1261970494455995
1063799,7.0357593369697495,0.06094484065262473
1064099,8.088706290249842,-0.026771478004647298
1064398,7.753965253631787,0.0183115972229817
1064699,7.712780628834084,0.02819408137942503
1064998,7.694715997430397,0.0023041794164493368
1065299,7.131069577853816,0.05442483798148945
1065598,7.628647017431307,0.02830836731970332
1065899,8.195025182407619,0.009212858146308123
1066198,9.92590695080935,-0.0649926889824135
1066499,10.142053206647434,-0.1057352079756868
1066799,19.500431953097824,-0.30644700169598704
1067098,9.337496577835841,-0.059556572591800805
1067399,10.05091898397936,-0.10554715274870641
1067698,10.003049222245563,-0.09433292707015051
1067999,11.052499773166858,-0.10730232400135087
1068298,10.48091071369751,-0.08713412617894223
1068599,10.752892402482368,-0.09428785838758191
1068898,15.299461386913638,-0.15653883142137848
1069199,11.673550585620212,-0.12954505304375452
1069499,19.04881557020299,-0.17034078832174537
1069798,14.30392191007104,-0.15484853101858786
1070099,15.45848191177363,-0.19003843316659919
1070398,18.039611131730762,-0.18154526980702634
1070699,15.130378635605764,-0.1897356699644741
1070998,17.894939449481964,-0.21057262340498473
1071299,17.030913142512063,-0.2150768230320912
1071598,24.75252621647977,-0.255487301912662
1071899,17.41533062656067,-0.22255847200156342
1072199,133.5589797037529,-0.23178104709393876
1072498,93.88217593613473,-0.19088165311582594
1072799,53.31355716153069,-0.28583046202964657
1073098,70.18042373370893,-0.2800184105289083
1073399,91.87040674987561,-0.19794673988603195
1073698,31.380178866102337,-0.18009754938084743
1073999,40.029250457975145,-0.17874484965189552
1074298,69.95823090301911,-0.22001748213937722
1074599,48.764070183963575,-0.19472545446145983
1074899,32.90028634741958,-0.17209772300394066
1075198,2.8224355332308786,
1075499,2.8224355332308786,
1075798,,
1076099,,
1076398,,
1076699,,
1076998,,
1077299,2.8224355332308786,
1077599,2.8224355332308786,
1077898,2.8224355332308786,
1078199,2.8224355332308786,
1078498,2.8224355332308786,
1078799,2.8224355332308786,
1079098,2.8224355332308786,
1079399,2.8224355332308786,
1079698,2.8224355332308786,
1079999,2.8224355332308786,
1080299,2.8224355332308786,
1080598,2.8224355332308786,
1080899,2.8224355332308786,
1081198,2.8224355332308786,
1081499,2.8224355332308786,
1081798,2.8224355332308786,
1082099,2.8224355332308786,
1082398,2.8224355332308786,
1082699,2.8224355332308786,
1082999,2.8224355332308786,
1083298,2.8224355332308786,
1083599,2.8224355332308786,
1083898,2.8224355332308786,
1084199,36.088981055482094,-0.7709087838274271
1084498,19.91502699176681,-0.5368361371070356
1084799,31.865632439125605,-0.7341658049154764
1085098,22.270852143255226,-0.5635310150067958
1085399,15.198955022093076,-0.6208564782930077
1085699,16.549282562727335,-0.6389802867107088
1085998,19.93227363986854,-0.5555810671378241
1086299,15.241124848808473,-0.5175621511843327
1086598,14.269053361935669,-0.37991330109903254
1086899,16.015792687363913,-0.4977744932070658
1087198,19.531573913889375,-0.588828785012377
1087499,14.387777109414953,-0.5113335502390104
1087798,17.886387648083822,-0.4952313172424443
1088099,16.25338325028752,-0.4724009785322174
1088399,18.445179147160204,-0.6188930176197454
1088698,20.183893736234396,-0.6987358461672128
1088999,22.15914423820882,-0.6327803761422282
1089298,17.005989007030696,-0.6223880627155545
1089599,12.559248527646437,-0.5028290133064974
1089898,18.433056520678726,-0.5119955044276616
1090199,,
1090498,,
1090799,18.987581646787643,-0.44363961009032926
1091099,2.8224355332308786,
1091398,3.146518343694607,0.20516121197372494
1091699,,
1091998,2.8224355332308786,
1092299,2.8224355332308786,
1092598,2.8224355332308786,
1092899,2.8224355332308786,
1093198,2.8224355332308786,
1093499,2.8224355332308786,
1093799,2.8224355332308786,
1094098,2.8224355332308786,
1094399,2.8224355332308786,
1094698,2.8224355332308786,
1094999,2.8224355332308786,
1095298,2.8224355332308786,
1095599,2.8224355332308786,
1095898,2.8224355332308786,
1096199,2.8224355332308786,
1096499,2.8224355332308786,
1096798,2.8224355332308786,
1097099,2.8224355332308786,
1097398,2.8224355332308786,
1097699,2.8224355332308786,
1097998,2.8224355332308786,
1098299,2.8224355332308786,
1098598,2.8224355332308786,
1098899,2.8224355332308786,
1099199,2.8224355332308786,
1099498,2.8224355332308786,
1099799,2.8224355332308786,
1100098,2.8224355332308786,
1100399,2.8224355332308786,
1100698,2.8224355332308786,
1100999,2.8224355332308786,
1101298,2.8224355332308786,
1101599,2.8224355332308786,
1101899,2.8224355332308786,
1102198,2.8224355332308786,
1102499,2.8224355332308786,
1102798,2.8224355332308786,
1103099,2.8224355332308786,
1103398,2.8224355332308786,
1103699,2.8224355332308786,
1103998,2.8224355332308786,
1104299,2.8224355332308786,
1104599,2.8224355332308786,
1104898,2.8224355332308786,
1105199,2.8224355332308786,
1105498,2.8224355332308786,
1105799,2.8224355332308786,
1106098,2.8224355332308786,
1106399,2.8224355332308786,
1106698,2.8224355332308786,
1106999,2.8224355332308786,
1107299,2.8224355332308786,
1107598,2.8224355332308786,
1107899,2.8224355332308786,
1108198,2.8224355332308786,
1108499,2.8224355332308786,
1108798,2.8224355332308786,
1109099,2.8224355332308786,
1109398,2.8224355332308786,
1109699,2.8224355332308786,
1109999,2.8224355332308786,
1110298,2.8224355332308786,
1110599,2.8224355332308786,
1110898,2.8224355332308786,
1111199,2.8224355332308786,
1111498,2.8224355332308786,
1111799,2.8224355332308786,
1112098,2.8224355332308786,
1112399,2.8224355332308786,
1112699,2.8224355332308786,
1112998,19.65458637869549,-0.3502640404548907
1113299,18.318345801181596,-0.32540142463620625
1113598,17.03700114132743,-0.2971582491113671
1113899,30.022083061155698,-0.6609073527907898
1114198,19.67388736749817,-0.32954282107572386
1114499,19.707706955503358,-0.32620516748849027
1114798,28.77316245353289,-0.4232006068074994
1115099,55.14908786835477,-0.52011858727894
1115399,78.30544594378532,-0.46245168806752424
1115698,1.8061543512912646,-2.221221648975939
1115999,6.311682096608831,0.11377590499899459
1116298,15.57685395698194,-0.13732518298909913
1116599,11.199747790813865,-0.12440419164387784
1116898,2.8224355332308786,
1117199,2.8224355332308786,
1117498,,
1117799,,
1118099,,
1118398,,
1118699,,
1118998,,
1119299,,
1119598,,
1119899,,
1120198,,
1120499,,
1120799,2.8224355332308786,
1121098,2.8224355332308786,
1121399,2.8224355332308786,
1121698,2.8224355332308786,
1121999,2.8224355332308786,
1122298,2.8224355332308786,
1122599,2.8224355332308786,
1122898,2.8224355332308786,
1123199,2.8224355332308786,
1123499,2.8224355332308786,
1123798,2.8224355332308786,
1124099,2.8224355332308786,
1124398,2.8224355332308786,
1124699,,
1124998,29.87640473232919,-0.5357690066306271
1125299,54.495016095921784,-0.7750097795756703
1125598,26.179234841037523,-0.6190083477067627
1125899,27.451436985620855,-0.6611733983125938
1126199,20.099961530546786,-0.4532453540397674
1126498,11.511542023357524,-0.24218181676075057
1126799,19.508424450185785,-0.6628559421137559
1127098,7.810910070843341,-0.027704992672879847
1127399,8.141542852463713,-0.029248050593649433
1127698,11.946369738196687,-0.3504427804875647
1127999,16.541911075482084,-0.4023989488480155
1128298,9.077191585736038,-0.22481219858009438
1128599,13.075262889403382,-0.4204891831832491
1128899,12.39743628697514,-0.2520092396071121
1129198,17.22027334639412,-0.5136387373371878
1129499,7.662943217242983,-0.11368094179171462
1129798,12.612069720926527,-0.43392433284264875
1130099,15.560692038299218,-0.46349346846788086
1130398,12.264053547588565,-0.44229714541819676
1130699,6.099088891995299,-0.023866248578672478
1130998,12.119102587428847,-0.36651578696404563
1131299,13.215120773639372,-0.3789463803251947
1131599,15.468605118292269,-0.4934102655022523
1131898,10.88232722708669,-0.28206761423454507
1132199,11.995289370489466,-0.30812867624356044
1132498,15.825419116058477,-0.5240163397035891
1132799,14.452197465343195,-0.46607172630300453
1133098,17.170134166685788,-0.5621805849807191
1133399,15.563895499074679,-0.5273633495243131
1133698,18.195179937317732,-0.5304918498028639
1133999,12.20844922485477,-0.3796953227614419
1134299,7.050516276446687,-0.1559449698908455
1134598,15.799535097357086,-0.5335416751942088
1134899,25.788695996310672,-0.7271847147118058
1135198,13.26976859302299,-0.2973102811124173
1135499,13.852101546358638,-0.32208485688867317
1135798,14.30584733798595,-0.2805175311506747
1136099,13.766370935555397,-0.2767390908814371
1136398,14.037350978224378,-0.2601345695404331
1136699,17.082664370379472,-0.37078364206679293
1136999,18.945858423616226,-0.42852826755628093
1137298,13.776940310428083,-0.23219008893932402
1137599,14.897265389210487,-0.24860526266705718
1137898,14.910218718411878,-0.2503974816102257
1138199,15.915513573680395,-0.2643996583302537
1138498,16.456978198821602,-0.2714805270320453
1138799,16.328963221462804,-0.2557619379297862
1139098,17.246149384191973,-0.24439535795175948
1139399,17.66637450602531,-0.2478061432959664
1139699,21.520481847074556,-0.4042074743970123
1139998,16.950698650662787,-0.24450163610012488
1140299,24.29622605847857,-0.3390239816075158
1140598,17.438358399955863,-0.22816669661694222
1140899,30.872407737243538,-0.5521487932572178
1141198,21.82479647572977,-0.3824905190859573
1141499,17.96442238071743,-0.2687227424333447
1141798,17.762397603652065,-0.25831869680804664
1142099,17.657481676159563,-0.23354810728793596
1142399,18.79808547170586,-0.25901437041943365
1142698,18.70287858984475,-0.28694490303991627
1142999,17.512121857383544,-0.2899458369336174
1143298,16.655955273180396,-0.24471708376444035
1143599,40.106914459188104,-0.4764269979516915
1143898,30.162574753271436,-0.59441496651035
1144199,23.937845888178728,-0.4499248792852262
1144498,15.821920087935025,-0.22025933659977892
1144799,15.525226268409126,-0.25761433383034715
1145099,17.252434848979007,-0.2664203580455291
1145398,17.057398171358642,-0.25149662693055896
1145699,17.30207982299058,-0.22754278636371028
1145998,20.65331350071456,-0.3165531598619944
1146299,16.896886924750483,-0.3172051405280034
1146598,17.03489623139412,-0.35513251187504524
1146899,12.444009324872528,-0.20981325128250194
1147198,14.252869328535205,-0.3146819777390162
1147499,15.046209672245972,-0.3321644519800757
1147799,13.241922280079745,-0.2707805982723057
1148098,13.167506170878356,-0.27324208019752705
1148399,14.221961516500485,-0.33230930642484346
1148698,13.709428863079307,-0.3757820833327623
1148999,11.227936959919584,-0.34481010201722584
1149298,11.297701502020763,-0.21575378208237472
1149599,3.358852347069076,0.10778922866799356
1149898,12.104484207294465,-0.3001480661862679
1150199,14.661607472726779,-0.15630172499864559
1150499,9.416911947961252,-0.2522833387876189
1150798,11.537137531776068,-0.29804321035741377
1151099,13.503079372612154,-0.30865736863405036
1151398,12.952352791443172,-0.2920901786833132
1151699,12.446900972519561,-0.28867561992343505
1151998,13.267586580348263,-0.3305298522375535
1152299,11.306461386801969,-0.23707053441515513
1152598,13.151665514019562,-0.3020057728737646
1152899,12.3988103964478,-0.26189709739730627
1153199,10.780080225235952,-0.1425134294208661
1153498,20.146554647940857,-0.3171153252097034
1153799,21.322070286153384,-0.4712396204314131
1154098,21.53789942197271,-0.3168741734397771
1154399,12.113388477748288,-0.2444835963492653
1154698,64.28063528690107,-0.3845328279093001
1154999,38.89245597710708,-0.24291434648908306
1155298,12.851968050453547,-0.22367840860227917
1155599,14.082805460896436,-0.24503902368109975
1155899,15.091447294338565,-0.29761480178048916
1156198,14.218555973023633,-0.27190165130802324
1156499,17.97160522958857,-0.3769887072854159
1156798,14.226868902810786,-0.3405698490489215
1157099,14.897631896436227,-0.3548083967174571
1157398,13.236738919203546,-0.2439783096426209
1157699,15.092776756635857,-0.24341413858230565
1157998,13.53353237902299,-0.26187337771222774
1158299,14.001496740134101,-0.19657392362820825
1158599,14.223891624798451,-0.2264013267513314
1158898,15.084316081957063,-0.3548585100286803
1159199,24.193499184461253,-0.61273138131688
1159498,23.50651704476681,-0.5931619274631783
1159799,22.066463734259862,-0.6061923725753744
1160098,18.05645464864644,-0.47941300793125796
1160399,3.035913021010105,-0.8804507076119801
1160698,58.57211362160477,-0.3936534275107362
1160999,4.117161076133516,0.05429692352258142
1161299,,
1161598,,
1161899,2.1090778079377577,-1.8947720309841936
1162198,,
1162499,,
1162798,2.8224355332308786,
1163099,,
1163398,,
1163699,,
1163999,2.8224355332308786,
1164298,2.8224355332308786,
1164599,2.8224355332308786,
1164898,,
1165199,,
1165498,2.8224355332308786,
1165799,2.8224355332308786,
1166098,2.8224355332308786,
1166399,2.8224355332308786,
1166699,2.8224355332308786,
1166998,2.8224355332308786,
1167299,2.8224355332308786,
1167598,2.8224355332308786,
1167899,2.8224355332308786,
1168198,2.8224355332308786,
1168499,2.8224355332308786,
1168798,2.8224355332308786,
1169099,2.8224355332308786,
1169399,2.8224355332308786,
1169698,2.8224355332308786,
1169999,2.8224355332308786,
1170298,2.8224355332308786,
1170599,2.8224355332308786,
1170898,2.8224355332308786,
1171199,2.8224355332308786,
1171498,2.8224355332308786,
1171799,2.8224355332308786,
1172099,2.8224355332308786,
1172398,2.8224355332308786,
1172699,2.8224355332308786,
1172998,2.8224355332308786,
1173299,2.8224355332308786,
1173598,2.8224355332308786,
1173899,2.8224355332308786,
1174198,12.467020485199557,-0.5729651329607826
1174499,22.777627400366228,-1.0004394640838985
1174799,7.652686083363354,-0.24310624291795913
1175098,10.502259235502798,-0.5046283161798257
1175399,24.17620867315095,-0.8495088211851745
1175698,25.362092391574556,-0.8165231508278825
1175999,23.121872904877794,-0.7918564236521923
1176298,23.006890523310673,-0.8101958505605038
1176599,22.431512414674096,-1.037029441596613
1176898,18.779445258519118,-0.9598109532779731
1177199,21.264395577046898,-0.9295632862253378
1177499,18.3447027823594,-0.7525130259531003
1177798,21.816326592440415,-0.7606892065785766
1178099,17.23380034856773,-0.6508692210748181
1178398,20.240356983007548,-0.7677874902064583
1178699,4.892580139056938,0.013615340791974684
1178998,23.64461608699817,-0.8133840080075159
1179299,22.72616885230141,-0.7518648460660573
1179598,20.569450698500603,-0.6235597601022209
1179899,34.124162661864034,-0.7661150841587352
1180199,36.76376052804679,-1.2623309311986528
1180498,6.702043316429742,-0.2157189938928359
1180799,2.8224355332308786,
1181098,2.8224355332308786,
1181399,2.8224355332308786,
1181698,,
1181999,2.8224355332308786,
1182298,2.8224355332308786,
1182599,2.8224355332308786,
1182899,2.8224355332308786,
1183198,2.8224355332308786,
1183499,2.8224355332308786,
1183798,2.8224355332308786,
1184099,2.8224355332308786,
1184398,2.8224355332308786,
1184699,2.8224355332308786,
1184998,2.8224355332308786,
1185299,2.8224355332308786,
1185599,2.8224355332308786,
1185898,2.8224355332308786,
1186199,2.8224355332308786,
1186498,2.8224355332308786,
1186799,2.8224355332308786,
1187098,2.8224355332308786,
1187399,2.8224355332308786,
1187698,2.8224355332308786,
1187999,2.8224355332308786,
1188299,2.8224355332308786,
1188598,2.8224355332308786,
1188899,2.8224355332308786,
1189198,2.8224355332308786,
1189499,2.8224355332308786,
1189798,2.8224355332308786,
1190099,2.8224355332308786,
1190398,2.8224355332308786,
1190699,2.8224355332308786,
1190999,2.8224355332308786,
1191298,2.8224355332308786,
1191599,2.8224355332308786,
1191898,2.8224355332308786,
1192199,2.8224355332308786,
1192498,2.8224355332308786,
1192799,2.8224355332308786,
