,rmse,skill
299,,
598,,
899,,
1198,,
1499,,
1798,,
2099,4.731490252042655,-0.021718097820266458
2398,3.343440308193451,-0.149277976430509
2699,2.7546442718165425,-0.35819776439317264
2999,,
3298,1.7757909998863939,-2.782553670817951
3599,2.2887326923114455,-0.22407112432014542
3898,,
4199,2.47450206728133,0.3666008627448726
4498,,
4799,,
5098,,
5399,,
5699,,
5998,,
6299,,
6598,,
6899,,
7198,,
7499,,
7798,,
8099,,
8399,,
8698,,
8999,,
9298,,
9599,,
9898,,
10199,,
10498,,
10799,,
11099,,
11398,,
11699,,
11998,,
12299,,
12598,,
12899,2.3526438596744854,-7.543273883405915
13198,,
13499,2.387047621603498,-1.8418236051646462
13799,3.139556964772347,-6.264527678823113
14098,,
14399,3.2597671437585056,-7.0308062923298245
14698,,
14999,2.7565618435686305,-2.678972971251486
15298,2.6760085200017225,-1.1571742905784905
15599,2.9797009514450985,-1.951954252294227
15898,2.6100894379307262,-1.1110863364851435
16199,3.107834435024647,-2.669710128915147
16499,2.7704270874301367,-1.2591715336812856
16798,3.095628561381557,-1.6199936736955727
17099,2.5640679467880987,-1.2084884517793708
17398,2.7582793445251848,-1.3972489803727335
17699,,
17998,4.216733162215529,-8.542051415069771
18299,2.583302814271567,-2.824360641450869
18598,3.033742529661554,-4.548927946270046
18899,2.572208704313182,-2.7329086432500875
19199,,
19498,,
19799,,
20098,2.495664840217039,-7.3601595614171575
20399,2.8070444608238168,-2.516600271896952
20698,,
20999,,
21298,,
21599,,
21899,,
22198,,
22499,,
22798,,
23099,,
23398,,
23699,,
23998,,
24299,2.2877555110801713,-9.149187921147512
24599,,
24898,,
25199,,
25498,,
25799,,
26098,,
26399,,
26698,,
26999,,
27299,,
27598,,
27899,,
28198,,
28499,,
28798,0.18751679871726912,0.6125493605550804
29099,0.16187687126601386,0.8041907248874363
29398,0.20938666877513945,0.7135437765697257
29699,0.1592315706458516,0.8444785024974729
29999,0.16944736093575333,0.8275936036395241
30298,0.1766077607251051,0.8370076206544023
30599,0.19047226060241998,0.7904475568595266
30898,0.22627417589871623,0.7302861763365843
31199,0.2680165877923566,0.6052192378667594
31498,0.20503181066723475,0.7924153468932835
31799,0.2428748050145789,0.6753323158718071
32098,0.23856558700273967,0.7200964584839284
32399,0.27078256403514694,0.3434948271390975
32699,0.22143752221570256,0.7222493496370559
32998,0.26141643400505443,0.6868255850628389
33299,0.21739098540088767,0.7781464857016951
33598,0.48617624585509617,0.5919588209314937
33899,0.22942028546121623,0.7303287698589539
34198,0.23517562827814803,0.7676803089305971
34499,0.9563195254822447,0.043875732347608665
34798,0.29261228697041636,0.5413443025906929
35099,0.2947343368016159,0.1641512381673894
35399,0.34043435931060995,-0.5614535559799878
35698,0.40077977527191966,0.37136648627238367
35999,5.102783844008327,-0.12131938514762908
36298,1.7508567316671972,-0.10470823565558951
36599,0.877300033271774,0.2767583189063739
36898,0.37603307849603657,-1.8240043113042423
37199,8.11209219039879,-0.20489622614157788
37498,0.4920426177075611,0.3035162150436078
37799,0.8090089379850722,0.1959200856188985
38099,1.2574649006566339,0.07011692612347076
38398,0.3927496535182298,0.3100790558091604
38699,0.3865322312320425,-0.6968404928419267
38998,0.4007212059956174,0.40972019176527397
39299,97.56817856730613,-0.49411623791520687
39598,0.3893693097304544,-2.554653691047882
39899,0.3395088972909049,-1.5440164515198345
40198,0.37441893883951605,-2.3588358547649504
40499,0.37282671323271005,-0.8470283911335819
40799,0.3797120044575715,-2.4391084065404396
41098,0.34189688153859,-1.614626981682716
41399,0.3289360871907651,-1.7136175211331586
41698,0.30964750237512434,-0.907670501307223
41999,0.29915685065553643,-0.8164998955067013
42298,0.31374902194025867,-1.1627748343403495
42599,0.317161342590421,0.07921719693049922
42898,0.3045146385030192,-0.7958767631216224
43199,0.3130681580960887,-0.9288342653828783
43499,0.33157892248314375,-0.9377047910047549
43798,0.32903958939749556,-1.1308346601211574
44099,0.4116424877608068,0.047514844262777634
44398,40.20477026878486,-0.17053451007033993
44699,0.37131151133544604,-1.6304372114709769
44998,0.35750388752158974,-0.8446927962489461
45299,0.38647795983726146,-1.9925905576824237
45598,0.36903989173384394,-1.910186351908917
45899,0.3648994895588614,-1.796225279898295
46199,0.39609700883228116,-1.362560512591656
46498,0.3926429939179292,-1.601347014483753
46799,0.3875556360244107,-1.3472306981144002
47098,0.3890538930938552,-1.4019619760550883
47399,0.3688134703324286,-1.2090864351240938
47698,0.427991852677336,-1.2082520915420258
47999,0.3758673628139101,-1.0396699642858382
48298,0.6006706393871637,-0.15843227443175079
48599,0.4986634347606694,-0.6457695281008393
48899,0.7926136755357072,-0.13467719734135497
49198,0.9876850229152545,-0.08081849039178635
49499,0.6724260993561922,-0.16324497936030746
49798,1.0998228004890864,-0.14964786096667493
50099,2.495050088512004,-0.1700152614708914
50398,3.123377210840707,-0.16575526256592799
50699,5.632228675250492,-0.16683814578589296
50998,6.120782859491234,-0.18015702620101637
51299,8.449354799653271,-0.15863500484824145
51599,7.0111372023731775,-0.16743138938656643
51898,3.2848283903940114,-0.16501613524683423
52199,9.250290275333825,-0.1896766293846568
52498,9.0151137902829,-0.1963167632678997
52799,10.820019752669623,-0.2875218658669365
53098,13.306994117167253,-0.3069522123066697
53399,9.54703640722981,-0.2889404990321618
53698,22.915864074771417,-0.2834703195131181
53999,41.5985814631117,-0.19433135939502932
54299,65.04809305229918,-0.2602476524505801
54598,89.18971251271586,-0.2137093211246146
54899,,
55198,1.2442054971590777,0.048704460451997944
55499,1.2773498294700836,0.12961341674021754
55798,78.02833377775752,-0.25159683458945614
56099,52.707897449683465,-0.2817843812064016
56398,23.066299540021028,-0.2840328246724002
56699,9.746100753759844,-0.3785196241289499
56999,29.669256855299107,-0.6774925933942011
57298,1.4769455361216624,-0.20158790547068395
57599,1.6187575708022177,-0.2268041873794171
57898,1.7570835407555419,-0.2485692601975964
58199,1.7306076626351716,-0.2314674547669977
58498,1.8196392979985976,-0.2264205949904825
58799,1.7087587189870235,-0.20977554280237065
59098,1.7238219935726717,-0.19531606867232454
59399,1.7464476882370237,-0.2349018994571619
59699,1.5957605580012917,-0.2442569036932758
59998,1.3674019890964408,-0.12301182465883809
60299,1.233625968980757,-0.09614336174696225
60598,1.1281559880668162,-0.11325229934242076
60899,0.9665938917028593,-0.0730920252191376
61198,0.9248978985286959,-0.03538216309148501
61499,0.7237660942205566,0.3649515472750565
61798,0.6664706416216974,-0.3682854687634689
62099,0.5715748587263271,0.05902369865155943
62399,0.6414268725249382,-0.5493043881874626
62698,2.9643908898291955,-0.13632412422857332
62999,0.6677094856175311,-0.4658978294830356
63298,16.040022488122094,-0.3525443953167626
63599,2.5475048186857716,-0.07227242935439593
63898,0.5543601213477102,0.06831846755544446
64199,0.6292157919142436,-0.35633542662615536
64498,0.5927541800527162,-0.3739242281424806
64799,0.550606292760997,-0.1246693270713426
65099,0.5458200168351235,-0.23527964326200812
65398,0.5544338526610493,-0.3791516018244867
65699,0.547275424577716,-0.3760024464654863
65998,0.5242050970221606,-0.32829381438438654
66299,0.49798817175364196,-0.36102992387583566
66598,0.4492243636610493,-0.40335793728667757
66899,0.4273995823347094,-0.22575561433870583
67198,0.7243311173485001,-0.11392788309662927
67499,0.3823224946830252,-0.053966845579691336
67799,0.3876881208518632,-0.24255681771056503
68098,0.35016467698149295,-0.2703986408673942
68399,0.32124076362666576,-0.2892506688085743
68698,0.31075990726427344,-0.06779481391042363
68999,0.2631808917920513,0.4960173432771323
69298,0.2921174308167428,0.4608372716359038
69599,0.2809732049885692,0.42700884068161027
69898,0.2949172755165883,0.395866872269527
70199,0.3107905756134379,0.2550520092064822
70499,0.31828444154128765,0.2305323953782762
70798,2.139006650045279,-0.8369015129766926
71099,0.29739101718985034,0.5060520017651937
71398,0.4076405120254234,0.4414887023553735
71699,0.311304980672849,0.5868515129610858
71998,0.3322393991205257,0.5583069891471395
72299,0.32226537965848556,0.6037418916743224
72598,0.2924243569111878,0.6072903411025422
72899,0.2943553832953249,0.687880781042445
73199,0.2892702875635782,0.7172156231884186
73498,2.2929001850051223,-0.0026955590155466336
73799,0.26136774196074586,0.6987474812575127
74098,0.25471685007180006,0.7882275943909964
74399,0.2742764966178316,0.7709063735508571
74698,0.3154792579291717,0.7774111737519103
74999,0.2979700174103639,0.7947424065471357
75298,0.28873153011308716,0.8024968835276762
75599,0.30732702897909314,0.7777702454170607
75899,0.30198605686798197,0.7883753844111177
76198,0.22907359834066263,0.8272144472992607
76499,0.34841259359161114,0.7283240925731049
76798,4.169213912004212,-0.04049718642361433
77099,1.050568180423139,0.26926884729296896
77398,11.949520195829244,-0.17055692746639917
77699,1.4526555451766,0.1490956234069557
77998,3.2620672113320137,-0.01650477134494288
78299,1.8219908776624385,0.09354418074832482
78599,8.210166679185106,-0.10406036914310435
78898,19.988649508455687,-0.15683419988264813
79199,9.274542173671215,-0.1165258568048877
79498,45.86953581110666,-0.17426550490511894
79799,41.175553694478836,-0.16665735292898676
80098,45.57175262218115,-0.25449846252025843
80399,28.947336535132536,-0.360165290342795
80698,0.8642295555091053,0.42968507212281304
80999,16.245306859999914,-0.36490995805952675
81299,102.50985854162329,-0.2814320435949662
81598,8.091089520030282,-0.16786128105052
81899,0.20902238334961956,0.8401382022010251
82198,0.28216966612508254,0.7166292188639529
82499,0.20043718975025132,0.8494659165773397
82798,0.19395604122015875,0.8522433470980403
83099,0.213291536176494,0.8238409353529799
83398,0.23912867641723481,0.7661410536655844
83699,0.24998805749116557,0.7201970222785463
83999,0.2353774834380681,0.7832153979997739
84298,0.2692277763383878,0.4932214501658523
84599,0.2815330331743011,0.6325801427390715
84898,0.28049536162310995,0.38170867676234266
85199,0.30242881712079517,0.3824166276963745
85498,0.3442306880467211,-0.23309276711505333
85799,0.3271170293702652,-0.3724994918175457
86098,0.3455303942506662,-1.0027508684010153
86399,0.33671675687720964,-0.552338487430051
86699,0.3655965312853884,-1.5305000122092265
86998,0.3507157094797137,-1.255453300393127
87299,0.38994611349835134,-2.1592453269965017
87598,0.3877539876187217,-1.9876901557078037
87899,0.402472102940481,-2.460929230952411
88198,0.36123991944974027,-1.6035183159293895
88499,0.38216334757011067,-2.284706733852742
88798,0.3548046076234658,-1.569020052477355
89099,0.38500089578550273,-2.3171584634102516
89399,0.37730756242670643,-2.225869315713234
89698,0.40383260669059534,-2.924113259860098
89999,0.37280453042439166,-1.8473084647929086
90298,0.3799346060061881,-1.874217714514276
90599,0.37308929115794687,-2.0636833612580783
90898,0.3776661031251245,-1.8157433461010362
91199,0.3781079550478059,-1.9705299176144027
91498,0.366591646657955,-1.2691556221887006
91799,0.668605204409536,0.20101474705486078
92099,0.3481846684408924,-1.0252915275890984
92398,0.36235020073603824,-0.4707402184588394
92699,0.3894083745802468,-1.30055668048893
92998,0.3720833522580767,-1.2567242366198963
93299,0.3911335506017912,-1.1869027118729658
93598,6.135309684604754,-0.08476279838990752
93899,0.5430579643683098,0.42792915577644175
94198,1.5299326481199824,0.11351932413821741
94499,1.7029905065461255,0.03165747190895385
94799,0.7184694898088078,0.3737154225285422
95098,7.3681054471241225,-0.1900261981439033
95399,2.326457895568651,-0.09238241919591195
95698,3.0358290816145024,-0.09472121615047935
95999,6.0901297821492255,-0.0760676110725893
96298,6.125894191371601,-0.07725013012413151
96599,5.126359151457249,-0.08759050771286692
96898,5.892901589210929,-0.09113012642004659
97199,5.077284796959565,-0.08789617062085808
97499,2.632532272768277,-0.09217290492450769
97798,1.1167216802533462,-0.14772408745067733
98099,1.0692690276663877,-0.14926952747772226
98398,2.1020628403202783,-0.12691192651275784
98699,3.2843289153942954,-0.09834530466015634
98998,0.3738796645531386,-1.0598855640218976
99299,0.36366951774282674,-1.0124443017786495
99598,0.35797620577475725,-0.7465189410206168
99899,0.34944362609235774,-0.8903571015891114
100199,0.3306332720932593,-0.6151974123425326
100498,0.3286880567887817,-0.8330017351158863
100799,0.3519972516951035,-0.7560474238408903
101098,0.32981730294511125,-0.5378889308148493
101399,0.3367782033085371,-0.34961582591965557
101698,9.811591151310772,-0.14471806807416931
101999,0.2566515969924411,0.11193906297169398
102298,0.2660411404830385,-0.026520785027758897
102599,0.4961189140081735,0.3400237415379668
102899,0.2908661462971235,-0.31877829969865634
103198,0.2844992866524046,-0.05356805098574835
103499,0.31674686832864307,-0.6525961903315536
103798,0.3165340242952957,-0.42422612035511365
104099,0.31901131480964773,-0.47309445133041783
104398,0.27967290130087685,0.07974425540286456
104699,0.29653201739020313,-0.2387525947911715
104998,0.3362441184839886,-0.15551480330239764
105299,0.32097020266454424,-0.16254228359270861
105599,0.3239177398521878,-0.4666854530643958
105898,0.3105135850864725,-0.04170162932395316
106199,0.36443577361839147,-0.7721996244649754
106498,0.3544258862677815,-0.6646953027756739
106799,0.33130342897723675,-0.43031233392649937
107098,0.3463610648962182,-0.6576924487366274
107399,0.3313897401084529,-0.20467842129608038
107698,0.32366438228232924,-0.203736023160193
107999,0.3137009601943662,-0.0595114567172752
108299,0.2724569301430255,0.7877989770019239
108598,0.3033669639604481,0.2814567347643745
108899,0.23793626487212385,0.5113900209767821
109198,0.28968700602733566,0.4103669017420266
109499,0.2447615637008276,0.5631765500856376
109798,0.27283669809970007,0.3937135389057008
110099,0.2567981728764413,0.5740974998320316
110398,0.2498252626028388,0.6626194056743937
110699,0.25064383088358366,0.4767750231150444
110999,0.24246259076309093,0.5908660175678165
111298,0.2187385068950355,0.6987213592717788
111599,0.21296377861441287,0.574236732710395
111898,0.230020335635511,0.5313031544126136
112199,0.25104002393364994,0.6698638454940329
112498,0.20887964487293476,0.6050885436836622
112799,0.18755872284616387,0.7544760339766747
113098,0.18684287734472715,0.8167513027219001
113399,0.20341117543222711,0.7916958044814546
113699,0.2048846416327777,0.8061599034976598
113998,0.20375726395708005,0.8518219991102406
114299,0.17653447503378364,0.8085410464350049
114598,0.19275384474888532,0.8788904004685796
114899,0.19635313068638538,0.8716700821244268
115198,0.17502803692519087,0.8736753302104023
115499,0.19012915364397637,0.8762608015918872
115798,0.2046432911930646,0.835582881729878
116099,0.19270441721088913,0.8158758776548973
116399,0.19939888924487412,0.8604559913573867
116698,0.20484759195916666,0.786135577898132
116999,0.19297346979380128,0.791598513667515
117298,0.23958994184328253,0.6879688725954827
117599,0.24638070844976406,0.7105003781457807
117898,0.30625809881061,0.56499737777518
118199,0.29717104628772706,0.5973135221063981
118498,0.2942064465493011,0.5527147858283252
118799,0.2898640751118011,0.6144708124939176
119099,0.3961167844266159,0.16484602112563407
119398,0.3302367596439433,0.2138356497948678
119699,0.42419971818098035,0.28224821136742506
119998,0.42124261427615295,-0.5229881342641545
120299,0.39521116837311004,0.35507750824614503
120598,0.44414683384498965,-0.1566986589704098
120899,0.43938586152785997,-0.6370700465599659
121198,0.3681034417897766,0.2481389045299165
121499,0.4303008497176168,-0.7460168437159247
121799,0.4689498137083576,-0.9720140191578959
122098,0.4590081088426168,-1.038046231705235
122399,0.5185238328333576,-2.0639088054119243
122698,0.5322875238382525,-0.9614770896650624
122999,0.5158625863611355,-1.9664648535664369
123298,0.5420773657222464,-2.493542440420751
123599,0.48072238145835755,-2.53407844089193
123898,0.4882001133935428,-2.465280492425514
124199,0.5071924058588205,-4.618255639747464
124499,0.48565743904632047,-2.7101899197469064
124798,0.49200619663196865,-1.936151560611017
125099,0.48871540439817246,-3.994343222985554
125398,0.4845310248012928,-4.861999212998477
125699,0.4709411103151815,-3.206370218536759
125998,0.45424120097271115,-4.3671309800317655
126299,0.4502630663244989,-4.1902877702905945
126598,0.46418400856993336,-5.072226764668652
126899,0.49461749247017306,-5.631848383959743
127199,0.5023992314264567,-7.936505336732518
127498,0.5273016242919323,-8.974664743796033
127799,0.5262223116762497,-8.825591653534172
128098,,
128399,0.5221317897109718,-8.9314894150505
128698,0.5250769435396756,-8.270006614985368
128999,1.2634995376518352,0.20502555487045893
129298,2.204220589792095,0.06356324053149331
129599,0.5969935331140394,0.5167030071343801
129899,0.6581238841494046,0.1387254387377702
130198,0.3571549807131674,-0.008772744735982219
130499,0.5134907486044903,-7.74987789991086
130798,0.47302327873711086,-5.0040936899179576
131099,0.49371589277118083,-0.9997602797767047
131398,0.46843738960292874,-5.77222693141889
131699,0.5276310481557589,-7.309878585290047
131998,4.2350901479030165,-0.10971260811300976
132299,7.524524180572651,-0.169138562030414
132599,0.6569673538912194,0.4123478354095037
132898,0.6465852664143676,0.34512755307523146
133199,1.5590073527517254,0.024920880819477742
133498,0.4865220898075854,0.13573209864486602
133799,0.4878644911349493,-4.094807581827421
134098,0.5155768317344864,-6.806683303053784
134399,1.5785492201557543,0.09165073156663484
134698,0.38660607161094696,0.6390646621271169
134999,0.5057508948462496,-5.928820689669075
135299,1.5201422146644228,0.04629721222130867
135598,1.244834003600309,0.018052823662177087
135899,1.0114237796597934,0.12368354203300558
136198,1.4979969334585657,-0.26648819581893113
136499,0.8597947453772421,0.19656520739679884
136798,0.45605958807528235,-4.527827442292353
137099,0.45925911173728085,-3.8900739976811174
137398,0.5548301079220402,0.42573344698114124
137699,0.46471440036922523,-3.348097959861395
137999,9.74704632703347,-0.17354152956068858
138298,126.2512966164015,-0.30552888903997744
138599,0.5379386482271875,-1.909062080865597
138898,0.5630367175836691,-1.623191583749458
139199,0.585008070315766,-1.1873293344720457
139498,0.5733066007798918,0.5317658035359871
139799,1.2603043073184133,-0.026305136901084047
140098,5.397380799559614,-0.17789781871082688
140399,9.266947990469454,-0.16605991709670276
140699,23.28733021788809,-0.27291583343088455
140998,1.6702392677908788,-0.11084511683147302
141299,0.9704311037193213,
141598,0.9704311037193213,
141899,0.9704311037193213,
142198,,
142499,,
142798,,
143099,,
143399,,
143698,,
143999,,
144298,,
144599,26.168494297517725,-0.27340373375298865
144898,2.264779153558541,-0.06069988234833512
145199,60.97040306554921,-0.5676894772219363
145498,13.10945776358392,-0.5274227458815324
145799,4.911317595968087,-0.3531754122657438
146099,1.1420352108951086,-0.09855056047129129
146398,1.1020882817791269,-0.06497337592164731
146699,1.1711318732705196,-0.10398776750089733
146998,1.1036050532539052,-0.028785774369314954
147299,1.0697077773677417,-0.00798301211677166
147598,1.0829798659298309,-0.01092940322712943
147899,1.0641895223858493,0.00015499717309797045
148198,1.0014540345455716,0.06169171914457161
148499,0.9472398786103864,0.07771704219802855
148799,0.7718332026334154,0.1968305749023126
149098,0.7625727850213203,0.17019287420438345
149399,0.6124413593751057,0.1452880330246471
149698,0.4734221123057242,0.5200728063074589
149999,0.5526567043194069,-0.1899180081848293
150298,0.5764246230093649,-0.033387277005956895
150599,0.5899730201528837,-0.1722135765040591
150898,0.5489384603613368,0.3349497991140802
151199,0.5842601328008884,-0.51093993311946
151499,10.616485626005215,-0.3487705497802256
151798,0.5852251183055179,-0.38702626155933495
152099,0.49293186634424085,0.5652753067277629
152398,0.5562850188176041,-0.6019970785858688
152699,0.5393889589634375,-0.6211799566889298
152998,0.5421388584287151,-0.6071448498223921
153299,0.5974080520675518,-0.1035524779244521
153598,0.40677984873183676,0.3295393812242138
153899,0.5031743160467708,-0.5656033794146837
154199,0.42054370468565966,-0.1353461022243958
154498,0.7207293179721413,0.1778249138378697
154799,0.38510830119159967,-0.9589203248546574
155098,0.365863300648439,-1.1405595842061809
155399,0.6265290754323677,0.4642933919543887
155698,0.3808626156553834,-1.1474685415063264
155999,0.36574847580121683,-1.0268913222371054
156298,0.4824146945549352,0.3541013049917783
156599,0.36315762868637064,-0.8923419810501616
156899,0.367789051042371,-0.8834873580899933
157198,0.3316661164458076,-0.3465128252065204
157499,0.35469729622908847,-0.04364456394959926
157798,0.3704805214051577,0.15427618160219758
158099,0.36160778576395397,0.08563036312787276
158398,0.33456986004436606,0.3343813792074557
158699,0.3121954826594449,0.4969069989945565
158998,0.681852113372724,0.2773676961523166
159299,0.4614671122129961,0.5590911138919563
159599,0.543108073621874,0.45448283165404435
159898,0.6284508145994643,0.38318009396798935
160199,0.6894123238633529,0.4088938580556497
160498,0.5276764531851613,0.5148092289768605
160799,0.5177674342685517,0.4171563741546179
161098,0.430334700763392,0.5189822089441842
161399,0.5024972578657168,0.5305080173520897
161698,0.6084022842678498,0.5154951003285323
161999,0.8030167587773742,0.37905227785054596
162299,1.0166030989690296,0.28424771837160445
162598,1.0710133780940299,0.2709002695392495
162899,1.4524255207991525,0.15030621484514295
163198,0.6552226469000653,0.4873247027304617
163499,0.4370000921153373,0.6786129628149244
163798,0.39873277025191145,0.7013025328433085
164099,0.4992619183372942,0.582179484739612
164398,0.4278474106150721,0.6730871841796373
164699,0.4978283651014483,0.5956563611245134
164999,0.46192890930052244,0.6628765513591659
165298,0.9217414614158379,0.3404594642762402
165599,0.5801208795940788,0.5481387240747319
165898,0.4719025150938136,0.6497638862905383
166199,1.4368156204518816,-0.0986074683804965
166498,0.37803194402463425,0.722046640912765
166799,0.4524398064194631,0.6536273429836087
167098,0.4627629121305365,0.5475866703648706
167399,0.4107549739262809,0.642505948766241
167699,0.8626461800026743,0.14078393562969738
167998,0.33761703470492044,0.6220090588400622
168299,4.618417089306533,-0.19814139652150597
168598,5.036744453491719,-0.19155989511990423
168899,8.551093725778365,-0.2379681385647181
169198,47.017021108588544,-0.35911265974685036
169499,85.23697077799362,-0.4259388191018376
169798,43.15065192250291,-0.46936585939628994
170099,,
170399,15.154303530581602,-0.3766602580364069
170698,0.232337597455244,0.6730282963488052
170999,0.31737641342790857,0.5723907056234125
171298,0.2085157990992618,0.7645240161815243
171599,0.2630648641230548,0.6158697700848328
171898,0.5733782740741508,0.18640157491506282
172199,0.29723908309027736,0.5893475897844682
172498,0.3131129398641159,0.47653280473212534
172799,0.28836369526457883,0.6034250991566559
173099,0.29270050186643076,0.5656061211603773
173398,0.31170494012106037,0.45515452976881143
173699,0.32621339150531964,0.38119074829868493
173998,0.3488647591256899,-0.615186196450566
174299,0.29123572200994924,0.16137646657094484
174598,0.3029338104659677,0.23923174360680743
174899,0.29889814139340376,0.604454931490288
175198,0.2788262190446714,0.03869357982470867
175499,0.2596298026719863,0.10127438175980807
175799,0.2707639191025902,-0.4613051921351685
176098,0.24193136167457174,-0.01771816605397558
176399,0.24088254624466574,0.12390367190372087
176698,0.26436846196261965,0.16584210117546205
176999,1.0062510520407484,0.2761531194713488
177298,0.26069697000721015,0.02451345070327049
177599,0.2664526584380965,-0.0841796577646805
177898,0.30945161510223673,-0.3166588180428538
178199,0.3067136626585222,0.04203069626218958
178499,0.2975891585494607,-0.121848866796328
178798,0.33938857541949274,-0.012382487772961914
179099,0.339043386181511,0.08129884451975289
179398,1.7002731681675158,0.08943285792656419
179699,2.5608458261860343,-0.0066290532455073325
179998,0.505424790705351,0.5534092467006935
180299,0.33312752305975724,0.16361381672781616
180598,2.4200568651542693,0.0028171202972447906
180899,1.1915404158554546,0.15696241904935226
181199,0.3083086021548625,0.5839559656923289
181498,0.6326140254853064,0.43528378370363185
181799,0.429653089410931,0.6120584760017853
182098,0.3508905566217295,0.4805614263606578
182399,1.6503840442120854,0.03211962207774144
182698,0.6911650160577747,0.41146109182903023
182999,0.46576563600750087,0.5335678429009332
183298,0.87289928697777,0.20718557448750374
183599,0.6204807917303111,0.3277891772337881
183899,8.63512740052927,-0.46836990429204417
184198,3.960884743372293,-0.23764845787476307
184499,4.9032283601588995,-0.5841173007011491
184798,0.9977118711896791,-0.032800219719163914
185099,0.2931519693774719,0.7202448962179131
185398,0.3427876529353423,0.696840351314048
185699,1.4690253452453303,-0.00740507900676568
185998,0.3284039147756553,-0.0880281194224748
186299,0.34155041047472934,-0.298395361393212
186599,0.40859938364836906,0.49957994405169937
186898,0.5652167791996298,0.3324235503414812
187199,0.5047398200999681,-0.18251298497628143
187498,0.6382981130273406,-0.12815026499709647
187799,1.2956163456438914,-0.08535847752483283
188098,1.0187160572013145,-0.1291099394453359
188399,0.37550027408535347,-0.706949573500653
188698,0.36791044273813117,-0.692997779829825
188999,0.3522497168469274,-0.6003566217269383
189299,0.35922185854087263,-0.8012006269428649
189598,0.35969270995013175,-0.5255021326173972
189899,0.29397825187887183,-0.03568150646746937
190198,0.33538013908670583,-0.22793341317594673
190499,0.29838583796697815,0.10160557440788365
190798,0.30986460326790405,0.23226979241352386
191099,0.2909063141474145,0.3751532449383076
191398,0.3101475776085926,0.26206011321668665
191699,0.4173298976748459,0.47752090837966454
191999,0.39302808452792753,0.5432545896764299
192298,0.3778721538530809,0.4644753214790365
192599,0.39674424719526324,0.48105586748327556
192898,0.5463935269018175,0.3938810135781211
193199,1.0201430562948997,0.27910131635254964
193498,0.6449295595487174,0.29481752266724126
193799,0.942318469216715,0.2335024808155366
194098,0.7282943919235954,0.2817265450519061
194399,0.7327590413564087,0.28211861812287553
194699,0.6839278928726693,0.31461110369129974
194998,0.6727441195230753,0.34154927393735035
195299,0.7732339124443717,0.2642703984962488
195598,0.647088586203631,0.3636752843996264
195899,0.8975255626851693,0.17924801902847098
196198,0.6328802685809457,0.4404853653174856
196499,0.5804936480716865,0.42991905317133905
196798,0.5746780237568717,0.5090062125560226
197099,0.5063157406527049,0.5097618614671389
197399,0.4554138360393362,0.5213540714442519
197698,0.6700654909625595,0.4938964552681262
197999,0.4105597303471983,0.6582962314675154
198298,0.4157037973772909,0.6621786021837568
198599,0.34835217442590205,0.7128473657715937
198898,0.3012012785407193,0.6550156168387082
199199,0.26632360734198496,0.6189934930065288
199498,0.2501007555942743,0.7113042699735695
199799,0.23993336096519435,0.5946408318870419
200099,0.22522230945290575,0.6247146434992552
200398,0.20260778943670213,0.6546984808687436
200699,0.21989826228160955,0.5488483292675079
200998,0.19744209196032714,0.6266254879588118
201299,0.16431680076594557,0.8991366318016828
201598,0.1817907607103271,0.7875331143557687
201899,0.20563532323968234,0.5315663870812192
202198,0.18871083365722782,0.7871821878923428
202499,0.2229416940228246,0.6900999017033801
202799,0.4667930823433676,0.6224253181771598
203098,0.17424143204146542,0.8351903557150208
203399,0.19986691860806127,0.8716988196894438
203698,0.16518324234498566,0.8405410086728913
203999,0.18321177435073718,0.8467634152629132
204298,0.17191391759233443,0.8360622331359328
204599,0.23972193618731577,0.6464020560715139
204898,0.19765175493546405,0.7556654789399349
205199,0.17054163427614133,0.837731390724723
205499,0.21961670165849223,0.6821361342622942
205798,0.17776470184295415,0.8615642957162403
206099,0.19559522893336118,0.8210543172960967
206398,0.27053363817395404,0.6825329230334385
206699,0.4448600740905008,0.41477688693154957
206998,0.3841782769407647,0.6730934337689073
207299,0.23682250052118078,0.7356181276959275
207598,0.321406742981829,0.4628687812919321
207899,0.3298362037958389,0.5348882523144887
208199,0.3548492256160882,0.4330418170278203
208498,0.3989953154231538,0.3574392665605717
208799,0.2928731721739586,0.6339185646902681
209098,0.38520674693009815,0.4097133318869114
209399,0.5816009635226908,0.17419363057315373
209698,1.8776613417534338,-0.07730087459945412
209999,1.321921178182455,-0.06405160371101792
210298,0.8281452747957876,0.07758245240100714
210599,1.93805486672563,-0.07288435330961818
210899,5.359099200929678,-0.14537056475925958
211198,0.4102372771971068,0.2424965158074972
211499,0.9899400134986611,0.14757566890810647
211798,0.5667662455176389,0.3119139957582534
212099,1.1610254048555733,0.0071072037797697
212398,0.5375407803956245,0.2627499342579612
212699,0.5872041049836814,0.26288442470854445
212998,0.46025655502812524,-0.7342448488651325
213299,0.4568112154795141,-2.7446797568531682
213599,0.4581436308452549,-1.7149967819348313
213898,0.8785688651011434,0.11910643476948402
214199,0.45817233276886604,-0.6360955969772257
214498,0.4734141613753532,-1.0418118797538365
214799,0.4673470847434031,-0.621683900476852
215098,0.3857224696600697,0.11408250269122844
215399,5.7213063809512565,-0.3177065884057131
215698,0.45836226881540376,-4.711802342395703
215999,0.4702907267482741,-4.698457948608282
216299,0.44490294656771845,-3.7739159683649772
216598,0.4833628322922556,-5.290507704029145
216899,0.47832449139642225,-5.174805772522737
217198,0.46084176848670005,-4.652862670918092
217499,0.9445986745509057,0.3174797798527702
217798,0.31486138636687094,0.6045912848414756
218099,0.41931924754570965,-0.9080771274950503
218398,0.4861093744589222,-5.134842638938182
218699,0.49469820489642213,-5.892800451056639
218999,0.48871654637790374,-5.456808825914885
219298,0.4633229867740794,-4.727686790365798
219599,0.44034710444769065,-3.7306792212053725
219898,0.44299609410741286,-4.199483223658289
220199,0.41231565223009814,-3.436492751637151
220498,0.41196334965501047,-3.114489863102567
220799,0.41217589525903575,-3.176444523283701
221098,0.39933346594885055,-2.904416929819189
221399,0.6974185757618285,-0.4117823872005846
221699,0.3685452490523651,-1.8661875559951988
221998,0.40337071104454714,-2.574134505165593
222299,11.55270514917508,-0.15306077222340497
222598,47.745299590786956,-0.2972581817602986
222899,38.469886613014474,-0.2802440748560626
223198,59.351024707062415,-0.22853333173113155
223499,30.407118130129202,-0.20913594521820622
223798,33.842112317803156,-0.2139183394822104
224099,41.16935825599745,-0.25153449623350643
224399,44.08974931469503,-0.24302700145460698
224698,60.92142259924364,-0.24117261449509275
224999,108.61533841697744,-0.26705782418816315
225298,161.57753356528764,-0.28170401737646933
225599,113.08331798547049,-0.2800421469922847
225898,109.33232826653533,-0.2342724940631884
226199,111.60419156868811,-0.27813927520178483
226498,65.61994379264642,-0.26774706464409403
226799,0.9704311037193213,
227099,0.9704311037193213,
227398,0.9704311037193213,
227699,0.9704311037193213,
227998,0.9704311037193213,
228299,0.9704311037193213,
228598,0.9704311037193213,
228899,0.9704311037193213,
229198,,
229499,0.9704311037193213,
229799,0.9704311037193213,
230098,0.9704311037193213,
230399,0.9704311037193213,
230698,0.9704311037193213,
230999,0.9704311037193213,
231298,0.9704311037193213,
231599,0.9704311037193213,
231898,0.9704311037193213,
232199,0.9704311037193213,
232499,0.9704311037193213,
232798,0.9704311037193213,
233099,0.9704311037193213,
233398,0.9704311037193213,
233699,0.9704311037193213,
233998,0.9704311037193213,
234299,0.9704311037193213,
234598,6.117948734810677,-0.35922728721154495
234899,57.66869327189178,-0.35537877296522025
235199,10.599293584690308,-0.4392082543847373
235498,17.7185296182204,-0.32252210546226
235799,14.665786294806143,-0.35619173809155247
236098,13.140992785891697,-0.3340162614472224
236399,1.6437492299106347,-0.08843839156615219
236698,1.45151772990369,-0.0546369445904209
236999,1.824565317657895,-0.11806924972471933
237298,1.6759563978597085,-0.16212950272918225
237599,9.550423835153364,-0.4449037698578102
237899,1.5765799736185424,-0.20037404989266094
238198,1.164988331718505,0.06835984820295338
238499,1.0969380119592456,0.09455844772234834
238798,11.949899817956654,-1.4457913309666512
239099,33.37132881993346,-0.5256850464008447
239398,6.256702163410308,-0.21536457660011377
239699,4.546699680313086,-0.15758781620103068
239998,19.75090374711864,-0.3282450913530772
240299,7.585366727415415,-0.5954305740358738
240599,2.0794894979481273,-0.17984635709347963
240898,4.123069385620689,-0.3946628359266531
241199,12.8298108335492,-0.3378430697735728
241498,3.832899497674674,-0.3596465994104865
241799,2.8448840460795832,-0.27122022370500587
242098,0.7929501863305272,-0.3241701089559528
242399,8.834206277985889,-0.538563162917034
242698,14.332912272486912,-0.6543110090697519
242999,18.132199111378956,-0.47646686769963287
243299,21.609091768767005,-0.5985075568968394
243598,23.015079397005213,-0.5520180774996606
243899,14.142015592054303,-0.43409921027406995
244198,15.829779757070245,-0.5609009581659194
244499,23.879275659347677,-0.4175047865041748
244798,42.30742540175056,-0.2786555819232879
245099,34.55193822736166,-0.6361715790905835
245398,35.015702458001066,-0.588875188277941
245699,28.87196540179967,-0.36265551860254464
245999,24.488725443831576,-0.44118394219965507
246298,57.72937471674787,-0.34965847127495975
246599,59.26222721118073,-0.4214325301589754
246898,88.90177232714228,-0.2562238849907601
247199,49.67727808784092,-0.4162242322786043
247498,35.39171899456356,-0.6218124290777904
247799,3.2753554973958696,-0.1677083792383851
248098,44.97815740429941,-0.2373270461334529
248399,19.395061171553824,-0.2832887509142974
248699,12.833919587993641,-0.3754614004836214
248998,5.507956134454289,-0.3912619397377657
249299,6.560693136817715,-0.3355533890242792
249598,6.397459872377901,-0.3958446082844165
249899,8.446421175091078,-0.3770320606269071
250198,7.766203632253116,-0.3804714597659211
250499,9.374320850709132,-0.43258768509565715
250798,9.813169187290152,-0.39732743086343913
251099,11.932031728290152,-0.4357578679874454
251399,11.099326242118641,-0.4233784489001322
251698,9.848605340101058,-0.387639711014824
251999,12.479943665022352,-0.2854875988525085
252298,11.5980559250008,-0.36889080156118736
252599,13.743974804030096,-0.29574702720646817
252898,4.528062977826405,-0.25553636700423477
253199,0.826286627905115,0.0700346991068479
253498,1.0188185829220922,-0.6532422161649603
253799,1.6328709412362825,-0.04719670507582152
254099,0.8151244836975552,-0.21751675630013012
254398,0.9704311037193213,
254699,0.9704311037193213,
254998,0.9598953833781108,-0.5890031057176639
255299,0.9704311037193213,
255598,0.9704311037193213,
255899,0.9704311037193213,
256198,0.9704311037193213,
256499,0.9704311037193213,
256799,0.9704311037193213,
257098,0.9704311037193213,
257399,0.9704311037193213,
257698,0.9704311037193213,
257999,0.9704311037193213,
258298,0.9704311037193213,
258599,0.9704311037193213,
258898,0.9704311037193213,
259199,0.9704311037193213,
259499,0.64390703676306,0.43349631376033193
259798,0.43683708360102314,0.552395367501119
260099,0.4325986012005602,0.5822549139979454
260398,0.41746781889731943,0.6099212253577186
260699,1.2147181759894514,-0.019405581152818208
260998,0.45556639157556006,0.47810653841516393
261299,0.19889145883192538,0.8190539425156625
261598,0.25522862797413365,0.7967881040101934
261899,0.217206849915132,0.7668127759633302
262199,0.18623708986050813,0.8036652523620889
262498,0.22140897597399686,0.7672779778428818
262799,0.1674478342985987,0.844802974056269
263098,0.15396886417347885,0.8525556050420598
263399,0.21348581811632802,0.6932856275037536
263698,0.5265886957365438,0.45867864274327974
263999,0.1792252764954869,0.7544946009632842
264298,0.22642035186401316,0.5212538547233976
264599,0.18901820890567986,0.6747633463181983
264899,0.2115147037922539,0.7048416763402882
265198,0.23863257540799468,0.5639213675755075
265499,0.2354284719010503,0.5275929667246938
265798,0.250770591100251,0.5526375666410771
266099,0.27154304619539976,0.34574704301301307
266398,6.486845775693666,-0.15376645184014603
266699,0.4268008310023479,0.5150282382492539
266998,0.5075928859560516,0.42880158897818454
267299,0.4209586302825621,0.36443757050209524
267599,0.36847602384315803,0.45982854590422995
267898,0.42054244229859766,0.430383475245687
268199,0.4975331913170568,0.5176283153042514
268498,1.3842277040662516,0.13380023235967864
268799,0.926674174307418,0.13204479027844473
269098,1.5662994756152424,-0.25382860679711516
269399,0.4489754460831976,0.4333411200853764
269698,0.451024002023254,0.39817498359736714
269999,0.8045023663217432,0.17666640464694472
270299,1.3035008354065298,0.059772361967799115
270598,0.6306573378472062,0.32671623768543967
270899,0.46085069762973546,0.40004205368638956
271198,0.8723327181272991,0.1319652115831237
271499,1.1501624046681043,0.18317881533253066
271798,39.35346511371355,-0.3803765845387137
272099,0.6069747066567418,0.2790899322128828
272398,2.5177046034750235,-0.0019119255852324546
272699,0.4856136188007903,0.2679379467921976
272999,0.44671113495612436,0.31435783154237384
273298,0.5025409823403835,0.2011575268936745
273599,0.4859776177408465,0.3278319519722651
273898,0.5202275563357539,0.2939038984109844
274199,0.48511023729871755,0.4111990127356563
274498,0.5060452886922353,0.28090352223784876
274799,0.4770912489121428,0.35637603830204445
275098,0.5040883166480126,0.34219107895298884
275399,0.699420094524497,0.3299559347109806
275699,0.5775640682119969,0.4264478886958596
275998,0.6716890564366331,0.02617403811922392
276299,0.6486209954848189,0.10773315683809148
276598,0.5398238965592193,0.4168592629527734
276899,0.8958019843615982,-0.019962564831351504
277198,0.7601986995639478,-0.07216276986966319
277499,0.5114620566721151,0.4203132375927898
277798,1.6548238683316046,-0.22036034716366726
278099,0.49997073657310814,0.5030849967816129
278399,0.5396714778045326,0.4822609619621817
278698,0.6250748768106722,0.5370872238531255
278999,0.6069282465892549,0.4751986235346942
279298,0.653139022568042,0.484315645214357
279599,0.805741724003227,0.38978831504663136
279898,1.2200852051417899,0.0001862312521780929
280199,1.1163627700051169,0.14899036683376143
280498,1.0176962125680422,0.21781132727032226
280799,1.3401691143731724,0.058937737296123505
281099,1.436961695164839,-0.027125977891239827
281398,1.489710052084246,-0.06459677469328895
281699,1.7907825278430798,-0.1416806973345497
281998,1.8164201704426166,-0.1717813716536425
282299,2.0543926475722465,-0.21246997648377386
282598,3.0723813659518755,-0.35618542435575895
282899,2.0575725071740982,-0.20057999261444848
283198,2.3939598345676165,-0.27412217113121273
283499,2.134271760937987,-0.2588001128381503
283799,2.7657500812967837,-0.3690113398091657
284098,2.7291528719287275,-0.38304895186310106
284399,2.6006734244426166,-0.36074590496948566
284698,3.2458249798315055,-0.4076461139103862
284999,2.7256392157458578,-0.35483397815906326
285298,3.355558315181043,-0.39876372779910674
285599,3.364611693134746,-0.4381522959433217
285898,4.1910591086833575,-0.49302447192117294
286199,4.023392585488914,-0.4494461436078463
286499,3.544317213116228,-0.44432914881423313
286798,3.863549067014377,-0.414995685745444
287099,3.238671209553728,-0.3442433761037531
287398,2.6790790902412276,-0.2562444790219822
287699,2.299985748082456,-0.19012608999802483
287998,2.290387143424098,-0.1675637288388454
288299,1.708933335554678,-0.03507566835538989
288598,1.2957365725791905,0.13346510847448712
288899,1.3200340295166908,0.1506471502363792
289199,1.265007958850024,0.20316671829528166
289498,0.8974112854865983,0.3643461255956083
289799,1.091803756991228,0.29962690621585497
290098,0.925150503875493,0.3359948699222033
290399,0.7644081075930854,0.46437912330277553
290698,0.7645623033662278,0.4344726700312056
290999,3.9562884211232707,-0.19389300624290295
291298,0.6017774275306285,0.5713424633263817
291599,0.5173150223011675,0.6166973985192941
291899,0.5220098155204298,0.6143365764551725
292198,0.5686676051836371,0.5861896900315572
292499,0.7257021425477824,0.45850353105751085
292798,1.0849298410223194,0.1380859087084395
293099,0.7143757069575045,0.48071458943577716
293398,0.8083018525153749,0.4316882787492837
293699,3.029513237843134,-0.19751136280710346
293998,1.0370074483672267,0.26701782259906104
294299,0.8054311896010232,0.4347077264320619
294599,0.925628742904264,0.310991307514602
294898,1.1373185068116713,0.18383457346042953
295199,0.7233581472075047,0.4854375757963717
295498,0.8412230917098196,0.34364256532358484
295799,1.1531255330709305,0.200936282356881
296098,0.7136867960963935,0.4681442286327757
296399,0.6144770113325047,0.41943421158664884
296698,0.6013983951149121,0.48740205860461905
296999,0.6909306769644492,0.36820505722146946
297299,0.8422459622283379,0.2185350054739219
297598,0.6160004044366713,0.38758299080016234
297899,0.646826671603338,0.2727065470579535
298198,0.5003243705084306,0.45921816854910413
298499,0.4927167529204676,0.44891785065787826
298798,0.5135465452815787,0.40652757908771686
299099,0.5269712743996343,0.4455194066765743
299398,0.39441776916815285,0.6568957930002581
299699,0.361744418716764,0.6538110397351975
299999,0.41715977899685647,0.5348050031541025
300298,0.32415501663111573,0.6735006060398344
300599,0.41845795035040756,0.5324682329038273
300898,0.34240650297370834,0.5974866439941535
301199,0.2546531755401185,0.7569517545410615
301498,0.2394912300198903,0.773785699220609
301799,0.25658956124155524,0.6693583270952952
302098,0.2776778310447273,0.6351575097375142
302399,0.17246080022794347,0.821034011578827
302699,0.5288650500256928,0.20841008154766927
302998,0.23272065952233284,0.700271251453062
303299,0.1898123232458654,0.7107776379142008
303598,10.17776553641573,-0.3542541545136355
303899,4.060903080751724,-0.1993430259448412
304198,0.200041984198427,0.585707737249868
304499,0.20790653001142634,0.6168584129096633
304798,0.22485753824522264,0.418817780821912
305099,0.23426705703638995,0.5262639157495781
305399,0.22808017312009593,0.5689209292548605
305698,0.23179487720414574,0.3996322353228734
305999,0.25095065780427267,0.5113612158063949
306298,0.27232541128243876,0.2960102684422625
306599,0.25675099516126143,0.4265384512444448
306898,0.2833156190347181,0.3202132462649304
307199,0.2809683219092362,0.34168527996119347
307498,0.28817619999464295,0.4571293231963235
307799,0.31621012984176683,0.3940133838339287
308099,0.34755116379633183,0.3457136869132268
308398,0.3919293649307102,0.3637794568482974
308699,0.44114703807417993,0.3461758716402147
308998,0.3920551914885807,0.34392893663914925
309299,0.40731152922927244,0.34912730429612227
309598,0.4272031823704763,0.2629839162304406
309899,0.43173561888205025,0.13772690404640653
310198,0.4373645110398684,0.15742932063884763
310499,0.4102211676135317,0.18843105120668535
310799,0.4139181524032944,0.06547060186210785
311098,0.37837426599533286,-0.03445492782179449
311399,0.36837020003931437,0.07144097318988807
311698,0.4041300098772773,-0.15451638220432606
311999,0.3936860257106106,-0.17629164322808677
312298,0.3901898446586802,-0.20536274570506508
312599,0.3921293551181614,-0.06443921099522476
312898,0.37490362358923573,-0.13420303878323825
313199,0.3737463060151617,-0.13291627326752953
313499,0.36914541479471497,-0.2533415831178929
313798,0.3835132875007934,-0.15056026344647022
314099,0.3702129314262485,-0.3140848467138493
314398,0.35718418331337676,0.0779397039203884
314699,0.39697194513241035,-0.08746002724908863
314998,0.4171242510428958,0.185147222044173
315299,0.4209870824273964,0.11924450077055704
315598,0.702867294225766,-0.02126748014428448
315899,2.0066431449773443,0.049648126473895826
316199,2.530829804942622,-0.012490195531528636
316498,0.6161705114209313,0.42968704789646306
316799,2.257825665146326,-0.4149644600643272
317098,110.11113182089889,-0.24378579618105678
317399,73.88960817426234,-0.2537992336678745
317698,94.34132583770065,-0.14206898122749334
317999,101.80879510082838,-0.2215404809136925
318298,52.27632315364365,-0.2684014500430687
318599,64.25765805001123,-0.20727508432164465
318899,39.14255099473569,-0.24669356269347187
319198,0.9704311037193213,
319499,,
319798,0.9704311037193213,
320099,1.617424613147182,-0.3628092473717748
320398,14.091036846759843,-0.6459199774133031
320699,19.857758413528366,-1.0574120936112825
320998,14.734554860639381,-0.93067981596835
321299,40.13883288570892,-0.883944081977138
321599,15.20347555261855,-1.0994224511618516
321898,23.00184800057003,-1.2341330375402229
322199,10.256935353530677,-1.0718425617329115
322498,5.061746481190728,-0.6322382392626347
322799,6.405878553833819,-0.747737775315259
323098,6.3478763817944674,-0.671206229430404
323399,8.495075580213546,-0.8104248836033805
323698,11.289501794627801,-0.7877166208592385
323999,12.685112031444932,-0.8776998437777839
324299,13.711731927988913,-0.7981014243936841
324598,10.965042860968081,-0.7852478264671883
324899,11.439594524583821,-0.7849698500346585
325198,10.737625471475024,-0.7482319001591511
325499,9.402562000252804,-0.727481980523411
325798,6.965149207731968,-0.6967684241192531
326099,8.138351129669473,-1.0313120222004888
326398,13.840088439690309,-0.7720778397225119
326699,5.525008300074567,-0.8827981367340283
326999,9.86014641220429,-0.9442154293919502
327298,11.217811200822345,-1.0928042959814226
327599,8.64874171876216,-1.1340478140823955
327898,19.602620870185774,-0.9392535194311786
328199,45.12070998376448,-1.3711526518516894
328498,11.191592014782994,-0.6131657575443945
328799,13.420353427072348,-0.8645571269213725
329098,7.585718530516662,-0.7289221535213697
329399,4.103989964325594,-0.7531926867782037
329699,28.493929566134845,-1.120793685725502
329998,30.706902899431043,-1.191179746412626
330299,10.240126851135058,-0.7128184481103885
330598,,
330899,0.8060177469348063,-0.11053329978089899
331198,0.9698000425077213,0.024866078793181368
331499,2.179444078235804,-0.3445279559224119
331798,,
332099,0.6727729219819403,-0.8795600660944125
332399,1.3878074315424753,-0.1430268806554742
332698,15.421577645725124,-0.5512608942727197
332999,8.414078845334135,-0.6835337798283279
333298,18.120622486322347,-0.9819966991412026
333599,11.01855614148691,-0.6048490646929057
333898,15.52280910699827,-0.6457310405305585
334199,30.487530020794566,-0.7876645527525905
334498,38.19814954591956,-0.9751246317437563
334799,39.794330436789934,-0.7255371755647289
335099,24.088050876558455,-0.6779559586984085
335398,19.53521714543114,-0.795899580170905
335699,14.211651425725124,-0.9138881760431443
335998,7.199391966164937,-0.9419047565009637
336299,0.7740668346874134,0.15498969237025062
336598,2.6342039389373113,-0.47156626723310735
336899,0.9704311037193213,
337198,0.9704311037193213,
337499,0.9704311037193213,
337799,0.9704311037193213,
338098,0.9704311037193213,
338399,0.7714719977856448,-0.5067911500316582
338698,0.9704311037193213,
338999,0.9704311037193213,
339298,0.9704311037193213,
339599,0.9704311037193213,
339898,0.9704311037193213,
340199,,
340499,0.8101731535759836,-0.25622341100637036
340798,0.9704311037193213,
341099,0.9704311037193213,
341398,,
341699,0.9704311037193213,
341998,0.9704311037193213,
342299,0.9704311037193213,
342598,,
342899,0.9704311037193213,
343199,0.8280575378960222,-6.767373684607577
343498,0.9704311037193213,
343799,0.9704311037193213,
344098,0.9704311037193213,
344399,0.9704311037193213,
344698,0.9704311037193213,
344999,0.9704311037193213,
345298,0.9704311037193213,
345599,0.9704311037193213,
345899,2.859221284486651,0.012610612015403255
346198,2.1287468878454523,0.05688639455744171
346499,1.2457837911053877,0.16581202333396794
346798,1.0761025802144488,0.25748846984633345
347099,0.8977828374734431,0.2995362659836157
347398,0.8252141001195417,0.40913799993341493
347699,0.8261763151450048,0.38225816526549405
347998,0.8793465454664986,0.3534275887204673
348299,0.6829735244456655,0.4283713867674641
348599,0.7159011918947394,0.38111106317956545
348898,0.7294909478510232,0.34900519579225553
349199,1.4209743312946166,-0.06340287886875551
349498,0.6232707703741713,0.4825232137958948
349799,0.5048519538325046,0.5959449285691871
350098,0.428675402989912,0.5893996097401879
350399,0.4132784866959305,0.6566719685061837
350698,0.4263847890917639,0.6278374099948114
350999,0.41761272745056016,0.6646085946239364
351299,0.27328787854589276,0.792470649672133
351598,0.28825457153894835,0.778489174816031
351899,0.38797362039731953,0.7321685932295636
352198,0.3060728652519114,0.7851567269774258
352499,0.5186331041888638,0.15229082251290305
352798,0.3099746724093188,0.8010574367729137
353099,21.80954805870851,-0.26195935365986056
353398,0.3782164694837725,0.7013089717779397
353699,0.38333251538192065,0.6912452064298749
353999,2.5550702605214193,-0.14323558746884357
354298,0.49666576910877247,0.5802262125284543
354599,0.5546958341226614,0.5173441839225079
354898,0.6806729940231243,0.4144345533141299
355199,0.7734185958888651,0.3177097569428514
355498,0.830026862590205,0.2866748750681747
355799,0.8791164425184457,0.24617873422224235
356098,0.9879802240925256,0.04942528494311893
356399,0.9552229902059456,0.18766630511831262
356699,1.0400393419486216,0.16046050374536336
356998,0.8924828700277049,0.22261749743672765
357299,1.1093971978745476,0.06134151200811311
357598,1.1330237241407515,0.07783746745304454
357899,1.1227304734003904,0.08197943970158461
358198,1.2837434859787142,0.004615709630971465
358499,1.3759040718328808,-0.037034031816940205
358798,1.280089921680103,0.01610292847487993
359099,1.4482539166430664,-0.04883472152200774
359399,1.3933589203884367,-0.021380092610420176
359698,1.3866778104023254,-0.005803795128678457
359999,4.031079438831604,-0.2788219274650714
360298,1.2937854744879733,0.007448552954412047
360599,2.23046425690653,-0.08632365476865367
360898,1.8634487073301413,-0.2757651355839914
361199,1.3227317307009367,0.0029312782016720496
361498,1.2415248243676031,0.03793083600282021
361799,2.6142396105699373,-0.45318145007667066
362099,1.5901316209690295,-0.11686106637014038
362398,1.4950273608833817,-0.09566325684225974
362699,1.727303933163474,-0.16996850299647326
362998,1.8216741962884744,-0.1811788206937266
363299,2.5572849166000244,-0.3597620103626722
363598,2.0429664979458817,-0.25192706123800246
363899,2.0799739419204184,-0.25817166920004975
364198,2.4541977156324313,-0.3608020823299003
364499,2.0552695976879924,-0.30524917142926666
364799,1.8386848184796538,-0.2077219658222791
365098,2.4937397377875303,-0.33072665652006616
365399,2.341544603289845,-0.40208419565793707
365698,1.8972097371764132,-0.20867829688818373
365999,1.720065454824561,-0.1505144638937843
366298,2.5705311642713258,-0.5114109944013001
366599,1.971749502005117,-0.1599505465339408
366898,1.790408001100024,-0.1640757776204007
367199,2.0030956929102093,-0.210266918726836
367499,2.3608878059449316,-0.33046420166230295
367798,2.258734365965765,-0.32411173833385676
368099,3.7615791169842834,-0.5632011389378255
368398,2.901566756484284,-0.42532352197714784
368699,2.773456863623172,-0.41080663581614885
368998,2.5672742797967825,-0.3511843040800411
369299,2.3565222444379867,-0.2957512821412196
369598,3.160961819521321,-0.3649315187738993
369899,4.6165597632737345,-0.527202402107116
370199,3.35915683802827,-0.4272427833832173
370498,10.769699808285308,-0.2793354061636022
370799,5.533996142227345,-0.4784515724181766
371098,7.148047014039938,-0.4646766164015643
371399,6.39595093519503,-0.5982605020590115
371698,3.6461673895259494,-0.5597688861595396
371999,4.006762404715764,-0.5972566579112759
372298,13.1032764980029,-0.23537234277016883
372599,14.41176656115105,-0.25453373626966314
372899,8.665923321063087,-0.40035397371134374
373198,10.82474692389642,-0.28827595261799344
373499,9.59719461802605,-0.4732919819972963
373798,12.328767391178825,-0.30097184106098496
374099,7.731681425195031,-0.7374865439941554
374398,7.465244913127901,-0.793740209779427
374699,10.980116401308457,-0.5878896610280757
374998,6.89334836544503,-0.8360012943309241
375299,5.886343823884846,-0.8424484201979321
375599,6.104546013681141,-0.6658732215640613
375898,8.070827390512159,-0.7291287485930644
376199,6.3278272784195675,-0.7262657201504643
376498,3.9992214416440124,-0.5272882444331819
376799,5.9821289140816045,-0.5389934085297439
377098,3.1811417502190302,-0.3014622603363557
377399,3.3781152260338443,-0.3036313785641971
377698,2.4905787651148623,-0.18132039375915388
377999,1.8442805376519003,-0.05796105703384957
378299,2.2237182989528264,-0.1093468690909134
378598,1.8239062039875482,-0.031226126839313695
378899,1.9617991299065298,-0.05426078142358692
379198,1.9639517141773635,-0.049884908116342386
379499,1.9436113310014373,-0.07229091796129516
379798,1.961874006654215,-0.06536643695252797
380099,2.4001095115500477,-0.12622081283747266
380398,2.1070821147931036,-0.09072433672686309
380699,2.2348456121403264,-0.09863479526637331
380999,2.312016257478289,-0.10974579399851958
381298,2.2780853224019,-0.11280263655478984
381599,1.9184083644574557,-0.04713520346638411
381898,1.9163332539389368,-0.043273750736719796
382199,2.3346525458764367,-0.09030315573539527
382498,2.365918193246808,-0.12248333499863295
382799,2.412527554640326,-0.12823213192223726
383098,2.7256638563370847,-0.15698416914968338
383399,2.514843495091715,-0.12833848105989754
383699,2.8223650030292147,-0.16264830309773393
383998,2.7090749188787524,-0.1500338301890889
384299,2.7719176327606965,-0.15688729520536038
384598,3.014553840763012,-0.17507438121584573
384899,2.393402087135696,-0.09031944003399728
385198,2.4032588867792635,-0.10646060675038571
385499,2.2539937243788004,-0.09127619860704428
385798,1.964872510753801,-0.02653093517313665
386099,1.8217579789598193,-0.0051819794585847845
386399,1.7497388824875975,-0.024886903213975575
386698,1.6801873779181529,-0.0026899585515038904
386999,4.0428396491657885,-0.23631842307832107
387298,2.3588755445940297,-0.11332401193307762
387599,6.0132585937769,-0.5542109597916627
387898,14.503179545829195,-0.20606748891217275
388199,1.0763662400914986,0.25014826243503785
388498,1.4562252987075046,0.08641376100339682
388799,1.2580264327607449,0.17132674001375525
389099,0.8377008789250974,0.4282139751591749
389398,0.8856130424482453,0.3522332820559976
389699,1.076712749915838,0.21330424098128897
389998,1.0389303383672268,0.27294130954032725
390299,0.8587908982514862,0.40731166062565505
390598,1.2399169734343567,0.21712772157729665
390899,0.9277470587746343,0.3392889669387871
391198,0.8866067116635231,0.38404311504495803
391499,0.8620360821565787,0.3839346489452212
391799,0.8927442749737082,0.38343508863535203
392098,0.936391965540838,0.32484461376562856
392399,0.9186233585061157,0.3396437120314647
392698,0.8057586764602447,0.3850016806805474
392999,0.8200982816708929,0.3776550659248089
393298,0.7365889379648745,0.4075226632383433
393599,0.7050251913884854,0.4221080386629158
393898,0.6265339461921058,0.45375381867277476
394199,0.7336425660092353,0.35976362528552996
394499,0.6587622796365502,0.4271668514269904
394798,0.6357330274189574,0.4389747752949298
395099,0.6652706176110872,0.38649454698127583
395398,0.7915696003286796,0.31105835150580174
395699,0.6636325560856241,0.38173586888149846
395998,0.6294730131966865,0.4089066867174169
396299,0.6882088548934457,0.37751807669515236
396598,0.82596750865039,0.28911888176111955
396899,0.8761684341295567,0.253092592508265
397199,0.8582722902869642,0.2699904261975583
397498,0.9263772365273254,0.2356751894690049
397799,0.8881651031503901,0.2434161915642682
398098,0.8935345492915937,0.2224473312702182
398399,0.864983544328631,0.2464436439711526
398698,0.8095492010855754,0.2772538196465202
398999,0.8614258589976125,0.20188687817752993
399298,0.7747724489814087,0.3070496213422853
399599,0.787636187256492,0.34512770826785966
399899,0.6241046253517791,0.39225041380171677
400198,0.5778029024120213,0.35709279837663377
400499,0.9371780959301089,0.327542102771067
400798,0.5593475158213068,0.5586818072716344
401099,0.5178536306851693,0.4561095285550294
401398,0.48180027870368797,0.5201470583193912
401699,0.47519524737261243,0.5538639169478569
401998,0.49253975868748423,0.41821112494767776
402299,0.6019341889675768,0.37007724957624233
402599,0.4942628148981323,0.4485848364642333
402898,0.5113321817916507,0.479533884152451
403199,0.8424240899287336,0.2164832440976564
403498,0.9544895335375243,0.0619202758885381
403799,0.7298758424171538,0.4507227117527486
404098,0.7743977289704003,0.15968972528940995
404399,0.7577328465939415,0.0840639781743251
404698,12.666413396367972,-0.48247344811285764
404999,42.113861352495235,-0.20345904490525557
405299,,
405598,,
405899,0.9704311037193213,
406198,0.9704311037193213,
406499,0.9704311037193213,
406798,0.9704311037193213,
407099,0.9704311037193213,
407398,0.9704311037193213,
407699,0.9704311037193213,
407999,0.9704311037193213,
408298,0.9704311037193213,
408599,0.9704311037193213,
408898,0.9704311037193213,
409199,0.9704311037193213,
409498,0.9704311037193213,
409799,0.9704311037193213,
410098,0.9704311037193213,
410399,0.9704311037193213,
410699,0.9704311037193213,
410998,0.9704311037193213,
411299,0.9704311037193213,
411598,0.9704311037193213,
411899,,
412198,2.46299172970782,-0.08399706018181385
412499,47.273969670116315,-0.5400006200325902
412798,51.71575848067419,-0.7710074981657757
413099,33.83543028830615,-0.7446391664866503
413399,38.919862073357066,-0.5669295266876517
413698,14.60909443576438,-0.7370458023935116
413999,11.696386137678733,-0.8050823562646556
414298,13.526425796465766,-0.7568935248631563
414599,13.454078178956511,-0.778303710799908
414898,10.841496000590764,-0.670112789365916
415199,11.868946658884749,-0.6307571185125456
415498,12.36059741590327,-0.7402890317816848
415799,15.776508319759845,-1.0231213472950933
416099,62.370055407604745,-0.5905462573862441
416398,7.496981830602651,-1.2494913578690539
416699,,
416998,0.9704311037193213,
417299,2.6868148951159205,-0.1962396005492768
417598,57.148507453435776,-0.650380759217833
417899,0.9698132853219005,0.23573953665299063
418198,,
418499,1.683369154484291,-0.1643254145957993
418799,1.0651430010296536,-0.060293379880282716
419098,16.345757710932077,-1.1067642096820722
419399,4.359826916625277,-0.8718832825166167
419698,,
419999,,
420298,0.7260826611630637,0.17835457334440896
420599,0.6246242647324171,0.1747433603635632
420898,,
421199,,
421499,,
421798,0.6973414487481439,-1.356873017419737
422099,0.9704311037193213,
422398,0.9704311037193213,
422699,0.9704311037193213,
422998,0.8735427299551671,-0.11954907174597795
423299,0.9704311037193213,
423598,1.0359091343131135,0.23039179138887433
423899,2.206244724015191,-0.14590805131317786
424199,21.571780893921066,-0.48685691002546494
424498,11.113474847127957,-0.4336516063954432
424799,24.836183915829345,-0.553806507699454
425098,22.89304225508166,-0.5302049718142079
425399,24.687542278366386,-0.5723963978087048
425698,29.43293149819509,-0.5218018457425964
425999,24.931493439638658,-0.6852281900234043
426298,25.678748001066896,-0.7752555654979276
426599,22.19026939950759,-0.7030987946648923
426899,19.57995739254925,-0.6465102088121264
427198,23.30534930448907,-0.5902426669706418
427499,25.30675880621592,-0.6059782188949274
427798,23.207531568314582,-0.7375217551898514
428099,25.590765547289994,-0.6107167310769315
428398,25.278953712398785,-0.7067661937945364
428699,14.763624618567775,-0.5205537324611877
428998,24.436319562976625,-0.6136755171427553
429299,27.60953043052292,-0.625130400417891
429599,21.52130140498907,-0.6134465363022548
429898,29.991371803521474,-0.6427174591598825
430199,34.165726489439585,-0.6111416992769394
430498,34.645278887338606,-0.49428995904255735
430799,29.740836422595553,-0.4913760399985523
431098,36.26437808636456,-0.5336763767611858
431399,33.09583448919558,-0.5724494097269033
431698,27.835704857919623,-0.5138707157056679
431999,25.36161257406227,-0.5770456494142029
432299,4.522678679595925,-0.2852740243190164
432598,7.732093730800609,-0.36292478407378814
432899,0.5855359577202083,0.341994737223026
433198,1.7875659659110237,-0.018582408133763106
433499,,
433798,0.7385930095416731,0.3110230052186481
434099,0.9704311037193213,
434398,0.9704311037193213,
434699,0.9704311037193213,
434999,0.9704311037193213,
435298,4.300933216966715,-0.33483190340383184
435599,3.2711721057560665,-0.26269146969395085
435898,5.686073351918103,-0.3617442722004085
436199,2.632339166762746,-0.19246345283157162
436498,2.9133371655662517,-0.19234706716974825
436799,2.1681103470616225,-0.12685530360554864
437098,2.6798242829875485,-0.2057933312270932
437399,2.2582870693183015,-0.135627492955956
437699,3.048803741256067,-0.2158627063923826
437998,2.769472076959505,-0.2117476133282532
438299,2.4961334192606963,-0.17968529949154166
438598,2.2608732721192273,-0.14915566023456495
438899,3.5888078211394747,-0.31550190792998567
439198,2.2390293532141348,-0.11878842372162923
439499,2.5213430621079187,-0.17337921565347192
439798,2.1543632614806034,-0.13029535390393066
440099,2.200997326399585,-0.12680305066227016
440399,2.8035465368972705,-0.2849366696287938
440698,2.0969743974690296,-0.16766343213976986
440999,2.1368161456519004,-0.13587538369830976
441298,1.8994387321681043,-0.08342946382356109
441599,4.882678553766696,-0.24109471516284864
441898,2.8944540374389374,-0.38484547043298156
442199,2.2032161840593076,-0.17267749961931256
442498,10.670802737183363,-0.18303564222267354
442799,9.148470145725032,-0.10120464858260037
443099,10.462289660588503,-0.1284001607152001
443398,2.1002821169875485,-0.21999714297670092
443699,2.1035780796403265,-0.21496304156638457
443998,1.9815135016681036,-0.20177397248356632
444299,1.9535223491218074,-0.19534484923309936
444598,1.694398898026635,-0.14188408602611635
444899,1.9262819522676407,-0.21611508910062716
445198,1.7721389468810669,-0.17754111863984878
445499,1.6035707769625107,-0.1328708168280004
445799,1.4767719764023255,-0.0822634576435397
446098,1.4381008145990846,-0.07721811207755747
446399,1.3100713822426036,-0.02805597643933022
446698,1.4749815822495476,-0.1052383693789185
446999,1.4564232195828812,-0.10223408047373539
447298,1.4815030907726956,-0.10779262939629897
447599,1.4292721780554831,-0.09526106875335172
447898,1.4702097863467696,-0.13306269810376503
448199,1.5675882427634362,-0.15965795190474918
448499,1.4921653965226955,-0.14991746828085772
448798,1.5264161689952978,-0.1908601567995838
449099,1.7841032422888992,-0.2598572331011795
449398,1.8848571121060291,-0.2997528095441788
449699,1.8735126612958442,-0.29023288220990096
449998,1.8706860415851958,-0.3048240294917901
450299,1.9670310656777883,-0.3398340693737336
450598,2.9363752386949376,-0.5448718778815222
450899,2.420194179252901,-0.5529734262989179
451199,4.205519359854653,-0.3236705454935489
451498,2.4016489918949557,-0.46248959800199807
451799,2.4640688561115978,-0.4686139332478243
452098,2.5415461169055797,-0.47667166164422126
452399,2.5066792590861358,-0.503257718180302
452698,2.580446936905579,-0.4672015231958657
452999,3.164394241921783,-0.6352232986897224
453298,2.457961283049098,-0.4668802706821382
453599,2.7585428280791904,-0.46693140031961744
453899,2.4691593488662273,-0.4449628147450142
454198,2.64096346490558,-0.4805908556327292
454499,2.7511980521833572,-0.49352028243132406
454798,4.206802079523735,-0.6219526937304409
455099,3.184416122634752,-0.5957895107224789
455398,5.063014216574661,-0.4180496248317376
455699,3.0108343342319683,-0.6470260589150085
455998,3.623564886174099,-0.625071692538824
456299,3.750589117190308,-0.6243914690814127
456599,3.109659577468179,-0.620594713802664
456898,3.068207875303733,-0.501788752076668
457199,3.5509359420745614,-0.6054332554502397
457498,3.565275222407894,-0.5715698372451787
457799,4.065441607678728,-0.7163233544770147
458098,3.9145983940953943,-0.6791854576120437
458399,3.606171478225025,-0.5846363613161376
458698,4.298969320144011,-0.7131672058929055
458999,4.124992151306042,-0.6589689566994106
459299,3.8436778562250304,-0.6539277181101357
459598,4.194192865252803,-0.6144872295599146
459899,3.878244840822246,-0.613511741801746
460198,3.9853334519217825,-0.6197441300371276
460499,4.237695815250488,-0.6415030039027794
460798,4.396416748769005,-0.6631702772256229
461099,4.65516865903984,-0.686483142286356
461398,5.009991330875487,-0.7184800909858888
461699,5.440296283398635,-0.7086891690928465
461999,5.956144799630117,-0.7761569407650368
462298,5.600633821986597,-0.7279176548391466
462599,6.484738667586136,-0.7490340839389797
462898,6.358641693734283,-0.8146503094791029
463199,6.362414858123172,-0.7676515901877972
463498,6.458674169051412,-0.8138981389994533
463799,7.0188279122296535,-0.7719662120037163
464098,6.732962821979653,-0.7761426745353259
464399,6.239424412479654,-0.8059776506262659
464699,7.007139353252802,-0.7754077885685444
464998,20.55548362419966,-0.4217873411257047
465299,6.036960247637062,-0.7356911876396806
465598,6.088885746956506,-0.720737976781459
465899,11.904482884991232,-0.5759373161343881
466198,8.30482096391031,-0.9385792571192744
466499,4.5985139134009545,-0.553637667274054
466798,7.334620243908734,-0.2452792083498221
467099,12.178190061935773,-0.4816275160995971
467399,23.417741439609383,-0.3969779360366015
467698,28.30366369807234,-0.47320556437202654
467999,8.982343879153362,-0.5933223714106539
468298,8.593473232914938,-0.4852306430378148
468599,10.444441116718178,-0.5286607389534672
468898,18.36495928989873,-0.4061860584680099
469199,40.84313436791031,-0.4569737423236584
469498,50.719862236079294,-0.4983184203080233
469799,24.80318443419966,-0.5798889973042121
470099,20.157607807736696,-0.5854020042674142
470398,9.061007885769103,-0.6384243747743643
470699,21.881381454963545,-0.748248157524289
470998,16.76968596202142,-0.4322273254039639
471299,9.187534695093085,-0.6551576974992446
471598,7.315034091394955,-0.5723472564863323
471899,3.609588119081469,-0.2002294384379577
472198,13.396642031535215,-0.44991774438504084
472499,0.9704311037193213,
472799,0.9704311037193213,
473098,0.9704311037193213,
473399,0.9704311037193213,
473698,0.9704311037193213,
473999,0.9704311037193213,
474298,0.9704311037193213,
474599,0.9704311037193213,
474898,0.9704311037193213,
475199,0.9704311037193213,
475499,0.9704311037193213,
475798,0.9704311037193213,
476099,0.9704311037193213,
476398,0.7528574441663421,-0.9404768630535949
476699,,
476998,13.638492672324709,-0.6342018155612845
477299,5.3100858228037335,-0.23251416336752717
477598,5.756045157677351,-0.14500630314113638
477899,2.4709194602514852,-0.1423844477952072
478199,2.3923624382489055,-0.10678474665981641
478498,2.3135188107396467,-0.10679095193398558
478799,2.312742454256116,-0.10861804016748855
479098,2.116495355387795,-0.07811949204628266
479399,1.932755503878801,-0.048577827892094305
479698,1.8628469344042635,-0.0479849268144632
479999,1.7092231826750974,-0.0225178315867105
480298,1.734347708489912,-0.055637173103367354
480599,1.7690743081056528,-0.05304315192209996
480899,1.4430250124343564,0.03919140742545668
481198,1.8693759079829677,-0.12021171292040322
481499,2.3532019303130864,-0.3047247882175652
481798,1.8707843745547268,-0.1496694031639234
482099,2.1203206184366774,-0.2830038078635888
482398,1.962630489311671,-0.19198693882846563
482699,1.998818157818616,-0.24012030553339292
482998,1.8032230150848194,-0.15923890087911086
483299,4.658334607412579,-0.3294077667367685
483599,2.0999851516519494,-0.1921781018757478
483898,3.1231652726556343,-0.3004565120336913
484199,2.0497991985546777,-0.2813741179042295
484498,2.3196930048593822,-0.3507279954914122
484799,2.155533215812993,-0.4098992210413661
485098,2.502236013796789,-0.4507629571360747
485399,25.447251522678826,-0.3171631794217067
485698,2.584340203344571,-0.18966390067343974
485999,58.93151425416957,-0.4750522514089033
486299,53.734551184211234,-0.5576442375654425
486598,28.830766097134845,-0.5489980313448417
486899,41.08434290262791,-0.21117826669586903
487198,38.54332637380152,-0.20756401671370805
487499,29.69228006572975,-0.24924201790148537
487798,29.492052321361697,-0.26992946870487944
488099,37.12596721821124,-0.3412524130455816
488398,44.31094129960244,-0.40175321359679517
488699,50.43986664161402,-0.3309277370038457
488999,60.19847262627606,-0.2961544854838565
489298,40.757993444081606,-0.34756992440346246
489599,42.22711224415105,-0.3696372053793242
489898,55.19384489981309,-0.34518781366409024
490199,56.223458175424206,-0.2886148155463706
490498,48.14117323505383,-0.350248355119255
490799,48.558514878951975,-0.3404612784945724
491098,57.69360441265336,-0.35916933716196175
491399,45.835982366116326,-0.4272747914153192
491699,42.80797554312326,-0.4016219650535935
491998,65.86774440155614,-0.39183159814498225
492299,75.9131100777853,-0.4991233396291854
492598,95.49390405423438,-0.3546259848265856
492899,71.71027731308855,-0.41731177690755317
493198,19.393287914484286,-0.4214621116170181
493499,24.173445692453782,-0.5201892113494473
493798,0.9704311037193213,
494099,0.9704311037193213,
494399,0.9704311037193213,
494698,0.9704311037193213,
494999,0.9704311037193213,
495298,0.9704311037193213,
495599,0.9704311037193213,
495898,0.9704311037193213,
496199,0.9704311037193213,
496498,0.9704311037193213,
496799,0.9704311037193213,
497099,0.9704311037193213,
497398,0.9704311037193213,
497699,0.9704311037193213,
497998,0.9704311037193213,
498299,0.9704311037193213,
498598,0.9704311037193213,
498899,0.9704311037193213,
499198,0.9704311037193213,
499499,0.9704311037193213,
499799,0.9704311037193213,
500098,0.9704311037193213,
500399,0.9704311037193213,
500698,0.9704311037193213,
500999,0.9704311037193213,
501298,0.9704311037193213,
501599,0.9704311037193213,
501898,0.9704311037193213,
502199,0.9704311037193213,
502499,13.47153159683855,-0.6611949961394239
502798,5.391501163354753,-0.6839889945398716
503099,5.872118303007431,-0.655340129379596
503398,7.803872205903265,-0.8049967461004504
503699,5.5955579503361355,-0.7616707507759204
503998,5.704115252764376,-0.7112649499185522
504299,9.023980920275958,-0.8221462272668607
504598,14.357677114583826,-1.2075756035038956
504899,41.41743877668809,-0.7851484738874244
505199,31.359320112125584,-0.6049473894861723
505498,0.9704311037193213,
505799,,
506098,,
506399,0.9704311037193213,
506698,2.382977314401263,-0.396124547226385
506999,,
507298,,
507599,,
507899,0.9704311037193213,
508198,0.9704311037193213,
508499,0.9704311037193213,
508798,0.9704311037193213,
509099,0.9704311037193213,
509398,0.9704311037193213,
509699,0.9704311037193213,
509998,0.9704311037193213,
510299,0.9704311037193213,
510599,0.9704311037193213,
510898,0.9704311037193213,
511199,0.9704311037193213,
511498,0.9704311037193213,
511799,0.9704311037193213,
512098,0.9704311037193213,
512399,0.9704311037193213,
512698,0.9704311037193213,
512999,0.9704311037193213,
513299,0.9704311037193213,
513598,0.9704311037193213,
513899,0.9704311037193213,
514198,0.9704311037193213,
514499,0.9704311037193213,
514798,0.9704311037193213,
515099,0.9704311037193213,
515398,0.9704311037193213,
515699,0.9704311037193213,
515999,0.9704311037193213,
516298,0.9704311037193213,
516599,0.9704311037193213,
516898,0.9704311037193213,
517199,0.9704311037193213,
517498,0.9704311037193213,
517799,0.9704311037193213,
518098,0.9704311037193213,
518399,0.9704311037193213,
518699,0.9704311037193213,
518998,0.9704311037193213,
519299,0.9704311037193213,
519598,0.9704311037193213,
519899,0.9704311037193213,
520198,0.9704311037193213,
520499,0.9704311037193213,
520798,0.9704311037193213,
521099,0.9704311037193213,
521399,0.9704311037193213,
521698,0.9704311037193213,
521999,0.9704311037193213,
522298,0.9704311037193213,
522599,0.9704311037193213,
522898,0.9704311037193213,
523199,0.9704311037193213,
523498,0.9704311037193213,
523799,0.9704311037193213,
524099,0.9704311037193213,
524398,0.9704311037193213,
524699,0.9704311037193213,
524998,0.9704311037193213,
525299,0.9704311037193213,
525598,0.9704311037193213,
525899,5.246263488760431,-0.45377966735871933
526198,5.063087836022006,-0.3707836692958004
526499,5.787042777028271,-0.34574147583388215
526799,4.910907399862549,-0.3281412642054373
527098,4.20934466933014,-0.4018019002148929
527399,3.5484498950431034,-0.3356606900128103
527698,3.4401299085894004,-0.3039949961065205
527999,4.733182580445881,-0.5329206558219963
528298,3.295153720744493,-0.33242498489434347
528599,3.0588369373579187,-0.3172524886491699
528898,4.988163278881067,-0.6417096640657847
529199,18.61912942889179,-0.4511780901761988
529499,15.645271582130214,-0.4829612867177544
529798,3.504258156025956,-0.26704682303602456
530099,9.481741225829337,-0.470138275629322
530398,18.355280499806142,-0.33246702598216293
530699,3.7286886599473457,-0.6136891856786773
530998,2.2922929320686154,-0.2613623292962517
531299,3.1689289741264366,-0.311755926629496
531598,2.7809430097412338,-0.3742310690887991
531899,4.34832551148892,-0.3407832605115948
532199,3.40331719583382,-0.3024574470168575
532498,3.5413653869819743,-0.32523541877689355
532799,3.215940085014382,-0.27013845795182045
533098,14.293340330151048,-0.2478166784891631
533399,2.2897893359434764,-0.21391449666793028
533698,1.8235973731041994,-0.16970473547308162
533999,1.8450611882013161,-0.19035792600754387
534298,1.9300736450277052,-0.17684624568695573
534599,2.013735161881872,-0.16468307850506902
534899,1.8034547033633532,-0.17392576894665313
535198,2.114598865039279,-0.22021481044093338
535499,1.899332650923595,-0.1702593573531339
535798,1.761187833412021,-0.16579590938744326
536099,1.61906723199304,-0.12625776953902768
536398,1.7202714489768358,-0.15393291928842645
536699,1.8244592932819552,-0.17546300610162957
536998,1.6702587010184458,-0.16782430913437918
537299,2.826002690572252,-0.3291190326853737
537599,8.110200272659778,-0.49506863333629925
537898,47.98573690886633,-0.8545551373981541
538199,62.29235395185937,-0.7922247982342581
538498,66.1062940264705,-0.757370202556439
538799,75.09090179241724,-0.6524259748740786
539098,66.64756059169726,-0.6594112211522871
539399,41.93048740500049,-0.8253977949671139
539698,45.30445364487096,-0.9058089812514176
539999,64.48777068688011,-0.7579556526805673
540299,2.5656262422974176,-0.2486814909199877
540598,0.9704311037193213,
540899,0.5216051086143099,0.23299246709122023
541198,0.5240216444354405,0.16555348902488665
541499,21.60484835930976,-0.6745435208646391
541798,17.39286939366262,-0.6596535598341842
542099,54.626003537773734,-0.5548768195095402
542398,32.82996272665568,-0.5335247709407531
542699,9.819532558741326,-0.39911571747859464
542999,5.239040235389912,-0.24713016326893178
543298,3.487229531197782,-0.30091342978040503
543599,6.625833937037623,-0.23760553060345435
543898,6.470758679458919,-0.2155362048006655
544199,1.5518881316602093,-0.13425017807896422
544498,2.7797933774680796,-0.6214018226423341
544799,1.8046559437991974,-0.5118021988651538
545098,1.8654399637389132,-0.23777544696805886
545399,1.7490850304218823,-0.43216974546518605
545699,2.8732120652899384,-0.22129244114603264
545998,2.5993551465214195,-0.31055783204063725
546299,3.60335093847503,-0.2795151962211051
546598,1.1542140418901807,0.018404965204389834
546899,2.707425416449567,-0.30684792258823035
547198,1.4767073302065055,-0.16197330040743818
547499,2.1157782147829933,-0.30652111183899455
547798,2.389209480178734,-0.2602788613212079
548099,1.0430180198245609,0.1358141723724452
548399,1.2468334233184217,-0.033968824883676696
548698,1.0051791687281437,0.09461884477320137
548999,1.2823233470888806,-0.08976584787112585
549298,1.1289082332467193,0.007095575427948586
549599,6.516354791894106,-0.19427384021125182
549898,1.6161710491788268,-0.2842321980730911
550199,1.3673630214272177,-0.10378669487065162
550498,1.436410175811477,-0.14135317861208518
550799,1.3416818685383858,-0.10533375984799531
551099,1.4137104026008287,-0.11855090363001297
551398,1.5046048010776807,-0.16037164120094793
551699,1.664187082772125,-0.2580723752440106
551998,1.6445157439735143,-0.2251232668467651
552299,1.889701582156005,-0.2963687808512463
552598,2.1463099372458574,-0.3368415924006316
552899,2.4001689682699556,-0.3651885314727703
553198,2.735277513658845,-0.40754453905008625
553499,2.786533289397271,-0.4048032654322684
553799,2.8178795815222704,-0.4146568714188934
554098,3.0265445530106962,-0.4309744983408321
554399,3.0279172094875486,-0.42704358139085685
554698,3.0637213908694925,-0.4226403910972383
554999,3.2347950886449564,-0.45125961676865267
555298,3.336057892193567,-0.4548804123179999
555599,3.6499753351403257,-0.4530916802360976
555898,3.631257833457462,-0.49439349145721967
556199,3.6606281460407897,-0.48236030076370984
556499,21.37301860860704,-0.24253318974043236
556798,0.9704311037193213,
557099,0.9704311037193213,
557398,0.9704311037193213,
557699,0.9704311037193213,
557998,0.9704311037193213,
558299,0.9704311037193213,
558598,0.9704311037193213,
558899,0.9704311037193213,
559199,,
559498,0.6095289139232059,-0.5003622068876354
559799,23.9041572734205,-0.5291663491740342
560098,13.83672290982719,-0.380801654479878
560399,0.9704311037193213,
560698,0.8521503036687528,0.37094150077814103
560999,0.7965321426153356,-0.055498312529421945
561298,0.9704311037193213,
561599,0.9704311037193213,
561899,0.9704311037193213,
562198,0.9704311037193213,
562499,0.9704311037193213,
562798,24.45726597635581,-0.42868334219064597
563099,71.4241551928881,-0.48704603498306964
563398,0.9704311037193213,
563699,0.9704311037193213,
563998,0.9704311037193213,
564299,0.9704311037193213,
564599,0.9704311037193213,
564898,0.9704311037193213,
565199,0.9704311037193213,
565498,1.581760330489453,-0.051484398980736534
565799,3.8259829476586287,-0.3416359529035
566098,3.1692273793530727,-0.343770968691816
566399,3.199404211536209,-0.3266604808858653
566698,3.168291105610017,-0.2840210013677229
566999,3.3506689762259745,-0.28238169761500576
567299,3.064211912068616,-0.26389716557091303
567598,5.0854675873200295,-0.31670986507378274
567899,4.071982637169568,-0.351403452942743
568198,2.502588310742227,-0.2021147947188109
568499,2.4863126814297267,-0.233120173849805
568798,2.304112349124171,-0.20675908606020754
569099,2.1632401772885235,-0.19732502393783258
569398,2.5417877102839923,-0.4171636004168642
569699,8.643478335083826,-0.22367889221102377
569999,3.6831879480431535,-0.11344148990285507
570298,3.423636452935678,-0.21762551637682925
570599,2.476635506531579,-0.3250993227109036
570898,2.3086879599598196,-0.26635695417239713
571199,2.344138710295468,-0.29504714733239057
571498,2.4407062642144,-0.32103190314946417
571799,6.275335195097808,-0.4017629612959426
572098,2.717564452334777,-0.4165278453532095
572399,3.377091723347808,-0.6373472939794129
572699,2.5340495596453807,-0.3177542288986699
572998,3.8755046067213437,-0.3535421432519421
573299,2.8413347291218134,-0.421123730122559
573598,3.0640033898129926,-0.5495883087793294
573899,2.8294057117018823,-0.36104928859450647
574198,2.06706098127043,-0.2158920717595998
574499,2.132975141254226,-0.21677505534852592
574798,1.8606011775898748,-0.1773634289655306
575099,1.8806717790181153,-0.1958509517786795
575399,2.1378769138186153,-0.18242284326345404
575698,2.0467952693630225,-0.17976787643802505
575999,1.738883141104143,-0.1457400697572886
576298,1.7266371546870967,-0.14932734770403666
576599,1.8246060895805662,-0.1797817737308467
576898,1.5351530069235872,-0.10092284348905878
577199,1.7289751119615604,-0.12207643760869824
577498,1.4252575344652538,-0.033829857703016275
577799,1.3754667235452733,-0.04232909806746932
578099,16.797766500912626,-0.3772517172064167
578398,11.14053671306468,-0.37841572670380463
578699,8.932259850134175,-0.43512238788690216
578998,76.11018440023439,-0.341447501748223
579299,59.03690494693577,-0.3116729809109524
579598,0.9704311037193213,
579899,0.9704311037193213,
580198,0.9704311037193213,
580499,0.9704311037193213,
580799,0.9704311037193213,
581098,0.9704311037193213,
581399,0.9704311037193213,
581698,0.9704311037193213,
581999,0.9704311037193213,
582298,0.9704311037193213,
582599,0.9704311037193213,
582898,0.9704311037193213,
583199,0.9704311037193213,
583499,0.9704311037193213,
583798,0.9704311037193213,
584099,0.9704311037193213,
584398,0.9704311037193213,
584699,0.9704311037193213,
584998,0.9704311037193213,
585299,0.9704311037193213,
585598,0.9704311037193213,
585899,0.9704311037193213,
586199,0.9704311037193213,
586498,0.9704311037193213,
586799,0.9704311037193213,
587098,0.9704311037193213,
587399,0.9704311037193213,
587698,0.9704311037193213,
587999,0.9704311037193213,
588298,0.9704311037193213,
588599,0.9704311037193213,
588899,0.9704311037193213,
589198,0.9704311037193213,
589499,7.398137731609381,-0.8447141871548971
589798,11.679913418563087,-1.1244031687260687
590099,26.134858745146417,-1.2329967633747079
590398,22.549848737419563,-1.3246648022479763
590699,19.159716730648736,-1.399509487227367
590998,6.171061145363918,-1.13029312146851
591299,6.071390829877809,-0.802331112199411
591599,3.619567466014802,-0.49352118121422306
591898,3.469263116313792,-0.46457697822107624
592199,3.901613567111598,-0.635220172469257
592498,3.835602872229659,-0.8141103558837042
592799,15.61692417600975,-1.0015592739431596
593098,16.300012627852347,-1.37933331658507
593399,3.7819719014104134,-0.6170812455658394
593698,32.79130599270198,-1.1893984111149152
593999,,
594299,0.9704311037193213,
594598,0.9704311037193213,
594899,0.9704311037193213,
595198,0.9704311037193213,
595499,0.9704311037193213,
595798,0.9704311037193213,
596099,0.9704311037193213,
596398,0.9704311037193213,
596699,0.9704311037193213,
596999,0.9704311037193213,
597298,0.9704311037193213,
597599,0.9704311037193213,
597898,0.9704311037193213,
598199,0.9704311037193213,
598498,,
598799,,
599098,,
599399,,
599699,,
599998,,
600299,,
600598,0.9704311037193213,
600899,0.9704311037193213,
601198,0.9704311037193213,
601499,0.9704311037193213,
601798,0.9704311037193213,
602099,0.9704311037193213,
602399,0.9704311037193213,
602698,0.9704311037193213,
602999,0.9704311037193213,
603298,0.9704311037193213,
603599,0.9704311037193213,
603898,0.9704311037193213,
604199,0.9704311037193213,
604498,0.9704311037193213,
604799,0.9704311037193213,
605099,0.9704311037193213,
605398,0.9704311037193213,
605699,0.9704311037193213,
605998,0.9704311037193213,
606299,0.9704311037193213,
606598,0.9704311037193213,
606899,0.9704311037193213,
607198,0.9704311037193213,
607499,0.9704311037193213,
607799,0.9704311037193213,
608098,0.9704311037193213,
608399,0.9704311037193213,
608698,0.9704311037193213,
608999,0.9704311037193213,
609298,0.9704311037193213,
609599,0.9704311037193213,
609898,0.9704311037193213,
610199,0.9704311037193213,
610499,0.9704311037193213,
610798,0.9704311037193213,
611099,0.9704311037193213,
611398,0.9704311037193213,
611699,0.9704311037193213,
611998,0.9704311037193213,
612299,0.9704311037193213,
612598,0.9704311037193213,
612899,0.9704311037193213,
613199,0.9704311037193213,
613498,0.39451101471804206,0.609960469132302
613799,5.619670281054685,-0.716263881558
614098,11.838908695692716,-1.2339810571061651
614399,3.416739896572931,-0.35142973057172244
614698,3.2865489898044125,-0.33352030445938574
614999,3.5101381309157893,-0.3271346842212737
615298,3.4728694633159867,-0.317141852653112
615599,3.4004133955567273,-0.31237406341466456
615899,3.1543412725891344,-0.3062848576037527
616198,3.1972235345793383,-0.25479315701783434
616499,2.96861621383682,-0.2817943626437145
616798,2.947174304897006,-0.36413515354351955
617099,2.8728985889343135,-0.357977987911829
617398,3.853393129545419,-0.3045475938603224
617699,2.2730047346053386,-0.2121107921560943
617998,4.2878748044265125,-0.5259327599373693
618299,2.3904845550821903,-0.26532373481373495
618599,2.8137146666889374,-0.4448159307841508
618898,2.383368006962085,-0.30410199731634835
619199,2.460269275195617,-0.32516139523763066
619498,8.315906368375586,-0.5588492459433214
619799,2.2193396665821905,-0.27715073246412736
620098,2.2853097011493197,-0.2999736245511715
620399,2.5675548105292147,-0.3622740681925498
620698,2.2382924108833873,-0.3394461925467187
620999,2.710480733779363,-0.3495645814865507
621299,2.047378003830301,-0.2619678071520992
621598,1.983266742411699,-0.254219155870838
621899,2.079853963997233,-0.270285797554739
622198,2.1608250389717703,-0.3359756097391777
622499,7.765241777375495,-0.5314824627687778
622798,1.9731531576040942,-0.2622989929117818
623099,6.552067589810679,-0.9337339919570569
623398,1.9540650679281677,-0.24414916403160514
623699,2.3795413303523443,-0.477760149979108
623999,1.887362259840205,-0.2530324608532559
624298,1.9827910052360385,-0.27750347325505853
624599,2.1511021437240845,-0.3379201172212998
624898,2.072919526974085,-0.3257285748678749
625199,2.141698638911585,-0.3246628713536006
625498,2.233443853267641,-0.3441947934642118
625799,2.1181872355319546,-0.3175804587944904
626098,2.0084373056712232,-0.28621524426638834
626399,2.0279882130091864,-0.3034650691180847
626699,1.9600339186453815,-0.34334220442035135
626998,20.47016680384077,-0.3030166260333247
627299,24.199428500044473,-0.47565393110804344
627598,59.838687636958916,-0.8551842376474799
627899,0.9704311037193213,
628198,0.9704311037193213,
628499,0.9704311037193213,
628798,29.55761217103994,-0.4850192627365739
629099,11.974779806160214,-0.155517436931498
629399,7.999182371035216,-0.5410868150249242
629698,25.687147793456603,-0.9254777906479881
629999,27.84395335176679,-0.7347225104138586
630298,25.033688886826976,-0.7052035129662793
630599,0.7232442141387183,-0.3969228456516791
630898,,
631199,0.9704311037193213,
631498,18.62276676343114,-0.6547118632237345
631799,26.227348539120953,-0.5691009824622653
632099,13.803453137271418,-0.890178529555778
632398,26.482230157657995,-0.3827274226836226
632699,21.940648504458924,-0.394595468961058
632998,16.865816750308365,-0.7166000980442238
633299,7.8695117432435495,-0.8820175886470172
633598,5.0994104336208625,-1.1289843611274062
633899,24.834323094160307,-1.2858205009758361
634198,4.520782109676419,-0.9684742202483128
634499,3.276758530167154,-0.7298882232810919
634799,2.908239148336141,-1.0279108810873905
635098,4.267015297157901,-0.4893781842413869
635399,3.18607177216253,-0.8884867173222255
635698,2.429730237517495,-0.6236798041587992
635999,4.6040473992296596,-0.9744790828793992
636298,4.413472373949562,-0.9599526768758426
636599,8.596612292569938,-1.0403762599405404
636898,4.414070021185678,-0.937906801787806
637199,7.089421650780678,-0.7957583995549866
637499,4.923490957025955,-0.9123660044177908
637798,5.371169933442622,-0.709797833444392
638099,4.157489296877902,-0.8321697507795194
638398,6.588596931882438,-1.0855229095729508
638699,52.57360896042188,-0.4014883861986134
638998,128.959121645614,-0.11510382841482136
639299,4.739772717611604,-0.31453574595021094
639598,0.6460090450178747,-0.3851251511038287
639899,1.0671856413124892,-0.04624028867238983
640199,3.3103032940560424,-0.5737245979965118
640498,5.5318314089079,-0.6627700141528663
640799,7.34679990242179,-0.4487680952422237
641098,4.586433105905581,-0.5789298803371932
641399,3.6407050574264184,-0.6699860557283583
641698,6.368655572975024,-0.5435684645975432
641999,4.3870946758987035,-0.19079171280731
642298,2.7027303675659193,-0.21249684258638846
642599,43.66469541007697,-0.5541091877482867
642899,81.70900393456309,-0.5749455645070256
643198,4.0361477661950795,-0.6635878343392467
643499,4.774232302153265,-0.7000662148496302
643798,5.675246948294468,-0.7487850714941677
644099,6.992948350586135,-0.7240887311987034
644398,4.953797339157895,-0.5821030974889618
644699,4.727831314281529,-0.5318902398315162
644998,4.954454917185672,-0.5628938228646869
645299,4.999866050300048,-0.5174927009658521
645599,6.012766046082455,-0.4591807101041119
645898,4.722355164948197,-0.5020827457152435
646199,6.059496402167153,-0.4719874014619352
646498,6.539092661863913,-0.49425505258341484
646799,7.374184599150951,-0.5148543989537102
647098,8.368712872486599,-0.48487208473243903
647399,8.050361219086136,-0.5103507919441412
647698,7.907579314317622,-0.4922418348979205
647999,7.533103478433363,-0.49620919538847597
648299,9.242082134419473,-0.5304411955156789
648598,13.257692195185676,-0.4739705550375646
648899,11.835918794861696,-0.491255183033273
649198,9.946634804750586,-0.6363498518790363
649499,23.731564683178735,-0.2697217071718667
649798,38.69113024231078,-0.4142495465681606
650099,26.723794743919473,-0.4652821104265832
650398,52.60864266991958,-0.4371106772419109
650699,39.83914577510938,-0.405589899454474
650999,45.322581432674106,-0.29565811152988797
651298,37.84659009666485,-0.379407729756446
651599,4.142632277935885,-0.12162156225887788
651898,0.9704311037193213,
652199,0.9704311037193213,
652498,0.9704311037193213,
652799,0.9704311037193213,
653098,0.9704311037193213,
653399,0.9704311037193213,
653699,0.9704311037193213,
653998,0.9704311037193213,
654299,0.9704311037193213,
654598,0.9704311037193213,
654899,0.9704311037193213,
655198,0.9704311037193213,
655499,0.9704311037193213,
655798,8.965695276704198,-0.34655754291524343
656099,7.408887890447251,-0.28846534905375654
656399,6.993621279280585,-0.32657016573578046
656698,4.151170495670419,-0.40594881309159137
656999,3.8833811696287523,-0.4053172845273241
657298,3.726387375471344,-0.43707451208987025
657599,3.4560779343856964,-0.35965116951020715
657898,2.90501760370977,-0.3167898631583572
658199,4.6347388976334365,-0.45502589069315724
658498,7.931126096377948,-0.4480409915238124
658799,8.250057661220493,-0.528754604365389
659099,8.119055163471428,-0.32527075992540655
659398,12.850924519264524,-0.4056863352301565
659699,9.311133497486173,-0.3354576888857379
659998,6.60966837937795,-0.4347261746049482
660299,6.943465680498221,-0.5650807871186294
660598,6.699020262161214,-0.5731931409467848
660899,5.932369777406579,-0.5567052636846013
661198,5.610298265172783,-0.5687147668247499
661499,5.53359634770519,-0.5394193271367687
661799,8.46033540089406,-0.7400253695905004
662098,7.6447241959426675,-0.6617103582044748
662399,14.05371954020651,-0.5967386319244687
662698,10.318908327144012,-0.643716563868411
662999,11.285164353391696,-0.6627774012394372
663298,12.77973668880142,-0.6077634172605701
663599,19.53841703013475,-0.5672214493552596
663898,20.148105247641794,-0.6500228082160009
664199,21.432128853907994,-0.6424397337378764
664499,24.93374294194966,-0.5937084925748106
664798,27.401683184102435,-0.5495036691912003
665099,21.883386207347403,-0.6341237278965937
665398,35.79903160708753,-0.52421447094144
665699,50.58512209073255,-0.6719231481931986
665998,63.929253599829764,-0.5635956173997521
666299,64.94343693855939,-0.5104485119797342
666598,53.182621692968645,-0.549971728078481
666899,59.77312383583208,-0.41621396863775484
667199,28.726266144046846,-0.4341311747745318
667498,32.97460246147097,-0.49379533982121715
667799,0.9704311037193213,
668098,,
668399,0.9704311037193213,
668698,0.9704311037193213,
668999,0.9704311037193213,
669298,0.9704311037193213,
669599,0.9704311037193213,
669899,0.9704311037193213,
670198,0.9704311037193213,
670499,0.9704311037193213,
670798,0.9704311037193213,
671099,0.9704311037193213,
671398,0.9704311037193213,
671699,0.9704311037193213,
671998,0.9704311037193213,
672299,0.9704311037193213,
672599,0.9704311037193213,
672898,0.9704311037193213,
673199,0.9704311037193213,
673498,0.9704311037193213,
673799,0.9704311037193213,
674098,0.9704311037193213,
674399,0.9704311037193213,
674698,0.9704311037193213,
674999,0.9704311037193213,
675299,20.57739007326447,-0.7446507509059799
675598,8.33972915481077,-1.2192251361312683
675899,,
676198,4.816381733375586,-1.0028846914818983
676499,10.14638981139401,-1.1152895921962567
676798,17.58886281038253,-0.9638145418367701
677099,21.135356467306146,-1.2471115302770204
677398,12.928377087475031,-1.551964808813397
677699,11.83591527976438,-1.0941525054148404
677999,9.171562905498272,-1.4140345911420722
678298,14.618470446722714,-0.9702247283595988
678599,20.84997626181531,-1.047085010948206
678898,3.7711557762643753,-1.04326820638772
679199,3.1013215375915695,-0.7223402830957215
679498,3.0869546130514123,-0.7800708955723825
679799,4.71948584252595,-0.8376760950615298
680098,3.271593996667958,-0.6207023521473947
680399,3.214660448079616,-0.5579657847653985
680699,3.455335584959246,-0.571748897901025
680998,3.8429903374078953,-0.6146347115794399
681299,10.370102184097716,-0.6088398762713609
681598,5.933912853549099,-0.8918021419817264
681899,15.670992947942624,-1.1834263692868499
682198,15.40242391695892,-1.2401424422486773
682499,4.674621047047788,-0.5286314535038106
682798,10.224827184792252,-1.1601299699220777
683099,3.1465222224481653,-0.40527530402359835
683399,18.024346016516787,-1.4670748921404204
683698,0.9704311037193213,
683999,0.9704311037193213,
684298,0.9704311037193213,
684599,0.9704311037193213,
684898,0.9704311037193213,
685199,0.9704311037193213,
685498,0.9704311037193213,
685799,0.9704311037193213,
686099,0.9704311037193213,
686398,0.9704311037193213,
686699,0.9704311037193213,
686998,0.9704311037193213,
687299,0.9704311037193213,
687598,,
687899,0.9704311037193213,
688198,11.67436349655605,-0.47867391446439234
688499,,
688799,,
689098,0.9704311037193213,
689399,0.9704311037193213,
689698,0.9704311037193213,
689999,,
690298,,
690599,,
690898,,
691199,,
691499,,
691798,,
692099,,
692398,,
692699,,
692998,,
693299,0.9704311037193213,
693598,0.9704311037193213,
693899,0.9704311037193213,
694199,0.7002023665597218,-1.0590827424413218
694498,0.9704311037193213,
694799,0.9704311037193213,
695098,0.9704311037193213,
695399,0.9704311037193213,
695698,0.9704311037193213,
695999,0.9704311037193213,
696298,1.6044380047281621,-0.015011772184461591
696599,0.9704311037193213,
696899,0.9704311037193213,
697198,9.119966117583827,-1.0428596541074913
697499,23.898758412431047,-1.2645402651539097
697798,10.632046211950517,-0.9342923773936687
698099,3.6624116644968066,-0.49677744300611426
698398,4.031442965348659,-0.53620943990791
698699,4.319905376112548,-0.4763974354534253
698998,4.519845068413475,-0.5565733574709628
699299,5.426930582178733,-0.6579537473533783
699599,4.54943856115885,-0.512757616780692
699898,4.028848794554679,-0.45376923179258655
700199,4.20331876685561,-0.45240005470063105
700498,4.7801916826347535,-0.5195511590776305
700799,5.066962866230604,-0.5081471734200096
701098,4.975943155811622,-0.5136320321620131
701399,5.131007356163473,-0.5408793115637074
701698,7.385610339973659,-0.722166273324665
701999,7.798339332530585,-0.76896925411138
702299,4.898746336958826,-0.562258172133338
702598,7.815586406366233,-0.7329860003431117
702899,4.449671613593178,-0.7440774210682535
703198,5.5766336556819915,-0.8142739283382929
703499,4.465300425783845,-0.6643557101757223
703798,12.684849650562992,-0.8813414868455456
704099,7.2547384751417905,-0.8990804320334937
704398,7.421033270561622,-0.8901380663164993
704699,3.5036508298483944,-0.5154276671643074
704999,3.6441453710382086,-0.5512721161774965
705298,3.9430068038229305,-0.5613407389165397
705599,3.668595838769955,-0.5301355506227077
705898,3.557564002070617,-0.4821681291221527
706199,3.5244200751632087,-0.47564248843836365
706498,3.29740255234403,-0.4403325376227363
706799,3.4610335662838447,-0.46751980124383086
707098,3.3310809393321907,-0.413389721514837
707399,3.4685716432630116,-0.4338072135535809
707699,3.617727692975974,-0.4548793778975746
707998,3.4126284474921786,-0.4310322618404743
708299,3.7370510136796784,-0.4781005099378448
708598,3.342987903001437,-0.4188060164055134
708899,2.9404033288949556,-0.4649290015119203
709198,3.050647234073196,-0.4780354746872355
709499,3.108445572040789,-0.4740082459354218
709798,3.162317789561622,-0.4608667762203813
710099,3.2238326897630105,-0.44126313373129
710399,3.203827812249122,-0.4175086044941727
710698,3.362170683355604,-0.41263238546659164
710999,3.364788479475974,-0.42129045062302306
711298,3.4337880210963445,-0.43696918552848807
711599,3.4919599771981966,-0.43782003976987904
711898,3.538814668739863,-0.4095190716792274
712199,10.336368278160215,-0.40965464735163226
712498,3.731767067790789,-0.42283533708847676
712799,3.89167307358477,-0.445067882316732
713099,3.9380479184343082,-0.4276558061973723
713398,4.195075196008382,-0.42088483351228145
713699,4.444785974228289,-0.43433195242487566
713998,4.550353444675048,-0.4265857113135165
714299,4.423034098144956,-0.42065795056734534
714598,4.382048253751438,-0.4099502586367678
714899,4.150757278638011,-0.37227552485823767
715198,4.348118645139381,-0.4285653208686646
715499,3.7558783489435665,-0.35515280502597246
715799,3.732817117431993,-0.3113797163055736
716098,3.709526751235658,-0.2512338356585109
716399,3.5595082390981343,-0.2757349739075532
716698,4.946663147625493,-0.5479454885713959
716999,3.7427915346125484,-0.44417966051741176
717298,3.375044321746808,-0.3399552659568146
717599,3.90570761222271,-0.46716380810873614
717898,3.379946602857919,-0.3670718201237433
718199,3.716151296088449,-0.42495508112241986
718499,3.6475054745560436,-0.3602353052308207
718798,3.6570037345606727,-0.37342495570795964
719099,3.6840926584078955,-0.37954505019614504
719398,4.053144634400951,-0.388345213824554
719699,10.197700759044567,-0.3779086624974397
719998,14.174276607653363,-0.47920148082734726
720299,4.315414238355533,-0.19694274096922526
720598,41.94485028752133,-0.23013319813785094
720899,4.649353706366328,-0.6974810722645894
721199,4.335691280789845,-0.7255368360119163
721498,3.7617186603708572,-0.6118916525488323
721799,3.815363618799098,-0.524349174843348
722098,3.723450028919468,-0.44438751520042175
722399,8.635964946840765,-0.5973397811087247
722698,4.16266514264169,-0.4704249420722888
722999,5.552965246213457,-0.6519215478249545
723298,9.480393994072346,-0.595375315376323
723599,5.068755112118542,-0.6703698555132562
723899,9.099413136204197,-0.523730241841365
724198,3.873810376542253,-0.6668202482980476
724499,5.877381717731975,-0.5041960974902469
724798,6.826644113669468,-0.41680698733632626
725099,4.8845950196671595,-0.7955017601429797
725398,4.665698618826877,-0.7671803108188129
725699,4.469965084440301,-0.5880713489545553
725998,8.473814954542158,-0.7593343858916259
726299,4.1045765340259495,-0.5601570653492474
726599,4.25335436164169,-0.584122213118967
726898,3.972420192852345,-0.5755335695693702
727199,3.8429385777759495,-0.5325447974921043
727498,3.55110424302132,-0.48036178753070535
727799,3.7573236094055797,-0.4947829209497594
728098,3.5862526787389126,-0.45416061572762234
728399,3.966429352847715,-0.5261126905438438
728698,19.945012145570033,-0.30187481814745176
728999,3.8165377460259506,-0.4755399627094641
729299,3.951783877368543,-0.47726453624377485
729598,4.2709223557551175,-0.48563456632409885
729899,5.910378105727345,-0.7388595041091215
730198,4.7014709467666975,-0.4817593478819715
730499,4.459360980062986,-0.46883545490525136
730798,4.765786252697246,-0.443214152831682
731099,4.77089030440095,-0.4589529520257023
731398,4.997310808113913,-0.5028963939329645
731699,5.382446664481969,-0.49994551302561274
731999,5.3791677683754875,-0.4965970363309622
732298,5.702493549141691,-0.495405105498002
732599,5.916181318896321,-0.4604562347690151
732898,5.713850245806042,-0.46223015541123513
733199,5.7297497424958586,-0.4331741345646878
733498,6.02493358201206,-0.4405765983303913
733799,6.012920611602338,-0.4349964605048917
734098,6.029604068764376,-0.401783382312902
734399,6.001960370127802,-0.39627125337555436
734699,6.345961280206505,-0.394856920558043
734998,6.365538635919468,-0.3792910256399673
735299,6.612231115951876,-0.37817437096031514
735598,6.983205365896321,-0.3923014649504353
735899,7.021035992472711,-0.3929583994230994
736198,7.238880910889375,-0.38793880266675695
736499,7.775976577833821,-0.3940608189117347
736798,8.00403682539169,-0.395595746270361
737099,8.171669809748174,-0.4008452188629841
737399,8.548220618780581,-0.4178675334794206
737698,8.701357785741227,-0.4087838123682801
737999,9.006087390505117,-0.40329258901825327
738298,8.879673423030578,-0.3801101418030004
738599,8.72758540964169,-0.3691959956550701
738898,8.69734110008382,-0.3740290268412103
739199,8.614679841215766,-0.3709288423533674
739498,8.396444966336135,-0.3486937071413063
739799,8.357917624347712,-0.351159003411738
740099,8.339966153505118,-0.3491102179711545
740398,8.48961952910234,-0.3654149148430066
740699,8.482920157000486,-0.35548759756734793
740998,8.376480933472708,-0.3613761845133323
741299,8.788479380486597,-0.3752319564842401
741598,8.606982013147272,-0.37814273855971026
741899,8.25871172707551,-0.3426436132453128
742198,8.479836406707456,-0.34166077550946117
742499,8.18316987237412,-0.33598214933265536
742799,8.347990104320878,-0.32544141329896337
743098,8.372168212725974,-0.35648003466615874
743399,8.367834389110234,-0.3218933566372786
743698,8.030830749003753,-0.29526765024858803
743999,8.114333129466715,-0.3096837926439824
744298,8.12004760081625,-0.3105593714188082
744599,8.39562008679747,-0.34200037491276536
744898,8.447511688353288,-0.36935521209909905
745199,16.107369334470494,-0.5837610087818295
745499,9.297528440709506,-0.47586995046885217
745798,5.956652020282995,-0.30037697164433563
746099,8.185889698321196,-0.3916029030341295
746398,7.4644945710662505,-0.4311995433842952
746699,6.251948076049782,-0.39065588300145526
746998,5.919598640901899,-0.4594179276710988
747299,4.169268412089401,-0.5265982732564811
747598,4.321214046274586,-0.5272549936314583
747899,4.4348379400546785,-0.5385830066789736
748199,4.565574633827826,-0.5514717328316228
748498,4.683989677631066,-0.5535436062720109
748799,4.592976814837086,-0.5408601994084821
749098,4.475858971788474,-0.5185961624697111
749399,4.422422012330141,-0.5004039436295553
749698,5.283804214794475,-0.599270734607174
749999,5.131486032735234,-0.5749898538132581
750298,5.170360695496807,-0.5799145659663629
750599,5.285236715438938,-0.5700166733174041
750899,5.351512071325512,-0.5728348787437849
751198,5.695771566413475,-0.5794542771634466
751499,5.744367096876437,-0.5750906675301277
751798,5.911765517341715,-0.5587765264410618
752099,5.938831301767641,-0.5468106337221421
752398,5.7142955445083805,-0.5222637783093556
752699,5.755753987975975,-0.5322516919492797
752998,5.698907970325511,-0.47595549969866324
753299,5.768212646188938,-0.4590034632326181
753599,6.517424394907901,-0.5884312336863118
753898,5.008552902563936,-0.4143734613773902
754199,5.018246326573196,-0.4299365027662472
754498,5.2607211530708815,-0.4208049607906519
754799,5.397307883911159,-0.4295573957134422
755098,5.100091592774685,-0.5642980300651748
755399,4.769194251619493,-0.5329811268465978
755698,4.750747918450246,-0.4502231761659634
755999,4.763743787209771,-0.4714638111008176
756299,4.7970122620477325,-0.47378659621622643
756598,4.845463059869493,-0.4808783855472478
756899,4.987781594658845,-0.5294952470207954
757198,4.980614590999121,-0.5213070693975825
757499,4.811310558508381,-0.4627704519400697
757798,4.913442720508381,-0.4103483962313601
758099,4.862282694654215,-0.4146022549429442
758398,5.150518648495857,-0.43407773045609277
758699,29.0650891272691,-0.6606051200391152
758999,33.84755816038022,-0.6219983020497801
759298,0.7271818629825617,0.2737349017504199
759599,,
759898,0.9704311037193213,
760199,0.9704311037193213,
760498,0.9704311037193213,
760799,0.9704311037193213,
761098,0.9704311037193213,
761399,0.9704311037193213,
761699,0.9704311037193213,
761998,0.9704311037193213,
762299,0.9704311037193213,
762598,0.9704311037193213,
762899,0.9704311037193213,
763198,0.9704311037193213,
763499,0.9704311037193213,
763798,0.9704311037193213,
764099,0.9704311037193213,
764399,0.9704311037193213,
764698,0.9704311037193213,
764999,0.9704311037193213,
765298,0.9704311037193213,
765599,0.9704311037193213,
765898,0.9704311037193213,
766199,0.9704311037193213,
766498,0.9704311037193213,
766799,0.9704311037193213,
767099,0.9704311037193213,
767398,0.9704311037193213,
767699,0.9704311037193213,
767998,0.9704311037193213,
768299,0.9704311037193213,
768598,0.9704311037193213,
768899,1.9832904917924854,-0.07251215734985994
769198,10.146027059370859,-0.5022438632136785
769499,10.217275471130215,-0.6614463558038495
769799,9.16029823471345,-0.4912284711202366
770098,8.38036629416253,-0.5226050969568299
770399,7.544985231743543,-0.49692881464428473
770698,6.8828226224426166,-0.4497384631472301
770999,21.38495570329457,-0.9634654985463442
771298,13.228510253435678,-1.0018625309033844
771599,32.93304179474355,-1.3662215423415134
771898,,
772199,,
772499,,
772798,,
773099,,
773398,,
773699,0.9704311037193213,
773998,,
774299,,
774598,,
774899,,
775199,0.9704311037193213,
775498,0.9704311037193213,
775799,0.9704311037193213,
776098,0.9704311037193213,
776399,0.9704311037193213,
776698,0.9704311037193213,
776999,0.9704311037193213,
777298,0.9704311037193213,
777599,0.9704311037193213,
777899,0.9704311037193213,
778198,0.9704311037193213,
778499,0.9704311037193213,
778798,0.9704311037193213,
779099,0.9704311037193213,
779398,0.9704311037193213,
779699,0.9704311037193213,
779998,0.9704311037193213,
780299,0.9704311037193213,
780599,0.9704311037193213,
780898,0.9704311037193213,
781199,0.9704311037193213,
781498,0.9704311037193213,
781799,0.9704311037193213,
782098,0.9704311037193213,
782399,0.9704311037193213,
782698,0.9704311037193213,
782999,0.9704311037193213,
783299,0.9704311037193213,
783598,0.9704311037193213,
783899,0.9704311037193213,
784198,0.9704311037193213,
784499,0.9704311037193213,
784798,0.9704311037193213,
785099,0.9704311037193213,
785398,0.9704311037193213,
785699,0.9704311037193213,
785999,0.9704311037193213,
786298,0.9704311037193213,
786599,0.9704311037193213,
786898,0.9704311037193213,
787199,0.9704311037193213,
787498,0.9704311037193213,
787799,0.9704311037193213,
788098,0.9704311037193213,
788399,0.9704311037193213,
788699,0.9704311037193213,
788998,0.9704311037193213,
789299,0.9704311037193213,
789598,0.9704311037193213,
789899,0.9704311037193213,
790198,2.5495960450140664,-0.5016877189096647
790499,6.674262361752901,-0.7083137737862268
790798,4.559610109783844,-0.556588528981325
791099,4.642253984177369,-0.5915842634936013
791399,4.951985592529221,-0.6380031338520014
791698,4.580979859679678,-0.5390419994310378
791999,6.5394173657505865,-0.5786254294040547
792298,5.525054344570882,-0.5752230512923879
792599,7.809343260695887,-0.4227783365302311
792898,5.892943291389475,-0.6415181346965497
793199,4.22479122240395,-0.5668888072564879
793498,5.562825959209777,-0.6047569277519178
793799,6.002507646928827,-0.7077321164156625
794099,6.443309350745863,-0.5697149744189007
794398,4.940388066547733,-0.5798115027089794
794699,4.911159224691252,-0.5787860734107881
794998,5.137088037927363,-0.5883900239613193
795299,5.418680278492177,-0.5499933970949051
795598,4.866679873600975,-0.5695576931086694
795899,5.614321976628758,-0.6204096971348636
796198,4.781790596117178,-0.5772182852786716
796499,5.044532091760697,-0.5835170668394072
796799,4.687265207172734,-0.4937033102612369
797098,42.90728438090568,-0.3990654396247182
797399,6.959524766741327,-0.3827054441959745
797698,7.092042132440401,-0.42852970080119657
797999,7.220707796155679,-0.3344672741723951
798298,8.400315792005124,-0.31662014840842834
798599,4.293425548091715,-0.5499143718520958
798898,4.540428136883117,-0.6067744512760447
799199,4.714925352316252,-0.5883455459458382
799499,4.85618601129311,-0.5441278624637969
799798,4.957895461621807,-0.5487251840448595
800099,5.559573377572253,-0.6396877908890928
800398,4.924364086728289,-0.46350259289740015
800699,5.4392779802537525,-0.481599957788694
800998,5.472519501906529,-0.49229166100522126
801299,5.885925800205141,-0.44979407053472675
801598,5.257990525503751,-0.35866921450208733
801899,5.794772175242177,-0.39261394380253534
802199,5.918192691677363,-0.38494195609344706
802498,6.107375093290789,-0.41067085854922647
802799,6.112352447658844,-0.6199214275657616
803098,5.3831332422621605,-0.6897678600321635
803399,4.497694478367177,-0.5682945073325549
803698,4.683375778665789,-0.5913171312929346
803999,4.413065096855605,-0.471882913903648
804298,4.457992037582456,-0.4115083235332835
804599,4.8454382536171785,-0.46414086515521524
804899,5.157869902438937,-0.49243465538379216
805198,5.547221799337085,-0.5198238767181351
805499,5.998479311859289,-0.6700857879665916
805798,15.66154243480614,-0.5646677228401524
806099,100.55704309674364,-0.4713731500107381
806398,51.25430682127838,-0.4165493090299124
806699,0.9704311037193213,
806998,0.60804959394561,0.06242049694942675
807299,0.9704311037193213,
807599,0.9704311037193213,
807898,0.9704311037193213,
808199,0.9704311037193213,
808498,0.9704311037193213,
808799,0.9704311037193213,
809098,0.9704311037193213,
809399,0.9704311037193213,
809698,0.9704311037193213,
809999,0.9704311037193213,
810299,0.9704311037193213,
810598,0.9704311037193213,
810899,0.9704311037193213,
811198,0.9704311037193213,
811499,0.9704311037193213,
811798,0.9704311037193213,
812099,0.9704311037193213,
812398,0.9704311037193213,
812699,0.9704311037193213,
812999,11.549107172475125,-0.829639940679493
813298,10.02274323528753,-0.9938720336174638
813599,10.349482538014378,-0.5123839101236705
813898,5.27100872084077,-0.5505576153242688
814199,5.299454983199561,-0.836863214420827
814498,7.388542958431042,-0.841633398732561
814799,5.779980661118543,-0.7594473863073059
815098,5.937588196356975,-0.6941583227651325
815399,5.7514747868824365,-0.6891491011825144
815699,9.676700854322347,-0.7953182544328976
815998,6.959968850088549,-0.8780524598217974
816299,6.330127545613919,-0.5886101528209537
816598,7.600556294144105,-0.8267560577290816
816899,9.075292236810773,-0.9056032750986107
817198,8.015805936294566,-0.9063508630312205
817499,7.135340347333919,-0.7144537672713878
817798,7.62308934010929,-0.9530768927923465
818099,6.611269320060678,-0.7581967679510968
818399,13.381642444880216,-0.812703963219942
818698,6.298883922863919,-0.5827254254849072
818999,6.377549394991234,-0.6498190576697707
819298,7.488016918431141,-0.6593650888818501
819599,5.644031584745856,-0.5566945127120797
819898,7.115523323252808,-0.8004321990826868
820199,8.936998696072246,-0.6356746651166312
820498,9.510459146662532,-0.6080831367247499
820799,6.777165159280586,-0.6251066657641298
821099,30.899207050174102,-0.6566908627519796
821398,20.52631719958623,-0.6778855127673364
821699,37.101295825708924,-0.5841193519308114
821998,6.30801246440327,-0.41160405964186264
822299,6.208235465949561,-0.37415009257864074
822598,7.454788912650956,-0.38259377148377594
822899,7.878404113447252,-0.3869309732864443
823198,13.180019255405584,-0.49121035367621846
823499,14.519064663866232,-0.36100785965312654
823799,30.044408565292258,-0.5381883096942313
824098,31.396196122907995,-0.4955440502149444
824399,21.630925732192626,-0.5487474876753935
824698,19.399434260324565,-0.4676711993879692
824999,17.88235349057225,-0.4465632772864132
825298,19.77980301105142,-0.5172570161848831
825599,20.877735161887063,-0.5054534878585644
825898,57.298016876521416,-0.6637092638378022
826199,72.24853644607235,-0.6672430948947121
826499,62.23049333285243,-0.6253398077790624
826798,102.69517397628067,-0.6336859331778744
827099,115.3871597413733,-0.45849750403923517
827398,131.6735607623918,-0.5380520052458471
827699,104.43709031202143,-0.550828220196415
827998,119.7284605897992,-0.5116513335560131
828299,99.80367506412792,-0.6012615660660838
828598,82.68366671688253,-0.5003088168816792
828899,104.38712207456773,-0.6014261594991885
829199,72.65017050119272,-0.5450142408380125
829498,31.686960850597814,-0.49762581035925924
829799,57.35090365490104,-0.6696664561940868
830098,55.64447418137558,-0.5864777165052524
830399,68.96921481385708,-0.4862129674370701
830698,59.342040369509846,-0.5167520161935781
830999,63.16769545833623,-0.5533969240820218
831298,70.87506650154225,-0.4583554260935725
831599,53.88439761611864,-0.5349509324088502
831899,66.04203303474827,-0.5191144686688727
832198,49.1559714796742,-0.591887641814852
832499,44.74330340844504,-0.6067191757621022
832798,51.14891724153531,-0.517116244326169
833099,48.580211146905675,-0.5298665101227475
833398,32.02796741391957,-0.43679033857987637
833699,0.9704311037193213,
833998,0.9704311037193213,
834299,0.9704311037193213,
834599,0.9704311037193213,
834898,0.9704311037193213,
835199,0.9704311037193213,
835498,0.9704311037193213,
835799,11.02676867368105,-0.39679680106388826
836098,12.909176965980963,-0.2919388529255067
836399,11.14265905702432,-0.2625695404012445
836698,10.789607055663474,-0.32206982744258594
836999,9.544488056535894,-0.30864026034062353
837299,8.338215167230338,-0.31319388753974575
837598,8.100157734605604,-0.3615514140882179
837899,9.021756412889475,-0.4199476913014335
838198,7.442934941235233,-0.5230580807546159
838499,6.761349003318567,-0.5376341745797302
838798,6.670336132054676,-0.5470773885297697
839099,6.889133312029214,-0.5900836441630493
839398,6.7842004665083815,-0.5821647099403491
839699,7.000265259772269,-0.591539622012718
839999,7.015849529318567,-0.6076742758653801
840298,7.085335956494493,-0.6032468591049369
840599,7.189472954422732,-0.62871484807557
840898,7.462189408644956,-0.6436845667618993
841199,7.6185930137537525,-0.6183001676228026
841498,7.436301206047735,-0.5837427207871737
841799,7.7184030203255105,-0.5948456954738768
842098,10.204778386359289,-0.426187053054069
842399,8.677902259829198,-0.4760998568308705
842699,8.261518859852343,-0.5337923503275217
842998,13.249490170245863,-0.4272791449313418
843299,9.360562751179678,-0.5521206713118414
843598,0.9704311037193213,
843899,0.8127821394995367,-2.3569371937923216
844198,1.1356106378791664,-0.326115965135398
844499,10.207170061070881,-0.4998105904403658
844798,10.334867848855604,-0.46754529462504224
845099,10.481945326274591,-0.4699539590617827
845399,10.708970025517642,-0.4410949059456095
845698,11.597807313117178,-0.45652729409006554
845999,20.94933918573198,-0.3875510312475663
846298,25.31134170701207,-0.233364102153381
846599,38.19914970662549,-0.22768341295162764
846898,61.625941172373274,-0.2699516002411433
847199,72.70957659597745,-0.27652663226949104
847498,1.7273240300708437,0.03351407574193288
847799,0.9704311037193213,
848099,,
848398,,
848699,,
848998,8.228432353204246,-0.3009295021888314
849299,0.9704311037193213,
849598,0.9704311037193213,
849899,0.9704311037193213,
850198,0.9704311037193213,
850499,0.9704311037193213,
850799,0.9704311037193213,
851098,0.9704311037193213,
851399,0.9704311037193213,
851698,0.9704311037193213,
851999,0.9704311037193213,
852298,0.9704311037193213,
852599,0.9704311037193213,
852898,0.9704311037193213,
853199,0.9704311037193213,
853499,0.9704311037193213,
853798,0.9704311037193213,
854099,0.9704311037193213,
854398,0.9704311037193213,
854699,0.9704311037193213,
854998,0.9704311037193213,
855299,0.9704311037193213,
855598,0.9704311037193213,
855899,0.9704311037193213,
856199,0.9704311037193213,
856498,0.9704311037193213,
856799,0.9704311037193213,
857098,0.9704311037193213,
857399,0.9704311037193213,
857698,0.9704311037193213,
857999,0.9704311037193213,
858298,20.650653561708825,-0.5616389096111949
858599,11.67595200340105,-0.985378358227178
858899,24.595757683706513,-0.7600702281964995
859198,20.878007517620865,-0.7707203791046533
859499,,
859798,0.4882510770864897,-0.5184947424017037
860099,,
860398,0.4695737973485795,-0.19958393018453235
860699,0.3943564109350906,0.2525712787474049
860998,,
861299,,
861599,0.5719621740221975,-0.5075392590354495
861898,24.303931252512157,-1.4616992294339664
862199,17.73835617541494,-1.5150090000495888
862498,14.1886580141543,-1.1399812154564195
862799,0.9612846093507186,0.22783047515368537
863098,0.5589072917844022,-0.0037503254261614938
863399,22.83934484923901,-1.068888327373935
863698,0.9704311037193213,
863999,0.9704311037193213,
864299,,
864598,0.9704311037193213,
864899,0.9704311037193213,
865198,0.9704311037193213,
865499,0.9704311037193213,
865798,0.9704311037193213,
866099,0.9704311037193213,
866398,0.9704311037193213,
866699,0.9704311037193213,
866999,0.9704311037193213,
867298,0.9704311037193213,
867599,0.9704311037193213,
867898,0.9704311037193213,
868199,0.9704311037193213,
868498,0.9704311037193213,
868799,0.9704311037193213,
869098,0.9704311037193213,
869399,0.9704311037193213,
869699,0.9704311037193213,
869998,0.9704311037193213,
870299,0.9704311037193213,
870598,0.9704311037193213,
870899,0.9704311037193213,
871198,0.9704311037193213,
871499,0.9704311037193213,
871798,0.9704311037193213,
872099,0.9704311037193213,
872399,0.9704311037193213,
872698,0.9704311037193213,
872999,0.9704311037193213,
873298,0.9704311037193213,
873599,0.9704311037193213,
873898,0.9704311037193213,
874199,0.9704311037193213,
874498,0.9704311037193213,
874799,0.9704311037193213,
875099,0.9704311037193213,
875398,0.9704311037193213,
875699,0.9704311037193213,
875998,0.9704311037193213,
876299,0.9704311037193213,
876598,0.9704311037193213,
876899,0.9704311037193213,
877198,0.9704311037193213,
877499,0.9704311037193213,
877799,6.840449979735234,-0.600418969604946
878098,8.573450438299103,-0.6988380677568475
878399,8.1401949232144,-0.6489503370226037
878698,8.504011099524584,-0.6706884081647178
878999,8.185749242434307,-0.6268115048836624
879298,7.97368076134866,-0.5580150856203392
879599,7.905157715313935,-0.5872005218888632
879898,8.184462280267642,-0.6242987661517401
880199,7.330352928245956,-0.7282444229215232
880499,5.8932281063394,-0.6195363507952241
880798,6.41587447209403,-0.6780766561560425
881099,5.7888873042048745,-0.6055809744208795
881398,6.30771662876669,-0.6334416281945463
881699,7.326286207038475,-0.6144670076178513
881998,10.953909622123271,-0.4798476528443454
882299,5.41477561616116,-0.6251653241797643
882598,5.456627646300048,-0.6122283208333876
882899,5.581440149369228,-0.5824665605853478
883199,5.56742873401301,-0.5885380993880582
883498,6.37466288270429,-0.6664407040020561
883799,8.792187871178827,-0.6745101850288229
884098,10.59394623974827,-0.42073848984643814
884399,6.147343816447932,-0.6722052236267875
884698,9.325429169803733,-0.5001522265467846
884999,8.519555905244493,-0.4722907161748
885298,8.49537886983682,-0.4653463665853028
885599,8.595088497351075,-0.41694393547642816
885899,8.453493583822931,-0.46657279606987645
886198,8.610282747859968,-0.5164194866191756
886499,8.526490347494228,-0.5574963871825169
886798,8.80541684415858,-0.5253482548641266
887099,8.997771496802363,-0.5471852796859196
887398,8.883774829869493,-0.5071887955193655
887699,9.14474364171903,-0.5891193496752147
887998,9.815635210936623,-0.5233947348139474
888299,11.15730863819493,-0.5368900354487622
888599,13.697778571870954,-0.4559796275221979
888898,8.463421166337085,-0.6555725070228378
889199,7.899414980663473,-0.6231735809826435
889498,8.822429057133384,-0.4886491240302082
889799,9.04397149784866,-0.473342390807306
890098,9.413884735687994,-0.522952951700929
890399,9.734696202452826,-0.4673315244769063
890698,10.1825769127204,-0.5152924179198988
890999,11.242346866032992,-0.6227852157451474
891299,10.833352224062992,-0.5604717043831009
891598,9.584776173347715,-0.4698257270901156
891899,12.967331197037623,-0.5657621704344806
892198,10.47221987680142,-0.7963699899795915
892499,11.463939569634752,-0.8165025730922719
892798,11.721195838206512,-0.769532726151583
893099,13.248514764313086,-0.7531135215666047
893398,11.705390259611697,-0.7273985600955848
893699,10.254055971197253,-0.7488331562311474
893999,12.467982241183456,-0.7306079102371781
894298,12.069319965824658,-0.679601831943168
894599,9.61884632835929,-0.659346578359217
894898,9.444848476852437,-0.6287151143383127
895199,9.076481496171882,-0.6507482935699256
895498,10.009651326021325,-0.664981027690235
895799,11.33245722170651,-0.6518849429560232
896098,11.481218221317715,-0.6571823674431871
896399,12.444487452822251,-0.7208573318123794
896699,12.710514852627808,-0.5589656169349915
896998,10.598709569750493,-0.7169964946600758
897299,15.112539055278363,-0.7557208300772387
897598,13.571883976725124,-0.7115079673877791
897899,15.59048979883855,-0.6334154475517833
898198,15.878755875419566,-0.6652336269311616
898499,13.0315305764404,-0.6134008160949305
898798,44.08038020505614,-0.47342878977866687
899099,57.379474285917254,-0.5995700582123982
899399,37.21098464528531,-0.4782792986298472
899698,,
899999,0.9704311037193213,
900298,0.9704311037193213,
900599,0.9704311037193213,
900898,0.9704311037193213,
901199,0.9704311037193213,
901498,0.9704311037193213,
901799,0.9704311037193213,
902099,0.9704311037193213,
902398,3.4651645226548684,-0.37005142208380515
902699,12.609456402412624,-0.7657078231629004
902998,21.24568410008392,-0.7941049640296178
903299,25.742103403352438,-0.9398720424138267
903598,11.826610554620864,-0.6636968311425706
903899,11.322738343405584,-0.8303837793156954
904198,9.563640918090769,-0.8200818877220204
904499,9.515691373627806,-0.7913646135937091
904799,10.009600900912524,-0.7433355105776365
905098,7.3713538495236355,-0.9660547358744143
905399,11.328393304609284,-0.7601765707471184
905698,11.65725343360697,-0.7794049297325514
905999,8.812814467519004,-0.9003561407642127
906298,10.415927734611598,-0.9079592427822047
906599,9.706584793169476,-0.9762024881305083
906898,13.186776797280586,-0.7115167232385775
907199,12.451658761056047,-0.8747087528648254
907499,11.106969691542158,-0.8307315258550576
907798,14.420338676549104,-0.9078075527072964
908099,12.818916829882438,-0.8886550855759592
908398,22.3741679204867,-0.700198216549361
908699,40.60478185250522,-0.7130152795125031
908998,13.539312704917158,-0.6131332396272324
909299,8.524687412861597,-0.9493099619630052
909598,9.674072913370864,-0.8653418606598282
909899,24.15394715889179,-0.44421099924543017
910199,6.378438664558455,-0.6605995460838128
910498,12.1583557465329,-0.7044402173849864
910799,7.871803422951881,-0.8409994692158731
911098,13.289717317377809,-0.943813696047962
911399,23.29759657627605,-0.9624543929147664
911698,29.90245741201679,-1.2798267338368552
911999,7.346556972882431,-0.6227258073131319
912298,7.4799794235097465,-0.5901876440327709
912599,7.6613133162412295,-0.5214080199598194
912899,8.19225375271808,-0.4699315082169333
913198,9.384312217153266,-0.4295592584273755
913499,10.303974247130117,-0.39680073491281465
913798,9.603893112796781,-0.42143462765808515
914099,8.577262636269005,-0.30892261259406406
914398,8.561987093907895,-0.2671031117842053
914699,9.316461497271321,-0.2769120189268519
914998,10.588541146005118,-0.281084698807615
915299,10.77113891617178,-0.2754451524182622
915599,11.21659732703752,-0.2690941528859485
915898,11.814360880780582,-0.28230690579829854
916199,12.636230005863919,-0.2814441300648767
916498,10.613235674958819,-0.23495741936077041
916799,11.242005940725026,-0.27190754999440014
917098,11.848263778789843,-0.27228169688304726
917399,12.111290515157894,-0.2704163236268575
917698,12.745085741681043,-0.2716909797895901
917999,12.876281175873173,-0.26525052571852203
918299,13.611432811884745,-0.27311950797276685
918598,16.15863493617178,-0.24148412676742548
918899,16.185932718454186,-0.24387902027424002
919198,18.42764714320283,-0.6156067613322895
919499,14.842402804725973,-0.4205803816974407
919798,16.702529866204188,-0.5128902226923049
920099,16.766161077447247,-0.49743639711952814
920398,17.681988403975026,-0.44304030861287336
920699,17.96309590465789,-0.37435070270047466
920999,22.9248388342528,-0.5150867941612673
921298,20.99471330158614,-0.5845612975097698
921599,20.343326105648636,-0.44118097975379555
921898,23.320257673306045,-0.526887737320554
922199,0.6652292027362462,0.21366336512436046
922498,14.280540106667152,-0.47842118055164495
922799,3.3045300343509325,-0.206545915042895
923098,1.0004578062486804,0.14240020227654515
923399,0.9704311037193213,
923699,0.9704311037193213,
923998,0.9704311037193213,
924299,0.9704311037193213,
924598,0.9704311037193213,
924899,0.9704311037193213,
925198,,
925499,0.9704311037193213,
925798,,
926099,50.171813196696625,-0.23625837532244476
926399,57.11720566878067,-0.1888300737248767
926698,4.449972507883381,-0.4340780070309045
926999,5.311551564522005,-0.40994342783190474
927298,5.935642920140062,-0.4726534446240451
927599,5.636870953438671,-0.42142384819706225
927898,6.173141009669568,-0.5815518805394992
928199,5.9825780018275605,-0.489396163153458
928498,6.306635936820616,-0.5893890964180626
928799,6.166759727325511,-0.6144890793692326
929099,6.25638240346645,-0.6639601692847299
929398,6.455664850760431,-0.6420796569595264
929699,6.5565182037144,-0.6239818514443787
929998,19.58119352184781,-0.31396702660752007
930299,6.43768793001969,-0.6855975512802057
930598,6.895355707619492,-0.703169301507836
930899,7.010050660665788,-0.677013096013575
931198,7.648723599262159,-0.7120359736521022
931499,7.6990251770269005,-0.7378757331118999
931799,8.776723510441252,-0.7336633266901327
932098,8.182843967626438,-0.7503472924299621
932399,7.899795385168103,-0.7392591254576839
932698,7.551705760207454,-0.7220886175150076
932999,7.783390326350709,-0.7609542838215477
933298,8.356508939408846,-0.7332203461646354
933599,8.153987505468763,-0.747167321417135
933898,8.19314283852895,-0.7191743386330043
934199,8.271336449427364,-0.6776017121901605
934499,8.506290537140325,-0.6184119387676792
934798,8.935487354654217,-0.6224207538097699
935099,9.618635980050048,-0.6008142267217167
935398,9.789586016501438,-0.5724189002123727
935699,10.104720135311622,-0.522674695470577
935998,10.854291694282896,-0.5231601033529449
936299,11.452508859310674,-0.5478260728024871
936598,12.08726609564169,-0.5218303111346774
936899,13.195755545477336,-0.5520039866028081
937199,13.724145142891691,-0.5637521707900948
937498,29.354787303401046,-0.5514150615754358
937799,12.852814831319932,-0.7008890626397659
938098,31.74712434241725,-0.3622491238138721
938399,39.23573801590568,-0.4533406208343955
938698,46.278957260373275,-0.5262773303943982
938999,36.23582716452828,-0.4937108904152574
939298,0.9704311037193213,
939599,0.9704311037193213,
939899,0.9704311037193213,
940198,0.9704311037193213,
940499,0.9704311037193213,
940798,0.9704311037193213,
941099,0.9704311037193213,
941398,0.9704311037193213,
941699,0.9704311037193213,
941998,0.9704311037193213,
942299,0.9704311037193213,
942599,0.9704311037193213,
942898,0.9704311037193213,
943199,0.9704311037193213,
943498,0.9704311037193213,
943799,0.9704311037193213,
944098,0.9704311037193213,
944399,0.9704311037193213,
944698,0.9704311037193213,
944999,0.9704311037193213,
945299,0.9704311037193213,
945598,0.9704311037193213,
945899,7.507694998618549,-0.8946862180789905
946198,7.312323607954288,-0.8037485603768917
946499,5.81830496446355,-0.6182091163156807
946798,5.5554181364379875,-0.5887526199881472
947099,7.072071093787623,-0.6996858941952262
947398,7.538115901644105,-0.7728066423212381
947699,5.653039888975025,-0.49747199634829387
947999,6.2411178168639125,-0.5904914472318938
948298,13.395591024391697,-0.8860888118349182
948599,25.422849440187992,-0.7492103719275107
948898,27.174251374044573,-0.7301074057521848
949199,19.646456030776047,-0.8042338179159867
949498,12.275977690002808,-0.7469887365793912
949799,0.8898980532940765,0.4239859610220862
950098,11.107564314618642,-0.8483268146637757
950399,0.9704311037193213,
950699,0.9704311037193213,
950998,16.33749050470197,-1.0846985447261237
951299,7.983725289466715,-0.5760552330743964
951598,7.2439870438709555,-0.6906509838182462
951899,12.726989366308457,-0.3297866293425804
952198,9.628950276405677,-0.3391226204582185
952499,1.5376617561652337,0.15722740773403343
952798,4.907829873354753,-0.3789626587695687
953099,0.6223308640548371,0.596331410626805
953399,0.9704311037193213,
953698,0.9704311037193213,
953999,0.9704311037193213,
954298,0.9704311037193213,
954599,0.9704311037193213,
954898,0.9704311037193213,
955199,0.9704311037193213,
955498,0.9704311037193213,
955799,0.9704311037193213,
956099,0.9704311037193213,
956398,0.9704311037193213,
956699,0.9704311037193213,
956998,0.9704311037193213,
957299,0.9704311037193213,
957598,0.9704311037193213,
957899,0.9704311037193213,
958198,0.9704311037193213,
958499,0.9704311037193213,
958799,0.9704311037193213,
959098,0.9704311037193213,
959399,0.9704311037193213,
959698,0.9704311037193213,
959999,0.9704311037193213,
960298,0.9704311037193213,
960599,0.9704311037193213,
960898,0.9704311037193213,
961199,0.9704311037193213,
961499,0.9704311037193213,
961798,0.9704311037193213,
962099,0.9704311037193213,
962398,0.9704311037193213,
962699,0.9704311037193213,
962998,0.9704311037193213,
963299,0.9704311037193213,
963598,0.9704311037193213,
963899,0.9704311037193213,
964199,0.9704311037193213,
964498,0.9704311037193213,
964799,0.9704311037193213,
965098,0.9704311037193213,
965399,13.419782604088548,-0.43566978462133665
965698,20.79721529341031,-0.5943679037322742
965999,5.732742902996542,-0.38144189211201707
966298,6.657381635982919,-0.4070130717914193
966599,6.161561819258012,-0.3583446796465206
966899,7.168697851410893,-0.49910815096373184
967198,7.605052054315989,-0.5077274235566283
967499,7.54421025840395,-0.452676507860561
967798,7.634479084096081,-0.48538621181677666
968099,7.632435845003753,-0.39986987265584584
968398,7.198118236313672,-0.3787671511611219
968699,7.008761217778949,-0.3833972960112326
968998,7.307696178147006,-0.3555498383019362
969299,7.279280918137747,-0.35029756934033895
969599,9.228944228271422,-0.6715274478614706
969898,6.202979927188938,-0.39479282458541287
970199,7.264475998308364,-0.5548387886236654
970498,6.8066368043509735,-0.4420813445858178
970799,5.95536891626506,-0.3823068658221116
971098,6.692298630728288,-0.43339918772574704
971399,6.663007984607918,-0.41148255175654835
971698,6.231562894445618,-0.3900546058037573
971999,6.511919966657895,-0.5735143560303502
972299,6.396122356272006,-0.3725285949182149
972598,6.64235538178358,-0.40120592292896506
972899,6.2738835839201545,-0.3937698420853646
973198,6.554011945954877,-0.3848151149948753
973499,6.777021864818301,-0.3790167286750501
973798,7.182475945538209,-0.46857980698329915
974099,7.238523764503487,-0.4083607724171241
974398,7.009630653401048,-0.65163582923863
974699,5.751884457459771,-0.5753234643519392
974999,7.739233265514475,-0.7736923812104479
975298,6.8158723594224675,-0.6141797185654305
975599,6.995796694973394,-0.6423398890154048
975898,7.252740992786158,-0.649325642462371
976199,7.658955381445616,-0.6825648577482604
976498,7.885368879492177,-0.6582942339181805
976799,7.529193245094031,-0.6339433016224938
977098,7.75725680597829,-0.5858687473099771
977399,7.7748486832977335,-0.5695660325815362
977699,13.273776411438085,-0.6682353200748372
977998,26.567890537468077,-0.32422164990252633
978299,18.97085071050975,-0.4252788422754057
978598,72.6662984472344,-0.33650862120165503
978899,27.2802903883779,-0.4213569633268941
979198,9.028340485535207,-0.5870079497517464
979499,8.065540790137058,-0.6070960770385214
979798,8.375606664796782,-0.5988415386791939
980099,8.894672960838449,-0.6265118876720817
980399,9.157236463088449,-0.6394287198916702
980698,9.70130009508382,-0.6536278158316067
980999,10.34939570191021,-0.6615427309685877
981298,10.711803266206507,-0.6476823805967036
981599,11.336427676947245,-0.6508147883840982
981898,12.018087776606968,-0.6385068959594773
982199,11.69484275175743,-0.61506265493811
982498,11.600681743192617,-0.6090664841621616
982799,11.708823682984281,-0.5849784103331956
983099,23.967652405151053,-0.48104053546509684
983398,10.369086389907993,-0.5920244810569137
983699,9.92536317351438,-0.6188781083616364
983998,10.842794439208825,-0.6562947027584078
984299,11.464693069155587,-0.5847146016856268
984598,12.561697377699561,-0.5666584633459648
984899,12.844903586708819,-0.540864069005007
985198,13.685578052118544,-0.52787644567342
985499,14.439682747789838,-0.49257182967434
985799,14.964589093486596,-0.544544841890497
986098,15.666057794259745,-0.5513807960023429
986399,16.83634658290095,-0.5384546562945753
986698,19.34349758985929,-0.5823049648612255
986999,20.548450973208823,-0.5361903029383057
987298,19.279484464181046,-0.5222935958144108
987599,18.415433026012067,-0.44073173203880267
987898,29.533773464421884,-0.5982987688031971
988199,39.870949604752894,-0.6624699597937855
988499,40.507068838479746,-0.6917483794423245
988798,29.907397398826973,-0.7093634298136373
989099,0.723162336680573,0.12992091051267918
989398,0.9704311037193213,
989699,0.9704311037193213,
989998,0.9704311037193213,
990299,0.9704311037193213,
990598,0.9704311037193213,
990899,0.9704311037193213,
991199,0.9704311037193213,
991498,0.9704311037193213,
991799,0.9704311037193213,
992098,0.9704311037193213,
992399,0.9704311037193213,
992698,19.918205519461235,-1.159304715662484
992999,17.75058419001448,-1.0368900813313289
993298,12.239269173035211,-0.7073705908573849
993599,23.057320959410212,-0.8320126083017878
993899,12.857492227625489,-0.7885406982968575
994198,13.384249247231976,-0.7387839139558949
994499,18.098722331516697,-0.8960015599100641
994798,14.828368504461139,-0.7508658865050497
995099,13.228386431771327,-0.8342592185656101
995398,12.39946227929679,-0.6930891851719347
995699,15.149500734995863,-0.8092443528038376
995998,11.923881283234287,-0.7822386556913887
996299,10.894334358521325,-0.7812784558370696
996599,10.816114230771321,-0.8692221119222285
996898,9.992133462877803,-0.7165133323754513
997199,7.675373886993547,-0.6528902623858521
997498,12.05138537585929,-0.7351734163743757
997799,17.077433676398638,-0.9526773130526327
998098,17.09235470455605,-0.9449057320664132
998399,15.054151672241236,-0.729560408934373
998698,19.326255055926417,-0.845917044458163
998999,30.023863436125584,-1.2085531602346538
999299,4.58767630951216,-0.7182582332376324
999598,13.003595012699659,-0.7172479908464726
999899,33.755648363801505,-0.713917530824528
1000198,19.979188087803823,-0.9352002140605371
1000499,26.96342659907698,-0.9414674937041361
1000798,12.681967758919567,-0.527926150604064
1001099,24.444773611956606,-0.7390021670207396
1001398,20.870057708056052,-0.6593169531569643
1001699,27.3615450669867,-0.6156369415902638
1001999,36.16029258224364,-0.8042465090495587
1002298,3.5602273600126364,-0.2794100892720397
1002599,20.122487558401048,-0.7700157032246526
1002898,3.9893946326283776,-0.3550212673802542
1003199,2.27804310773956,-0.1549004376618024
1003498,,
1003799,16.180547343282992,-0.5793989888487143
1004098,25.19500485961869,-0.6573827601412612
1004399,,
1004699,0.9704311037193213,
1004998,0.9704311037193213,
1005299,29.86553175930151,-0.7612051140437055
1005598,31.44054362688716,-0.5796697974843197
1005899,23.099478915021322,-0.6281781580979673
1006198,18.37195377273429,-0.4194288575129459
1006499,20.078041655884753,-0.45715237522174235
1006798,18.906539313565304,-0.4680596698025741
1007099,20.876468468558365,-0.4404237850600088
1007399,20.440099772829193,-0.3987786833410274
1007698,61.45368138690568,-0.3995736085601509
1007999,23.29262036522975,-0.5480169208423042
1008298,47.883386464820035,-0.504498709964605
1008599,18.035492140442624,-0.36942404850321586
1008898,18.233481710898737,-0.5030652634116499
1009199,33.06440389863022,-0.46412567619510425
1009498,32.23451633433161,-0.5093867044775606
1009799,56.47458270553993,-0.4898533604360056
1010099,38.46381107915104,-0.5427794907110388
1010398,6.453346469298562,-0.3316222650671501
1010699,0.9704311037193213,
1010998,,
1011299,0.9704311037193213,
1011598,0.9704311037193213,
1011899,,
1012198,,
1012499,,
1012799,,
1013098,0.9704311037193213,
1013399,0.9704311037193213,
1013698,0.9704311037193213,
1013999,0.9704311037193213,
1014298,0.9704311037193213,
1014599,0.9704311037193213,
1014898,0.9704311037193213,
1015199,0.9704311037193213,
1015499,0.9704311037193213,
1015798,0.9704311037193213,
1016099,0.9704311037193213,
1016398,0.9704311037193213,
1016699,0.9704311037193213,
1016998,0.9704311037193213,
1017299,0.9704311037193213,
1017598,0.9704311037193213,
1017899,0.9704311037193213,
1018199,0.9704311037193213,
1018498,0.9704311037193213,
1018799,0.9704311037193213,
1019098,0.9704311037193213,
1019399,5.249137791606932,-0.30405943364623456
1019698,,
1019999,7.489050611866911,-0.5139864661661688
1020298,7.709141695841448,-0.4796582307284325
1020599,7.6770191632812645,-0.4752579339752512
1020899,7.9640739579872815,-0.5023891869520904
1021198,8.6551676846519,-0.5807764393220389
1021499,7.787289158820617,-0.5280481826932404
1021798,8.343548826211821,-0.6033899780671856
1022099,8.477756885246542,-0.5292123372102271
1022398,8.78564690321182,-0.5853644229316732
1022699,9.163618652614598,-0.6167182716369968
1022998,9.613545607100972,-0.6275185703995398
1023299,10.004138199162524,-0.6394910061519155
1023599,10.17267730123428,-0.6430575552176343
1023898,11.22211738027142,-0.7290466205044301
1024199,11.82089362525512,-0.719385624521107
1024498,11.425887726211133,-0.6289965604176928
1024799,11.52480627821345,-0.6815178652921932
1025098,11.946221677162525,-0.6752130841270059
1025399,11.969098075657893,-0.6479400603087357
1025698,21.227393032720492,-0.7481482450149834
1025999,18.261994846280672,-0.6483994795268726
1026299,15.215096111954194,-0.675515815720577
1026598,17.38080874144262,-0.6592158904655541
1026899,19.323630328287532,-0.7397431484634123
1027198,28.1252798504566,-0.36716159500728107
1027499,34.436619592551516,-0.34703249442430173
1027798,46.57339051172744,-0.3083684659949746
1028099,29.109954238134847,-0.4474542175885725
1028398,37.0086272406904,-0.39234682870388515
1028699,20.536176695398737,-0.4780127568760628
1028999,25.919824217776046,-0.4479465447982329
1029298,26.409436350125493,-0.4704678428698357
1029599,79.29419621882697,-0.642362342745189
1029898,10.656190659590864,-0.48420951793462486
1030199,10.793194604307736,-0.4791665189026373
1030498,41.01295294008392,-0.5853542016922195
1030799,62.62186276333615,-0.9425828493245685
1031098,0.9704311037193213,
1031399,0.9704311037193213,
1031699,0.9704311037193213,
1031998,0.9704311037193213,
1032299,0.9704311037193213,
1032598,0.9704311037193213,
1032899,0.9704311037193213,
1033198,0.9704311037193213,
1033499,0.9704311037193213,
1033798,0.9704311037193213,
1034099,0.9704311037193213,
1034399,0.9704311037193213,
1034698,0.9704311037193213,
1034999,0.7854217213373447,0.37464577295369905
1035298,28.4282166501279,-0.6492414704193668
1035599,21.030690976009843,-0.6876082416823006
1035898,10.503426839447245,-0.7953992568971575
1036199,10.949822280523641,-0.6508904004269029
1036498,9.04270979016021,-0.5925557553106218
1036799,8.670096379819931,-0.6968988643689149
1037099,9.001443321826876,-0.780527651809144
1037398,8.396492460699566,-0.7231497834918998
1037699,9.264216408336136,-0.6832512917146356
1037998,10.12678922730141,-0.774095829897901
1038299,9.27030853935697,-0.6257997009376641
1038598,11.340201264049105,-0.7333628322596151
1038899,19.319921775106977,-0.8967259199863364
1039198,13.352045397160214,-0.7552858436273517
1039499,32.17843608677142,-1.1104697037575022
1039799,40.77886914053753,-1.0233560512826951
1040098,19.99956088013021,-0.7444607253899005
1040399,33.147585732419564,-0.8972612239300073
1040698,14.64912250400753,-0.6378982080854967
1040999,15.560764188937993,-0.7778254966038405
1041298,21.105323403204196,-0.517534439846697
1041599,10.438383955812988,-0.54046370443259
1041898,29.21764399861864,-0.9454201873662558
1042199,13.063196049572344,-0.5935197071040148
1042499,25.90039683424355,-0.7966300776810851
1042798,11.877744212354752,-0.49251321714207963
1043099,21.55591533314873,-0.5928657492105001
1043398,10.885668403437986,-0.47432582061019857
1043699,10.43374828338243,-0.4193458856463679
1043998,10.79972260991031,-0.43028743155451843
1044299,12.381842300551419,-0.4128555897582744
1044598,12.099876237931042,-0.46354747235131355
1044899,21.55812049421818,-0.749689285499928
1045199,14.575701586528266,-0.4359588235118106
1045498,15.341135424014375,-0.40971687917591515
1045799,15.39821979927605,-0.3739372783152912
1046098,15.186988197266693,-0.3558325415248971
1046399,15.705156256778265,-0.3704111248678077
1046698,15.92470690248891,-0.36004148249211476
1046999,16.614733984683358,-0.35402390870879996
1047298,17.103843883569937,-0.33659654782368253
1047599,17.185694373398636,-0.32402223835339683
1047899,17.825939722921785,-0.3279039082141937
1048198,17.486560600236597,-0.33918242346542815
1048499,17.998599345035203,-0.3327003499572503
1048798,18.116967415310672,-0.3528962975450838
1049099,18.656525732745862,-0.3447506019763209
1049398,17.895801212366226,-0.34519110611830706
1049699,17.708204579350024,-0.3460685303677107
1049998,17.113963487873175,-0.3315043106411195
1050299,18.234754573748173,-0.33908596529880786
1050599,17.747179865532896,-0.342321823130064
1050898,18.267902238701872,-0.3381054657925022
1051199,18.9621017761278,-0.33758316758716456
1051498,19.104402739174105,-0.3160544768942153
1051799,18.870628422743543,-0.33385960830776673
1052098,19.49663511035003,-0.3730096385441064
1052399,19.99444494492873,-0.3772352072365628
1052698,19.310375731083823,-0.36248574127315614
1052999,19.50045606958382,-0.36983863447630516
1053299,22.846919265792256,-0.44137670764661574
1053598,18.61177599050512,-0.40118207399465566
1053899,12.923889357856973,-0.45132394758313654
1054198,15.647941509998175,-0.4398041904924732
1054499,15.899290911921781,-0.41529231903886266
1054798,15.125808879361598,-0.39493455590329396
1055099,16.026224304146314,-0.40948249680519044
1055398,13.482217818051414,-0.42290625304228
1055699,16.260086422148735,-0.4820637625789015
1055999,15.42156420197734,-0.4327219173913468
1056298,15.409025356231966,-0.4250470617533053
1056599,14.771595224632433,-0.38109499893532783
1056898,14.020573589447245,-0.37077256177719864
1057199,12.230035532759752,-0.47998702175144436
1057498,12.999656431852339,-0.490025105760721
1057799,13.776811104824567,-0.5618637440426191
1058098,12.779162806278265,-0.4136027610630515
1058399,11.662548109327826,-0.4121003227294149
1058699,9.461282239942618,-0.4584559651103559
1058998,9.832792341765328,-0.3837106247369708
1059299,8.45390213984318,-0.45599328708891984
1059598,9.234992763499282,-0.35367085644855734
1059899,9.520754578388171,-0.35335298390563175
1060198,10.082916681514384,-0.6182576646509472
1060499,9.080126930163901,-0.3616546338940083
1060798,9.647655822420152,-0.3757336012883947
1061099,7.166002146820882,-0.37056065637476476
1061399,10.652994181401901,-0.4871100285500538
1061698,9.947326919040789,-0.5614647850090846
1061999,9.536417507070981,-0.45476832005369094
1062298,9.357720002540523,-0.5083071386160258
1062599,9.891044377326875,-0.644025646666049
1062898,9.941751957377901,-0.7530953987156597
1063199,10.245270089882531,-0.7380258502814374
1063498,10.65862779818114,-0.7442487698259814
1063799,8.73654568991021,-0.514549742244875
1064099,9.835063029431993,-0.5984232341334044
1064398,9.466391999350973,-0.5128352640150451
1064699,9.36210508657551,-0.4866013460285594
1064998,9.42737516693662,-0.5433804005369474
1065299,8.780776467137745,-0.46874236500627364
1065598,9.249893220246811,-0.4492396481932095
1065899,9.65045923063338,-0.3983806931953997
1066198,11.629666714113913,-0.4432315323672509
1066499,11.921578605984289,-0.5194441167906043
1066799,21.352436382609383,-0.488221014723089
1067098,11.003145864829195,-0.46162727463811537
1067399,11.744447978380125,-0.4808048899695081
1067698,11.672968756924105,-0.4710038540759873
1067999,12.762830081919475,-0.42990593692346124
1068298,12.072178242303728,-0.44228827021115946
1068599,12.33122323310697,-0.4380357740794656
1068898,17.10403282231531,-0.36646009698227955
1069199,13.412692660319932,-0.4531946903130255
1069499,20.88521359032688,-0.3189010209059808
1069798,16.081989794083828,-0.39115749156949287
1070099,17.310417650632438,-0.42355320294168997
1070398,19.879890006021327,-0.3562916847929789
1070699,16.950120224711142,-0.43690404952912076
1070998,19.746875188340773,-0.4091091215391647
1071299,18.88284888137086,-0.4369872056699444
1071598,26.60453064599133,-0.39518720069744173
1071899,19.267266365419474,-0.4446870400994065
1072199,135.4109841332645,-0.24469715713765972
1072498,95.73411167499357,-0.20787232205235973
1072799,55.16556159104224,-0.3324365477583222
1073098,72.03242816322047,-0.3149656473710669
1073399,93.72241117938717,-0.2172039686655438
1073698,33.23211460496114,-0.25345926740220115
1073999,41.8812548874867,-0.23261443637940316
1074298,71.81023533253068,-0.25108707368378846
1074599,50.61607461347512,-0.23702024029558633
1074899,34.75229077693114,-0.2348252885368627
1075198,0.9704311037193213,
1075499,0.9704311037193213,
1075798,,
1076099,,
1076398,,
1076699,,
1076998,,
1077299,0.9704311037193213,
1077599,0.9704311037193213,
1077898,0.9704311037193213,
1078199,0.9704311037193213,
1078498,0.9704311037193213,
1078799,0.9704311037193213,
1079098,0.9704311037193213,
1079399,0.9704311037193213,
1079698,0.9704311037193213,
1079999,0.9704311037193213,
1080299,0.9704311037193213,
1080598,0.9704311037193213,
1080899,0.9704311037193213,
1081198,0.9704311037193213,
1081499,0.9704311037193213,
1081798,0.9704311037193213,
1082099,0.9704311037193213,
1082398,0.9704311037193213,
1082699,0.9704311037193213,
1082999,0.9704311037193213,
1083298,0.9704311037193213,
1083599,0.9704311037193213,
1083898,0.9704311037193213,
1084199,37.94098548499365,-0.954362225059725
1084498,21.76703142127836,-0.8320136743294548
1084799,33.71763686863716,-0.929618794861456
1085098,24.12285657276679,-0.8705848399196934
1085399,17.05089076095188,-1.1261434321603971
1085699,18.401218301586145,-1.1000136992876541
1085998,21.784209378727343,-0.8112859232535614
1086299,17.093129278320035,-0.9967901900538672
1086598,16.120989100794475,-0.8265702415669001
1086899,17.867728426222712,-0.9476624179919757
1087198,21.383509652748174,-0.9094409728252679
1087499,16.23978153892651,-1.00506614143212
1087798,19.738323386942618,-0.8769793634697507
1088099,18.105318989146326,-0.8946882551591047
1088399,20.297114886019013,-1.0339995941924518
1088698,22.03589816574596,-1.105056468195499
1088999,24.011079977067624,-0.9636414743379436
1089298,18.857993436542255,-1.059280487854661
1089599,14.411252957157993,-1.0342052369275692
1089898,20.28499225953753,-0.8645376046526885
1090199,,
1090498,,
1090799,20.8395860762992,-0.747098299712798
1091099,0.9704311037193213,
1091398,3.909818936108712,-0.439869370322012
1091699,,
1091998,0.9704311037193213,
1092299,0.9704311037193213,
1092598,0.9704311037193213,
1092899,0.9704311037193213,
1093198,0.9704311037193213,
1093499,0.9704311037193213,
1093799,0.9704311037193213,
1094098,0.9704311037193213,
1094399,0.9704311037193213,
1094698,0.9704311037193213,
1094999,0.9704311037193213,
1095298,0.9704311037193213,
1095599,0.9704311037193213,
1095898,0.9704311037193213,
1096199,0.9704311037193213,
1096499,0.9704311037193213,
1096798,0.9704311037193213,
1097099,0.9704311037193213,
1097398,0.9704311037193213,
1097699,0.9704311037193213,
1097998,0.9704311037193213,
1098299,0.9704311037193213,
1098598,0.9704311037193213,
1098899,0.9704311037193213,
1099199,0.9704311037193213,
1099498,0.9704311037193213,
1099799,0.9704311037193213,
1100098,0.9704311037193213,
1100399,0.9704311037193213,
1100698,0.9704311037193213,
1100999,0.9704311037193213,
1101298,0.9704311037193213,
1101599,0.9704311037193213,
1101899,0.9704311037193213,
1102198,0.9704311037193213,
1102499,0.9704311037193213,
1102798,0.9704311037193213,
1103099,0.9704311037193213,
1103398,0.9704311037193213,
1103699,0.9704311037193213,
1103998,0.9704311037193213,
1104299,0.9704311037193213,
1104599,0.9704311037193213,
1104898,0.9704311037193213,
1105199,0.9704311037193213,
1105498,0.9704311037193213,
1105799,0.9704311037193213,
1106098,0.9704311037193213,
1106399,0.9704311037193213,
1106698,0.9704311037193213,
1106999,0.9704311037193213,
1107299,0.9704311037193213,
1107598,0.9704311037193213,
1107899,0.9704311037193213,
1108198,0.9704311037193213,
1108499,0.9704311037193213,
1108798,0.9704311037193213,
1109099,0.9704311037193213,
1109398,0.9704311037193213,
1109699,0.9704311037193213,
1109999,0.9704311037193213,
1110298,0.9704311037193213,
1110599,0.9704311037193213,
1110898,0.9704311037193213,
1111199,0.9704311037193213,
1111498,0.9704311037193213,
1111799,0.9704311037193213,
1112098,0.9704311037193213,
1112399,0.9704311037193213,
1112699,0.9704311037193213,
1112998,21.506517217037526,-0.6369247746008937
1113299,20.170276639523635,-0.6290849369805946
1113598,18.88893197966947,-0.6134407292130193
1113899,31.87408749066725,-0.8684132433457061
1114198,21.525823106356974,-0.6059937578123242
1114499,21.559640061086142,-0.6008101735276199
1114798,30.62509819239169,-0.6213487771245199
1115099,57.001092297866336,-0.6147407042326536
1115399,80.15745037329688,-0.5274079400877874
1115698,0.8193166527140896,0.26167328141375756
1115999,7.0750581592645325,-0.24825280805288097
1116298,17.278473797792255,-0.335155702084047
1116599,12.62881746898901,-0.4120541825494355
1116898,0.9704311037193213,
1117199,0.9704311037193213,
1117498,,
1117799,,
1118099,,
1118398,,
1118699,,
1118998,,
1119299,,
1119598,,
1119899,,
1120198,,
1120499,,
1120799,0.9704311037193213,
1121098,0.9704311037193213,
1121399,0.9704311037193213,
1121698,0.9704311037193213,
1121999,0.9704311037193213,
1122298,0.9704311037193213,
1122599,0.9704311037193213,
1122898,0.9704311037193213,
1123199,0.9704311037193213,
1123499,0.9704311037193213,
1123798,0.9704311037193213,
1124099,0.9704311037193213,
1124398,0.9704311037193213,
1124699,,
1124998,31.72834047118799,-0.7353962266001672
1125299,56.34695183478058,-0.8926549496969574
1125598,28.03117057989633,-0.8664749557876918
1125899,29.30337272447966,-0.9155817815358676
1126199,21.951897269405585,-0.7573290917264119
1126498,13.36347286169956,-0.7044247249089794
1126799,21.36042887969734,-1.0603916169713647
1127098,9.524789294773633,-0.5294243629709798
1127399,9.792805676440302,-0.5031849907981061
1127698,13.747495326127902,-0.735616959210825
1127999,18.393915504993643,-0.6747611678688015
1128298,10.793466747741327,-0.7262217379849631
1128599,14.92726731891494,-0.8354229573073044
1128899,14.249440716486696,-0.6488259688559157
1129198,19.072277775905675,-0.8850882845402597
1129499,9.386413643137159,-0.7539392973894001
1129798,14.464074150438083,-0.9212165753257948
1130099,17.41269646781077,-0.7707231057549597
1130398,14.116057977100125,-0.8893880392275062
1130699,7.754482155852439,-0.6720654485401698
1130998,13.971107016940401,-0.8468972907136909
1131299,15.067056512498178,-0.8021268633409095
1131599,17.320609547803823,-0.8610291191479369
1131898,12.734258065428726,-0.8014245059434457
1132199,13.847220208831505,-0.7786379751103545
1132498,17.67742354557003,-0.8616723593783295
1132799,16.304201894854753,-0.8921070835428047
1133098,19.02213859619735,-0.9459102349769202
1133399,17.41589992858623,-0.9036308892124856
1133698,20.047184366829292,-0.8905743393075034
1133999,14.060453654366325,-0.8317653191845171
1134299,8.70014051252605,-0.7058480417310495
1134598,17.651539526868643,-0.9354411484061538
1134899,27.640631735169475,-0.9999319921746836
1135198,15.038984076519007,-0.6852158828556156
1135499,15.63841160855836,-0.7110231552448232
1135798,16.041639246481967,-0.6405445277854223
1136099,15.494325627384747,-0.6555591617440437
1136398,15.752071963572247,-0.6118224352358819
1136699,18.91807772993568,-0.695795914609729
1136999,20.79779416247503,-0.7244403886376729
1137298,15.46526572725743,-0.565133240425139
1137599,16.590863261132434,-0.5506094154725185
1137898,16.604080796352335,-0.5638788258009191
1138199,17.619537186806046,-0.5604986904177847
1138498,18.17676454852132,-0.5609466285988756
1138799,18.01934924801437,-0.5418604480750966
1139098,18.91631233018799,-0.497228931059186
1139399,19.335660841512063,-0.49712071103944244
1139699,23.372417585933363,-0.6368620503366036
1139998,18.604625488065302,-0.49770916607954496
1140299,26.14490459332929,-0.5067836489096034
1140598,19.146879751044466,-0.44928312932491665
1140899,32.72434347610235,-0.7264995532903564
1141198,23.676800905241322,-0.5995938579455247
1141499,19.687459598472707,-0.5078455570489329
1141798,19.483218536275956,-0.4871653747238418
1142099,19.33299408604447,-0.4540659368569089
1142399,20.487904340109278,-0.48240216195790264
1142698,20.431171405285212,-0.5274600050525251
1142999,19.324566981674103,-0.5588404156834399
1143298,18.353562870565302,-0.4973347362932439
1143599,41.95891888869967,-0.5963053025622305
1143898,32.014579182782995,-0.7622598087204728
1144199,25.789781627037527,-0.653622430956186
1144498,17.514658380690303,-0.4785790498396931
1144799,17.290431566685776,-0.559776795856
1145099,18.989000565808357,-0.5159071741744445
1145398,18.768133712725025,-0.4968931708529152
1145699,18.970076511579194,-0.4531322312776864
1145998,22.458598796764377,-0.5448144432436397
1146299,18.74882266360929,-0.5899985465906121
1146598,18.886900660905678,-0.6534173865433759
1146899,14.264925270966716,-0.5910287997317194
1147198,16.104805067394015,-0.7049534979621943
1147499,16.898214101757535,-0.6795561769422902
1147799,15.093853118421784,-0.6593249895467119
1148098,15.019437009220395,-0.6538866249846134
1148399,16.073897255359288,-0.7032965349297946
1148698,15.561433292590863,-0.6963488523612202
1148999,13.07994138943114,-0.8087102692687178
1149298,13.000940830692716,-0.42178640894651975
1149599,4.427417879484289,-0.369644808280593
1149898,13.95641994615327,-0.753094674364599
1150199,16.38044772732466,-0.23859929155847204
1150499,11.26891637747281,-0.8316323683903808
1150798,13.38914196128762,-0.6569838570936815
1151099,15.355232407941251,-0.5968650751956079
1151398,14.8046404082769,-0.6074962483691515
1151699,14.29906883561255,-0.5722984240857099
1151998,15.119517418690302,-0.6316398330788289
1152299,13.158684448566254,-0.6925670241689363
1152598,15.003596352361594,-0.607456204132854
1152899,14.250741234789839,-0.6775074030661263
1153199,12.522270514885697,-0.575111188317849
1153498,21.998485486282895,-0.5041982580892739
1153799,23.174074715664936,-0.7401087616439475
1154098,23.38983516083151,-0.4844096636555375
1154399,13.965392907259846,-0.5532500939959615
1154698,66.13263971641263,-0.44002201483133163
1154999,40.74446040661864,-0.30160742881613767
1155298,14.678886637653262,-0.5252654360643265
1155599,15.934809890407994,-0.50374034268109
1155899,16.943451723850124,-0.5768553501548483
1156198,16.07049171188244,-0.5585433295698141
1156499,19.82360965910012,-0.6292329188046122
1156798,16.078873332322345,-0.6754461803939198
1157099,16.749562734778262,-0.6909143799090953
1157398,15.041893459181043,-0.5889545365771269
1157699,16.849325713796794,-0.520559077520858
1157998,15.374530517611596,-0.607817298459054
1158299,15.793449731963452,-0.45225637598402946
1158599,16.067292736535208,-0.5030345662004014
1158898,16.936246920299098,-0.6952139669889807
1159199,26.04550361397281,-0.8345362032439039
1159498,25.358521474278362,-0.8210265451761372
1159799,23.91846816377142,-0.8710377106008014
1160098,19.90845907815799,-0.7657949157508446
1160399,1.7721052073827794,0.050571702450543654
1160698,60.42411805111632,-0.4427444085522998
1160999,3.5799410846039135,-0.11385515266611668
1161299,,
1161598,,
1161899,1.0759064269637488,0.17807647346542466
1162198,,
1162499,,
1162798,0.9704311037193213,
1163099,,
1163398,,
1163699,,
1163999,0.9704311037193213,
1164298,0.9704311037193213,
1164599,0.9704311037193213,
1164898,,
1165199,,
1165498,0.9704311037193213,
1165799,0.9704311037193213,
1166098,0.9704311037193213,
1166399,0.9704311037193213,
1166699,0.9704311037193213,
1166998,0.9704311037193213,
1167299,0.9704311037193213,
1167598,0.9704311037193213,
1167899,0.9704311037193213,
1168198,0.9704311037193213,
1168499,0.9704311037193213,
1168798,0.9704311037193213,
1169099,0.9704311037193213,
1169399,0.9704311037193213,
1169698,0.9704311037193213,
1169999,0.9704311037193213,
1170298,0.9704311037193213,
1170599,0.9704311037193213,
1170898,0.9704311037193213,
1171199,0.9704311037193213,
1171498,0.9704311037193213,
1171799,0.9704311037193213,
1172099,0.9704311037193213,
1172398,0.9704311037193213,
1172699,0.9704311037193213,
1172998,0.9704311037193213,
1173299,0.9704311037193213,
1173598,0.9704311037193213,
1173899,0.9704311037193213,
1174198,14.318956224058363,-1.0978401788465146
1174499,24.629594879451975,-1.406698070691914
1174799,9.440849254627901,-0.9739034877828843
1175098,12.354194974361604,-1.1840784385824787
1175399,26.028144412009752,-1.205184292292707
1175698,27.214028130433363,-1.1445069515980921
1175999,24.973808643736604,-1.1565890061342072
1176298,24.858826262169476,-1.184179622034276
1176599,24.283448153532902,-1.4721780968420166
1176898,20.631449688030678,-1.461803590768601
1177199,23.116400006558454,-1.3789272777368091
1177499,20.196707211870958,-1.1798408373935918
1177798,23.66833102195197,-1.1379562700698762
1178099,19.085804778079293,-1.0375438525183274
1178398,22.092361412519107,-1.1429836047232134
1178699,6.44027838421577,-0.6368779077380096
1178998,25.496551825856972,-1.1401931482601482
1179299,24.578104591160216,-1.1005588049745967
1179598,22.42145512801216,-0.9509584390655434
1179899,35.97616709137557,-0.9676372973622938
1180199,38.615696266905594,-1.5342300231661303
1180498,8.225926502241327,-0.9002461066024239
1180799,0.9704311037193213,
1181098,0.9704311037193213,
1181399,0.9704311037193213,
1181698,,
1181999,0.9704311037193213,
1182298,0.9704311037193213,
1182599,0.9704311037193213,
1182899,0.9704311037193213,
1183198,0.9704311037193213,
1183499,0.9704311037193213,
1183798,0.9704311037193213,
1184099,0.9704311037193213,
1184398,0.9704311037193213,
1184699,0.9704311037193213,
1184998,0.9704311037193213,
1185299,0.9704311037193213,
1185599,0.9704311037193213,
1185898,0.9704311037193213,
1186199,0.9704311037193213,
1186498,0.9704311037193213,
1186799,0.9704311037193213,
1187098,0.9704311037193213,
1187399,0.9704311037193213,
1187698,0.9704311037193213,
1187999,0.9704311037193213,
1188299,0.9704311037193213,
1188598,0.9704311037193213,
1188899,0.9704311037193213,
1189198,0.9704311037193213,
1189499,0.9704311037193213,
1189798,0.9704311037193213,
1190099,0.9704311037193213,
1190398,0.9704311037193213,
1190699,0.9704311037193213,
1190999,0.9704311037193213,
1191298,0.9704311037193213,
1191599,0.9704311037193213,
1191898,0.9704311037193213,
1192199,0.9704311037193213,
1192498,0.9704311037193213,
1192799,0.9704311037193213,
