,rmse,skill
299,0.37853363036359894,-0.6231179941089278
598,0.3909997294629223,-0.6622507492314527
899,0.2948079193478124,-0.08831640024065157
1198,0.27582260003837855,0.09907743531941471
1499,0.22669594511051988,0.4239297339062833
1798,0.29723791371488856,0.21504912245909436
2099,4.329550501147472,-0.12490943493923679
2398,2.5355234471696257,-0.17297599911175587
2699,1.2957676909981373,-0.08910794946613487
2999,0.18764104402271112,0.7300194809167133
3298,0.7601467632928534,0.11755434338364801
3599,1.3502882938925533,0.03396703737969653
3898,0.38046141877324074,0.41037585637119744
4199,2.987262717549205,-0.15847444344368067
4498,0.2272309617006268,0.5982259121472252
4799,0.11429291682511519,0.9281109897029903
5098,0.08161934899889256,0.9276327575393516
5399,0.06805072187135079,0.9647999029005883
5699,0.1708240927861702,0.8261024685175058
5998,0.3963017194818866,0.4124454990728982
6299,0.2037331917235345,0.8806679947228563
6598,0.09495734802996086,0.9651122983036815
6899,0.1119380662173623,0.9497418276863211
7198,0.12184579689758866,0.9381076113447695
7499,0.11204094806362172,0.9317800013954078
7798,0.1767907928138577,0.8662958604941847
8099,0.1842208236840156,0.8893176588428034
8399,0.14390816387715316,0.8537967724506371
8698,0.09350644939959954,0.9408441359761727
8999,0.10283773244936388,0.9186509021424754
9298,0.11655220513303474,0.9147812565674901
9599,0.15174510824374973,0.8437064117536224
9898,0.21822747690369543,0.6561444207832396
10199,0.21352741095719446,0.6563634982977733
10498,0.2366609225621731,0.5943313507792454
10799,0.2840488253072061,0.47066968728990743
11099,0.3411147627790511,0.28285328661429043
11398,0.3394183259700869,0.390446916726813
11699,0.3329780442496195,0.4647510800569489
11998,0.34255218040269636,0.4655547004978454
12299,0.3792679131540602,0.4205255260851374
12598,0.4130567561252874,0.5236104594595321
12899,0.28434575622977315,0.7702531736575728
13198,0.5109284910796169,0.4719329484460306
13499,0.9591952750687448,0.11967747370572601
13799,0.624516344399893,0.33983873842812884
14098,0.4533750751674657,0.6935370737185051
14399,0.44397050879314304,0.7160602224386563
14698,0.5188112794092464,0.6558293858116854
14999,0.8078957970904138,0.5316251869899278
15298,0.639765197207125,0.6701096349205243
15599,0.5735786369534135,0.697892020511434
15898,0.5631649200543372,0.7867197240337767
16199,0.41842048905557133,0.8333913083276823
16499,0.586463937179604,0.7279442411947744
16798,0.534727479087409,0.7753957016425539
17099,0.536263496287198,0.7902993140753518
17398,0.4861044948734855,0.7747741707921187
17699,0.3789416528905838,0.85736639728017
17998,0.4373133721867525,0.8249664571450527
18299,0.20458743223030557,0.9378797315971625
18598,0.18933171397581042,0.9547813842577315
18899,0.4047200983366164,0.8586103384495075
19199,0.2166812059929185,0.9143109741220147
19498,0.1926023817119905,0.9534324450122386
19799,0.15997826891331635,0.9471360689045338
20098,0.18637738671985468,0.937261616089655
20399,0.735993515437,0.37491641250074315
20698,0.1766257379515663,0.9311076008742953
20999,0.1998971802669519,0.9057286550609438
21298,0.08910853877093365,0.9771002825102547
21599,0.08918950235734044,0.9689204979558489
21899,0.13572576637554398,0.9296691429026739
22198,0.11968760650680307,0.9352219910618691
22499,0.12881830614439943,0.931798789590863
22798,0.10559816284493383,0.9522776170618314
23099,0.11076304430400613,0.9480348639981535
23398,0.15998794038383712,0.8894106049284607
23699,0.18459103439972407,0.7878639978550573
23998,0.23715022996429985,0.7254911287530845
24299,0.30237016199887673,0.7397115634946243
24599,0.09699452715389018,0.944526749427536
24898,0.12162781337775946,0.9176657239008188
25199,0.13173938287458273,0.8731191660678025
25498,0.08148292850713139,0.9583123403382646
25799,0.11772518158983242,0.8836399840999686
26098,0.10212814607407077,0.9195228684342761
26399,0.16687413867030362,0.8096575063440848
26698,0.15608972966652848,0.7381228210643676
26999,0.14032977972738325,0.8068411583603794
27299,0.15986570507162218,0.6810065537250289
27598,0.16228734852496254,0.7909335954542361
27899,0.10071752498115769,0.9098844914734638
28198,0.1119557106576668,0.8876008898743352
28499,0.13636762074484768,0.7997437115826608
28798,0.14909990059093295,0.8186817523121452
29099,0.1632768063994312,0.8747277226542093
29398,0.12360235145120518,0.8547590009997127
29699,0.16489552809410732,0.7819579240282828
29999,0.15586939316005022,0.8336688708454154
30298,0.1938500582558495,0.7095304987067788
30599,0.0888777693690098,0.9724466009581522
30898,0.15763808885994698,0.8579462289972195
31199,0.15052408419926186,0.7630517115849178
31498,0.15841697917506029,0.812479394147902
31799,0.12757112455114528,0.8040639529044502
32098,0.08611349255270996,0.9383090180025706
32399,0.10777325314165974,0.8375283403924084
32699,0.13834287777111412,0.7882446096477231
32998,0.2456541823792426,0.34571938069683095
33299,0.2733364387969356,0.5507162773678893
33598,0.73114608894288,-0.14806499448077726
33899,0.22424358396118763,0.4949334151282141
34198,0.5711320743706061,-0.2327689589501165
34499,1.2142059819596387,-0.2314963447760574
34798,0.31750262861194317,0.33403016523742446
35099,0.17457421008865645,0.5934927924189835
35399,0.22753991298912124,0.25991118651079714
35698,0.708621689870591,-0.12866906378814114
35999,5.379662569211824,-0.15223703020399748
36298,1.9374268891767832,-0.20445337844954992
36599,1.104907896915936,-0.051373834000236984
36898,0.4695232161085186,-1.5873856002216473
37199,8.374733279693682,-0.21853844658497823
37498,0.4460173161033994,0.4314489322847722
37799,0.7999719078371013,0.2706843389889434
38099,1.1992508336456513,-0.016451859880152853
38398,0.283311494507383,0.5706193342716303
38699,0.22120718820734198,0.6142231833184715
38998,1.263411843302108,-1.69902647372261
39299,97.92844374336835,-0.5019187780174117
39598,0.08742420597256101,0.917695046372607
39899,0.12631307968282698,0.7881906906997361
40198,0.1063905587699467,0.7478296237537582
40499,0.10769912506797269,0.8100899796959117
40799,0.07618214362664967,0.9290296575972259
41098,0.06664887169471674,0.946316313219079
41399,0.0800816121734593,0.9377343810205727
41698,0.07213486539813457,0.9509119267565329
41999,0.07918123995509195,0.9179030277536313
42298,0.11965126069581832,0.8257981196601095
42599,0.15774614024333702,0.8021914452728774
42898,0.05993798776454927,0.9601197435757973
43199,0.06795605045779689,0.9634243555294076
43499,0.05639167130953461,0.9733129129615984
43798,0.0762737789751542,0.8946660802354971
44099,0.8855296925097546,-0.976261350930937
44398,40.513691302162215,-0.1794588745638659
44699,0.06771745537712566,0.9584113388439487
44998,0.16173307409852156,0.4374366520176267
45299,0.04974392394301899,0.9750957673488047
45598,0.06188610566299471,0.9629774832635902
45899,0.0831490640582192,0.9480029223965605
46199,0.05432857067069616,0.9775372954003138
46498,0.054540478623620166,0.9732551648402445
46799,0.0492602631108463,0.9784763824471518
47098,0.046754825381173946,0.9857560170298648
47399,0.0963281518463404,0.8399075741945139
47698,0.12730594071894424,0.5786963511852219
47999,0.11987988508903784,0.8043149255026103
48298,0.4391567768969644,-0.136226726698349
48599,0.2111674206537547,0.4108994427174196
48899,0.7492386404430265,-0.2410288249710797
49198,0.8436712672546229,-0.1144840409771597
49499,0.4293634998786842,0.01418059500369584
49798,0.9381032382894176,-0.18658799460078512
50099,2.1163812779316875,-0.18480071523503327
50398,2.6614018937137676,-0.16120538793983497
50699,4.937669460346562,-0.15506938574152285
50998,5.227422481251417,-0.146494142705629
51299,7.430417081642243,-0.13862030492870936
51599,6.011021404196593,-0.1245325953987626
51898,2.7298571253933295,-0.12319758141152648
52199,7.962755893082656,-0.17807772794033228
52498,7.943488623957143,-0.15243634879504064
52799,9.77425101632893,-0.18385448801517823
53098,11.383071076716277,-0.2234336615483281
53399,7.818344486249976,-0.20114016601190388
53698,20.66797841607591,-0.23482891073185885
53999,39.22709105721679,-0.1774884149446294
54299,62.42772831943158,-0.2468061269713253
54598,90.08429855385629,-0.2181242650179167
55198,1.2691463128181657,0.14625611585549947
55499,1.9385338018526168,-0.015316197324274805
55798,76.94398036385716,-0.2473581072552784
56099,51.81936263770868,-0.2768081130297022
56398,23.01977683166049,-0.27677703286036315
56699,9.324069290780773,-0.33932964323556214
56999,28.419110003399467,-0.6173656019684275
57298,0.20088299448359778,0.9705621627088835
57599,0.23618793261994783,0.9629654947924107
57898,0.161293334119931,0.9819030439496074
58199,0.1592550878660239,0.9826493014797905
58498,0.25826506838489505,0.9396276334950038
58799,0.24481047576800335,0.9465593885797677
59098,0.42662071903578563,0.8583932524083813
59399,0.4018243610922257,0.8547565505056252
59699,0.4182194878655916,0.9029182054601235
59998,0.2676300268613155,0.9268141336291356
60299,0.2462149616322232,0.9299464136680121
60598,0.30299287080346665,0.9018712693055947
60899,0.20415722973944747,0.9196964873472083
61198,0.5801618063373161,0.37190742369441976
61499,0.5665077326797768,-0.027836634797067106
61798,0.13069683190318562,0.9326943806141429
62099,0.2107435051828552,0.7812363878803363
62399,0.2025514501371513,0.8528802362736058
62698,2.8957612472176457,-0.3532783279685927
62999,0.3290858367724601,0.7135612183298418
63298,15.735133720131731,-0.3764826766025351
63599,2.3265119784289214,-0.18161914221365438
63898,0.15947778233453386,0.8340015266147776
64199,0.1121037619090968,0.9484339456510301
64498,0.11707291989350874,0.9324393730094026
64799,0.1296225123673217,0.8956926923827301
65099,0.12472720670419034,0.9140723894081435
65398,0.15578510345846597,0.9046632659806854
65699,0.1818810607640215,0.8814918133201312
65998,0.19809612306899854,0.8604691171029113
66299,0.23290404286992455,0.8144977774382482
66598,0.251745552138443,0.7495579398180098
66899,0.27135289441891175,0.7199678978514679
67198,0.6955806824973029,-0.0891063756085757
67499,0.3188264187730783,0.615556988420532
67799,0.31577794257362823,0.6072431567099504
68098,0.3316747385369673,0.4919337630727476
68399,0.3753506782221525,0.3050672648521877
68698,0.4156350711220243,0.17386303457078855
68999,0.49541896436276495,0.0931581363953895
69298,0.4725016483946939,0.19754647391347468
69599,0.4584816866909808,0.1927175712187592
69898,0.44660445795719383,0.2801561937379591
70199,0.4074706809155271,0.36413315086073716
70499,0.400090477487765,0.38892919697260164
70798,1.9296046731691314,-0.3392838664749751
71099,0.4258153029433049,0.3707429043984565
71398,0.40200864751757603,0.4909613501170291
71699,0.4561609783991588,0.3528969289498888
71998,0.46201956213064044,0.35745066865130737
72299,0.4921617902093348,0.31611072442670174
72598,0.4729947703945292,0.30716403820611804
72899,0.5372332215426683,0.22289612183281127
73199,0.5646549464709089,0.182584015624908
73498,2.39933257705532,-0.26576444380108044
73799,0.519449411452555,0.19655878901409918
74098,0.5669862765613514,0.11700945809796892
74399,0.6031875078298701,0.04954757737800786
74698,0.6625977171701476,-0.007866787514938745
74999,0.660575617091444,-0.00044198782467730346
75298,0.6825954735382032,-0.05325983532889578
75599,0.7345328213446897,-0.12373508530166388
75899,0.7238242570451476,-0.0932566611239074
76198,0.6213424890451477,-0.026879255043453787
76499,0.7995584572868193,-0.15397787956223086
76798,4.425309746436403,-0.15338867287108737
77099,1.3894553823956275,-0.17049762766222054
77398,11.91005982428994,-0.2196782091678362
77699,1.7873835306618315,-0.17185355371101863
77998,3.5219538149919583,-0.15881056268446603
78299,2.1543529791247944,-0.17544809983759735
78599,8.345547162364717,-0.16281242385214423
78898,19.93427126140007,-0.1826880500230792
79199,9.367100049272914,-0.16875269165637707
79498,45.806238343451824,-0.1858751814220576
79799,41.11441249813238,-0.17907926400405216
80098,45.475988937254726,-0.26932876295669783
80399,28.8513951036434,-0.38627290110637347
80698,1.3782704803304986,-0.13216911330715608
80999,16.2023736766362,-0.4108263698356709
81299,102.40420397317159,-0.2879389723275938
81598,8.250962161320802,-0.20712223129668472
81899,0.7996326328166097,-0.3726776475558362
82198,0.8752034363791096,-0.38695990467328123
82499,0.7734238294462394,-0.5273736941535911
82798,0.7662676436013321,-0.5432101441892649
83099,0.7298970475332714,-0.6846648598105922
83398,0.7461118971985541,-0.7086894834695945
83699,0.718043576977341,-0.8440476286568885
83999,0.7450014804078966,-0.7573427867509803
84298,0.6533234247611325,-1.1292069101355096
84599,0.7235508637597484,-0.8877154298788681
84898,0.6425034962634473,-1.244470614961454
85199,0.6663438129463175,-1.3150602233115438
85498,0.6493486172618743,-2.1181426526421165
85799,0.6126713334655872,-2.025685806186023
86098,0.5737490512086427,-2.1687054111049444
86399,0.6049171515720596,-2.1157769126471915
86699,0.5686760383683649,-2.5389334841792777
86998,0.5604838783637262,-2.243294052766556
87299,0.5486789753966215,-2.622065393034266
87598,0.5615606730447695,-2.706127070238598
87899,0.5405839145658178,-2.421599860430002
88198,0.5246097083480102,-1.948052315907765
88499,0.5161083408621141,-2.20404630661043
88798,0.49797827552393614,-1.564129134935
89099,0.5041882413667437,-1.7945886097335988
89399,0.49870241201198595,-1.903678342517623
89698,0.5087990356977623,-2.0362028729407085
89999,0.4920111969778549,-1.3144397537146446
90298,0.4640102210102623,-0.8975238567897075
90599,0.47244746167461416,-1.3444962616636786
90898,0.4577694762185956,-0.8442026799965132
91199,0.4560872011213733,-0.8920273624563497
91498,0.4234635826355644,-0.3373546774327909
91799,0.8825214462172103,0.06311398125373668
92099,0.3781502223864953,-0.09900791357079708
92398,0.36584513632594295,0.29459716135026004
92699,0.3880589834022113,-0.09035896071623672
92998,0.40442186311704587,-0.13291752399395484
93299,0.3994584856008422,-0.034166240693507266
93598,6.249622213793746,-0.16248064493599346
93899,0.9471547224280231,-0.13051047233835744
94198,1.7191596797012618,-0.10751933306942085
94499,2.060984340914146,-0.2810117010736626
94799,1.0647990216965537,-0.13004516254017884
95098,7.346201816926517,-0.21129854180344632
95399,2.518476144102187,-0.09099125644300488
95698,3.2468730181860987,-0.09669858302364998
95999,6.19789446777532,-0.07526472358160263
96298,6.250758017293156,-0.07722697263143119
96599,5.275585992369326,-0.08909926216205499
96898,6.059565503224209,-0.0940428891477012
97199,5.222102736492892,-0.08974008227414054
97499,2.7745375935479517,-0.09231947738615198
97798,1.124287627457919,-0.12325142399042743
98099,1.2227385132161914,-0.15661483200343373
98398,2.446266673094668,-0.19376788867638073
98699,3.5860100885181847,-0.1162793228089567
98998,0.35517984428194427,0.2879684543338712
99299,0.35985997481666654,0.23501287134763404
99598,0.3501944137253797,0.3269780953578436
99899,0.36892459657954624,0.21337423537216105
100199,0.36928186813667474,0.2398920397883214
100498,0.37967586667445374,0.09778967685195195
100799,0.35479462645223153,0.2990522418849214
101098,0.3729701908403784,0.2399141947109511
101399,0.37197615087973035,0.3275720772086059
101698,9.854269496391519,-0.19973582134856227
101999,0.4478498292609811,-0.005592184311104198
102298,0.44804505737084077,-0.13422331822481315
102599,0.564681335818185,0.42328741536864767
102899,0.43535161611110285,-0.28282989960066796
103198,0.4646923672060102,-0.27995706716469515
103499,0.42694336002593336,-0.4540407084346174
103798,0.44663279989167415,-0.31959783307323875
104099,0.4353935721601927,-0.30074549200931866
104398,0.43490140787498266,-0.039434966290343265
104699,0.43364994737547047,-0.1608411213972385
104998,0.40136064917118186,0.21711285479917097
105299,0.3824995105456035,0.23689554249490186
105599,0.40586153139807846,-0.03881075829447189
105898,0.4273452964710736,0.11600541254887597
106199,0.3911179137942776,0.0830887165217421
106498,0.3899673236916838,0.12529787839311102
106799,0.3935769642962266,0.10569123231609001
107098,0.392628020163906,0.07047781845555767
107399,0.40792119015270806,0.1978475327919167
107698,0.4057355690410058,0.1892805294611234
107999,0.4242368360595242,0.16283458555347496
108299,0.6203311701479306,-0.027539700195005512
108598,0.4476725311030272,0.2613836891487382
108899,0.5007274125034902,0.051311294435980925
109198,0.4797085720266383,0.20285180437090267
109499,0.5028633664108975,0.12168706178246769
109798,0.48827554172571236,0.1133902349369047
110099,0.5155460432511663,0.10615212279759989
110398,0.5306087765590365,0.13957980720454088
110699,0.5015695936562679,0.06187884004469146
110999,0.5328511073831106,0.01696309606017432
111298,0.5606382218946846,-0.07434944611288619
111599,0.5486374203970086,-0.17724025748115446
111898,0.5509014970914439,-0.1816433298227742
112199,0.620883330616907,-0.16394820844156666
112498,0.5686260813321846,-0.26137275214831557
112799,0.6144729151443826,-0.3305862430706483
113098,0.6561564990980864,-0.45881298559276296
113399,0.6765217571707764,-0.44670614899283234
113699,0.7001359210781837,-0.521778488676998
113998,0.7517251872772579,-0.32798516539083833
114299,0.6277274851235493,-0.2729503419690118
114598,0.7215245719627453,-0.20864441280013346
114899,0.7056095576641342,-0.1708691959725226
115198,0.6642222150229303,-0.1808047049958974
115499,0.6825609311710786,-0.145009822655211
115798,0.7341210677520971,-0.2164803918824998
116099,0.7627458958559616,-0.31657741193384714
116399,0.7737155975411467,-0.31070535526896226
116698,0.7204855664786469,-0.49005332266310053
116999,0.7294467351291097,-0.42915750239188943
117298,0.7632942285583596,-0.5224826486104954
117599,0.6869291873824336,-0.7636503782810817
117898,0.7312047491725275,-0.8488820846914626
118199,0.7184624979889151,-0.9755333292356252
118498,0.6900168473490953,-1.0733145839245664
118799,0.7182456237805818,-1.0065797587637886
119099,0.7566874739433608,-1.372021877159241
119398,0.6681644509933558,-1.4658954015232215
119699,0.8414050876586385,-0.8716541313960955
119998,0.710466381978083,-2.33625763142866
120299,0.815012438503546,-0.9720129814934029
120598,0.7657536379086385,-1.6186291269353772
120899,0.7222379890729904,-2.4621461568935707
121198,0.7287253116794719,-1.450902715000291
121499,0.7251992692803929,-2.9806863387571263
121799,0.7391824562836385,-2.9223307560567706
122098,0.7355247012095644,-3.263937864241102
122399,0.7538829089595644,-4.308827392362207
122698,0.8202809052952127,-2.9374427205277303
122999,0.7543267156910459,-4.192282888782733
123298,0.7589929363716015,-4.653200220344276
123599,0.7179563949887261,-5.2481963493598744
123898,0.7191176412836385,-5.009489137972466
124199,0.6993314379632631,-7.135812458834524
124499,0.7163574753590966,-5.3203987629390355
124798,0.7409280240188187,-4.477554636826855
125099,0.7039048265998373,-6.841333196130795
125398,0.661551072852152,-6.900886958098858
125699,0.6906095964586336,-5.653300046524992
125998,0.624109561004939,-5.845575873667583
126299,0.6382582550998374,-5.930234456150857
126598,0.6300544400882723,-6.5701024443396285
126899,0.630379452503318,-6.255699314649277
127199,0.6327513893818777,-8.974114478811229
127498,0.6432517199408178,-9.32845442952526
127799,0.6426110593690585,-8.844996662246674
128098,,
128399,0.6331264868019291,-8.768499329316294
128698,0.6357438572510029,-8.113875797223463
128999,1.6992625943099793,-0.11014468474786887
129298,2.572837961301729,-0.17747601291459536
129599,1.1135784362280827,-0.2277377059033967
129899,1.169819073179472,-0.34549955321473047
130198,0.6997050775563434,-1.5523338335144201
130499,0.6174011167602623,-6.918530382946099
130798,0.6173338663729855,-5.835890129405589
131099,0.7141907593322497,-1.8603932545254405
131398,0.571265954711642,-5.187630317569905
131699,0.6228178258214817,-5.398663980583972
131998,4.473261521854081,-0.23815839568486963
132299,7.7127678142304035,-0.23583501646518412
132599,1.1152069406516942,-0.3095445143025808
132898,1.0752175146146572,-0.3497388128660295
133199,1.8631304087590546,-0.2232077680621689
133498,0.871998348003546,-0.6889652671051056
133799,0.623333782773524,-4.170887598414254
134098,0.6221208463591721,-6.39092849947329
134399,1.911160566771849,-0.22738475148082316
134698,0.8172039403716015,-0.2949571667869475
134999,0.5969465644764262,-4.722080276101402
135299,1.7919164875016804,-0.2390568973850684
135598,1.4912606573547575,-0.24384216815269943
135899,1.3110566970683608,-0.2595860664909799
136198,1.3084377603533817,-0.17785410687890169
136499,1.2096559739294719,-0.2593959501878811
136798,0.5233314945228705,-1.7261147961938281
137099,0.49125621613166687,-1.1805780053549983
137398,1.0018369290683606,-0.256476116857675
137699,0.4607031518886113,-0.7669908975630846
137999,9.68759624481661,-0.2286971830561899
138298,126.1891766411934,-0.31030006606413507
138599,0.3478991426455557,0.33470507804208915
138898,0.3097912484122518,0.50724810846416
139199,0.2475220474895768,0.7288204756127205
139498,0.6099197928573461,-0.15502218138469548
139799,0.85565004809963,0.18086296430690507
140098,5.160944288273647,-0.16073547653699993
140399,8.996562462768466,-0.1553108694858163
140699,23.22001454516172,-0.2721782123613865
140998,1.795028889997961,-0.11598981091341742
144599,26.086128479078923,-0.2756692688049478
144898,2.40203051341467,-0.23191063929439593
145199,60.86474849709751,-0.5773350624976739
145498,13.005548550715533,-0.5862042752625969
145799,4.817837449334415,-0.4877402091841878
146099,0.7869208056210077,0.38751011148865455
146398,0.8199560382200572,0.32016794026493156
146699,0.8334494917293165,0.3318109021949278
146998,0.8193424697015478,0.31313370524647643
147299,0.793976361537196,0.3144476653485302
147598,0.7842797083265478,0.3365719175934415
147899,0.7481585940510849,0.35928248393772055
148198,0.7131233853635849,0.34688580022638393
148499,0.6593479270580294,0.38690999387604963
148799,0.503292209163846,0.4490286112730897
149098,0.7209473894273783,-0.13668530009464708
149399,0.2940013515738583,0.6987034573767479
149698,0.3684878066345869,0.38614893281960594
149999,0.20788558787865774,0.8393400819594427
150298,0.2318976463452415,0.8051370684916916
150599,0.21111600260412466,0.8464963120460888
150898,0.31824807093127694,0.5577937373304419
151199,0.19183137055981256,0.8748367985469934
151499,10.51601727906917,-0.36311528206433796
151798,0.19368724094688178,0.8754127291103455
152099,0.46647559867642335,0.07547184638310789
152398,0.19693255925960151,0.8559212769115413
152699,0.2023896690232648,0.840461663036683
152998,0.20303434513263127,0.8437307655856225
153299,0.2580191557517501,0.7637926338022322
153598,0.2754877990949062,0.5783522207498735
153899,0.23609648685495518,0.7848662397307973
154199,0.24498243487045135,0.7255280562757023
154498,0.6645864521087521,0.29727711798085754
154799,0.34160800060446284,0.36157580722807947
155098,0.36659133262167554,0.15264329625110162
155399,1.1693511126036469,-0.27553783142340516
155698,0.3632254712397311,0.23644959103978003
155999,0.36191421797352735,0.23008884513104966
156298,0.5494125389395751,0.3898847246117474
156599,0.3728603808475183,0.23086289593849596
156899,0.38223246875955535,0.1829956518600815
157198,0.3944428868679858,0.17680415941040595
157499,0.40525271096924653,0.2814410281500327
157798,0.4395111955801929,0.32667821788732876
158099,0.41843290134639677,0.3511427537991991
158398,0.4334313567787885,0.38087858410057107
158699,0.45499026927878855,0.37655494105510734
158998,0.759527519973077,0.25895130601239014
159299,0.5343773059536276,0.33699804554152235
159599,0.5147270592672136,0.39681475157990387
159898,0.5420008712324914,0.3738982224805054
160199,0.6638965631107372,0.18052927055586476
160498,0.5824526456053991,0.30663119004552986
160799,0.5328722587499239,0.43888267050857654
161098,0.5110379376781646,0.41407669218372045
161399,0.6057850956920535,0.2989584963703127
161698,0.7442955070322559,0.09092095458178573
161999,0.8759790364602742,0.017190588122756645
162299,1.0422419104954113,-0.09347478078071836
162598,1.1240975611435595,-0.15334755963408275
162899,1.525366898334684,-0.1899014169917006
163198,0.769056963583182,0.07612116255234147
163499,0.7055761557520752,0.05592038996587967
163798,0.6730444553006865,0.07625158951388611
164099,0.7632145008827992,0.10173218356851599
164398,0.7113959410275382,0.06044031061894939
164699,0.7908506410992975,0.013325595775456889
164999,0.7339634827242976,0.00819536118533326
165298,1.1520458010015664,-0.10899234587273487
165599,0.8607740998631862,-0.06474968944556592
165898,0.7916381602218399,-0.09351704736254862
166199,1.4928724155475246,-0.38720093675344547
166498,0.748512191483414,-0.08712172447814992
166799,0.8272736756940622,-0.09383721287786284
167098,0.8031953719259053,0.03134488661197021
167399,0.8250043766385066,-0.15052210824555945
167699,1.122980042162705,0.03930209039905053
167998,0.764669979694062,-0.11336761011485952
168299,4.633186352184242,-0.19324780398385033
168598,5.001881467979445,-0.18456164445244716
168899,8.490033864280345,-0.2374412579400813
169198,46.911366540136854,-0.36184042301878616
169499,85.13131620954194,-0.4320542534624876
169798,43.04598620715448,-0.4830849734707394
170399,15.0504047019849,-0.40699175878336535
170698,0.777450795076878,-0.4298773616716969
170999,0.8826435743731744,-0.4070222505374932
171298,0.7655251833801189,-0.4926622098357265
171599,0.7929743232852114,-0.5357679706587524
171898,1.12411779857048,-0.37994617680691145
172199,0.8343685834773411,-0.6153614590638177
172498,0.7139510902327126,-1.0766540850484327
172799,0.7260083662018783,-0.951458791850557
173099,0.7245842989796558,-0.9822687330576538
173398,0.6978855398692868,-1.0503322437931035
173699,0.7082414347898411,-1.1340282390545555
173998,0.6047572951887312,-2.0292313363722894
174299,0.6165957157389153,-1.3709665581018573
174598,0.6262566986216016,-1.3054093182317112
174899,0.856740553315304,-0.39266916982684275
175198,0.563717124191688,-1.1128371557497378
175499,0.5469128660088176,-0.8862477240173974
175799,0.46939848753428975,-0.6494100506019549
176098,0.4846644342670678,-0.4889436546321535
176399,0.46692896638774933,-0.14982683090550308
176698,0.4393795803622864,0.1345745749893441
176999,1.364045549008889,-0.13030523023101748
177298,0.42339830457524025,0.06730422352095822
177599,0.4307393986331197,-0.08263850858986221
177898,0.39964209105489457,0.10605614884510683
178199,0.40087193239237906,0.3032074394411083
178499,0.38658463597571235,0.22931010010230324
178798,0.374349940575728,0.43583742628480515
179099,0.3606449093720243,0.4924945428313272
179398,1.9749054464387177,-0.12573526775109323
179699,2.826026857385445,-0.20489903981473034
179998,0.8319009377002402,-0.14384607581994313
180299,0.35614801465409573,0.49669923253444725
180598,2.584799715588602,-0.2233064650777008
180899,1.4381902291210098,-0.25243009663297733
181199,0.45032853464099787,0.2995911267264857
181498,0.8247814371076597,0.02123932214336699
181799,0.640936855439688,0.09224366548398366
182098,0.44225125391833253,0.405498853666059
182399,1.865558762321938,-0.30643226613014285
182698,0.9317637077752254,-0.082575463973382
182999,0.6704547391632153,0.006754097640945256
183298,1.0525635823270285,-0.12813528634324722
183599,0.7984223570044782,0.22702873000989254
183899,8.560553330696028,-0.46082736173749517
184198,3.7779097388927863,-0.2067869711923389
184499,4.826985798752265,-0.6568555619353604
184798,0.821967589988062,0.08650113717495178
185099,0.5644561645373722,0.01260328723491888
185398,0.6101022852362816,0.06489760412880707
185699,1.7504841887572098,-0.1515652257288056
185998,0.38315354827824816,0.27398140895793555
186299,0.36833457347269266,0.25040014096880525
186599,0.5779995744328311,0.2593815741021398
186898,0.8416603606334346,-0.26022035328552473
187199,0.6865813246490617,-0.3107521749372524
187498,0.8884321980587839,-0.28963951896589335
187799,1.5125614226535349,-0.28830687658743814
188098,1.400309209706932,-0.2544246593408237
188399,0.3809976537599447,0.251643796416927
188698,0.38264776071364837,0.22266927893836652
188999,0.353088357692815,0.24602376593607633
189299,0.3480800183149364,0.25851915657375035
189598,0.3612181167530003,0.3035848884094723
189899,0.3990112454652696,0.17132479454150085
190198,0.38996865561217264,0.26218847669434486
190499,0.4177801758796214,0.19802115977674895
190798,0.4259951014861029,0.2482098450900041
191099,0.44263495741502545,0.21648950598279293
191398,0.430295579618005,0.2418896768813471
191699,0.5942349970240068,0.0914198021585777
191999,0.6208517492068988,-0.08211393053011373
192298,0.43703546036588725,0.413409186660038
192599,0.43146663135541674,0.4462581244047805
192898,0.571438269783354,0.19031404491446402
193199,1.0709684361593639,-0.12182346851796533
193498,0.47370012515560994,0.49265460543671136
193799,0.9061625493109311,-0.09135119169701889
194098,0.571539847449482,0.3598714183249311
194399,0.5689223748007408,0.36415438783867404
194699,0.5378675526755442,0.39452203959455356
194998,0.5517881845922109,0.3736038428279793
195299,0.659776539374024,0.24516174995424034
195598,0.5463452383989844,0.37558349079454467
195899,0.8189358630719381,0.20060516178432808
196198,0.6196805821839728,0.2621138780921427
196499,0.5543831436586399,0.3743912808186044
196798,0.6382707197000878,0.23238474277555266
197099,0.5558450022533283,0.3487327405324272
197399,0.5008782862996246,0.4113480202109059
197698,0.838460799492685,-0.004261914935259403
197999,0.5829093998494608,0.2233899333411552
198298,0.5880977560494659,0.2000717291531251
198599,0.5844354875344826,0.17722420176011366
198898,0.5088966032996125,0.29032940811801133
199199,0.4816982923715366,0.2990764291869502
199498,0.5288818298622773,0.17926831400043997
199799,0.48795906687616625,0.20160386969931454
200099,0.5230868545497772,0.04498328569518273
200398,0.540099069190981,-0.15112262913725982
200699,0.523433102327555,-0.07976217962172472
200998,0.559906094352716,-0.29548921460654887
201299,0.6737369426744753,-0.24923736814299113
201598,0.611928674949938,-0.31010539224406775
201899,0.5583575069823455,-0.337490121860595
202198,0.6412850673814247,-0.35950241295783947
202499,0.650536984689295,-0.47273395971586996
202799,0.9745040735738564,-0.22269560352399043
203098,0.6418312823956156,-0.21927281467651438
203399,0.6622916612335785,-0.13065130761133203
203698,0.7125169607749431,-0.24127146080259942
203999,0.7066615402960786,-0.22160393028368608
204298,0.6997650418235541,-0.24839049129832924
204599,0.8180831974740171,-0.35314057791762177
204898,0.7723265239207765,-0.3353905478111945
205199,0.6685108318281839,-0.32300470406985204
205499,0.7329904223189245,-0.42605469621908054
205798,0.7321081396800357,-0.35429338569983093
206099,0.7196499479230912,-0.4766053899377998
206398,0.8462138243893782,-0.40701485581776886
206699,1.0096559383430819,-0.37841023119388084
206998,0.9542856066301189,-0.30792331789894956
207299,0.768634955766693,-0.5520419907109162
207598,0.7877673504541929,-0.5942390642749436
207899,0.8556637666139152,-0.5711009563482794
208199,0.8468588877366003,-0.6158115377747033
208498,0.9276006763708595,-0.5012571483947028
208799,0.7503158862759522,-0.7427434683006844
209098,0.9020256860452126,-0.49715656810958686
209399,1.0855172040128052,-0.3793533851922226
209698,2.4608455620722487,-0.20878155471640758
209999,1.852286973503546,-0.21130891402023888
210298,1.359453833964194,-0.28890559888017897
210599,2.4681773927222803,-0.24334011743088602
210899,5.577195928188072,-0.21943264547606778
211198,0.8027852777720644,-1.1251749978985135
211499,1.5488617187458595,-0.28935364101913463
211798,1.1615971042054987,-0.3283138889880417
212099,1.6049571534784637,-0.24090932389185826
212398,1.081959037792156,-0.38892516949498557
212699,1.0965647969618793,-0.3481550090562979
212998,0.7527581409595645,-2.771287283272517
213299,0.672894897477152,-4.824376658580716
213599,0.6959750230961386,-3.649490682703499
213898,1.4807779426337393,-0.23888962445931172
214199,0.7465254214317868,-2.3823595300689946
214498,0.7120141510058609,-2.2632732326504614
214799,0.7148789867813238,-1.6530174263488506
215098,0.7206210231979904,-1.5545614221780446
215399,5.7322484941716345,-0.42183551394519747
215698,0.5854016786167439,-4.700173352997172
215999,0.6142925260586585,-5.4969439884088525
216299,0.6006014720535501,-4.565893024638003
216598,0.6073099729361883,-5.129829594706545
216899,0.6065774776699846,-5.264459540139341
217198,0.5904409809547067,-4.765198732992473
217499,1.2838311310032533,-0.17689540563679373
217798,0.6960255453850472,-0.4483891899455714
218099,0.5829619170986411,-0.852288918647232
218398,0.5950015970565585,-4.211286110931615
218699,0.5968439569265036,-4.691865297884523
218999,0.5911366915496141,-4.161685162641656
219298,0.5621031574801695,-3.3453007991748303
219599,0.5388001968158178,-2.3219408620809623
219898,0.535176973745948,-2.64090175251156
220199,0.5156190127880401,-2.295422328940202
220498,0.5049362812926697,-1.6363580954820462
220799,0.48808894143807763,-1.3100588788161822
221098,0.4787700810491886,-1.2558101027760387
221399,0.8077247032643186,-0.3052470237214995
221699,0.44273831911905853,-0.6137780036378011
221998,0.44831066950289256,-0.6938117103976682
222299,11.922935678381968,-0.20139296702849752
222598,47.66335009534513,-0.308928482209577
222899,38.375906208822535,-0.29692075673333473
223198,59.26998480175948,-0.23876024938707818
223499,30.349274784695808,-0.2287702076524194
223798,33.776540289123155,-0.2305116545588879
224099,41.14370930879281,-0.2652369808224184
224399,44.002398864077726,-0.255395410597407
224698,60.81576803079195,-0.2510318351122558
224999,108.51633624530793,-0.2717764077986655
225298,161.47187899683593,-0.2851321226519963
225599,112.98342192861578,-0.28403150093849305
225898,109.22667369808362,-0.23712265442513503
226199,111.49853700023638,-0.28152452370206027
226498,65.51801069227321,-0.2770350796560028
234598,6.0262369913714515,-0.49800457603123305
234899,57.56303870344011,-0.36607252286115655
235199,10.506211956320525,-0.5150992751168433
235498,17.624182931559158,-0.3664337840554104
235799,14.568995558140175,-0.40910887450891953
236098,13.04779504407747,-0.39559885990202326
236399,1.5352541850844141,-0.17902413770668457
236698,1.299567233662187,-0.03667277554041992
236999,1.7344796985010809,-0.26252050347203415
237298,1.5790012745705253,-0.18548905849481678
237599,9.446397311260545,-0.4781407894975165
237899,1.486512707906173,-0.4014066937928371
238198,1.0258636172395066,0.02317451851000929
238499,0.9665208241816683,-0.01724349331213615
238798,11.867590182060715,-1.4271998149470733
239099,33.26567425148176,-0.5464202087941585
239398,6.16243117806821,-0.30746698968067476
239699,4.453316039859877,-0.2868409042023723
239998,19.645249178666944,-0.3605818564787522
240299,7.524310551235071,-0.6646768680929729
240599,2.159922526640617,-0.22897710954433714
240898,4.128867826512077,-0.4922768748346824
241199,12.732018646845216,-0.34415939646419913
241498,3.7886063485865957,-0.3694522411104355
241799,2.8602654882071152,-0.29869257485864287
242098,1.0457165064734768,-0.6174235853152283
242399,8.790641300856564,-0.59033514409831
242698,14.260057560418623,-0.6898658326482561
242999,18.077174503028356,-0.5055714103789632
243299,21.535634961074297,-0.6233022077005754
243598,22.915476390509344,-0.5656472254994889
243899,14.077468072167141,-0.4517452235497408
244198,15.757796738724076,-0.5966653612071657
244499,23.81462160434858,-0.44550566303428374
244798,42.2563317391495,-0.29348781623313225
245099,34.50084456476063,-0.6566080712335733
245398,34.95431447811478,-0.6036335181264432
245699,28.817392010709696,-0.3732455414666629
245999,24.43860918397532,-0.4563927195447506
246298,57.65981887726806,-0.354707295420954
246599,59.18829198280278,-0.4288675634867767
246898,88.83722779520787,-0.2590068958699556
247199,49.59174557284281,-0.42329170289266504
247498,35.33048531011933,-0.6315348973716632
247799,3.391405375611559,-0.24785617062270293
248098,44.90874876873102,-0.2411041562962415
248399,19.296218871493142,-0.2939274042394422
248699,12.728265019541944,-0.4018006642315233
248998,5.407026099821817,-0.5145900054246793
249299,6.471435769976448,-0.43264928269128644
249598,6.306312482270924,-0.46977714831815676
249899,8.371935170235755,-0.42632655342112313
250198,7.686105775301147,-0.46339635846313665
250499,9.295771143145478,-0.4942130313251394
250798,9.73601781940242,-0.4619790819714813
251099,11.855423255643162,-0.4765611628426305
251399,11.013394534492562,-0.4633100965134693
251698,9.76550293824719,-0.4393023830565925
251999,12.395181516872192,-0.3019343557379841
252298,11.526862082339921,-0.3852340970332495
252599,13.699778759261708,-0.31472277080627786
252898,4.655255885709858,-0.34676421031820315
253199,1.199163383062311,-0.4776866037727212
253498,1.092476114172567,-0.6724446372085822
253799,1.9161776307372225,-0.20241768255194015
254099,1.1026889227289776,-0.5325672524531246
254998,1.0202971455576817,-0.6600057894233389
259499,0.937287969117838,-0.24656589703442844
259798,0.8787870158122825,-0.2748227335560707
260099,0.8829317287914491,-0.25670132515790933
260398,0.8566637966502453,-0.2427874098592182
260699,1.664386222171625,-0.27479085726726415
260998,0.9075888404488565,-0.2768310353404453
261299,0.688690543629412,-0.19729732962759838
261598,0.7284211150622824,-0.19248660594184042
261899,0.719634397303023,-0.2241993257554884
262199,0.6219744132821896,-0.1581834557923203
262498,0.6800202580553378,-0.15659624461628585
262799,0.6399681140761713,-0.18149399660293386
263098,0.6115267832243194,-0.204298737688279
263399,0.5812190850599674,-0.17500093984474008
263698,0.8701338072664025,-0.14845831683263722
263999,0.5362275538344996,-0.00466573634181322
264298,0.48632069958681434,0.056563806686857676
264599,0.5091643585451476,-0.0012860100271776531
264899,0.521942564615523,0.06248455718570922
265198,0.4831791920382032,0.1909746874262268
265499,0.488577964776629,0.14581676969080848
265798,0.4709064246493143,0.2471379110969334
266099,0.43248622677432347,0.30823692174197304
266398,6.505478553514168,-0.2523016151532782
266699,0.5028848773587202,0.4350624804453873
266998,0.5010709285357359,0.47319464825814583
267299,0.4008698545161367,0.5678562849419893
267599,0.4099695047915906,0.49410052697732754
267898,0.41268963509021084,0.544613762311525
268199,0.5585572552139765,0.3407670261919866
268498,1.3742491445177614,-0.21705327554223186
268799,0.9188180851155671,-0.23559275433347437
269098,1.4861299015191152,-0.2701977178268493
269399,0.4188485765519394,0.5465623546154068
269698,0.4115327727070412,0.5630252450195447
269999,0.791195010219756,0.1878172029777191
270299,1.4543295547319148,-0.2681416724201171
270598,0.647071457183725,0.24875288583125166
270899,0.41164951517926346,0.5519390128715247
271198,0.8091073807704632,0.19385120645815368
271499,1.1341725084337186,-0.20329913452779702
271798,39.24781054526185,-0.3831900560463166
272099,0.48978903542931096,0.5022302935703558
272398,2.573969540801046,-0.21054978349810938
272699,0.37332228895072284,0.6121401873744036
272999,0.36037125783853113,0.6138223867698729
273298,0.3407078694697292,0.6770529215755223
273599,0.3851090707870619,0.5911755011614739
273898,0.38913224556715453,0.615935233998725
274199,0.42702779855095085,0.5205347756971881
274498,0.37317571239122865,0.6224653747862885
274799,0.38595756306021,0.5809346465744458
275098,0.4033681823292119,0.5729802971897785
275399,0.6517241990676379,0.2982245845004624
275699,0.5515977627167168,0.2816055482241431
275998,0.6999232820616244,-0.15595467904958915
276299,0.760000125460505,-0.19395709038493703
276598,0.471138708889397,0.43497612976048783
276899,1.0311917606086531,-0.29581476590072486
277198,0.8836596112989606,-0.3040073694320642
277499,0.4513865121707148,0.44928400746400876
277798,1.6669119741975331,-0.3621455126889044
278099,0.5110975143234926,0.32737754792486917
278399,0.5681208532841409,0.27204112346692366
278698,0.7650178563568311,-0.10523833679580252
278999,0.6424779407551378,0.18077949031738694
279298,0.7256858892051428,0.014140413129381635
279599,0.8390474379949096,-0.054290724102246335
279898,1.2204705742881556,-0.4086694760974485
280199,1.0259369016631177,-0.08859410971051873
280498,0.9130262259154607,-0.022493660340576538
280799,1.2498636793783955,-0.19761561867497957
281099,1.346756519095988,-0.1556253350647736
281398,1.3989467577533956,-0.15689935993727477
281699,1.7005756022047847,-0.2998026101235629
281998,1.7262686750774696,-0.2980944027076946
282299,1.9642364252533957,-0.3693209695201618
282598,2.982128311549692,-0.5085366242029388
282899,1.9674164323645063,-0.35297697876183354
283198,2.3038164064524693,-0.4558789700319186
283499,2.0441572073043215,-0.3325299899769365
283799,2.6756446554177473,-0.5094408899591938
284098,2.6390575086283956,-0.5207760084339932
284399,2.5106030512996917,-0.4539245984860145
284698,3.1557634462811737,-0.5475601496260674
284999,2.6356060974501543,-0.4665749162235151
285298,3.2655309646353397,-0.5489490972167994
285599,3.274479812565895,-0.5742854303749376
285898,4.100907977614507,-0.6134788068367818
286199,3.933316028586729,-0.5900280770425868
286499,3.454251115774229,-0.5733351474858712
286798,3.7734988697464513,-0.5809891454528993
287099,3.1486892137811733,-0.5198127843769917
287398,2.5890735039270063,-0.4656900189726292
287699,2.2100118388367287,-0.40855709640181836
287998,2.200388120188581,-0.4114685884202933
288299,1.618958328258025,-0.2548232556919696
288598,1.2067493509085623,-0.15598774927348225
288899,1.245908817850076,-0.20900550986993727
289199,1.2303303082685828,-0.22843359271932906
289498,0.9374412352646497,-0.0820904007194021
289799,1.1343573645933536,-0.19926042805093291
290098,0.9839912995627083,-0.19831344399637763
290399,0.9159299504886342,-0.1133318663919336
290698,0.9532306916588406,-0.09068045533783686
290999,3.9508725088982755,-0.3678300572377644
291298,0.8365447313642806,-0.08328263248583911
291599,0.7418011427173531,0.027940756919450527
291899,0.7553879885355771,0.008183727176273026
292198,0.823225620930316,-0.09058098815940419
292499,0.9902028914280012,-0.21039527216042653
292798,1.3062358381108716,-0.33172528729074835
293099,0.9460629119951308,-0.189085678112918
293398,0.9915639749545583,-0.1983091625579918
293699,2.9993748305029437,-0.4427103879578487
293998,1.2098314831397436,-0.2801636356593955
294299,0.9824498073503918,-0.20347138525269082
294599,1.1065191740992977,-0.27723041862890474
294898,1.3141449765854087,-0.30689228061058693
295199,0.8852307729951308,-0.18844664369446695
295498,1.0288471171176736,-0.2675676106496352
295799,1.3199590481131862,-0.2419383678163145
296098,0.9384513276687636,-0.22447279969386047
296399,0.8584773872891343,-0.24498373064227463
296698,0.8302311538863564,-0.2166896167148913
296999,0.9279373154858934,-0.2558141458973566
297299,1.1331435079442267,-0.30176615191271616
297598,0.869881540555338,-0.25705421762432734
297899,0.9984662266849672,-0.30878294236985804
298198,0.8281431386872823,-0.25006871268723163
298499,0.8170264897845045,-0.23822472694001817
298798,0.8827898748215416,-0.2737116480060757
299099,0.8912679348933009,-0.2787120933650298
299398,0.7315115268840416,-0.1790098872151844
299699,0.7229959515437638,-0.17765312681954026
299999,0.7566787967497822,-0.22962871643080285
300298,0.6901285212266342,-0.16456133759082725
300599,0.8629161829416099,-0.27515882606188313
300898,0.7818869543929987,-0.253324690558695
301199,0.6999140300345046,-0.1896591765643847
301498,0.7004647962891342,-0.17303649496100948
301799,0.7416847791849676,-0.17556983083519562
302098,0.7230347031803378,-0.1724149373182411
302399,0.6332934371916097,-0.1797095920957199
302699,1.0723554490874432,-0.2865845868435508
302998,0.5157966369164488,0.1172297464260339
303299,0.5377373317104304,-0.05260960601967857
303598,10.12338024270607,-0.4105490047999547
303899,4.064165176289941,-0.3511839888695565
304198,0.5018412256192218,0.03117077486805586
304499,0.5033166046331107,0.10287382404902379
304798,0.4695598357326476,0.14228829974417623
305099,0.47838234855440703,0.1908279756367922
305399,0.5025435391747773,0.09547252854489108
305698,0.47066258258449967,0.10143880770065505
305999,0.46571540804052725,0.2602868147459123
306298,0.44771411656830495,0.23358629689325217
306599,0.4467649989849625,0.2792295753511066
306898,0.4241025331261753,0.3526388125729881
307199,0.4236217417372864,0.361477042812417
307498,0.44287959277894406,0.355658528999216
307799,0.41320631587138107,0.4376797067408503
308099,0.3804405201168943,0.5152441716539473
308398,0.38722975725687747,0.5503345760803984
308699,0.37910431029854413,0.5866339041907175
308998,0.3789663379270794,0.549812480225695
309299,0.3732057245150424,0.5648491545792265
309598,0.35953891654098397,0.5960759001831162
309899,0.3317275958164469,0.638683865369439
310198,0.35804771033077903,0.5636931687457059
310499,0.334678313751632,0.6150202842763004
310799,0.2925065101099498,0.6661047767582089
311098,0.31098106721230206,0.5963695500072376
311399,0.3324931285115044,0.5492273116269195
311698,0.3090480929555726,0.6062179711201945
311999,0.31124527319631334,0.5927158353212312
312298,0.32430868226112824,0.568055920794571
312599,0.3147066975410058,0.5939125068611801
312898,0.33088063326150435,0.5300777600515723
313199,0.32909634056124676,0.5263310467684692
313499,0.31385775775833663,0.4883448214966306
313798,0.3409727493083912,0.5077430838020274
314099,0.3319556305099447,0.47454067241014164
314398,0.3319853794583252,0.5160010063614302
314699,0.32132341495013567,0.5666891156205505
314998,0.35460707726776436,0.5725816415494385
315299,0.3151224572052735,0.6209571645734953
315598,0.499353164510206,0.34865854514733474
315899,1.9806029292294842,-0.1628379580386361
316199,2.4676180901925857,-0.23045256321741148
316498,0.4816151183358449,0.33076798906330085
316799,2.174935292483453,-0.6084608016268056
317098,110.19680199195967,-0.24932297874576737
317399,73.96550112143423,-0.2621474270910906
317698,94.39617847794439,-0.14720972295366863
317999,101.74577857173976,-0.22725824905026348
318298,52.20978101829358,-0.2811339278081779
318599,64.19485219787312,-0.21624833235849983
318899,39.086523490063804,-0.2630275452825981
320099,1.3844550749015436,0.026866167959019638
320398,13.98538227830815,-0.703631363486406
320699,19.752103845076668,-1.0724739054318446
320998,14.64249475461219,-0.9036294730483818
321299,40.03317831725722,-0.9042076571559634
321599,15.111593873619135,-1.0645440262439871
321898,22.901439261436472,-1.2590232873013734
322199,10.162096808216358,-1.1164756530693412
322498,4.93803375450478,-0.5095769394392853
322799,6.315028499223303,-0.6906024504489812
323098,6.256939896540432,-0.6215439173200208
323399,8.402725372968673,-0.7992983891598162
323698,11.196727036160802,-0.7672058590193491
323999,12.591854172834415,-0.8683005399583679
324299,13.61830039394784,-0.7996441544657489
324598,10.872292190144599,-0.7827037402355335
324899,11.347095578843673,-0.7998429312004622
325198,10.645324931271912,-0.7688064087311735
325499,9.310786723869136,-0.7482466415528137
325798,6.874000465695525,-0.6924180923614922
326099,8.046963662035802,-1.0609786256466904
326398,13.747086506232561,-0.8319720234937935
326699,5.433746021038118,-0.8586795416559607
326999,9.764296937788323,-0.9789378720891111
327298,11.121758748841359,-1.0729589591546138
327599,8.543087150310463,-1.092767045715262
327898,19.502740714755916,-0.9628680790121693
328199,45.01505541531279,-1.3714526522118082
328498,11.094768408769806,-0.6738656356168293
328799,13.314698858620648,-0.9078889839028352
329098,7.522277928540134,-0.7687219321002516
329399,4.0275360555231305,-0.7817454557076513
329699,28.400824729336758,-1.1423017044745571
329998,30.612446024260343,-1.213048872833058
330299,10.173843559085187,-0.7759763899921175
330899,0.9430953364752095,-0.3067418172963652
331198,1.113631373714728,-0.04773677487571626
331499,2.187227735456141,-0.44089742175919455
332099,0.7992150668261998,-0.90996472288643
332399,1.5184493775973131,-0.1633092217720864
332698,15.319783881706327,-0.5644622341029577
332999,8.350605582417941,-0.6905997566510313
333298,18.02442693290482,-0.9853589468673483
333599,10.944532793418519,-0.6155542831594838
333898,15.425782587399969,-0.6495719500089803
334199,30.381875452342868,-0.7897641760567089
334498,38.092494977467865,-0.981506333369675
334799,39.688675868338244,-0.7282779278130278
335099,23.982396308106754,-0.6829997779218293
335398,19.429562576979446,-0.8042412150118134
335699,14.105996857273427,-0.9386666378086983
335998,7.098569817909813,-0.9541549147104806
336299,0.8143307108865668,0.08130941032172057
336598,2.6442318214987663,-0.5308386042243394
338399,0.896939181050737,-0.6535167919853162
340199,,
340499,1.1335121078794408,-0.6251316551044703
341398,,
342598,,
343199,0.9625598019337512,-9.192114473220728
345899,3.096499267084469,-0.1579605474750183
346198,2.1386841624468143,-0.11755933048218403
346499,1.357251242131793,-0.305675205396019
346798,1.2342794173853326,-0.27784972427132604
347099,1.0853432780265366,-0.2657770666623014
347398,1.0209833752533883,-0.21918586431727527
347699,1.052450674765964,-0.24775982484479342
347998,1.1146224277241548,-0.25897320885970765
348299,0.9294857824674292,-0.24145929119537768
348599,1.001239434707951,-0.2686899919001482
348898,1.0844553999511712,-0.2845513396904822
349199,1.7301593120829513,-0.304715882886591
349498,0.9831204809141342,-0.2532891352865443
349799,0.8243092350020971,-0.19059122476092738
350098,0.8248412711641341,-0.22201011534890935
350399,0.8193887245275601,-0.19430260744815642
350698,0.8467619412706155,-0.2144045080441379
350999,0.8243075027081156,-0.18945866099828623
351299,0.6878564231479305,-0.10438215246142923
351598,0.6769566493030229,-0.09123773767131937
351899,0.7433549870252452,-0.0965305090740014
352198,0.6648852706780229,-0.030485716809395713
352499,0.950560794080801,-0.3193489923511237
352798,0.6363919033136662,0.03837900917732018
353099,21.75459484317958,-0.2790705124731818
353398,0.5724263084965145,0.2125684022608625
353699,0.5403558169918851,0.2456759404048996
353999,2.78292782736608,-0.24583805667721914
354298,0.5766133818689103,0.25227980715612697
354599,0.5915358440797173,0.28525283750152486
354898,0.6726569382625878,0.23843647096489684
355199,0.6875115105487353,0.265270463042529
355498,0.7360499046760501,0.21771399748305653
355799,0.7810921700329738,0.19325199375185576
356098,0.9106523980084921,-0.02529718989272367
356399,0.8166234804398907,0.18654105522245334
356699,0.9252978214931316,0.09326517708152104
356998,0.743540107683565,0.23258228148717597
357299,0.9736909528922474,0.0684435714681898
357598,1.0049586236317647,0.074813337510372
357899,0.979761842087534,0.11445845841174973
358198,1.1524500132542008,0.02802961056745723
358499,1.2486202022194786,-0.018330164915778546
358798,1.151140177293553,0.012705243953418544
359099,1.3439707270838355,-0.08499381075305434
359399,1.2840377941361454,-0.05959423732877811
359698,1.2911624612458725,-0.09217880124531508
359999,3.9367684603228392,-0.419347919164464
360298,1.1862975448089508,-0.047859838179287184
360599,2.1405108510080253,-0.4248791364251807
360898,1.7734928115890436,-0.40502686955145384
361199,1.230258981920062,-0.08513503294033309
361498,1.1111526750695941,0.0008484114678698473
361799,2.5241648752325627,-0.6379723375828128
362099,1.5001679151770064,-0.21067691257087406
362398,1.4050725773506179,-0.16252046471549053
362699,1.6373420631260809,-0.2573203411943157
362998,1.731712350292747,-0.27175191880867056
363299,2.4671523876283956,-0.4989810314914438
363598,1.953008797237192,-0.37818787630098805
363899,1.990014770924692,-0.37173286381841075
364198,2.364212248906173,-0.4684361676258193
364499,1.9648999534061733,-0.4062022250854269
364799,1.7485787581422845,-0.3351047689881097
365098,2.4021745124733025,-0.5475428638090258
365399,2.250959384396914,-0.6318765381861209
365698,1.8068809876862657,-0.3735091472685812
365999,1.6297096552695993,-0.2981605341800162
366298,2.4790330390450617,-0.7274934206915651
366599,1.881268838089044,-0.3621839134270586
366898,1.6999552086700622,-0.30430469257506165
367199,1.9125937527904329,-0.38836319697967503
367499,2.2704040424362666,-0.4781216182691823
367798,2.1683042278320994,-0.409063061629813
368099,3.670888925776543,-0.7503044889358383
368398,2.8110200290728398,-0.5422123022982408
368699,2.6829120363320995,-0.5173077724204103
368998,2.476721461778858,-0.4915561524162899
369299,2.265997988526544,-0.43121867736897235
369598,3.070447336082099,-0.5827826885472167
369899,4.521129184916328,-0.6820564156351132
370199,3.2682211095427474,-0.6059542276934688
370498,10.67309216603901,-0.31470860669141176
370799,5.443538695653859,-0.5766255940425602
371098,7.0481399464649375,-0.5245256753904077
371399,6.300089524383919,-0.6801929640591942
371698,3.5558793699200617,-0.5860679803461941
371999,3.916540268619136,-0.6541050622542195
372298,13.00200304640099,-0.24959311501435533
372599,14.307103850669083,-0.26800875163246785
372899,8.564101402563605,-0.43071565412327906
373198,10.719092355444722,-0.3070177495298876
373499,9.494697849076049,-0.511534075218129
373798,12.223112822727128,-0.3171497887695516
374099,7.630417421615401,-0.8023163339930586
374398,7.365754709881604,-0.8733011171881631
374699,10.877702030691788,-0.6345261246385236
374998,6.795884386411697,-0.9353855148146257
375299,5.791249478408488,-0.9186418860800671
375599,6.00933163838997,-0.7605919135703301
375898,7.970973023599198,-0.8113594325980933
376199,6.231583092633025,-0.8413496324106235
376498,3.9088267561677474,-0.6723975467705812
376799,5.886008795052901,-0.6319816585550815
377098,3.091175677945525,-0.4809300947084105
377399,3.2881539197233023,-0.5163973904315369
377698,2.400614447957099,-0.42755587611267054
377999,1.7543151795867287,-0.3269097782962276
378299,2.1337560058506178,-0.40431240393444523
378598,1.7339397770242289,-0.2956914548846159
378899,1.8720370151694834,-0.33962139105235023
379198,1.8749849225537747,-0.3491555904899144
379499,1.8568534087330641,-0.32242000831230033
379798,1.8760939437145454,-0.33272801443647104
380099,2.3131605309992676,-0.4147216202768942
380398,2.023217244867323,-0.3618728629159307
380699,2.1513019632006567,-0.396481996023212
380999,2.228805176598805,-0.4066991502809787
381298,2.194412196707601,-0.4090502813838388
381599,1.835532849781675,-0.3261590618881276
381898,1.8338719600779716,-0.3674002381042121
382199,2.2513614295617677,-0.4134685969219436
382498,2.280927412464546,-0.4319321623460983
382799,2.3287364064413976,-0.44229012881215457
383098,2.6422401883048234,-0.4437890226907695
383399,2.4324982991427855,-0.436722040038797
383699,2.7399572457145456,-0.44157621860926266
383998,2.6270143175085265,-0.43672563826597033
384299,2.6903342421682495,-0.4287891479195598
384598,2.9332299513187117,-0.4081734924396354
384899,2.3117445556312117,-0.4082657463145585
385198,2.3228269612747305,-0.40118641267109423
385499,2.173360316003897,-0.39076989276065177
385798,1.8865182609719457,-0.3871409139616111
386099,1.746525201055978,-0.3825442007689166
386399,1.6853902052289242,-0.3968142001394228
386698,1.6293748338823208,-0.3713859584873218
386999,3.9559879947968306,-0.335730567123373
387298,2.3082687248882547,-0.3512981659834933
387599,5.929644959505164,-0.6078851692914
387898,14.411938138570523,-0.2177989305532244
388199,1.1637996852742218,-0.3007182260800061
388498,1.5605239886850217,-0.30869271859727276
388799,1.3325365031492218,-0.3129838419989963
389099,0.9484922367996848,-0.21380662461924582
389398,0.9854512751790957,-0.24811218884414132
389699,1.1655121267821678,-0.3085877875335661
389998,1.1062798146119661,-0.2853296396773166
390299,0.9395456653619659,-0.20793645466189115
390598,1.2659466163615305,-0.2899192452264159
390899,0.984847864834978,-0.24318745818119814
391198,0.9041062123082898,-0.1305240602258224
391499,0.8846730878985674,-0.12480712544786021
391799,0.9053287701508823,-0.1206423410500479
392098,0.9249127642624102,-0.052721861070682996
392399,0.910915671593429,-0.07145520630819169
392698,0.8146855143179658,0.04283868328065432
392999,0.8146310551165771,0.04051583475396081
393298,0.729001706401299,0.12837858488670373
393599,0.7225496240338364,0.1677235054619064
393898,0.6541251862602729,0.264258892694635
394199,0.7127156333731833,0.2381107277772172
394499,0.6875089704162963,0.2353281882964463
394798,0.6425548639764815,0.27045030610463316
395099,0.6316691228181434,0.314849241844144
395398,0.7486769402329105,0.18412756023822452
395699,0.61163790792231,0.32293096706282265
395998,0.6066606232047174,0.31761953549678734
396299,0.6178061137424655,0.27816179743274994
396598,0.7274815326049993,0.18524997862862425
396899,0.7435923226059266,0.1847164494543707
397199,0.7337025132040202,0.18374171717670773
397498,0.8120817193403876,0.12574039406180026
397799,0.7401156140712043,0.1890958198540672
398098,0.7242610767471764,0.21248801307022203
398399,0.6981714809746469,0.22445173116981687
398698,0.6611161653498537,0.2586165769739296
398999,0.6514595402056218,0.2922915051071412
399298,0.6685670770643405,0.2049102901625489
399599,0.7328404346102217,0.12320299299980886
399899,0.5315949077470953,0.3547902407042639
400198,0.4436728861632695,0.48912726370059534
400499,0.9199642222514292,-0.13571197060214368
400798,0.6010179096989225,0.12000722894877058
401099,0.48857960579483645,0.3752980525487253
401398,0.5012247726804795,0.35727832945049
401699,0.518318881197614,0.2958032587722279
401998,0.4606586571040906,0.44099022360809537
402299,0.46397204685370586,0.4053720253301123
402599,0.4634583812643977,0.4307424893762982
402898,0.5248528308723565,0.29224907630665065
403199,0.8943809903004537,-0.26957717367740597
403498,1.0034615648744558,-0.32937020866473365
403799,0.7235969434578727,-0.031181782743531894
404098,0.7814030314864285,-0.19575335434521457
404399,0.6001967740663785,0.03943540791299294
404698,12.60546268448224,-0.5155991695843753
404999,42.15785060558005,-0.21712093168044788
412198,2.589435020313239,-0.30620749776513256
412499,47.16831510166463,-0.5572460654206033
412798,51.6101039122225,-0.7784426959075024
413099,33.72977571985445,-0.7598913849157971
413399,38.82059888907201,-0.5873136301349358
413698,14.516381067940891,-0.7775246324488148
413999,11.602320768045065,-0.8011136216529602
414298,13.432766526220988,-0.7823806706882801
414599,13.360128290508234,-0.7977393658856065
414898,10.748310324637655,-0.7005496695697861
415199,11.774717857191101,-0.6831416821633984
415498,12.2673740400983,-0.7866183387360166
415799,15.680581457450366,-1.054957896418581
416099,62.264400839153055,-0.6002311410315126
416398,7.433776848890163,-1.271187607029257
417299,2.8241129464612245,-0.2680748023205519
417598,57.04285288498407,-0.6597119625198351
417899,1.2383125997876088,-0.24188188645182662
418499,1.7622010004897446,-0.2714825481404364
418799,0.6959448393382746,0.4306200903618794
419098,16.25608197513341,-1.0811262550020269
419399,4.316574382906702,-0.7755526962499655
420298,1.0283576049549348,-0.5545533176974033
420599,0.9055739687713091,-0.4812744569646301
421798,0.8405291848424036,-1.4830165457542401
422998,1.1608358810345332,-0.4112027365857047
423598,1.390370517975921,-0.21906251510746433
423899,2.3880654416337466,-0.2799900295020197
424199,21.5400896472674,-0.5143494091672709
424498,11.117424486013498,-0.48751579472711404
424799,24.81140152715629,-0.5778531827212146
425098,22.868029389973415,-0.5558136127162028
425399,24.662407863711838,-0.593845089841472
425698,29.407729397211842,-0.5399952933954353
425999,24.903804799281286,-0.7062905770292658
426298,25.64844741711694,-0.7930159232147076
426599,22.165658965153973,-0.7256646712253232
426899,19.555445888621566,-0.675039335738123
427198,23.280539047362307,-0.6153327738757852
427499,25.28226347876971,-0.6262610069021011
427798,23.175509014531286,-0.7575832781658254
428099,25.565551897728042,-0.6323038399511083
428398,25.25398807712388,-0.7261557056333803
428699,14.74324799115471,-0.5550617229679973
428998,24.407624691443324,-0.6373447376083157
429299,27.574816013790546,-0.6442660603936015
429599,21.495947849158608,-0.6387857866893709
429898,29.966303398973416,-0.6599993867189402
430199,34.13594535607295,-0.6287735309748708
430498,34.61964435899425,-0.510914419406556
430799,29.714653074177118,-0.5101498957954509
431098,36.222269289883144,-0.5501221393671114
431399,33.061421821445634,-0.5878579997782709
431698,27.808619673001193,-0.534074326772126
431999,25.33258504172342,-0.598076626747871
432299,4.642580116836548,-0.3879873843388577
432598,7.803151073191464,-0.4136836108344528
432899,0.8386241119818189,-0.46302413715492774
433198,1.9961362919392647,-0.2667053953430891
433798,1.0544193976117118,-0.338756160794099
435298,4.215771278051459,-0.5273824151017332
435599,3.1870395084281906,-0.5058380897592449
435898,5.597716338826922,-0.4981148211111972
436199,2.5489273882654713,-0.4771514682425182
436498,2.8294854423587457,-0.4624190978442475
436799,2.085930771334916,-0.43573376115216234
437098,2.595472308752264,-0.4840100288596183
437399,2.177082180543249,-0.4518111510901839
437699,2.9656361393997304,-0.4506231048170841
437998,2.6840171459681263,-0.475082133535355
438299,2.4118890875988046,-0.47335235531693254
438598,2.177464926214545,-0.46210967455556573
438899,3.4924440444898233,-0.48204440969352214
439198,2.1544390840224157,-0.44475429328590854
439499,2.438173244691397,-0.472842606373717
439798,2.0699073059668596,-0.4310555201013422
440099,2.1169746071451008,-0.4335948027708978
440399,2.7202713448094524,-0.5085175519775853
440698,2.0129088274321374,-0.43124747634489435
440999,2.052240760443712,-0.4295599031610613
441298,1.816003642969175,-0.3820529622812503
441599,4.791995646358611,-0.38360917528188354
441898,2.806464322634793,-0.4931662684171232
442199,2.1186208145733416,-0.3752370464543133
442498,10.583492147357012,-0.24290148297006886
442799,9.062381927412567,-0.1548304800905589
443099,10.387072153215625,-0.17363458992967384
443398,2.0148287028355982,-0.2881119011093496
443699,2.017906031891153,-0.3157669831043213
443998,1.8956901604281902,-0.26478709652083077
444299,1.8671746132297002,-0.24040011367470204
444598,1.6087668429552862,-0.15806044937241848
444899,1.8391452366996086,-0.2316690086873403
445198,1.6851418180445157,-0.17412079034946437
445499,1.4999374637806269,-0.0973705936218674
445799,1.3734639442151302,-0.06329800413621034
446098,1.3195977742320157,-0.026662266995630235
446399,1.1725643527591112,0.044535651238079677
446698,1.362999499525997,-0.05120089680523687
446999,1.3392940547528491,-0.034259620832274296
447298,1.347097695329206,-0.022176291340956666
447599,1.2843963138060577,0.007686733827511061
447898,1.3380843543569838,-0.020825616195106367
448199,1.447673063815317,-0.07683701830378542
448499,1.3708220607643908,-0.05073526834114306
448798,1.385630960727354,-0.018809928773802165
449099,1.6574702125954097,-0.12556425329793752
449398,1.7772814922325622,-0.18102378945003084
449699,1.7487040630797845,-0.15342772262407234
449998,1.7705940112626548,-0.2021291955342548
450299,1.8694508234524696,-0.2426580988348357
450598,2.8463527188714504,-0.6167835358306955
450899,2.329498808790433,-0.5376900364606527
451199,4.115442762271914,-0.4806247136156492
451498,2.3116926352371916,-0.4017352946428303
451799,2.3741039811121913,-0.41952434436128083
452098,2.4515544367533955,-0.45008482651497417
452399,2.416642968785803,-0.4913360969217868
452698,2.49033341994784,-0.4790725346302569
452999,3.074208727802007,-0.7938130340342757
453298,2.3677450380635805,-0.508573750149258
453599,2.6682604123853406,-0.5749990035183743
453899,2.378795841459414,-0.5166206231679298
454198,2.550542599077469,-0.565419176380692
454499,2.660784167262655,-0.598239757195
454798,4.113106663843673,-0.7772447790279964
455099,3.0927753801723763,-0.777460155734921
455398,4.96364918162929,-0.4879035852231648
455699,2.91980136388534,-0.7693870703526171
455998,3.532515392396914,-0.795631043606402
456299,3.6590201108714515,-0.8134453849515688
456599,3.0181106871492296,-0.7735369802299072
456898,2.977378379771914,-0.6706323664827718
457199,3.460291683112192,-0.7683643607184913
457498,3.474590512769599,-0.7117552165964054
457799,3.9749949212117293,-0.8497852593444739
458098,3.824020748600618,-0.7897978313753131
458399,3.5157781821932104,-0.6682150398310114
458698,4.206877542107562,-0.8546241112706272
458999,4.0346407034779315,-0.7709700020007817
459299,3.752422921304321,-0.7306306305209602
459598,4.103745940489508,-0.6802938549550455
459899,3.7877629718645074,-0.6671163648757894
460198,3.8948376922464507,-0.6691785148940397
460499,4.1472769002140435,-0.671611842777363
460798,4.305947805121452,-0.7035011005167884
461099,4.564790772165432,-0.7373139800113095
461398,4.91962637625571,-0.7485858174162052
461699,5.3499361334547855,-0.7305199094010002
461999,5.865748815473303,-0.8236458049249633
462298,5.510406422181636,-0.765056694132112
462599,6.394407855748765,-0.7942879296575578
462898,6.268449196961729,-0.8417808238371689
463199,6.27210251243395,-0.7735611858354543
463498,6.3683510408575605,-0.8251632138699334
463799,6.928389039808951,-0.7814194671159391
464098,6.642549081910803,-0.7775026462431456
464399,6.149075752521914,-0.8005582650569236
464699,6.9168653668413596,-0.7902876186085486
464998,20.449829055747966,-0.4233151977566598
465299,5.946709064720988,-0.7486888172240609
465598,5.998584608693211,-0.758859634067812
465899,11.807917254385547,-0.5721524735413313
466198,8.201869535247553,-0.9532021701999751
466499,4.506672883262654,-0.57407970463078
466798,7.411999331979524,-0.2539888194877662
467099,12.072535493484075,-0.4882289299484084
467399,23.312086871157685,-0.40312934744729767
467698,28.198009129620647,-0.4742198605443184
467999,8.87832276887294,-0.6522235774726579
468298,8.491897247304529,-0.5048626434774508
468599,10.33878654826648,-0.5467146669148839
468898,18.259304721447037,-0.4308303009221366
469199,40.73747979945861,-0.46704126595231754
469498,50.614207667627596,-0.5058690177813663
469799,24.697529865747963,-0.5999216297317587
470099,20.051953239285,-0.6147108067671356
470398,8.961134234936473,-0.7263410633882286
470699,21.77572688651185,-0.7624462231938971
470998,16.66493595735355,-0.4474573636289272
471299,9.094996288940896,-0.7062804652417085
471598,7.22528742602828,-0.66646836962331
471899,3.6336093476458435,-0.36645164717671075
472198,13.301658959628602,-0.4579317228929296
476398,0.823751732886286,-0.6782138257343091
476998,13.540403091726576,-0.6725660769858539
477299,5.219024801716358,-0.3599887068161811
477598,5.863435576174934,-0.2718740902675332
477899,2.394084218640471,-0.44749559166533937
478199,2.314682715302508,-0.42428769363543584
478498,2.2360181789506566,-0.4203390728029035
478799,2.234316090242323,-0.43166251324861116
479098,2.038773458274731,-0.41776435874416373
479399,1.8552800870177864,-0.403751467792989
479698,1.7855056484259089,-0.39666310475666955
479999,1.6314996250409344,-0.3366740578236165
480298,1.6561727347724158,-0.31882058055682516
480599,1.6903872275038971,-0.3268640715546569
480899,1.3751337049757109,-0.18601836362423274
481198,1.7904515957099159,-0.3252027797571351
481499,2.2671642087036528,-0.34323947427776713
481798,1.791806696309453,-0.27958320920947766
482099,2.0406559258719525,-0.3455060531841678
482398,1.8832145476034343,-0.3125517164143887
482699,1.9178226496150081,-0.35691503276867875
482998,1.7239007502654713,-0.19800746156978377
483299,4.575580381080286,-0.5059165810897415
483599,2.019737538638156,-0.3312561797115743
483898,3.041872492198342,-0.5227907865687846
484199,1.9629166580884976,-0.3233826364101686
484498,2.2318109368372303,-0.49640230110179506
484799,2.067977398009209,-0.4630977972322827
485098,2.4132909725636127,-0.5287854311914293
485399,25.345513213422773,-0.328458421229062
485698,2.7713684844062505,-0.2517977716176454
485999,58.82585968571786,-0.4798137267717342
486299,53.628896615759544,-0.5650192802528704
486598,28.725111528683144,-0.5727107663612385
486899,40.98373914315303,-0.2262183436549634
487198,38.44252864012742,-0.22390927250259174
487499,29.609012886915497,-0.273181012890344
487798,29.423454587993106,-0.2950664718697109
488099,37.022098298409105,-0.3603468937754828
488398,44.205286731150736,-0.4195518439294077
488699,50.34230279779777,-0.34527843902771216
488999,60.09743085043988,-0.30408629374509055
489298,40.654312268010734,-0.36466019598107646
489599,42.126035652510744,-0.38696980242812273
489898,55.101167737391954,-0.35715611347754894
490199,56.121544761523396,-0.3005076528005366
490498,48.041641139777816,-0.36587786240988707
490799,48.45933812317597,-0.35538491015902474
491098,57.58965480561975,-0.37145910481340394
491399,45.730481600911425,-0.4414023405904368
491699,42.706599532009506,-0.4180853768248063
491998,65.76343070707347,-0.39969265713880353
492299,75.81128780059284,-0.5079267298291992
492598,95.39088945907577,-0.35691914377783074
492899,71.61107583150721,-0.4235823648456125
493198,19.299578815723542,-0.46237494581344407
493499,24.111222832854477,-0.5562728139894391
502499,13.36605527678179,-0.660201443400243
502798,5.295744661401544,-0.608528537264931
503099,5.7804991734339515,-0.6058981685580374
503398,7.711913270065894,-0.8129213573773089
503699,5.504088906748765,-0.6871708419049658
503998,5.6125849940381185,-0.6487944129246279
504299,8.9301032068321,-0.8330960051520919
504598,14.266072682343674,-1.1932297167371746
504899,41.31178420823639,-0.8022975599100157
505199,31.25366554367389,-0.6244930895686012
506698,2.340376396685718,-0.49870913748502566
525899,5.159681045778312,-0.6093876577565858
526198,4.979431687808405,-0.52336260028955
526499,5.698993770317664,-0.458513972831039
526799,4.820955142153859,-0.4751008140317927
527098,4.1200066270792055,-0.5957335636275707
527399,3.463120161599486,-0.5558808220119786
527698,3.3563361880809683,-0.5351464183048082
527999,4.648269479863377,-0.6584599826329702
528298,3.2106642857268013,-0.5554025626521624
528599,2.9739960959559677,-0.5447473438894705
528898,4.905573422849486,-0.6788122624649806
529199,18.52020886173971,-0.47662421323202
529499,15.544908446792952,-0.5072269676249423
529798,3.4170767103477564,-0.4693960582463017
530099,9.393979481472565,-0.541389912706973
530398,18.2595978981446,-0.37120863524252234
530699,3.641999086894052,-0.7358073092380384
530998,2.211837784235379,-0.37959396114918564
531299,3.0854681122337455,-0.4876876334118272
531598,2.6951307074189312,-0.5101175483907436
531899,4.2590063883622244,-0.5082744259548424
532199,3.317037596442079,-0.3142904796360837
532498,3.4535558769889536,-0.3314653820814657
532799,3.130022509321709,-0.24948574418050984
533098,14.190982629629884,-0.24655740378869062
533399,2.1660917749837463,-0.14298929943416105
533698,1.6195390889738048,-0.022783288249802913
533999,1.7059262049159338,-0.07180939208191006
534298,1.7617695020525082,-0.0706048638968988
534599,1.8734579795316755,-0.09610140674643053
534899,1.6308063856480979,-0.05149405842271859
535198,1.981693130305505,-0.13939273589178836
535499,1.675061309729116,-0.042046623717970855
535798,1.5311874611018013,-0.011874904587759527
536099,1.3762769539943889,0.04212037007043201
536398,1.4991993571625712,0.0009370821947297658
536699,1.718206331354701,-0.17810688952365838
536998,1.4887999756324786,-0.02430994515805729
537299,2.735004519086729,-0.529733504845439
537599,8.042901311259243,-0.5492267503935866
537898,47.88925035626055,-0.857385668079153
538199,62.19609599764711,-0.7966275713873034
538498,66.00951780366103,-0.7657552697258734
538799,74.99713741613533,-0.6563756305668411
539098,66.55004810861007,-0.6634971041325224
539399,41.834967252649434,-0.8313112879645908
539698,45.20685985746425,-0.9083174885873684
539999,64.39253556358463,-0.7608753596213755
540299,2.721449736153549,-0.4013183757809433
540899,0.7510813482738476,-0.15201933770439946
541198,0.9288310794688238,-1.2182801122477476
541499,21.537289956967133,-0.7065868006900515
541798,17.294514604612395,-0.6743896519945463
542099,54.520348969322036,-0.5594424764106722
542398,32.72430815820398,-0.5425293595224134
542699,9.717611614386634,-0.4013546073114376
542999,5.132918528730247,-0.2252759666813242
543298,3.3733039320010803,-0.26422759900582404
543599,6.5294681520336955,-0.2316700102380007
543898,6.37413740335314,-0.2548992636367542
544199,1.4615425084478402,-0.24022799387392024
544498,2.6893542716307106,-0.5687022341491774
544799,1.7129837681839513,-0.44537943961266135
545098,1.7749108377024696,-0.3485474631469949
545399,1.6575655857186733,-0.39918080584622184
545699,2.778422811082099,-0.22784694560466257
545998,2.508125815892284,-0.4369953580828363
546299,3.5097438924154325,-0.3287742514153509
546598,0.9663723782871867,0.12069804894160241
546899,2.6153169408158954,-0.45661297092095254
547198,1.385622553869136,-0.27224682917294274
547499,2.0186156102047845,-0.5291936673601647
547798,2.2967554889570994,-0.5553906866849523
548099,0.9516945659177473,-0.08178667426725217
548399,1.1294962921971754,-0.06171408639702691
548698,0.8400713334541198,0.11988679827754134
548999,1.177168834396914,-0.07981747674035855
549298,0.9117578783853398,0.1600881541612088
549599,6.421893676936266,-0.19921405355449529
549898,1.524552832984877,-0.25711859985394936
550199,1.1919133305496918,0.040963405328838465
550498,1.2650905973043214,0.008996135998786237
550799,1.133350225177007,0.09002637035995609
551099,1.2347135344038587,0.032588407142228326
551398,1.3170237590288585,0.016730093430030513
551699,1.5472752168621917,-0.1291025280056266
551998,1.5162195795589508,-0.08229067711148841
552299,1.7926583174501545,-0.19225884755906053
552598,2.0563204606260808,-0.2604493945762134
552899,2.310186590357562,-0.3236630137899408
553198,2.6453112057458723,-0.41988635020140275
553499,2.6970770183639288,-0.38760472393651724
553799,2.7291778036301637,-0.4056739899684867
554098,2.938751265965812,-0.4627595810955938
554399,2.9404794871648865,-0.41730371931662713
554698,2.9765888227922006,-0.4149987924943299
554999,3.1474384209935895,-0.4621416535421905
555298,3.2491492863523863,-0.4875101101082664
555599,3.5612498970028494,-0.515565602314791
555898,3.542939171819979,-0.5233516437238452
556199,3.5729312891394236,-0.5176438795025842
556499,21.386671591080567,-0.2549731008213303
559498,0.9447410742451814,-1.9205794386974842
559799,23.812141210432593,-0.5594811473204837
560098,13.771959362281368,-0.43083698507968915
560698,1.3531424611433294,-0.27365903803800107
560999,1.267225338585459,-0.6480713176463238
562798,24.397238829943408,-0.45422481916906676
563099,71.3321391299002,-0.4951194397608256
565498,1.7059691946003188,-0.29699117261121954
565799,3.747606315597172,-0.5415766047342516
566098,3.091780523906676,-0.5527034903279311
566399,3.120425224564082,-0.5502226060567554
566698,3.0902791395154714,-0.5187959106179323
566999,3.2677081440687115,-0.5118842131392312
567299,2.985163370138156,-0.5022883574605066
567598,4.995242193965812,-0.42053201809719676
567899,3.9830052259681263,-0.47984148092839995
568198,2.424686757001582,-0.4733873191200133
568499,2.407598483323342,-0.4872388840659956
568798,2.226064512235379,-0.4361802632982257
569099,2.0850831651636192,-0.39021758114359484
569398,2.462126174756212,-0.5856274232228678
569699,8.556428954361671,-0.29957724129463337
569999,3.6021780201312117,-0.2767542597032153
570298,3.338783373571027,-0.41083158455443125
570599,2.3968604812538974,-0.37759565027048847
570898,2.2295990337006573,-0.2976266417271325
571199,2.2637068747823568,-0.3260947243726633
571498,2.3597640097383747,-0.3116251080427299
571799,6.182457687748799,-0.5237651474157674
572098,2.6353873828448564,-0.4225680858360912
572399,3.2926430729837453,-0.7257435300110167
572699,2.4376728433610606,-0.29518394629192235
572998,3.7919498421156885,-0.5001275319720118
573299,2.7557339696180048,-0.469262369636001
573598,2.9783552878610604,-0.6579273493249345
573899,2.7412196037320093,-0.45596509820825304
574198,1.9176528964219477,-0.16649859356515484
574499,1.9764416470802857,-0.18561713362024812
574798,1.7077684474761194,-0.10244710027782622
575099,1.7348115105478785,-0.11649584197892504
575399,2.0572708653650085,-0.27927161382944177
575698,1.908201838929823,-0.20069754091557557
575999,1.5766671799113048,-0.06798150492943589
576298,1.5679538146937124,-0.0705197671197415
576599,1.713219051605749,-0.190963945529266
576898,1.3455129062955637,0.005873381707157899
577199,1.619621762371953,-0.20262156853151558
577498,1.2372826648372306,0.030516051292801216
577799,1.1636875731080638,0.07830071604577105
578099,16.698902699613484,-0.4027812419012615
578398,11.056215249016425,-0.400599382354925
578699,8.854610843888475,-0.47759285555537945
578998,76.00452983178269,-0.3502925007226225
579299,58.94313597349614,-0.3202703368105855
589499,7.298950888964937,-0.8623750058478312
589798,11.57425885011139,-1.1571079736618315
590099,26.029204176694726,-1.2421089542854165
590398,22.44419416896787,-1.3145815101736242
590699,19.054062162197035,-1.3850453069156483
590998,6.078342461396914,-1.0457439642728246
591299,5.9783673863783955,-0.8615970310851311
591599,3.467305144517285,-0.35756931313297846
591898,3.263463012204785,-0.31047533330023125
592199,3.8107158253205244,-0.5218469824299463
592498,3.744178088308951,-0.7009711633983962
592799,15.524871455788116,-0.9932929816128468
593098,16.205082917019805,-1.3279656400679407
593399,3.707037346421246,-0.46959490747550636
593698,32.69115520446785,-1.184190158097334
613498,0.7516783546919119,-0.056182027574288584
613799,5.5395777416990235,-0.6973070237854713
614098,11.740670138651545,-1.2270133122104903
614399,3.335781104192079,-0.5531044238493279
614698,3.2052836531643014,-0.5407011917479247
614999,3.426640293124949,-0.5397751605186916
615298,3.3902067184814313,-0.5351140103398544
615599,3.317103188036986,-0.5309753671121638
615899,3.0721850665508748,-0.5290400305573162
616198,3.125777564402531,-0.46626752507577907
616499,2.885703117700657,-0.503474785256409
616798,2.864370996562449,-0.5587053244420894
617099,2.79168415821686,-0.5528643086613332
617398,3.7660253455252835,-0.4609891641436996
617699,2.1917148157376936,-0.329217544983859
617998,4.196342802320525,-0.6403614227383858
618299,2.3099707491775083,-0.3713534011078925
618599,2.727766185542201,-0.5779530954922176
618898,2.3020901652909345,-0.3588390087574136
619199,2.379392400494638,-0.37845672833866106
619498,8.210251799923888,-0.5805038550523378
619799,2.1379731028071376,-0.29968683859537504
620098,2.2032619053425417,-0.3046845335954309
620399,2.4858068165624494,-0.4358764575546026
620698,2.1558840948749496,-0.3389500249652069
620999,2.6387643105794223,-0.4858146561148331
621299,1.9253380032337455,-0.1711569271356317
621598,1.8230568926573565,-0.12276393756902881
621899,1.9712071714443935,-0.20881008923310662
622198,2.0593925926365233,-0.2508060089276849
622499,7.675776549271944,-0.6064505814206287
622798,1.808440977148682,-0.12366439159870124
623099,6.466797807710598,-0.9729946018406743
623398,1.774588791213497,-0.10676661362370976
623699,2.289798751637108,-0.5527449389110739
623999,1.7155991965607194,-0.09909090950504473
624298,1.8377108840306267,-0.14228320776123593
624599,2.0331664907505345,-0.2136860300920207
624898,1.9577519345884973,-0.20083761401359168
625199,2.0114400099056264,-0.19458769269503184
625498,2.1448351070884972,-0.27626725801732066
625799,1.9877925078338352,-0.2025552702503739
626098,1.8373087739958724,-0.13372073638962445
626399,1.873976936694947,-0.16082059968070928
626699,1.8440097888685578,-0.21001651406169963
626998,20.37932794872562,-0.33917951440453376
627299,24.105686185781174,-0.5094861952988947
627598,59.733033068507225,-0.8665946657968695
628798,29.453045719487804,-0.5072040864272687
629099,11.883411051230246,-0.16916349378188267
629399,7.908112716586729,-0.559508205345354
629698,25.595318687880738,-0.9181854764018857
629999,27.740087002810437,-0.7640831766409053
630298,24.92803431837528,-0.7049318240789504
630599,0.8309817260578439,-0.35588521259157435
631498,18.517112194979447,-0.6694250740106562
631799,26.12169397066926,-0.5732707261419199
632099,13.69779856881972,-0.9275061835808629
632398,26.38418706912629,-0.39409878030028866
632699,21.836720910391453,-0.40324629699818115
632998,16.770640036360085,-0.7562769550092905
633299,7.77523436768395,-0.8638599572978005
633598,5.008342220714043,-1.162477995411317
633899,24.731264192787293,-1.2923501979778584
634198,4.428894528177007,-0.9248011684547501
634499,3.18648813338071,-0.8063785932572247
634799,2.81644418569784,-0.8623735772187002
635098,4.17442921226497,-0.532419433208899
635399,3.09377735151497,-0.8708236696573681
635698,2.291227410876081,-0.34089832962516775
635999,4.5118815848506175,-1.0073825185293774
636298,4.322016432533488,-0.9543911754534358
636599,8.503591566079784,-1.092503309207007
636898,4.322509269607563,-0.8855340096202657
637199,6.991238620966566,-0.8771694801596708
637499,4.83152992081821,-1.0109922198909316
637798,5.278933641896913,-0.8354823569780199
638099,4.056788961256605,-0.9391902852968821
638398,6.495027849378396,-1.1121669332627406
638699,52.46795439197018,-0.41146056916290674
638998,128.8534670771623,-0.11536770982584565
639299,4.647611372283489,-0.3509605774772946
639598,0.7148893386643255,-0.2844650523700658
639899,1.1283629955250807,-0.014150856147568946
640199,3.2198988894640435,-0.6725142395361565
640498,5.43953814100571,-0.7265057071928984
640799,7.254791399922378,-0.49302952951148504
641098,4.495910113984877,-0.6490864511347285
641399,3.550238522704785,-0.7085689644102298
641698,6.277770602887655,-0.6460112560502844
641999,4.479475219315332,-0.24942189296693607
642298,2.8569320736352557,-0.2962106984063133
642599,43.55904084162528,-0.5609369361209289
642899,81.6033493661114,-0.5805127728523942
643198,3.9501238375612524,-0.7896087410004164
643499,4.684089217477934,-0.7511052705123753
643798,5.58483387294784,-0.8375694856375486
644099,6.9021923280728394,-0.8083005011048885
644398,4.863725442047379,-0.6125142192905872
644699,4.637843932170061,-0.553427935132716
644998,4.864391401519599,-0.6030502724870968
645299,4.909878691151544,-0.5517410645933978
645599,5.92278059406358,-0.46594744956371437
645898,4.632383824341359,-0.49762096906940423
646199,5.969357601163119,-0.4694894198868267
646498,6.448784763799692,-0.5030812928569666
646799,7.283744623822839,-0.52870046896741
647098,8.277954463237192,-0.49990850383669794
647399,7.959697081494137,-0.5275684562089014
647698,7.8168265902950615,-0.5087828616122121
647999,7.442305525716358,-0.5034022429138505
648299,9.150564995901544,-0.5422592553894261
648598,13.162801340792955,-0.48089439606270457
648899,11.736828273320732,-0.5022175422687494
649198,9.847302316579992,-0.6573057873441994
649499,23.63691244865175,-0.27126566714516387
649798,38.59157568912756,-0.4240708661686179
650099,26.62496268079527,-0.49039413317133396
650398,52.50298810146787,-0.4452080891795034
650699,39.735650074497066,-0.41317452235574725
650999,45.22502610753138,-0.2994692976160136
651298,37.750178702045275,-0.38855166587702694
651599,4.46628958910863,-0.16479441319499388
655798,8.874841056575157,-0.4258934922542772
656099,7.315823347980248,-0.37511713197739516
656399,6.900715801095988,-0.4156103031842069
656698,4.069717525425876,-0.5903578543577424
656999,3.8013859290971714,-0.5945824698799178
657298,3.64120774217646,-0.6125820198124792
657599,3.371901642108745,-0.5557403030382282
657898,2.82331171965899,-0.4838306330141504
658199,4.559933746790934,-0.5992652373234848
658498,7.85274783796223,-0.5548025586912941
658799,8.154704462426663,-0.6221402379305003
659099,8.049606199775447,-0.40232868165340774
659398,12.78651602183563,-0.4635737788609562
659699,9.244639449141184,-0.40935400254218535
659998,6.543200072967575,-0.5313358567417483
660299,6.863520100619637,-0.6836240770529856
660598,6.620789962179823,-0.691070473692504
660899,5.853954674513156,-0.6730889285820831
661198,5.532298252219174,-0.6905000937996852
661499,5.457330522978435,-0.6470376474509243
661799,8.375544004498213,-0.8239582989246583
662098,7.564270561827971,-0.7631221794916099
662399,13.957847643911009,-0.652937687338921
662698,10.225872186313612,-0.7167602768079617
662999,11.192979596111636,-0.7334456846632256
663298,12.684647646089253,-0.6715390952268758
663599,19.44347522307514,-0.6048528926450725
663898,20.059165230413818,-0.6833609667035552
664199,21.340801046740207,-0.6754314879753986
664499,24.847404568551674,-0.6231866161806523
664798,27.315330840572962,-0.5762151384600716
665099,21.82399685541258,-0.6661678300589906
665398,35.729355672800466,-0.5365072243930726
665699,50.528124701378104,-0.6749639211303375
665998,63.869159749681835,-0.5627444513167397
666299,64.86810905733749,-0.5081366803376048
666598,53.11811350489016,-0.5489942257502016
666899,59.70903659456841,-0.41863202380943765
667199,28.67603562882023,-0.4422988679257025
667498,32.91525332325136,-0.5012107911120238
675299,20.480581851024432,-0.7835778887054845
675598,8.245170592908487,-1.2129449258963891
676198,4.724768375952501,-0.9202209774342609
676499,10.054094207227932,-1.1225589633180242
676798,17.48982988766101,-0.9937096751228529
677099,21.037046117079992,-1.2683950400451005
677398,12.832410278781381,-1.5314396213763186
677699,11.742108534056635,-1.1199598737023906
677999,9.074420973702676,-1.3820630918757724
678298,14.522816408691105,-0.9950991632109989
678599,20.756048534931637,-1.0265269482220822
678898,3.6794214971307104,-0.8093793378204639
679199,2.9375372111862657,-0.4461939478126635
679498,2.9953118729038586,-0.5176426356096995
679799,4.628202319216358,-0.6801110840327536
680098,3.133075664595988,-0.4211459513428948
680399,3.0693322838876553,-0.3796120182722089
680699,3.346434127012655,-0.4395122686070827
680998,3.7513632708807103,-0.5347364299308224
681299,10.275615236811474,-0.6943864861927276
681598,5.842184477350617,-0.8925386080754731
681899,15.57638017115638,-1.1568852833612882
682198,15.304473387033697,-1.268135484402805
682499,4.6037368002376935,-0.6661704350436042
682798,10.120055445716975,-1.173649856718339
683099,3.0800080723719563,-0.32926403571520146
683399,17.921643828142493,-1.4569044609038544
688198,11.58094690836219,-0.47951040485545415
694199,1.003728934499811,-2.713091702382049
696298,1.5950783703495477,0.031020862116942327
697198,9.023973034089252,-0.9398298673598102
697499,23.808691074121448,-1.2369934134035678
697798,10.54706842623896,-0.8932646271844948
698099,3.5738410592273535,-0.4721498907848496
698398,3.94243268715328,-0.5187522122924344
698699,4.231152237190317,-0.48288500572812443
698998,4.430375780977354,-0.5610878933146055
699299,5.336284867549692,-0.6698473616682454
699599,4.46022118391254,-0.5350427196051681
699898,3.9402504227018915,-0.4570882652290007
700199,4.1142262712018915,-0.4591763135018725
700498,4.690556695514392,-0.5511561159833485
700799,4.977692419789854,-0.5519338752418348
701098,4.886532173634761,-0.5724713120522575
701399,5.041152986671798,-0.5713190582021319
701698,7.295629090427007,-0.7724018910059913
701999,7.70691549971173,-0.8198267955370249
702299,4.8085026927927474,-0.6078181442101522
702598,7.724273240514969,-0.7834707432562666
702899,4.353722662235772,-0.7982678575904447
703198,5.488085395634762,-0.8810250457984883
703499,4.376479615699576,-0.6852582354753611
703798,12.59031574418858,-0.9310461236954097
704099,7.161361299433953,-0.9300232923977172
704398,7.331076202880713,-0.8829383162142392
704699,3.4146161640537427,-0.5697629956846832
704999,3.5547722374194834,-0.5934840189158821
705298,3.853699765019021,-0.6441289076270096
705599,3.578998741616243,-0.5399226072492733
705898,3.468399908729669,-0.5150585673802521
706199,3.435399521174113,-0.5086853956038206
706498,3.208362724144021,-0.4443974292826942
706799,3.3716669450329095,-0.4689703356362267
707098,3.2421699524727248,-0.41082617263027443
707399,3.3793881104657806,-0.4312116508371451
707699,3.528347055396335,-0.46535516872105886
707998,3.323305744319947,-0.42844364176337235
708299,3.647307860150965,-0.48426927034161005
708598,3.253684155500502,-0.4098338946683928
708899,2.8508970424032802,-0.4354270691821185
709198,2.961309827743557,-0.45405379860316475
709499,3.018976666498188,-0.4611120810859015
709798,3.0727800402829093,-0.4491601999189301
710099,3.134316729507447,-0.41297815790720716
710399,3.114215358877817,-0.38551133296862594
710698,3.272314556706521,-0.3848189865652567
710999,3.27485361908615,-0.40587119235771074
711298,3.3441898741231872,-0.41716728408282977
711599,3.402491509424114,-0.4155254366582579
711898,3.4493137189472614,-0.38643381428265644
712199,10.245488932808952,-0.4897386675904787
712498,3.6422734664889282,-0.42084103352985003
712799,3.802171863176428,-0.44997985824384434
713099,3.848487969970409,-0.429857787091922
713398,4.10559344909078,-0.43134682649267453
713699,4.355182366079206,-0.4536491087226764
713998,4.460626817563001,-0.4415002256550016
714299,4.333070268945526,-0.4305860266994117
714598,4.292090225107564,-0.4211936909431886
714899,4.060785599558951,-0.376545652149908
715198,4.257837950815896,-0.4460093242153942
715499,3.665912012517285,-0.36174160174352377
715799,3.6428607996631177,-0.3016730392082414
716098,3.6061253940467974,-0.22630059375481437
716399,3.4534837429154326,-0.26651003526304984
716698,4.855004237639969,-0.589369829153296
716999,3.6528123129547843,-0.41391193094708045
717298,3.285078820677007,-0.30562592318580295
717599,3.8157017202510812,-0.47005377219774
717898,3.289971490598303,-0.3446504617604016
718199,3.625988174931636,-0.4209724433672357
718499,3.557356369612192,-0.3528169085124291
718798,3.5667662503483033,-0.3763873417838719
719099,3.593615879741821,-0.4095092673707348
719398,3.962900106063581,-0.46794670600971533
719699,10.0970141935499,-0.44251423484169705
719998,14.071408843664605,-0.5239702070409931
720299,4.450320583185014,-0.31029351224430024
720598,41.849747661730454,-0.2454517604467965
720899,4.546111299397807,-0.6390160221289392
721199,4.244126101137654,-0.7922771938295126
721498,3.6708377869733035,-0.5992668863298236
721799,3.7246534885496922,-0.5001410203641072
722098,3.632735420341359,-0.390753225789511
722399,8.54467576945247,-0.6576490808491022
722698,4.071784968100617,-0.4259379728890589
722999,5.461827161561266,-0.6705700714250966
723298,9.38160431577675,-0.6246276380320634
723599,4.977737961947841,-0.7314594026842136
723899,9.006686120954784,-0.5962071324310081
724198,3.7800955011307114,-0.6070440893330791
724499,5.781867215547584,-0.5553120519133834
724798,6.735390475836729,-0.4884480612761539
725099,4.792470923783488,-0.8482837042139428
725398,4.573767246433952,-0.7766682309580155
725699,4.378493916797377,-0.5976278568846811
725998,8.378897957103142,-0.8421096332287084
726299,4.0131112957904325,-0.5326449928731707
726599,4.161858654258024,-0.5738338687603695
726898,3.8807768287464515,-0.5198136497446104
727199,3.7516602626885804,-0.5178876557863947
727498,3.459924587258025,-0.4344569695978602
727799,3.6662707245774704,-0.4724814750612629
728098,3.4953655645033956,-0.4122000178298928
728399,3.874385243894599,-0.511176064653732
728698,19.839357577118335,-0.3367719592309788
728999,3.7259949879570993,-0.44046881098838253
729299,3.8613328927256183,-0.44072855723705273
729598,4.1804530648020055,-0.4559759925499005
729899,5.819346054709414,-0.7724972128202394
730198,4.610861101133026,-0.45578247840030417
730499,4.36903284419784,-0.4347131136677971
730798,4.675493262767285,-0.41311338374305695
731099,4.680588689767285,-0.4301230515194985
731398,4.90702154207284,-0.4803388215578259
731699,5.292107968561266,-0.4879946944099314
731999,5.288930228570525,-0.47370405910953495
732298,5.612239414470989,-0.4696683041208145
732599,5.825940473883026,-0.4396321118387776
732898,5.623640088177007,-0.4404653557972693
733199,5.639610658616821,-0.41017203272351943
733498,5.934816987156173,-0.42898949138501963
733799,5.922822177936265,-0.4267520394827642
734098,5.939495524940895,-0.3969841251752344
734399,5.911857791170061,-0.397270101193967
734699,6.255914752850618,-0.4008108527268346
734998,6.275499256859877,-0.38656307723200145
735299,6.5221449096978406,-0.38805874190046685
735598,6.893080115308951,-0.41183534520078435
735899,6.930784422528859,-0.4123363475993278
736198,7.148656874945526,-0.4048341250148011
736499,7.685743457538117,-0.41862022539941246
736798,7.9136770039617295,-0.42074556675668107
737099,8.0812569126608,-0.4235726636473436
737399,8.45780177770247,-0.4432258425327116
737698,8.610942218149228,-0.4378978823721942
737999,8.915669665700156,-0.43678485121210997
738298,8.789279614656174,-0.41178286333655456
738599,8.637204884989508,-0.40024572182353446
738898,8.606991113857562,-0.40459456495407564
739199,8.524424483045062,-0.40351721382438743
739498,8.30618649820247,-0.3771410885377431
739799,8.267696396209415,-0.37980347650517987
740099,8.249829142052006,-0.3773901479455848
740398,8.399460932658487,-0.39753458712906387
740699,8.392860143186263,-0.38917317296221654
740998,8.28641693523256,-0.3955896322915431
741299,8.698425433269598,-0.4178100988626803
741598,8.517004365480247,-0.41893084563811933
741899,8.168741910209414,-0.37509724562478053
742198,8.390001621748187,-0.37342187240128055
742499,8.093340761266708,-0.3686544837389185
742799,8.25859570052828,-0.35998034288188574
743098,8.28299951559078,-0.39375190027526785
743399,8.278892800803742,-0.35826142147028883
743698,7.941781164720409,-0.32770557388947363
743999,8.026119753542199,-0.3432128208167766
744298,8.032859745012109,-0.3425392365021762
744599,8.30849444381535,-0.3780912529067739
744898,8.360422126331551,-0.4135796567005847
745199,16.001714766018793,-0.6138014044104116
745499,9.208865723757448,-0.5358112780969
745798,6.221997317937676,-0.35758678048566894
746099,8.105682794134792,-0.4793507619661115
746398,7.375980290153279,-0.5063728480464507
746699,6.165455433345441,-0.4732042224225217
746998,5.83117131691257,-0.5338469854886385
747299,4.081561789900997,-0.6180337014456343
747598,4.2329732642250715,-0.6113045330588842
747899,4.34619004605609,-0.6294479258077967
748199,4.476617139002817,-0.6162765038265892
748498,4.595693136563034,-0.6441782135506964
748799,4.504012392275966,-0.6116121756943256
749098,4.386677816171798,-0.5923043255079989
749399,4.333673898500503,-0.5512755571216668
749698,5.193337865433373,-0.6831474179576402
749999,5.043507243162571,-0.6522415034162627
750298,5.0824289186648866,-0.6565886180573648
750599,5.196408346947262,-0.6321711632873184
750899,5.262652443613961,-0.6321323386722257
751198,5.606695940653281,-0.6428573191059876
751499,5.655126073833836,-0.6274174477642775
751798,5.822399452289854,-0.6079949288647146
752099,5.84917839984541,-0.5910874122180707
752398,5.624873043127817,-0.5544194861533762
752699,5.666460167850039,-0.5659426982612981
752998,5.610889581938035,-0.5054550004716356
753299,5.681349808204238,-0.4903641721983867
753599,6.4267133418384645,-0.6585332194929336
753898,4.924139014699608,-0.42405521863186935
754199,4.933461419509794,-0.44086357828969414
754498,5.17551243647507,-0.426203342107788
754799,5.311149556245905,-0.43559284522157204
755098,5.012416674706553,-0.6050712051618632
755399,4.682188148755164,-0.5357455604069548
755698,4.664457255977386,-0.4460224774992525
755999,4.6769978758084045,-0.4761057940865554
756299,4.709675810188035,-0.47679722214733067
756598,4.75807107855609,-0.48342527353433695
756899,4.899545743447294,-0.5299420960448307
757198,4.8922418012922,-0.5334133677790855
757499,4.722671207306089,-0.46765787813826987
757798,4.824904512194979,-0.41863595412380583
758099,4.773266715669516,-0.4185210264309269
758398,5.060412495561265,-0.4531134595771502
758699,28.962329275611417,-0.6783193194233497
758999,33.74299521232182,-0.6444532740914783
759298,1.038115899857119,-0.3162133531977056
768899,1.9388074203009364,-0.08239623688273201
769198,10.054246558408487,-0.5192095736557136
769499,10.116653840894806,-0.6869994416674847
769799,9.068807990010336,-0.5085450926603454
770098,8.288889401839045,-0.5510258354158231
770399,7.453743354651542,-0.4909495238772288
770698,6.791509371262654,-0.4252822535505689
770999,21.2873870274249,-0.9941933519180275
771298,13.136586967033487,-0.9914631355458032
771599,32.84060713167469,-1.358871616644512
790198,2.5172319629946416,-0.375363964556781
790499,6.577508455524545,-0.7598388548422781
790798,4.4710350406371075,-0.5722230568304969
791099,4.553311329019021,-0.6619241610709454
791399,4.8617793793529325,-0.726653919081609
791698,4.492109590238927,-0.6056652759222219
791999,6.436624257166328,-0.6200842079982443
792298,5.435781583005132,-0.6694859625405616
792599,7.719758741551429,-0.48990803683466666
792898,5.801181517163118,-0.7087030482259966
793199,4.13500174897041,-0.6219013611054984
793498,5.472760233588465,-0.7190579239511907
793799,5.907393110164012,-0.8032815070023236
794099,6.352408453339043,-0.6531322360992733
794398,4.850517087644021,-0.6843516597823109
794699,4.821535749630132,-0.6811243210429807
794998,5.0473493056671686,-0.6882027363212142
795299,5.328821849704205,-0.6629273968936509
795598,4.777338430854669,-0.6591437037165129
795899,5.525289748775966,-0.7285067625506101
796198,4.6926467342643905,-0.6964079171766271
796499,4.955246074227354,-0.7025875781997251
796799,4.597863567750502,-0.5859422896703779
797098,42.802439346311886,-0.4084360549191939
797399,6.854256830293396,-0.40547909121354886
797698,6.990662440232564,-0.44347014675086527
797999,7.1160835977395305,-0.3343532482396645
798298,8.305901020940894,-0.40468678116358103
798599,4.204177440646335,-0.633284896263584
798898,4.450994957431058,-0.6784928874873517
799199,4.625578767051428,-0.650815361257443
799499,4.766432112981983,-0.6137427146424854
799798,4.868183194523651,-0.5900221960866601
800099,5.4690679091370775,-0.7105007156819316
800398,4.83485025229217,-0.5094372350671892
800699,5.349526632090781,-0.5250388209709995
800998,5.382951537118558,-0.5325191985210846
801299,5.795964072213465,-0.49094962959050337
801598,5.168249796618558,-0.37507959128592416
801899,5.7049539326856875,-0.42152320370973895
802199,5.828207399649228,-0.40404510130445437
802498,6.017425181429322,-0.4519319427352111
802799,6.022397699746452,-0.6626635068891278
803098,5.292687609438581,-0.7705718059840068
803399,4.407730226320525,-0.6075555767881553
803698,4.5934236089570994,-0.6171428700423207
803999,4.323108311906172,-0.47939189542481286
804298,4.368034058952471,-0.43094916736000677
804599,4.755511150495873,-0.4869944071433685
804899,5.068068239674112,-0.5337036253726308
805198,5.45725118630895,-0.5617236693402887
805499,5.906503616095987,-0.7306939288063794
805798,15.563655873329992,-0.5990303688067318
806099,100.45138852829196,-0.477433369106804
806398,51.15486822156738,-0.4311162962874069
806998,1.0723121169727114,-0.6900030724796957
812999,11.451361741545268,-0.89855149167634
813298,9.93061976288997,-1.0323751501424305
813599,10.257716203288119,-0.5765839906826882
813898,5.176761592586937,-0.6060505922548896
814199,5.2079469651445995,-0.7946772301149323
814498,7.295927710214043,-0.8728228984821176
814799,5.688234536572839,-0.745310281715319
815098,5.845157939621451,-0.6824829042841969
815399,5.659816418753396,-0.6750496373880261
815699,9.57148430447122,-0.8315183864298579
815998,6.866067867862191,-0.898371720482912
816299,6.238606628906173,-0.5644300322822762
816598,7.507070316723302,-0.8808196630399829
816899,8.97904480738997,-0.9321237510787761
817198,7.920927194480247,-0.9501496603665749
817499,7.040784827885339,-0.7843439950966227
817798,7.53155728707747,-0.9727660588438494
818099,6.520235254843673,-0.818875332969905
818399,13.27598787642852,-0.8671088079305163
818698,6.2078182177580254,-0.5614159973515958
818999,6.285632491950154,-0.6704914376109494
819298,7.382753544391458,-0.6673956653623465
819599,5.553691732431636,-0.5516160554309386
819898,7.02265258583673,-0.8151234940931718
820199,8.846302862716358,-0.6818300867468399
820498,9.418701796528858,-0.6803212709224877
820799,6.685905524035802,-0.7127657143438457
821099,30.803342203989715,-0.6803929471338865
821398,20.4282007297999,-0.7082560771673281
821699,36.995641257257226,-0.6040197889985375
821998,6.216538055950155,-0.4339096902558719
822299,6.117157226658488,-0.38545344031464457
822598,7.363060264183951,-0.4127633640143906
822899,7.787048530980247,-0.40764277077186506
823198,13.085897151887655,-0.5222609851266311
823499,14.422499564765177,-0.38216037083942833
823799,29.940020215337345,-0.5569731931088171
824098,31.290541554456304,-0.5140118153956634
824399,21.534736541725824,-0.5640440667580708
824698,19.303770621505915,-0.4885046485519926
824999,17.78694431236934,-0.4710286714422116
825298,19.68463486302444,-0.5376922255132586
825599,20.7821586053786,-0.5296289327075945
825898,57.192829638182246,-0.6768123448954488
826199,72.14288187762065,-0.6772243453585656
826499,62.12483876440074,-0.6353955978168788
826798,102.58951940782897,-0.6417492097268371
827099,115.28150517292157,-0.4621214154374309
827398,131.56790619394008,-0.542001491275508
827699,104.3314357435697,-0.5543689164121877
827998,119.62280602134751,-0.5160948059324597
828299,99.6980204956762,-0.6050665383697189
828598,82.58026795643224,-0.5055039668571799
828899,104.28214937893227,-0.6058006167231156
829199,72.54688734448318,-0.5505499393676236
829498,31.586392627757196,-0.5099906816989199
829799,57.24902249012062,-0.6760883478913604
830098,55.54462867711831,-0.5942990179749186
830399,68.869363317322,-0.49024620751474735
830698,59.241758479956275,-0.5225006525116427
830999,63.06579696529655,-0.5623334473657833
831298,70.77280690459052,-0.464873814794434
831599,53.78211050760674,-0.5455230106244251
831899,65.938742168798,-0.5294190114580763
832198,49.052489465955404,-0.60417988009119
832499,44.640566677879015,-0.6175851399740844
832798,51.04597125451097,-0.5311409496203829
833099,48.47743897367762,-0.5462508883542532
833398,31.92699469036136,-0.4629085753486242
835799,10.97131229266112,-0.4651097689510142
836098,12.834697839705965,-0.30895356607746627
836399,11.059336554134791,-0.2762329768913141
836698,10.705793485479699,-0.34244528090963455
836999,9.458785311285256,-0.32491486247160073
837299,8.252374334850073,-0.3308361612828241
837598,8.013429406005164,-0.3854074530540206
837899,8.930605753685688,-0.44182366153810104
838198,7.353973894655594,-0.5492477260634605
838499,6.672340117738928,-0.5664257844031473
838798,6.581134083109299,-0.5793829494219578
839099,6.7994712205653185,-0.6315083568207374
839398,6.694628224169484,-0.6182495962259598
839699,6.910659349701891,-0.6247167220447403
839999,6.926100010479669,-0.6448039752543193
840298,6.9955318208963355,-0.6473234759479665
840599,7.099541542505132,-0.6765940164730204
840898,7.372653923560687,-0.6882705880963054
841199,7.528935019669482,-0.6679320067498633
841498,7.346800380528281,-0.6263863839330499
841799,7.628948980352354,-0.6279259315429471
842098,10.111697985373766,-0.42757366717219614
842399,8.589654850762109,-0.4884717387335358
842699,8.173276762215814,-0.553370846283642
842998,13.159673649526574,-0.44201106237253707
843299,9.272942955532942,-0.567307872468636
843899,0.9331290728745745,-2.7692131906684727
844198,1.2857629045875376,-0.40509241043495736
844499,10.12198398987785,-0.5331900288253646
844798,10.246324465236643,-0.4895382029370323
845099,10.394440959044516,-0.49186141529177196
845399,10.622014087815348,-0.4563953983396012
845698,11.509374326086181,-0.4767043700434268
845999,20.854081690167956,-0.402830110080467
846298,25.2158320081749,-0.2338563332236323
846599,38.1038403334874,-0.2271030832991081
846898,61.52613075157896,-0.2709318745837739
847199,72.60976789311368,-0.2759504560503978
847498,1.8498615037974275,0.043736248664620225
848998,8.140023563951917,-0.3061357218492231
858298,20.556245448186477,-0.6038540449482277
858599,11.582026367049691,-1.0401896081926751
858899,24.50128774790638,-0.796127239383434
859198,20.78675929412145,-0.7944305646761978
859798,0.49300445098753787,-0.11511719795434772
860398,0.6204906603368792,-0.41787034806174095
860699,0.5617199772124432,0.046781945254431356
861599,0.7193820684595644,-0.7372485374900921
861898,24.199664157367437,-1.4561955153314274
862199,17.632701606963238,-1.498006045818225
862498,14.096641951166392,-1.182774075299895
862799,1.2509768263530838,-0.13721896610575635
863098,0.9539548738490171,-0.9589676608688531
863399,22.733690280787314,-1.088424886063748
877799,6.751888067699609,-0.6483862237895299
878098,8.48213922918395,-0.7520059623247597
878399,8.05093689140328,-0.7060671402997161
878698,8.415076585741243,-0.7350251984593665
878999,8.096576055363927,-0.6820360305819808
879298,7.884338614227354,-0.6030737811761868
879599,7.81553470949819,-0.6300156524194689
879898,8.094591161697261,-0.668538079872103
880199,7.234847255879291,-0.8001945031496498
880499,5.803281976325156,-0.7254254758286032
880798,6.325929312913118,-0.7521174005134055
881099,5.698945558396915,-0.6847937152308119
881398,6.217615419970988,-0.7201234744879517
881699,7.236343960075154,-0.6937385549768866
881998,10.84908335036011,-0.5154704946166169
882299,5.324832336494136,-0.6782058965794957
882598,5.366674604785803,-0.7065470587626013
882899,5.491498403561266,-0.6676098108977213
883199,5.477474683739507,-0.6433046156664997
883498,6.2788578780274396,-0.7457612260667539
883799,8.691745460571418,-0.754909801348461
884098,10.500867930378396,-0.46124763569657556
884399,6.05740207063997,-0.7423446184912033
884698,9.233907474915434,-0.5534089734144598
884999,8.429612144040432,-0.49867129288267087
885298,8.405848290847725,-0.4906223404960388
885599,8.49981875708473,-0.4469730494931008
885899,8.3640127927968,-0.4885845613454649
886198,8.520943026278282,-0.5419993822891225
886499,8.437245262023648,-0.5916777927547523
886798,8.716362318873188,-0.5552137357125064
887099,8.90862563892643,-0.5771038457921394
887398,8.794605733521337,-0.5330837205566381
887699,9.055172604685687,-0.6286226795833316
887998,9.726243577833834,-0.5494687261047562
888299,11.067265964093671,-0.5663009852806329
888599,13.599411095061267,-0.47651128110789776
888898,8.373854373280597,-0.7078265399748955
889199,7.8099270839217985,-0.671542133794643
889498,8.733208944803742,-0.5093123448309624
889799,8.954574726065317,-0.4906392923126286
890098,9.323717153896915,-0.5482854493731526
890399,9.644734466799694,-0.48528421299357594
890698,10.091412210364506,-0.5387862273225081
890999,11.145674080945525,-0.6672758464381707
891299,10.741895673915431,-0.5911439939491394
891598,9.494344014126082,-0.4894353186226972
891899,12.870856668181842,-0.60273672689984
892198,10.379689052737191,-0.861281981290078
892499,11.371850334195525,-0.8838734024759503
892798,11.628540646549693,-0.8355689530214176
893099,13.146911069702677,-0.8075980769233704
893398,11.607950018385548,-0.7867149274679448
893699,10.158697097711938,-0.8085513367690984
893999,12.366281831773401,-0.7864708876851776
894298,11.972113888607767,-0.7321877119620079
894599,9.523208840827678,-0.7130855568398409
894898,9.345157595635548,-0.6826408654252019
895199,8.979735667010338,-0.7133676256460113
895498,9.917424758591359,-0.7221518461119627
895799,11.240476217109878,-0.6967583553242596
896098,11.382135377929528,-0.7226672212110585
896399,12.352083106026544,-0.779254943417524
896699,12.614020213711935,-0.62729739301545
896998,10.50522068075108,-0.7761268979218816
897299,15.011420555681845,-0.8070779988928782
897598,13.471480611364715,-0.7654586555430194
897899,15.491816229529068,-0.6870794423327442
898198,15.776328006500254,-0.7151023728036396
898499,12.934898201093674,-0.650324921195448
898798,43.97472563660445,-0.4906003473870859
899099,57.27381971746555,-0.6092082360067912
899399,37.10533007683361,-0.4995888476768646
902398,3.4541230139884735,-0.48710495324808356
902699,12.510021527791977,-0.7568679266703464
902998,21.14002953163222,-0.7841541410609751
903299,25.636448834900744,-0.9485965295382264
903598,11.73465500425108,-0.734453880268501
903899,11.229425100646914,-0.8941699992811942
904198,9.471999734841358,-0.8809281964878197
904499,9.422254880549692,-0.8146369967012628
904799,9.917208756959417,-0.7607942729636425
905098,7.27945669690386,-0.9543894810557729
905399,11.236433096369137,-0.7990824844845341
905698,11.565395571672376,-0.8308968208916863
905999,8.7214735661446,-0.94610676858384
906298,10.324358651038118,-0.9421128304002613
906599,9.613705107276544,-1.015043449898314
906898,13.094466760049691,-0.7733591231956327
907199,12.358865716311264,-0.9221363744599571
907499,11.01535522224645,-0.896032028496947
907798,14.32547872857305,-0.9635062724494066
908099,12.725027208429323,-0.9479627089476741
908398,22.275091965612397,-0.7396666763479816
908699,40.499127284053515,-0.7300138600781956
908998,13.447425995297376,-0.6637131599372066
909299,8.433723093107561,-0.9886246525146067
909598,9.580705125672377,-0.9250028546674502
909899,24.055784482355453,-0.4428005052021462
910199,6.280936397518576,-0.6946535104008533
910498,12.065910435852933,-0.7148480674822082
910799,7.779966444128395,-0.9040559797905625
911098,13.197206441017284,-0.9834597723888183
911399,23.191942007824352,-0.9802240697106357
911698,29.79680284356509,-1.283846184530315
911999,7.25553513381821,-0.6380783677182655
912298,7.389210124167747,-0.6189569239595576
912599,7.570732380241822,-0.5677218455399267
912899,8.1016653613946,-0.4796782370182131
913198,9.294235276783489,-0.41839649952249536
913499,10.213918381297377,-0.38734063827071097
913798,9.513744763778858,-0.4179016878686892
914099,8.486931069010343,-0.3106229619145586
914398,8.471900032204784,-0.27239665832539384
914699,9.226245001989508,-0.28679045633916433
914998,10.49846626989923,-0.29172439942318995
915299,10.681128855704785,-0.2875947710448603
915599,11.126510362038116,-0.27991838470842545
915898,11.724304836072841,-0.2930836418516405
916199,12.545847340938582,-0.29276238601195037
916498,10.522926899394598,-0.23493122294718338
916799,11.151878426526546,-0.27528350306359006
917098,11.758061835563582,-0.2761720780342707
917399,12.021169851695523,-0.2757532848475186
917698,12.654758532116821,-0.27759060002195346
917999,12.785942132091357,-0.2686919189815138
918299,13.521051069320526,-0.2773933626139895
918598,16.067990760218674,-0.2436807425360532
918899,16.09557611413997,-0.24645075256784987
919198,18.337692789637654,-0.6129059924707876
919499,14.752454051188582,-0.4226759068292789
919798,16.612354629075153,-0.5160971989529552
920099,16.675316560193213,-0.49603788801985726
920398,17.591547720285803,-0.4457364747123933
920699,17.87286693562145,-0.379827964396124
920999,22.832484679637652,-0.5161339552773125
921298,20.902985743554325,-0.5916273364673099
921599,20.252628560741822,-0.44860383328837306
921898,23.22790413653349,-0.5329162697661323
922199,0.8080723887274772,0.2248882484380652
922498,14.188430269908487,-0.49184619918837735
922799,3.294129018565298,-0.2613734398739247
923098,1.3896783557381864,0.023189847890612958
926099,50.08699115762527,-0.24962918306688686
926399,57.02232546982714,-0.1990411767133744
926698,4.364218144579237,-0.4499716770056865
926999,5.223817279051429,-0.40775877204424127
927298,5.8481197530954105,-0.500570852519447
927599,5.549314428014392,-0.43271631523194776
927898,6.082247153468128,-0.6329119495706279
928199,5.894873032884762,-0.5242838273471084
928498,6.218878625238928,-0.6386945832880973
928799,6.078345568255131,-0.6694530026499217
929099,6.16878174062322,-0.7141187020788036
929398,6.367208744919484,-0.695250208663992
929699,6.46847291990328,-0.7042425871972784
929998,19.47553895339611,-0.32695748177887984
930299,6.349007980660224,-0.7334017826196908
930598,6.80591663934541,-0.7599013825056773
930899,6.920705403627817,-0.730663676883736
931198,7.558442227345989,-0.7658861405570869
931499,7.609807919220411,-0.7894956662529875
931799,8.686865702106983,-0.7886867507261075
932098,8.092900248917747,-0.8062664031458711
932399,7.811183380625503,-0.7743374410652717
932698,7.463113233822262,-0.7702075867491727
932999,7.695088768657907,-0.8027728222654902
933298,8.267601243718095,-0.7703040427668397
933599,8.065161943146334,-0.7852637329857677
933898,8.104160153521336,-0.7528396250047638
934199,8.182272875083836,-0.710663056847815
934499,8.416479707671797,-0.6459795822315151
934798,8.845574783755133,-0.6532434349160441
935099,9.528672087790433,-0.6291196226844082
935398,9.69961390500108,-0.6036856326964177
935699,10.01474387252886,-0.5508842960830513
935998,10.764267830903858,-0.550974790473338
936299,11.362424099209415,-0.578122043863746
936598,11.997066925378396,-0.5533299166898882
936899,13.105373039431637,-0.5848424794715332
937199,13.633843007295063,-0.5938002737081278
937498,29.249304233797993,-0.581238886898733
937799,12.76234331886682,-0.7470357644209631
938098,31.64356011457809,-0.3867862364436856
938399,39.13593030470395,-0.4749309592821296
938698,46.17860754697247,-0.5452135263127025
938999,36.139746818626286,-0.5176078414771303
945899,7.416115852475618,-0.9251860541768337
946198,7.215633665413118,-0.8122720724807297
946499,5.72475734177423,-0.5897187993139845
946798,5.464548209054322,-0.5596248157727206
947099,6.9719320622635506,-0.7318233467756086
947398,7.43913917463997,-0.8009703475218437
947699,5.562419174637655,-0.45049514371133803
947999,6.150362299387655,-0.5715596394440852
948298,13.304335927146916,-0.9119204018416744
948599,25.327015690934157,-0.7575165505574444
948898,27.07409860714712,-0.7397584864651008
949199,19.547922470091564,-0.8474810799976606
949498,12.184112216563582,-0.7879440255989729
949799,1.2256322043022765,-0.14550181612811786
950098,11.001909746166945,-0.9047474950535712
950998,16.239705186211935,-1.1196722143088258
951299,7.8937605474524695,-0.5667185570572106
951598,7.143664159689475,-0.7553384439888979
951899,12.626822022244344,-0.3799959281267309
952198,9.530532356174898,-0.40967385409414714
952499,1.680296085179742,-0.12284226423911515
952798,4.8099418075589515,-0.4871454021466808
953099,0.8988438268085316,-0.016647452282413377
965399,13.314128035636852,-0.485435816699487
965698,20.691662837302623,-0.6378890317091175
965999,5.64333668447041,-0.3797436903495859
966298,6.568771221574576,-0.4232434077362386
966599,6.023485581770405,-0.35222671693382024
966899,7.078756105602933,-0.5295258103092224
967198,7.5153463119009665,-0.5410030263511121
967499,7.454312228488927,-0.4779780081983338
967798,7.5445373382881185,-0.5067441510075938
968099,7.5428991002713355,-0.42314870851416386
968398,7.108327783713466,-0.4045989919500539
968699,6.919105610549113,-0.39561915972324013
968998,7.218462791287539,-0.3676909788038456
969299,7.189849559981984,-0.3562978325089696
969599,9.130023172640865,-0.7396466718450565
969898,6.113028993572841,-0.38620029581982873
970199,7.1741343197765435,-0.5811398579678873
970498,6.716687842345988,-0.4747570385788187
970799,5.865511138201891,-0.3747849051960743
971098,6.602355686010339,-0.4338940428517095
971399,6.5730645359686735,-0.42660732442944416
971698,6.1416743974009655,-0.38118564953022727
971999,6.421867255241821,-0.6258171119929454
972299,6.3064342518199465,-0.3689001752047554
972598,6.5524136359756175,-0.40441082628259983
972899,6.18414253641254,-0.39167937046702894
973198,6.464343451688003,-0.38102189192524794
973499,6.687080119010341,-0.37531828132475
973798,7.092668540623189,-0.47997229077477965
974099,7.148582018695525,-0.4114810576021841
974398,6.915353747975617,-0.7225170530599971
974699,5.662431493435687,-0.642223574462969
974999,7.6424381748978085,-0.8350655182342377
975298,6.726060406822261,-0.6448943049180247
975599,6.905854949165432,-0.6747610456955526
975898,7.162798721892283,-0.6833616430577931
976199,7.569013635637656,-0.7228280468332084
976498,7.795425043945526,-0.6891809915477256
976799,7.439250513718672,-0.6774040422211283
977098,7.667314128158487,-0.6282398251876977
977399,7.684887896843675,-0.6203541219598832
977699,13.173464456744345,-0.725613973398969
977998,26.47704818818627,-0.34455670377097647
978299,18.87974386651034,-0.47032920282978274
978598,72.56064387878268,-0.3464246783740197
978899,27.182995400128604,-0.43170410301033746
979198,8.938167559457101,-0.6201975768910661
979499,7.975439984123767,-0.6812181001708404
979798,8.285374879371451,-0.6689431880701973
980099,8.804355337033488,-0.6858149356973999
980399,9.066842990802009,-0.6956825990513662
980698,9.610829268065896,-0.6999203849434665
980999,10.258713853369137,-0.7127366702315752
981298,10.621109346017285,-0.6972530249580564
981599,11.245550472313584,-0.6988911469747927
981898,11.927119500431635,-0.6808840388296755
982199,11.60390246555895,-0.6628703307618871
982498,11.50969800930895,-0.6530784427575387
982799,11.617850456091357,-0.6271141665969087
983099,23.86354375650633,-0.5159713889195254
983398,10.271133494431846,-0.6558723412445304
983699,9.829777991945733,-0.6890935925012187
983998,10.74531742947351,-0.7241786811884097
984299,11.369215284225826,-0.6392262235512607
984598,12.470435251917745,-0.6138466859644456
984899,12.753578187732565,-0.591027665119239
985198,13.594089927369136,-0.575982906976068
985499,14.348024893600616,-0.5366777836811694
985799,14.872751650218675,-0.5839572581813834
986098,15.573877909626077,-0.5872970960747008
986399,16.743948677109877,-0.5719659885746466
986698,19.248535655633233,-0.6182459982425299
986999,20.454213099135544,-0.5731001139099294
987298,19.185219389968882,-0.5573674812458382
987599,18.322122923970987,-0.468395554240262
987898,29.42811889597019,-0.6253364075244869
988199,39.7652950363012,-0.6823823536630464
988499,40.40141427002806,-0.711528928015724
988798,29.80174283037528,-0.7326168999738132
989099,1.0678173331662846,-0.12647174886733703
992698,19.813635434080407,-1.1829603752951496
992999,17.64623971224012,-1.0827834790689406
993298,12.147257347725617,-0.7182590933890562
993599,22.962719489211935,-0.8689200964020887
993899,12.765496366190895,-0.800873206377233
994198,13.292213342186265,-0.7472823265362691
994499,18.003645683605455,-0.9283792756120157
994798,14.733687839661009,-0.7827606619637073
995099,13.134072920901751,-0.8535253885076897
995398,12.305387942589253,-0.7053943790951418
995699,15.05524807662629,-0.8451845177937518
995998,11.829872509781381,-0.8240184680193268
996299,10.801629431119137,-0.7782141688838184
996599,10.723324703859879,-0.8661273906189868
996898,9.900261150364507,-0.7063578496951668
997199,7.584266265114508,-0.7227475793700291
997498,11.957032190461938,-0.7209685195066255
997799,16.98312306557536,-0.9631742345195842
998098,16.99862006224645,-0.9595982617579293
998399,14.959332624880918,-0.7305097049371176
998698,19.231549144079988,-0.8348258471568801
998999,29.921264229372937,-1.2074203885145511
999299,4.493753721060991,-0.7594221035207231
999598,12.908574127149434,-0.7166661043845663
999899,33.649993795349815,-0.7363801425167631
1000198,19.873657271633093,-0.9587202507209658
1000499,26.8580044584554,-0.9626207258072272
1000798,12.583955390142492,-0.5279703271414407
1001099,24.339358517987804,-0.773814891683706
1001398,20.774939991237396,-0.6843438919480891
1001699,27.257318727198456,-0.6458976596597024
1001999,36.055678008640584,-0.825768509480534
1002298,3.568390853957921,-0.4691677717660536
1002599,20.01683298994935,-0.8042911012721112
1002898,3.965719160195358,-0.4972803833460149
1003199,2.3378675249197705,-0.3963670177126659
1003799,16.074892774831298,-0.626960838242032
1004098,25.098437264205742,-0.6680939485511419
1005299,29.764171657572017,-0.7905250730943412
1005598,31.33956621910674,-0.5941032530181798
1005899,23.004760501975827,-0.6508857291673655
1006198,18.277704550350823,-0.433778900881161
1006499,19.98380423546425,-0.4754769589676753
1006798,18.81372209745941,-0.49200451959529823
1007099,20.78197168360083,-0.4583741895248088
1007399,20.347056428079785,-0.4185712972225797
1007698,61.348026818453974,-0.4115431121752735
1007999,23.18696579677806,-0.5585855455617732
1008298,47.77773189636834,-0.5210253249931844
1008599,17.941766926008025,-0.3861320685357734
1008898,18.135859451311475,-0.5367048505267074
1009199,32.95874933017852,-0.4846944760763532
1009498,32.12886176587991,-0.5306139309802478
1009799,56.36892813708824,-0.5026108498577111
1010099,38.35815651069935,-0.5624512890105606
1010398,6.414304799054921,-0.43646784522747817
1019399,5.253049936688125,-0.3618934072153106
1019999,7.399872365748187,-0.5335977562451582
1020298,7.619950972407911,-0.5005506425282553
1020599,7.58755097364402,-0.49481627581370047
1020899,7.874858483211152,-0.5312989330207594
1021198,8.565871101738928,-0.6243638608554087
1021499,7.698039616405596,-0.5565533124442292
1021798,8.254184948148652,-0.6426760246094987
1022099,8.38781513943858,-0.5580834621979056
1022398,8.695705157403857,-0.6178386133361109
1022699,9.073676906806636,-0.6550510365136646
1022998,9.523599055146914,-0.6704043824606858
1023299,9.914138043616823,-0.6822370098526989
1023599,10.08248906469321,-0.6975942064230058
1023898,11.126301413003397,-0.7745948290819049
1024199,11.728914997755712,-0.7673516702385728
1024498,11.335496288670063,-0.6733932710033279
1024799,11.4345245795196,-0.7261669614571646
1025098,11.855977119783487,-0.7210012380328912
1025399,11.878837218047378,-0.6888949606788644
1025698,21.123616369561887,-0.7908886547125598
1025999,18.16393286759619,-0.6927322395405326
1026299,15.122848210019603,-0.7195505147864536
1026598,17.284604077119344,-0.7044660934846529
1026899,19.227386287279067,-0.7833284367269238
1027198,28.02456063800025,-0.3916601162951645
1027499,34.333187602517896,-0.3658424624764227
1027798,46.46773594327574,-0.3219975034459608
1028099,29.00586760677716,-0.47042672478337266
1028398,36.90301060440217,-0.4102909550893874
1028699,20.43961656995962,-0.5065624921823679
1028999,25.820247074287295,-0.4726698027256464
1029298,26.313698765158694,-0.491432923063597
1029599,79.18854165037529,-0.6511064732209149
1029898,10.556521263422773,-0.5514784800048806
1030199,10.715967379494348,-0.5504048009774252
1030498,40.91096547465998,-0.6055076917921625
1030799,62.525517277151756,-0.9545907300001166
1034999,1.2257931581224453,0.013710859684228138
1035298,28.330761157082307,-0.677213215114769
1035599,20.933179248792957,-0.7297588958342025
1035898,10.412953102869135,-0.8442871175972553
1036199,10.857936175598303,-0.6822930944746486
1036498,8.952044175304321,-0.6198001034614742
1036799,8.579504019126082,-0.7445823835720982
1037099,8.91084332068395,-0.8369516892368869
1037398,8.305734375626079,-0.7561280182494812
1037699,9.173555664998768,-0.7221628007621823
1037998,10.03579663312608,-0.8116581251425683
1038299,9.179194937852934,-0.6501510696284714
1038598,11.248241807892287,-0.7609711192110793
1038899,19.225131844302215,-0.920096798639372
1039198,13.259521816480246,-0.7659452414683805
1039499,32.078797003355454,-1.1290920766619483
1039799,40.68428537950592,-1.0286428988726692
1040098,19.897371171987395,-0.7745791135634617
1040399,33.041931163967874,-0.9191979962419401
1040698,14.544854744844773,-0.6703673310071465
1040999,15.466438960146913,-0.7873557647261806
1041298,21.01097441911703,-0.5500317932592917
1041599,10.34799621896173,-0.5641341217788147
1041898,29.118587899332308,-0.9701368488359752
1042199,12.968567249720987,-0.6144149911091819
1042499,25.806057129420065,-0.8216103236435683
1042798,11.784357369808951,-0.5240182123975339
1043099,21.450260764697035,-0.6072322611309753
1043398,10.79542840568395,-0.4934176165226203
1043699,10.34343110717932,-0.4320302691316682
1043998,10.708505989521912,-0.4471779858390803
1044299,12.289947877024227,-0.42485874159158765
1044598,12.009435127996449,-0.4837545706829127
1044899,21.452465925766475,-0.7729169783693688
1045199,14.484614065973298,-0.4584485985350777
1045498,15.249906380339041,-0.429000444441203
1045799,15.304363242146913,-0.3871142341158642
1046098,15.096072425142284,-0.37135530696272756
1046399,15.614241228593674,-0.38699345621507897
1046698,15.833759270383029,-0.37562921901361657
1046999,16.52352640022562,-0.3682534913957247
1047298,17.01237826053348,-0.35064537501978377
1047599,17.094143202251086,-0.3370916247111104
1047899,17.73443501425571,-0.3420898443914826
1048198,17.39508267479738,-0.3534779416422389
1048499,17.90729748802191,-0.3479847886901801
1048798,18.025422195987193,-0.36858873527375313
1049099,18.56479906512608,-0.3602081009862448
1049398,17.80457678643164,-0.35886387424675137
1049699,17.616977769957103,-0.35760398507660063
1049998,17.028389945902926,-0.3403976871376535
1050299,18.143474384771913,-0.34935062607007605
1050599,17.655948968751076,-0.3516780418847296
1050898,18.176798217410806,-0.34808151769747586
1051199,18.870823055633025,-0.3483128054654945
1051498,19.013116961420067,-0.32532625530553005
1051799,18.77942229994321,-0.3441595823963144
1052098,19.404911739771915,-0.38701968804886167
1052399,19.902987652480245,-0.3921904211637377
1052698,19.2191639144733,-0.37512391202014506
1052999,19.409332831528857,-0.3831423047043687
1053299,22.751445561741818,-0.4609998960467556
1053598,18.5206807888483,-0.41538515198375725
1053899,12.832530599561265,-0.47576697429648296
1054198,15.557126693151544,-0.4568209944393977
1054499,15.808622432709418,-0.43180662112597146
1054798,15.035304068973309,-0.40816654173302624
1055099,15.935395139095988,-0.42415189459928193
1055398,13.391919406209412,-0.42893023249773
1055699,16.165328171126085,-0.5000972935290484
1055999,15.331064184320525,-0.4490556736419875
1056298,15.318536934232563,-0.43856418296511945
1056599,14.681173371850617,-0.3876126980986345
1056898,13.930358239674693,-0.37451360487740937
1057199,12.139066355325154,-0.5044050982379578
1057498,12.909496641945525,-0.509834840293294
1057799,13.686428998445527,-0.5754722509900498
1058098,12.68911273140849,-0.4124574144937707
1058399,11.572584137628391,-0.4213861815743529
1058699,9.371176643989507,-0.4662096818606378
1058998,9.742849958899228,-0.38523540180367943
1059299,8.35925214926497,-0.46078869533136424
1059598,9.116413185864506,-0.34823106077099575
1059899,9.401698006308951,-0.3504294704839481
1060198,9.991183048894598,-0.6465035606958531
1060499,8.962928841004778,-0.35912057882244075
1060798,9.557714076612193,-0.3877695937987444
1061099,7.077126781241243,-0.39128184831217494
1061399,10.563047661869136,-0.5108355652287342
1061698,9.857354623373764,-0.5891704387827743
1061999,9.44485195838997,-0.46578312022129786
1062298,9.267778256732562,-0.5270907878047886
1062599,9.800686801702469,-0.697827043446593
1062898,9.836097388926202,-0.7794746027173054
1063199,10.151845525151543,-0.775703380826724
1063498,10.560976479464252,-0.7814867929264293
1063799,8.64650812979506,-0.5327683091327335
1064099,9.745087738788119,-0.637367716908865
1064398,9.376446934818212,-0.5391655410184981
1064699,9.272158287190896,-0.5089422819162941
1064998,9.337430659075155,-0.5866180066922786
1065299,8.690834721329786,-0.5052264394807691
1065598,9.159950488408489,-0.4841432656513036
1065899,9.564884803064965,-0.42017235233406414
1066198,11.539649412262655,-0.45995416106187315
1066499,11.827638762220985,-0.5442097739211234
1066799,21.254138785017492,-0.5204368723562116
1067098,10.910800359950155,-0.49657469683358824
1067399,11.652528559686264,-0.5230525628930376
1067698,11.58110300759599,-0.5122119943607439
1067999,12.671090741119134,-0.4703441536935413
1068298,11.98107320057284,-0.4754015880038711
1068599,12.240010005422379,-0.4706510914948576
1068898,17.009785813940894,-0.39905324975336764
1069199,13.32130893882978,-0.4901514927215156
1069499,20.791941250396917,-0.3472192740752913
1069798,15.98964143899645,-0.4251916873653525
1070099,17.217792137776545,-0.45763344603525336
1070398,19.78644904855432,-0.38616675895010744
1070699,16.85657011823488,-0.46864372196670256
1070998,19.652604659531384,-0.4395708538757819
1071299,18.788294823348508,-0.4665019644209867
1071598,26.504844383765178,-0.419231525294385
1071899,19.172715820637862,-0.47359677434240677
1072199,135.3053295648128,-0.2496945522833569
1072498,95.63466589734747,-0.21432242628540155
1072799,55.06340662101183,-0.3464573026718949
1073098,71.92950477746466,-0.3254433503522487
1073399,93.61675661093548,-0.2236408004409025
1073698,33.1338679107073,-0.2696894517351316
1073999,41.78063949359979,-0.24493810630788126
1074298,71.704580764079,-0.2592055151966488
1074599,50.51042004502343,-0.24804260760991093
1074899,34.64663620847944,-0.2505789888426908
1084199,37.83533091654195,-0.9726386431645455
1084498,21.665627919923864,-0.8636364584913554
1084799,33.61424372313596,-0.9557045341914197
1085098,24.02430477129527,-0.8828820690196693
1085399,16.956597097642494,-1.1481680303928936
1085699,18.306648703406374,-1.1155402387004827
1085998,21.69001974000592,-0.8362564019019205
1086299,16.997127960649436,-1.0017906458151833
1086598,16.026781429929525,-0.8354810897434028
1086899,17.77234200647351,-0.9603390288632416
1087198,21.287884771795273,-0.9373314550221981
1087499,16.135937821925793,-1.035502275475105
1087798,19.64291111148508,-0.9047971614935297
1088099,18.010074883355458,-0.9142719652762563
1088399,20.20144474226054,-1.0517620590535022
1088698,21.93556890287757,-1.120928555386349
1088999,23.91424124910546,-0.990930126215084
1089298,18.758464207334626,-1.0898498193922572
1089599,14.313564419450362,-1.0793127826551205
1089898,20.188447069524436,-0.8964984401775602
1090799,20.73521962908966,-0.7799013024095425
1091398,3.834440137668709,-0.6193235644844006
1112998,21.414989291945528,-0.65031568914517
1113299,20.079027193533488,-0.6423162383657333
1113598,18.798013207091362,-0.631721316312547
1113899,31.772132643238674,-0.883108805946756
1114198,21.43383561482979,-0.6179779845896438
1114499,21.46760541667469,-0.6100814108062118
1114798,30.528678693420268,-0.6263002161552598
1115099,56.89543772941464,-0.6137343323927895
1115399,80.05179580484518,-0.5278092996102999
1115698,1.2922391276107288,-0.0235784993748529
1115999,6.960970751310439,-0.23735892830260896
1116298,17.17281922934056,-0.32916236980033453
1116599,12.523162900537315,-0.40623706010542504
1124998,31.632041535531382,-0.7534544885554055
1125299,56.249622053832304,-0.9063908108131715
1125598,27.93536602553138,-0.8906483366345153
1125899,29.2080481360962,-0.9310871856690088
1126199,21.857649411202676,-0.7815175236577943
1126498,13.271845877612193,-0.7378009576640765
1126799,21.263863987235084,-1.084341290862775
1127098,9.433614281227934,-0.5321467241131694
1127399,9.701808862714042,-0.50711411198498
1127698,13.644553034094775,-0.7971958939572856
1127999,18.288260936541946,-0.6937135981864064
1128298,10.68781217928963,-0.8060551892860566
1128599,14.82683832750823,-0.8911506263384179
1128899,14.143786148035,-0.6682866176437876
1129198,18.966623207453985,-0.916971775460502
1129499,9.280759074685461,-0.8152079043860059
1129798,14.360309156094777,-0.9597621205729003
1130099,17.307041899359078,-0.821878137191326
1130398,14.010403408648425,-0.9435515452208783
1130699,7.660409388348303,-0.7794216918886221
1130998,13.874336548093673,-0.9004861507751483
1131299,14.974761370989505,-0.8568540802588818
1131599,17.22264451195268,-0.907117475653703
1131898,12.643356094795063,-0.8481389503678534
1132199,13.756109874906173,-0.825572311812502
1132498,17.571768977118335,-0.9086959337035858
1132799,16.198646116401775,-0.9432789628719711
1133098,18.916844495850846,-0.9884797744799023
1133399,17.31314953724292,-0.9509156024969196
1133698,19.94152979837759,-0.924944260461025
1133999,13.95523108876057,-0.8838739509514923
1134299,8.597406820762679,-0.7831194481801178
1134598,17.551706935526752,-0.98169442516999
1134899,27.54484770103601,-1.0274122905246919
1135198,14.946908405612191,-0.7257375670833
1135499,15.546154891165433,-0.7494942309312063
1135798,15.94920596388997,-0.6690146334011413
1136099,15.40229828763071,-0.6872300865336374
1136398,15.66019629519321,-0.6390815519706645
1136699,18.826085608792752,-0.7242562296688844
1136999,20.705687756776545,-0.7557330935266473
1137298,15.37420369931821,-0.5976499977214982
1137599,16.499511171461723,-0.5791844750201438
1137898,16.51297300429738,-0.5951886466648588
1138199,17.52821985828812,-0.5877598581827399
1138498,18.08547635305432,-0.5863020179404246
1138799,17.92810162115386,-0.5676385662064221
1139098,18.824825569535804,-0.5191251821937006
1139399,19.243608671281173,-0.5184056883344867
1139699,23.27658461930453,-0.6653382663259471
1139998,18.51258662421867,-0.5198429665650646
1140299,26.042822129849792,-0.5297219538756586
1140598,19.054856433595987,-0.47482521797843136
1140899,32.62855745752906,-0.7484388479885891
1141198,23.57293430135905,-0.6255773704142606
1141499,19.595381027723302,-0.5304677757431473
1141798,19.390035614591355,-0.5133463835049306
1142099,19.240888092383027,-0.4774137482291081
1142399,20.395219357568212,-0.5036162973888392
1142698,20.33929999629043,-0.548504061621728
1142999,19.2322263996284,-0.5868106942785816
1143298,18.262321089491824,-0.5249676576748323
1143599,41.85453772507346,-0.613431456388206
1143898,31.913210986122937,-0.7854639116481956
1144199,25.6962794637696,-0.6883607936929459
1144498,17.42400323940386,-0.5026864295119582
1144799,17.191499806874663,-0.5848087261770527
1145099,18.89847736097562,-0.5498485734232141
1145398,18.677624752276547,-0.5293856368554295
1145699,18.879612443700154,-0.4833362649031274
1145998,22.364035343477934,-0.5712034255368359
1146299,18.657177580299688,-0.6333260425007514
1146598,18.789750704869345,-0.69008533951265
1146899,14.174979428438581,-0.6324699521838566
1147198,16.013904060700156,-0.7385021003706225
1147499,16.79927472015938,-0.7245013790611619
1147799,15.003678473251082,-0.7006746247267954
1148098,14.92941434096636,-0.7016198266706559
1148399,15.982546240734873,-0.7518466976666758
1148698,15.455778724139167,-0.7440944075199603
1148999,12.980455090772809,-0.8498338441032596
1149298,12.904088904117717,-0.47200809918098496
1149599,4.346957028231361,-0.5087772018833407
1149898,13.864778124774226,-0.803980213846512
1150199,16.27479315887296,-0.24667404642559054
1150499,11.164828792337827,-0.8748032403673274
1150798,13.294162558514968,-0.708334259538481
1151099,15.265283839834414,-0.6508472989604686
1151398,14.714696286563582,-0.6681926618917406
1151699,14.209122385667747,-0.6300067701771288
1151998,15.02953567137608,-0.6861389625183401
1152299,13.068741903931636,-0.7478760505034108
1152598,14.912517312297378,-0.6682894938196671
1152899,14.160716290072841,-0.7299871748638604
1153199,12.432311715181635,-0.6156452193273028
1153498,21.906916637940892,-0.5468309329656242
1153799,23.07511616321194,-0.7736434115045223
1154098,23.294886583378602,-0.5238756062995025
1154399,13.865832842941105,-0.6190385414482598
1154698,66.02712172069846,-0.45199840069439
1154999,40.641658019797994,-0.31922062210711477
1155298,14.588727193552009,-0.5818201091291262
1155599,15.839377963977935,-0.5560072252822827
1155899,16.848941729609876,-0.6285825520895034
1156198,15.979529421822841,-0.6126295888754416
1156499,19.72352993706507,-0.6734234905082237
1156798,15.982279585721194,-0.7301987941019619
1157099,16.65864109142701,-0.7416266375473202
1157398,14.951441938065898,-0.6322991776933458
1157699,16.758369422945528,-0.5582262093926327
1157998,15.284051310352929,-0.6502647735272975
1158299,15.703339339056637,-0.49527082581688253
1158599,15.976881670711732,-0.5457606216687714
1158898,16.845899090998767,-0.7422951622081717
1159199,25.943673971090533,-0.8698124354022543
1159498,25.252866905826668,-0.8578143879032623
1159799,23.816953907559153,-0.9034737660891266
1160098,19.81112747020962,-0.8097793021643704
1160399,2.2596932056493793,-0.1864119436058289
1160698,60.31846348266463,-0.45555287001776823
1160999,3.7691802227396156,-0.2821775418984862
1161899,1.6552080516949337,-0.2579064937137203
1174198,14.223607180105454,-1.1420159845544786
1174499,24.53137761673971,-1.427522793217931
1174799,9.34128802091564,-1.0331009792084878
1175098,12.258654050005918,-1.2130774673640663
1175399,25.93204700619573,-1.217689109683243
1175698,27.116060835943415,-1.1547667042439227
1175999,24.877526537755916,-1.1680918495465717
1176298,24.76246509278601,-1.1897251911851838
1176599,24.18730902170499,-1.477164432310555
1176898,20.530969430602102,-1.4761375477737815
1177199,23.010745438106756,-1.386287627949605
1177499,20.093527996340537,-1.2011716866894853
1177798,23.56856779635673,-1.1626363511227495
1178099,18.983580111942384,-1.0619565970262297
1178398,21.992096155442386,-1.1774271329056911
1178699,6.344885817568417,-0.7594121562018403
1178998,25.39975542935777,-1.171939225921148
1179299,24.482205829610084,-1.129911344290289
1179598,22.320881322773403,-0.9863959327433207
1179899,35.872811949666044,-0.9911989153577636
1180199,38.516640411680804,-1.5442489802407025
1180498,8.12065704053642,-0.9838479886089821
