,rmse,skill
299,1.1593389567978314,-6.046996119729343
598,1.1683992734066277,-5.763458574310363
899,,
1198,1.3851603668776857,-9.586738543661319
1499,1.4026548115851039,-7.776658325935239
1798,1.3998986062587147,-7.274545897705458
2099,5.15341800921065,-0.11545467177929081
2398,3.6973055376990676,-0.22207436868022623
2699,2.7163006482972145,-0.3039886693149927
2999,1.6589009018076042,-9.154877343949172
3298,1.9449225122842226,-1.514337924474149
3599,2.6048966265828333,-0.41655933969075987
3898,1.4667927328044315,-6.4867517136205475
4199,3.6424035109888373,-0.2080035500864501
4498,1.4822804634381581,-5.76169231557432
4799,1.4454254259433201,-5.744129887436319
5098,1.447111468422487,-6.744625229136648
5399,1.3790273417972865,-6.135346647806872
5699,1.3626703204153416,-5.544654535751037
5998,1.4950542535768114,-2.7209571422192056
6299,1.2546526465897236,-3.0457221506976477
6598,1.337132232901453,-4.838863427680348
6899,1.2069806970893007,-2.8124013898159426
7198,1.2297135622275663,-3.3681878909320293
7499,1.2153066937443935,-2.516008189615527
7798,1.2094509480059672,-2.437312803528623
8099,1.1777611386772637,-1.949223009349562
8399,0.7386024094802306,-0.7032668478574711
8698,0.727860093012638,-0.6939565840640285
8999,0.7079059397788416,-0.6475262489139708
9298,0.7040711573200844,-0.6055942117180613
9599,0.7082048644728622,-0.6330302984179417
9898,,
10199,,
10498,,
10799,,
11099,,
11398,0.9026585670902075,-1.7173225207645326
11699,1.0134432488294687,-1.6631911903151724
11998,1.0223128074290058,-1.6630562059479814
12299,1.1611505858202156,-1.5660797231019128
12598,1.1903176503896602,-1.4713460852071645
12899,1.5235454826621593,-2.715732068501086
13198,1.4663032436598444,-2.794450958943389
13499,2.288354560333455,-1.7863665009661145
13799,1.846329768363548,-2.0532029081773557
14098,1.6455812537871592,-2.3757910311885713
14399,1.6888072863423877,-1.050517106212244
14698,1.6983277558076653,-1.0599962938086573
14999,1.9590775757382213,-1.029838891910575
15298,2.414063974106277,-0.9770986154089298
15599,2.347954669948869,-1.0521847749174364
15898,2.642786038613255,-1.3343324980739184
16199,2.390875776212792,-1.3396515671247928
16499,2.635463070826218,-1.2592023895341367
16798,2.589741514712792,-1.1914323163582368
17099,2.627770921717422,-1.3707110453247076
17398,2.5235527245892717,-1.1542804085254104
17699,2.3932126433323275,-1.1272618596728123
17998,2.3825024467559386,-1.1717868588752713
18299,2.0365544515568645,-1.2138859885357043
18598,1.9861838127142717,-1.2469820683503685
18899,1.6673516576761176,-0.6950466849918859
19199,1.4118538822280795,-0.6223820137473832
19498,1.2796591747952093,-0.5869174517737157
19799,1.1970827700731965,-0.6065933457865607
20098,1.1242009214688204,-0.5673082309622368
20399,1.6939793476584422,-0.5225480198375911
20698,1.0456685361908495,-0.655560991886629
20999,1.117260650906127,-0.7962737228958734
21298,0.9933240366283491,-0.6653829029615517
21599,0.9627567040763417,-0.6394268254190096
21899,1.054213758168796,-0.8802897313831628
22198,1.0338006144859255,-0.9394446918392056
22499,1.015095976397963,-0.8812876353405621
22798,0.9018828666780553,-0.8700018385479318
23099,0.9859114659836108,-0.906665064802058
23398,0.8527907403186256,-0.5040002573506441
23699,0.9676012413567001,-0.47656003576317785
23998,0.8504546535424632,-0.498573323339246
24299,1.0324421132150057,-0.47977457004697
24599,0.7867915540540372,-0.5683059007028026
24898,0.8479368291893352,-1.092087461772714
25199,0.8110025669066434,-1.1328831619665212
25498,0.8302118972912421,-1.2338016527323203
25799,0.8060919378792051,-1.3337517040270193
26098,0.7741518065250383,-1.396783181259635
26399,1.7829663563938543,-5.913415298849605
26698,1.7711711566313182,-6.115916662339961
26999,1.756891741508633,-6.839977307590151
27299,1.7424466590109478,-7.390918916342956
27598,1.81821415104567,-5.298071207997601
27899,1.757491095367869,-6.300122356247617
28198,1.7633225287845877,-7.139958341331688
28499,1.7444556417614394,-7.101496741641007
28798,1.7424320478522564,-9.671962282173862
29099,1.8175208216942578,-5.133653570728445
29398,0.8801473021430469,-1.0060985774865716
29699,0.9201866389727359,-0.9490039738881748
29999,0.9432783580435097,-0.8024500421817851
30298,0.9137917176245283,-1.0200571569388504
30599,0.9302377537888804,-0.8287101947419178
30898,,
31199,,
31498,,
31799,,
32098,,
32399,,
32699,,
32998,,
33299,,
33598,,
33899,,
34198,,
34499,,
34798,,
35099,,
35399,,
35698,,
35999,14.099504321201643,-4.7693327126272465
36298,,
36599,,
36898,,
37199,10.88505710611053,-0.8585861998692572
37498,,
37799,,
38099,3.5861894653628434,-6.937739152546717
38398,,
38699,,
38998,,
39299,99.40863195027174,-0.5471489165329064
39598,,
39899,0.4408488510647344,-0.9674431130883414
40198,0.4031331915916851,-1.1243140663238451
40499,0.4819136869954996,-0.6807588255162649
40799,0.41384451889943846,-1.0465120564703492
41098,0.4417001630637904,-0.9589230597874545
41399,0.7529182816306326,-5.5048082066382795
41698,0.7926085319047136,-3.9317048935637056
41999,0.8080721126954473,-4.104210874086466
42298,0.7898240648597993,-4.382637920667323
42599,0.9596954701491511,-3.3680016832992203
42898,0.6905896608038621,-2.9417187596894676
43199,0.6827292016557139,-2.986396248078648
43499,0.6982042214774732,-2.6847257004532543
43798,0.6848294219473806,-3.117505215254294
44099,1.0086747466966572,-2.6636181818707505
44398,41.15165938238402,-0.20398180959479784
44699,0.9082643353175277,-8.03012620669484
44998,,
45299,0.9052161259656758,-8.623096914316305
45598,0.9142043321323423,-9.052626796484926
45899,0.735418487767496,-9.177822292470093
46199,0.777145579593885,-7.049932000429521
46498,0.7562984411100886,-7.811219437946773
46799,0.7738192545637923,-7.142786526661705
47098,0.7757367952582367,-7.5414633738300605
47399,0.6034529652846553,-2.246760152386335
47698,0.6503412058610442,-2.619296529165613
47999,0.626620974988359,-2.4299143505739873
48298,0.9277764185300256,-1.2142474906698681
48599,0.748310700425859,-2.436473578569867
48899,0.9689369623095911,-0.0009068581971771739
49198,1.2924091002363014,-0.32172451611690644
49499,0.8637238111093942,-0.15690158024840506
49798,1.3767639084854428,-0.08813621350875067
50099,2.783883532671412,-0.14843049875662007
50398,3.5517960225178853,-0.19188031563023
50699,5.983286645130891,-0.1762399160699002
50998,6.425861912027868,-0.19779117097736365
51299,8.704728597791757,-0.16734348796224863
51599,7.295593127988515,-0.18713850184290348
51898,3.72459429499545,-0.2183090641655525
52199,9.17251479862492,-0.20179064406826108
52498,8.949981413481401,-0.21097465405848514
52799,10.941890430778479,-0.2720459251011904
53098,12.873999479888015,-0.28854293483803906
53399,9.488630036550438,-0.27350185983280517
53698,22.68286278293597,-0.27799872578570706
53999,41.33760994274384,-0.1908272570248224
54299,64.62237269429708,-0.2588535321641934
54598,88.58865952041144,-0.2124629234480615
54899,,
55198,1.5564800739075109,-0.1706832692633249
55499,1.7815275550940572,-0.17785484934829143
55798,77.96519897044324,-0.25638702670002655
56099,52.74197183077195,-0.28816700406455364
56398,23.5295674925316,-0.29099469684531276
56699,10.03432735569509,-0.39729071085260004
56999,29.392033136731317,-0.693710370556013
57298,1.7558710727406381,-0.42639433405071303
57599,1.9148224144489707,-0.464578169582784
57898,2.2746270618399405,-0.8035449441629923
58199,2.2290391937751255,-0.7473413173269863
58498,2.335619992249663,-0.7447693284780927
58799,2.2084277854279035,-0.7171575611217784
59098,2.2230484866292923,-0.6938475960324963
59399,2.0595692283484124,-0.584637381247628
59699,1.8568355697789671,-0.5656019566741215
59998,1.6071632473783415,-0.4381405905454592
60299,1.427200874297323,-0.3756872727479763
60598,1.2553648216051938,-0.3347315715003216
60899,1.0509424976176964,-0.17009222458771567
61198,1.1266567096600903,-0.4045668744520845
61499,0.9527014408637942,-0.1153207176209694
61798,0.7172186107033729,-0.08038290029766859
62099,0.6820549382125526,-0.01640359936536462
62399,0.647857174188644,-0.051353308884913185
62698,3.094034766661031,-0.19653208019840496
62999,0.6704522162164217,0.023653729887957553
63298,16.235036116346215,-0.3599228079809591
63599,2.717926636716492,-0.16102803844694447
63898,0.6365517427560309,0.17248591745627162
64199,0.5662225172050112,0.16436784843557561
64498,0.5885693632853949,0.11313621845957011
64799,0.5376161920391368,0.22436370928817073
65099,0.5504141746881727,0.18147823413677355
65398,0.8311393528891391,-1.3131553930923143
65699,0.8164826588937686,-1.220207212033928
65998,0.8118312482178427,-1.3083564390187719
66299,0.7769552144215465,-1.2686221746468673
66598,0.7451904363706205,-1.5775620491577111
66899,0.5374595622449161,-0.31561794968579293
67198,0.9598246357730935,-1.1505539401903855
67499,0.5202380212734425,-0.29418621826635327
67799,0.5030560907317614,-0.3080468338924285
68098,0.47442043497002623,-0.43495344452598883
68399,0.4565022677785294,0.04309018813592658
68698,0.46433971057315787,0.1158166519870234
68999,0.4798283445264712,0.36480655209196966
69298,0.46414778131852824,0.3626669433949714
69599,0.4403451417699171,0.32875406959719367
69898,0.4040542787117375,0.4179271991015989
70199,0.3909675158395858,0.42489484610666595
70499,0.3907096549344933,0.4293886901536006
70798,2.2319768639481663,-0.7941253122186391
71099,0.4406252288242556,0.4012101517700083
71398,0.9461192178595564,-5.168546287419189
71699,0.9115662834729825,-5.797989991910491
71998,0.9209032752368714,-5.336691206012064
72299,0.9348216628040011,-5.228467007258709
72598,0.8965640247044642,-5.723702617623455
72899,0.5137313497980506,0.45706173882036405
73199,0.536633966855921,0.4422598392549404
73498,2.5564474636458794,-0.18419479317245968
73799,0.4807490382286061,0.486911940638903
74098,0.5291027436151803,0.44336325230415286
74399,0.6109459456680494,0.3590705867856291
74698,0.6420635440629033,0.3798037651258874
74999,0.6311819577341997,0.3933269610093951
75298,0.6128668356322625,0.4080033550954233
75599,0.6104542873960355,0.41175790886499763
75899,1.2112922070868555,-0.6349128284307974
76198,1.1281470241794482,-1.0971510663951696
76499,1.235421984348192,-0.4928980499268878
76798,4.861353000508034,-0.12178135140645874
77099,1.8686147238365747,-0.13483353305705137
77398,12.981032093783162,-0.19603260700805292
77699,4.087479151406711,-0.6932291214899564
77998,5.339143275978306,-0.20897679871903208
78299,4.411657420703008,-0.5042914119484225
78599,9.680974585148904,-0.14729039455244908
78898,20.538843216138112,-0.17916737759433388
79199,10.25222623910918,-0.16534598893117503
79498,45.93924303790996,-0.18385612819140928
79799,41.39271513072743,-0.1768186776586933
80098,45.60531244491459,-0.26610839977334155
80399,33.73114401269923,-0.7153352643011694
80698,,
80999,21.014701446218503,-1.247870641138503
81299,107.29306194505108,-0.3546124910350159
81598,12.734972140269958,-1.801042696933422
81899,,
82198,,
82499,,
82798,,
83099,,
83398,,
83699,,
83999,,
84298,,
84599,,
84898,,
85199,,
85498,,
85799,,
86098,,
86399,,
86699,,
86998,,
87299,,
87598,,
87899,,
88198,,
88499,,
88798,,
89099,,
89399,0.6308839316787983,-7.305784710286975
89698,0.6106055503639833,-7.14683948725645
89999,0.6320594244774091,-5.507412239556032
90298,0.6523831178616686,-5.099752475487558
90599,0.6490935135723167,-6.345548155751977
90898,0.37856975259808573,-0.4063644855657562
91199,0.3808323317823021,-0.45323105868782676
91498,0.41558475049058363,-0.33390636700468934
91799,0.9759209612011599,-0.3886552952173621
92099,0.4409079180484541,-0.38465864195714783
92398,0.4786060833575109,-0.021700782600903024
92699,0.42083381312951096,-0.08586251986803806
92998,0.44951370398794244,-0.1386400786597337
93299,0.46448629950853676,-0.13481624725780894
93598,6.557474265694667,-0.15471994098800845
93899,1.2892460250288271,-0.19423812101820825
94198,2.2602864840481094,-0.1338585731153299
94499,2.434867349878325,-0.23742067146360557
94799,1.454789987142214,-0.20096105548648335
95098,7.9209687423571715,-0.1974343097280904
95399,3.230548038493324,-0.04912891775850059
95698,3.969179590460916,-0.05807966934085185
95999,6.919819660754538,-0.05483890060122443
96298,6.971978655555462,-0.05653160323780937
96599,5.999121717969814,-0.06333198075669277
96898,6.4464734149215515,-0.08250129406517148
97199,5.610165370784977,-0.07723542450168219
97499,3.1126292793104398,-0.07108545390820087
97798,1.481744042327279,-0.10686470041582785
98099,1.5518997846692362,-0.13260717053326854
98398,,
98699,11.960673461166952,-8.605455346710912
98998,,
99299,,
99598,,
99899,,
100199,,
100498,,
100799,,
101098,,
101399,,
101698,,
101999,,
102298,,
102599,,
102899,,
103198,,
103499,,
103798,,
104099,,
104398,,
104699,,
104998,,
105299,,
105599,,
105898,,
106199,,
106498,,
106799,,
107098,,
107399,,
107698,,
107999,,
108299,,
108598,,
108899,,
109198,,
109499,,
109798,,
110099,,
110398,,
110699,,
110999,,
111298,,
111599,,
111898,,
112199,,
112498,,
112799,,
113098,,
113399,,
113699,,
113998,,
114299,,
114598,,
114899,0.9760022306694671,-0.5242651768914544
115198,0.9309318988847449,-0.6375307287538112
115499,0.9615381158801155,-0.5631668356971462
115798,0.9936470733278551,-0.46558476737821763
116099,0.9769148286984147,-0.47220295201264184
116399,0.9278463269228132,-2.653518090136368
116698,0.8256802698834612,-3.8992371905027987
116999,0.8542133732978132,-3.6802693602733196
117298,0.8388544896867022,-3.807203061828538
117599,0.7377532047098502,-4.806370500909556
117898,1.2965585744195023,-3.4097903625589936
118199,1.2871559263153352,-3.981587394414353
118498,1.2773590186208592,-4.622356334286703
118799,1.2916621841162614,-4.169061911606227
119099,1.288499232296153,-4.579941498215984
119398,,
119699,,
119998,,
120299,,
120598,,
120899,,
121198,,
121499,,
121799,,
122098,,
122399,,
122698,,
122999,,
123298,,
123599,,
123898,,
124199,,
124499,,
124798,,
125099,,
125398,,
125699,,
125998,,
126299,,
126598,,
126899,,
127199,,
127498,,
127799,,
128098,,
128399,,
128698,,
128999,,
129298,,
129599,,
129899,,
130198,,
130499,,
130798,,
131099,,
131398,,
131699,,
131998,,
132299,18.39422759965857,-5.961928795502611
132599,,
132898,,
133199,,
133498,,
133799,,
134098,,
134399,,
134698,,
134999,,
135299,,
135598,,
135899,,
136198,,
136499,,
136798,,
137099,,
137398,,
137699,,
137999,12.278440559039455,-0.5314296419637841
138298,128.73878978225002,-0.342473738303261
138599,,
138898,0.7482365206726683,-2.123476871006307
139199,0.7983694643347055,-1.9460524289950354
139498,1.296193784944017,-1.5631765764422356
139799,1.707920390685661,-0.669426997381507
140098,5.9960455047808345,-0.28872611444449636
140399,9.77215526904164,-0.2126210533884738
140699,23.938509456619887,-0.30854729419997473
140998,1.792329543245015,-0.5089811787241614
141299,0.7486432597632819,
141598,0.7486432597632819,
141899,0.9196920967555778,
142198,,
142499,,
142798,,
143099,,
143399,,
143698,,
143999,,
144298,,
144599,28.625711656516298,-0.582376322039379
144898,2.8879370893856033,-0.4495629600177995
145199,61.40471615723667,-0.593664358940647
145498,13.652463178555385,-0.6624041548012503
145799,5.4649307263285305,-0.714004018520022
146099,1.5227702122417488,-0.8249335361426355
146398,,
146699,,
146998,,
147299,,
147598,,
147899,,
148198,,
148499,,
148799,,
149098,,
149399,,
149698,,
149999,,
150298,,
150599,,
150898,,
151199,,
151499,23.526788026471653,-6.00134060868862
151798,,
152099,,
152398,,
152699,,
152998,,
153299,,
153598,,
153899,,
154199,,
154498,,
154799,,
155098,,
155399,,
155698,,
155999,,
156298,,
156599,,
156899,,
157198,,
157499,,
157798,,
158099,,
158398,,
158699,,
158998,,
159299,,
159599,,
159898,,
160199,,
160498,,
160799,,
161098,,
161399,,
161698,,
161999,,
162299,,
162598,,
162899,,
163198,,
163499,,
163798,,
164099,,
164398,,
164699,,
164999,,
165298,,
165599,,
165898,0.9586996029809074,-0.4103138289570847
166199,1.9148615953975738,-0.5750660716209282
166498,0.8657429907239629,-0.380669593106556
166799,0.9396776226197964,-0.3842055042325201
167098,0.9504650976429444,-0.3801532555526863
167399,0.796970065835902,0.23782085250172158
167699,1.083723121453143,0.0838733674807679
167998,0.7097856446136799,0.2814139476462304
168299,4.6330430865175565,-0.18476742582877836
168598,5.047596954851078,-0.17814225852722343
168899,,
169198,63.83156962004088,-1.4746538596981686
169499,102.05151928944596,-0.9354420967673076
169798,59.96520043395523,-2.079596590964594
170099,,
170399,,
170698,,
170999,,
171298,,
171599,,
171898,,
172199,,
172498,,
172799,,
173099,,
173398,,
173699,,
173998,,
174299,,
174598,,
174899,,
175198,,
175499,,
175799,,
176098,,
176399,,
176698,,
176999,,
177298,,
177599,,
177898,,
178199,,
178499,,
178798,,
179099,,
179398,2.613717593156704,-0.39394658234658175
179699,3.457515655710474,-0.5689597264793294
179998,1.4372609277145754,-2.7878333295271727
180299,0.9413614505872605,-4.929330119629308
180598,3.3339783170322326,-0.5747956426477137
180899,1.8102886043054778,-0.7703710668045562
181199,0.8096851642908773,-1.7261683533699683
181498,1.2244409244450098,-0.4462971578087678
181799,1.0405985793626367,-0.7595701854465338
182098,0.8135721014288061,-0.9681803935022439
182399,1.8179950530967315,-0.12787707542900106
182698,0.808630846480558,0.15138011379720295
182999,0.603528838214018,0.26191756750724293
183298,1.0146995611013494,0.07026463484498113
183599,0.6850863693077321,0.22160904054227204
183899,8.55280374767109,-0.4197537824526565
184198,3.8010151349575443,-0.16660945699243235
184499,4.816410033494567,-0.5093517193772406
184798,0.9290070678687091,0.23945685189061228
185099,0.8029424528042027,-0.04997675606334373
185398,1.0371946947381776,-4.451810962211054
185699,2.2831888821171815,-1.2173949506974941
185998,0.7592609907895078,-7.544264636610812
186299,0.7313210890163596,-8.144536788536204
186599,1.0425871518770664,-4.9142104491612955
186898,1.156424231798139,-1.322941711147191
187199,0.8322476114253896,-1.1771752871072998
187498,0.9965689141628302,-0.9436312774697551
187799,1.8739543380202965,-0.7927328239160665
188098,1.5968180501869638,-0.5453144024477459
188399,,
188698,,
188999,,
189299,,
189598,,
189899,,
190198,,
190499,,
190798,,
191099,,
191398,,
191699,,
191999,,
192298,,
192599,,
192898,,
193199,,
193498,,
193799,,
194098,,
194399,,
194699,,
194998,,
195299,,
195598,,
195899,,
196198,,
196499,,
196798,,
197099,,
197399,,
197698,,
197999,,
198298,,
198599,,
198898,,
199199,,
199498,,
199799,,
200099,,
200398,,
200699,,
200998,,
201299,,
201598,,
201899,,
202198,,
202499,,
202799,,
203098,,
203399,,
203698,,
203999,,
204298,,
204599,,
204898,,
205199,,
205499,,
205798,,
206099,,
206398,1.288670941123359,-1.1537535298026964
206699,1.4274665419850152,-0.6671625574108646
206998,1.4068125444548647,-0.694771451182338
207299,1.216418605364587,-1.8402572462960838
207598,1.2102839304850155,-1.7910763673860952
207899,,
208199,,
208498,,
208799,,
209098,,
209399,,
209698,,
209999,,
210298,,
210599,,
210899,,
211198,,
211499,,
211798,,
212099,,
212398,,
212699,,
212998,,
213299,,
213599,,
213898,,
214199,,
214498,,
214799,,
215098,,
215399,,
215698,,
215999,,
216299,,
216598,,
216899,,
217198,,
217499,,
217798,,
218099,,
218398,,
218699,,
218999,,
219298,,
219599,,
219898,,
220199,,
220498,,
220799,,
221098,,
221399,,
221699,,
221998,,
222299,,
222598,93.02260717352205,-3.9042265919336545
222899,90.08528737135305,-9.565591298017038
223198,110.9614892785498,-3.6626751763654175
223499,,
223798,85.44527533035536,-8.860242443505642
224099,92.77985561073037,-7.563593087728401
224399,64.45422851384035,-1.5555465112463396
224698,81.28590179838896,-1.036822684793166
224999,128.97981761612274,-0.7090496195772551
225298,181.94201276443295,-0.5624065996176297
225599,133.4477971846158,-0.7339997482016394
225898,117.96897699597243,-0.37954861914011895
226199,120.24084029812519,-0.4444396059207836
226498,74.25659252208351,-0.5384908410314813
226799,7.746582915477459,
227099,7.746582915477459,
227398,3.7733670484210253,
227699,3.7733670484210253,
227998,3.7733670484210253,
228299,3.7733670484210253,
228598,3.7733670484210253,
228899,1.78185161387008,
229198,,
229499,1.78185161387008,
229799,1.78185161387008,
230098,1.78185161387008,
230399,0.9006054875247345,
230698,0.9006054875247345,
230999,0.9006054875247345,
231298,0.9006054875247345,
231599,0.9006054875247345,
231898,8.388230557919872,
232199,8.388230557919872,
232499,8.388230557919872,
232798,8.388230557919872,
233099,8.388230557919872,
233398,0.7699451451142592,
233699,0.7699451451142592,
233998,0.7699451451142592,
234299,0.7699451451142592,
234598,6.810148758260583,-0.6690942720124471
234899,,
235199,,
235498,,
235799,,
236098,,
236399,,
236698,,
236999,,
237298,,
237599,,
237899,,
238198,,
238499,,
238798,,
239099,51.55572513360561,-4.0100742260201825
239398,,
239699,,
239998,31.056960561781764,-2.50868667716224
240299,,
240599,,
240898,,
241199,24.32362112688295,-4.046513115758348
241498,,
241799,,
242098,,
242399,13.363268478791474,-3.5974804509380487
242698,18.88197513831462,-2.235968835949722
242999,22.635777811080825,-1.313722804826544
243299,26.162178312071564,-1.4173202596775671
243598,27.584034284069247,-1.2176615443542262
243899,15.004639949656601,-0.5278814877503333
244198,16.67430118736262,-0.6928501485981788
244499,24.719803291318634,-0.4904428732741477
244798,43.071781433610305,-0.309962150622737
245099,35.324863634869565,-0.7067752149710467
245398,35.48422738140881,-0.620257302313669
245699,29.33346898682315,-0.38482412833416424
245999,24.934721404867137,-0.4746512668796581
246298,58.21909906757315,-0.3601296556374247
246599,59.754789136519925,-0.4352249437492295
246898,89.23062817413634,-0.26042696474039717
247199,50.04191985389096,-0.42797393867037736
247498,35.69954211152986,-0.644067004438375
247799,3.4168665293826974,-0.28662500897350496
248098,45.32237276448356,-0.24382436498542215
248399,19.89919409715605,-0.3090319030280282
248699,13.338052513595867,-0.4350997061671771
248998,6.012089060056514,-0.6053277679726647
249299,7.064826062419942,-0.48866199291296075
249598,6.9015927979801255,-0.5410201282519069
249899,8.703370906946743,-0.4380949056230996
250198,8.036183800627299,-0.47100909776616273
250499,9.63782594229165,-0.503000927649208
250798,10.074543551979149,-0.4678504834317925
251099,12.192679459604152,-0.48487589190543745
251399,11.321613182494838,-0.4686728739196433
251698,10.069900033934655,-0.4414786285343375
251999,12.698136363656875,-0.30639085576690595
252298,11.813006317997536,-0.393326408874062
252599,13.93882221532611,-0.31750322060679004
252898,4.648999036889261,-0.3333458344351399
253199,0.9458432742738064,-0.1736072878538859
253498,0.8988390492225048,-0.3685882468859414
253799,1.7598545196028341,-0.15567446026485166
254099,0.844023479415697,-0.23575655103750726
254398,0.9917215386141393,
254699,0.9917215386141393,
254998,0.8734258741249298,-0.3296161292995843
255299,0.9917215386141393,
255598,0.9917215386141393,
255899,2.038995131329817,
256198,2.038995131329817,
256499,2.038995131329817,
256799,2.038995131329817,
257098,2.038995131329817,
257399,0.9232094568470716,
257698,0.9232094568470716,
257999,0.9232094568470716,
258298,0.9232094568470716,
258599,0.9232094568470716,
258898,0.6093159479551163,
259199,0.6093159479551163,
259499,1.0304437894874134,-0.30921290346709207
259798,0.882615398184075,-0.29692200195386453
260099,0.8908287680322725,-0.2711026609164533
260398,0.8116022359611703,-0.10551350050126374
260699,1.6175019512612874,-0.21693766529319314
260998,0.848588954356326,-0.1388831984823904
261299,0.6023267023967596,0.04349187429568235
261598,0.6598504774900706,0.004695213146144628
261899,0.6238009679622656,-0.05100398066545231
262199,0.5185271343940318,0.09193246587966342
262498,0.5861917077886544,0.034635083638718256
262799,0.5291456779194946,0.09868693369311066
263098,0.4958519676438796,0.13008945026517682
263399,0.48767075808454874,0.1239933983218735
263698,0.935163756147229,-0.22159832753205833
263999,0.44738126683454865,0.2781758881565797
264298,0.4045818401310254,0.36453280339757177
264599,0.4099307914618635,0.3473403652559214
264899,0.41827207642724723,0.4023428217698587
265198,0.3926308134411361,0.45908167901280494
265499,0.39019107830919153,0.445806387928665
265798,0.3894654512540512,0.4779669270419773
266099,0.3570081624554401,0.5283387647931117
266398,6.541174105078392,-0.22093526992412915
266699,0.5159095054819182,0.5344724599912399
266998,0.5254968361495493,0.5463312767609458
267299,0.4545160775634347,0.573244446321103
267599,0.4483531473353009,0.5592713396439327
267898,0.39409469539062736,0.6219701428097761
268199,0.5244526118366385,0.4779939483308516
268498,1.4918714452749926,-0.1121558211329563
268799,1.0556805030846128,-0.1464350428899106
269098,1.6535111495087889,-0.28535273810770456
269399,0.4980476679940634,0.4444113355526552
269698,0.47226270898480394,0.46541160786769586
269999,0.9206144721380721,0.022127053916183415
270299,1.566427964646153,-0.28331550303491215
270598,0.7497320810311003,0.11643501926455568
270899,0.9645214937357713,-0.5360897704521905
271198,1.3346720424453418,-0.14841980311047998
271499,1.4851738838157122,-0.14566594079471895
271798,38.85023335589897,-0.3799459854431373
272099,1.044718265554674,-0.26982364022280736
272398,3.6186604383908776,-0.21040157909650858
272699,1.6430593811016636,-4.475855997512724
272999,1.6368795025345337,-4.8587013683680995
273298,1.6202113368848041,-4.427605367022969
273599,1.6401620897627278,-4.006227933232716
273898,0.5624688206213466,0.3713284636349641
274199,0.6023449658668238,0.32165638112442163
274498,0.5592693311689416,0.36057471426753607
274799,0.5628695724986614,0.3398688399706776
275098,0.580085272217717,0.33266675533745727
275399,0.7826249151865233,0.1822386516231138
275699,0.6675076651736888,0.2123215866779562
275998,0.789865673963564,-0.2506237274378633
276299,0.8339931527552306,-0.23166453937637677
276598,0.569152341160708,0.3627594083129918
276899,1.246998752296738,-0.42562199998621963
277198,1.0798547994796084,-0.5097172274403841
277499,0.6682090260675716,0.12728413688954177
277798,2.0013597280768307,-0.4439212852717813
278099,0.7157635323870157,0.06851032165894344
278399,0.7987282369631516,-0.06254520781312989
278698,1.0070656199168553,-0.3157362341397212
278999,0.9082168255403759,-0.14586869973957728
279298,1.0008195566075058,-0.27108732860426943
279599,1.1709641029038016,-0.32103774971615895
279898,1.5736937243636335,-0.6463443339852917
280199,1.471236579537245,-0.4058530123782318
280498,1.352454643523356,-0.33511259972477037
280799,1.6951633572525227,-0.48680767848098716
281099,1.792056196970115,-0.4641740906091323
281398,1.8145697084717882,-0.4395257542063771
281699,2.116198552923178,-0.5450855531556245
281998,2.1418916257958625,-0.5561625874087048
282299,2.3798593759717885,-0.5914489469943536
282598,3.397751262268085,-0.6488351857855217
282899,2.1995825709869146,-0.4277969627730329
283198,2.5359374533457046,-0.5139695705055216
283499,2.276323649104964,-0.4331362125014324
283799,2.906594137558675,-0.5737667421269446
284098,2.869808423639693,-0.5911772058060363
284399,2.6738228246253457,-0.486222711253415
284698,3.3183512950697907,-0.5599881721055888
284999,2.8007933500749225,-0.4922917038559571
285298,3.4292686740721057,-0.5569476419384538
285599,3.4367257497804387,-0.5845643681149557
285898,4.163524714779393,-0.565133668790085
286199,3.998408069397787,-0.5373908866604715
286499,3.5223096241778795,-0.5198394712523304
286798,3.8431468906501007,-0.5244039375900744
287099,3.2232880220111877,-0.4579241699085612
287398,2.815856848684742,-0.47809188115257517
287699,2.4390864528258316,-0.4262687458628771
287998,2.4317218235295357,-0.4171086873073977
288299,1.8546240965715919,-0.2800923284454291
288598,1.4506201626340922,-0.16166006368538932
288899,1.4453248988140142,-0.18208484034554018
289199,1.4301851264342753,-0.18619418205710825
289498,1.1070816997874042,-0.0502640839860804
289799,1.305618946391959,-0.13772273693141646
290098,1.1868760110847694,-0.16048901152941375
290399,1.5398459557181958,-0.2920697728556565
290698,1.6033526658339365,-0.33239131513780196
290999,4.10716079923721,-0.26678027943579297
291298,1.512097044739029,-0.4815411776651497
291599,1.4185235043825477,-0.5640922599656606
291899,2.1366294574190983,-2.4978725774943515
292198,2.2155659688006164,-2.339379895747537
292499,2.3890338967057083,-1.742953510755485
292798,2.6919420015811344,-1.149675603575063
293099,2.3460637922728385,-1.7602085046255227
293398,2.5297793105839816,-1.801944915175957
293699,4.24308615516704,-0.47417567755492995
293998,2.7543729391395377,-1.2864574428650348
294299,2.530513990202037,-1.7855588926996462
294599,2.666573794130278,-1.5096314041018797
294898,2.5862759489494205,-0.7385791241395006
295199,2.1666412483555018,-1.3521699047333833
295498,2.323906210468928,-1.1777946611013936
295799,2.411933389820081,-0.5828034552554135
296098,2.2638995959295762,-1.3724978323971966
296399,1.9261311670841748,-1.3872956435421857
296698,1.895269171181397,-1.4058978906288506
296999,1.9925721100957487,-1.1190149041708253
297299,2.205296541442971,-0.8645694332413782
297598,1.941451968498527,-1.3410538029927475
297899,0.9459713023380867,-0.09803757078773323
298198,0.7909796648033647,0.019474833349807374
298499,0.7857950145116978,0.022419174028616262
298798,0.8188835713079944,-0.004127084279843318
299099,0.8352876887871608,-0.008854387073091274
299398,0.7314035047567808,-0.04900245834680961
299699,0.7049031974720588,-0.03550925621989731
299999,0.7572200792521513,-0.12785487873666246
300298,0.6676288592845586,-0.004906516849721987
300599,0.7843985896665032,-0.11788208818250379
300898,0.6964482617423012,-0.10807628893820165
301199,0.6085824802909124,0.022211476690030985
301498,0.5962703358973938,0.05865058056587491
301799,0.6263445767194905,0.03331336046823119
302098,0.6142845612285235,0.02432201100219522
302399,0.4946164960730726,0.1018709648397409
302699,0.9209339597279675,-0.2594359567863467
302998,0.4149767008035296,0.3403226589265601
303299,0.3932567722673655,0.3169637167667103
303598,10.396961950549496,-0.41702357992829553
303899,4.333931742600587,-0.3390231812848805
304198,0.3239876824241932,0.5253169538212468
304499,0.330231831558903,0.532738488995407
304798,0.3030460112011091,0.5878706458504683
305099,0.33062611755773763,0.5651437436032134
305399,0.3546501387322173,0.5733502590090551
305698,0.31130236111879145,0.6290152549880024
305999,0.34659863331162527,0.6133454285082769
306298,0.3036395691542179,0.6540905489625268
306599,0.330335641755333,0.6268279748044243
306898,0.2999159987832084,0.6856906045265315
307199,0.3047287622588244,0.6805407258834983
307498,0.3380321866573344,0.6392173250413322
307799,0.3403188369249913,0.6565270967064658
308099,0.34330438558702847,0.6536811089488055
308398,0.46082885754594904,0.39645106826868337
308699,0.4956274571061344,0.35270678571494696
308998,0.45615540126585646,0.39639747602237285
309299,0.4730631965575232,0.375303375260266
309598,0.45110124073289687,0.4027096805742383
309899,0.4013254390445684,0.5501472133722136
310198,0.44161745902484123,0.4319059428947565
310499,0.3974406972051208,0.5360433658541124
310799,0.3782447035635672,0.5656269275032012
311098,0.35152571273158706,0.5873928851358937
311399,0.4310477283470022,0.365621705755354
311698,0.4468739110789693,0.325867478804193
311999,0.44282366289378405,0.3106102963588784
312298,0.4552935916194081,0.27938241951249765
312599,0.4330022066258107,0.35388446525927886
312898,0.552263096448214,0.022215996787923298
313199,0.5474540477254777,0.027412783867507007
313499,0.5371504754735698,-0.05163717030399684
313798,0.5721207212810334,-0.007579500868138966
314099,0.542363321836589,-0.09832844787882533
314398,0.3619774058428694,0.47089635482481274
314699,0.3679563369044845,0.4661047461327177
314998,0.40254614582998693,0.43196976312509705
315299,0.385458159259094,0.4813837037050199
315598,0.6180881697520255,0.132301325793579
315899,2.13864353705505,-0.10705753459732881
316199,2.6243209739929565,-0.17935031926263534
316498,0.7157110983947679,0.18711558823714414
316799,2.3841105867361465,-0.6000640872842689
317098,110.20548328700458,-0.24817533812649128
317399,73.91099124087137,-0.26046310991903954
317698,94.35918056266397,-0.14608439430176556
317999,101.55508461822646,-0.22598858072396255
318298,52.14804971605406,-0.2782790097579886
318599,64.10982596616499,-0.21430216197314267
318899,38.66023802742,-0.25071592923735353
319198,2.8379036345205835,
319499,,
319798,2.8379036345205835,
320099,1.6274394756179942,0.026339223919578547
320398,14.28149783888786,-0.7153543424409747
320699,20.026299922556152,-1.0970749579006696
320998,14.947638571517489,-0.9391099817907198
321299,40.27817327668728,-0.9090391725045168
321599,15.416737690524432,-1.1073186885823154
321898,21.82331854653519,-1.1319640886371172
322199,9.189734033279775,-0.9037403837338474
322498,4.38310422774414,-0.16202959574921527
322799,5.612290883089048,-0.38170455972931316
323098,5.655115240591362,-0.3471081773214677
323399,8.900975762321558,-0.9116260478285598
323698,11.695440470064973,-0.8495124043384665
323999,13.091050706882104,-0.9456901293806697
324299,14.117670603426086,-0.8622246149878103
324598,11.370981536405253,-0.8631844705594658
324899,11.796698638060178,-0.8639133266230359
325198,11.094729584951383,-0.8337487744723684
325499,9.759666113729159,-0.8220391994648495
325798,7.322275763434255,-0.7993949541745129
326099,8.4954402995949,-1.178672135340621
326398,14.283009315467606,-0.8876639448116814
326699,5.96841665430498,-1.0999983998271365
326999,10.302619006552975,-1.0913232989411967
327298,11.65993179674394,-1.2084190005803337
327599,9.090862314683756,-1.2780452704366065
327898,19.963713593586284,-1.001904502135385
328199,45.47821282157096,-1.399138931125075
328498,11.555332436362104,-0.7173512335915644
328799,13.777856264878832,-0.9614366429960726
329098,7.918399724779295,-0.8434245091840666
329399,4.461070373036736,-1.025227891001296
329699,28.859705252281774,-1.1774796671816072
329998,31.074324955920993,-1.2471591310249885
330299,10.580890766861135,-0.8343585048420132
330598,,
330899,0.7233185423983645,-0.1425320713691538
331198,1.100200024525924,-0.24514531652941862
331499,2.477133020511348,-0.6682024408070597
331798,,
332099,0.37464417693934227,-0.17989192423391143
332399,1.5318572005754056,-0.21770342789021746
332698,15.818747250047084,-0.5958576625838059
332999,8.783872265461437,-0.7754344025079629
333298,18.517792090644306,-1.0430844531864838
333599,11.402220124577177,-0.6683835104483802
333898,15.869338508875538,-0.6855857621468664
334199,30.834059422671835,-0.8123274519014163
334498,38.54467894779684,-1.0041240033587573
334799,40.14085983866721,-0.7444173957972049
335099,24.434580278435725,-0.7078534688052627
335398,19.886645954180153,-0.8386577888937243
335699,14.563080234474134,-0.9880632059169456
335998,7.550820774913948,-1.074938594994571
336299,0.8745760186861374,-0.10752532093436895
336598,2.934315609335618,-0.7130577728302849
336899,0.6532384485193274,
337198,0.6532384485193274,
337499,0.6532384485193274,
337799,0.6532384485193274,
338098,0.6532384485193274,
338399,0.5065503917916605,-0.18595723077094783
338698,0.5859549234565871,
338999,0.5859549234565871,
339298,0.5859549234565871,
339599,0.5859549234565871,
339898,0.6323795731838001,
340199,0.42086871145130617,-3.5858007170873396
340499,0.7147988415038228,-0.3420700640468146
340798,0.6323795731838001,
341099,0.6323795731838001,
341398,,
341699,0.683326247234808,
341998,0.683326247234808,
342299,0.683326247234808,
342598,,
342899,0.8302253769860438,
343199,0.7243317011066387,-4.513951723615466
343498,0.8302253769860438,
343799,0.8302253769860438,
344098,0.8302253769860438,
344399,2.0450292828656247,
344698,2.0450292828656247,
344999,2.0450292828656247,
345298,2.0450292828656247,
345599,2.0450292828656247,
345899,4.958672123312494,-0.2726922381552286
346198,3.9546836105570895,-0.33346252684309974
346499,3.60311275417439,-1.9159831791714028
346798,3.5116302747623527,-2.337348106383638
347099,3.379945903124995,-3.284841134258471
347398,1.1970555583002835,-0.25915985024085453
347699,1.2006483088581539,-0.26556294511824285
347998,1.25363311452945,-0.2555313665115213
348299,1.0593513466104687,-0.27705963619663754
348599,1.0943292358682861,-0.28054274703787496
348898,1.2062006760216697,-0.4203884939020355
349199,1.8918679617253735,-0.3970111553067355
349498,1.0991313501066358,-0.390277198854887
349799,0.9736140903318549,-0.3739102803272196
350098,0.9084806406807098,-0.38815364740531444
350399,0.8432577218362617,-0.13438858509031615
350698,0.862617143533021,-0.1482701907577395
350999,0.849590445294595,-0.13010333745269742
351299,0.7019675837899653,-0.013614779659110843
351598,0.6915685900376507,-0.004315477334334572
351899,0.7955788785854403,-0.07575229459458988
352198,0.6997688500141916,0.0008910029534461295
352499,0.9394040522650771,-0.3775415493669434
352798,0.6798951042011812,0.07737903171854665
353099,22.127475509378325,-0.28346096498269824
353398,0.6341317757399189,0.20585303210094452
353699,0.6242661065390787,0.21911505218953076
353999,2.8769493150992638,-0.2642523910591308
354298,0.7335389363208106,0.15278060836889673
354599,0.7818756454689589,0.15833292744759875
354898,0.8444864978153288,0.0917549691993339
355199,0.9143067163199586,0.08047813131560932
355498,0.9843032993824585,0.034241761137783655
355799,1.0557747799787416,-0.0076634380564413185
356098,1.1734940964542178,-0.2789103963581483
356399,1.0449545640475377,0.07447903358786301
356699,1.1648915128785562,-0.006076137486380473
356998,0.9617003050591116,0.11605018954507851
357299,1.2198517979202228,-0.06183000934836791
357598,1.2546471852677876,-0.03886134621332915
357899,1.2174942024837474,0.019870402881822624
358198,1.3897244534189328,-0.06729356571320011
358499,1.4856014125693955,-0.11240832390185451
358798,1.3881940810693956,-0.07634682631547851
359099,1.5778309793564327,-0.16685962371176988
359399,1.3091213344613446,0.06123307097226516
359698,1.3163838086650483,0.03595016364038961
359999,3.914873797410356,-0.38146723136321614
360298,1.212869899378575,0.07432350081831773
360599,2.1531952373832044,-0.29994580163105256
360898,1.8785597633273605,-0.32305583994135834
361199,1.4616557301690536,-0.07043061005987639
361498,1.364450068849609,-0.02669516007045236
361799,2.447336795998949,-0.4079092361507286
362099,1.594811776851924,-0.13396798942449495
362398,2.1367739908720846,-0.41593004379829757
362699,2.2525135704438437,-0.30348971049687257
362998,2.2453207133512505,-0.21583473572610634
363299,2.468584807038532,-0.10744421048682096
363598,2.3528463801048294,-0.2144524535226604
363899,2.3084529652082475,-0.5467487833200404
364198,2.682291189486025,-0.6278801032459043
364499,2.2820959351897283,-0.6002557423892152
364799,2.0654449737221356,-0.528041422059981
365098,2.713840540090191,-0.6770707001201055
365399,2.6179390652170254,-0.826898184110187
365698,2.172754628182303,-0.6120264658344254
365999,1.995398934191563,-0.5448682062419958
366298,2.8409200716707295,-0.957472934172684
366599,2.2463526017332294,-0.5482021976886187
366898,2.195154954003348,-0.6580951676943543
367199,2.407793498123718,-0.7006866423205473
367499,2.7656037877695514,-0.7829601999152227
367798,2.663503973165385,-0.7392942124853283
368099,4.166088671109829,-0.936709015443214
368398,3.2534896420978328,-0.7457875904612592
368699,3.1253806655145,-0.7314989576979223
368998,2.919197182303851,-0.7014231342927357
369299,2.7084507877089443,-0.6461624886495898
369598,3.512890031583944,-0.6974808245382629
369899,4.949241158062347,-0.769521852038997
370199,3.6982128253066455,-0.7592649133163956
370498,11.101204139185032,-0.325370566953455
370799,5.8735304114177564,-0.6337961391240803
371098,7.476251919610958,-0.5652437991538444
371399,6.780249593724039,-0.7632917731368749
371698,4.035276907760102,-0.8386142155203458
371999,4.395937806459176,-0.8821694142162715
372298,13.480705793287832,-0.2606053259923249
372599,14.787607583884547,-0.27909596899941325
372899,9.063958360065548,-0.46839080995753934
373198,11.220856480469523,-0.32657234432108306
373499,9.994315740926659,-0.5521744715686625
373798,12.72487694775193,-0.3351731669885143
374099,8.129726610211945,-0.8949034619217737
374398,7.740268904536426,-0.9456180222652673
374699,11.245213492208089,-0.6648003395104141
374998,7.176991983423,-1.0246497776539254
375299,6.173108229191519,-1.0416288525495148
375599,6.392514304307259,-0.8496647996336593
375898,8.155445430607477,-0.8353507648071383
376199,6.4228839057560325,-0.8733757943865164
376498,4.109001680254751,-0.721327161839928
376799,6.07895164633577,-0.658305926715544
377098,3.299358387217714,-0.5257133051642171
377399,3.4091288693579305,-0.4876943179303901
377698,2.5312840804620964,-0.3986410512220404
377999,1.8931220028324671,-0.30445851785379396
378299,2.2750255698370974,-0.374776270418107
378598,1.8807270785107082,-0.27133355522515834
378899,2.092989067973823,-0.34305429540874877
379198,2.0984412709252114,-0.34857323305014143
379499,2.081819158452989,-0.33839563062668443
379798,2.101449625841878,-0.34164086893994616
380099,2.537872794608082,-0.4050076246917653
380398,2.8167331678181204,-0.3567199057912753
380699,2.9746954977255284,-0.3836691042155478
380999,3.062292956031084,-0.38721178621264296
381298,3.0090367219732137,-0.39009637677322284
381599,2.6427658972695096,-0.35783213844010664
381898,3.016927730129725,-0.6553353501953176
382199,3.453930004243151,-0.558320562668271
382498,3.396612538997781,-0.5644774853691599
382799,3.474030670937596,-0.5728092613804356
383098,3.771897956967688,-0.5215091774037974
383399,2.9639415119522314,-0.2111849296460262
383699,3.2630681316721386,-0.24254726403064297
383998,3.205324130780936,-0.25492991164964507
384299,3.2816152475702873,-0.2753793764487591
384598,3.5927225703239944,-0.2928211141832078
384899,2.6074311576706806,0.16391803655340242
385198,2.8030382756270997,0.08181419644370136
385499,2.8113389479488586,0.04058894220709508
385798,2.571006653513674,0.06194212336474625
386099,2.5415168165900623,-0.00012572129913901442
386399,1.910919510782923,-0.36554573369038557
386698,1.876108324928528,-0.34353572228804663
386999,4.109025276714039,-0.33663062870967675
387298,2.553118289178528,-0.3375181679633781
387599,6.029011490301176,-0.6069915831960109
387898,14.827631740194976,-0.22573247139626784
388199,1.404702581774754,-0.3646105265313555
388498,1.7879824209113282,-0.3409575497086037
388799,1.583549779025524,-0.3607201854806463
389099,1.1687654254143165,-0.2737785630003382
389398,1.2098839756119897,-0.3420231424941247
389699,1.4001328875425456,-0.37332383764490906
389998,1.354970193748564,-0.36413203003942707
390299,1.1775966250541194,-0.30581061908385276
390598,1.545199984370734,-0.35337655337742113
390899,1.2631253264759785,-0.31016364561526544
391198,1.222220620883386,-0.2707547816221303
391499,1.1973727136958863,-0.2739307771438686
391799,1.2282249899296824,-0.2627815251173149
392098,1.2719911115616265,-0.24956988002146208
392399,1.2631441284237954,-0.27864719360105816
392698,1.1422485970742584,-0.17405722991007577
392999,1.1564515516691658,-0.1773016498828528
393298,1.050884451194629,-0.12270256502678478
393599,1.0060700790349064,-0.06275441853909691
393898,0.8757429732501147,0.013405891478683651
394199,0.9827276142200222,-0.029008236719271885
394499,0.9127529515047441,-0.014845819179047925
394798,0.8782349228427073,0.009902677791989056
395099,0.8800619339283553,0.044679260481230054
395398,0.9749720399140139,0.02243369152825525
395699,0.7976439156200321,0.18558703389374687
395998,0.7726787982635508,0.18426671036201392
396299,0.8410626021223471,0.12394041850550919
396598,1.0043570395048347,0.013079970484557335
396899,0.9608457543599103,0.14583733158725265
397199,0.9412758173691694,0.1547757857218761
397498,1.0394122935867625,0.0906235206909628
397799,0.9581689107788915,0.15169518134142745
398098,0.959755048151577,0.1525264375633253
398399,0.9378380879294388,0.19166235813085986
398698,0.8799643502326796,0.22821044653839206
398999,0.9040796196123091,0.21092439268920127
399298,0.8762602550498091,0.18132536407010325
399599,0.9335430169410128,0.13071958269457873
399899,0.7517781614507312,0.07692435996826286
400198,0.6368559861802701,0.19085470400304938
400499,1.1486134621698925,-0.1587949116708911
400798,0.7798431344345276,-0.057153283924053166
401099,0.6457999683045096,0.11846134769455186
401398,0.5913157185115924,0.23234053350706374
401699,0.6076375142754813,0.2001623740110553
401998,0.5594667147306935,0.267570594820678
402299,0.6387074003006867,0.18109567929447035
402599,0.5611362331781847,0.2673148750858818
402898,0.6374189505133869,0.1844269456134141
403199,1.0298081400365353,-0.3006198971074563
403498,1.158198454825887,-0.37716437392604885
403799,0.9346661360295906,-0.06263354887235484
404098,0.9487097701364823,-0.26955901526219916
404399,0.8689525681838063,-0.19952436893821246
404698,12.631577369549886,-0.5087365608034982
404999,42.20549182195353,-0.21218045137863295
405299,,
405598,,
405899,1.3600277783660872,
406198,1.3600277783660872,
406499,1.3600277783660872,
406798,1.3600277783660872,
407099,1.3600277783660872,
407398,2.733392261315164,
407699,2.733392261315164,
407999,2.733392261315164,
408298,2.733392261315164,
408599,2.733392261315164,
408898,2.567168864616701,
409199,2.567168864616701,
409498,2.567168864616701,
409799,2.567168864616701,
410098,2.567168864616701,
410399,0.6012263362438195,
410699,0.6012263362438195,
410998,0.6012263362438195,
411299,0.6012263362438195,
411598,0.6012263362438195,
411899,,
412198,2.672992260438562,-0.2806297236091859
412499,47.26205807888257,-0.5546336246833872
412798,51.67034868279089,-0.7807515107051688
413099,33.83647482992187,-0.761328222363747
413399,38.379818442242,-0.5743215002397766
413698,14.194115152488362,-0.733049588390061
413999,11.259067951666603,-0.7378539888717417
414298,13.089696051509195,-0.732549894902365
414599,13.012764168712899,-0.7447648682064991
414898,11.183645187947613,-0.7538130384556072
415199,12.209904969779155,-0.7216798179810844
415498,12.702708903408265,-0.8321038207887756
415799,16.115768570038412,-1.1073442494670171
416099,62.69920243969289,-0.6054339959061845
416398,7.846435541707645,-1.45422104464197
416699,,
416998,0.5939108121233736,
417299,2.8630282662788784,-0.3350550416030629
417598,57.52502774503171,-0.6681239640178371
417899,1.2142895784913366,-0.2880285780997831
418198,,
418499,1.9311439704247806,-0.4218261079655661
418799,0.8568028367277382,0.09792355228532967
419098,16.661628957431557,-1.156439363332734
419399,4.612871927606477,-1.015915381698588
419698,,
419999,,
420298,0.643500291983173,0.030185217900875694
420599,0.5727474057718828,0.05603148872958952
420898,,
421199,,
421499,,
421798,0.5031957203671737,-0.660286828423404
422099,0.6196669677501123,
422398,0.5618953070043152,
422699,0.5618953070043152,
422998,0.7337570852551619,-0.17926331211306068
423299,0.5618953070043152,
423598,1.0809861893485417,-0.15843107198254325
423899,2.3303528695860134,-0.33771000055934386
424199,21.7938871849572,-0.5272746703894047
424498,11.311747033540518,-0.509329673556373
424799,25.050626346272008,-0.5900788171113573
425098,23.107629892755806,-0.5676992841202362
425399,24.944134384115902,-0.6048338075686794
425698,29.69168801223825,-0.5473678598893315
425999,25.189911518902935,-0.7224218329355359
426298,25.935396254687618,-0.8143577830802065
426599,22.443543477201512,-0.7463864410342453
426899,19.828108568897314,-0.7030539948417269
427198,23.549431311370185,-0.634799815156343
427499,25.54873975604083,-0.6454473935741949
427798,23.470642148126043,-0.7876139881281725
428099,25.84339805865259,-0.6507935510244687
428398,25.520300556655616,-0.7477510529033129
428699,14.983837702938139,-0.5778623934382225
428998,24.684178916046644,-0.6540297375298116
429299,27.863008853726612,-0.6594117274586964
429599,21.760317594218122,-0.6590458815344731
429898,30.206761749654635,-0.6734342954500325
430199,34.39220033951554,-0.6391324536413141
430498,34.85794880236065,-0.51813415961547
430799,29.955940841520366,-0.5185612453670865
431098,36.503988553336235,-0.5578418137211614
431399,33.32857155974132,-0.5980047304031031
431698,28.0558230824623,-0.5436554058004965
431999,25.59033368009193,-0.6107720672602672
432299,4.65487172365803,-0.42460594109406324
432598,7.89727641618032,-0.4396727110212777
432899,0.5251123052074141,0.11138458691080688
433198,1.8913203188258016,-0.2906756562009214
433499,,
433798,0.7469481788610471,-0.0813103836844633
434099,0.6177245681145932,
434398,0.6177245681145932,
434699,0.6177245681145932,
434999,0.6177245681145932,
435298,4.656493703398575,-0.5966754071626428
435599,3.626733908729593,-0.5999671193470764
435898,6.041601708836074,-0.5377044672319191
436199,2.98790144690552,-0.595938483683383
436498,3.2688978896971865,-0.5518190011466535
436799,2.523671602937927,-0.6045404285460663
437098,3.0353860377573714,-0.5978950644497492
437399,2.6138493494610753,-0.5855454863116456
437699,3.4043655542897793,-0.5203045569048697
437998,3.1250343571022787,-0.5688480937059215
438299,2.8516945140166303,-0.5925123994936492
438598,2.616435552262001,-0.6047906764027877
438899,3.9415143567442024,-0.5476029372217912
439198,2.594591633356908,-0.5717784250758942
439499,2.8769029277758897,-0.5921179919902497
439798,2.5099242196532057,-0.6038364516593875
440099,2.5565563821740387,-0.5932618045758289
440399,3.159107458759687,-0.6709339367814504
440698,2.452534662646261,-0.645902089640741
440999,2.492377215565242,-0.6123837540771155
441298,2.2550000244795942,-0.5915580450238351
441599,5.2377328764496935,-0.4243017831883926
441898,3.2500062551346867,-0.6999882250538954
442199,2.5587754821022792,-0.5873540054210673
442498,11.026187476292286,-0.2464375187844674
442799,9.503902620056174,-0.15605447532236583
443099,10.81599554554139,-0.17567334447307736
443398,2.4558433610073718,-0.5610016413799768
443699,2.459139133535149,-0.5840972905283752
443998,2.337073380312927,-0.5570220624377658
444299,2.3090828705212605,-0.5364925053145109
444598,2.0499611781694087,-0.4901341238043395
444899,2.281842737231909,-0.5448566977404254
445198,2.1277000861694084,-0.506562853257019
445499,1.9423953183407052,-0.45556578024940064
445799,1.8158190705860753,-0.4320439654530641
446098,1.762091212403205,-0.4079876192066083
446399,1.615310926815242,-0.35310669585173904
446698,1.8069387102434828,-0.44259173413482755
446999,1.783567101118483,-0.4313904911164994
447298,1.7915226289981123,-0.41587455286075925
447599,1.728947695160149,-0.3982234832208251
447898,1.7828560310814454,-0.4408464455195926
448199,1.8925475419286681,-0.47926314407609016
448499,1.8159537847110754,-0.4754041214031306
448798,1.83092532865552,-0.45306442957562343
449099,2.102861124042094,-0.5170745891602717
449398,2.222785518183298,-0.567576690722136
449699,2.1942080890305196,-0.5385959081728233
449998,2.2160980372133903,-0.600513937597128
450299,2.314954849403205,-0.6344184920739444
450598,3.291878255465896,-0.9010421548232264
450899,2.775197391658026,-0.9224663940395708
451199,4.561046055690434,-0.5586155163566606
451498,2.7571966611879275,-0.7613359026377602
451799,2.8196122752575636,-0.7679043487726043
452098,2.897089295019137,-0.7877208403602067
452399,2.862215186403396,-0.8449173642389669
452698,2.9359816171487663,-0.804144065132371
452999,3.5199213159381184,-1.0572640140512641
453298,2.813483009153396,-0.8564401664545467
453599,3.114063037595526,-0.8557562741062257
453899,2.824669864864044,-0.8500220709493258
454198,2.996469363454322,-0.8789050764987238
454499,3.106709175620989,-0.8956935817632907
454798,4.560436985728625,-0.9192620388866235
455099,3.5393877715862665,-1.024891888019527
455398,5.415720752179388,-0.5475301324755244
455699,3.3662871140955257,-1.072533800132907
455998,3.9790072829728413,-1.008318915143318
456299,4.105769689276083,-1.0006377311198031
456599,3.4645173679010814,-1.043659151107922
456898,3.4236372427135815,-0.9081894972516535
457199,3.9064195992945994,-0.9849681699456021
457498,3.92074272191497,-0.9265698676468137
457799,4.420933039227471,-1.0540807479300311
458098,4.270065189125618,-1.0082202496375716
458399,3.9616627344867297,-0.892146517406976
458698,4.653840875558488,-1.0389156005080409
458999,4.48048154942423,-0.9673563864396764
459299,4.198876561514506,-0.9522245237567841
459598,4.549677839357099,-0.8724206416223468
459899,4.233722198926545,-0.8835463759887885
460198,4.340804921715897,-0.8797102535015942
460499,4.593181157137192,-0.8743340163002651
460798,4.751893952276081,-0.8991877223639819
461099,5.010656301912655,-0.9220032613618583
461398,5.365482644706637,-0.9267861313101704
461699,5.79578672255386,-0.8906736434738771
461999,6.3116255986001555,-0.9709110987482639
462298,5.956143969058488,-0.9189816046957366
462599,6.840230902810805,-0.9226035548856439
462898,6.714148225255248,-0.9884527924788982
463199,6.717909326857099,-0.9171899867763584
463498,6.814170154030711,-0.9719890225788752
463799,7.374309688491359,-0.908755256077441
464098,7.0884471180006186,-0.9139731239913267
464399,6.594914873796914,-0.9562552124406765
464699,7.362641710824693,-0.9179746154595132
464998,20.908190159804388,-0.4416151929064309
465299,6.392461663033027,-0.8962948868824665
465598,6.444379100431172,-0.8975685862780589
465899,12.25853901180528,-0.6337510499786787
466198,8.657527499515036,-1.07183914983059
466499,4.953693499954323,-0.7472860046858938
466798,7.637734056815516,-0.2792914801010551
467099,12.530896597540497,-0.5269644099291915
467399,23.77044797521411,-0.41696792857840603
467698,28.656370233677073,-0.49330854388508283
467999,9.335050414758092,-0.6998243715967978
468298,8.946179768519666,-0.5568055659324298
468599,10.797147652322908,-0.5965549233391463
468898,18.717665825503463,-0.4426705628742824
469199,41.19584090351504,-0.47351739034929463
469498,51.072568771684026,-0.5124737751270481
469799,25.15589096980439,-0.6156984224357349
470099,20.510314343341427,-0.6323702243516387
470398,9.413714421373834,-0.7756427310032941
470699,22.23408799056828,-0.7936362807952617
470998,17.122392497626148,-0.47563867612512434
471299,9.542245204095527,-0.7747241722064053
471598,7.670546386317557,-0.7372756674710697
471899,3.945796573623303,-0.4380838459609129
472198,13.75107230051593,-0.49523437068427967
472499,0.6177245681145932,
472799,0.6177245681145932,
473098,0.6177245681145932,
473399,0.6177245681145932,
473698,0.6177245681145932,
473999,0.6177245681145932,
474298,0.6177245681145932,
474599,0.6177245681145932,
474898,0.6177245681145932,
475199,0.6177245681145932,
475499,0.6177245681145932,
475798,0.6177245681145932,
476099,0.6177245681145932,
476398,0.5731380407769592,-0.25392842026365003
476699,,
476998,13.990892884915501,-0.7094204925071979
477299,5.665480554634877,-0.3778472807433919
477598,6.148662151141292,-0.28032348281568287
477899,2.8249154160305197,-0.5525438883401366
478199,2.746706284266631,-0.5181184242549182
478498,2.667782425738853,-0.5131978322954218
478799,2.6674180011508906,-0.5332273918813808
479098,2.4708640250166307,-0.5339699732038092
479399,2.2869067813985757,-0.552011597864009
479698,2.216857662169409,-0.5699995892224223
479999,2.0634049848383906,-0.5598084467074016
480298,2.0886384395698716,-0.5661812304268035
480599,2.1235776685513534,-0.5617369258839018
480899,1.7958790060652423,-0.47253174516967467
481198,2.2239277423129273,-0.5847452828775492
481499,2.706065137282134,-0.6140679822509245
481798,2.2254179888846863,-0.5641317563301087
482099,2.4749633829379274,-0.6448857728127695
482398,2.317240297632372,-0.5936120022780287
482699,2.35394814658839,-0.651993802028594
482998,2.157869175387001,-0.5060226491248665
483299,5.013786097137191,-0.556469982477692
483599,2.4548314970467233,-0.584663467198115
483898,3.477953416579322,-0.6478419847751704
484199,2.405322221120798,-0.6563159140477441
484498,2.6741077568895073,-0.77602390825245
484799,2.510569566380248,-0.7883136691157941
485098,2.8576557084334886,-0.7951060580249134
485399,25.799958058283558,-0.3352291683510815
485698,2.9085856797161567,-0.31768153090651796
485999,59.284220789774295,-0.48591558648048827
486299,54.08725771981596,-0.573025692010547
486598,29.183472632739576,-0.5819504040618619
486899,41.43758510647916,-0.22663293563779519
487198,38.896132758231474,-0.22431548157580394
487499,30.046209537284444,-0.2740919367522534
487798,29.845330042199066,-0.2962001709774478
488099,37.47867375381597,-0.3627693529487406
488398,44.66364783520717,-0.42211159305819423
488699,50.79257317721874,-0.3467660791934939
488999,60.55117916188078,-0.30577979238183306
489298,41.11069997968633,-0.367087851350107
489599,42.57981877975577,-0.3894829717698589
489898,55.54659806096527,-0.3589574934489659
490199,56.57638184805323,-0.301544272778012
490498,48.49399259930786,-0.36764790381792567
490799,48.91166139134954,-0.35708253576211724
491098,58.04631094825808,-0.3732439516941113
491399,46.18868890172105,-0.44535458633392766
491699,43.160682078728,-0.42140016293697746
491998,66.22045093716086,-0.40235172422837606
492299,76.26583205440971,-0.5110961769661586
492598,95.84661058983912,-0.35959545925182423
492899,72.06392143458795,-0.42697925867318887
493198,19.747807792219632,-0.47064115243567683
493499,24.513680222410343,-0.5681048637921875
493798,0.6177245681145932,
494099,0.6177245681145932,
494399,0.6177245681145932,
494698,0.6177245681145932,
494999,0.6177245681145932,
495298,0.6177245681145932,
495599,0.6177245681145932,
495898,0.6177245681145932,
496199,0.6177245681145932,
496498,0.6177245681145932,
496799,0.6177245681145932,
497099,0.6177245681145932,
497398,0.6177245681145932,
497699,0.6177245681145932,
497998,0.6177245681145932,
498299,0.6177245681145932,
498598,0.6177245681145932,
498899,0.6177245681145932,
499198,0.6177245681145932,
499499,0.6177245681145932,
499799,0.6177245681145932,
500098,0.6177245681145932,
500399,0.6177245681145932,
500698,0.6177245681145932,
500999,0.6177245681145932,
501298,0.6177245681145932,
501599,0.6177245681145932,
501898,0.6177245681145932,
502199,0.6177245681145932,
502499,13.824238132443277,-0.7171002002934974
502798,5.744811388582791,-0.7774986464345748
503099,6.227498621421915,-0.750727362724479
503398,8.159222389627933,-0.9257207435510177
503699,5.950955997889507,-0.8649034448196704
503998,6.059491245220526,-0.8210929687345778
504299,9.378706965931174,-0.9354778521800642
504598,14.712993971734413,-1.282103365035249
504899,41.770145312292804,-0.8137996112990193
505199,31.712026647730315,-0.6337915278468202
505498,0.6177245681145932,
505799,,
506098,,
506399,0.6177245681145932,
506698,2.707860096366888,-0.65766872585979
506999,,
507298,,
507599,,
507899,0.6177245681145932,
508198,0.6177245681145932,
508499,0.6177245681145932,
508798,0.6177245681145932,
509099,0.6177245681145932,
509398,0.6177245681145932,
509699,0.6177245681145932,
509998,0.6177245681145932,
510299,0.6177245681145932,
510599,0.6177245681145932,
510898,0.6177245681145932,
511199,0.6177245681145932,
511498,0.6177245681145932,
511799,0.6177245681145932,
512098,0.6177245681145932,
512399,0.6177245681145932,
512698,0.6177245681145932,
512999,0.6177245681145932,
513299,0.6177245681145932,
513598,0.6177245681145932,
513899,0.6177245681145932,
514198,0.6177245681145932,
514499,0.6177245681145932,
514798,0.6177245681145932,
515099,0.6177245681145932,
515398,0.6177245681145932,
515699,0.6177245681145932,
515999,0.6177245681145932,
516298,0.6177245681145932,
516599,0.6177245681145932,
516898,0.6177245681145932,
517199,0.6177245681145932,
517498,0.6177245681145932,
517799,0.6177245681145932,
518098,0.6177245681145932,
518399,0.6177245681145932,
518699,0.6177245681145932,
518998,0.6177245681145932,
519299,0.6177245681145932,
519598,0.6177245681145932,
519899,0.6177245681145932,
520198,0.6177245681145932,
520499,0.6177245681145932,
520798,0.6177245681145932,
521099,0.6177245681145932,
521399,0.6177245681145932,
521698,0.6177245681145932,
521999,0.6177245681145932,
522298,0.6177245681145932,
522599,0.6177245681145932,
522898,0.6177245681145932,
523199,0.6177245681145932,
523498,0.6177245681145932,
523799,0.6177245681145932,
524099,0.6177245681145932,
524398,0.6177245681145932,
524699,0.6177245681145932,
524998,0.6177245681145932,
525299,0.6177245681145932,
525598,0.6177245681145932,
525899,5.601825768903205,-0.683036927039649
526198,5.4186501161647795,-0.5755577610043852
526499,6.141979096452008,-0.4937982139014474
526799,5.2664591681045945,-0.5200993188964942
527098,4.564902722507371,-0.6833446468106599
527399,3.9040111777805198,-0.6609002566505882
527698,3.795688988613853,-0.6326424174170269
527999,5.08874114251663,-0.7867254769383407
528298,3.650715007417094,-0.6787459553508637
528599,3.4143959885258903,-0.6883400716638057
528898,5.343723358155518,-0.8451112297608425
529199,18.972010464562494,-0.49576660849364895
529499,15.998118654921289,-0.5351044196708528
529798,3.8595358028617293,-0.5582331350678933
530099,9.834126350842586,-0.5711301934622277
530398,18.709302822143243,-0.37671163342573055
530699,4.083240362745988,-0.9109091938841349
530998,2.647589668477279,-0.6339067951547463
531299,3.5244671354518164,-0.6284019036133501
531598,3.1364201412992294,-0.7243771907220129
531899,4.703538374389507,-0.5840859420978906
532199,3.758814728627933,-0.47580754257212665
532498,3.896787655401082,-0.49090303045703765
532799,3.570805782942747,-0.4130796587655543
533098,14.646046865755778,-0.273584963500459
533399,2.6036839974936736,-0.3803708432733852
533698,2.0552733543731128,-0.33484010102077755
533999,2.143398624759686,-0.3848440826761963
534298,2.2001014950444087,-0.3587124220015194
534599,2.312995955579131,-0.3547659750795411
534899,2.0712918630791313,-0.37295204202038557
535198,2.423350136579131,-0.40871451988049534
535499,2.1170335862342236,-0.339548716211971
535798,1.9733475746439462,-0.3462340204263801
536099,1.8157551167249646,-0.30976397509145714
536398,1.9413823428800567,-0.33649889752486395
536699,2.1611654022573714,-0.5106847739911489
536998,1.9315273054240387,-0.38927493847324524
537299,3.1811416382598776,-0.7176946912118054
537599,8.457546960155522,-0.5925752005893963
537898,48.33962677949509,-0.8741831845773524
538199,62.646225773682595,-0.8082731361624786
538498,66.45992080336777,-0.7748001841507959
538799,75.44524226234552,-0.6645670854248902
539098,67.00131466897426,-0.6732621235322689
539399,42.284731067717324,-0.8515809005597652
539698,45.657521180435175,-0.9298272509598575
539999,64.84211524055992,-0.773033209066833
540299,2.814651339924965,-0.5350251499284573
540598,0.6177245681145932,
540899,0.5115408873495548,0.01609993090773354
541198,0.5011651940865796,-0.15847696844895887
541499,21.93858585459374,-0.7264157037822134
541798,17.74557592926735,-0.7153210886518975
542099,54.97871007337846,-0.5692722354756721
542398,33.18266926226041,-0.5578987228600623
542699,10.172239094346056,-0.4580522722963738
542999,5.582394342394666,-0.30936975117320986
543298,3.8228243892673515,-0.42194834645670243
543599,6.979377718615467,-0.29283753934764944
543898,6.82407545868028,-0.27145828622529566
544199,1.9073731962043223,-0.6379965149979958
544498,3.135265958567748,-0.9081018878287681
544799,2.1589544413571002,-0.8833409871007549
545098,2.2209129658478406,-0.7052775484236786
545399,2.103819058706637,-0.8640695194550805
545699,3.22644193274741,-0.28056767903184854
545998,2.95407622597284,-0.5518427979297749
546299,3.9579014307737665,-0.3805139240739219
546598,1.4078215226858035,-0.34359212231851055
546899,3.062745864498303,-0.5644487078548113
547198,1.8321314010700627,-0.710402667142163
547499,2.468484750387722,-0.701833233888852
547798,2.7441389062598778,-0.6987614182348867
548099,1.398414514692748,-0.5093875131230741
548399,1.5743341182946,-0.4620909839246834
548698,1.2845800108478407,-0.35737054029324833
548999,1.6236264658570998,-0.5611533104876687
549298,1.3579375705399703,-0.31208136710356915
549599,6.87025215366639,-0.21945329502418787
549898,1.9708713197228407,-0.6865543995551724
550199,1.6377750386302479,-0.4071618627018472
550498,1.7108559619589518,-0.4372369003565455
550799,1.57906686191497,-0.3674675242929486
551099,1.6803784059473774,-0.39916062967790045
551398,1.7626922615538594,-0.40670933225367034
551699,1.9929202850353407,-0.5499090268427522
551998,1.9618087604635817,-0.49532317691196615
552299,2.2382616079381186,-0.574864468723518
552598,2.501830596623303,-0.5995982517779117
552899,2.755690616308298,-0.6262215329981926
553198,3.090807940803668,-0.6863382123762038
553499,3.1420798765698716,-0.6487164730318673
553799,3.173426850921724,-0.6663978874699603
554098,3.3820954956647795,-0.7010739497117007
554399,3.3834708085305194,-0.6586425778326686
554698,3.4192772348985754,-0.6497464000348936
554999,3.5903500026832975,-0.6883172158884949
555298,3.6916154813291318,-0.7023170397860226
555599,4.005526255868484,-0.6969043959055485
555898,3.986751289944872,-0.7253790546912151
556199,4.016177484116168,-0.7142259020177626
556499,21.661686752486816,-0.26047714402019406
556798,0.6177245681145932,
557099,0.6177245681145932,
557398,0.6177245681145932,
557699,0.6177245681145932,
557998,0.6177245681145932,
558299,0.6177245681145932,
558598,0.6177245681145932,
558899,0.6177245681145932,
559199,,
559498,0.49298452041525387,-0.33990755524915417
559799,24.25063511107522,-0.5692451146777024
560098,14.15854248271874,-0.4412712638026246
560399,0.6177245681145932,
560698,0.939839943836192,-0.12782209317878523
560999,0.8112956900723848,-0.29371582576167077
561298,0.6177245681145932,
561599,0.6177245681145932,
561899,0.6177245681145932,
562198,0.6177245681145932,
562499,0.6177245681145932,
562798,24.76598423959374,-0.46212306811863013
563099,71.7719318957743,-0.4984698817444282
563398,0.6177245681145932,
563699,0.6177245681145932,
563998,0.6177245681145932,
564299,0.6177245681145932,
564599,0.6177245681145932,
564898,0.6177245681145932,
565199,0.6177245681145932,
565498,1.8736697689484605,-0.4530214591398656
565799,4.181140591361538,-0.6260235964469769
566098,3.5238320392596862,-0.6942694918599024
566399,3.5546684069541303,-0.6774358949193149
566698,3.5231253951462604,-0.6232774531625298
566999,3.7062079023846866,-0.5952793721555016
567299,3.4192310435004267,-0.6000346362317686
567598,5.438174122924759,-0.45804802988969673
567899,4.425568415213582,-0.54156224427231
568198,2.85706612203052,-0.6275542719787113
568499,2.8410651437689456,-0.6590066391503022
568798,2.6586593410606123,-0.639402733000566
569099,2.5177995577851497,-0.6214925612454858
569398,2.8945946951555204,-0.8069336398108089
569699,8.99872659041497,-0.30727794044896695
569999,4.038020065484223,-0.3069282583280968
570298,3.778933178850155,-0.48742876823094883
570599,2.8318110131346867,-0.6356544853132096
570898,2.6635757064749646,-0.5568179042488819
571199,2.6995975549911675,-0.5894668712309696
571498,2.7962603515212603,-0.5744826963154239
571799,6.62855701720343,-0.5654303135153371
572098,3.0730043796740385,-0.691568076058394
572399,3.731732132183489,-0.969574660193602
572699,2.8743653115791306,-0.5474504968773874
572998,4.231059089639316,-0.6128025871010903
573299,3.1967906311231125,-0.7127787617050763
573598,3.4191098733756182,-0.9037457895516985
573899,3.1838832308246925,-0.672669834856124
574198,2.3502114162874643,-0.44959210279509
574499,2.4104267682666314,-0.4504026047612748
574798,2.140381832366168,-0.41074506577159764
575099,2.168150977891631,-0.43372547934849015
575399,2.492868194236539,-0.5289053168174842
575698,2.3443567355791313,-0.4700786859774675
575999,2.0117327046624647,-0.39227680173943913
576298,2.0042032862504273,-0.40115538535416695
576599,2.1511532969587606,-0.5155239701154108
576898,1.7821882290096862,-0.35534601870323246
577199,2.0597933564844144,-0.5050304802473657
577498,1.6735627713476493,-0.32159637533801066
577799,1.6020624550862665,-0.30080190997733713
578099,17.15047303651735,-0.4147541023527641
578398,11.49173597589698,-0.4220919960407499
578699,9.279601606156241,-0.507387070824755
578998,76.46289093583911,-0.35148308689976937
579299,59.38961148254051,-0.32209097049205493
579598,0.6177245681145932,
579899,0.6177245681145932,
580198,0.6177245681145932,
580499,0.6177245681145932,
580799,0.6177245681145932,
581098,0.6177245681145932,
581399,0.6177245681145932,
581698,0.6177245681145932,
581999,0.6177245681145932,
582298,0.6177245681145932,
582599,0.6177245681145932,
582898,0.6177245681145932,
583199,0.6177245681145932,
583499,0.6177245681145932,
583798,0.6177245681145932,
584099,0.6177245681145932,
584398,0.6177245681145932,
584699,0.6177245681145932,
584998,0.6177245681145932,
585299,0.6177245681145932,
585598,0.6177245681145932,
585899,0.6177245681145932,
586199,0.6177245681145932,
586498,0.6177245681145932,
586799,0.6177245681145932,
587098,0.6177245681145932,
587399,0.6177245681145932,
587698,0.6177245681145932,
587999,0.6177245681145932,
588298,0.6177245681145932,
588599,0.6177245681145932,
588899,0.6177245681145932,
589198,0.6177245681145932,
589499,7.750844267214109,-0.9621847557890322
589798,12.032619954167814,-1.2555897481187683
590099,26.487565280751152,-1.2909757339321426
590398,22.902555273024298,-1.379911558658125
590699,19.512423266253464,-1.4692463688609894
590998,6.5257868642459895,-1.2731655355454197
591299,6.426311183810804,-0.9843654735677125
591599,3.9136274013015435,-0.5771056850007499
591898,3.7098413619983037,-0.5333574955451605
592199,4.25705354727608,-0.7528969363992395
592498,4.190917220833952,-0.971399850323275
592799,15.972201462655711,-1.0621030185379214
593098,16.65443319242102,-1.4299971394986173
593399,4.126680254870797,-0.7147174923742974
593698,33.14450011480787,-1.2192540494652317
593999,,
594299,0.6177245681145932,
594598,0.6177245681145932,
594899,0.6177245681145932,
595198,0.6177245681145932,
595499,0.6177245681145932,
595798,0.6177245681145932,
596099,0.6177245681145932,
596398,0.6177245681145932,
596699,0.6177245681145932,
596999,0.6177245681145932,
597298,0.6177245681145932,
597599,0.6177245681145932,
597898,0.6177245681145932,
598199,0.6177245681145932,
598498,,
598799,,
599098,,
599399,,
599699,,
599998,,
600299,,
600598,0.6177245681145932,
600899,0.6177245681145932,
601198,0.6177245681145932,
601499,0.6177245681145932,
601798,0.6177245681145932,
602099,0.6177245681145932,
602399,0.6177245681145932,
602698,0.6177245681145932,
602999,0.6177245681145932,
603298,0.6177245681145932,
603599,0.6177245681145932,
603898,0.6177245681145932,
604199,0.6177245681145932,
604498,0.6177245681145932,
604799,0.6177245681145932,
605099,0.6177245681145932,
605398,0.6177245681145932,
605699,0.6177245681145932,
605998,0.6177245681145932,
606299,0.6177245681145932,
606598,0.6177245681145932,
606899,0.6177245681145932,
607198,0.6177245681145932,
607499,0.6177245681145932,
607799,0.6177245681145932,
608098,0.6177245681145932,
608399,0.6177245681145932,
608698,0.6177245681145932,
608999,0.6177245681145932,
609298,0.6177245681145932,
609599,0.6177245681145932,
609898,0.6177245681145932,
610199,0.6177245681145932,
610499,0.6177245681145932,
610798,0.6177245681145932,
611099,0.6177245681145932,
611398,0.6177245681145932,
611699,0.6177245681145932,
611998,0.6177245681145932,
612299,0.6177245681145932,
612598,0.6177245681145932,
612899,0.6177245681145932,
613199,0.6177245681145932,
613498,0.5014541230307757,0.1515553800065942
613799,5.975140641537465,-0.8608383661575396
614098,12.191615231297444,-1.33650876332652
614399,3.772302176715705,-0.6863186595674398
614698,3.642111269947187,-0.6761455854069376
614999,3.86569986546339,-0.6494491524512187
615298,3.828431743458761,-0.6404264946869835
615599,3.755975675699501,-0.6432171855016899
615899,3.509903552731908,-0.6591459833665008
616198,3.5467656994386476,-0.54077082599658
616499,3.324178493979594,-0.6486615886020526
616798,3.3027365850397787,-0.7393855028909053
617099,3.22839787583839,-0.7339924077855577
617398,4.208944414014315,-0.5227664880046907
617699,2.6285670147481124,-0.562229451198879
617998,4.642502926623304,-0.7472173749393429
618299,2.746046835224964,-0.6124568581675089
618599,3.1692698965374637,-0.8083965945302882
618898,2.7389298321717237,-0.6227014745662709
619199,2.8158315553383897,-0.6395506493548635
619498,8.668612903980314,-0.6336588460454735
619799,2.5749019467249643,-0.5818415870589111
620098,2.640871981292094,-0.5841695308766719
620399,2.9231165129749646,-0.694674830756902
620698,2.593800659620798,-0.6490432588403987
620999,3.0605314148488043,-0.6099890891207231
621299,2.3636911077018157,-0.4877636536742518
621598,2.261777547819871,-0.4526270523578959
621899,2.411260851051353,-0.5212843143991936
622198,2.4999595344194088,-0.5799621954672618
622499,8.120352860664973,-0.6690899845166798
622798,2.249323711060613,-0.4664916230228806
623099,6.906509652368673,-1.123528456589681
623398,2.2160842760050565,-0.44435253937092867
623699,2.7350167809705255,-0.8476921226724137
623999,2.156987554500427,-0.4613390288978909
624298,2.278303959562927,-0.4930218292361741
624599,2.476557484801353,-0.5546171610694501
624898,2.4010391490096867,-0.5563691477522483
625199,2.4551666409934834,-0.5335920649238708
625498,2.589004563500427,-0.5995354215878173
625799,2.43245991465089,-0.5432300403478767
626098,2.282062687757372,-0.48712246402026893
626399,2.31905201203052,-0.5173894343525178
626699,2.2892302794819086,-0.6053382389001292
626998,20.825528160958953,-0.3425936132351983
627299,24.55396504513488,-0.5180242099984613
627598,60.19139417256364,-0.8759578493500408
627899,0.6177245681145932,
628198,0.6177245681145932,
628499,0.6177245681145932,
628798,29.910318706644667,-0.5149006742827014
629099,12.330062394495986,-0.17511141251813367
629399,8.354267328783026,-0.6255863314135939
629698,26.041559582195063,-0.9588358404728206
629999,28.19665988737152,-0.7799786283168626
630298,25.386395422431697,-0.7331900552002737
630599,0.6265185020042782,-0.2279249200893554
630898,,
631199,0.6177245681145932,
631498,18.97547329903587,-0.70748569618756
631799,26.580055074725685,-0.5979301754405857
632099,14.15615967287615,-0.9840013382602726
632398,26.83523756826388,-0.4084556873350613
632699,22.293355040063645,-0.42419302173538953
632998,17.220079534076113,-0.7848676057366426
633299,8.223926172937224,-1.004464800922256
633598,5.454733831211268,-1.4093532072780866
633899,25.187029629765036,-1.3414856293383859
634198,4.875904910817748,-1.1487409525095549
634499,3.6322633792621923,-1.0469513830602164
634799,3.263402180722841,-1.299019578225833
635098,4.622316645299231,-0.6255725093265379
635399,3.5413090870492296,-1.185072428727202
635698,2.737868752614044,-0.7632882996469077
635999,4.9593550177552475,-1.220374596828783
636298,4.768872017604785,-1.1770693147220306
636599,8.951514909942746,-1.2049305279869484
636898,4.769411423655711,-1.1527574205843725
637199,7.442128186385407,-0.9742324288758155
637499,5.278778513787655,-1.2047558066636261
637798,5.726289214130247,-0.966063661532728
638099,4.510195832482628,-1.1785226387724648
638398,6.942959580326114,-1.2934253019552737
638699,52.92631549602661,-0.4152358430141776
638998,129.31182818121874,-0.11587527014774635
639299,5.094652949021452,-0.3974951199536152
639598,0.5826506006202873,-0.2198015555489743
639899,1.1753902498127993,-0.27857221913605756
640199,3.665768243192748,-0.8613949241249146
640498,5.886677375197378,-0.8446014604944849
640799,7.701726124447378,-0.5400440709476719
641098,4.941879367019137,-0.7733162871017965
641399,3.9961230330075628,-0.9615417422391852
641698,6.724060461338582,-0.7202426059657421
641999,4.737472519901342,-0.2800310081164523
642298,3.0593281966143047,-0.3923400152763674
642599,44.01740194568171,-0.5741148386705806
642899,82.06171047016781,-0.58666605022653
643198,4.385201535267352,-0.9749023330538475
643499,5.129727973428859,-0.9351281410793282
643798,6.030702836120989,-0.9785355834564784
644099,7.348359227727469,-0.9084263472172911
644398,5.309298909340896,-0.7679525535879337
644699,5.083347958120798,-0.7081826201382888
644998,5.309958173072378,-0.7512819849167423
645299,5.355382717102279,-0.6893811174392033
645599,6.368284620014316,-0.5746709087597555
645898,5.077887850292094,-0.6511866799640738
646199,6.414991191188118,-0.581860876130287
646498,6.894560190315434,-0.6073791343111818
646799,7.729632369218212,-0.6206758443436873
647098,8.72411706178071,-0.5757305210731669
647399,8.405770905176546,-0.6095203150079997
647698,8.262976232542284,-0.5905248210958112
647999,7.888485325926543,-0.5927663053447769
648299,9.597325258843211,-0.6137616869970262
648598,13.6121920853238,-0.5240649088636469
648899,12.188711022662027,-0.5526367115180346
649198,10.299841257402768,-0.7295623189600065
649499,24.08606362872426,-0.28754185906246477
649798,39.04466357393518,-0.4334954173623369
650099,27.077456383715273,-0.502706786089425
650398,52.96134920552431,-0.45183767011986764
650699,40.191852310714104,-0.4220833476119812
650999,45.67673955266407,-0.3048650749194244
651298,38.20093813682612,-0.39804660528209546
651599,4.615572783504626,-0.2220813770633152
651898,0.6177245681145932,
652199,0.6177245681145932,
652498,0.6177245681145932,
652799,0.6177245681145932,
653098,0.6177245681145932,
653399,0.6177245681145932,
653699,0.6177245681145932,
653998,0.6177245681145932,
654299,0.6177245681145932,
654598,0.6177245681145932,
654899,0.6177245681145932,
655198,0.6177245681145932,
655499,0.6177245681145932,
655798,9.321067350063117,-0.4435622861638038
656099,7.763898607616359,-0.39184811423996746
656399,7.348101444273766,-0.4397515085160264
656698,4.506727563273575,-0.6872630712172414
656999,4.238929233194871,-0.7067613182455379
657298,4.081943851088391,-0.7515422888226448
657599,3.811637606854594,-0.6864778047772988
657898,3.2605792721416313,-0.6615499310634863
658199,4.986636472514316,-0.702085800715315
658498,8.282245306241359,-0.5877691477831741
658799,8.602764196825222,-0.6625172486140918
659099,8.465513779937224,-0.4222225948925433
659398,13.194960798634687,-0.47583562392059586
659699,9.657150619227275,-0.42534931415096344
659998,6.956710754998112,-0.5788890003685581
660299,7.297389080051545,-0.7421220028982167
660598,7.052306827255056,-0.7556433819055444
660899,6.285985685606907,-0.7506820098020961
661198,5.963954061368482,-0.7783347035584856
661499,5.886452944812927,-0.7352476709729536
661799,8.815271535197375,-0.8884728792640941
662098,7.998280856945063,-0.827341096824082
662399,14.40781523674741,-0.6757365151509873
662698,10.67362273630386,-0.7578623887012808
662999,11.639786447667284,-0.7701751837347024
663298,13.134087587495095,-0.6984325642530884
663599,19.89258343828213,-0.6191029732791242
663898,20.501619327766193,-0.701999952763803
664199,21.78565383012499,-0.692228105998483
664499,25.287011035925918,-0.6349717918649158
664798,27.754950672189807,-0.5855089971770069
665099,22.220204414476843,-0.6832370571819855
665398,36.13587798663078,-0.5456202141240021
665699,50.87288067330438,-0.6878937162893035
665998,64.21089234647569,-0.5730389945235896
666299,65.28302605806596,-0.5185762872664326
666598,53.48728450704049,-0.5609678226888901
666899,60.075296050473376,-0.42403729553953595
667199,29.003925018690964,-0.45271708353263906
667498,33.29122854244096,-0.5120577910208668
667799,0.6177245681145932,
668098,,
668399,0.6177245681145932,
668698,0.6177245681145932,
668999,0.6177245681145932,
669298,0.6177245681145932,
669599,0.6177245681145932,
669899,0.6177245681145932,
670198,0.6177245681145932,
670499,0.6177245681145932,
670798,0.6177245681145932,
671099,0.6177245681145932,
671398,0.6177245681145932,
671699,0.6177245681145932,
671998,0.6177245681145932,
672299,0.6177245681145932,
672599,0.6177245681145932,
672898,0.6177245681145932,
673199,0.6177245681145932,
673498,0.6177245681145932,
673799,0.6177245681145932,
674098,0.6177245681145932,
674399,0.6177245681145932,
674698,0.6177245681145932,
674999,0.6177245681145932,
675299,20.930802009874725,-0.8055214237011086
675598,8.692755528138612,-1.3673925087754277
675899,,
676198,5.170507101221947,-1.1792351206946678
676499,10.501349412577007,-1.234847881045988
676798,17.942288335002313,-1.0433637411733399
677099,21.488485589087954,-1.3155368211953355
677398,13.282450213784449,-1.6558212242396437
677699,12.190831026859414,-1.2075423698944379
677999,9.525203978673336,-1.5472514302603892
678298,14.972773622897872,-1.0484242096108698
678599,21.20482002355849,-1.0815398748325897
678898,4.126505987479785,-1.175246360605656
679199,3.384486729868674,-0.7906837326773737
679498,3.4423400557066364,-0.8829989596663341
679799,5.0748974895978405,-0.9124299689686808
680098,3.5799405145283965,-0.7163022710761744
680399,3.516277754931174,-0.6584808004590872
680699,3.793466277176544,-0.6973326277215026
680998,4.198362184377932,-0.76914602055252
681299,10.724696443965897,-0.7314073017104255
681598,6.289255861519136,-1.062875819417386
681899,16.02556085757611,-1.2407079390741242
682198,15.755343809958326,-1.3380184295848312
682499,5.024771098414779,-0.7755337084358676
682798,10.57753372039698,-1.2731301730427527
683099,3.449781184646451,-0.5530547400339885
683399,18.37705255212152,-1.5408110036618181
683698,0.6177245681145932,
683999,0.6177245681145932,
684298,0.6177245681145932,
684599,0.6177245681145932,
684898,0.6177245681145932,
685199,0.6177245681145932,
685498,0.6177245681145932,
685799,0.6177245681145932,
686099,0.6177245681145932,
686398,0.6177245681145932,
686699,0.6177245681145932,
686998,0.6177245681145932,
687299,0.6177245681145932,
687598,,
687899,0.6177245681145932,
688198,12.029182538942747,-0.5342986348353647
688499,,
688799,,
689098,0.6177245681145932,
689399,0.6177245681145932,
689698,0.6177245681145932,
689999,,
690298,,
690599,,
690898,,
691199,,
691499,,
691798,,
692099,,
692398,,
692699,,
692998,,
693299,0.6177245681145932,
693598,0.6177245681145932,
693899,0.6177245681145932,
694199,0.5491324748592086,-0.7915463678257355
694498,0.6177245681145932,
694799,0.6177245681145932,
695098,0.6177245681145932,
695399,0.6177245681145932,
695698,0.6177245681145932,
695999,0.6177245681145932,
696298,1.8215410642621928,-0.19743784753998872
696599,0.6177245681145932,
696899,0.6177245681145932,
697198,9.474123760032134,-1.101108975297965
697499,24.254222722169597,-1.3047161866370454
697798,10.987558139965707,-1.0115263692727954
698099,4.017971957711075,-0.6823785192239431
698398,4.387003916192557,-0.7119215466736812
698699,4.675466608822187,-0.6427236227382467
698998,4.875392147516631,-0.7279614052415302
699299,5.782257760634876,-0.8132786094288167
699599,4.904952343507372,-0.689559770127441
699898,4.3844089795189465,-0.6254803998444489
700199,4.558838315055983,-0.6183864575329656
700498,5.135635070845526,-0.6942611630402422
700799,5.422516725218021,-0.6802243541454607
701098,5.331455136331446,-0.7024283834386509
701399,5.486552034646261,-0.7026642411507511
701698,7.741133116377741,-0.8690424782267154
701999,8.153574921556176,-0.9114244524979991
702299,5.254158832067748,-0.7479632818845758
702598,8.170692202803858,-0.8666064590346569
702899,4.803365904080476,-0.990210320881818
703198,5.9321923431832975,-1.0310218195161314
703499,4.820860401308297,-0.8770666324290286
703798,13.03908455324278,-0.981681788808838
704099,7.6081173121429755,-1.05127851629525
704398,7.776580228831447,-1.0226753644460547
704699,3.8592131099911686,-0.7802128586529258
704999,3.999707651180983,-0.8039377919270865
705298,4.298569083965705,-0.8283415443179716
705599,4.024157191025889,-0.7481503305675787
705898,3.9131262822133914,-0.7151886710135549
706199,3.879982355305983,-0.7077438398589808
706498,3.6529633749425563,-0.6558727529597996
706799,3.816594391664779,-0.6767531229187391
707098,3.686643219474964,-0.6131568654255561
707399,3.824132365893947,-0.6293395370046391
707699,3.9732878825837608,-0.6571399533694133
707998,3.7681877840073716,-0.6303565847125716
708299,4.09261097020876,-0.6759075133353918
708598,3.6985473484286686,-0.6128509200585004
708899,3.295963684868483,-0.6958737823059791
709198,3.4062074840976493,-0.7083238361121549
709499,3.4640038524819086,-0.7072839853212327
709798,3.517874976266631,-0.6851915413539571
710099,3.5793929585467237,-0.637140628824765
710399,3.5593817712504268,-0.6041615867476016
710698,3.7177248588939467,-0.5881713170130147
710999,3.72034312821802,-0.6096095802145254
711298,3.7893470290883897,-0.6211339631917918
711599,3.847518663926353,-0.6158930593039844
711898,3.8943721739124637,-0.5752499126069408
712199,10.69171760809784,-0.5129963040752132
712498,4.087324788120798,-0.5998457475131467
712799,4.247228072771261,-0.6245682394055467
713099,4.29360014484302,-0.5984322950311751
713398,4.550632404055984,-0.5836101192048821
713699,4.800341452062927,-0.5969216688529206
713998,4.905907930398575,-0.5797178025876502
714299,4.778574294896262,-0.5732512114281836
714598,4.737594251058298,-0.562535714192435
714899,4.506289625509686,-0.5191848117854492
715198,4.703484487600155,-0.59289189008994
715499,4.111416038468021,-0.5163795403876288
715799,4.088364825613853,-0.44779232327022944
716098,4.051467199474963,-0.35755751481829745
716399,3.8990121125608033,-0.41124767290951847
716698,5.301524555489044,-0.7314671721073114
716999,4.098316338905521,-0.6063738599593311
717298,3.730582846627742,-0.48931321500939773
717599,4.26121614442423,-0.6536253314665965
717898,3.7354755165490383,-0.5366737157147852
718199,4.071649856901081,-0.6053798956313563
718499,4.003010217739045,-0.5231833668808004
718798,4.012493283151082,-0.5492869057795808
719099,4.039552336850155,-0.5750841474898982
719398,4.408644953699692,-0.6032538769318434
719699,10.550407294649295,-0.45941374588328476
719998,14.526983143258093,-0.5396957847564863
720299,4.433553254340412,-0.3301089757132498
720598,42.29935798030759,-0.24621514286736979
720899,5.002060241971055,-0.8502985493419086
721199,4.690941433570063,-0.997003817702969
721498,4.117141309845525,-0.8354440281122946
721799,4.170827312648767,-0.7125280008497248
722098,4.07891361647747,-0.5889134954414386
722399,8.991465097111728,-0.712341823910132
722698,4.518113031366359,-0.6061064593596348
722999,5.908376110836267,-0.8225504643465853
723298,9.83318768107638,-0.6750447598089755
723599,5.424202100588582,-0.8915218700663619
723899,9.454770172368676,-0.634162357443308
724198,4.227677543192747,-0.8516580827859368
724499,6.231623809407132,-0.6221066898203045
724798,7.182116189875619,-0.529441898723078
725099,5.239927827095525,-1.036191882728282
725398,5.021078293449692,-0.9777185849269072
725699,4.825363747331637,-0.7766842121731565
725998,8.828208369249726,-0.9172098070941097
726299,4.45997317521358,-0.7327236364363641
726599,4.608736022986729,-0.769172359413925
726898,4.327745587845525,-0.733527044387513
727199,4.198332290954323,-0.7251635781195189
727498,3.90650967172747,-0.6486442850592267
727799,4.112736670065432,-0.6751779326454068
728098,3.9416831623524704,-0.6171598419397097
728399,4.321308158595525,-0.7082434500965362
728698,20.297718681174757,-0.34136422988225124
728999,4.171997013213581,-0.634626285488469
729299,4.3072497325191375,-0.6297265186926502
729598,4.626388299225156,-0.6277141797197712
729899,6.2656117474196,-0.9212968167167408
730198,5.056850900880248,-0.6097042441147729
730499,4.814838862417286,-0.595963464127323
730798,5.121269081310803,-0.5557964984033907
731099,5.1263726403478405,-0.5748013476441685
731398,5.352792873764507,-0.6268900213322206
731699,5.73792009029923,-0.6198323709802653
731999,5.7346586738733025,-0.6075229544932716
732298,6.057981208014507,-0.5939104527023611
732599,6.2716718565006175,-0.5519189588943882
732898,6.069341232924229,-0.5578516420598294
733199,6.085249964845526,-0.5221893943404676
733498,6.380438688153395,-0.5337415632475779
733799,6.368424279535342,-0.5301508157664017
734098,6.385107615151082,-0.4934906594078936
734399,6.357461537167285,-0.4917938492682592
734699,6.701468657644137,-0.4880558533250512
734998,6.7210496557274695,-0.47030447775835893
735299,6.967735026482099,-0.4672009783069244
735598,7.338704083528395,-0.48528481964243264
735899,7.376516424174227,-0.48550937326995114
736198,7.5943687652946,-0.4759665287377306
736499,8.131462608257563,-0.48205079485411684
736798,8.359508402829322,-0.48188268718997374
737099,8.527137555417287,-0.48443117995189033
737399,8.903687465458951,-0.502012903572078
737698,9.056823277202007,-0.4929915340389319
737999,9.36155273178997,-0.4873022262983522
738298,9.235141150283026,-0.4606744010394894
738599,9.08305186098673,-0.4492276762100196
738898,9.052809680178859,-0.4550255827283576
739199,8.970160970801544,-0.45384505825116817
739498,8.751923237533024,-0.4272761183331184
739799,8.713400048364043,-0.4305627150344318
740099,8.695459824206637,-0.4285506532329786
740398,8.845109816155711,-0.44815482611530655
740699,8.838422803396451,-0.43844516617501506
740998,8.731981511600154,-0.4464058667322388
741299,9.143984727044602,-0.4645118347713899
741598,8.962508391430982,-0.4679867589085711
741899,8.61424593616015,-0.4251901176451256
742198,8.835364231805983,-0.4218148034960316
742499,8.53869051623191,-0.4181639555081704
742799,8.703538882345335,-0.4060228351010684
743098,8.727717779352279,-0.44308923672670053
743399,8.723386740954131,-0.40315463319563394
743698,8.386382586815241,-0.37210707670717036
743999,8.469889252685611,-0.38914657761641824
744298,8.475609427951817,-0.38928165456487585
744599,8.751182366940242,-0.42599379359878986
744898,8.803070988067557,-0.4619338275998872
745199,16.46007587007522,-0.6468897573341061
745499,9.65309072085228,-0.5839336264765598
745798,6.29344457261544,-0.3953567678208907
746099,8.541260997444871,-0.5193794217842524
746398,7.820048928785149,-0.5626225052567098
746699,6.607510356192556,-0.5400419204026923
746998,6.275157610500427,-0.6212058021200328
747299,4.524828451961076,-0.7699224729923029
747598,4.676775151331445,-0.75930709198884
747899,4.79039783408839,-0.7719475281092916
748199,4.921135461560612,-0.7627305963471507
748498,5.039540456076815,-0.7793532507533631
748799,4.948537032426353,-0.7529847798927434
749098,4.831396995951817,-0.7331472636639658
749399,4.777983295132372,-0.6967292327170247
749698,5.638845265042285,-0.8029118590131372
749999,5.487046902028205,-0.7714173988148127
750298,5.525922492900891,-0.777647455508303
750599,5.6407985389495,-0.7524757819358032
750899,5.707070096461075,-0.7522744363149552
751198,6.051330790062928,-0.7529393766297878
751499,6.099923324169409,-0.7389011695717109
751798,6.267321651236539,-0.7159068234158674
752099,6.294383413143946,-0.6980222716927682
752398,6.06984860272265,-0.6655232718509847
752699,6.111304616796724,-0.6768314850637849
752998,6.054465764877744,-0.6098336986566153
753299,6.1237739485050575,-0.5901945233332513
753599,6.8724503455677475,-0.7489142466360952
753898,5.364114668657834,-0.5380701212678034
754199,5.373807590690242,-0.5574045235902951
754498,5.616282978812927,-0.5358371338565739
754799,5.752869688722648,-0.5438387198231514
755098,5.454942448618483,-0.7365745850729168
755399,5.124754534148576,-0.682580428579473
755698,5.106310198593019,-0.5797709275523095
755999,5.11929874254441,-0.6105302569288222
756299,5.152559084794408,-0.6111671864984551
756598,5.201006730014317,-0.6176696577654812
756899,5.343317450924038,-0.6657650603453282
757198,5.336150860157835,-0.6670670075050431
757499,5.166849131912464,-0.5981107838585953
757798,5.2689682969865395,-0.5359628282617581
758099,5.217806822683299,-0.5385069892137946
758398,5.506006215539969,-0.5669269891887765
758699,29.417795662873832,-0.6936771046022052
758999,34.20026469598494,-0.654279707544182
759298,0.6166700939981615,0.10936266865417632
759599,,
759898,0.6177245681145932,
760199,0.6177245681145932,
760498,0.6177245681145932,
760799,0.6177245681145932,
761098,0.6177245681145932,
761399,0.6177245681145932,
761699,0.6177245681145932,
761998,0.6177245681145932,
762299,0.6177245681145932,
762598,0.6177245681145932,
762899,0.6177245681145932,
763198,0.6177245681145932,
763499,0.6177245681145932,
763798,0.6177245681145932,
764099,0.6177245681145932,
764399,0.6177245681145932,
764698,0.6177245681145932,
764999,0.6177245681145932,
765298,0.6177245681145932,
765599,0.6177245681145932,
765898,0.6177245681145932,
766199,0.6177245681145932,
766498,0.6177245681145932,
766799,0.6177245681145932,
767099,0.6177245681145932,
767398,0.6177245681145932,
767699,0.6177245681145932,
767998,0.6177245681145932,
768299,0.6177245681145932,
768598,0.6177245681145932,
768899,2.257273459028396,-0.26357870455047405
769198,10.501370326257563,-0.5749360906165639
769499,10.569982006734945,-0.7544170821223386
769799,9.515681692720523,-0.5716317864668543
770098,8.735601132882563,-0.622821273698811
770399,7.900381428690431,-0.5763633810733264
770698,7.238218545037656,-0.5152130702047406
770999,21.738518282828167,-1.0241715590906462
771298,13.583804884141822,-1.0679520118975487
771599,33.287883714431175,-1.4019925550716161
771898,,
772199,,
772499,,
772798,,
773099,,
773398,,
773699,0.6177245681145932,
773998,,
774299,,
774598,,
774899,,
775199,0.6177245681145932,
775498,0.6177245681145932,
775799,0.6177245681145932,
776098,0.6177245681145932,
776399,0.6177245681145932,
776698,0.6177245681145932,
776999,0.6177245681145932,
777298,0.6177245681145932,
777599,0.6177245681145932,
777899,0.6177245681145932,
778198,0.6177245681145932,
778499,0.6177245681145932,
778798,0.6177245681145932,
779099,0.6177245681145932,
779398,0.6177245681145932,
779699,0.6177245681145932,
779998,0.6177245681145932,
780299,0.6177245681145932,
780599,0.6177245681145932,
780898,0.6177245681145932,
781199,0.6177245681145932,
781498,0.6177245681145932,
781799,0.6177245681145932,
782098,0.6177245681145932,
782399,0.6177245681145932,
782698,0.6177245681145932,
782999,0.6177245681145932,
783299,0.6177245681145932,
783598,0.6177245681145932,
783899,0.6177245681145932,
784198,0.6177245681145932,
784499,0.6177245681145932,
784798,0.6177245681145932,
785099,0.6177245681145932,
785398,0.6177245681145932,
785699,0.6177245681145932,
785999,0.6177245681145932,
786298,0.6177245681145932,
786599,0.6177245681145932,
786898,0.6177245681145932,
787199,0.6177245681145932,
787498,0.6177245681145932,
787799,0.6177245681145932,
788098,0.6177245681145932,
788399,0.6177245681145932,
788699,0.6177245681145932,
788998,0.6177245681145932,
789299,0.6177245681145932,
789598,0.6177245681145932,
789899,0.6177245681145932,
790198,2.833793674041579,-0.7077745302270144
790499,7.02696889735763,-0.8562356964503126
790798,4.9151709069101495,-0.729870758858699
791099,4.997746410974964,-0.8075795320200598
791399,5.307283405303668,-0.8627580718403172
791698,4.9365416040004275,-0.749333296727738
791999,6.892123901355314,-0.6935389871535462
792298,5.880614928803668,-0.7599056845454486
792599,8.16484258165552,-0.5248041112553266
792898,6.2472442438455245,-0.8057794001538727
793199,4.580353502546724,-0.7857483039968545
793498,5.918245634993482,-0.8172677398053252
793799,6.356269685392977,-0.9160261339974356
794099,6.7986915439473785,-0.7281041754387059
794398,5.295946889368484,-0.8101089675951563
794699,5.266719514317557,-0.8069942553154363
794998,5.492649318039778,-0.8074279988143596
795299,5.774241771799038,-0.7650123222973053
795598,5.222241675171722,-0.7887815227076476
795899,5.969807887768946,-0.8309579375317107
796198,5.1373514109888525,-0.8208257776646724
796499,5.4000938440073725,-0.8182271685809352
796799,5.042827027808297,-0.7073715813348986
797098,43.25999091651041,-0.41537380934845225
797399,7.312231302346054,-0.47998034556729086
797698,7.444748668045128,-0.5242680957146408
797999,7.573414331760408,-0.40396079121159745
798298,8.75454892541639,-0.42520531331189204
798599,4.648987360426352,-0.7894770298328138
798898,4.8959904170258906,-0.8356038517288094
799199,5.070486576646262,-0.7966063964510564
799499,5.211697700354595,-0.744169359889417
799798,5.313446454118482,-0.7255766997534949
800099,5.914663149093212,-0.832653656448407
800398,5.279924223461076,-0.6296571929704344
800699,5.794825692611537,-0.6330111111100492
800998,5.828076700880057,-0.642323336014317
801299,6.241467845697186,-0.5841438392878313
801598,5.613550244639317,-0.47131649320658764
801899,6.150330986262001,-0.5106535611581773
802199,6.273711425599964,-0.492759577475925
802498,6.462929207380056,-0.5357409538206475
802799,6.467901725697186,-0.7792529430271222
803098,5.7383171624265445,-0.9052184333296229
803399,4.85323425227126,-0.7661627255494017
803698,5.038927634907834,-0.7740633348035566
803999,4.768612337856908,-0.6273984598961484
804298,4.813538084903205,-0.5606176730278292
804599,5.200989137868484,-0.6134298903560582
804899,5.5134095733430195,-0.6514251587820095
805198,5.902755212259686,-0.6724825933135983
805499,6.353287352463582,-0.8474279368813062
805798,16.01477101365277,-0.6207088790073432
806099,100.90974963234837,-0.47940938816555967
806398,51.60789662827777,-0.43408173605692646
806699,0.6177245681145932,
806998,0.6633760198748523,-0.24473960616937074
807299,0.6177245681145932,
807599,0.6177245681145932,
807898,0.6177245681145932,
808199,0.6177245681145932,
808498,0.6177245681145932,
808799,0.6177245681145932,
809098,0.6177245681145932,
809399,0.6177245681145932,
809698,0.6177245681145932,
809999,0.6177245681145932,
810299,0.6177245681145932,
810598,0.6177245681145932,
810899,0.6177245681145932,
811198,0.6177245681145932,
811499,0.6177245681145932,
811798,0.6177245681145932,
812099,0.6177245681145932,
812398,0.6177245681145932,
812699,0.6177245681145932,
812999,11.902069435432864,-0.9493935418400852
813298,10.377886492178858,-1.1181247910413736
813599,10.704963805780709,-0.6064520998270988
813898,5.62584279974136,-0.6896914868948394
814199,5.654859748442748,-0.982353071324777
814498,7.743915643479785,-0.978444967775606
814799,6.1353601477552475,-0.9040806892273681
815098,6.29289609528071,-0.8272731485046674
815399,6.1067830524821005,-0.8237857537567601
815699,10.029407389927073,-0.9009481808215043
815998,7.313356729414971,-1.034826015957409
816299,6.685229933810804,-0.6867518559407264
816598,7.954750852833056,-0.9873462289251191
816899,9.428758799203429,-1.0352296062286936
817198,8.369880529441854,-1.0593559798522882
817499,7.489246723106207,-0.8822594601464198
817798,7.978296653764506,-1.110929512530047
818099,6.966654688114044,-0.9382412369094801
818399,13.734348980484945,-0.915990171153273
818698,6.654225458583952,-0.6888823971711961
818999,6.732368657280712,-0.7978552214338572
819298,7.840723454035871,-0.7753733340210329
819599,5.999526830933489,-0.685003418006412
819898,7.470108157806172,-0.9446618550491923
820199,9.292414726028394,-0.745880966963687
820498,9.865603952572378,-0.7260290534019413
820799,7.132480223412655,-0.7970908079494654
821099,31.253361560798332,-0.6944205108757449
821398,20.879718652317123,-0.7324470661166471
821699,37.45400236131365,-0.6131351155213483
821998,6.663297599864045,-0.5185971207041209
822299,6.5636034778871934,-0.4688700491763891
822598,7.810050678745989,-0.4726932754999673
822899,8.233730048644137,-0.46797110021583
823198,13.534612181681174,-0.556870810103141
823499,14.873016935833059,-0.40619518196206905
823799,30.397115100896983,-0.5698100091196323
824098,31.748902658512723,-0.5245365976385907
824399,21.985043676071484,-0.5896777724983016
824698,19.753691358786764,-0.510513472661583
824999,18.23668456671037,-0.49262619705729116
825298,20.13419099758768,-0.561796758798986
825599,21.232013780807595,-0.5498356307173189
825898,57.65072341212614,-0.6840852449775541
826199,72.60124298167709,-0.6828422572976591
826499,62.583199868457164,-0.6422318895647128
826798,103.0478805118854,-0.6451950145888476
827099,115.73986627697802,-0.46464751940730964
827398,132.0262672979965,-0.5445041721284329
827699,104.78979684762616,-0.5582417660250121
827998,120.08116712540394,-0.5186312501688775
828299,100.15638159973263,-0.6098025412827106
828598,83.03637325248724,-0.5096965888239928
828899,104.73982861017244,-0.610125897550216
829199,73.00287703679746,-0.5569332639216251
829498,32.0402896895324,-0.5236545019420351
829799,57.70411325453472,-0.6867518301291649
830098,55.99806468884721,-0.6038106558270961
830399,69.32276528391202,-0.49679886379112825
830698,59.6955030127037,-0.5304895833043031
830999,63.52080757795139,-0.5693486697990291
831298,71.22812793900462,-0.4693225619079924
831599,54.23739406919676,-0.5523700917602399
831899,66.394739570353,-0.5338512863745071
832198,49.508678015278925,-0.6131993611029807
832499,45.09600994404976,-0.6288066761353426
832798,51.50162377714003,-0.5377211971042146
833099,48.93291768251041,-0.5524840012218346
833398,32.38117108232175,-0.4690112314687489
833699,0.6177245681145932,
833998,0.6177245681145932,
834299,0.6177245681145932,
834599,0.6177245681145932,
834898,0.6177245681145932,
835199,0.6177245681145932,
835498,0.6177245681145932,
835799,11.382138560155711,-0.48432608743615124
836098,13.262061472090707,-0.33611316532501134
836399,11.498221337167093,-0.30707922271983645
836698,11.14516820627589,-0.37824963924977717
836999,9.90005033667867,-0.3665399748684093
837299,8.693777447373115,-0.38026479834940363
837598,8.455719562231907,-0.44109197782496845
837899,9.376425865081638,-0.4980079510879942
838198,7.79849425610228,-0.6297960468141679
838499,7.116907342611539,-0.6573091910948685
838798,7.025895473722651,-0.6722520271919554
839099,7.24468219266015,-0.7242145755368896
839398,7.139754213856908,-0.7127280051514167
839699,7.355817788926353,-0.7169439350218523
839999,7.371392063130058,-0.7374856446439162
840298,7.440881571231909,-0.7371604927109983
840599,7.5450048678407065,-0.7665721985411855
840898,7.817716008618482,-0.7764843792576328
841199,7.974114064449499,-0.7507837824753472
841498,7.791828990123112,-0.7102401794165918
841799,8.07392792791015,-0.7108037582116207
842098,10.559404527176545,-0.4806819041155106
842399,9.033339875484414,-0.5545401113130644
842699,8.61669263192423,-0.6266157286008929
842998,13.604723599577007,-0.4695794667455224
843299,9.71607771347265,-0.629274560499717
843598,0.6177245681145932,
843899,0.5373312094818269,-1.0210087843314741
844198,0.8828774567118873,-0.24757148911256177
844499,10.562697598743483,-0.5851626467806963
844798,10.69041449683376,-0.5407910439659955
845099,10.837427260595335,-0.5417668132454831
845399,11.064503267792093,-0.5043588842251923
845698,11.953347513887001,-0.5201760402065225
845999,21.30371171158306,-0.42165419053438247
846298,25.66566061800667,-0.247577403209698
846599,38.55351983030065,-0.23615877448689981
846898,61.97936860867823,-0.2767539117063902
847199,73.06297163353703,-0.2813835677279757
847498,1.7602302409944013,-0.08520072455919414
847799,0.6177245681145932,
848099,,
848398,,
848699,,
848998,8.582077280231207,-0.35983175817205915
849299,0.6177245681145932,
849598,0.6177245681145932,
849899,0.6177245681145932,
850198,0.6177245681145932,
850499,0.6177245681145932,
850799,0.6177245681145932,
851098,0.6177245681145932,
851399,0.6177245681145932,
851698,0.6177245681145932,
851999,0.6177245681145932,
852298,0.6177245681145932,
852599,0.6177245681145932,
852898,0.6177245681145932,
853199,0.6177245681145932,
853499,0.6177245681145932,
853798,0.6177245681145932,
854099,0.6177245681145932,
854398,0.6177245681145932,
854699,0.6177245681145932,
854998,0.6177245681145932,
855299,0.6177245681145932,
855598,0.6177245681145932,
855899,0.6177245681145932,
856199,0.6177245681145932,
856498,0.6177245681145932,
856799,0.6177245681145932,
857098,0.6177245681145932,
857399,0.6177245681145932,
857698,0.6177245681145932,
857999,0.6177245681145932,
858298,21.0053266553409,-0.6184183335527069
858599,12.029867643360568,-1.1047205702260703
858899,24.9503689550608,-0.8138127375792994
859198,21.233340355627934,-0.8182035851066303
859499,,
859798,0.3394142816051037,0.38140339768061193
860099,,
860398,0.280368380120424,0.36572370091250783
860699,0.4007047898967663,0.2820503913898663
860998,,
861299,,
861599,0.3520503808248097,0.05379789145419478
861898,24.656637788116885,-1.5166178692754095
862199,18.09106271101966,-1.5799234862200966
862498,14.537161191577537,-1.2521914600261002
862799,1.300067639576071,-0.2736127230213896
863098,0.6168533337445953,-0.3530632507686322
863399,23.192051384843737,-1.1316671031961811
863698,0.6177245681145932,
863999,0.6177245681145932,
864299,,
864598,0.6177245681145932,
864899,0.6177245681145932,
865198,0.6177245681145932,
865499,0.6177245681145932,
865798,0.6177245681145932,
866099,0.6177245681145932,
866398,0.6177245681145932,
866699,0.6177245681145932,
866999,0.6177245681145932,
867298,0.6177245681145932,
867599,0.6177245681145932,
867898,0.6177245681145932,
868199,0.6177245681145932,
868498,0.6177245681145932,
868799,0.6177245681145932,
869098,0.6177245681145932,
869399,0.6177245681145932,
869699,0.6177245681145932,
869998,0.6177245681145932,
870299,0.6177245681145932,
870598,0.6177245681145932,
870899,0.6177245681145932,
871198,0.6177245681145932,
871499,0.6177245681145932,
871798,0.6177245681145932,
872099,0.6177245681145932,
872399,0.6177245681145932,
872698,0.6177245681145932,
872999,0.6177245681145932,
873298,0.6177245681145932,
873599,0.6177245681145932,
873898,0.6177245681145932,
874199,0.6177245681145932,
874498,0.6177245681145932,
874799,0.6177245681145932,
875099,0.6177245681145932,
875398,0.6177245681145932,
875699,0.6177245681145932,
875998,0.6177245681145932,
876299,0.6177245681145932,
876598,0.6177245681145932,
876899,0.6177245681145932,
877198,0.6177245681145932,
877499,0.6177245681145932,
877799,7.195976737676351,-0.7448843009512256
878098,8.928561815357101,-0.8311906929044792
878399,8.495755724609225,-0.7853519200425296
878698,8.859572426354594,-0.8091589027242145
878999,8.541309804310613,-0.7579444387992533
879298,8.329239957618483,-0.676980271702663
879599,8.260716883907834,-0.7093186877214768
879898,8.540023067125427,-0.7476207071397694
880199,7.683693631946217,-0.888003507058158
880499,6.2487860022758905,-0.8264446691944247
880798,6.7714333388638535,-0.8543246987731647
881099,6.14444958434765,-0.796567487341221
881398,6.663252140935803,-0.8179174317939695
881699,7.681847986025891,-0.7637560882919325
881998,11.306616157728,-0.5460876794141034
882299,5.770336362444871,-0.8102181818255718
882598,5.812178630736539,-0.8242819183687802
882899,5.937002429512002,-0.7793860172125682
883199,5.922978709690242,-0.7646976375238168
883498,6.727686696524922,-0.8492269337051168
883799,9.144894406783555,-0.8144202255770612
884098,10.948165892278395,-0.4864858311669029
884399,6.5029060965907055,-0.849354890763713
884698,9.680639391690432,-0.5902675482118698
884999,8.875116169991166,-0.5409115445598334
885298,8.850941149979596,-0.5326157948838048
885599,8.948099090592128,-0.4808866549128332
885899,8.809055863965705,-0.531421659426975
886198,8.965845028002741,-0.5898622765493857
886499,8.882052627637002,-0.6440991531334448
886798,9.160979124301354,-0.60208848378885
887099,9.353333092965705,-0.6263916917415724
887398,9.239335695893946,-0.5775757455433954
887699,9.500292488817557,-0.6791630527789276
887998,10.17119552215089,-0.5911834853422568
888299,11.512833800655711,-0.602484201718192
888599,14.050485107475687,-0.49930068276692974
888898,8.818980698708764,-0.7705551549584864
889199,8.254974676849965,-0.7343530586735791
889498,9.177990338657835,-0.5531272143539268
889799,9.39952804167867,-0.5327708817634083
890098,9.769363395449691,-0.591385515711355
890399,10.090238492750425,-0.522717291289271
890698,10.537819784139506,-0.5777340629885126
890999,11.595219826884254,-0.7061267647139351
891299,11.188562415560803,-0.6285938648062475
891598,9.940200227484414,-0.5277268844695486
891899,13.320954181606204,-0.6314921993765938
892198,10.827157902058488,-0.917987284742378
892499,11.819116178572376,-0.9325960306517502
892798,12.07623716222284,-0.8782879792675535
893099,13.601221299917814,-0.8434120496577886
893398,12.058849021814806,-0.8265124357660378
893699,10.60830604673815,-0.861539845427924
893999,12.820688776788185,-0.8240608691404951
894298,12.422617673708324,-0.7691710722623557
894599,9.973055435529819,-0.7651721752559244
894898,9.797555012457167,-0.7343036469586686
895199,9.42918803177661,-0.770721642111788
895498,10.364749588570062,-0.7747920202390182
895799,11.68758631708858,-0.7415185813790475
896098,11.833924756922444,-0.762368016754646
896399,12.79969460475525,-0.822113403830067
896699,13.064638806432596,-0.6520264541625265
896998,10.953052279240463,-0.8307191157922083
897299,15.465245590883093,-0.8401682807708617
897598,13.924590512329852,-0.8020323553462083
897899,15.943509929412029,-0.7108716357545137
898198,16.231462411024296,-0.7407299711194073
898499,13.384435770490464,-0.6857540082214908
898798,44.43308674066087,-0.49519336449014806
899099,57.73218082152198,-0.6162121553083466
899399,37.56369118089003,-0.5044349519141118
899698,,
899999,0.6177245681145932,
900298,0.6177245681145932,
900599,0.6177245681145932,
900898,0.6177245681145932,
901199,0.6177245681145932,
901498,0.6177245681145932,
901799,0.6177245681145932,
902099,0.6177245681145932,
902398,3.8167352573985758,-0.6354072696010571
902699,12.962162938017352,-0.8232988104352306
902998,21.598390635688645,-0.8298851749596616
903299,26.094809938957166,-0.985583952728331
903598,12.181898177877933,-0.7707950387301308
903899,11.677743596875617,-0.9494465098892091
904198,9.918990525153395,-0.9496072986852209
904499,9.870906355403395,-0.8881184615740776
904799,10.364938955063117,-0.8242987427617432
905098,7.72671399155849,-1.0961435291546389
905399,11.683808324630247,-0.8530669735791594
905698,12.012679068539969,-0.8825794934542892
905999,9.168233660262196,-1.0431277162234416
906298,10.771328495739045,-1.0228207320805756
906599,10.061483083505248,-1.1082938897982904
906898,13.542018186556174,-0.8132188214852476
907199,12.806657242771449,-0.9852804349035735
907499,11.46232361639182,-0.9573591118273439
907798,14.774704355733522,-1.0110337398064289
908099,13.173418741000619,-1.0015088193703203
908398,22.727278205240736,-0.7595052137595462
908699,40.95748838810994,-0.7438368455644191
908998,13.894500809442748,-0.6929073376753856
909299,8.880090785063118,-1.0980456075698908
909598,10.02871898741034,-1.000487328191078
909899,24.507170521983788,-0.4682197142476743
910199,6.731145200163185,-0.8195259155622607
910498,12.513535050882565,-0.778827623580125
910799,8.226762835639505,-1.0117247419572633
911098,13.644780672199692,-1.0490126396964818
911399,23.65030311188078,-1.016006734734059
911698,30.255163947621515,-1.3236406796476103
911999,7.701942063241361,-0.7429530376231592
912298,7.835393859053858,-0.7118595064660427
912599,8.016756881007561,-0.6444705823916861
912899,8.547691433104784,-0.555527352255418
913198,9.739819856729786,-0.48502476801352046
913499,10.659480345799231,-0.4441984244265349
913798,9.959390054887194,-0.48041864297959735
914099,8.932733050229785,-0.36391952070431777
914398,8.91749467766034,-0.318570996970132
914699,9.671954305796914,-0.3276740018428099
914998,10.944052327498305,-0.3268192258748144
915299,11.126658127077008,-0.3209275389827295
915599,11.572106284572378,-0.31160050333780953
915898,12.16987457026451,-0.3240322180386057
916199,12.991688686769137,-0.32113096138215513
916498,10.968718918864045,-0.2691347731383207
916799,11.597513687509878,-0.31009622879827914
917098,12.203769409986728,-0.30864097276763913
917399,12.46679907391034,-0.3065818763707584
917698,13.100571904410339,-0.3065862455598731
917999,13.231762644384878,-0.2973978865615925
918299,13.966911676336267,-0.3048004604956853
918598,16.514105034039968,-0.26542016751597775
918899,16.54144025161867,-0.2679650861212688
919198,18.78319681558839,-0.6547816508906694
919499,15.197958077139313,-0.4594359355995503
919798,17.05807223753071,-0.553795189391789
920099,17.121679256111733,-0.5344622379373245
920398,18.037523781611732,-0.47736044278445666
920699,18.318644528109417,-0.4058554614292855
920999,23.280293670264506,-0.5440009571545708
921298,21.350192077144136,-0.6236548164573734
921599,20.69885379335942,-0.47405375718458154
921898,23.675704789660344,-0.559343840156624
922199,0.5989259997599198,0.09913237956051213
922498,14.635979212850154,-0.5327388452721789
922799,3.6330211136971866,-0.38523732023498836
923098,1.2477937670713384,-0.17519227715989616
923399,0.6177245681145932,
923699,0.6177245681145932,
923998,0.6177245681145932,
924299,0.6177245681145932,
924598,0.6177245681145932,
924899,0.6177245681145932,
925198,,
925499,0.6177245681145932,
925798,,
926099,50.522034126195585,-0.2499738189106555
926399,57.47060696641896,-0.19908612094620648
926698,4.8055301515004265,-0.5836196417409893
926999,5.6671138446647795,-0.5165754956604549
927298,6.2912052002828345,-0.5998486986861837
927599,5.992433233581444,-0.532600561424359
927898,6.5270245227321,-0.7380663353195407
928199,6.338140281970334,-0.6235556062117116
928498,6.66219821696339,-0.7423826715477944
928799,6.52229863525737,-0.7772483627352302
929099,6.611944683609225,-0.8260962040404403
929398,6.811227130903205,-0.8035960471657324
929699,6.912079992924038,-0.7987770559943115
929998,19.933900057452533,-0.3363521224212922
930299,6.793250210162464,-0.8469077585525384
930598,7.2509065725513535,-0.8647773918325654
930899,7.365611236833761,-0.8314549072632478
931198,8.003948089741359,-0.8598610909580859
931499,8.054580415574502,-0.8848624109955989
931799,9.132258502627742,-0.8650389898675994
932098,8.538404274868482,-0.8931078498033
932399,8.255357191609225,-0.871059671234174
932698,7.90726255221339,-0.8671467018169421
932999,8.138952606493483,-0.9011520501678176
933298,8.712060262109224,-0.8600066363864585
933599,8.50954978561154,-0.8785856705099515
933898,8.548705118671725,-0.8437593422474707
934199,8.626898228197188,-0.797414167649918
934499,8.861849850137,-0.7262527461452628
934798,9.291044092424038,-0.7280130161327876
935099,9.97417611374117,-0.6964363610449651
935398,10.145117930951818,-0.6664026607074018
935699,10.460247898479592,-0.6076094025836964
935998,11.20980283815108,-0.6026714690444106
936299,11.808005638169599,-0.6274242634966933
936598,12.442750224199692,-0.5970837173725552
936899,13.551224037141825,-0.6257007183544463
937199,14.079616739542285,-0.6340199852779531
937498,29.707493839005775,-0.5903071932855657
937799,13.208267187965895,-0.7938840092588482
938098,32.09983087802198,-0.39036560245068164
938399,39.589105303631946,-0.47902750673718164
938698,46.63214389613657,-0.5500540071449216
938999,36.590012382638605,-0.5233489337225437
939298,0.6177245681145932,
939599,0.6177245681145932,
939899,0.6177245681145932,
940198,0.6177245681145932,
940499,0.6177245681145932,
940798,0.6177245681145932,
941099,0.6177245681145932,
941398,0.6177245681145932,
941699,0.6177245681145932,
941998,0.6177245681145932,
942299,0.6177245681145932,
942599,0.6177245681145932,
942898,0.6177245681145932,
943199,0.6177245681145932,
943498,0.6177245681145932,
943799,0.6177245681145932,
944098,0.6177245681145932,
944399,0.6177245681145932,
944698,0.6177245681145932,
944999,0.6177245681145932,
945299,0.6177245681145932,
945598,0.6177245681145932,
945899,7.8629624297737655,-1.046082384880605
946198,7.665030143559019,-0.9299351113672478
946499,6.172063527364044,-0.7338682352307777
946798,5.910848939125618,-0.7049880234172046
947099,7.42477762939235,-0.8256055730269538
947398,7.890822437248833,-0.9021965459315298
947699,6.008512372440433,-0.5796555870579188
947999,6.596575743514507,-0.6991851640510005
948298,13.750975655097841,-0.974833946147813
948599,25.77699248794185,-0.787950075391934
948898,27.52734557986342,-0.7676583930021774
949199,19.999731823414344,-0.8725291273378553
949498,12.631231462468211,-0.8383966376914553
949799,0.9925295549876897,-0.057935479687577285
950098,11.46027085022337,-0.959602729214148
950399,0.6177245681145932,
950699,0.6177245681145932,
950998,16.690992384687494,-1.1737468830714972
951299,8.339264573403204,-0.6623068311940155
951598,7.596693579475685,-0.8557973670777304
951899,13.079789244793973,-0.39262477078097713
952198,9.981656812010407,-0.42504222036942085
952499,1.721251955967317,-0.14092417751044994
952798,5.26053640895948,-0.5500544142302717
953099,0.7617046608184549,0.06806708380290627
953399,0.6177245681145932,
953698,0.6177245681145932,
953999,0.6177245681145932,
954298,0.6177245681145932,
954599,0.6177245681145932,
954898,0.6177245681145932,
955199,0.6177245681145932,
955498,0.6177245681145932,
955799,0.6177245681145932,
956099,0.6177245681145932,
956398,0.6177245681145932,
956699,0.6177245681145932,
956998,0.6177245681145932,
957299,0.6177245681145932,
957598,0.6177245681145932,
957899,0.6177245681145932,
958198,0.6177245681145932,
958499,0.6177245681145932,
958799,0.6177245681145932,
959098,0.6177245681145932,
959399,0.6177245681145932,
959698,0.6177245681145932,
959999,0.6177245681145932,
960298,0.6177245681145932,
960599,0.6177245681145932,
960898,0.6177245681145932,
961199,0.6177245681145932,
961499,0.6177245681145932,
961798,0.6177245681145932,
962099,0.6177245681145932,
962398,0.6177245681145932,
962699,0.6177245681145932,
962998,0.6177245681145932,
963299,0.6177245681145932,
963598,0.6177245681145932,
963899,0.6177245681145932,
964199,0.6177245681145932,
964498,0.6177245681145932,
964799,0.6177245681145932,
965098,0.6177245681145932,
965399,13.772489139693278,-0.4997699129681643
965698,21.14992182901504,-0.6512825487207461
965999,6.088305183139315,-0.47653720602093563
966298,7.01294277515089,-0.503804043470359
966599,6.458837857729594,-0.43789282742170244
966899,7.52426013155367,-0.6137279603905512
967198,7.960614334458762,-0.6200114524414202
967499,7.899772538546723,-0.5515201939899195
967798,7.990041364238855,-0.5842869826323409
968099,7.987997598986539,-0.48812855335287275
968398,7.5536805164564464,-0.46888522681488687
968699,7.364323497921723,-0.46753542787556324
968998,7.663258458289781,-0.4316225998089209
969299,7.634843198280519,-0.42147820073076914
969599,9.581650763876148,-0.7998857424638981
969898,6.558533019523576,-0.47715007998535586
970199,7.619677763634879,-0.6709629532193935
970498,7.162191868296724,-0.5536392999244
970799,6.310931196407835,-0.46713922371807093
971098,7.047859711961075,-0.5217147048725832
971399,7.018568561919407,-0.5066246235882734
971698,6.58712517458839,-0.47165149000178896
971999,6.867432966164969,-0.722847864806659
972299,6.751684636414779,-0.4510328602910867
972598,6.997917661926352,-0.48579442902237746
972899,6.6294458640629275,-0.4781748019086982
973198,6.90957422609765,-0.4627030601258
973499,7.132584144961076,-0.45305690398988774
973798,7.538038225680984,-0.5629712768056707
974099,7.594086044646261,-0.4861090414095788
974398,7.363453738654816,-0.8082234459142934
974699,6.107434045067556,-0.7529256589769122
974999,8.091939801119203,-0.9302173066575823
975298,7.171434639565242,-0.7500754556048472
975599,7.351358975116167,-0.7802632823606559
975898,7.608302747843019,-0.7851089282648975
976199,8.014517661588393,-0.8196547979697741
976498,8.24092906989626,-0.7824066129416234
976799,7.884754539669408,-0.7678370086878801
977098,8.112818154109224,-0.7088566196307025
977399,8.13039192279441,-0.6937439739106304
977699,13.626482947042813,-0.7617214332510371
977998,26.92329234071127,-0.3494274963694832
978299,19.326162103757568,-0.4792754217093187
978598,73.0190049828391,-0.3474970365574681
978899,27.63381943992796,-0.44222723713648504
979198,9.383850461796916,-0.6913256761589548
979499,8.421068019241359,-0.7536365665672635
979798,8.731109022637192,-0.7364322287998619
980099,9.25016265492886,-0.7545960070585
980399,9.512718505780713,-0.7635639169631223
980698,10.056775688646452,-0.768146046312868
980999,10.704852283301545,-0.7734789219231393
981298,11.067255275903396,-0.7542912546476124
981599,11.691861001736733,-0.7524935984988885
981898,12.373511495178857,-0.7312337918674778
982199,12.05027464896358,-0.7104474998247485
982498,11.956109947806175,-0.7023351896638368
982799,12.064253589634879,-0.6743218522152679
983099,24.320358940755774,-0.5255140193289329
983398,10.72243844994444,-0.7043850040643527
983699,10.27975705517102,-0.7405807971650733
983998,11.196637072106208,-0.772997510145975
984299,11.818957393918707,-0.6825308244496584
984598,12.91709259953534,-0.6527625759189897
984899,13.200289897618672,-0.6248016074572089
985198,14.040946588227472,-0.6060504227647818
985499,14.795032655477472,-0.5625874220999867
985799,15.319921644039972,-0.6135687113402144
986098,16.021342729280708,-0.6163288196184857
986399,17.191605178384876,-0.5978679060871794
986698,19.697876609066853,-0.639823532406218
986999,20.90329430628997,-0.589161929446147
987298,19.6343005971233,-0.576439940858243
987599,18.770558935801546,-0.48705557013565004
987898,29.886480000026616,-0.6361648352474809
988199,40.223656140357626,-0.6908294044401204
988499,40.85977537408448,-0.7208259089003777
988798,30.26010393443171,-0.7479413212108599
989099,0.9149858107211624,-0.25201695949258407
989398,0.6177245681145932,
989699,0.6177245681145932,
989998,0.6177245681145932,
990299,0.6177245681145932,
990598,0.6177245681145932,
990899,0.6177245681145932,
991199,0.6177245681145932,
991498,0.6177245681145932,
991799,0.6177245681145932,
992098,0.6177245681145932,
992399,0.6177245681145932,
992698,20.270912055065963,-1.2365277366499434
992999,18.1032907256192,-1.1266985109922438
993298,12.594615767889508,-0.7810366143246605
993599,23.41191485177519,-0.8950223491819076
993899,13.212870477188119,-0.8652638853210286
994198,13.73959241478534,-0.8077356934573354
994499,18.45319933861778,-0.9714873365727341
994798,15.182895664131665,-0.8292819191260454
995099,13.583154128056172,-0.9168060341090811
995398,12.754469149743676,-0.7661097546095559
995699,15.504329283780713,-0.892567171369042
995998,12.278953716935805,-0.8836173313033915
996299,11.24966844822747,-0.8609187727144676
996599,11.17147815726451,-0.9565376311086053
996898,10.3475202754821,-0.7919914770601293
997199,8.03051631832932,-0.7926408234355127
997498,12.40611339761636,-0.7959261039824668
997799,17.432204272729788,-1.021062968759959
998098,17.447505975234417,-1.0161069257557802
998399,15.408622221638613,-0.785877334638394
998698,19.68072069993491,-0.8859838261286463
998999,30.37656997173032,-1.251659230640358
999299,4.940382845116889,-0.9484179805943029
999598,13.357761134833057,-0.7804244150705737
999899,34.108354899406244,-0.749195877043388
1000198,20.331894623408555,-1.0004588526828524
1000499,27.316133134681706,-0.9928863147364728
1000798,13.035368826664346,-0.5798322908114788
1001099,24.79748014756133,-0.7945223543106432
1001398,21.224489342990466,-0.7111348931379613
1001699,27.71425160259143,-0.6591283886407964
1001999,36.512999117848366,-0.8403753789263317
1002298,3.878954309500475,-0.549739656674304
1002599,20.47519409400578,-0.8361045410432326
1002898,4.286547630727999,-0.5769132115876543
1003199,2.554204858245507,-0.49773917941611545
1003498,,
1003799,16.53325387888772,-0.6520997756189817
1004098,25.54705704119096,-0.6959863109229525
1004399,,
1004699,0.6177245681145932,
1004998,0.6177245681145932,
1005299,30.218622687509246,-0.8066856573904888
1005598,31.79370190331712,-0.6063730858142358
1005899,23.45404233764093,-0.673261149545231
1006198,18.72678575750525,-0.45601095253827495
1006499,20.432885442618677,-0.4955628816050204
1006798,19.26178130854923,-0.512498885445164
1007099,21.23105289075525,-0.4766356763101063
1007399,20.795289399493672,-0.4342776813461513
1007698,61.8063879225104,-0.4139564796082269
1007999,23.645326900834487,-0.5819938488643945
1008298,48.23609300042475,-0.5258562357049676
1008599,18.390444904551543,-0.40337231762890746
1008898,18.58668694946296,-0.5548195586432414
1009199,33.41711043423495,-0.49173776676701575
1009498,32.587222869936326,-0.5391915804645024
1009799,56.827289241144655,-0.506509431323273
1010099,38.81651761475577,-0.5691021268090146
1010398,6.766862286052072,-0.45921311782650065
1010699,0.6177245681145932,
1010998,,
1011299,0.6177245681145932,
1011598,0.6177245681145932,
1011899,,
1012198,,
1012499,,
1012799,,
1013098,0.6177245681145932,
1013399,0.6177245681145932,
1013698,0.6177245681145932,
1013999,0.6177245681145932,
1014298,0.6177245681145932,
1014599,0.6177245681145932,
1014898,0.6177245681145932,
1015199,0.6177245681145932,
1015499,0.6177245681145932,
1015798,0.6177245681145932,
1016099,0.6177245681145932,
1016398,0.6177245681145932,
1016699,0.6177245681145932,
1016998,0.6177245681145932,
1017299,0.6177245681145932,
1017598,0.6177245681145932,
1017899,0.6177245681145932,
1018199,0.6177245681145932,
1018498,0.6177245681145932,
1018799,0.6177245681145932,
1019098,0.6177245681145932,
1019399,5.555349434000617,-0.4006857061360005
1019698,,
1019999,7.844612892009686,-0.61650516254659
1020298,8.064703975984223,-0.5756793601092003
1020599,8.032581443424036,-0.5707112322262591
1020899,8.319636238130059,-0.6050883247694043
1021198,9.01072807800043,-0.6935578975111814
1021499,8.142851438963392,-0.6347111425344891
1021798,8.699111106354593,-0.720626987831033
1022099,8.833319165389316,-0.6285511452104331
1022398,9.141209183354592,-0.6914923408614955
1022699,9.519180932757372,-0.7258914901941746
1022998,9.969103081097648,-0.736176158201983
1023299,10.359675563132562,-0.745572032677422
1023599,10.528186238653396,-0.7543293157280668
1023898,11.574823915876145,-0.8357194036696178
1024199,12.175694891623303,-0.8214587266218178
1024498,11.781370716565432,-0.7243274542940006
1024799,11.880296661303857,-0.7812384065566587
1025098,12.301717803836267,-0.7727963649745166
1025399,12.324587223303858,-0.7406312440691836
1025698,21.580099568325224,-0.8122525965902239
1025999,18.61548870949768,-0.7162381167278058
1026299,15.570224015600157,-0.7549243377009551
1026598,17.73484151721037,-0.7310667662081167
1026899,19.677653967115468,-0.8098203230418841
1027198,28.478467964659714,-0.3970905402157787
1027499,34.78932612815623,-0.3695759114510846
1027798,46.92609704733218,-0.32383913093545913
1028099,29.46266077373957,-0.4783963744073074
1028398,37.36133377629513,-0.41469768644130744
1028699,20.88998058480991,-0.5227287294905911
1028999,26.273293338326386,-0.4822545502256421
1029298,26.763700536092323,-0.5024526579010635
1029599,79.64690275443172,-0.6557700531040471
1029898,11.008897195195592,-0.5760633983833179
1030199,11.143920934844902,-0.5704172509912988
1030498,41.366001818564804,-0.6116802629135418
1030799,62.97630984300204,-0.9651884127156942
1031098,0.6177245681145932,
1031399,0.6177245681145932,
1031699,0.6177245681145932,
1031998,0.6177245681145932,
1032299,0.6177245681145932,
1032598,0.6177245681145932,
1032899,0.6177245681145932,
1033198,0.6177245681145932,
1033499,0.6177245681145932,
1033798,0.6177245681145932,
1034099,0.6177245681145932,
1034399,0.6177245681145932,
1034698,0.6177245681145932,
1034999,1.051908174784393,-0.09412919572288403
1035298,28.78169161107148,-0.6926334528738924
1035599,21.383580353248565,-0.749166192516233
1035898,10.858909546644135,-0.9154914810722121
1036199,11.305014907141823,-0.7447543213519661
1036498,9.398178660514507,-0.6911588463966116
1036799,9.025572967688118,-0.8258132596056194
1037099,9.356917208903395,-0.9220737273536024
1037398,8.751873309308486,-0.8497224996534685
1037699,9.61968866900525,-0.7983879897706978
1037998,10.482237220928859,-0.8898340868607821
1038299,9.625745742831638,-0.724600738638919
1038598,11.695525643565434,-0.8267555719150939
1038899,19.67442707207843,-0.9612658162236989
1039198,13.707244490671913,-0.8261018687240234
1039499,32.53167946327082,-1.1565192266213953
1039799,41.133452401754354,-1.0538693494897782
1040098,20.352267415734943,-0.8065071206855849
1040399,33.5002922680243,-0.9390920265426652
1040698,15.00182903961226,-0.7080446043989537
1040999,15.915303065218207,-0.8399735533143249
1041298,21.460055626271455,-0.5662591835656072
1041599,10.793874190750621,-0.6197858652572898
1041898,29.570972909432864,-0.9950502058038981
1042199,13.416264856076115,-0.6636308003670852
1042499,26.254909801634877,-0.8460889688519064
1042798,12.231518130557594,-0.5657314741523214
1043099,21.90862186875346,-0.6341283750152604
1043398,11.241174289505246,-0.5424765550734498
1043699,10.789239998639507,-0.4802929963538012
1043998,11.154643993991357,-0.4926857808243994
1044299,12.736802915706638,-0.4641169675923118
1044598,12.455353878021452,-0.5263760364942935
1044899,21.910827029822904,-0.8025614658446647
1045199,14.93111496965571,-0.4883423861851035
1045498,15.696535667354782,-0.45589207363598905
1045799,15.752206780872408,-0.4138198204603849
1046098,15.5424212574358,-0.39581870445340184
1046399,16.060593761952006,-0.41166614352075426
1046698,16.28014538471358,-0.3993935800929651
1046999,16.97014971747284,-0.39074972542295816
1047298,17.459233353151077,-0.3708982287255156
1047599,17.541078911859415,-0.3564250129079676
1047899,18.18132704872515,-0.36035743892884575
1048198,17.841944675609415,-0.3728890946021175
1048499,18.35400369670432,-0.3658867275473139
1048798,18.47234021994738,-0.38763094679321886
1049099,19.011875829734414,-0.3777641457643548
1049398,18.251205661271452,-0.3782646027664456
1049699,18.063610251232106,-0.37833222233156105
1049998,17.46938013983858,-0.36185809320061324
1050299,18.590153318037654,-0.36928673650649624
1050599,18.10256968956312,-0.372743258791697
1050898,18.623318116880245,-0.3680959992857802
1051199,19.317499194269136,-0.36698553971995884
1051498,19.459778845565438,-0.34317941982817346
1051799,19.226033920708957,-0.3630608603232537
1052098,19.851906388732097,-0.40567256268466023
1052399,20.349819663570063,-0.41011409364778895
1052698,19.665774714914974,-0.394056199415713
1052999,19.855864690627936,-0.40210552410718714
1053299,23.200826088319168,-0.4768219438786021
1053598,18.967184966419598,-0.4373727310752542
1053899,13.279150460141823,-0.5111941635797013
1054198,16.00337107188025,-0.4855412501281149
1054499,16.25473612185479,-0.45837696107080905
1054798,15.48127253918349,-0.4365615121915234
1055099,16.381654878565435,-0.451087134155294
1055398,13.837704989984415,-0.46611812140144804
1055699,16.614071920425648,-0.5296292497297179
1055999,15.777026565225153,-0.4782087246818649
1056298,15.764490490831637,-0.468368246634675
1056599,15.127066154560803,-0.4181770662795836
1056898,14.376071506213584,-0.4070935424300426
1057199,12.585255293280708,-0.5455041306184818
1057498,13.355162815257563,-0.5496333621025145
1057799,14.132143295211264,-0.6199430678341462
1058098,13.134691061664972,-0.45443225974839585
1058399,12.01808816357913,-0.46423495863904596
1058699,9.816814013912655,-0.5263129116247909
1058998,10.188353984849963,-0.43633127807696703
1059299,8.806608675447908,-0.5292219014047013
1059598,9.56191721181524,-0.4012782253175735
1059899,9.847202032259686,-0.4005493339588686
1060198,10.437930884577007,-0.7106459892742387
1060499,9.40329885058839,-0.412395826515473
1060798,10.003218102562927,-0.4347695942051373
1061099,7.521558972224964,-0.4555772991545277
1061399,11.008551687819871,-0.5599467292289411
1061698,10.3028586493245,-0.6499502163850406
1061999,9.890571569496952,-0.5224519619218593
1062298,9.7132822826833,-0.5889837228828472
1062599,10.24659338021821,-0.7594383895466108
1062898,10.29445849298263,-0.8569966802176225
1063199,10.598282117676543,-0.8456979849494581
1063498,11.011707626768512,-0.8484461608821554
1063799,9.09206748032932,-0.599504563744186
1064099,10.190591764738853,-0.6982064218797865
1064398,9.821950960768946,-0.5976336581568678
1064699,9.717662313141632,-0.5657526593415365
1064998,9.78293468502589,-0.6425135383579459
1065299,9.136338747280524,-0.5600261744349406
1065598,9.605454514359224,-0.532124478575857
1065899,10.006016727370797,-0.4634686243709305
1066198,11.985198017917286,-0.5034547118567436
1066499,12.275892635617778,-0.5869607654361306
1066799,21.705944263261564,-0.5322201858868578
1067098,11.3577542844196,-0.5322190416107744
1067399,12.099663244109415,-0.5526000056708453
1067698,12.02814566396358,-0.5415221876181855
1067999,13.118130010079321,-0.4928694496990216
1068298,12.427593140505248,-0.5037431530550649
1068599,12.686609678641823,-0.49784787786129847
1068898,17.458642348688116,-0.41088399383752217
1069199,13.768074032651079,-0.5147508610349734
1069499,21.24041303921821,-0.35387183369444064
1069798,16.43725044448441,-0.4402239096920042
1070099,17.665643219931173,-0.4731232600050268
1070398,20.234988144458953,-0.395351267124014
1070699,17.305133947287658,-0.48577142908510496
1070998,20.101685866685802,-0.45120713467328977
1071299,19.23742401947195,-0.4816344314609078
1071598,26.95792837626388,-0.42676739287938914
1071899,19.621829646423336,-0.4886794484600727
1072199,135.76369066886923,-0.24989697447706383
1072498,96.08777331478933,-0.214451039552086
1072799,55.51832049277313,-0.34783889228456566
1073098,72.38513469882521,-0.3262820992141784
1073399,94.07511771499189,-0.2238428756640154
1073698,33.585907920756675,-0.27170198845385096
1073999,42.234517754587955,-0.24610278315655942
1074298,72.16294186813542,-0.2598593645539864
1074599,50.96878114907985,-0.24890624576657183
1074899,35.10499731253586,-0.2519420407387478
1075198,0.6177245681145932,
1075499,0.6177245681145932,
1075798,,
1076099,,
1076398,,
1076699,,
1076998,,
1077299,0.6177245681145932,
1077599,0.6177245681145932,
1077898,0.6177245681145932,
1078199,0.6177245681145932,
1078498,0.6177245681145932,
1078799,0.6177245681145932,
1079098,0.6177245681145932,
1079399,0.6177245681145932,
1079698,0.6177245681145932,
1079999,0.6177245681145932,
1080299,0.6177245681145932,
1080598,0.6177245681145932,
1080899,0.6177245681145932,
1081198,0.6177245681145932,
1081499,0.6177245681145932,
1081798,0.6177245681145932,
1082099,0.6177245681145932,
1082398,0.6177245681145932,
1082699,0.6177245681145932,
1082999,0.6177245681145932,
1083298,0.6177245681145932,
1083599,0.6177245681145932,
1083898,0.6177245681145932,
1084199,38.29369202059837,-0.9919663966529437
1084498,22.120109059624994,-0.8919112786442314
1084799,34.07034340424188,-0.9727857582922435
1085098,24.47634627607175,-0.9182351101806736
1085399,17.40567830479692,-1.2091190371143776
1085699,18.755835322094626,-1.1710997473167777
1085998,22.139100947160344,-0.8643309317023169
1086299,17.447064024319168,-1.0618512688197113
1086598,16.47586263708395,-0.8884355947708313
1086899,18.222061085059906,-1.0124257504892515
1087198,21.73783995321963,-0.9698820249306246
1087499,16.59248807453124,-1.090277476247849
1087798,20.092702128238148,-0.942654259085189
1088099,18.45978079914093,-0.9615213552798347
1088399,20.651478497499728,-1.0988850460594057
1088698,22.388891595643514,-1.1673881066842302
1088999,24.365192931719637,-1.0230262467281754
1089298,19.210835374370365,-1.137895964114008
1089599,14.764748418758984,-1.140340321370311
1089898,20.639042241263613,-0.9316461839206183
1090199,,
1090498,,
1090799,21.19229261190393,-0.8087430482724078
1091099,0.6177245681145932,
1091398,4.257512926390035,-0.7173639254255517
1091699,,
1091998,0.6177245681145932,
1092299,0.6177245681145932,
1092598,0.6177245681145932,
1092899,0.6177245681145932,
1093198,0.6177245681145932,
1093499,0.6177245681145932,
1093799,0.6177245681145932,
1094098,0.6177245681145932,
1094399,0.6177245681145932,
1094698,0.6177245681145932,
1094999,0.6177245681145932,
1095298,0.6177245681145932,
1095599,0.6177245681145932,
1095898,0.6177245681145932,
1096199,0.6177245681145932,
1096499,0.6177245681145932,
1096798,0.6177245681145932,
1097099,0.6177245681145932,
1097398,0.6177245681145932,
1097699,0.6177245681145932,
1097998,0.6177245681145932,
1098299,0.6177245681145932,
1098598,0.6177245681145932,
1098899,0.6177245681145932,
1099199,0.6177245681145932,
1099498,0.6177245681145932,
1099799,0.6177245681145932,
1100098,0.6177245681145932,
1100399,0.6177245681145932,
1100698,0.6177245681145932,
1100999,0.6177245681145932,
1101298,0.6177245681145932,
1101599,0.6177245681145932,
1101899,0.6177245681145932,
1102198,0.6177245681145932,
1102499,0.6177245681145932,
1102798,0.6177245681145932,
1103099,0.6177245681145932,
1103398,0.6177245681145932,
1103699,0.6177245681145932,
1103998,0.6177245681145932,
1104299,0.6177245681145932,
1104599,0.6177245681145932,
1104898,0.6177245681145932,
1105199,0.6177245681145932,
1105498,0.6177245681145932,
1105799,0.6177245681145932,
1106098,0.6177245681145932,
1106399,0.6177245681145932,
1106698,0.6177245681145932,
1106999,0.6177245681145932,
1107299,0.6177245681145932,
1107598,0.6177245681145932,
1107899,0.6177245681145932,
1108198,0.6177245681145932,
1108499,0.6177245681145932,
1108798,0.6177245681145932,
1109099,0.6177245681145932,
1109398,0.6177245681145932,
1109699,0.6177245681145932,
1109999,0.6177245681145932,
1110298,0.6177245681145932,
1110599,0.6177245681145932,
1110898,0.6177245681145932,
1111199,0.6177245681145932,
1111498,0.6177245681145932,
1111799,0.6177245681145932,
1112098,0.6177245681145932,
1112399,0.6177245681145932,
1112699,0.6177245681145932,
1112998,21.861910005998304,-0.6804357229375244
1113299,20.525694550780713,-0.6743068657773714
1113598,19.24437327716266,-0.663778121016757
1113899,32.22679402627199,-0.9079869812246315
1114198,21.88107138943812,-0.6469813219436045
1114499,21.91495706077377,-0.6395870706010667
1114798,30.979142354756668,-0.6479882666957841
1115099,57.35379883347106,-0.6265366581934704
1115399,80.51015690890159,-0.5355250657941879
1115698,1.0894636407381388,-0.14740941435693733
1115999,7.41569066959374,-0.2956421249274219
1116298,17.631180333396983,-0.35772880173288724
1116599,12.981524004593739,-0.45009944372227206
1116898,0.6177245681145932,
1117199,0.6177245681145932,
1117498,,
1117799,,
1118099,,
1118398,,
1118699,,
1118998,,
1119299,,
1119598,,
1119899,,
1120198,,
1120499,,
1120799,0.6177245681145932,
1121098,0.6177245681145932,
1121399,0.6177245681145932,
1121698,0.6177245681145932,
1121999,0.6177245681145932,
1122298,0.6177245681145932,
1122599,0.6177245681145932,
1122898,0.6177245681145932,
1123199,0.6177245681145932,
1123499,0.6177245681145932,
1123798,0.6177245681145932,
1124099,0.6177245681145932,
1124398,0.6177245681145932,
1124699,,
1124998,32.08244485664555,-0.7730090744748463
1125299,56.70102507747426,-0.9174834087407031
1125598,28.385451242233515,-0.9157971427202083
1125899,29.65781437566408,-0.959897096733513
1126199,22.3067306183571,-0.8131377815440517
1126498,13.718867055276082,-0.7875936009839783
1126799,21.714220971849258,-1.1260350840726074
1127098,9.880239508012192,-0.6003243529744589
1127399,10.148267770979784,-0.5697086104504092
1127698,14.10020186173263,-0.8341832762363193
1127999,18.746622040598368,-0.7245487389288372
1128298,11.146173283346053,-0.8556455923934745
1128599,15.279973854519666,-0.9320006115029613
1128899,14.602147252091422,-0.716276360967675
1129198,19.424984311510407,-0.957744552786082
1129499,9.739120178741887,-0.8888965868897891
1129798,14.816780686042812,-1.015208615913131
1130099,17.7654030034155,-0.851400556336537
1130398,14.468764512704853,-0.9914192590338171
1130699,8.107797346163812,-0.8529029180974461
1130998,14.323813552545127,-0.9512182697798373
1131299,15.422216816431172,-0.8977000911988409
1131599,17.673316083408558,-0.9442197921528999
1131898,13.089715637412658,-0.9058548082380857
1132199,14.202651423866357,-0.8753045774575225
1132498,18.03013008117476,-0.9434131817534854
1132799,16.65690843045948,-0.9855225386469737
1133098,19.374845131802072,-1.0274407339497365
1133399,17.768606464190963,-0.9888704487001141
1133698,20.39989090243402,-0.9621614289947444
1133999,14.413160189971055,-0.9293173491768723
1134299,9.052847048130777,-0.8460306997347777
1134598,18.00424606247337,-1.0212480341372236
1134899,27.994882095252038,-1.056260823628067
1135198,15.394358776239045,-0.7637157988536494
1135499,15.993769116005247,-0.7879896577472252
1135798,16.39697393016497,-0.7057985849387396
1136099,15.849702428766825,-0.7253310314746779
1136398,16.10745073345895,-0.67493041459967
1136699,19.2734270819196,-0.7561938141869136
1136999,21.153091143097836,-0.7836823825050321
1137298,15.82070864286173,-0.6282183491600155
1137599,16.94627082542191,-0.6073095788629888
1137898,16.95951288978534,-0.6235670892199712
1138199,17.974944298683486,-0.6151067564323236
1138498,18.532174016320067,-0.6134477058452312
1138799,18.374765532197376,-0.5936749010074176
1139098,19.27170255761636,-0.5424123103536191
1139399,19.690982612695066,-0.540187310479648
1139699,23.726651391816855,-0.6845749243536834
1139998,18.959950332206635,-0.5407524198112941
1140299,26.49761112893402,-0.5409219376913896
1140598,19.502200336074694,-0.4914955039748936
1140899,33.07862358320343,-0.7632155631206634
1141198,24.029507440846057,-0.6437972868879345
1141499,20.042776656359415,-0.5508930953025768
1141798,19.83822840072747,-0.5309497290909566
1142099,19.688300538287656,-0.4948114333190059
1142399,20.8431592439821,-0.5224614492664443
1142698,20.78650821761173,-0.5709722348525181
1142999,19.67959410002377,-0.6092166206718632
1143298,18.708957248081635,-0.5461729122824686
1143599,42.31162542430438,-0.6224546345868223
1143898,32.36735060910185,-0.8020466647130315
1144199,26.144760607359416,-0.7035065230267374
1144498,17.87011063716034,-0.5257025438110232
1144799,17.643138102290504,-0.6132729814219777
1145099,19.344467180445065,-0.5695584353834551
1145398,19.12360682651451,-0.548462845189833
1145699,19.32554726141034,-0.5005321307246824
1145998,22.81305169768954,-0.5904989997203505
1146299,19.103917788658023,-0.6550148542170025
1146598,19.240111483113417,-0.7176053981614727
1146899,14.620483454389314,-0.6679859440383507
1147198,16.46019080183627,-0.7774292775353373
1147499,17.250920637362256,-0.7553305480616519
1147799,15.449365768322378,-0.7370049073805014
1148098,15.374969900250619,-0.7361987106952028
1148399,16.42876025671358,-0.7856989418674503
1148698,15.914139828195593,-0.7749304043702485
1148999,13.43264792503587,-0.9011931094748238
1149298,13.353647366297444,-0.4898669519472323
1149599,4.7828505951487665,-0.5757239212487979
1149898,14.311510512674232,-0.8485672638342479
1150199,16.73315426292939,-0.2555975103869226
1150499,11.621622913077536,-0.9422388130268582
1150798,13.742365835638612,-0.7433345274955911
1151099,15.710787865785152,-0.675539542146665
1151398,15.160200312514316,-0.6941624500173951
1151699,14.654626411618478,-0.6544053443251903
1151998,15.475045853188119,-0.7127650493300695
1152299,13.514245929882371,-0.7909189882130057
1152598,15.35905063780386,-0.69304774048972
1152899,14.606287033546913,-0.7673770433803664
1153199,12.877815741132371,-0.6561023956582774
1153498,22.353856613637188,-0.558266460745322
1153799,23.52738760662268,-0.7974730407134678
1154098,23.74426223362241,-0.5333301052985078
1154399,14.318099442864577,-0.6395774552086071
1154698,66.48534625201735,-0.4543958648559616
1154999,41.097166942223375,-0.32075351145346587
1155298,15.03440377223442,-0.6027681178665101
1155599,16.287984082282403,-0.5730426999615061
1155899,17.29740979185389,-0.6485001086187723
1156198,16.42584828073673,-0.6332237696883682
1156499,20.176805894993052,-0.692093348146231
1156798,16.432361611636296,-0.7572689935524426
1157099,17.104970194600156,-0.7698738434844261
1157398,15.397357531086271,-0.6611104052440253
1157699,17.204658075146455,-0.5787296380008973
1157998,15.729996580794603,-0.680632074772304
1158299,16.148949040100156,-0.5123433256391161
1158599,16.42275906513488,-0.5656342417746689
1158898,17.291716304310803,-0.7724538381708306
1159199,26.398210149577537,-0.8910412419785745
1159498,25.711228009883097,-0.877537560093651
1159799,24.271174699376147,-0.9315487030842702
1160098,20.26180231543518,-0.8366463916349252
1160399,1.8103601196044883,-0.160766140728122
1160698,60.776824586721055,-0.4581257493044788
1160999,3.8387247597471923,-0.29038423073333064
1161299,,
1161598,,
1161899,1.243465271690107,-0.1725788767815466
1162198,,
1162499,,
1162798,0.6177245681145932,
1163099,,
1163398,,
1163699,,
1163999,0.6177245681145932,
1164298,0.6177245681145932,
1164599,0.6177245681145932,
1164898,,
1165199,,
1165498,0.6177245681145932,
1165799,0.6177245681145932,
1166098,0.6177245681145932,
1166399,0.6177245681145932,
1166699,0.6177245681145932,
1166998,0.6177245681145932,
1167299,0.6177245681145932,
1167598,0.6177245681145932,
1167899,0.6177245681145932,
1168198,0.6177245681145932,
1168499,0.6177245681145932,
1168798,0.6177245681145932,
1169099,0.6177245681145932,
1169399,0.6177245681145932,
1169698,0.6177245681145932,
1169999,0.6177245681145932,
1170298,0.6177245681145932,
1170599,0.6177245681145932,
1170898,0.6177245681145932,
1171199,0.6177245681145932,
1171498,0.6177245681145932,
1171799,0.6177245681145932,
1172099,0.6177245681145932,
1172398,0.6177245681145932,
1172699,0.6177245681145932,
1172998,0.6177245681145932,
1173299,0.6177245681145932,
1173598,0.6177245681145932,
1173899,0.6177245681145932,
1174198,14.673376593191854,-1.2031412303139972
1174499,24.98327333673815,-1.478757493454852
1174799,9.79400834885879,-1.1313300255327006
1175098,12.708502958587689,-1.306715718423654
1175399,26.38253461412935,-1.2620911625323794
1175698,27.567936936145557,-1.1956032912280836
1175999,25.32818755633769,-1.211845565108499
1176298,25.21319755511778,-1.2365655652723468
1176599,24.63775766926824,-1.5353429503868758
1176898,20.98460219798842,-1.541315175908752
1177199,23.46910654216318,-1.4434162405742241
1177499,20.549413747475686,-1.2519250258132266
1177798,24.021736148002304,-1.2041297415281558
1178099,19.4385576951111,-1.1069820562442163
1178398,22.44553850805555,-1.218404402874504
1178699,6.794644071103892,-0.8312171942952298
1178998,25.85073897330991,-1.2062756897672693
1179299,24.932468724627043,-1.166237300128663
1179598,22.77465030277083,-1.0181597631207198
1179899,36.32887362698032,-1.010117191982121
1180199,38.96935790670138,-1.5792135983383426
1180498,8.578633037846053,-1.0803852689177758
1180799,0.6177245681145932,
1181098,0.6177245681145932,
1181399,0.6177245681145932,
1181698,,
1181999,0.6177245681145932,
1182298,0.6177245681145932,
1182599,0.6177245681145932,
1182899,0.6177245681145932,
1183198,0.6177245681145932,
1183499,0.6177245681145932,
1183798,0.6177245681145932,
1184099,0.6177245681145932,
1184398,0.6177245681145932,
1184699,0.6177245681145932,
1184998,0.6177245681145932,
1185299,0.6177245681145932,
1185599,0.6177245681145932,
1185898,0.6177245681145932,
1186199,0.6177245681145932,
1186498,0.6177245681145932,
1186799,0.6177245681145932,
1187098,0.6177245681145932,
1187399,0.6177245681145932,
1187698,0.6177245681145932,
1187999,0.6177245681145932,
1188299,0.6177245681145932,
1188598,0.6177245681145932,
1188899,0.6177245681145932,
1189198,0.6177245681145932,
1189499,0.6177245681145932,
1189798,0.6177245681145932,
1190099,0.6177245681145932,
1190398,0.6177245681145932,
1190699,0.6177245681145932,
1190999,0.6177245681145932,
1191298,0.6177245681145932,
1191599,0.6177245681145932,
1191898,0.6177245681145932,
1192199,0.6177245681145932,
1192498,0.6177245681145932,
1192799,0.6177245681145932,
