,rmse,skill
299,0.4059550853511802,-0.7603228303727037
598,0.4275607332616385,-0.8978630875865714
899,0.3561667886964423,-0.535759519664007
1198,0.380185971338595,-0.7020691787049191
1499,0.37869886909062056,-0.4958951290318656
1798,0.46918331901821325,-0.7950885146341959
2099,4.513541852332069,-0.14096184742814732
2398,2.85355648286017,-0.23349465685872195
2699,1.650722589320907,-0.21201647892622555
2999,0.4560271603926425,-0.6492248146675523
3298,0.9660634300286635,-0.6215712426832571
3599,1.7281510018890753,-0.4475844741218742
3898,0.5177146267994384,-0.8751494547125054
4199,3.345609486598998,-0.3850543477126287
4498,0.6136320251214475,-1.1967164883808779
4799,0.5311094486349021,-0.827087842394187
5098,0.4857161804452715,-0.7881494486886969
5399,0.5063173341898188,-0.9034504255390763
5699,0.5101997461514685,-0.8563135619141502
5998,0.8424976910250033,-1.2921973662868766
6299,0.6873717000504662,-0.9178171516182705
6598,0.5508691642750033,-0.8666934946790639
6899,0.6093081003120404,-0.8444646035393502
7198,0.5457424649000033,-0.7847840484550679
7499,0.643225100240281,-0.8723876440382523
7798,0.6541063628351884,-0.8688582991061329
8099,0.7238867446870404,-0.9015259357505638
8399,0.6351417323212997,-0.8816499851093549
8698,0.6267097861453736,-0.8248940515744121
8999,0.5886546354995406,-0.7136785951541318
9298,0.5682306769462996,-0.6329486576734475
9599,0.5940475469231514,-0.6766074893587535
9898,0.6491866149416701,-0.7491883843909866
10199,0.6219458794370404,-0.7289799488328519
10498,0.6423790885736144,-0.758643164952481
10799,0.6232218551061006,-0.7272564230957206
11099,0.6902193085944478,-0.8143360303006366
11398,0.6891533501407441,-0.8152812395630664
11699,0.8109667470203736,-0.9382266331762061
11998,0.820566819092133,-0.9667158705000223
12299,0.959686434777318,-1.053391722643238
12598,0.9887025604578734,-1.0335987496917634
12899,1.1695018825111143,-1.0917183155276438
13198,1.1110971431384293,-1.0604170090103322
13499,1.9659823958027813,-1.0954498851107242
13799,1.4956696311013924,-1.0836547113211714
14098,1.291819471293522,-1.072755769527637
14399,1.5731964623953738,-1.0821189043956
14698,1.5842374883884291,-1.1054853506099311
14999,1.849004053041207,-1.0829317729765693
15298,2.3002745705296332,-1.0208711121633045
15599,2.240418536325929,-1.098840339471018
15898,2.3145244785574106,-1.1085511751946013
16199,2.060742453193985,-1.080644649248411
16499,2.3054977329925963,-1.0515491442752376
16798,2.258824994471763,-0.9979469246999646
17099,2.296708215828244,-1.1304584679472716
17398,2.1857369994717626,-1.0314319390260378
17699,2.0537549047888923,-1.0024372319343655
17998,2.0421339452495406,-1.0331931666379668
18299,1.6956403489677792,-1.0214557073682475
18598,1.6451210105881495,-1.0321902757579822
18899,1.7382038480765756,-1.0509205657978535
19199,1.4654644335279645,-1.0212248581563443
19498,1.3120599012802794,-0.9858792192408119
19799,1.2531379461575942,-1.0939018154316105
20098,1.159972140240927,-1.0617121501881956
20399,1.6590180348150017,-0.7825829408867957
20698,0.9621879022531518,-0.9981370029730416
20999,1.0734845796631387,-1.1500628496220773
21298,0.9072474416446202,-1.034597742660968
21599,0.8755209596554652,-1.0106054833150333
21899,0.9021354679957427,-1.0175565347556526
22198,0.8858428080170849,-1.051862726865667
22499,0.8664862986328257,-1.0119004440185835
22798,0.7611904395628337,-0.9812557481037074
23099,0.8456107999795002,-1.0225414548840175
23398,0.7806005562410745,-1.0341872032440667
23699,0.9122297611392225,-1.1047796324650512
23998,0.7550715772821354,-0.9943917651400389
24299,0.9831672119974131,-1.0509092011951968
24599,0.6892975875219857,-1.0767982797093976
24898,0.7155159398275415,-1.021198957890943
25199,0.6666985911678192,-1.0082394397369185
25498,0.7043599951364765,-1.0909509488944718
25799,0.7078336186470788,-1.1759770945263588
26098,0.6254923545799492,-1.0991827011789703
26399,0.70315811963319,-1.1736793949660487
26698,0.6741927822393999,-1.0940957578087538
26999,0.6417628835380114,-1.0858740716711734
27299,0.6488781800359678,-1.2051678321916888
27598,0.7033188794130112,-1.0209888420393574
27899,0.6660284357231965,-1.0573398046549287
28198,0.6195756392373566,-1.0264232337062782
28499,0.6264544690727548,-1.0473633800731745
28798,0.5758923274431038,-1.1489596180099246
29099,0.7286013367210598,-1.0971660540148611
29398,0.6702615835981964,-1.1533784708939678
29699,0.6765757681607177,-1.0509987114631425
29999,0.718603278142178,-0.9945322390190496
30298,0.6570147922926409,-1.0252969561828547
30599,0.7120730729106965,-1.0228971746410345
30898,0.7227062800912519,-0.9743914439794685
31199,0.6113374695495852,-1.1422643069983298
31498,0.6726605853366224,-1.0489325033031212
31799,0.6063000834755112,-1.1056747651436627
32098,0.5881401744199556,-1.0156006433987574
32399,0.5546751956653262,-1.2118950907609056
32699,0.597394158892178,-1.061177795070055
32998,0.6343983459593076,-1.0408717057856118
33299,0.6313618624477335,-1.0281962877179884
33598,1.0855180208019002,-0.6214742615545692
33899,0.6025330739731964,-1.0274270910837253
34198,0.6698973262694927,-1.0265470596859463
34499,1.5973120486525056,-0.7949991616734902
34798,0.6660420772023632,-1.123736116587387
35099,0.5441431925032889,-1.1812590821896682
35399,0.47241663731115946,-1.240536846350751
35698,0.6445538009384744,-0.7622630681532334
35999,5.613100301022895,-0.21921785699202734
36298,2.2774840399383316,-0.5305513543540583
36599,1.4483743601259742,-0.5907531980130292
36898,0.42141251348245573,-1.165534163768715
37199,8.699844640479,-0.2969264931713862
37498,0.7704299013204187,-0.784967742106564
37799,1.1815428058669906,-0.4576854435334936
38099,1.5022203569465757,-0.2635650561753746
38398,0.6382071227023631,-0.7185658310710499
38699,0.5156063389708817,-1.0185591437421926
38998,0.7367413652972705,-0.937978142710731
39299,98.14744687536565,-0.5079415741417723
39598,0.3888548272347705,-0.9300537806650617
39899,0.3996789956352335,-0.8562703302863341
40198,0.3843485528458817,-0.9197679143375743
40499,0.43889542890143723,-0.6608166272417504
40799,0.3767893585426409,-0.8089399152704404
41098,0.4033033150773632,-0.842571531821551
41399,0.41201962905421496,-0.9720092978334274
41698,0.4280957986352335,-0.8014084520668612
41999,0.4383331408134742,-0.8646650892366496
42298,0.41977396631115943,-0.8426792150681992
42599,0.5648619273870396,-1.0514985270400352
42898,0.44126542019953957,-0.8619829016960214
43199,0.4245322562041691,-0.8207744391725391
43499,0.4116001108500025,-0.7279739426981666
43798,0.4087378168708358,-0.7957954189702479
44099,0.7717510940080066,-1.035765000481669
44398,40.57590977153744,-0.18187236159960385
44699,0.3664870917267462,-0.5898797181507369
44998,0.4778093750774365,-1.3471410343337675
45299,0.3517407853737328,-0.5669156597574563
45598,0.354268571800912,-0.6168103751562144
45899,0.3735784788197018,-0.6698871172537404
46199,0.4019506182452617,-0.5394550190385878
46498,0.3856809036389659,-0.5349714903088942
46799,0.4031715738678569,-0.5546868473130031
47098,0.4050129114074843,-0.5799590557531158
47399,0.4719884499746139,-1.1020783179927998
47698,0.5189208663679469,-1.3079529884202898
47999,0.49387078456933586,-1.222276283356667
48298,0.7964474568147062,-0.6879097252265076
48599,0.6155679456549839,-1.2553351548430256
48899,1.0204002512010082,-0.5528009603317443
49198,1.4492250106894342,-0.9376924357179106
49499,0.9603868333074106,-1.0969766032059507
49798,1.5178637168236144,-0.5811742972969911
50099,3.008982042339818,-0.3446883807133472
50398,3.6753548102055587,-0.304006377749918
50699,6.224508360960188,-0.23644945983205146
50998,6.712743594006486,-0.25824106112908884
51299,9.040540968181388,-0.20538461530288887
51599,7.602585317374541,-0.236616368710602
51898,3.8785907804879654,-0.33294609123096275
52199,9.841104380357315,-0.24990582498226388
52498,9.60608900951935,-0.2622318238418142
52799,11.363477029426756,-0.34946926810881584
53098,13.89196495614638,-0.3537349306526454
53399,10.12130042366287,-0.34712834427912354
53698,23.496877872712478,-0.30846720933770166
53999,42.177849771171196,-0.20190084846549983
54299,65.62736136035868,-0.26826343911437633
54598,89.76898082077537,-0.21806095591732877
55198,1.1789393776226902,-0.19920774307037226
55499,1.5369795967035063,-0.28255537450278223
55798,78.60760208581702,-0.26062479110558834
56099,53.287165757742954,-0.29553948672443964
56398,23.6240909135512,-0.3186043430367871
56699,10.329156244232966,-0.4926006271334893
56999,30.26096877073,-0.7484983179656772
57298,1.9279669490689852,-1.1016560364530794
57599,2.1175401264115776,-1.1504548587235348
57898,2.2987612091106513,-1.1806461031265054
58199,2.2531733410458368,-1.1253605004502787
58498,2.3597541395203736,-1.1151525580537585
58799,2.2325619326986144,-1.097090055222509
59098,2.2471826339000036,-1.0747992234008423
59399,2.2766955185088,-1.1457700161652458
59699,2.063431962846763,-1.1436348537907013
59998,1.7981871488583367,-1.0624698834856048
60299,1.6006733914717626,-1.019286589538269
60598,1.4476243547703735,-0.998293626045869
60899,1.1789465099347256,-0.8609898723652611
61198,1.470456931318985,-1.7211097868547474
61499,1.291474017152318,-1.2645624166039364
61798,0.7235556956939848,-0.5426446737933515
62099,0.844543151492596,-0.9223593753408537
62399,0.637593321027318,-0.41899305849539203
62698,3.557735465214818,-0.4725023135429729
62999,0.6833099847865775,-0.45290671642494695
63298,16.652344461292028,-0.4208629399470605
63599,3.141914407846841,-0.4714506126955722
63898,0.8657696326824896,-0.858503738430896
64199,0.7803378215389711,-0.8889926823941374
64498,0.6800616847380453,-0.5724729020997947
64799,0.76248786455286,-0.9218743039970936
65099,0.6965603742843416,-0.7251842000219839
65398,0.6379731248144341,-0.5692268307474999
65699,0.618675807173416,-0.5523603535605213
65998,0.6168790467660085,-0.5987273128916766
66299,0.5806648076826754,-0.5693516551123035
66598,0.5543188045394287,-0.6185392482172591
66899,0.5718792628564832,-0.6797002643971757
67198,1.0824876638680572,-1.0372838766786985
67499,0.5754699434025038,-0.7506757775691413
67799,0.5364437293423185,-0.6875582939327733
68098,0.508488227620743,-0.7360322390265401
68399,0.4779662370075882,-0.744231536588273
68698,0.5045217506023172,-0.8323952591407013
68999,0.5983082298615767,-0.8872342340995867
69298,0.6184122083754655,-0.9755035293752476
69599,0.605910638343308,-1.0496958040141622
69898,0.6008313299104591,-0.9274684543517728
70199,0.5736633092714771,-0.886943521796131
70499,0.5715868827830513,-0.8717902597157239
70798,2.611198861478707,-1.4962744436160689
71099,0.6617022228105576,-1.006572282621398
71398,0.7444380364724088,-0.9348074122460119
71699,0.7149272454772243,-0.9960391049256943
71998,0.7244343941114835,-0.9517191309675399
72299,0.7421037257943539,-0.9719054307686614
72598,0.705215452937325,-0.9719490328461364
72899,0.7525429446010709,-1.0304375804555308
73199,0.7745801237475102,-0.9893881562179592
73498,2.896758864844161,-0.4698685834870038
73799,0.7173692345830611,-1.0056711872796016
74098,0.7681195446363019,-1.020693611159071
74399,0.7920472639603761,-0.8848048988359927
74698,0.8795817185089871,-0.9025927435885519
74999,0.8641606356293575,-0.9470921613730576
75298,0.8633482119835241,-0.9631819264964987
75599,0.8997398472576409,-0.9559007200106975
75899,0.8864757119057891,-0.873020904709179
76198,0.764688372584486,-1.0125411380602616
76499,0.9574084304219928,-0.8272199943770877
76798,4.79316541980874,-0.20797497236369078
77099,1.6684416691915758,-0.4350321304018574
77398,12.56142715484795,-0.24826485793994912
77699,2.078910845421993,-0.3381566238432865
77998,3.891668787094594,-0.23385032449435994
78299,2.4457768045146784,-0.30998088538410307
78599,8.840584847299573,-0.19191288022877262
78898,20.609576730009472,-0.19619382303678146
79199,9.902265386586608,-0.19622212762143398
79498,46.48241770383454,-0.19155467053873299
79799,41.790591858515086,-0.1849181885751663
80098,46.15925108671312,-0.2774025785085128
80399,29.537047657622274,-0.41009959148002384
80698,1.359942550829678,-0.3435939633583516
80999,16.853704689542024,-0.4516348893672464
81299,103.08931064657361,-0.2921138731825439
81598,8.605325319354863,-0.2352425378727725
81899,0.780372655167641,-0.8709138839170323
82198,0.8380378212301409,-0.8068216717025567
82499,0.7015279939269002,-0.8846134120164766
82798,0.6943143849338446,-0.891847909022307
83099,0.6466751751514371,-0.9441411410464442
83398,0.6658417491792151,-0.9816971528941163
83699,0.626383455741715,-1.027551853655384
83999,0.6475612100981966,-0.9529269356432033
84298,0.5535960828759743,-1.0883373936978011
84599,0.6250986888204186,-1.0177992265738274
84898,0.5407744951699557,-1.1012143895034407
85199,0.5570092888435668,-1.148399228398334
85498,0.4870970744407891,-1.2034142773171737
85799,0.47082970647551126,-1.1493584123594842
86098,0.44881385120004835,-1.1577071346520484
86399,0.47254451539449277,-1.2147475778845758
86699,0.4277593015356965,-1.1610294840710997
86998,0.4490047933806039,-1.2121893261444425
87299,0.40786426628569644,-1.0613058907217665
87598,0.4117948903829187,-1.0961405212539983
87899,0.390407159727826,-0.9074625391967113
88198,0.42557019218615944,-1.035911304354825
88499,0.4010740270472705,-0.9821861468049133
88798,0.420201392991715,-0.9493725486542228
89099,0.38940299521856686,-0.8319759300757412
89399,0.3983432051931039,-0.9307060549224542
89698,0.373561251142178,-0.7826193016126621
89999,0.4013681516753111,-0.7720735226433404
90298,0.3904195404021629,-0.6527400336066758
90599,0.39175825437207035,-0.798332652301545
90898,0.3931955705780889,-0.6677193929856431
91199,0.3836370412817926,-0.6543583988015071
91498,0.40665431795424434,-0.6441238196798653
91799,1.0474631689706981,-0.8066510080390363
92099,0.44306321548433697,-0.8222773658759872
92398,0.47094182935495726,-0.6965545927432675
92699,0.4706957771741518,-1.0279440691876554
92998,0.39569936140331846,-0.57574758511279
93299,0.40558715142878143,-0.5543828974727139
93598,6.738052344638967,-0.19969780308487728
93899,1.08193998407255,-0.40322736779682855
94198,2.048403689254318,-0.24621649395506684
94499,2.293576960451533,-0.46473918714089657
94799,1.312049738740635,-0.47176293654037527
95098,7.96351385212917,-0.2459832301404279
95399,2.7457218614214622,-0.12082801733863469
95698,3.4731907319319384,-0.12157193216149653
95999,6.476789653242596,-0.08547483763211061
96298,6.570826146066941,-0.08726716704032933
96599,5.617641822391095,-0.10343761115890815
96898,6.419855614182762,-0.10720773186648791
97199,5.584740245972114,-0.10412105659308102
97499,3.044049252590079,-0.11953276766973908
97798,1.3903117494442458,-0.24369919974717402
98099,1.476975445865542,-0.29097794543693034
98398,2.6868446903335945,-0.4820251824062973
98699,3.8753394016807374,-0.2656607008431622
98998,0.41622980422475553,-0.5053521096371119
99299,0.4182218764534136,-0.5521150513745876
99598,0.44429954044466297,-0.6091912994548876
99899,0.4253263128034594,-0.5832971522529193
100199,0.4528752168011445,-0.6924933630564476
100498,0.4267031335742926,-0.661710668400342
100799,0.44079251279651493,-0.611970688853535
101098,0.4565668578006357,-0.7097507389202127
101399,0.4803305018816542,-0.7246841590330719
101698,10.401953194145909,-0.23238789575702645
101999,0.5236254190577646,-0.9996324997257864
102298,0.5029214232823018,-0.9689515817030185
102599,0.826900528749431,-0.7669088189075972
102899,0.49620732193507955,-1.0231733262676164
103198,0.522359588779987,-1.0170655452575725
103499,0.4809769423885977,-1.0070341911683234
103798,0.487908536171005,-0.9127416205333845
104099,0.4851619922799868,-0.9203891495048249
104398,0.5407761558561902,-1.1474985531091306
104699,0.49502291874989435,-0.93826149018377
104998,0.5068602962684127,-0.8011575539500535
105299,0.5020910434700518,-0.8651027199537478
105599,0.4757001038864684,-0.8220633219499578
105898,0.5496245042915611,-1.0246567699732827
106199,0.4416643081394296,-0.647104008531437
106498,0.45025042467943194,-0.6722530842025818
106799,0.47694036732577405,-0.7717695450324984
107098,0.452546269351237,-0.6928090765682071
107399,0.5036116474708816,-0.7556340345525232
107698,0.502548315804215,-0.7791297408138496
107999,0.5243855012995852,-0.8184002611454053
108299,0.8144739110475205,-0.8728294012976661
108598,0.5889714552674279,-0.8729180002023822
108899,0.6082857696514371,-0.983331258394585
109198,0.6101137569755113,-0.875352644700117
109499,0.628447748630854,-0.964523958973537
109798,0.5941458708412521,-0.8916688426609249
110099,0.6455755884060668,-0.9700299621356072
110398,0.6800787483877984,-0.9542861007210832
110699,0.6061036696097705,-0.9523767075298186
110999,0.6393962143991223,-0.9914361700732044
111298,0.6541075571468075,-1.0317888802447106
111599,0.6078489354616222,-0.9781988759750775
111898,0.6146083584546779,-0.9944396415484884
112199,0.683137069929215,-1.027639866129174
112498,0.6124527294731964,-0.982963612849812
112799,0.6505807225171778,-1.0023333636925793
113098,0.6667538792347705,-1.042950970081034
113399,0.692031023966252,-1.06851123509633
113699,0.6923506406514371,-1.0466366596960155
113998,0.7885789596282891,-0.951541900221808
114299,0.6730838716167149,-1.032349827384761
114598,0.7925538367579187,-0.9595979574012161
114899,0.7942371840475418,-0.9834656998431393
115198,0.7448211802952269,-1.0343036982408327
115499,0.7735100166457358,-0.984288437196327
115798,0.8191088848762456,-0.9904499341437762
116099,0.8003207089477333,-0.9622694415724553
116399,0.796728332392178,-0.887210666231294
116698,0.7084701777185668,-1.0253969260198441
116999,0.7348240505356964,-1.012242391464448
117298,0.7312982999153262,-0.9778734839764549
117599,0.6224321652208817,-1.0572255954648484
117898,0.6383221899778262,-1.0197256138468864
118199,0.6130415642532892,-1.04004984565062
118498,0.5914491744731964,-1.0619228389464839
118799,0.6125684673597706,-1.044214162050085
119099,0.5919612235449557,-1.0735827911536853
119398,0.5499705501861594,-1.1590018070736616
119699,0.6858609594824556,-0.8490897100880082
119998,0.5168347019500483,-1.230207722490472
120299,0.6727942834755113,-0.948924087206886
120598,0.5813580773250482,-1.089827053773571
120899,0.5276268213597706,-1.291330597530962
121198,0.5684162924847705,-1.0704516964598367
121499,0.49316966452470484,-1.2245626223637736
121799,0.5150750521913715,-1.3127556335102275
122098,0.49468047822840855,-1.2942356482361483
122399,0.46856543535165446,-1.3578500138368605
122698,0.5256273090021175,-1.1579835172427786
122999,0.47135431861091376,-1.3390154416823088
123298,0.46370122174517303,-1.365629337585403
123599,0.44652888527758045,-1.4807541856853899
123898,0.4600871667498026,-1.545688713316784
124199,0.41434485762248785,-1.7127771798180733
124499,0.44332405841183964,-1.5076802430390348
124798,0.4649815102660063,-1.3894910872769737
125099,0.41213993196739523,-1.5997494327997224
125398,0.41030912995757524,-1.7558521421083442
125699,0.41922346571045077,-1.5202285426686806
125998,0.3960505948395196,-1.4922029620848645
126299,0.3997691045287521,-1.551380448540511
126598,0.3859690692376679,-1.5373280023741236
126899,0.36503857614739016,-1.2378106106292317
127199,0.3640625492816494,-1.6738385656947363
127498,0.3445494187098901,-1.4726857219546923
127799,0.3439621119946123,-1.399126487401746
128098,0.32349539190896415,-1.3771591908056129
128399,0.35461487354264093,-1.4756337396801529
128698,0.35721360221856685,-1.3766580423943928
128999,1.8866437312856965,-0.26833107159056846
129298,2.7962759628389375,-0.2934190874810665
129599,1.0908475390704189,-0.4390621380524087
129899,1.079667512503289,-0.5270127936828506
130198,0.5108993607926409,-0.7694253435912142
130499,0.35646168426949276,-1.1849623006558576
130798,0.3989028461537519,-1.431154995701827
131099,0.5490809028227335,-1.1120071056302763
131398,0.38180164315838166,-1.220475005040913
131699,0.3221200798088446,-0.6654951498741835
131998,4.772815110982596,-0.3056530348503306
132299,7.979332231061302,-0.27317255864988055
132599,1.0030039259014372,-0.5062823910749057
132898,0.9792384725495853,-0.555328992079454
133199,1.925563041491715,-0.3717454277218344
133498,0.7203757486699556,-0.7205011127154382
133799,0.42139093311902975,-1.3432482137816826
134098,0.3810105010102335,-1.4495496641787513
134399,2.003482617872807,-0.37877401577439995
134698,0.7315876071028262,-0.49672336625101954
134999,0.38739271557504834,-1.269624568666559
135299,1.8787046090609745,-0.3992827125960716
135598,1.5902860379230577,-0.4293188197838558
135899,1.375490121443891,-0.48752290129262366
136198,1.8677233841057057,-0.7369630536730607
136499,1.2103875984730117,-0.4991905196264985
136798,0.2470372147880113,0.018716186471421037
137099,0.25063281144346683,0.0605008620962707
137398,1.0280667296490293,-0.5497898466592457
137699,0.273631147617078,0.05211542764615418
137999,10.36318574036727,-0.2669740820046538
138298,126.86460452363781,-0.3134364316469873
138599,0.3626884558915797,0.006755382490285511
138898,0.397850724488802,-0.03586958062698198
139199,0.471784524044093,-0.17604825814887648
139498,1.0960432009045538,-0.9804063015797138
139799,1.4868815659115022,-0.575311190467223
140098,5.778251505414463,-0.2820178397145465
140399,9.67654339987048,-0.21960183181843163
140699,23.875817485631764,-0.2993559021374155
140998,1.6116811084097273,-0.19619543546321006
144599,26.7661684277524,-0.29267548306357494
144898,2.8915840432479154,-0.4988759942376224
145199,61.54967137360869,-0.5976552032562621
145498,13.691512060317677,-0.674358648952091
145799,5.503212493636115,-0.7193922479220327
146099,1.4475986555759295,-0.9562185815341047
146398,1.4969099939231516,-1.0781817380116174
146699,1.5121855300759295,-0.993440422698529
146998,1.4882604155319477,-1.0251265789768795
147299,1.4693771543861145,-1.0318472295531875
147598,1.450767380170837,-0.9945303941107946
147899,1.4132076843629662,-0.9728060249058652
148198,1.377543210166207,-0.993562528216761
148499,1.3258594878606516,-1.0228562880336547
148799,1.173244381876855,-1.078692154601188
149098,1.357657902342133,-1.510452633005996
149399,0.8556105115828738,-0.8932250122899876
149698,0.905145404543522,-1.0365292290834724
149999,0.6805546638305588,-0.7013601300331955
150298,0.7464413865319478,-0.7910327284108953
150599,0.7133949596476884,-0.689510685883824
150898,0.904198371106022,-1.01163538212416
151199,0.6160615793142759,-0.49826779175000313
151499,11.197438205367227,-0.4166777601141858
151798,0.6414404052616856,-0.5584630610168855
152099,0.9881351162940931,-0.7765732377457704
152398,0.5773090122223338,-0.45923918296625144
152699,0.5635394642385374,-0.4754303921255907
152998,0.5674387518982598,-0.4715805443379759
153299,0.7421654871899263,-0.7420394112455093
153598,0.7474851425535378,-0.9901412481385894
153899,0.5393577021925057,-0.4803119261469171
154199,0.5929616264286168,-0.8185377064066457
154498,1.012567245227228,-0.5956362916594944
154799,0.4199353930793518,-0.4987443888569125
155098,0.39695387792212483,-0.541502819719323
155399,1.1960047927369395,-0.5922373540429244
155698,0.39645398813328164,-0.4663198115950864
155999,0.4096516441911521,-0.5238004452608995
156298,0.8079535801374061,-0.9123617669510171
156599,0.41336428641550427,-0.5446754879291089
156899,0.41947889542715017,-0.5609138993172509
157198,0.48363416175303037,-0.7614457465968318
157499,0.5431258950421322,-0.7839552879892229
157798,0.5883901404611137,-0.7729763636919997
158099,0.5689768221650673,-0.7755303642963525
158398,0.618796749248422,-0.8708605357464287
158699,0.677397171369308,-0.9284181578656401
158998,1.1016826285952837,-0.7924181363578497
159299,0.9374085554077836,-1.0903116188689053
159599,0.9848337647571314,-0.9982450036818269
159898,1.0770910076807423,-0.9859710029586031
160199,1.2256319944909273,-1.1314251395253474
160498,1.019637199923987,-1.0391969029418235
160799,0.9156023845188945,-0.8857744858145449
161098,0.8546672785795849,-0.9180200526247202
161399,0.9930030216187034,-0.9567515326330895
161698,1.1831789828429686,-1.056027463510857
161999,1.3945080852431668,-1.021508712024386
162299,1.6140565921661278,-1.0022048662471086
162598,1.6687618810440932,-1.003728497539269
162899,2.049344483514,-0.5471667610858562
163198,1.218029429680667,-0.9919462808944732
163499,1.0232293409869921,-1.0151679481636142
163798,0.9758681576652332,-1.0453398053083909
164099,1.075913667158564,-0.9883313478985962
164398,1.0170413848525,-1.040349935757967
164699,1.0985561568082465,-1.050437811380506
164999,1.0597849839566666,-1.0359609631268833
165298,1.522283440053538,-0.7964949234054528
165599,1.1838701646462093,-0.9985144965381074
165898,1.076535224815463,-1.0461263871262583
166199,2.033146984228628,-0.7980234522514122
166498,0.9858238320029629,-1.047219260408466
166799,1.0582029097321297,-1.0077866945383933
167098,1.0650932256207466,-1.0603089119053282
167399,1.0145110704247153,-1.0152761175156164
167699,1.356485456526295,-0.6219794025182017
167998,0.9313597641289275,-1.1304474687096242
168299,5.076739038855945,-0.33436380330018656
168598,5.458020817857964,-0.3077843831500453
168899,9.13944248590361,-0.31473504165521216
169198,47.59628941664804,-0.37874950330189017
169499,85.81623908605314,-0.4413421961119155
169798,43.731445840059706,-0.5045314606439881
170399,15.734739113195648,-0.4472928941551131
170698,0.7535446880471989,-0.9195811691700657
170999,0.8370665975819926,-0.8016619897823871
171298,0.7059897871444927,-0.9011541817917728
171599,0.7233456154755112,-0.9028558443158217
171898,1.0252043806816091,-0.6150769323843481
172199,0.7107416511306038,-0.8378125231128015
172498,0.5833254014083816,-1.0968823068594769
172799,0.5979931407995854,-1.0375945814612684
173099,0.5993022643181037,-1.0709797693993748
173398,0.5845756908597705,-1.1104322854577755
173699,0.5851485853134742,-1.166250348461547
173998,0.4742028771977334,-1.3703470159945277
174299,0.5174861741329185,-1.1968621511745963
174598,0.5346506306306038,-1.2266093600900723
174899,0.8495407237463446,-0.8250298049490488
175198,0.5159687311074557,-1.2227597878511314
175499,0.5224821473690298,-1.2062211617281662
175799,0.4720441503134743,-1.001452620564649
176098,0.5150325173435669,-1.1305889998632637
176399,0.5308950587394,-1.014435530708392
176698,0.5451558234202057,-0.9453426320837099
176999,1.620869212463937,-0.4581960591714944
177298,0.5267150988507825,-1.0039749684756378
177599,0.505118270526437,-0.9766633762018893
177898,0.4833045551586316,-0.8083989185297558
178199,0.5399737578368937,-0.8607418616976417
178499,0.5068971385174492,-0.8750756802835584
178798,0.5339218335638695,-0.7633902546431772
179099,0.5649168678064691,-0.8207807900729562
179398,2.312398043912718,-0.2781337449703316
179699,3.172135135621051,-0.3584712423313954
179998,1.0984594123937814,-0.7084385424431525
180299,0.5914737706599852,-0.9019593121570535
180598,3.018563886202487,-0.35885748513644455
180899,1.8034400704764684,-0.8094270941237522
181199,0.7658324648655657,-1.2073879952730304
181498,1.1449620226669295,-0.5747374278135511
181799,0.9684869971160038,-0.7440623747867823
182098,0.7104969538636888,-0.8190606811554215
182399,2.2457963109763925,-0.5721601290793425
182698,1.2507833423594776,-0.6777050298049137
182999,0.9668062345235041,-0.6268466025879114
183298,1.4411459434559097,-1.1621546785666852
183599,1.0810170490423474,-0.818516190785965
183899,9.240497977650573,-0.6171114425614153
184198,4.454703688314925,-0.4393593889789362
184499,5.506966735854277,-0.9923036043032865
184798,1.448411635370557,-1.168992281468081
185099,0.7559960042268106,-0.9416406360092113
185398,0.8210224388124588,-1.0831333394738447
185699,2.0503367075155414,-0.7460396351538676
185998,0.5169755314976654,-0.8790394798387737
186299,0.49019516049766526,-0.8363574272910179
186599,0.802069015558822,-1.0487269614959307
186898,1.170490862946111,-1.1778555457383626
187199,0.8512543875498442,-1.0357240107519923
187498,1.0327890360833132,-0.6897361651796365
187799,1.8791745567823104,-0.6627552801155989
188098,1.6136920853287753,-0.46657063768296303
188399,0.4423973797270175,-0.6263375603537051
188698,0.4463629786668322,-0.6573665922229119
188999,0.46518187151965595,-0.7836305630342972
189299,0.45082776069914665,-0.7223708998665133
189598,0.4714399787477578,-0.7493481289754864
189899,0.5205274992326189,-1.01419923032133
190198,0.5000941547488226,-0.8358762212114386
190499,0.5481238586529434,-1.022042945155345
190798,0.5767307751874801,-1.0008294870797316
191099,0.6062497883240541,-1.0872920436054665
191398,0.6005957310833134,-1.0652325722413178
191699,0.8714545748883199,-1.418733452345831
191999,0.8959361393698012,-1.3957153653783658
192298,0.7488133436711876,-1.0960548883030667
192599,0.778912787842133,-1.0525751418496667
192898,1.022061700193985,-1.483950550562942
193199,1.584042659853707,-0.6058050265789485
193498,1.0240458158791703,-0.9721474540671127
193799,1.537724457555096,-1.353831578288606
194098,1.1917186091638925,-1.1163632863942001
194399,1.1911050864000035,-1.0746379548002207
194699,1.132843284205559,-1.074631358842189
194998,1.1277442087888925,-1.0262546441721314
195299,1.2734924711592628,-1.214444292421974
195598,1.1149626059740774,-1.079390805570362
195899,1.3605138985319478,-0.8236359177577448
196198,1.1407532513745402,-1.0688182218453224
196499,1.0413250118121191,-0.9968815449631361
196798,1.09824965368036,-1.034371830278309
197099,0.9797117965810954,-1.0063880960641405
197399,0.8991020513300776,-1.0113557489688034
197698,1.2389968019935074,-1.0216627590432417
197999,0.938440114268891,-1.058741598635081
198298,0.9495709796538763,-1.0866275490619413
198599,0.8898636215674632,-1.1036219688232247
198898,0.763388424807598,-0.994837185289025
199199,0.7014125074034744,-0.9852029380622829
199498,0.7218055232044002,-1.0576764627511528
199799,0.6505995021423562,-1.0320404266538197
200099,0.6349677481169863,-1.0464037271553441
200398,0.6184825548088446,-1.1175698003555676
200699,0.6039885199593077,-1.0331204045029097
200998,0.6066504765310667,-1.1239677676964277
201299,0.7279586006491224,-0.9613615896831451
201598,0.655283257415326,-1.0632248194483087
201899,0.5924047313736592,-1.0658622086811826
202198,0.6737928753806038,-1.1020801756717629
202499,0.6741967644477335,-1.172028826669437
202799,1.0925099462535603,-0.7160566523135798
203098,0.7249897076850876,-1.1174752479163526
203399,0.7640571880799494,-1.0017206580361675
203698,0.7832283070461987,-1.0169819624696608
203999,0.7858992850299952,-1.0317103129931007
204298,0.7671392265207359,-1.042873113273925
204599,0.8500018290984677,-0.9675997835277159
204898,0.803673868971153,-0.9624106136507133
205199,0.7079418219502982,-1.0662128710856038
205499,0.739730000404002,-1.043059806490064
205798,0.7426705858206686,-0.9439682397618692
206099,0.6968300938852334,-0.9836649511915876
206398,0.8193876763160604,-0.8700317510161601
206699,0.954192950440789,-0.70636006809244
206998,0.923085500518421,-0.6799591632145194
207299,0.7025713845310668,-0.928184594055588
207598,0.7332080741259743,-0.997485635939094
207899,0.7518735338042148,-0.8331356581539533
208199,0.7393609389083817,-0.858589323132523
208498,0.8210764042093074,-0.7629300844686511
208799,0.6528370252255111,-0.9592364316218316
209098,0.8075736819431039,-0.7630856318412207
209399,0.9468850397255112,-0.5591285834652495
209698,2.3377949847718074,-0.28737376387164204
209999,1.6996531103181038,-0.2997179177736935
210298,1.185028140417641,-0.42039206111690364
210599,2.3940571945298164,-0.34119983932589193
210899,5.957204120504816,-0.2763471523760952
211198,0.6157021681144,-0.9501502029659294
211499,1.425314522958661,-0.45125376853596477
211798,1.0831864210009745,-0.5693842897967918
212099,1.7085304221602828,-0.5037907147206324
212398,0.9426369063713447,-0.5710899696038318
212699,0.961332786378289,-0.49779531576080505
212998,0.5035168248204187,-1.226713650995317
213299,0.428711627216252,-1.478935033281001
213599,0.47090307769773354,-1.4361963745483188
213898,1.4424869979014372,-0.4123881933812714
214199,0.5278800844593076,-1.241802188428215
214498,0.5308505694037522,-1.324329377934177
214799,0.5755859530495855,-1.235711728307515
215098,0.572783703818104,-1.144964639170341
215399,6.329298922632377,-0.5474238293286309
215698,0.3766799922324557,-1.127901725369318
215999,0.3865723707718075,-1.3011437916591233
216299,0.4105149545727335,-1.3280849777306503
216598,0.3742156589222705,-1.1115531862848993
216899,0.38029385700791873,-1.1844171371700623
217198,0.3891928659639372,-1.2009268833256672
217499,1.446202450593361,-0.41072565180502085
217798,0.6494707547370855,-0.596069075180711
218099,0.553139504028752,-1.0950789769982312
218398,0.3643566490565298,-0.871163705622136
218699,0.3540849103644002,-0.8662378374546005
218999,0.34438342586902976,-0.7319285515282243
219298,0.3526689553644002,-0.7084052491558632
219599,0.3502003010889372,-0.5704281288635278
219898,0.34534211553569644,-0.6047422157336979
220199,0.36827158520930753,-0.7533317695968198
220498,0.3541008456861595,-0.5460279245146058
220799,0.3342346265981964,-0.4147190484391965
221098,0.3450093162556039,-0.48878186730301754
221399,0.7235267589199557,-0.43578738367498215
221699,0.3694021985681039,-0.5734427743829908
221998,0.32357650944541866,-0.34662959297526763
222299,11.987409499980778,-0.22080896149979767
222598,48.343390044018605,-0.31677889505666057
222899,39.060087627195074,-0.3064479935777109
223198,59.95002475043296,-0.24367562117265917
223499,31.022063057405962,-0.2379197048909869
223798,34.452172893319414,-0.23857147268476386
224099,41.74990559968516,-0.272551603353965
224399,44.67167935279589,-0.2618737616870235
224698,61.50069090730314,-0.2557795499192279
224999,109.20215191704858,-0.2746458316455651
225298,162.1568018733471,-0.2872239081138157
225599,113.66923760035645,-0.286979789145168
225898,109.91159657459481,-0.2395248515121966
226199,112.18345987674758,-0.28448459610421817
226498,66.20382636401388,-0.2822994746905767
234598,6.711612035673152,-0.6422725113957477
234899,58.24807966380508,-0.37471944629056897
235199,11.191587000622226,-0.5966730595248528
235498,18.309938301679075,-0.39662272069573
235799,15.254750928260092,-0.4523238871181263
236098,13.733170088379165,-0.4429241693989028
236399,2.2206292293861147,-1.090180804699386
236698,1.9815259556569482,-1.0187890870879368
236999,2.419854742802782,-1.0781024861121367
237298,2.2643763188722255,-1.1258692987254277
237599,10.13215268138046,-0.5686287065946796
237899,2.1718877522078737,-1.4615145112236059
238198,1.7112386615412072,-1.2012802042320394
238499,1.6513983973837996,-1.2902921366130897
238798,12.548545680582798,-1.7128029422784117
239099,33.95059712799295,-0.57299879314663
239398,6.847806222369909,-0.4062608047956695
239699,5.138691084161577,-0.402794334551295
239998,20.33017205517814,-0.38985841846076497
240299,8.19973843367948,-0.8167759450543681
240599,2.432465408942075,-0.403663975300681
240898,4.691435176313504,-0.7093350260206905
241199,13.414087192077874,-0.3828182149309367
241498,4.457406096823272,-0.5272564205056718
241799,3.412626719045494,-0.4582750942877485
242098,0.7187571106749258,-0.34958571942731154
242399,9.396897611625086,-0.6971152166875874
242698,14.939663787819528,-0.7660978599159995
242999,18.748942822749196,-0.5453405209861586
243299,22.21567490974777,-0.6672978633651603
243598,23.59843773097147,-0.6032895849400322
243899,14.724608189994544,-0.49771337295436124
244198,16.437303788745457,-0.6526939968626619
244499,24.489565723201473,-0.4739334379744242
244798,42.929120011859666,-0.3035719014733209
245099,35.17363283747077,-0.6894932098752047
245398,35.62756036993116,-0.6302164805760346
245699,29.49018028341985,-0.39039515613381437
245999,25.1104228952654,-0.481916629466715
246298,58.336221321132534,-0.3626173410902702
246599,59.86501658790179,-0.4384932431593225
246898,89.51363023907236,-0.2625442009116816
247199,50.271785521516286,-0.4356527851918153
247498,36.00591319256374,-0.6599505504766636
247799,3.6058808070436643,-0.3484808729477875
248098,45.587162739076476,-0.2476646852269102
248399,19.979180211955267,-0.31357750196806977
248699,13.413187896053138,-0.4463751360948851
248998,6.092841771562474,-0.6796725222694626
249299,7.153971436631194,-0.5428450922234387
249598,6.989273822733045,-0.5818522708441465
249899,9.051000557489159,-0.5000106823258406
250198,8.366522464143419,-0.5610301997887843
250499,9.975792317893603,-0.5779782032610743
250798,10.415083206655824,-0.5343983952103655
251099,12.534488642896566,-0.5378304947730439
251399,11.694999859168231,-0.5262714496608789
251698,10.446899064208232,-0.5044951594262073
251999,13.076577642833232,-0.3340348629148655
252298,12.205927469593327,-0.4371150493852627
252599,14.288853208769252,-0.34594979633575407
252898,5.092455795403008,-0.47367521179007643
253199,0.9090931923799128,-0.3927337158024147
253498,0.7323281182709187,-0.2504442338602866
253799,1.9538091319607866,-0.36157077751878286
254099,0.83978197195506,-0.3748279462837045
254998,0.7658586496301187,-0.3205518821197597
259499,1.2601040060494924,-0.8915908656340104
259798,1.058311963392085,-0.9152816263949917
260099,1.0529986435008813,-0.8817470422407236
260398,1.0374497437670849,-0.9373238211613037
260699,1.8455529043586039,-0.4903911740253901
260998,1.0807413738637597,-0.8745847925599988
261299,0.8192852663961671,-1.0758969990256149
261598,0.8756354320865295,-1.010994929831071
261899,0.8416249404660676,-1.1044833743403375
262199,0.739567558760049,-1.168543162553001
262498,0.8131940563109751,-1.1487682996946953
262799,0.7362102383126837,-1.1185905815450847
263098,0.6971887366274987,-1.1403004500807903
263399,0.689283361148332,-1.3094123907344448
263698,1.121197293759902,-1.0956818049673336
263999,0.6475099597131468,-1.0785949636537655
264298,0.6126948162941653,-1.167958146307401
264599,0.6157123096539304,-1.1178796068732266
264899,0.6623286812951339,-1.13018046608408
265198,0.6302257737905044,-1.0443072093725747
265499,0.6166851679178192,-1.0452972357323493
265798,0.6425713925932891,-1.0333952676765028
266099,0.5844639820983748,-0.9130299966807942
266398,7.07950858258511,-0.3102382092796334
266699,0.8544880678573628,-0.9675547752058646
266998,0.9167059982143366,-0.9908560229725196
267299,0.7274057665612834,-0.872721155049671
267599,0.7373641998946169,-0.9863757517410159
267898,0.7786808218572047,-0.944368736941235
268199,0.953252288468316,-0.9459852544152703
268498,1.979656885228707,-0.9405633834046656
268799,1.5188889389587845,-1.3291943253563243
269098,2.143522806439355,-0.9210908472990549
269399,0.8309282558148917,-1.020879375233343
269698,0.7986940962963733,-0.9285547494161466
269999,1.2506578974972256,-0.8808187137327217
270299,1.8994308270297116,-0.8519727000198829
270598,1.075430509562119,-1.1380711496232543
270899,0.8151185542732251,-0.9447550247050105
271198,1.2794628942959154,-0.8797520760827653
271499,1.7455804615759294,-1.1218861188783498
271798,39.93273342177304,-0.4003405683931702
272099,0.926994353478707,-0.8743489513507232
272398,3.1142099556130454,-0.347056370552844
272699,0.7913812250319477,-1.0241643700071177
272999,0.7487742707240775,-0.9686217038256006
273298,0.747801093154633,-0.8771141646259959
273599,0.8044599671523182,-0.9644194548736893
273898,0.8400873800527812,-0.9825367540807755
274199,0.8702665791615772,-1.0379929051935943
274498,0.792220732867596,-0.9345328697755324
274799,0.8110989670412071,-1.0114986350265407
275098,0.8612379501523181,-1.1199223339772773
275399,1.1996044917101887,-1.0633130813232228
275699,1.0723790923976884,-1.3938686129189546
275998,1.1750023876685218,-1.531905113566585
276299,1.2028636049092627,-1.3205783750600988
276598,0.9680247331662071,-1.2275703125978796
276899,1.4907511812611145,-0.966584865225308
277198,1.3236072284439848,-1.2232971708044018
277499,0.9119614550319477,-1.1352267834795584
277798,2.2451121570412074,-0.6519418097364136
278099,0.9595159613513923,-1.1675682986223923
278399,1.0075577349925957,-1.1240526303890213
278698,1.219885029983337,-1.2766952829013212
278999,1.1284653197634293,-1.1822156402535162
279298,1.2209722406453736,-1.2643893025725426
279599,1.40026678231204,-1.1939378348335508
279898,1.813769090791207,-1.3245499244287902
280199,1.7113119459648183,-1.2097715078884832
280498,1.5925300099509294,-1.1527153646992834
280799,1.935238723680096,-1.2145238803691623
281099,2.0321315633976886,-1.1709363992835193
281398,2.0843218020550958,-1.1776106279069403
281699,2.385950646506485,-1.1998153218030572
281998,2.41164371937917,-1.223901345232639
282299,2.6496114695550954,-1.1853950923819547
282598,3.6675033558513923,-1.0478239925043198
282899,2.652791476666207,-1.145532447608839
283198,2.989191450754171,-1.1656796058125405
283499,2.7295322516060216,-1.1398730257000933
283799,3.3610196997194475,-1.1661048828956506
284098,3.3244325529300958,-1.2081199731570416
284399,3.1959780956013923,-1.165963232654168
284698,3.8411384905828743,-1.0956270517105104
284999,3.320981141751855,-1.124733212142532
285298,3.9509060089370402,-1.0612371285167712
285599,3.959854856867596,-1.1200299749393712
285898,4.7862830219162085,-1.043280375304501
286199,4.618691072888429,-1.0124379922604407
286499,4.13962616007593,-1.0837816291156548
286798,4.4588739140481515,-0.9982899671707097
287099,3.834064258082874,-1.0081079510613318
287398,3.2744485482287073,-1.0290166804104732
287699,2.8953868831384293,-1.0562128772081034
287998,2.8857631644902813,-1.0248443623255699
288299,2.3043333725597255,-1.0401437153310806
288598,1.8910831404740778,-1.0384980594925035
288899,1.9154247239995403,-1.04554485162472
289199,1.8603541599439848,-0.980117292323232
289498,1.4940128042542489,-1.0022275608072655
289799,1.689589500712582,-0.8169348913316632
290098,1.5312444701690584,-1.088137747435252
290399,1.3727117683172068,-0.9279074086096062
290698,1.3728221154699842,-0.9527401627565439
290999,4.553953604915721,-0.519563710707859
291298,1.2244399027247723,-0.9942962099263415
291599,1.1206566021831053,-0.9982294104982035
291899,1.1384241719331052,-1.0251771197663277
292198,1.1946544660442164,-1.0266209344185517
292499,1.352217455829585,-0.9371462022996597
292798,1.7005601554469942,-0.8495469112497649
293099,1.339906431026344,-0.9505682566882565
293398,1.4303446313434738,-0.9366236296279311
293699,3.63534299334028,-0.6964314053436678
293998,1.65453219339699,-0.8417772183156527
294299,1.4249003211467146,-0.9206292807084657
294599,1.5434868118136569,-0.8603109609450637
294898,1.7528431036516199,-0.7415215243474067
295199,1.3399718167280086,-0.9584098168723354
295498,1.459007147822916,-0.8963281249887738
295799,1.765718546475694,-0.8753371304303963
296098,1.331133353026344,-0.8866755821460852
296399,1.231907595517085,-1.0209444009962785
296698,1.2177648158180108,-1.0484237733013773
296999,1.3066970195471777,-0.9179266325726438
297299,1.462450523116622,-0.7728314690761922
297598,1.2288458710055108,-0.9718269071068786
297899,1.2703053163943998,-0.8681623851041185
298198,1.1195295256189368,-1.0102273705667102
298499,1.1118938174569,-1.0108532453371826
298798,1.138307015919863,-0.9190215532517725
299099,1.148766215343474,-0.9557110837236369
299398,1.0126588378897703,-1.0596273569866375
299699,0.9830763648643072,-1.0958810961479069
299999,1.0345419785888441,-1.0984874177304484
300298,0.94621330213977,-1.1634384852636313
300599,1.0434581200217146,-0.9067049335521975
300898,0.9701437002693998,-1.0079157538171
301199,0.8854237004864449,-1.091596807626118
301498,0.8736552371114448,-1.0859446361731786
301799,0.8940784010257966,-1.0836930137784009
302098,0.8989144782619078,-1.1674058313865463
302399,0.7489120731247279,-1.1488087181641657
302699,1.1656277720729118,-0.6603277579939155
302998,0.6938049999609819,-1.1639315249207152
303299,0.6542637608641223,-1.1589881464341194
303598,10.79133333878002,-0.4695943646110685
303899,4.684949479554201,-0.4684801322957981
304198,0.6143759406631895,-1.0829986549321946
304499,0.6289133856863376,-1.0346733595310638
304798,0.5902766475729117,-1.0040556625008357
305099,0.6241571622002267,-1.0294383365286754
305399,0.6256607969178191,-1.0805693098069282
305698,0.5834775617105505,-1.008861140787067
305999,0.6280799521966617,-0.9780646240134423
306298,0.5727084415762913,-0.8939473495318735
306599,0.6102280676724487,-0.985455407135839
306898,0.5957332311002336,-0.902147454893758
307199,0.6025128005909741,-0.9116808778617005
307498,0.6533048953803261,-1.01551259422099
307799,0.6404476760298204,-0.892252085326557
308099,0.6623081371346318,-0.9423413168285892
308398,0.6983868485165761,-0.8981849451766319
308699,0.7543330960470196,-0.9258040745777456
308998,0.6895322495122221,-0.8990064373519258
309299,0.7116146093532257,-0.922776235000347
309598,0.6818259574544271,-0.8413020279252696
309899,0.6408467675152626,-0.7901877110076096
310198,0.7041245410764658,-1.0605837057601093
310499,0.6477240438079472,-0.8590140403501496
310799,0.6390488141713733,-0.8966605058235522
311098,0.5759536077431324,-0.8326986643239154
311399,0.5740458139584103,-0.8077896574158026
311698,0.5470769252176696,-0.7191645185370472
311999,0.5416005731019288,-0.7301207511467864
312298,0.5276908632428569,-0.6994959906733276
312599,0.5649663217153547,-0.7769346361934695
312898,0.5338257097567457,-0.7557766792368226
313199,0.536215074566931,-0.7752012328549007
313499,0.5454827169118384,-0.9221376775838128
313798,0.5283894658354495,-0.7414491991625836
314099,0.5024598983797065,-0.7470290200509795
314398,0.5959710209697986,-0.94654807185231
314699,0.5631446354605395,-0.7896288478143776
314998,0.6778139536431378,-1.0078898917403731
315299,0.6529167403885081,-0.9220743840030989
315598,1.0016019059139711,-1.30229946942802
315899,2.604635729268138,-0.3068796410935333
316199,3.1242576565852676,-0.40661363832052566
316498,1.0650580021314846,-1.0461307277947007
316799,2.851433136918601,-1.1716369943014957
317098,110.65906685818373,-0.2519465568332704
317399,74.47755961219531,-0.2664967594726475
317698,94.86825914476316,-0.1490851733012788
317999,102.42142117572844,-0.23015941432853837
318298,52.887366710572316,-0.28809313120294844
318599,64.87103155825584,-0.22062222963573275
318899,39.763206727143455,-0.27192201040630937
320099,2.0698301192032442,-1.1882625261945639
320398,14.670305154819339,-0.8016165366919237
320699,20.437026721587856,-1.1798721413516025
320998,15.327869798913891,-1.0728044309285258
321299,40.71810119376842,-0.94670631095644
321599,15.796968917920838,-1.2502752727296116
321898,23.587194631556386,-1.3774889800036307
322199,10.84747185251806,-1.3485535642573057
322498,5.6211023807726885,-0.9163336514358329
322799,7.000403543525003,-1.050325930400013
323098,6.942314940842134,-0.9563246100665421
323399,9.088100417270375,-1.0774962073073593
323698,11.882102080462504,-0.967759998162528
323999,13.277229217136115,-1.059408960524236
324299,14.303675438249542,-0.9609037577138093
324598,11.5576672344463,-0.986282619082183
324899,12.032470623145372,-0.9907257607447526
325198,11.330699975573616,-0.9641471622766489
325499,9.996161768170836,-0.9708189109448073
325798,7.559375509997226,-1.00045809203508
326099,8.732338706337503,-1.3996250219350048
326398,14.432461550534263,-0.9574548593983183
326699,6.119121065339819,-1.3412740930664837
326999,10.450052307908239,-1.2139333431743267
327298,11.807133793143059,-1.3313012876696013
327599,9.228010026821655,-1.444671784125092
327898,20.188496084875837,-1.0654746029422086
328199,45.69997829182397,-1.436445014916123
328498,11.78052377888972,-0.8053067424869838
328799,13.99962173513184,-1.0521625079413424
329098,8.196344319741335,-0.9609607537845699
329399,4.704549722657705,-1.3518936939870159
329699,29.084677914575927,-1.2219789089654776
329998,31.298149976181392,-1.2942810365549602
330299,10.850246002949667,-0.920056165105483
330899,0.8438705209976802,-0.3940212505044407
331198,1.4031183312038136,-0.6591903389246705
331499,2.8120204408703158,-0.9345393984400923
332099,0.630334827778928,-0.6452743035481119
332399,1.7866157719122668,-0.26521103162997695
332698,16.001852426938985,-0.6208303263099011
332999,9.026033464862351,-0.8384749407797893
333298,18.706370190684353,-1.089374507937495
333599,11.624428589226936,-0.7138765496583506
333898,16.10753885429786,-0.7305558654609863
334199,31.066798328854063,-0.8353343849864343
334498,38.77741785397907,-1.0274061978071556
334799,40.37359874484943,-0.759463921736051
335099,24.667319184617952,-0.7326484536956506
335398,20.114485453490637,-0.8800521634460123
335699,14.790919733784616,-1.0544221862144147
335998,7.783733653273122,-1.2083812285497442
336299,1.1396665861974486,-0.7143387400893899
336598,3.2274408933684127,-0.9638367864034443
338399,0.7115763355219836,-0.42643763706625437
340199,0.34781887944030404,-1.1738791903424657
340499,0.7301834080095322,-0.37052349543092755
341398,0.3963261273297524,-7.242841574067091
342598,0.4063002881264307,-7.323028787703965
343199,0.47988206236041464,-1.6295232745287902
345899,3.3282848387911126,-0.24737595879723306
346198,2.631285854794091,-0.259854373701516
346499,1.8457559860070556,-0.791051155899773
346798,1.6760703755765,-0.8107068546308862
347099,1.497962579155283,-0.9130967509415266
347398,1.4246135547408523,-0.908374427494314
347699,1.4268460681279629,-0.858035521921465
347998,1.4803397972457428,-0.7770073515577813
348299,1.283981245993428,-0.995841539744269
348599,1.324154316729539,-0.905941822139475
348898,1.3455303558643072,-0.8166042674171377
349199,2.0255455447321298,-0.5405275417571656
349498,1.2377737821976404,-0.8741603736642127
349799,1.115511055267085,-0.9892576136329898
350098,1.0490585504123708,-1.006616310828428
350399,1.0364694176646858,-0.9829240490396969
350698,1.0516623918151486,-0.9418024365349404
350999,1.0423699213082043,-0.9714110677361558
351299,0.8944350209146855,-1.0882475110629786
351598,0.8924443405882967,-1.1308256827296987
351899,1.0105580982179265,-1.0044623093368386
352198,0.9108395198336672,-1.0945028655565525
352499,1.1518013034216301,-0.9432785383674624
352798,0.9021376076299634,-1.0090010520465325
353099,22.428423748980684,-0.2947941435624857
353398,0.9224383354846775,-1.0418307963909634
353699,0.9193253842393072,-1.0867774002717216
353999,3.166637807127116,-0.34824781035172725
354298,1.0253954458298606,-1.0965537931563678
354599,1.0793939678478703,-1.0686031433615941
354898,1.210716861988802,-1.000822377384174
355199,1.2765299457712094,-0.9746814069720509
355498,1.3457860498659275,-0.9911896681286567
355799,1.4175798023913901,-1.0339011850987254
356098,1.5352519825858346,-1.3451690207950433
356399,1.4752074913474091,-1.0193524284741127
356699,1.595896096353707,-1.060889209445504
356998,1.3925123615256494,-0.998912860737653
357299,1.6537225087101883,-1.1695014084615547
357598,1.6894387377402813,-1.100540161162193
357899,1.6586768821668534,-1.0273481767669734
358198,1.8346777402032441,-1.0729693762622605
358499,1.9329200711129662,-1.082785154830502
358798,1.8339786664648183,-1.0817320642767436
359099,2.0290453846592627,-1.1148668125333323
359399,1.9680378978583366,-1.0994920700886297
359698,1.9764179970620406,-1.1232459574552314
359999,4.62214350462454,-0.5724940230825324
360298,1.8716725891106516,-1.175251717096042
360599,2.825885895309726,-0.9042471363150515
360898,2.4588678558907446,-1.3811733938614288
361199,1.9156340262217624,-1.1951270594035561
361498,1.7938886111986148,-1.1213499796235968
361799,3.209539919534263,-1.3879630702066934
362099,2.1855429594787075,-1.238100338332731
362398,2.0904476216523182,-1.250966597586725
362699,2.3227171074277817,-1.2445716573864565
362998,2.4170873945944478,-1.1900282663104607
363299,3.1525274319300958,-1.2335190211305682
363598,2.638383841538892,-1.2625706471381024
363899,2.6753898152263926,-1.2308441195516049
364198,3.049587293207874,-1.2232348833038267
364499,2.6502749977078732,-1.33646129572322
364799,2.4339538024439853,-1.3082794210693636
365098,3.087549556775004,-1.2711955477691466
365399,2.9363344286986144,-1.3523356678869232
365698,2.4922560319879663,-1.3046661230241683
365999,2.3150846995712993,-1.2725926945972348
366298,3.1644080833467627,-1.5282986503821645
366599,2.566643882390744,-1.1507106365089803
366898,2.3853302529717624,-1.2273628738971532
367199,2.5979687970921335,-1.2269942021574294
367499,2.9557790867379667,-1.2622085716661116
367798,2.8536792721337996,-1.229169081163878
368099,4.356263970078243,-1.2553570295465808
368398,3.4963950733745404,-1.202925308894848
368699,3.3682870806337997,-1.2099636487641465
368998,3.1620965060805584,-1.2021862828595076
369299,2.951373032828244,-1.17106244937181
369598,3.7558223803837993,-1.082165817281831
369899,5.205967472823996,-0.9811893277392425
370199,3.953596153844448,-1.1316834625170875
370498,11.357930453946683,-0.35302902309710493
370799,6.128913739955559,-0.7641623942134665
371098,7.732978234372608,-0.6453853223901129
371399,6.984927812291589,-0.8786377870120894
371698,4.241254414221763,-1.1634108316053968
371999,4.601915312920836,-1.1891822398075496
372298,13.685607903459537,-0.27270642498366326
372599,14.991034869210544,-0.29145961908213036
372899,9.248853017872609,-0.5080342150620236
373198,11.404015231955915,-0.3452621866279115
373499,10.179536136983717,-0.5991198677820935
373798,12.908035699238322,-0.3526794282226988
374099,8.31525570952307,-1.0097436966299211
374398,8.050592997789273,-1.1136323813692752
374699,11.562540318599458,-0.7365595897342463
374998,7.4811743574879666,-1.247858662316073
375299,6.476624522710189,-1.3224792301298884
375599,6.69470668269167,-1.0859747974378204
375898,8.655811311506868,-1.013090036774782
376199,6.916958136934726,-1.1408141602969302
376498,4.594201800469448,-1.1440573986876124
376799,6.5708470829605705,-0.8287360874635368
377098,3.7765507222472263,-0.9451320451096763
377399,3.9735289640250024,-0.9218942025370587
377698,3.0859894922587987,-0.968331264482678
377999,2.4396902238884297,-1.0510039176267174
378299,2.8191310501523184,-0.956004887578427
378598,2.419314821325929,-0.9847839838427632
378899,2.5572123426523183,-0.96913866997304
379198,2.559370826622226,-0.9724684034887396
379499,2.5390287359092625,-1.0013151489025827
379798,2.5573425313821314,-0.9918002969007935
380099,2.995597642740927,-0.9074476700509317
380398,2.702881665411498,-0.9664382552705046
380699,2.830628558281868,-0.9229033934398057
380999,2.9080794522355724,-0.9112347617176628
381298,2.8739788246529647,-0.9387155549037074
381599,2.5147130388443686,-0.9811052590877722
381898,2.5125761074739983,-1.0034355200071712
382199,2.930841480198535,-0.8457266362481295
382498,2.9615952348543533,-0.9137090613628667
382799,3.0084878853126873,-0.8864437691790159
383098,3.322015463015665,-0.795867063074283
383399,3.111883245149923,-0.836280482003005
383699,3.4193971949624236,-0.7629213824520358
383998,3.3064080760156647,-0.7673142192597253
384299,3.369545213175387,-0.730173501287636
384598,3.6126676269554796,-0.646677308335659
384899,2.9909867539531643,-0.7590328012662892
385198,3.001593648752426,-0.7141891801648945
385499,2.8520924182964076,-0.7073804504250745
385798,2.562861205805667,-0.7853517936423384
386099,2.420196426289464,-0.8061382060415743
386399,2.348635210099649,-0.834590079798726
386698,2.2790574725672412,-0.7784666581340649
386999,4.638265925097409,-0.48167533163199994
387298,2.9557748458096462,-0.6100080895373288
387599,6.6111911111082575,-0.8446622821857241
387898,15.097313182872224,-0.23868302578972966
388199,1.6741131879008389,-0.8709432368424854
388498,2.0542071932501123,-0.6182974741400618
388799,1.8571382761462094,-0.758161231312833
389099,1.4373357741485242,-0.9116368715191667
389398,1.4872953500050057,-0.9892614855837571
389699,1.6804522198059317,-0.8466116076765688
389998,1.642983390363802,-0.9104312543459179
390299,1.463937561484172,-0.9823636145494214
390598,1.8441405403614874,-0.8351437276567533
390899,1.5357169172858791,-1.0112749625583404
391198,1.492009594178617,-1.0846767497436849
391499,1.4698097889965271,-1.1287774407346478
391799,1.500332442545138,-1.0745160598165207
392098,1.542219780736996,-1.0760177456265456
392399,1.5241324293638019,-1.1208849320469074
392698,1.407203063075231,-1.0699206554045277
392999,1.4172419855721354,-1.0646758357733344
393298,1.3160354315474532,-1.1079117354822854
393599,1.2770354074432866,-1.0413412749101147
393898,1.1676921814569001,-1.0102543675900395
394199,1.26696501564699,-0.9841313761634949
394499,1.2011466370263442,-1.0099087312563948
394798,1.1622934812141195,-1.023571971194004
395099,1.1598251345214816,-0.9718607615589903
395398,1.3189690632110243,-1.056069392288086
395699,1.134696394472598,-0.9449786777366607
395998,1.1061583780420425,-0.9895646222671377
396299,1.177143389970094,-1.0314474489041112
396598,1.3494697936529645,-1.0476725606454402
396899,1.393878104696946,-1.0259119649161788
397199,1.372711177897609,-1.0117478328713725
397498,1.4715094346707573,-1.047383870210858
397799,1.3896566046406646,-0.9900764168058196
398098,1.3924177595997238,-1.0315921674277875
398399,1.3595326494469462,-1.0244319252441034
398698,1.2955310904601092,-1.0153743350096933
398999,1.3302823366853722,-1.0701532592689835
399298,1.2876501586969462,-1.1686807222319717
399599,1.346510242810372,-1.1686743882113788
399899,1.0808761057802794,-1.0515242125534394
400198,0.956807887611298,-0.980290059659213
400499,1.4934984195875824,-0.8269195743916824
400798,1.1087468473213784,-1.2597174025289233
401099,0.9483084961361935,-1.144382655411757
401398,0.9372966137380452,-1.1088552647053267
401699,0.9583866974648971,-1.1556024204834618
401998,0.8672112370968414,-0.9765110077041894
402299,1.0214221990412071,-1.139954878533933
402599,0.892718752876934,-1.0254495707641822
402898,0.9660976317704526,-1.2415903233900099
403199,1.4410049498725763,-1.1992307152363457
403498,1.55138123099036,-1.063888455686194
403799,1.32500094194167,-1.1181650017637574
404098,1.3731661698262803,-1.420564383976331
404399,1.2529082861407437,-1.6602446802346793
404698,13.269139787238512,-0.57593375307694
404999,42.71250033740596,-0.2238459156766195
412198,3.0661745672738445,-0.5571729024217247
412499,47.853742883599054,-0.5783841209825329
412798,52.29502678873369,-0.8112178405880683
413099,34.41469859636564,-0.8101446275032311
413399,39.506562398674156,-0.617804458683006
413698,15.201756112242597,-0.9057388501096775
413999,12.288050226498518,-0.9949010759706238
414298,14.118310348794815,-0.9326079048013689
414599,14.045883660628148,-0.9545003129169887
414898,11.433685368939356,-0.8736001481518518
415199,12.460473227311017,-0.8213901317207162
415498,12.952749084400004,-0.9416709920313324
415799,16.36633682757028,-1.2095780422609708
416099,62.94932371566425,-0.6179562530408826
416398,8.109204731334575,-1.6214334168421969
417299,3.1159819439382153,-0.4110833402404701
417598,57.72777576149526,-0.6770803272930934
417899,1.3552630559422398,-0.5413318783071692
418499,2.087281145468856,-0.5773545263594939
418799,1.1844250274133001,-0.481659002546426
419098,16.93561074444491,-1.2266814690312091
419399,4.987799628896339,-1.1638722360602811
420298,0.7933785489117224,-0.3664347601044211
420599,0.7825556169573534,-0.4903553786834087
421798,0.4983524643136503,-0.4519486628478362
422998,0.8789951675070333,-0.33611450320143055
423598,1.3780511776664954,-0.39568258042138904
423899,2.5712982780186286,-0.4849331113042663
424199,22.203332880009768,-0.5540069679781181
424498,11.752624167908671,-0.5563617501598939
424799,25.473597101863653,-0.6139854592586871
425098,23.530224964680784,-0.5937583520056691
425399,25.324603438419206,-0.6307744745719852
425698,30.06992497191921,-0.5673068357246427
425999,25.566000373988658,-0.7512282770805245
426298,26.310642991824302,-0.8433990587327616
426599,22.827854539861345,-0.7797362190775177
426899,20.21764146332893,-0.731320181843746
427198,23.94273462206967,-0.6571144362277099
427499,25.944459053477082,-0.664578595214462
427798,23.838483409356986,-0.8128085169308967
428099,26.227747472435414,-0.6709888892250326
428398,25.916183651831247,-0.7724268206390741
428699,15.401549273931819,-0.6133066062476011
428998,25.069820266150693,-0.6790654529841467
429299,28.23953333282921,-0.6807390279428549
429599,22.158143423865972,-0.6869336054842883
429898,30.628498973680784,-0.6948183039260667
430199,34.79814093078032,-0.6578104817210022
430498,35.28183993370162,-0.5324481019039935
430799,30.376848648884486,-0.5350510972256364
431098,36.89240572428494,-0.5725410765225403
431399,33.72471306344726,-0.6145433410317611
431698,28.470815247708565,-0.5627247639917163
431999,25.994780616430788,-0.6351094141784526
432299,5.058319107623401,-0.5306059983967684
432598,8.323230903208016,-0.4898884066743503
432899,0.6556949525610567,-0.2644314266366241
433198,2.2033858512802027,-0.4761854394055427
433798,0.9062847266410103,-0.39585109067371316
435298,4.897693552796482,-0.7925330809588025
435599,3.8683352091522383,-0.8701342327573853
435898,6.28180007250713,-0.6580387135404804
436199,3.2296987301059428,-0.9297238435885804
436498,3.510694061601313,-0.8273093094185093
436799,2.766239114101313,-1.0415305150139536
437098,3.276880098821946,-0.9162078952480714
437399,2.8569090811800164,-0.9640525312129449
437699,3.6459826715179795,-0.7363531206824832
437998,3.366135583676112,-0.8418913555971717
438299,3.0927649692478716,-0.9264862533952021
438598,2.8578578291661274,-0.9923979331995063
438899,4.176442903402699,-0.7054546527817667
439198,2.835346418449261,-0.9389232496431836
439499,3.1179363569022382,-0.9251913787082755
439798,2.750562881134446,-1.0409523144644255
440099,2.79718722027565,-1.0110144750314496
440399,3.3999721007702948,-1.057245457132069
440698,2.6932036674145388,-1.1455838547645913
440999,2.7329683851483346,-1.0657551839763828
441298,2.4956807880441687,-1.106815569316328
441599,5.475913044323615,-0.5553259646579414
441898,3.4898772734856514,-1.0643194598164785
442199,2.799467881870557,-1.0569711721551052
442498,11.265533797925464,-0.273046854820842
442799,9.74290626401343,-0.17874971364550318
443099,11.062087401564757,-0.19994283443999206
443398,2.696533854016391,-1.072121401015762
443699,2.6997700622386125,-1.1047315772139292
443998,2.5777043023497237,-1.0990253267309051
444299,2.5497136379747243,-1.078182234768542
444598,2.290581143122872,-1.0904895444801865
444899,2.5222551197779643,-1.0987583448216176
445198,2.3681055187154647,-1.0932537991308298
445499,2.1828526000997233,-1.0793445603861929
445799,2.05629791702102,-1.0984096032591713
446098,2.0024793110140755,-1.075323101621973
446399,1.85568798158352,-1.0513364320396072
446698,2.0470805076043534,-1.117077617157559
446999,2.023646507738613,-1.1058119289926394
447298,2.031498178210835,-1.0650611989697083
447599,1.9688187135111146,-1.0608138751930714
447898,2.0227270494324108,-1.121170124439749
448199,2.132418560279633,-1.1329670489155848
448499,2.0558248030620407,-1.1664061377705814
448798,2.0707963470064845,-1.1275123048701365
449099,2.342732142393059,-1.1180349900174167
449398,2.4626565365342628,-1.1575303573852413
449699,2.4340791073814843,-1.1146202668663614
449998,2.455969055564355,-1.2053914732219253
450299,2.55482586775417,-1.2242204652920652
450598,3.5317277631731514,-1.3651994955691187
450899,3.0148738530921326,-1.509871682065138
451199,4.8008178065736145,-0.7413053558675704
451498,2.997067679538892,-1.2896540841430189
451799,3.059479025413892,-1.2852549013233237
452098,3.1369294810550956,-1.2959793063951848
452399,3.1020180130875037,-1.3784371969636986
452698,3.1757084642495403,-1.3030152403981181
452999,3.7595837721037078,-1.503999438064179
453298,3.0531200823652807,-1.3946229694803147
453599,3.35363545668704,-1.3299191898917813
453899,3.064170885761115,-1.3778314689758973
454198,3.235917643379171,-1.3836811088975902
454499,3.3461592115643546,-1.383343459744617
454798,4.798481708145373,-1.1715483794044226
455099,3.7781504244740782,-1.4546320579989689
455398,5.64848746953696,-0.6433985678363974
455699,3.6051764081870408,-1.5614306888315728
455998,4.217890436698615,-1.3894555020729462
456299,4.344395155173151,-1.3451371215474262
456599,3.7034857314509293,-1.4929692740899183
456898,3.662753424073614,-1.3304615658335837
457199,4.145666727413892,-1.3670363761955597
457498,4.1599655570713,-1.303471228584928
457799,4.660369965513429,-1.4030413091470568
458098,4.5093957929023185,-1.377703221514941
458399,4.201153226494911,-1.2650687670329606
458698,4.892252586409262,-1.3662507695964035
458999,4.720015747779632,-1.3071091798514476
459299,4.4377979656060225,-1.3177697944840499
459598,4.789120984791206,-1.1903901934705772
459899,4.4731380161662075,-1.2332013597170932
460198,4.580212736548152,-1.21914488366901
460499,4.832651944515744,-1.1958568593001822
460798,4.991322849423151,-1.2146572051716529
461099,5.250165816467133,-1.2239857319999468
461398,5.605001420557411,-1.2114357344864795
461699,6.035311177756485,-1.1452989099635245
461999,6.551123859775004,-1.2172833928368614
462298,6.195781466483337,-1.1723935688845346
462599,7.079782900050466,-1.1415668055736266
462898,6.95382424126343,-1.225335638967084
463199,6.957477556735652,-1.1423240719287082
463498,7.053726085159262,-1.2017234678883826
463799,7.613764084110652,-1.1102577575915609
464098,7.327924126212504,-1.1249809669148703
464399,6.834450796823614,-1.1922138001697302
464699,7.602240411143059,-1.1208839962377586
464998,21.134751932259153,-0.4555054911788343
465299,6.6320841090226885,-1.1265184584149228
465598,6.683959652994911,-1.1238155251905826
465899,12.49367262450546,-0.7015916612253743
466198,8.887088148973437,-1.214069914845009
466499,5.192047927564355,-0.9791334512015404
466798,7.936435958304752,-0.30087523912703307
467099,12.757644726807387,-0.5668917113768974
467399,23.99700974766888,-0.43151478768480933
467698,28.88293200613184,-0.5114554728010341
467999,9.564286278475084,-0.7779471039200836
468298,9.177652617424442,-0.6185592977817755
468599,11.023709424777671,-0.6519420051007627
468898,18.944227597958232,-0.46469134182406147
469199,41.422402675969806,-0.48406845443411717
469498,51.299130544138784,-0.5217121682432053
469799,25.382452742259154,-0.6405598095733556
470099,20.736876115796193,-0.6654929313689901
470398,9.646889605056387,-0.8822577053322511
470699,22.460649763023046,-0.8371522685295814
470998,17.35039559025877,-0.5108507063623982
471299,9.780371333242597,-0.8832515199966486
471598,7.910417404668522,-0.8730032973549147
471899,4.246950604191817,-0.6073705668818803
472198,13.987414329748518,-0.543237417149459
476398,0.6514945371109137,-0.5170354386707439
476998,14.220906422458155,-0.7612818344827144
477299,5.904399846018059,-0.4541780384259695
477598,6.391648837175688,-0.34671767822645316
477899,3.071932694544093,-0.8659615348855971
478199,2.9927133837987223,-0.8219503684830405
478498,2.9138468395765007,-0.8106513619172493
478799,2.9125278406829818,-0.8513488079130451
479098,2.716724875845019,-0.8918782167280652
479399,2.533020767551038,-0.9832662129326393
479698,2.463149834895945,-1.043518711769928
479999,2.309294226407519,-1.1149771755850852
480298,2.3341308055834444,-1.1396798236834824
480599,2.3684799723890007,-1.118545427460623
480899,2.045598236447057,-1.1235836291814714
481198,2.468884067446871,-1.142194314171494
481499,2.9472602135943684,-1.063004778304672
481798,2.4703616333241856,-1.136725914400273
482099,2.7194003656644634,-1.1608944358344986
482398,2.561573790173723,-1.169095512147189
482699,2.5963603972778895,-1.2483708563467184
482998,2.4024163845024264,-1.085587860758837
483299,5.255222470872796,-0.7155853935519625
483599,2.698654390930667,-1.0888463646329165
483898,3.720585007546408,-0.9473012234801461
484199,2.645193239471763,-1.2202349675033015
484498,2.9133761269826106,-1.3031687953182063
484799,2.7500542400875037,-1.3217671407207825
485098,3.0971394101175957,-1.2252426701610601
485399,26.031865641557463,-0.3457595178415389
485698,3.1939730417161587,-0.4066479149919917
485999,59.51078256222906,-0.4933383192368186
486299,54.31381949227073,-0.5835721139464822
486598,29.41003440519434,-0.6021050767191023
486899,41.66970265275517,-0.23332332496176167
487198,39.12816455799824,-0.2312692601176558
487499,30.28157223058185,-0.2847219169173756
487798,30.080091033653602,-0.30763812598256113
488099,37.70761893244963,-0.37286876262874613
488398,44.89020960766193,-0.43308902195400467
488699,51.02865522593246,-0.35461087375650147
488999,60.783246522180534,-0.3101298936466248
489298,41.34066469614543,-0.3762610800297703
489599,42.812388080645434,-0.39967404347238467
489898,55.78666786493599,-0.36568753176481583
490199,56.80750827112555,-0.30807973423081214
490498,48.728497444609424,-0.3767489151320429
490799,49.14619442800758,-0.3657346586961179
491098,58.27511443852498,-0.3802083962929248
491399,46.415941233816646,-0.45509179259942023
491699,43.39256304161165,-0.43152215950178596
491998,66.44889033997868,-0.4080642307008695
492299,76.497251310195,-0.5182439733106479
492598,96.076349091981,-0.36280698876131545
492899,72.29703934110934,-0.4327504230454653
493198,19.984304155581846,-0.4973496293649058
493499,24.790931775788,-0.5935033889062336
502499,14.05199227129453,-0.7898139218435232
502798,5.981119705703244,-1.0127465528244075
503099,6.465874217735651,-0.9658854603725782
503398,8.397288314367595,-1.1141604286752433
503699,6.189463951050467,-1.1130480375075296
503998,6.297960038339818,-1.0414074548063015
504299,9.615478251133801,-1.0787862998519664
504598,14.951447726645373,-1.4072095884512108
504899,41.996748066661546,-0.8396473749013049
505199,31.93858842018508,-0.6621556537087185
506698,3.001649529915355,-1.0512100637746289
525899,5.842648289041854,-0.8724866894813132
526198,5.660977839411498,-0.7221733282276002
526499,6.382034419599725,-0.5904076793555468
526799,5.50633018645556,-0.6502764577197546
527098,4.804773740858336,-0.9028703611869748
527399,4.144877439169169,-0.9305367276294498
527698,4.03709937764761,-0.8968524618504543
527999,5.329374536050387,-1.028691562628746
528298,3.891804927191591,-0.9784241059108043
528599,3.655219440198535,-1.0280421683514627
528898,5.586040392073534,-1.101142203678977
529199,19.205964231859625,-0.5268946931690162
529499,16.230663816912866,-0.5749853363619377
529798,4.09921041538843,-0.8022152448779785
530099,10.072929365092024,-0.6570322856672937
530398,18.945287053079536,-0.4031524121732386
530699,4.323545238497146,-1.2171302388064866
530998,2.891135555046408,-1.120899849445379
531299,3.7659017893466835,-0.9562057254545409
531598,3.376239702188629,-1.171870818480015
531899,4.942884808323615,-0.7834017602241661
532199,3.9986377625944476,-0.6881885426996668
532498,4.1363445835713,-0.6927898559405112
532799,3.810809015156222,-0.6066968657280591
533098,14.876946139232025,-0.29829556939802626
533399,2.84607271208576,-0.6863709634551505
533698,2.2991987458959446,-0.7686988477787933
533999,2.3858160712934424,-0.8350526877962416
534298,2.4418834267633494,-0.7526547017477647
534599,2.5539583709091835,-0.7025099084870521
534899,2.3117762497980725,-0.8228466537150643
535198,2.663221154930096,-0.7726937080485108
535499,2.3569046045851882,-0.7273550352258902
535798,2.2132969886714826,-0.7977670450626237
536099,2.0559832761228716,-0.802751115581493
536398,2.1814653888520392,-0.8015848157005392
536699,2.401036420608337,-1.0520498098907622
536998,2.171398323775003,-0.9201447212116503
537299,3.420379563388429,-1.0925983560324388
537599,8.718191783208631,-0.6936589840040888
537898,48.57500572638045,-0.8936685559346067
538199,62.88185136776704,-0.8213244537454265
538498,66.69527317378092,-0.7877585866206269
538799,75.68251246043705,-0.6746775785591297
539098,67.23580347872999,-0.6843259114768647
539399,42.520722622769355,-0.8742533507794792
539698,45.89261522758416,-0.9525986866170042
539999,65.07829093370454,-0.7862328429858292
540299,3.0402142694261562,-0.7179837177203285
540899,0.6542950542542297,-0.47075003996040254
541198,0.6147189954275367,-0.5274301261862524
541499,22.21369240083161,-0.7655051128321659
541798,17.980269974732312,-0.7645104237214089
542099,55.20527184583322,-0.5798205502964049
542398,33.40923103471518,-0.5752895799362894
542699,10.40342728612729,-0.5146615351931949
542999,5.818293573031948,-0.40014042511494186
543298,4.058678976302781,-0.586223059289773
543599,7.215223522153611,-0.35876586661409604
543898,7.059892773473053,-0.3015190919888908
544199,2.1469175527495405,-1.3604327653954944
544498,3.37472931593241,-1.3530144959847763
544799,2.398358812485652,-1.4591609940709036
545098,2.46028588200417,-1.3447602049707306
545399,2.342940630020374,-1.564034891493126
545699,3.4637978553838,-0.33782225625899276
545998,3.1935008601939847,-0.7533254327802916
546299,4.195118936717133,-0.4609783921532007
546598,1.6468472511291696,-1.1260748461834686
546899,3.300691985117595,-0.7736061316505525
547198,2.0709975981708366,-1.5063196677409647
547499,2.703990654506485,-1.038653367373617
547798,2.9821305332587986,-1.043221983895569
548099,1.6370696102194477,-1.3748679980691216
548399,1.8130098939138923,-1.1001911660672512
548698,1.5234311898004664,-1.1821634977133786
548999,1.8625438786986146,-1.3198309337801613
549298,1.5971329226870405,-1.0539302093142302
549599,7.107268721237966,-0.23669469094405193
549898,2.2099278772865776,-1.349795393993141
550199,1.8772883748513922,-1.093569153101678
550498,1.950465641606022,-1.0962337196747294
550799,1.8187252694787073,-1.041339255914822
551099,1.9200885787055588,-1.0459781685445098
551398,2.002398803330559,-1.0325380721902957
551699,2.2326502611638923,-1.1716463859300719
551998,2.201594623860651,-1.1089624764943125
552299,2.478033361751855,-1.1443489611136992
552598,2.7416955049277814,-1.1071461654336523
552899,2.995561634659263,-1.0921619450946851
553198,3.3306789591546333,-1.11775874983458
553499,3.381950894920837,-1.0557941013884253
553799,3.4132978692726885,-1.0755412358448502
554098,3.6220777897849095,-1.0918577631055282
554399,3.6235287804284266,-1.0338936530568192
554698,3.6594520456853723,-1.016932965852051
554999,3.830479028608983,-1.0499109220631562
555298,3.9318991527640748,-1.05635426073083
555599,4.245397274219448,-1.019186016774432
555898,4.226622308295836,-1.0596559955037717
556199,4.256163232865927,-1.0370174585912646
556499,21.997475451522348,-0.26853979169821796
559498,0.54309684636839,-0.556302953302064
559799,24.49264454116417,-0.5955337229866284
560098,14.448826305466007,-0.47711578854537917
560698,1.1754838702442063,-0.41717582656677665
560999,0.8387917595338368,-0.3814333041316984
562798,25.072666712387814,-0.47909557731334673
563099,72.01264246063175,-0.5046625020832183
565498,2.228487426199408,-0.797999667570475
565799,4.427587252699186,-0.8444931926737296
566098,3.771312416939926,-1.011004923733489
566399,3.799973550467705,-0.9822527928013365
566698,3.769142469122796,-0.8984641203201842
566999,3.948157070168442,-0.826664122289841
567299,3.6641514858565936,-0.8627956651404334
567598,5.676788345568905,-0.5452227021592138
567899,4.66513604424954,-0.6752234419081469
568198,3.1031953264237226,-1.0163301908688442
568499,3.0862072342269635,-1.0713504674486676
568798,2.9046372997130745,-1.097637759730827
569099,2.763557362363537,-1.1204580486694002
569398,3.1407770386227964,-1.2333699790545802
569699,9.23779610105278,-0.3453307937274035
569999,4.2803576080718715,-0.4323965714142515
570298,4.018850183207148,-0.7166908456557686
570599,3.076637036324186,-1.0968361276472542
570898,2.908972037382056,-1.014874459332153
571199,2.943687811884371,-1.0582513875469064
571498,3.0398344275920537,-1.0224344096978193
571799,6.865979056784263,-0.6831931474186754
572098,3.3158506960689054,-1.1412178564806315
572399,3.973317562596683,-1.3896698154268523
572699,3.117823806122146,-0.9648532859965717
572998,4.472402749784183,-0.8683509134826157
573299,3.4371514985827942,-1.154587606889879
573598,3.6594434844184422,-1.3557192764453752
573899,3.4228891543020556,-1.0758560096307157
574198,2.5955321818380748,-0.9232290005021324
574499,2.655619099372797,-0.9031880809915191
574798,2.386691623379741,-0.9164209789063733
575099,2.4140245031181675,-0.948470545176409
575399,2.73676266626863,-0.993569904906084
575698,2.587967531500112,-0.9397127266935308
575999,2.2560337618334447,-0.9159191151017683
576298,2.2474475665232596,-0.9365509573634625
576599,2.3928634895464076,-1.0871252815752999
576898,2.0246354034954823,-0.9471347643649264
577199,2.2999986789062223,-1.094169262476513
577498,1.915699303240853,-0.9264029656464658
577799,1.8428698311128906,-0.9249047787229154
578099,17.38471837135414,-0.4346607202378767
578398,11.736549850663787,-0.4500429973644413
578699,9.53215548581953,-0.554684343457492
578998,76.68945270829389,-0.35621346341156057
579299,59.62759546794923,-0.32685930111668404
589499,7.983789176872607,-1.0934940814661394
589798,12.25918172662258,-1.3571853602158037
590099,26.714127053205914,-1.34226475563776
590398,23.12911704547906,-1.4374133029824407
590699,19.73898503870823,-1.551558374089939
590998,6.763717505698614,-1.5437005583808383
591299,6.663742430680096,-1.187539721434932
591599,4.152680188818985,-0.8670639767194652
591898,3.9488380565064847,-0.826986854229206
592199,4.4960908696222255,-1.0786391314420603
592498,4.429553132610651,-1.3473474362596893
592799,16.210246500089816,-1.1618769002514928
593098,16.890838287139722,-1.5302277898184422
593399,4.3870182835232585,-1.0164390842364246
593698,33.377118714069994,-1.2586995143374833
613498,0.882357509017428,-0.8284858414902174
613799,6.219869830386035,-1.0969570428920004
614098,12.426045182953246,-1.4852734601419892
614399,4.016477109545757,-0.9938525932238227
614698,3.885830221017979,-0.9954175544840431
614999,4.107798013756406,-0.9275666259658315
615298,4.071087768279554,-0.9125067893652732
615599,3.998266149872146,-0.9315545892978021
615899,3.7528617112564047,-0.9783000085616393
616198,3.7921825985811304,-0.7482300728379903
616499,3.566234063244831,-0.9991023633731753
616798,3.545021056851313,-1.1264606191577036
617099,3.471429400057332,-1.1299397096380819
617398,4.449663202856669,-0.6805027737798
617699,2.8712043399855722,-1.026003727304639
617998,4.881717846622227,-0.9338717802248566
618299,2.9894162838774267,-1.0730030918188311
618599,3.4099738913057425,-1.2423528333179399
618898,2.981995558983258,-1.1034973144643776
619199,3.0592599481575196,-1.103839046031582
619498,8.895174676435083,-0.6987610297301079
619799,2.8179941080735356,-1.0837693467644933
620098,2.883715745418442,-1.0743285919633108
620399,3.1663812612679796,-1.1673871654568275
620698,2.836407395598998,-1.1777660997904418
620999,3.313531160528584,-0.8587204154973673
621299,2.60601981738372,-0.9751706550889818
621598,2.5039164512517758,-0.9495466148039624
621899,2.652487830964739,-1.025729779398735
622198,2.7409032253050163,-1.083361651572401
622499,8.35903135117778,-0.7933708647424969
622798,2.4900382190233348,-0.961154032575305
623099,7.147235211126779,-1.3477594961567756
623398,2.4566762641066684,-0.925438476010255
623699,2.9747627561685217,-1.3269413454414392
623999,2.397566635657594,-0.9864328474206345
624298,2.51925703563372,-0.9998753387063626
624599,2.716840741884446,-1.051815331195273
624898,2.6413556764631494,-1.069975575938475
625199,2.695409038817316,-1.0159880357034172
625498,2.8291706855372243,-1.0848619831716366
625799,2.672330933001855,-1.0355733996125114
626098,2.5219337061083364,-0.9760618780698012
626399,2.558923030381485,-1.015607755474171
626699,2.5291012978328733,-1.161950363734927
626998,21.064702993027318,-0.3609494071130963
627299,24.79106123008287,-0.5406837200729411
627598,60.417955945018406,-0.8911118880506037
628798,30.138505352393036,-0.5327407149415408
629099,12.568786095531946,-0.18679890569879043
629399,8.59348776088843,-0.7040370674060943
629698,26.280411276916208,-0.9994718378898564
629999,28.42605051241258,-0.8120568100414745
630298,25.61295719488647,-0.7573209900567011
630599,0.64724045556548,-0.40286790988396515
631498,19.202035071490634,-0.7503552297492087
631799,26.80661684718045,-0.622993893381034
632099,14.382721445330917,-1.0590163340754675
632398,27.0699424392462,-0.4257679415823079
632699,22.522684419993602,-0.4467674882553254
632998,17.456395406479995,-0.8333694252326709
633299,8.460609411985653,-1.164160410673618
633598,5.693717265015745,-1.735034050259153
633899,25.41722770238944,-1.3987692547748503
634198,5.1142695724787055,-1.4139658704175608
634499,3.87186317768241,-1.425029326278064
634799,3.5018192299995405,-1.8730606600169235
635098,4.859804256566671,-0.7558489352183242
635399,3.7791523958166704,-1.6172446567655792
635698,2.976602455177781,-1.285604780114189
635999,5.197256629152318,-1.5307223060387138
636298,5.007391476835188,-1.4822133755071376
636599,9.188966610381483,-1.396674206096432
636898,5.007884313909262,-1.5355611393761222
637199,7.676993991086481,-1.1643288986749893
637499,5.5169049651199105,-1.5301986748332017
637798,5.964308686198614,-1.212247022677627
638099,4.741627249164274,-1.5462757063730117
638398,7.180402893680096,-1.514998090532759
638699,53.152877268481376,-0.42277590447660085
638998,129.53838995367352,-0.11619452942552799
639299,5.332986416585189,-0.4634837737898241
639598,0.5859778900339362,-0.4108054194121964
639899,1.3889897777982985,-0.5943934885922959
640199,3.9052739337657436,-1.170779056300176
640498,6.12491318530741,-1.0058791813433579
640799,7.940166444224079,-0.6122498845895754
641098,5.181285158286577,-0.9609298409320226
641399,4.235613567006485,-1.3340183027478165
641698,6.963145647189355,-0.8554838976884878
641999,5.0100824753811475,-0.3298094028061329
642298,3.294823754693642,-0.5098358394743272
642599,44.24396371813646,-0.5886386412382278
642899,82.28827224262258,-0.594900204147361
643198,4.626682446255361,-1.2796140358305417
643499,5.369464261779633,-1.2178753592800908
643798,6.270208917249541,-1.2103359842966812
644099,7.58756737237454,-1.0741396295680579
644398,5.5491004863490785,-1.0085783124417902
644699,5.323218976471762,-0.947011643315975
644998,5.5497664458213,-0.9880900197003657
645299,5.595253735453245,-0.9085833387677491
645599,6.608155638365281,-0.7209387996207146
645898,5.317758868643059,-0.8755578330928113
646199,6.654732645464818,-0.7261552635971957
646498,7.1341598081013915,-0.7441337635816385
646799,7.969119668124539,-0.738307289003308
647098,8.963329507538893,-0.6701753075532535
647399,8.645072125795837,-0.7132481164051834
647698,8.502201634596762,-0.6919146029980285
647999,8.12768057001806,-0.6999367650373656
648299,9.835940040203246,-0.6960240710871692
648598,13.848556710912868,-0.5671101039499677
648899,12.422583643440646,-0.6072558792889344
649198,10.533057686699905,-0.8188704158923099
649499,24.32266781877167,-0.3041226858154995
649798,39.27753919872972,-0.4464174450792049
650099,27.31080662364407,-0.5249955158918249
650398,53.18791097797906,-0.46075180665421556
650699,40.42110970740229,-0.43255352606855
650999,45.91078147765129,-0.31082726514566406
651298,38.43593407216518,-0.4101986504193731
651599,4.627692859479613,-0.28885772340874394
655798,9.560216100876856,-0.5011102784814383
656099,8.001198392281948,-0.4492347760957811
656399,7.586090845397688,-0.508734988070936
656698,4.750287599761035,-0.9224229802744612
656999,4.481821932598998,-0.9711670396934728
657298,4.322753893779553,-1.0530094390634988
657599,4.053381466906868,-0.9854280910535154
657898,3.503381594369831,-1.0325830631687771
658199,5.237939702416778,-0.9084434209957335
658498,8.53091904627326,-0.6790664646360212
658799,8.83613323808898,-0.7727487329025893
659099,8.724593454780896,-0.4963081228110908
659398,13.461503276841084,-0.5183824314580712
659699,9.919626704146639,-0.48940590076677437
659998,7.218187327973027,-0.7028855940451697
660299,7.542717380226964,-0.8778558131442873
660598,7.299204846879742,-0.8993580400454151
660899,6.532744192083443,-0.926229907418691
661198,6.211152530900574,-0.9735758945245889
661499,6.136003697030204,-0.9288058142433355
661799,9.056499503020298,-1.0153652852490547
662098,8.24357343131428,-0.9657000269027638
662399,14.643603014030926,-0.7341390643829364
662698,10.910916691460189,-0.8533255746082464
662999,11.877072729545837,-0.8547662448300779
663298,13.370403016209165,-0.7668668431785639
663599,20.130123388424522,-0.6550424949930107
663898,20.74453173250544,-0.7387680508337497
664199,22.026278804280906,-0.7268621007835134
664499,25.532904696095716,-0.6630598934220251
664798,27.999734188403874,-0.6098726757009525
665099,22.501231792885786,-0.7144751277822499
665398,36.40575811666495,-0.5590643096455774
665699,51.199938412668175,-0.6989710506976825
665998,64.54458763212625,-0.5802291206904142
666299,65.54634672944222,-0.5252887843117611
666598,53.79447960489873,-0.5691779944411126
666899,60.38498174776217,-0.4291468823715958
667199,29.347960754155956,-0.4645128420020259
667498,33.58804159596152,-0.5245559495443035
675299,21.16633722114435,-0.8549062177489197
675598,8.930545637210189,-1.5741236875450606
676198,5.407551719987968,-1.4587081993745814
676499,10.739469251529632,-1.3717004200546206
676798,18.175585257780924,-1.1150693712156499
677099,21.722801487199906,-1.3895314829935757
677398,13.518165648901295,-1.7986178601295384
677699,12.427505189824906,-1.3442063851393908
677999,9.760176343822591,-1.7621240353910421
678298,15.208571778811015,-1.1394665580013474
678599,21.441494186523983,-1.151492834895775
678898,4.364796541432411,-1.5935559591711814
679199,3.622912255487966,-1.1948331742744367
679498,3.6806869172055596,-1.3136587381819274
679799,5.313577363518059,-1.20140895115254
680098,3.818450708897689,-1.078334807493885
680399,3.7547073281893555,-1.011027019655761
680699,4.031809171314356,-1.0353075583750595
680998,4.436738315182409,-1.09656075386664
681299,10.96137060693139,-0.8248920226669356
681598,6.527559521652318,-1.3325294043193505
681899,16.262135541276294,-1.3378859840906472
682198,15.99022875715361,-1.448237234484969
682499,5.280836769659834,-0.9956400387147937
682798,10.805515078622198,-1.435706056047417
683099,3.752273951452546,-0.8014519746667437
683399,18.60758244697277,-1.6465801552679133
688198,12.266321952663892,-0.5859338275544856
694199,0.6116752629704574,-0.8020012319682233
696298,2.175748252201723,-0.5494234640388131
697198,9.709728404209166,-1.229888693157386
697499,24.49406611842315,-1.3619242100660354
697798,11.229131829687686,-1.1248920855428453
698099,4.258241542108983,-1.0015008107355103
698398,4.6268749345435225,-1.0153020772413108
698699,4.915552720071946,-0.8969882661480175
698998,5.115263165867597,-1.0052856809937358
699299,6.0216599118513905,-1.0667082740343248
699599,5.144823361858336,-0.9438791572549907
699898,4.624650905583519,-0.8944135971611238
700199,4.798709333406948,-0.8707387052807205
700498,5.375485500312041,-0.9399937312839592
700799,5.662387743568985,-0.9065615578868045
701098,5.571326154682411,-0.937111048737286
701399,5.726423052997225,-0.9365097507327738
701698,7.981004134728709,-1.0587637689239324
701999,8.392290544013429,-1.0965280341925836
702299,5.493877737094447,-1.0086735161748028
702598,8.40964828481667,-1.0462916218853318
702899,5.0385609501434425,-1.3241032352734772
703198,6.172485878516389,-1.2980289265091858
703499,5.0608800985812055,-1.1980953138363688
703798,13.275690788490282,-1.0877033164156482
704099,7.8467363437356505,-1.2737963682573805
704398,8.01645124718241,-1.231575301538367
704699,4.099084128342132,-1.1500827326770464
704999,4.239578669531948,-1.1744538752401006
705298,4.538440102316669,-1.170070795721688
705599,4.264028209376855,-1.0968419713480642
705898,4.152997300564356,-1.0596617256780467
706199,4.119853373656948,-1.0536981264123426
706498,3.8928343932935214,-1.0056699711615056
706799,4.056465410015744,-1.0144751603861315
707098,3.926570435354353,-0.9367827434163072
707399,4.06400338424491,-0.944816786735516
707699,4.213158900934726,-0.9691391801771945
707998,4.008058802358336,-0.9505650065285782
708299,4.332481988559724,-0.979281295653381
708598,3.9384183667796333,-0.9369436432349347
708899,3.5358347032194484,-1.1079469371097663
709198,3.646078502448614,-1.1061037221548888
709499,3.7038748708328737,-1.0933673608536223
709798,3.7577459946175957,-1.0545930481894934
710099,3.8192639768976893,-0.9808691854251033
710399,3.799252789601392,-0.93258575239921
710698,3.957595877244911,-0.8940528889303594
710999,3.9602141465689846,-0.9244971088822571
711298,4.029218047439356,-0.9322120267174776
711599,4.087389682277317,-0.918710805427162
711898,4.13424319226343,-0.8560606293238195
712199,10.930863977110652,-0.581213184666556
712498,4.327195806471763,-0.8721688178073224
712799,4.487099091122226,-0.8912738960812951
713099,4.533471163193984,-0.8501283218420332
713398,4.790503422406947,-0.813372780680379
713699,5.040212470413892,-0.8148794110319906
713998,5.145778948749541,-0.7877200925018075
714299,5.018445313247225,-0.7850269729998722
714598,4.977465269409262,-0.7710502640658798
714899,4.746160643860652,-0.7235616121558779
715198,4.943212995117595,-0.8114512862967211
715499,4.351287056818985,-0.7531135030052711
715799,4.328235843964817,-0.6535987316651208
716098,4.291338217825928,-0.5182731218692436
716399,4.138858787217133,-0.6062361246113077
716698,5.54037928194167,-0.9283217642134882
716999,4.338187357256485,-0.8555800052523292
717298,3.9704538649787064,-0.7286800084616771
717599,4.501076764552781,-0.9094490696225226
717898,3.9753465349000034,-0.8008248155935327
718199,4.311363219233336,-0.8748397007017261
718499,4.242731413913892,-0.753155722303906
718798,4.252141294650003,-0.7840362759419215
719099,4.278990924043522,-0.8218141889466661
719398,4.648275150365282,-0.8365827389540113
719699,10.782869146634805,-0.5244644914552408
719998,14.757372353266751,-0.5927871631874171
720299,4.77161812758699,-0.41603450710205725
720598,42.53550303185037,-0.2538570740519157
720899,5.231152687753528,-1.0985036964922417
721199,4.929501145439356,-1.3317780359710807
721498,4.356212831275002,-1.1717593441014755
721799,4.410028532851393,-1.0060309703408894
722098,4.318110464643059,-0.8425706516225977
722399,9.230050813754168,-0.8029575626717123
722698,4.757160012402318,-0.8357983153109696
722999,6.147202205862966,-1.0355402744695934
723298,10.067359685896665,-0.7470972961638482
723599,5.663113006249541,-1.154647276746977
723899,9.692061165256483,-0.7099382395859732
724198,4.46547054543241,-1.19045998896768
724499,6.467622585667499,-0.7272937879111618
724798,7.4207655201384295,-0.6093121715364189
725099,5.477845968085187,-1.3284493942048705
725398,5.259142290735651,-1.269559025903411
725699,5.063868961099077,-1.052924390343223
725998,9.064653327223054,-1.0639720473684084
726299,4.698486340092133,-1.0177496720573953
726599,4.847233698559724,-1.0503153216086378
726898,4.566151873048151,-1.0309493162044032
727199,4.437035306990282,-1.0291284691542217
727498,4.145299631559725,-0.9546210315764201
727799,4.35164576887917,-0.9695660989054604
728098,4.180740608805095,-0.9060845450188553
728399,4.5597602881962995,-0.9977432108257813
728698,20.524280453629526,-0.3637491356065441
728999,4.411370032258798,-0.9154549675520549
729299,4.5467079370273185,-0.8937498167553319
729598,4.865828109103708,-0.8738933660039057
729899,6.504721099011115,-1.1520106957997385
730198,5.296236145434724,-0.8211714550436344
730499,5.054407888499542,-0.8173631463431696
730798,5.3608683070689835,-0.7491445246507178
731099,5.365963734068984,-0.7768175438000986
731398,5.592396586374539,-0.832296284457456
731699,5.977483012862966,-0.8073664593308005
731999,5.9743052728722255,-0.7912216551402149
732298,6.2976144587726886,-0.7660528315946473
732599,6.511315518184725,-0.706418270277156
732898,6.309015132478708,-0.7194405189086734
733199,6.324985702918522,-0.6733278522262471
733498,6.620192031457874,-0.6800312979063299
733799,6.608197222237967,-0.6749534370076069
734098,6.624870569242596,-0.6278627404565249
734399,6.597232835471762,-0.6268740216774835
734699,6.941289797152318,-0.6140348902378652
734998,6.960874301161578,-0.5918690012781944
735299,7.20751995399954,-0.5829696953764405
735598,7.578455159610651,-0.5987874773457125
735899,7.616159466830559,-0.5976943375981125
736198,7.834031919247225,-0.5815699453252503
736499,8.371118501839817,-0.5808257799652663
736798,8.599052048263427,-0.5773853551337385
737099,8.766631956962504,-0.5782310067551661
737399,9.143176822004172,-0.5943409469235625
737698,9.296317262450929,-0.582057627241489
737999,9.601044710001858,-0.5721596769439978
738298,9.474654658957874,-0.5426187950141077
738599,9.322579929291207,-0.5309598501396213
738898,9.292366158159263,-0.5374335804444073
739199,9.209799527346764,-0.5367654726275815
739498,8.99156154250417,-0.5080296658063848
739799,8.953071440511117,-0.5120915187461881
740099,8.935204186353708,-0.5097738875948707
740398,9.08483597696019,-0.531516220797275
740699,9.07823518748797,-0.5201759233186651
740998,8.971791979534263,-0.5303846753833945
741299,9.3838004775713,-0.5467593546883713
741598,9.202379409781948,-0.5524497033643117
741899,8.854116954511113,-0.5060730132817404
742198,9.075235250156947,-0.4994301744542593
742499,8.778561534582874,-0.4980417111367572
742799,8.943409900696299,-0.4823095501086976
743098,8.967588797703245,-0.5244317859389134
743399,8.963293283685374,-0.4779592718072594
743698,8.626253605166207,-0.44518887800230056
743999,8.710057326898331,-0.4637622650049873
744298,8.716367770220096,-0.46402050103290793
744599,8.992186894023334,-0.5047012091487997
744898,9.043734160798799,-0.5458375783534273
745199,16.686637642529988,-0.7001301700660438
745499,9.893266206639076,-0.6755968971934923
745798,6.597005469617862,-0.4640947878955908
746099,8.787228945737889,-0.6147602381594932
746398,8.060380773034908,-0.6774380930563428
746699,6.849320925220095,-0.6758448038680143
746998,6.515209186102038,-0.7842834774579988
747299,4.765072047979354,-1.0657476471409368
747598,4.916927309803428,-1.0379654022216531
747899,5.030387006912224,-1.0439000072899662
748199,5.161017621884447,-1.0259700950424397
748498,5.279411474427782,-1.0339185791633256
748799,5.188412875157594,-1.014753152317967
749098,5.071268014302781,-1.0023148488619378
749399,5.018074381382132,-0.9568521709446496
749698,5.878425248471761,-1.0312362221800169
749999,5.727238196148335,-0.9943030321396376
750298,5.766213379521021,-1.0030952822478514
750599,5.88080882982889,-0.9660027383978746
750899,5.946942144747873,-0.9622360866741504
751198,6.291201808413891,-0.9464517435499895
751499,6.339794342520373,-0.9280424485253573
751798,6.507192669587504,-0.8987301966508339
752099,6.534254431494911,-0.87878349918102
752398,6.309719621073615,-0.8461359642231416
752699,6.351175635147688,-0.858536288647334
752998,6.294587831683057,-0.7781652702591246
753299,6.364225510727038,-0.7534612017427236
753599,7.111918242099076,-0.9151951071505926
753898,5.605685166302702,-0.7176340751866299
754199,5.615007571112887,-0.738942503660021
754498,5.857214563997871,-0.703075897940882
754799,5.993521968027964,-0.7055914418605138
755098,5.695292710701576,-0.9567504279831383
755399,5.365294200768705,-0.9207773915304875
755698,5.347114042759445,-0.7813204352356997
755999,5.359681448701576,-0.8232703463015056
756299,5.392656096507131,-0.8178756509512128
756598,5.441056097282594,-0.8190026406256408
756899,5.583267909858985,-0.8685726130124705
757198,5.5760218785088,-0.8708562058391751
757499,5.406720150263429,-0.7866653089911739
757798,5.508839315337503,-0.7003173975068451
758099,5.457677841034264,-0.7046570821504206
758398,5.745787539862967,-0.731837841231761
758699,29.64504937628166,-0.718481294383337
758999,34.42881088406247,-0.6771249956114573
759298,0.6741877915482588,-0.18939269502969913
768899,2.5572091760402333,-0.5722580071564258
769198,10.739621602710187,-0.6662255445919489
769499,10.802409211014721,-0.8614847410678701
769799,9.75418303431204,-0.6698271956089734
770098,8.974264446140744,-0.737831314396538
770399,8.139118398953242,-0.7027292735271204
770698,7.476884415564355,-0.6450154262343832
770999,21.97314239754481,-1.0912618729120105
771298,13.821962011335188,-1.1943817706290139
771599,33.525982175976395,-1.4548250706531576
790198,3.1894978420752307,-1.0986198804820835
790499,7.262218320826311,-1.0144882315018062
790798,5.155413804733983,-0.9902525163781619
791099,5.23771181190065,-1.0749027521875183
791399,5.547154423654632,-1.1257013743790734
791698,5.176510073120557,-1.0227721921992554
791999,7.121462545073996,-0.7953150341858035
792298,6.1204859471546325,-0.9429376409825583
792599,8.404713600006485,-0.6031741465163618
792898,6.486556561464817,-0.9811256962508832
793199,4.820224520897688,-1.0852796824978679
793498,6.158116653344447,-1.027276116872606
793799,6.592231398071681,-1.123652958536947
794099,7.037783497640744,-0.875181652159899
794398,5.535817907719449,-1.0658511252767227
794699,5.506590532668522,-1.0662595699865087
794998,5.732520336390745,-1.0547422920390335
795299,6.014112790150004,-0.9834546824255357
795598,5.4621126935226885,-1.0433539106987153
795899,6.209690231657594,-1.0371114211799566
796198,5.3772224293398185,-1.0813127403315872
796499,5.639964862358337,-1.0604256981418705
796799,5.282698046159262,-0.9530434053138694
797098,43.48789897921711,-0.4262239325263417
797399,7.539713213919528,-0.5726336486827799
797698,7.6760374845342625,-0.624157018792572
797999,7.800456041537219,-0.48395700027082444
798298,8.991276065242596,-0.4984667422542979
798599,4.888858378777318,-1.0832540922739362
798898,5.135861435376856,-1.1206182640717959
799199,5.3103575949972255,-1.0667917963098463
799499,5.45156871870556,-0.9940366634244968
799798,5.553317472469448,-0.9630765103289929
800099,6.154420039397689,-1.0591920042093665
800398,5.519795241812041,-0.8438623016686075
800699,6.0346967109625025,-0.8190907864525363
800998,6.067947719231022,-0.8298333754079812
801299,6.481338864048151,-0.7450993891908517
801598,5.853421262990281,-0.6259209827421921
801899,6.390202004612966,-0.6578866808275252
802199,6.513582443950929,-0.63123382906627
802498,6.702800225731021,-0.6813312960722426
802799,6.707772744048152,-0.982271028520715
803098,5.978062653740282,-1.1491972509077133
803399,5.0931052706222255,-1.0500693006002653
803698,5.2787986532588,-1.0438664714014383
803999,5.008483356207873,-0.8685057625900827
804298,5.053409103254169,-0.781928534456952
804599,5.440860156219448,-0.8251125625987066
804899,5.753280591693985,-0.8519062287896182
805198,6.142626230610651,-0.8681936176190459
805499,6.591878660397689,-1.0631913710660559
805798,16.249411243449906,-0.6620580398044809
806099,101.13631140480315,-0.48444714004693323
806398,51.84083173116954,-0.44573968869445624
806998,0.7748064398719813,-0.5190882048808998
812999,12.137117111665184,-1.0587367117751292
813298,10.615994807191669,-1.2826369664423263
813599,10.943091247589816,-0.6721239710069014
813898,5.8625169627068505,-0.8373026254954061
814199,5.893322009446299,-1.2596393190413084
814498,7.9813027545157444,-1.1424127924982024
814799,6.37360958087454,-1.1469138771402099
815098,6.530532983923152,-1.048666140038283
815399,6.345191463055096,-1.049119099427927
815699,10.256500076052141,-1.0108081451156483
815998,7.551442912163894,-1.2574870819633661
816299,6.923981673207873,-0.8627923915142772
816598,8.192445361025003,-1.1798040548562816
816899,9.664795478436012,-1.2041199162830276
817198,8.606302238781947,-1.2548258118344875
817499,7.72615987218704,-1.0715533959139418
817798,8.216932331379171,-1.3189511642875607
818099,7.2056102991453725,-1.1521824442528552
818399,13.96091075293971,-1.0048566094769567
818698,6.893193262059727,-0.8539002849408328
818999,6.971007536251855,-0.9772194991085057
819298,8.068717053993604,-0.9090836217006482
819599,6.2390667767333365,-0.8699320580604804
819898,7.70802763013843,-1.125319003413372
820199,9.531677907018057,-0.8447541508183702
820498,10.10407684083056,-0.8184277493652108
820799,7.371280568337505,-0.9583780908083825
821099,31.48909757410963,-0.7219768831875142
821398,21.113956099919807,-0.772853443741113
821699,37.680564133768414,-0.6321753067573599
821998,6.901913100251856,-0.6435357736045793
822299,6.802532270960189,-0.5882805858427946
822598,8.048435308485653,-0.5705366560249885
822899,8.472423575281946,-0.5586116537689869
823198,13.771286344646665,-0.6122444169054317
823499,15.10825493488509,-0.44345730218475854
823799,30.625479848242566,-0.5939852755227131
824098,31.975464430967488,-0.5463390323999611
824399,22.220491911845738,-0.6253705099041371
824698,19.989525991625833,-0.5462068925712262
824999,18.47269968248925,-0.5306026872951062
825298,20.37039023314435,-0.5977483862948674
825599,21.467913975498515,-0.5850592035560083
825898,57.878289271087475,-0.6987015877829164
826199,72.82780475413185,-0.6936587650658701
826499,62.80976164091193,-0.6548319111005829
826798,103.27444228434015,-0.6525495789781006
827099,115.96642804943278,-0.4685618554493174
827398,132.25282907045127,-0.5486277072303123
827699,105.01635862008091,-0.5635137268381554
827998,120.30772889785868,-0.5230391102481331
828299,100.3829433721874,-0.616319564245837
828598,83.26572758933747,-0.5161463017395451
828899,104.9676090118375,-0.6167999849950092
829199,73.2323469773884,-0.5660620143350632
829498,32.272356137359345,-0.5438799622593746
829799,57.93498599972276,-0.7031076065664905
830098,56.23059218672045,-0.6190485672742609
830399,69.55532682692416,-0.5055439035028935
830698,59.92772198955842,-0.5419024597227755
830999,63.7517604748987,-0.5813755640114644
831298,71.45877041419267,-0.4771572256186898
831599,54.468074017208885,-0.5651574549424896
831899,66.62420180170322,-0.5436289008862754
832198,49.737949098860625,-0.6297211602105652
832499,45.32602631078423,-0.64745843025637
832798,51.731430887416174,-0.5526719923930494
833099,49.16289860658284,-0.5676757635352105
833398,32.612958199963515,-0.4892128581383275
835799,11.62187066996972,-0.538931328409012
836098,13.514678776807981,-0.37461073150531843
836399,11.740882705737887,-0.34933327497382405
836698,11.387339637082796,-0.4315244566011429
836999,10.141110924456207,-0.42577888413384946
837299,8.934752477650651,-0.4528001908026278
837598,8.696366235842781,-0.5271680982088596
837899,9.615835325057411,-0.5829776903278518
838198,8.038374377537224,-0.7588143351906829
838499,7.356778360962504,-0.8089654353834781
838798,7.265766492073616,-0.8302708345999452
839099,7.484553211011114,-0.8885677475904648
839398,7.379625232207875,-0.8741883861707644
839699,7.595688807277317,-0.8757824851688101
839999,7.611263081481021,-0.8978019030459077
840298,7.680752589582874,-0.8982016335586034
840599,7.784875886191671,-0.9307345791781214
840898,8.057587026969449,-0.9329779163717713
841199,8.213985082800466,-0.8996657434258648
841498,8.031700008474077,-0.8565781729025754
841799,8.313798946261116,-0.8476951282459684
842098,10.797073029675467,-0.5401419466351933
842399,9.272979379413892,-0.6399345896790165
842699,8.856327343599077,-0.729410067630762
842998,13.843807449117596,-0.50598032105251
843299,9.955948731823614,-0.7128579922636533
843899,0.5766226507592636,-0.8227397836463799
844198,0.8983330415115789,-0.23843455299194605
844499,10.803530141480941,-0.6702700995033195
844798,10.930695558500187,-0.615089439485208
845099,11.077780733789538,-0.613550366217702
845399,11.304914573671482,-0.5690455556361029
845698,12.193316839257129,-0.5806100997259418
845999,21.53983706028787,-0.44631044690201294
846298,25.90158737829481,-0.2602119361710471
846599,38.78959570360732,-0.24456249397677632
846898,62.212094261181086,-0.2824798620899571
847199,73.29573140271583,-0.28685789184796384
847498,1.804862608387732,-0.21166092638438117
848998,8.820979062474002,-0.4262748682316948
858298,21.242000818306384,-0.657903304595211
858599,12.267401411351393,-1.2349752312155529
858899,25.187043118026295,-0.8578453614748363
859198,21.47213433842315,-0.8770390631438376
859798,0.4884095228932463,-0.09909194495837292
860398,0.6303756648512983,-0.6986784200133791
860699,0.6948755623466686,-0.7702157838601111
861599,0.6076824393456968,-0.5792848772160779
861898,24.88512379027266,-1.587478768624945
862199,18.317624483474432,-1.6766551703678543
862498,14.77714528189797,-1.3499640095670498
862799,1.5225064031878341,-0.702131942281023
863098,0.7139422769282455,-0.700152942595341
863399,23.418613157298505,-1.1854663683723152
877799,7.435847756027318,-0.9152659525969833
878098,9.16751427348565,-0.9772486132786837
878399,8.735626742960187,-0.9290062909001093
878698,9.099477068622871,-0.9473614206292513
878999,8.781180822661577,-0.898525556600763
879298,8.569110975969448,-0.8099348688548016
879599,8.5005879022588,-0.8476448564141357
879898,8.779894085476393,-0.8863747846504884
880199,7.919685543786959,-1.0427288131863177
880499,6.488657020626856,-1.0362796255929094
880798,7.011304357214818,-1.0414370946335536
881099,6.3843206026986135,-1.0118406093001053
881398,6.902990464272688,-1.0054127492928506
881699,7.921719004376856,-0.9028537977407982
881998,11.533798087389068,-0.5977815058245619
882299,6.010207380795837,-1.0444420704154238
882598,6.052049649087503,-1.0601694960114454
882899,6.176873447862966,-1.0004693219314178
883199,6.1628497280412065,-0.9827665029903867
883498,6.963859372270373,-1.0402384763383692
883799,9.376583748479089,-0.9364817343639638
884098,11.186242974680095,-0.5373633251015719
884399,6.74277711494167,-1.0440470050302397
884698,9.919282519217132,-0.6651523562209107
884999,9.114987188342132,-0.6088242946499676
885298,9.09081216833056,-0.598551349788105
885599,9.184245664284646,-0.5378667470998872
885899,9.048926882316671,-0.5975999802855381
886198,9.205716046353707,-0.6647219622599667
886499,9.121923645987968,-0.7322138985416271
886798,9.400850142652317,-0.6774938980224978
887099,9.593204111316672,-0.7054106849739608
887398,9.479206714244912,-0.6485731196791313
887699,9.740163507168523,-0.7657079956419961
887998,10.411066540501855,-0.6562634850711897
888299,11.752641008395374,-0.6598349805724668
888599,14.284786139362962,-0.5349411460205018
888898,9.058851717059726,-0.8818007344239249
889199,8.49484569520093,-0.841316660938846
889498,9.4178613570088,-0.6174168681619292
889799,9.639399060029634,-0.592355788156057
890098,10.009092198198612,-0.6578630926824052
890399,10.33010951110139,-0.5764054412186603
890698,10.776787254666209,-0.6371155683671639
890999,11.831049125247224,-0.7779869232030605
891299,11.427270718217132,-0.6898387886353656
891598,10.17971905842778,-0.5815554788918713
891899,13.556612038301758,-0.6835568614986907
892198,11.065064097038892,-1.0281713603711768
892499,12.057225378497227,-1.0359548097590934
892798,12.313915690851394,-0.9731313324800936
893099,13.832798650060735,-0.924790762567768
893398,12.293705388505462,-0.9166346561251695
893699,10.844452467831852,-0.9648382147313934
893999,13.052245341375547,-0.906595856861441
894298,12.65786925872768,-0.8446572301411148
894599,10.208964210947592,-0.8589147841197697
894898,10.03091296575546,-0.8248877268435988
895199,9.66511071131204,-0.8763867941201733
895498,10.602799802893058,-0.8718745546417461
895799,11.925851261411575,-0.8213135127658682
896098,12.067890748049443,-0.8507773193207688
896399,13.037458150328241,-0.9058711771220329
896699,13.29977558383185,-0.7163065713501324
896998,11.19059572505278,-0.9303221619598361
897299,15.697175925801758,-0.9106120231607355
897598,14.157235981484627,-0.8765028823008414
897899,16.177571599648978,-0.7703483648121157
898198,16.462291516102397,-0.799895319453263
898499,13.620417512602684,-0.7438024203979856
898798,44.659648513115634,-0.5075553751370121
899099,57.958742593976744,-0.6273461599397117
899399,37.7902529533448,-0.5201424901943226
902398,4.088056866216159,-0.9060291165705814
902699,13.192090073024634,-0.8770809722081614
902998,21.824952408143417,-0.8649852222249068
903299,26.321371711411935,-1.0243785818909679
903598,12.42003004855278,-0.8503334732203951
903899,11.914800144948615,-1.0555549815964915
904198,10.157374779143058,-1.0716541952103515
904499,10.107629924851391,-0.9976070573162057
904799,10.602583801261114,-0.9177660551334321
905098,7.964831741205559,-1.302176139961349
905399,11.921808140670839,-0.9434698495691738
905698,12.250770615974078,-0.9751987546234506
905999,9.4068486104463,-1.201655126927216
906298,11.009733695339817,-1.1501998209415518
906599,10.299080151578243,-1.2574034705076378
906898,13.779841804351392,-0.8975157872203592
907199,13.044240760612965,-1.095213606512368
907499,11.70073026654815,-1.0725677874181536
907798,15.011234098692963,-1.1011142598371824
908099,13.410402252731021,-1.101021822693951
908398,22.96084733573231,-0.8011093888995457
908699,41.1840501605647,-0.7659516694804704
908998,14.132801039599077,-0.7526002729110028
909299,9.119098137409262,-1.2611790425204297
909598,10.266080169974076,-1.1231961182930879
909899,24.74153985247537,-0.48887510055651906
910199,6.9667520692592335,-0.9714497776632249
910498,12.751285480154632,-0.8547713421639411
910799,8.465341488430095,-1.1784554792366015
911098,13.882581485318987,-1.1440011206024585
911399,23.876864884335546,-1.0559964253318035
911698,30.481725720076284,-1.3741187923990528
911999,7.9409101781199105,-0.888429084480701
912298,8.074585168469447,-0.8503258752818879
912599,8.256107424543524,-0.7701774029489517
912899,8.787040405696303,-0.6514201903802963
913198,9.979610321085186,-0.5595706488842871
913499,10.899293425599078,-0.5059971532144589
913798,10.19911980808056,-0.5501662161543981
914099,9.172306113312041,-0.4259938001890835
914398,9.157275076506485,-0.3744431832486712
914699,9.911620046291208,-0.3808201426334279
914998,11.18384131420093,-0.3734367384645614
915299,11.366503900006485,-0.36560414551607967
915599,11.811885406339819,-0.35301461248996713
915898,12.40967988037454,-0.3644937236846191
916199,13.23122238524028,-0.3586816756282518
916498,11.208301943696299,-0.30755137680945355
916799,11.837253470828243,-0.3518477090176446
917098,12.443436879865281,-0.3483344375790771
917399,12.706544895997224,-0.345007913099463
917698,13.34013357641852,-0.34280789867388584
917999,13.471317176393061,-0.33261693405527626
918299,14.206426113622225,-0.3387668269547395
918598,16.753365804520374,-0.289442157816596
918899,16.780951158441667,-0.29254163897578844
919198,19.02306783393935,-0.7038358707224357
919499,15.437829095490283,-0.5044761585332838
919798,17.297729673376857,-0.6011503694979614
920099,17.36069160449491,-0.5800823310164536
920398,18.2769227645875,-0.5160077579673159
920699,18.55824197992315,-0.43875686762612887
920999,23.51785972393936,-0.5766692456259641
921298,21.588360787856022,-0.664142566894109
921599,20.93800360504352,-0.5069567652826112
921898,23.913279180835193,-0.5919223455552625
922199,0.8241545690472706,-0.3842307698802807
922498,14.873805314210191,-0.5843819712384477
922799,3.9390740282208685,-0.5656349432486805
923098,1.5516363455346243,-0.5535139705546717
926099,50.767836480924046,-0.2561099838338401
926399,57.708438311614046,-0.20363007890506024
926698,5.046931986916852,-0.7959323916773657
926999,5.908217761933056,-0.6808815680838125
927298,6.532520235977038,-0.7651268065283665
927599,6.23371491089602,-0.6922682648475744
927898,6.766627859879816,-0.9125121385071644
928199,6.57927351576639,-0.7923247750449893
928498,6.903279108120557,-0.9230017980022749
928799,6.7627460511367605,-0.9704699267374393
929099,6.853135969997872,-1.0183406468881815
929398,7.051609227801112,-0.9905131661560025
929699,7.152873402784909,-0.9848714616394403
929998,20.1604618299073,-0.34922990757613315
930299,7.033408463541853,-1.0424140171790177
930598,7.490777590902316,-1.0481740424926955
930899,7.605482255184725,-1.007836565498065
931198,8.24381727164769,-1.0219481667350103
931499,8.294451433925467,-1.050436738412643
931799,9.372129520978708,-0.9982254807143525
932098,8.778275293219446,-1.0447200801572154
932399,8.495583863507132,-1.0258801249990452
932698,8.147513716703891,-1.031581523081126
932999,8.379489251539539,-1.060695311690822
933298,8.952001726599725,-1.0021587051173015
933599,8.749562426027964,-1.0272832000788785
933898,8.78857613702269,-0.9863421543114372
934199,8.866769246548152,-0.9335049645780378
934499,9.101720868487966,-0.8507377172950958
934798,9.530915110775004,-0.8447683850290566
935099,10.214047132092134,-0.7985091889980915
935398,10.384988949302782,-0.7637960375152595
935699,10.700118916830556,-0.6940937381117103
935998,11.449642875205557,-0.6816319935146231
936299,12.047799143511114,-0.703660175531917
936598,12.682441969680095,-0.6664994793668821
936899,13.790748083733337,-0.691259062793625
937199,14.319218051596762,-0.6968466126387793
937498,29.934763866703218,-0.6172881036125248
937799,13.447718363168521,-0.8762219241315203
938098,32.329196721331556,-0.40638421276318515
938399,39.82189381430611,-0.4946424296878642
938698,46.864571056574626,-0.5646703694311999
938999,36.82550218874621,-0.5412202929152918
945899,8.101490896777317,-1.2356737050917066
946198,7.901008709714818,-1.089955187633561
946499,6.410132386075929,-0.9265584790129349
946798,6.149923253356022,-0.8942944728693789
947099,7.656770350171219,-0.9603843491571322
947398,8.12451421894167,-1.0482102256276948
947699,6.2477942189393545,-0.7429224897702082
947999,6.835737343689355,-0.8724404135057984
948298,13.989710971448613,-1.0796882069320626
948599,26.012771061054075,-0.8308901140015812
948898,27.759943509032958,-0.8048919330057327
949199,20.233677840211477,-0.9327364063107357
949498,12.86948726086528,-0.9443451983478641
949799,1.3672403719022241,-0.4041333267167202
950098,11.686832622678137,-1.0683624653455954
950998,16.92546055633185,-1.2591648600644318
951299,8.579135591754172,-0.7884253914045081
951598,7.828502447597144,-1.0160183578439144
951899,13.312577392364258,-0.44058866353212367
952198,10.216287726294814,-0.49481234764607174
952499,2.146695580430002,-0.4250769748558787
952798,5.495558456753147,-0.746949075262495
953099,1.2164595776651201,-0.640955877681455
965399,13.999142114904606,-0.553358099763432
965698,21.377122470207848,-0.691276694490883
965999,6.328176201490281,-0.6133268513266641
966298,7.253171704456204,-0.6242739184663126
966599,6.69870887608056,-0.5555061895828852
966899,7.764131149904633,-0.7459589014049253
967198,8.200485352809727,-0.7445806703756681
967499,8.139643556897688,-0.6670297538535777
967798,8.229912382589818,-0.7039273347698927
968099,8.227868617337501,-0.5886791591518696
968398,7.793551534807411,-0.5750036698290877
968699,7.604194516272689,-0.5766350518187946
968998,7.903129476640746,-0.5279843243099189
969299,7.874714216631487,-0.5167255805713338
969599,9.814861460548533,-0.9085036438910599
969898,6.7984040378745405,-0.6048738492964121
970199,7.859509364078245,-0.8098825356931914
970498,7.4020628866476885,-0.6870891758618038
970799,6.5508022147588,-0.6003474838991651
971098,7.287730730312039,-0.6497521043239367
971399,7.258439580270372,-0.632490199644336
971698,6.8269961929393554,-0.5969803507512474
971999,7.107242299543522,-0.8820188094085601
972299,6.991555654765744,-0.5703675048569539
972598,7.237788680277319,-0.608349347922247
972899,6.8693168824138935,-0.6087417355536493
973198,7.149445244448616,-0.5828859748941702
973499,7.37245516331204,-0.5662378674252235
973798,7.777909244031946,-0.6905206816318694
974099,7.833957062997225,-0.597728285550962
974398,7.600728792277317,-0.966001454590288
974699,6.347305063418522,-0.9622719765219947
974999,8.327276462805479,-1.0970799416816694
975298,7.4113056579162055,-0.9229046935280092
975599,7.591229993467132,-0.9547068499914557
975898,7.848173766193984,-0.9526493433510592
976199,8.254388679939357,-0.9850520829630922
976498,8.480800088247225,-0.9361045102735523
976799,8.124625558020375,-0.9290790742789325
977098,8.35268917246019,-0.8553556840738694
977399,8.370262941145374,-0.8367939693607067
977699,13.859219826864257,-0.8390528747668722
977998,27.162423232487967,-0.3621525919485993
978299,19.565118910812043,-0.5098519340533421
978598,73.24583354274026,-0.3524736245140834
978899,27.868750770248518,-0.45877766431720546
979198,9.6235426037588,-0.8072446859237297
979499,8.660815028425466,-0.8877864564653086
979798,8.97074992367315,-0.8639122080988548
980099,9.489730381335189,-0.8772891684334005
980399,9.752218035103708,-0.8848149765036382
980698,10.296204312367596,-0.8814768081207784
980999,10.944088897670838,-0.8813063337781675
981298,11.306484390318984,-0.8563005473950924
981599,11.930925516615282,-0.8475355803576248
981898,12.612494544733336,-0.817338440617134
982199,12.289277509860653,-0.7996239962533334
982498,12.195073053610649,-0.7912802014068028
982799,12.30322550039306,-0.7594408424314618
983099,24.549003389411553,-0.5557095222391006
983398,10.956888864551757,-0.8023426079623983
983699,10.515533362065646,-0.845748268864873
983998,11.431072799593425,-0.8717247149380531
984299,12.05497065434574,-0.7674502174765692
984598,13.15581029621945,-0.7271719843129514
984899,13.438953232034262,-0.693833861218276
985198,14.279464971670839,-0.6691432656966001
985499,15.033399937902317,-0.6179786889523127
985799,15.55812669452037,-0.6716998810234183
986098,16.259252953927778,-0.670446425580596
986399,17.429323721411578,-0.6461528996303685
986698,19.934291025753144,-0.6844153135760211
986999,21.139968469255464,-0.6271662369687154
987298,19.870974760088792,-0.6173711531854018
987599,19.007497968272688,-0.5242119160931611
987898,30.11304177248138,-0.6634402193193676
988199,40.4502179128124,-0.7100864787268806
988499,41.08633714653925,-0.7404047268887832
988798,30.48666570688647,-0.7749319417607741
989099,1.256208539538798,-0.7615179932585947
992698,20.499095066985628,-1.3139695129168492
992999,18.332076647475084,-1.2035831725534325
993298,12.832632392027318,-0.8749569884237305
993599,23.648474859331852,-0.945876489241261
993899,13.450871410492596,-0.9654598303979127
994198,13.977588386487964,-0.8983571377685118
994499,18.689401053725373,-1.045115121661608
994798,15.419443209780923,-0.9113397182735519
995099,13.819828291021665,-1.0186273227323506
995398,12.991143312709164,-0.8592863903258074
995699,15.741003446746204,-0.9768358868740536
995998,12.515627879901295,-0.9919161954720401
996299,11.48700447542084,-0.975832977442733
996599,11.408699748161578,-1.0834822787254321
996898,10.585636194666208,-0.9116236669142572
997199,8.269641309416206,-0.9190204901115093
997498,12.64278756058185,-0.8924521266734167
997799,17.668878435695277,-1.1042804516466989
998098,17.684180138199903,-1.0978574099196767
998399,15.645087995000829,-0.8615331569031683
998698,19.917304514199905,-0.9529012366330041
998999,30.607227738975084,-1.2982266526145803
999299,5.175887453571008,-1.2163427743482056
999598,13.59432949726935,-0.8658620599437812
999899,34.33491667186101,-0.7774349951031212
1000198,20.5590840248412,-1.070349357365194
1000499,27.54346409136063,-1.0428010567479191
1000798,13.269710760262408,-0.6447087163409257
1001099,25.02481815089303,-0.8359313461096074
1001398,21.460695361357313,-0.7577288449894466
1001699,27.94325613989638,-0.6904523751387612
1001999,36.741137641545805,-0.8727519220274325
1002298,4.180592980949558,-0.7214929365835308
1002599,20.701755866460545,-0.8830084097811364
1002898,4.611978578536235,-0.7205799212916213
1003199,2.9034238338636467,-0.7303652785309631
1003799,16.759815651342493,-0.6993387730928915
1004098,25.778940594937318,-0.7204990646201124
1005299,30.450135167174153,-0.8420265379041625
1005598,32.025529728708875,-0.6266042166953643
1005899,23.690515872095737,-0.7149338315157485
1006198,18.963459920470736,-0.49432900500562504
1006499,20.66955960558417,-0.5328694186615885
1006798,19.499097141761112,-0.5538414378058456
1007099,21.467727053720736,-0.5110524872474851
1007399,21.032431472381486,-0.4671433044550739
1007698,62.03294969496518,-0.42232360402332647
1007999,23.871888673289245,-0.61581397775526
1008298,48.462654772879525,-0.5391852769687664
1008599,18.627141970309722,-0.43939301443315926
1008898,18.821614821431385,-0.6022923105670515
1009199,33.643672206689715,-0.5139954756864038
1009498,32.81378464239109,-0.5629551902061072
1009799,57.05385101359944,-0.5183647722758915
1010099,39.04307938721054,-0.5876743619671203
1010398,7.07637186950059,-0.5385913709054941
1019399,5.882110408386986,-0.4830067982491051
1019999,8.084483910360653,-0.7498229992281329
1020298,8.30457499433519,-0.6966876158696578
1020599,8.272452461775007,-0.6919799257718633
1020899,8.559507256481021,-0.7264344238223752
1021198,9.250599096351394,-0.8178115692226495
1021499,8.382722457314356,-0.7632114731175537
1021798,8.938982124705555,-0.8530263343110378
1022099,9.073190183740282,-0.7453547782699055
1022398,9.38108020170556,-0.8128304311790668
1022699,9.759051951108338,-0.8465268353957964
1022998,10.208974099448616,-0.850710389792982
1023299,10.59951308791852,-0.8564573894423075
1023599,10.76786410899491,-0.8671060771847205
1023898,11.811676457305095,-0.944833648603506
1024199,12.414290042057411,-0.9231612645279885
1024498,12.020871332971765,-0.8206073619386651
1024799,12.119899623821302,-0.8821618080414162
1025098,12.541352164085188,-0.868947460009291
1025399,12.564212262349079,-0.8320454849976653
1025698,21.809215100019067,-0.8623608666748279
1025999,18.84968823771611,-0.7724252058601497
1026299,15.808223254321303,-0.8282975359492073
1026598,17.97035944723926,-0.7916606864633775
1026899,19.91314165739898,-0.8681872707865319
1027198,28.710524147602396,-0.4178026251929299
1027499,35.01864723542312,-0.38582768797266054
1027798,47.15265881978693,-0.3341805880358364
1028099,29.691327239682387,-0.5038393969322801
1028398,37.588470237307384,-0.43199243319304736
1028699,21.12537194007954,-0.5616056506435314
1028999,26.506210583889434,-0.5113947144798974
1029298,26.999454135278604,-0.5324273445952186
1029599,79.87346452688645,-0.6655225790376085
1029898,11.242873691557461,-0.6495754253131545
1030199,11.39764519640183,-0.6359378499798434
1030498,41.59692898426212,-0.6308505304141774
1030799,63.21127264727166,-0.9849182422684251
1034999,1.4135210638134743,-0.6800554262298211
1035298,29.016516527202228,-0.7259420922305506
1035599,21.61893461891287,-0.797256911027886
1035898,11.098328147170838,-1.0365276804536667
1036199,11.543311219900003,-0.8425883815345863
1036498,9.637419219606024,-0.8105889328895917
1036799,9.264879063427781,-0.9674373462999064
1037099,9.596218364985653,-1.0698134149285572
1037398,8.991109419927781,-1.0006397450002908
1037699,9.858930709300465,-0.9271409783772344
1037998,10.721171677427783,-1.0184092389373056
1038299,9.864569982154633,-0.8434651059869631
1038598,11.933616852193985,-0.9334929351338974
1038899,19.91088721442213,-1.0316022717175097
1039198,13.944896860781947,-0.9178433175787188
1039499,32.76455896890332,-1.2045738246115212
1039799,41.37004074962583,-1.0874322798426066
1040098,20.583270427553785,-0.8601580771474291
1040399,33.726854040479054,-0.9759127006258215
1040698,15.230073358570657,-0.777133167212307
1040999,16.151977228183696,-0.9165239562575669
1041298,21.696729789236944,-0.6035327282005238
1041599,11.033371263263426,-0.7089012118351239
1041898,29.80434326945222,-1.0378551073019495
1042199,13.65394229402269,-0.7332669580470816
1042499,26.49158396460037,-0.8916785332325297
1042798,12.469732414110652,-0.6353392766686381
1043099,22.13518364120823,-0.6671723369121012
1043398,11.48080344998565,-0.6165910419187193
1043699,11.028806151481023,-0.5497885650686118
1043998,11.393881033823615,-0.56161447227028
1044299,12.975322921325928,-0.5202564816460966
1044598,12.694810172298151,-0.5914375573787061
1044899,22.13738880227767,-0.8477049679770365
1045199,15.169989110275006,-0.5383116408803732
1045498,15.935281424640742,-0.500438164308123
1045799,15.989738286448613,-0.4544959017076531
1046098,15.781447469443984,-0.43614751807788243
1046399,16.299616272895367,-0.451783223275094
1046698,16.519134314684727,-0.4382405479057456
1046999,17.20890144452732,-0.427199181706172
1047298,17.697753304835185,-0.4048106341991762
1047599,17.779518246552783,-0.3890068558844402
1047899,18.419810058557413,-0.3920098911522609
1048198,18.080457719099076,-0.4064700020490297
1048499,18.59267253232361,-0.3978702759762289
1048798,18.710797240288894,-0.42103080886202293
1049099,19.250174109427785,-0.4094025012083047
1049398,18.48995183073334,-0.4115841658324735
1049699,18.302352814258796,-0.41202525931663647
1049998,17.708244685596764,-0.39541927427119217
1050299,18.828849429073614,-0.4009899935419736
1050599,18.341324013052784,-0.4058513276597988
1050898,18.8621732617125,-0.39985183178086037
1051199,19.556198099934722,-0.3974450789771884
1051498,19.698492005721764,-0.37148494852934943
1051799,19.46479734424491,-0.393400171859944
1052098,20.09028678407361,-0.43827200415770395
1052399,20.588362696781946,-0.44212830378213375
1052698,19.904538958775003,-0.4262219264732343
1052999,20.09470787583056,-0.43466479216406384
1053299,23.43714934190824,-0.5088224936204262
1053598,19.20605583315,-0.4742412674298362
1053899,13.517905643862967,-0.5741853351034854
1054198,16.242501737453246,-0.5352076701875723
1054499,16.493997477011117,-0.5041726868856311
1054798,15.720679113275004,-0.48278892560698083
1055099,16.62077018339769,-0.49579626449469405
1055398,14.077294450511113,-0.5223323941516562
1055699,16.85070321542778,-0.5793573581203155
1055999,16.016439228622225,-0.5268875587905175
1056298,16.003911978534266,-0.5163575774154172
1056599,15.36654841615232,-0.4641536365159744
1056898,14.615733283976393,-0.4549309509408286
1057199,12.824441399626856,-0.6161680797046192
1057498,13.594871686247226,-0.6176296416538216
1057799,14.371804042747227,-0.6889344265555915
1058098,13.374487775710186,-0.5122673665241992
1058399,12.257959181930095,-0.5274346355035799
1058699,10.056551688291208,-0.6143274908848619
1058998,10.428225003200929,-0.5082735986397557
1059299,9.04462719356667,-0.6267518450434586
1059598,9.801788230166208,-0.4737594949034474
1059899,10.08707305061065,-0.4708006133421274
1060198,10.676558093196299,-0.8163425808463549
1060499,9.643169868939356,-0.4891401779950355
1060798,10.243089120913892,-0.5091530935720934
1061099,7.761527264122871,-0.5627844751438726
1061399,11.248422706170839,-0.6433242234374903
1061698,10.542729667675466,-0.7535245010937652
1061999,10.130227002691667,-0.613211125728524
1062298,9.953153301034263,-0.6915819492002195
1062599,10.486061846004171,-0.8770706808110962
1062898,10.521020265437398,-0.981943014478075
1063199,10.837220569453244,-0.9711851568662515
1063498,11.246731849584165,-0.9715991589931334
1063799,9.331883174096763,-0.7140704243986877
1064099,10.430462783089817,-0.8124549450087075
1064398,10.06182197911991,-0.7006012424031307
1064699,9.957533331492595,-0.6653479576212187
1064998,10.022805703376854,-0.751204101566427
1065299,9.376209765631485,-0.6635982421803011
1065598,9.845325532710186,-0.6252782292081196
1065899,10.245887745721765,-0.5402832520299847
1066198,12.225024456564354,-0.5697393739821859
1066499,12.513013806522688,-0.6635088429335763
1066799,21.9398941551374,-0.5674274922208349
1067098,11.596175404251856,-0.6096901226089106
1067399,12.337903603987966,-0.627532482019951
1067698,12.26647805189769,-0.6162509886450467
1067999,13.356465785420836,-0.5548807803484959
1068298,12.666448244874543,-0.5718122533887005
1068599,12.925385049724078,-0.5634466635925821
1068898,17.695316511653616,-0.44857247586280646
1069199,14.006683983131488,-0.5755054163555051
1069499,21.477316294698614,-0.37987727855500997
1069798,16.675016483298155,-0.48279336337682244
1070099,17.903167182078246,-0.5146770807178696
1070398,20.471824092856025,-0.42602895342317826
1070699,17.541945162536578,-0.530185222715511
1070998,20.338360029651298,-0.4862704931686048
1071299,19.474050193468422,-0.5206024397373628
1071598,27.190799456521386,-0.45034937287041177
1071899,19.85847119075778,-0.5276588786281631
1072199,135.99025244132395,-0.25203563522778016
1072498,96.32062940694962,-0.2172594650835622
1072799,55.749370130613976,-0.3556000282516192
1073098,72.61496441036988,-0.3319668533577431
1073399,94.30167948744663,-0.2268743121075385
1073698,33.81962328082722,-0.2838862374358533
1073999,42.466603003201925,-0.25484308580164305
1074298,72.38950364059016,-0.2648829935828132
1074599,51.19534292153461,-0.25583060905159094
1074899,35.33155908499063,-0.26238741418077915
1084199,38.520253793053136,-1.0239345874752495
1084498,22.35159142952601,-0.9470377711157478
1084799,34.29979331916721,-1.0099318366540837
1085098,24.710060141415184,-0.9706621023980195
1085399,17.642352467762407,-1.3017845101168066
1085699,18.992404073526295,-1.2533000931995382
1085998,22.375775110125836,-0.9111723246469565
1086299,17.68288333076935,-1.1474146495920161
1086598,16.712536800049445,-0.9684396848701478
1086899,18.45809737659342,-1.0928938827057695
1087198,21.97364014191518,-1.0264163055784357
1087499,16.821156435651673,-1.1795037965925954
1087798,20.328666481604998,-1.0095922621441424
1088099,18.695830253475364,-1.0352188768567827
1088399,20.88720011238046,-1.1713498609514073
1088698,22.621532412479716,-1.2405893993877974
1088999,24.59999661922537,-1.0812227342206486
1089298,19.444219577454533,-1.2206190546134832
1089599,14.999319789570276,-1.2426318622139259
1089898,20.87420243964435,-0.9938498891663623
1090799,21.42067926199488,-0.8615221311507866
1091398,4.510865915187857,-0.983528065843627
1112998,22.100364336247225,-0.7288997823437455
1113299,20.764402237835185,-0.7264913361172725
1113598,19.483388251393066,-0.7183212578021942
1113899,32.458096152840824,-0.9429375912636764
1114198,22.119210659131486,-0.6933975145740703
1114499,22.152980460976394,-0.6856899030789096
1114798,31.214434063540182,-0.6798243713389651
1115099,57.580360605925826,-0.6403746901858534
1115399,80.7367186813564,-0.5449553773458893
1115698,1.3486629533229837,-0.5750707214000823
1115999,7.646934260912584,-0.35518572534706316
1116298,17.857742105851752,-0.3861884103019453
1116599,13.208085777048504,-0.493693191845336
1124998,32.31779690565129,-0.8058125911611165
1125299,56.93537742395222,-0.9381809433390467
1125598,28.621121395651294,-0.9599977720702133
1125899,29.893803506216116,-1.0041002443713696
1126199,22.543404781322593,-0.8647060009985421
1126498,13.957220921913892,-0.8728443521182847
1126799,21.949619357354994,-1.2002745836063098
1127098,10.118989325529633,-0.6946146638865116
1127399,10.387183907015745,-0.6574584665738668
1127698,14.329771647820658,-0.9073103723105092
1127999,18.973183813053137,-0.7660323509757205
1128298,11.372735055800824,-0.9559094994795097
1128599,15.512593697628148,-1.0091748778514176
1128899,14.828709024546193,-0.7828452132709924
1129198,19.651546083965172,-1.0216620106104979
1129499,9.965681951196656,-1.0161870399902777
1129798,15.045527769820659,-1.1024906573533788
1130099,17.99196477587027,-0.9081845593200564
1130398,14.695326285159618,-1.0735693612836892
1130699,8.345784432650003,-1.0025199336712722
1130998,14.559711592395375,-1.044644161138676
1131299,15.660136415291204,-0.980800501275785
1131599,17.90839988207259,-1.012996296204872
1131898,13.328731139096762,-1.0072031995464164
1132199,14.441484919207872,-0.9659971040224031
1132498,18.256691853629526,-1.0032911867128647
1132799,16.883470202914246,-1.0654794072601659
1133098,19.601559232879808,-1.097582194571212
1133399,17.998399784438334,-1.0581730377090306
1133698,20.62645267488878,-1.0263530889619856
1133999,14.640089809285936,-1.013414800130783
1134299,9.281741231973424,-0.9626230216616078
1134598,18.237462305646662,-1.0959670874648508
1134899,28.230603071155926,-1.1062863501218407
1135198,15.632283449913892,-0.837546501088398
1135499,16.231529935467133,-0.861506935688582
1135798,16.634581008191667,-0.7709942413572166
1136099,16.087673331932415,-0.7952676578508373
1136398,16.34557133949491,-0.738616960003631
1136699,19.511460653094453,-0.8149349972015718
1136999,21.39106280107824,-0.8378067293766964
1137298,16.059578743619912,-0.6896040514270347
1137599,17.184886215763427,-0.6617527961481302
1137898,17.19834804859908,-0.680359631994353
1138199,18.21359490258982,-0.667777357700958
1138498,18.770851397356022,-0.6643782468031687
1138799,18.61347666545556,-0.644027919133235
1139098,19.5102006138375,-0.5858446406152256
1139399,19.928983715582874,-0.5833440764594144
1139699,23.962339989424443,-0.726019756740671
1139998,19.197961668520374,-0.5859976195439769
1140299,26.72878563945194,-0.571893254648633
1140598,19.740231477897687,-0.5306689999561331
1140899,33.31431282764898,-0.7920928764549005
1141198,24.258897810961198,-0.6821477349682288
1141499,20.280756072025003,-0.5931063951736468
1141798,20.07541065889306,-0.5722168357056225
1142099,19.926263136684728,-0.5337916475619018
1142399,21.08059440186991,-0.5611351804544555
1142698,21.024675040592136,-0.6124116906666082
1142999,19.917601443930096,-0.6571778268958757
1143298,18.947696133793524,-0.5910431417385946
1143599,42.53999735797868,-0.6420407656557281
1143898,32.59917449572509,-0.830978243750587
1144199,26.381654508071296,-0.7401824101017502
1144498,18.10937828370556,-0.571091130363728
1144799,17.876831825983334,-0.6670259818879645
1145099,19.583852405277316,-0.6144309914755408
1145398,19.36299979657825,-0.5925524568336302
1145699,19.564987488001854,-0.5404740619790096
1145998,23.049617394523974,-0.629666662005872
1146299,19.342552624601396,-0.7045787703579016
1146598,19.47550607498926,-0.7714938991350797
1146899,14.86035447274028,-0.738233402905724
1147198,16.699279105001853,-0.849644628422555
1147499,17.484113008067048,-0.8190928015475385
1147799,15.689053517552784,-0.8096962478764116
1148098,15.61478938526806,-0.8079078659838357
1148399,16.667921285036574,-0.8546508159095141
1148698,16.14070160065036,-0.8358574684903322
1148999,13.665478137636116,-0.9877055542954019
1149298,13.588927192025386,-0.5339403747716625
1149599,5.024476409780328,-0.7318435912562569
1149898,14.550153169075932,-0.9349507076294357
1150199,16.959716035384155,-0.2673462690992312
1150499,11.850047406063714,-1.05402746183707
1150798,13.97953760281667,-0.8127394102681842
1151099,15.95065888413611,-0.7353585989754772
1151398,15.40007133086528,-0.759520650599983
1151699,14.894497429969448,-0.7141615637079473
1151998,15.714910715677782,-0.7745234354144885
1152299,13.754116948233337,-0.8808921795486016
1152598,15.59789235659908,-0.7550792013590755
1152899,14.846091334374538,-0.8475450716646955
1153199,13.117686759483336,-0.7384439776071285
1153498,22.592291682242596,-0.5936666244322182
1153799,23.76087153333185,-0.8440757133668324
1154098,23.98064195349852,-0.56467756329148
1154399,14.551588213061017,-0.7039959823483977
1154698,66.71258135360367,-0.4633112568469817
1154999,41.327616410505186,-0.3308115479076581
1155298,15.27410223785371,-0.6644141511541293
1155599,16.52475300827963,-0.6263598210239869
1155899,17.53431677391158,-0.7044504809753842
1156198,16.664904466124543,-0.6911049286256148
1156499,20.409493446667213,-0.7412609543659867
1156798,16.668034955841108,-0.8244066326263924
1157099,17.344016135728708,-0.8359990106034385
1157398,15.636816982367597,-0.726959653402431
1157699,17.443744467247228,-0.631171581697787
1157998,15.969426354654631,-0.7460360419926666
1158299,16.388714383358337,-0.5607129275793286
1158599,16.66225671501343,-0.617963241765042
1158898,17.531274135300468,-0.8367557017197884
1159199,26.629637480692683,-0.9340250471330409
1159498,25.937789782337862,-0.9227496930644741
1159799,24.502709277679074,-0.9795909063416406
1160098,20.496882840329533,-0.8915723351827696
1160399,1.858534011266312,-0.24407809161625527
1160698,61.00338635917582,-0.46631530037025426
1160999,4.080105368455701,-0.37296214602977207
1161899,1.4302764114778261,-0.3565701240664232
1174198,14.909362550225365,-1.317826813390293
1174499,25.21713298685963,-1.5549337535298795
1174799,10.027043391035555,-1.2851966616455512
1175098,12.944409420125831,-1.4479773439814774
1175399,26.617802376315645,-1.3268461907975175
1175698,27.801816206063332,-1.2545988550594642
1175999,25.56328190787583,-1.279129240510708
1176298,25.448220462905923,-1.3057466286283153
1176599,24.873064391824904,-1.618522681367275
1176898,21.216932940204252,-1.6385274829370062
1177199,23.69566831461795,-1.5262257417113099
1177499,20.779491505942676,-1.3291371216099321
1177798,24.254531305958878,-1.2716545510898336
1178099,19.66954362154453,-1.177062218170994
1178398,22.67805966504453,-1.2894657697721188
1178699,7.030641187688331,-0.9935123867058302
1178998,26.08551079947768,-1.2670921872973118
1179299,25.167961199729998,-1.2303585840054043
1179598,23.006844832375545,-1.077977131790003
1179899,36.55827158257127,-1.0460013736100713
1180199,39.20260392128294,-1.6303785042685899
1180498,8.806116673441645,-1.241843499329915
