,rmse,skill
299,0.48912854364712,-1.0974091001991022
598,0.5982798893848631,-1.539363937403352
899,0.4470726505923312,-0.8963249456930082
1198,0.49157399984624295,-1.0398085010162537
1499,0.4502084958309991,-0.739173189085921
1798,0.520843368795822,-0.8656668758797803
2099,4.515301370147003,-0.14218400269436704
2398,2.935404506939002,-0.23691631531110824
2699,1.6734748653017693,-0.20974603289195226
2999,0.448692940478007,-0.3385900113767857
3298,0.9208334015875115,-0.47707562836899986
3599,1.7108885966537783,-0.39956951192192003
3898,0.38672385668643033,-0.08125052246097764
4199,3.23672619908309,-0.34062254554422666
4498,0.45648528411002215,-0.3102917278900368
4799,0.333373554429263,0.3021915580473301
5098,0.21586856444579683,0.6466120286537094
5399,0.28503992011506124,0.44214848609183643
5699,0.23996747957413808,0.5527009741252364
5998,0.6218351277954549,-0.39392392495712647
6299,0.2708996832139642,0.6264336636804608
6598,0.26062684509652556,0.5710783911396882
6899,0.21597574586860824,0.7364955552406669
7198,0.21105571945716056,0.7534563597038311
7499,0.18244825351549757,0.8167316854245958
7798,0.29778284738410005,0.5801939882728164
8099,0.2915393347023942,0.5755555242686601
8399,0.3221412947536873,0.4461570075828182
8698,0.2381761412333679,0.6701551609240632
8999,0.2319576901364525,0.7218940113748413
9298,0.19453531869196317,0.759154254089456
9599,0.2881442527561138,0.5686656905828151
9898,0.3660721659549704,0.2621642152899669
10199,0.4222019520937874,0.034738253999117785
10498,0.42939774890460286,2.044973809756101e-05
10799,0.5124590689075875,-0.3038749875955742
11099,0.595833667708589,-0.6001190082464862
11398,0.6634758437325862,-0.7080129992617388
11699,0.6718450513102245,-0.6436962397191561
11998,0.7277664042959248,-0.7451741216504173
12299,0.8305959731028895,-0.8580444959156419
12598,0.9703510226975764,-1.0177435017469336
12899,1.0106509028918136,-0.924907991061541
13198,1.011720705725943,-0.9325219479958473
13499,1.7847985194019431,-0.9892890345308087
13799,1.337831832178575,-0.9579768435597611
14098,1.0836922886603693,-0.8506605993256804
14399,1.3949069674170065,-0.9478323262752704
14698,1.3026122247016954,-0.8600069414310099
14999,1.6563951094102287,-0.9454671672646953
15298,1.906241743086511,-0.8084805511257815
15599,1.9236296801099273,-0.9117224568684155
15898,1.8574694690143336,-0.8300787044565772
16199,1.6983313804610953,-0.8047425311479364
16499,1.8505978218730545,-0.7537161645097099
16798,1.9921929645701606,-0.8546982035495136
17099,1.9071119300422004,-0.8839294263247537
17398,1.9172052291706494,-0.8581846458117894
17699,1.608706274036557,-0.6469274060620707
17998,1.3439065129430703,-0.41162333752580316
18299,1.0815574974525022,-0.23555388865245286
18598,1.0541534621254969,-0.2208572593825504
18899,1.1313546609131504,-0.32285744984564957
19199,1.0472750802385946,-0.3019316434633734
19498,0.9489730030835022,-0.20489710968727093
19799,0.9796398303682241,-0.3667879794917106
20098,0.9306995508404464,-0.3504266973346244
20399,1.3069587421737796,-0.4097605713196977
20698,0.861383731793437,-0.3120836957951676
20999,0.9920531777309368,-0.5946744698928186
21298,0.8803126864716776,-0.4762341069277063
21599,0.8806801089323256,-0.5023321589545282
21899,0.9181195783837146,-0.5590776000362447
22198,0.9259235532193628,-0.6564389198060829
22499,0.9009608206869552,-0.5873298882091833
22798,0.8251895614300109,-0.5770699723554082
23099,0.9294168213837144,-0.7265907573432726
23398,0.8583384910712146,-0.6698905063350269
23699,1.0164108913397332,-0.8883292127117892
23998,0.8789298046499182,-0.8103865455962731
24299,1.110125949087418,-0.8614560708441683
24599,0.8434756613096406,-1.0728636461013812
24898,0.8828487640781588,-1.0453779340888207
25199,0.8523268084739923,-1.1634039954272564
25498,0.9175179260550108,-1.4114606836579293
25799,0.9336803637494554,-1.649174327588773
26098,0.8703015932008442,-1.7874726782906931
26399,0.9561047454130142,-1.8120649704076874
26698,0.9217047810596406,-1.7170702805815297
26999,0.8988063963690328,-1.8425018615850925
27299,0.8960335997972736,-2.0045145938357414
27598,0.965508285762551,-1.6148378647263741
27899,0.9350918721653293,-1.800812184110752
28198,0.8933419941838474,-1.9172034251588728
28499,0.89181052790144,-1.8776976715570588
28798,0.8650148342556068,-2.4891165946527876
29099,0.9685155198898658,-1.6225219355238254
29398,0.9661340922625514,-2.163322088429916
29699,0.9637438302301439,-1.8759539023042908
29999,1.0271103349546808,-1.7957860389741285
30298,0.9729995620681069,-2.0899135212165305
30599,1.0271411389824587,-1.8970375063900535
30898,1.0667432827370882,-1.9443037390225535
31199,0.9592693110843106,-2.9135579615967484
31498,1.0047755578898658,-2.204994176130191
31799,0.9486551611213476,-2.7978949877244683
32098,0.9461283156792578,-2.802797656423641
32399,0.9033916112741252,-3.578501119910844
32699,0.9470098962602364,-2.7547779532936074
32998,1.005644533977869,-2.652083637140649
33299,0.9832208035194958,-2.512906932760398
33598,1.389699926688477,-0.8079795869310153
33899,0.9724259696745885,-2.807842630641749
34198,1.0298849187301435,-2.3210531641366496
34499,1.6762862899091777,-0.6333551412758476
34798,0.9973788863296811,-2.3023855999206018
35099,0.9221191442231993,-4.026582643136706
35399,0.8750009424593505,-5.895111024168237
35698,1.0529035063667178,-1.8211896513972436
35999,5.64447983600098,-0.1654344353324113
36298,2.3777847201552613,-0.35764894640327705
36599,1.75100327575177,-0.512175492577188
36898,0.8239292339084243,-7.243426400540102
37199,8.551755539042057,-0.24793987086463987
37498,1.0433276904184368,-1.0543707234769273
37799,1.494398610078159,-0.3732245449169884
38099,1.750310287478622,-0.13029619657150904
38398,0.9775318145781591,-1.5120264977048303
38699,0.8445674623281589,-3.373730839644966
38998,1.0409588232378812,-1.489371310201736
39299,97.4290659434693,-0.5035756964515212
39598,0.7450086863620883,-6.19946139669404
39899,0.7203411246699586,-4.303643076311413
40198,0.7289439466954215,-5.821489700013301
40499,0.7504918111013072,-2.55461505003041
40799,0.7103187931329217,-5.315651185041791
41098,0.7169280445750512,-4.218426886500175
41399,0.719041685403755,-4.390222223117779
41698,0.6996157878551439,-2.798097676279879
41999,0.7012481462370883,-2.7120590402605953
42298,0.6866983309940327,-2.957773969557765
42599,0.8051827719485296,-1.690733883338186
42898,0.6856048156869553,-2.331562216248305
43199,0.6694578382656591,-2.4016042164627414
43499,0.639882971152233,-1.9304823713680377
43798,0.6406862359693628,-2.2883714527866728
44099,0.9894549960495884,-1.4082322725087257
44398,40.579897932535594,-0.1815617342109559
44699,0.6079644744894032,-2.398375191783447
44998,0.7254070106770588,-3.156184265907715
45299,0.5877623404177995,-2.485430485396326
45598,0.5992718729733552,-2.679218590383649
45899,0.5899616216446515,-2.4657047355650987
46199,0.543038193788963,-1.3960187475210377
46498,0.5475496014177996,-1.6847296631636581
46799,0.5516649593113182,-1.4359883929344712
47098,0.5502523295566886,-1.5070791817604063
47399,0.6056711908090032,-2.1983034922528186
47698,0.6526412003668737,-2.341395103309439
47999,0.6166453963469575,-2.223145436851842
48298,0.9248381880380507,-0.8967476371356213
48599,0.6434626392897437,-1.4745140207148952
48899,1.0136404786868154,-0.5693136547073907
49198,1.2464409147956201,-0.6404840062495505
49499,0.7386298560196634,-0.6853668263919881
49798,1.1720531941030916,-0.4385638316967908
50099,2.4741632512611758,-0.29247690234812573
50398,3.086173875368048,-0.26524365272847783
50699,5.6205888455923745,-0.21982568371982336
50998,6.079744198675282,-0.2388215307089605
51299,8.379431049392874,-0.19594778915779032
51599,6.9198460336022105,-0.2225324750570945
51898,3.1780344499323916,-0.2872050011136633
52199,9.119533379389575,-0.2375365695198639
52498,8.89612290808865,-0.24845263791943895
52799,10.963577036096387,-0.31562422993248695
53098,13.169537068572915,-0.33123202392172124
53399,9.403131552064501,-0.3166919721707353
53698,22.776751450934583,-0.295520945949179
53999,41.459468839274855,-0.19862895146537807
54299,64.90898042846236,-0.26550181428690633
54598,89.05059988887903,-0.21683385262194443
55198,1.608808083367296,-0.2648843863685124
55499,1.8147994325562822,-0.17572447201058394
55798,77.88922115392069,-0.25554181160598155
56099,52.56878482584662,-0.2876608847982527
56398,23.50853626906107,-0.30492330069143225
56699,9.623636652151069,-0.42885914132967806
56999,29.536706454700816,-0.71650189070201
57298,1.2026145068897935,-0.00747946246033937
57599,1.392187684232386,-0.14057355255334691
57898,1.5734087669314598,-0.267049391243527
58199,1.5278208988666453,-0.22067735140356315
58498,1.6344016973411826,-0.29709618735160115
58799,1.5072094905194229,-0.21249497213678725
59098,1.521830191720812,-0.23737555536924293
59399,1.5513430763296083,-0.2433428801994082
59699,1.3380795206675709,-0.09112148961484068
59998,1.0728347066791453,-0.004893015181753446
60299,0.8753209492925713,0.13863910322714923
60598,0.7412880239178266,0.26042713993548894
60899,0.5268514880743888,0.4666226660021008
61198,0.8184861586275218,-0.2657620500470681
61499,0.7704175355019154,-0.4298246344403778
61798,0.342638440960099,0.580278805800984
62099,0.41723266018463606,0.32497060421830903
62399,0.330054808570065,0.5341039952316227
62698,3.0957358045314014,-0.4244166611077531
62999,0.31669033143344366,0.6181356687522825
63298,16.01541456755263,-0.4015325849039859
63599,2.4954407928403466,-0.28655830308815555
63898,0.4112893918261153,0.3272326588723592
64199,0.38362447089255824,0.46219289503995686
64498,0.36955481233237303,0.4336300210772436
64799,0.449298331175537,0.2399298440106068
65099,0.42376903627738893,0.3071341333382681
65398,0.4168052724556297,0.2992625839812366
65699,0.437251874150074,0.2523333041638195
65998,0.4651556688352593,0.14833464503532567
66299,0.4891245723445185,0.04573699947941434
66598,0.5197481443260001,-0.23612902772169253
66899,0.5528233625551666,-0.27686306144667716
67198,1.0443380864809368,-0.7339740449790819
67499,0.610835087430011,-0.47709352511153735
67799,0.6004784742957514,-0.512599210310412
68098,0.6227761093050108,-0.8078143185035549
68399,0.6614707699624184,-1.1766506140210282
68698,0.7166082909971405,-1.3778321818945996
68999,0.8078743809045479,-1.2033983453941097
69298,0.805373583492511,-1.121166045234392
69599,0.7880851771707518,-1.223358586187353
69898,0.7741913934392701,-0.9802415641199864
70199,0.728801507041122,-0.87671112394173
70499,0.7202325787008442,-0.8368395578180248
70798,1.885846419299516,-0.24792918785780715
71099,0.7610721109763072,-0.7592514270851831
71398,0.7214746644276961,-0.35236080404069536
71699,0.7935122929022331,-0.6448949616669164
71998,0.797979721629085,-0.5898205759218813
72299,0.8320525023860293,-0.6379092777942577
72598,0.8107755140642702,-0.7184408969620688
72899,0.8792980931730664,-0.8146468641426787
73199,0.9054700057077887,-0.8019954573701196
73498,2.4474301456215595,-0.363320190321863
73799,0.8585809915804739,-0.9025953156163455
74098,0.906221108578159,-0.9131709420612069
74399,0.9360541991985293,-0.8264427082363413
74698,1.0004257171730664,-0.7955550632602371
74999,1.003124357904548,-0.857325827515423
75298,1.022334241666122,-0.9392146410161448
75599,1.0678750257008442,-0.9746398779594556
75899,1.0568803347934368,-0.8951196560792529
76198,0.9523682519276961,-1.1230330757485425
76499,1.1279603658096407,-0.8442161340633869
76798,4.526295818494764,-0.1846627768698923
77099,1.7049727820804739,-0.3621786043279751
77398,11.937565666826618,-0.2344323717658967
77699,2.097929766920752,-0.29593811811635007
77998,3.6462067907540225,-0.20107225609707524
78299,2.422323252420752,-0.27261531785981963
78599,8.405344213315106,-0.17866153304995902
78898,19.954340225067376,-0.18977259707819383
79199,9.419677153090703,-0.1828353677587622
79498,45.81831533436843,-0.1891441540043488
79799,41.13430754614041,-0.18257095465690942
80098,45.48305503111381,-0.274355744799369
80399,28.85194083724646,-0.39820532028806754
80698,1.7225939761606996,-0.48446647770238216
80999,16.218842981458202,-0.4263077165764375
81299,102.37074591778645,-0.28954187595843695
81598,8.301398887125638,-0.228861676714472
81899,1.1112616397579216,-1.5104961596418294
82198,1.1831330007278291,-1.3667595069069352
82499,1.0745942498134773,-1.9220273784411575
82798,1.0676400639685695,-1.9749371597448007
83099,1.026603308815792,-2.3816175748046993
83398,1.046881993028755,-2.4267993734283215
83699,1.0128117982023663,-2.795811767000206
83999,1.0382612622810699,-2.4978658842962878
84298,0.940091353114403,-3.63913903285579
84599,1.0209406942440329,-2.8634973639468555
84898,0.9285569834639402,-3.9210196164696143
85199,0.9522829884362021,-3.9839007320920574
85498,0.908839866163054,-5.619897043267014
85799,0.8803431241237023,-5.549365006567261
86098,0.8378172702371282,-6.028171901690418
86399,0.8749655742463873,-5.827357673936767
86699,0.8219344613135171,-6.742298073600359
86998,0.830470412230144,-6.233437871476214
87299,0.7888648862487022,-6.841137596984475
87598,0.7968954973829616,-6.969387872423467
87899,0.7571711449686096,-6.348505678335689
88198,0.7806831980727363,-5.62172749107224
88499,0.7541167445079217,-6.094914900363233
88798,0.7544580197116253,-4.905801885197697
89099,0.7213626765681068,-5.212987062173844
89399,0.7259196416352366,-5.45652607314735
89698,0.6981399988829615,-5.508921342914824
89999,0.7139817830310698,-4.230710473707986
90298,0.6663051384245883,-3.3493300395659444
90599,0.6900762685981995,-4.341327702048872
90898,0.663410870915329,-3.2578090187297057
91199,0.6580071763412548,-3.3809603406991204
91498,0.6436351734369555,-2.304375557528594
91799,1.2312788502008438,-0.5906114620473286
92099,0.6606748427263072,-2.0227489530967233
92398,0.6490664605851034,-1.0458040269257038
92699,0.6727210914531592,-2.0187931667529533
92998,0.6211756016082516,-1.9066097486648248
93299,0.6141468055226036,-1.596924423582787
93598,6.30592852935607,-0.18306618582316592
93899,1.2612109319693627,-0.4244497630297348
94198,1.800502098112954,-0.16983836214152093
94499,2.3158831970804736,-0.4296999279214939
94799,1.2834819482332516,-0.3482873870542156
95098,7.362028117618127,-0.22767672298208486
95399,2.8420884197921947,-0.11868547510273864
95698,3.5815352946793855,-0.1202700942680921
95999,6.481481280821303,-0.08416101354329397
96298,6.561681457792811,-0.08627541626949586
96599,5.578334721734941,-0.1016410146581248
96898,6.35803300148957,-0.10567958365614194
97199,5.5318321235567005,-0.10241458850133611
97499,3.0956667166162686,-0.11769076360783726
97798,1.4730831236547037,-0.2307582341349066
98099,1.5532954316509913,-0.2817789558931092
98398,2.7689579087195186,-0.3629196188567927
98699,3.887885062634583,-0.18953586741080564
98998,0.5738530426662779,-1.143972242959007
99299,0.5831350592472963,-1.30502756511848
99598,0.6007993136084073,-1.1358868083134408
99899,0.605589632726463,-1.3517063003831384
100199,0.6371462006130371,-1.3573877786926944
100498,0.6344208798861852,-1.6511923095158587
100799,0.6008669804047038,-1.195439759751554
101098,0.6425353855019258,-1.3387623619368854
101399,0.6467637068986765,-1.1179921568814546
101698,9.910883087272762,-0.21544775365481827
101999,0.7592279978130283,-1.8622170148197625
102298,0.7429760367597874,-2.0953698723800316
102599,0.8564818476586491,-0.18433773580667823
102899,0.7323874543940467,-2.41739942597923
103198,0.7616432376307745,-2.2828259343676844
103499,0.7206021700520708,-2.7074922003029274
103798,0.7260359939270707,-2.3443238660454586
104099,0.7186489233500654,-2.325297889706976
104398,0.7477786175908062,-1.933296768216719
104699,0.7233434910236765,-2.0937847951021387
104998,0.6934682069672037,-1.212486999374513
105299,0.6822458933422036,-1.257069713509463
105599,0.6880676048630371,-1.7941111632896165
105898,0.7517894355434367,-1.5710849054614626
106199,0.637368583066585,-1.4283639900483025
106498,0.6483277720249183,-1.3903372551357411
106799,0.6800306633744553,-1.4971976971606966
107098,0.6545029922517701,-1.5191292240719707
107399,0.693065272217048,-1.2249088439744722
107698,0.6961718086059367,-1.288261102377029
107999,0.7221051140087146,-1.3322534328639164
108299,0.946209874967048,-0.8246301145878896
108598,0.7703151826128813,-1.0445053381320837
108899,0.8176980221753813,-1.4363005074858868
109198,0.7992749460735294,-1.082851934272277
109499,0.822877126902233,-1.2383772792761256
109798,0.8006074330874182,-1.2990814588926485
110099,0.8412580640781591,-1.24699399683389
110398,0.8608785812888072,-1.0675984385171344
110699,0.8174675008374184,-1.427482783121992
110999,0.8553163701638071,-1.448415971871357
111298,0.8795955240226035,-1.574181050280263
111599,0.8571649981707515,-1.847601853200438
111898,0.8660533558860295,-1.879788503410385
112199,0.9481799571753814,-1.7330829581685463
112498,0.8768672954230663,-1.9892112045847172
112799,0.9243141483111624,-1.9706969038136957
113098,0.9635278809546808,-2.135245729370793
113399,0.9918514502231994,-2.106264515400606
113699,1.0074852030194956,-2.1582694512206166
113998,1.0646886071815327,-1.5205267446634685
114299,0.9447805423181066,-1.8431506763841745
114598,1.042895287430011,-1.3465815730285935
114899,1.0294443078536224,-1.2968424258597797
115198,0.984351044379085,-1.4643651506261723
115499,1.0066116406198258,-1.3045317997707575
115798,1.0544886813675112,-1.3003959343673364
116099,1.0737416694639401,-1.4490691709599322
116399,1.0845174651306069,-1.4056295546464694
116698,1.0248447660125515,-2.0133783968089833
116999,1.0360542601259772,-1.8337734538571104
117298,1.0572866034870883,-1.9033302593169497
117599,0.9711275092579614,-2.691262621732464
117898,1.0076213673482393,-2.6844543266625247
118199,0.9952569559755542,-3.0199021683341325
118498,0.9680768282324986,-3.321019391389405
118799,0.9983736780635171,-3.1115503968647076
119099,1.0143076708227763,-3.686255329629663
119398,0.9387425284824984,-4.237378000274694
119699,1.102247439167684,-2.3707937300648645
119998,0.953890075616758,-5.71363625296766
120299,1.0787849617718503,-2.684634047358739
120598,1.0105517625658318,-4.07214450599976
120899,0.9697183269709245,-5.985603136064393
121198,0.9860786198551837,-3.9367222963739783
121499,0.9691330122556467,-6.857716632880609
121799,0.9827427652000912,-6.744239142262956
122098,0.9764297739166073,-7.3401945680428895
122399,0.9854332801851259,-9.026961430299707
122698,1.0542758515207742,-6.299694958219692
122999,0.985937529648089,-8.786401396621276
123298,0.9875411119490151,-9.506821021170527
123599,,
123898,,
124199,,
124499,,
124798,0.9758480430624407,-9.401198001913155
125099,,
125398,,
125699,,
125998,,
126299,,
126598,,
126899,,
127199,,
127498,,
127799,,
128098,,
128399,,
128698,,
128999,1.861817090262071,-0.21155156250821028
129298,2.6676623000560524,-0.255989580643063
129599,1.3639181833795704,-0.6254742187872395
129899,1.4058380693124406,-0.8192040839590016
130198,0.9123036689906814,-3.7168089968465567
130499,,
130798,,
131099,0.9346390458355889,-4.467462924853897
131398,,
131699,,
131998,4.514871793500108,-0.28681790002168417
132299,7.7227254117049,-0.26296279050974447
132599,1.3350501262291072,-0.800553170730455
132898,1.2940494881550333,-0.8803398606203581
133199,2.0339342855230895,-0.36919037798035736
133498,1.084690372129338,-1.7170552897264026
133799,0.8288069228747081,-8.725594194551377
134098,,
134399,2.121983515020774,-0.3783970550946172
134698,1.0457418944675334,-0.9394362247248067
134999,0.7916041226455415,-9.80377338267036
135299,1.9835402117152183,-0.4046321052437094
135598,1.7010357784767929,-0.445173386624129
135899,1.5353378831087372,-0.5380630576272443
136198,1.5922404955914724,-0.4575877947922877
136499,1.4256365238587372,-0.5886941325648725
136798,0.587044030212301,-4.164856936033928
137099,0.559985835024801,-3.250616190978846
137398,1.2432428309883665,-0.6803089413913821
137699,0.5381081571613752,-2.5660880328671833
137999,9.697911620216493,-0.2439341776315076
138298,126.18667507810252,-0.31241054830833614
138599,0.4141468103303566,-0.5443869161276125
138898,0.3808774897985518,-0.19736305096793028
139199,0.35559462441149237,0.14764538761582324
139498,0.8662206510758442,-0.7185382829179057
139799,1.0764464624498307,-0.06858059968400387
140098,5.299283742852508,-0.20186344052555616
140399,8.994593021794614,-0.17206034165886042
140699,23.347194238459803,-0.28449955471968313
140998,2.077362756594363,-0.2962758162697636
144599,26.083584515118886,-0.284886254277938
144898,2.7105717049993787,-0.39978304509193174
145199,60.83129044171236,-0.5851215246472128
145498,12.970345139747083,-0.6156754485167419
145799,4.778113155693871,-0.5428183214086184
146099,0.7222462133967379,0.33314843252146886
146398,0.7731519547372714,0.2039981113575844
146699,0.786833087896738,0.24384762157944173
146998,0.7713835853372352,0.18171856810110576
147299,0.7633306369701204,0.16672087874214003
147598,0.74364970766225,0.20135299122968253
147899,0.7154609387062313,0.21597072244791382
148198,0.7067951736881429,0.14705526139368208
148499,0.6790297710929072,0.1588174358171367
148799,0.6447071973314826,0.07116062836662784
149098,0.9807229498945015,-0.7632580849736426
149399,0.5462141942912778,0.12978480617793786
149698,0.6621981219741482,-0.2837705451943402
149999,0.4700553934809368,0.16913677668292137
150298,0.4906444911823258,0.17927690122192452
150599,0.4470681328165851,0.2793703078333495
150898,0.5626796662129121,-0.02346889894250226
151199,0.39574353781889976,0.30786668632534975
151499,10.636712225386118,-0.3909050988224989
151798,0.421481968592048,0.3044389830056585
152099,0.7785727211290849,-0.4523806561971886
152398,0.4050929246267701,0.22344351073172186
152699,0.418185298865196,0.16806429195330141
152998,0.4243084416175109,0.16099777765353673
153299,0.5652394421869554,0.11930691384795444
153598,0.5665313034601035,-0.13635638035628395
153899,0.4697944970133443,0.029464569724946044
154199,0.5404460791198258,-0.19519751395415041
154498,0.9838287340295481,-0.1601598783065521
154799,0.5661486384878813,-0.9902972688252791
155098,0.5880021924508443,-1.4357651996794885
155399,1.4762524720866255,-0.69845688847908
155698,0.5738176360874183,-1.2048161033708524
155999,0.5885698240897331,-1.2905840698226947
156298,0.8772329716915849,-0.4197291654656581
156599,0.6053141639068627,-1.2137501553440666
156899,0.6166571236985295,-1.2675635807396683
157198,0.684551536691585,-1.3593868979627541
157499,0.7171299090480665,-0.9889631576137781
157798,0.7653136447448255,-0.8234139728544718
158099,0.7425294892332518,-0.8300645229918475
158398,0.7639904104624184,-0.7231823990909951
158699,0.790022308240196,-0.6409513423974174
158998,1.0484801680973908,-0.208082908175226
159299,0.8435904946730665,-0.3714994673291323
159599,0.7849232153976036,-0.16671653002910158
159898,0.7817782858728539,-0.09152749602199628
160199,0.9144496759237798,-0.32150853395461954
160498,0.8650284035411221,-0.2873917953446732
160799,0.8150972149878812,-0.14227466336405747
161098,0.8224020043374183,-0.28724985818876836
161399,0.8996028600827886,-0.3066121158946189
161698,1.0400704952564,-0.47652642207981577
161999,1.1255756761251687,-0.41928018550340407
162299,1.2646150444260946,-0.46144918292419335
162598,1.357281478870539,-0.5238087742981754
162899,1.7037108239330392,-0.3493722931886778
163198,1.0535891041221406,-0.4325821813152899
163499,1.047551949615196,-0.6597574322006017
163798,1.0189293695341777,-0.7038191841419106
164099,1.0821050612702887,-0.5427177449132203
164398,1.0533265635943627,-0.6851076377190826
164699,1.1288845923698254,-0.6896792253904884
164999,1.0782165034392701,-0.704811721414921
165298,1.453631313233965,-0.4899884521190727
165599,1.195566384467048,-0.675517531806445
165898,1.1403955642054737,-0.831717027234965
166199,1.8118729959739923,-0.6578604160850503
166498,1.097269595467048,-0.9204790708914337
166799,1.1760310796776963,-0.8532392229182704
167098,1.1395798190526962,-0.7279171643265951
167399,1.1737617806221405,-0.9613583248381277
167699,1.4429290920619553,-0.37132592852185997
167998,1.113427383677696,-1.1300493591154588
168299,4.855694040329663,-0.25358063961588795
168598,5.257991926922255,-0.2386700824526209
168899,8.665062144556307,-0.27107794966211984
169198,46.877908484751714,-0.36950099921165025
169499,85.11497228121773,-0.43676936017073387
169798,43.0248087345857,-0.49312798720486484
170399,15.015190906744769,-0.4256166679079585
170698,1.0699100723204216,-1.5641722258714092
170999,1.169583898563517,-1.2979035897823312
171298,1.0600294786792177,-1.7854841223591635
171599,1.0802424996028293,-1.7977076855469263
171898,1.4073555313298765,-0.9383775792177917
172199,1.114418780352869,-1.8848505192893006
172498,0.9905333523899059,-3.273175796187971
172799,1.0024643343737025,-2.9340591082887335
173099,1.0077070986329615,-3.0680749361466635
173398,0.9763055418412948,-3.2634958958839073
173699,0.9860727617579614,-3.444947740031721
173998,0.8680273754014799,-5.8470911748394405
174299,0.9025705547440727,-4.350771496485368
174598,0.9069807931862022,-4.141205979294956
174899,1.159396925003292,-1.3236824564202805
175198,0.8500038379199587,-4.022742377504526
175499,0.84090127408894,-3.6184908543770975
175799,0.759713148329681,-3.2459664614940955
176098,0.7870227630449587,-2.9092122369573477
176399,0.7714220427448257,-2.1279609787491145
176698,0.7504326401175109,-1.486601578777881
176999,1.5471372566254968,-0.2901156710875554
177298,0.7311089254346405,-1.7139254421934793
177599,0.7276513563837148,-2.0121156752616995
177898,0.6889934875966774,-1.55389396762802
178199,0.7169017645133442,-1.0859983782981972
178499,0.6889668470457516,-1.316309035194347
178798,0.6752720632841777,-0.7255155754458893
179099,0.6749642720897333,-0.6135417894088173
179398,2.082755980071152,-0.18003820247563262
179699,2.9241410107294765,-0.253215663474061
179998,1.1698568549068626,-0.6071703982701535
180299,0.6805090812286221,-0.5583169660009708
180598,2.7259124758870708,-0.3034427037258851
180899,1.5589551423234675,-0.44797314023720247
181199,0.7756967732147332,-0.6227428706649536
181498,0.9704368064426266,-0.1726631706510644
181799,0.8788576992124182,-0.29143740408492613
182098,0.7061478023952887,-0.2145370758053058
182399,2.0286348385063318,-0.4686306369506015
182698,1.0869112498703095,-0.3251968694605023
182999,0.9269614659438997,-0.3301114723408005
183298,1.2609710465950763,-0.5701590169347015
183599,1.0645490223172982,-0.24673044310321823
183899,8.525432211119492,-0.49829492153723853
184198,3.8530853115927175,-0.2739606128605454
184499,4.795334098891678,-0.768848864433106
184798,1.0401118979101678,-0.3494233363534993
185099,0.9007366574496025,-0.8971239016672847
185398,0.9568364082389542,-0.9101341903935503
185699,1.9591005645267048,-0.3963674536180275
185998,0.6806359322951262,-1.1349455901101693
186299,0.6585597126840154,-1.2106124614592426
186599,0.9175116308761448,-0.7133467267168363
186898,1.1780350747442003,-0.9199028024611617
187199,1.004647021049756,-1.132543507941067
187498,1.2070340062326264,-0.7582268344398462
187799,1.739981150927357,-0.5090676745005436
188098,1.739024163098367,-0.4553590101695262
188399,0.6216826406006819,-1.1178184103595714
188698,0.6280924525034597,-1.1962281350472512
188999,0.638795693209478,-1.278075159730819
189299,0.6082591474803114,-1.2220734219584135
189598,0.6354275525659596,-1.0970743038322768
189899,0.696612296848367,-1.489926311606855
190198,0.6758163245867929,-1.2016581125359131
190499,0.7266083621192004,-1.3641626401696767
190798,0.7379421935775337,-1.134194565506581
191099,0.7623047706029965,-1.1731838498958185
191398,0.7556286953067003,-1.13752884825277
191699,0.934914905322904,-1.0122520928144412
191999,0.9586103980914226,-1.0908808513524226
192298,0.7659020666261448,-0.5261282385229129
192599,0.7474708202766077,-0.3899955856796815
192898,0.8657317877210521,-0.6246953165529403
193199,1.2209920201175988,-0.31219643679868625
193498,0.684352815217136,0.08648496969462449
193799,1.0413282564300992,-0.4844313625388328
194098,0.7456064997055619,-0.0136526040387559
194399,0.7358029380527841,0.009714791433227843
194699,0.7343429191916729,-0.0008950192425734027
194998,0.7518573743305619,-0.022676170526694017
195299,0.842658876515747,-0.16382723688905876
195598,0.7601204338276307,-0.05477239587107152
195899,1.0425700101808801,-0.12127819957902575
196198,0.8602684294098911,-0.21226437494796802
196499,0.7950347987617428,-0.09987391928950062
196798,0.8960816571876689,-0.2860598807143495
197099,0.8299513157170479,-0.22887545449646396
197399,0.7946857226707517,-0.2426306117495678
197698,1.0742666962640575,-0.45582436266494253
197999,0.9057799515087146,-0.5034997831791783
198298,0.9195717840295478,-0.5546038992168212
198599,0.9273880082494554,-0.6824324789712146
198898,0.8505849512494552,-0.6691662818080217
199199,0.8208603844577887,-0.7858884291276671
199498,0.8677786039624182,-0.9830740741678805
199799,0.8155333199114925,-1.1219749859692225
200099,0.8462678358119554,-1.4573678798488698
200398,0.8519751911290849,-1.8820624763919032
200699,0.8355728650758443,-1.7719061646305598
200998,0.8722113801028291,-2.203022787700493
201299,0.9861124815356993,-1.5322677166449714
201598,0.9246096744130141,-1.9817375750864552
201899,0.866746106704681,-2.2972980223019905
202198,0.9557269243227364,-2.037188238550079
202499,0.9601556226491252,-2.254761357705403
202799,1.291293304440792,-0.7816457822477629
203098,0.9583395919662551,-1.6213520416048093
203399,0.9851760975341777,-1.320767450052863
203698,1.0312332385495884,-1.444442499491759
203999,1.0263685947741255,-1.4320425508659405
204298,1.016410133487088,-1.5171053361768765
204599,1.1276685530264399,-1.408418833878006
204898,1.0794912544731994,-1.4614304835783805
205199,0.9777232989546807,-1.785103175694763
205499,1.037052322315792,-1.8053375848105762
205798,1.0348388581954218,-1.614324265111943
206099,1.0192564613458848,-1.9748228728933315
206398,1.1332776754315725,-1.4316121388222696
206699,1.2881772754963874,-1.0756643013393412
206998,1.2419263072093503,-1.0114087096471707
207299,1.0470193924570355,-1.9317961469849658
207598,1.0675389399223134,-1.9700275385980648
207899,1.128824810711665,-1.743087030660062
208199,1.1217252302139804,-1.856345905193122
208498,1.1982914889871283,-1.4313711310468786
208799,1.0273110826885172,-2.416474450189376
209098,1.1750044426468504,-1.4673342662008504
209399,1.3466106633922208,-0.9722766566856529
209698,2.738116940938517,-0.3208787134685529
209999,2.1074039866514798,-0.37036054592598
210298,1.611345822788054,-0.6402293868073947
210599,2.7745814795552115,-0.374920125108934
210899,5.756868622106278,-0.25905196809493014
211198,1.0495910292811095,-3.0180015046790825
211499,1.8162130793368207,-0.5935258614164249
211798,1.4675897648505143,-0.8717599638402702
212099,1.951870621136029,-0.512414189485987
212398,1.3722888842047205,-1.0395111803395247
212699,1.3740371248598136,-0.9181793204665205
212998,0.9947439269999406,-6.444574367083385
213299,,
213599,0.9363099805254035,-8.397021362327237
213898,1.79109322596394,-0.5229519400502562
214199,0.9865238292314223,-5.710079853846353
214498,0.962798424551943,-5.687110297184176
214799,0.9808587688459246,-4.453757249234643
215098,0.9892365010959244,-4.259229248636373
215399,5.764824851643156,-0.4505272937029381
215698,,
215999,,
216299,,
216598,,
216899,,
217198,,
217499,1.5192009046630544,-0.4026430869159985
217798,0.9457686214593506,-1.4727477063828296
218099,0.9034122844523661,-3.506773936872573
218398,0.7531628116121282,-9.090962661976713
218699,0.7471318236550333,-9.859861028645602
218999,0.7300416902764799,-8.892892476989656
219298,0.7143853892162948,-7.572004607145825
219599,0.6868523854037948,-5.784021708172768
219898,0.6867575317949985,-6.375022243820406
220199,0.7015492070241653,-6.04802780940878
220498,0.6644401506468106,-4.659970179047868
220799,0.6256836678574985,-3.935785614923187
221098,0.6361206712162549,-3.9567928934927705
221399,1.0156583435866653,-0.8135236728298063
221699,0.6274097558435697,-2.8725516258710253
221998,0.5857677352394031,-2.8163738320385163
222299,12.22112061544604,-0.22026303231136524
222598,47.6740601241638,-0.3141961664668864
222899,38.3794093011402,-0.30350901627845417
223198,59.27926355243002,-0.24224072934104446
223499,30.38096442336449,-0.23526905871552395
223798,33.8200591980042,-0.23636788092614291
224099,41.297426662443435,-0.2708546321609451
224399,44.107968444615786,-0.260532737931519
224698,60.89177513260295,-0.25473560862577305
224999,108.51112556538766,-0.2738142233624079
225298,161.43842094145077,-0.28654323986894803
225599,112.97421881489923,-0.28589432345522847
225898,109.20496898965261,-0.23874834819898005
226199,111.47934255754612,-0.28329340056113983
226498,65.50750293226035,-0.28020795655783015
234598,5.986259593493959,-0.5506490220709699
234899,57.52958064805495,-0.3718044024763356
235199,10.466698441892945,-0.5483785825655514
235498,17.585675985649893,-0.3808675039263776
235799,14.530488612230913,-0.4256083269089437
236098,13.008172456242482,-0.4168841893565991
236399,1.4952767872069228,-0.3382737864759642
236698,1.256173513477756,-0.18853284416299698
236999,1.6945991026703129,-0.39088829177503004
237298,1.539023876693034,-0.35129249406455654
237599,9.411311211316526,-0.519644397876784
237899,1.451327276782592,-0.6776210766455968
238198,0.9975708935224158,-0.19805236068799514
238499,1.023327269378316,-0.3569288486929474
238798,11.831189667155302,-1.441138949028459
239099,33.23221619609662,-0.5597898731738613
239398,6.131346233919157,-0.33566113919772733
239699,4.4185103356957764,-0.32010659013169396
239998,19.619900084124822,-0.3672788742407107
240299,7.535124150922913,-0.6940110111458642
240599,2.2289051526948267,-0.30552986937597004
240898,4.151898093304771,-0.5336480391922498
241199,12.711993195554463,-0.353966769156594
241498,3.812057256386871,-0.40822054241824857
241799,2.9057715627931575,-0.35022301993447824
242098,1.2615800927969731,-1.2428696428280723
242399,8.76360397844716,-0.6110607556361562
242698,14.258609815742513,-0.7062774122561681
242999,18.090564991506245,-0.5195126177183855
243299,21.53642582322631,-0.6342651505097325
243598,22.90411455865432,-0.5721565501945216
243899,14.013317511526687,-0.46223296602152253
244198,15.766242691622145,-0.6139602724290103
244499,23.82852675473557,-0.45537543891756727
244798,42.27637168057987,-0.2980001435419113
245099,34.5147497151476,-0.6690791166121504
245398,34.96821962850177,-0.6147552590950589
245699,28.831297161096682,-0.3812818820373196
245999,24.452045064022453,-0.46813498009068444
246298,57.672599486647606,-0.3590013561323717
246599,59.20055323292307,-0.4341198116637395
246898,88.84153995042077,-0.26121569364892916
247199,49.58750447132037,-0.4293683032041753
247498,35.333346414899765,-0.6430063577753453
247799,3.482985622413418,-0.31007147347113495
248098,44.91623284061057,-0.24457044176787957
248399,19.282808304774072,-0.30367317096292035
248699,12.708520434259084,-0.423610634605909
248998,5.407990282888452,-0.5587697372748035
249299,6.483228645401725,-0.46169509342580195
249598,6.316659165349099,-0.5038007738986439
249899,8.383030684300323,-0.4486675796689241
250198,7.694906146742609,-0.4876834527624221
250499,9.301879611494924,-0.5153732009558234
250798,9.739861464485507,-0.48261274556363376
251099,11.855875788689211,-0.49298020893564276
251399,11.013679562497238,-0.4855416571179374
251698,9.76867786523335,-0.462616282866005
251999,12.391662870802794,-0.3142531869391414
252298,11.53152961591134,-0.394614520921575
252599,13.631214802867397,-0.3237965692709168
252898,4.635256281162137,-0.37374839156781325
253199,1.413723317725214,-1.0383218381673949
253498,1.291524464420419,-1.128483734247574
253799,1.996291339021938,-0.31915135152115615
254099,1.3251936297736469,-1.0976403155281393
254998,1.234511519854433,-1.1896552055523926
259499,1.2741704142147332,-0.7552646682953053
259798,1.197152919364403,-0.9671914205882544
260099,1.2042662794438999,-0.9413390445314853
260398,1.1847676385063997,-0.9767042368862451
260699,2.0070566017635003,-0.49064777763776224
260998,1.2284326059161217,-0.9339493435151609
261299,1.0092951606074587,-1.325506379856371
261598,1.05176325565144,-1.181651812997098
261899,1.043929771566585,-1.3510626324171788
262199,0.9440817597679738,-1.5460688333233708
262498,1.0114982175040848,-1.3710864100125697
262799,0.9621068736468104,-1.5575857149396164
263098,0.9306291219616255,-1.692928717401835
263399,0.9018418371013072,-1.851284659526239
263698,1.1989214781707518,-0.9046629510784496
263999,0.8551446722401963,-1.5201166904436274
264298,0.812427599654548,-1.6546976015575208
264599,0.8249507232563996,-1.659069111347058
264899,0.8528382800827887,-1.4153873028469466
265198,0.8121843466522329,-1.251761345553418
265499,0.8166780884647331,-1.3842566975398758
265798,0.8027182423327887,-1.0959890100843532
266099,0.7490839429230663,-1.0449343873964998
266398,6.492196774113985,-0.2806139992773895
266699,0.8045245875966776,-0.2620616571065646
266998,0.764969031129085,-0.10116550615851638
267299,0.706600524640659,-0.19760224002967663
267599,0.7429238454739923,-0.3976179773007744
267898,0.7184380666128812,-0.19094000767433328
268199,0.8068050848497057,-0.17086774951532258
268498,1.4047685760664115,-0.38466959969276004
268799,1.1658853558582516,-0.7239824833545181
269098,1.504749566824956,-0.4368930410663445
269399,0.7102611633304738,-0.13256477138003842
269698,0.7017077723767703,-0.09731209681102682
269999,1.074186638958502,-0.2623281012205527
270299,1.7273307457410652,-0.5843139287441046
270598,0.9433470916452885,-0.40224128633560663
270899,0.7032890340573257,-0.10582115781654466
271198,1.0734853018961577,-0.21584695206936533
271499,1.2415397302052278,-0.5312869202899047
271798,39.21435248987671,-0.3912637523371558
272099,0.7580910129955389,-0.034812007923900934
272398,2.6745358141368842,-0.28030658778404316
272699,0.6721617945034597,-0.09368055895189142
272999,0.6552867832511446,-0.11323416750851112
273298,0.6127568945705892,0.06046324374394352
273599,0.6665090519016077,-0.06138862559062974
273898,0.6440526643391078,0.03857694349280971
274199,0.6941420078923486,-0.10560798105008629
274498,0.639978848172441,-0.004940973359739642
274799,0.665567234197904,-0.10291842914008864
275098,0.6712500122164226,-0.08977663436921035
275399,0.8644211229925989,-0.13488228671509872
275699,0.8077272225173484,-0.40281121230285133
275998,0.9925021187141078,-0.8817914479529536
276299,1.068926706788182,-0.8546619703444127
276598,0.7429820419895705,-0.23991448102810908
276899,1.3267457998067005,-0.7005135792455792
277198,1.186054216834573,-0.8573463414768392
277499,0.7391251827743878,-0.27017363791476723
277798,1.898423910356993,-0.5432609701085018
278099,0.8016994617790174,-0.3956666608607622
278399,0.8511225368091101,-0.4007783000313567
278698,1.064183041985036,-0.7623584003669677
278999,0.8975393831540176,-0.41233986101345144
279298,0.9967902160729989,-0.6020891452374129
279599,1.0629286959252418,-0.5312445467005809
279898,1.4246349335710753,-0.8361813461241403
280199,1.0831325015704047,-0.4044306202948471
280498,1.0212254721752418,-0.35745337305060465
280799,1.245490470047564,-0.4696204285829466
281099,1.3067791212184972,-0.360115878410308
281398,1.3589693598759045,-0.33968899442848044
281699,1.6605982043272935,-0.47607894306975407
281998,1.6862912771999785,-0.457505596439739
282299,1.9242590273759046,-0.5196798594298682
282598,2.942150913672201,-0.6323788372132222
282899,1.9274390344870156,-0.4988117684964086
283198,2.2638390085749784,-0.5934620881224899
283499,2.00417980942683,-0.4461121615049908
283799,2.6356672575402564,-0.6196990150821566
284098,2.5990801107509047,-0.6316113717216143
284399,2.4706256534222004,-0.5472254673871761
284698,3.115786048403683,-0.6398513671738071
284999,2.595628699572664,-0.5634045118597659
285298,3.2255535667578488,-0.6429512093371632
285599,3.2345024146884045,-0.6573588317708348
285898,4.0609305797370165,-0.6848111133090908
286199,3.8933386307092377,-0.6684762263963948
286499,3.414273717896738,-0.65658041218872
286798,3.7335214718689604,-0.6723303164460968
287099,3.108711815903682,-0.6243479943079435
287398,2.549096106049516,-0.5987711030276404
287699,2.170034440959238,-0.557459139880744
287998,2.1604107223110898,-0.5713998124488768
288299,1.584276230868335,-0.4432982076288292
288598,1.2526079519588442,-0.4196082725955017
288899,1.345252766590149,-0.49251711196761305
289199,1.4179010799271679,-0.5349646586596906
289498,1.174131374817454,-0.46433067048595156
289799,1.393591627757269,-0.505767344711346
290098,1.2886305849556294,-0.6706879709100484
290399,1.2163479604185925,-0.5517972545371685
290698,1.2841924436824812,-0.5955911163534415
290999,3.9784763901369047,-0.4306498101060745
291298,1.1743524352702885,-0.656352192941277
291599,1.0821760291730664,-0.6079461660570002
291899,1.0918716322563997,-0.6253629694913316
292198,1.1678899055341776,-0.7134268009872782
292499,1.3373724075133442,-0.7224316463164047
292798,1.647184176418437,-0.6970258270177092
293099,1.293559312339733,-0.7069441464259352
293398,1.3277098918235293,-0.6624962333307216
293699,3.1151513297431017,-0.582130980831792
293998,1.5516313907494552,-0.654481774239591
294299,1.325181298293437,-0.6660274687534151
294599,1.4535800235179739,-0.6793331305779151
294898,1.6627834232263075,-0.6200005374279012
295199,1.2319481548212146,-0.6874626339575518
295498,1.3776045211013073,-0.7127911504827211
295799,1.65980617993927,-0.6338324647274896
296098,1.2857027718397331,-0.7179586232077193
296399,1.195317896737881,-0.8368226517036912
296698,1.171275207316585,-0.830069441968897
296999,1.2674199156753811,-0.7600606046206992
297299,1.4664250048929737,-0.697568525396131
297598,1.1997372213003816,-0.8185861710182929
297899,1.3213050754855664,-0.8250436461433084
298198,1.1536144624878812,-0.9161691727383341
298499,1.1461146862702887,-0.913967649168707
298798,1.20373501575177,-0.8947595973871731
299099,1.2149173401753812,-0.9231859519139263
299398,1.0574762136476035,-0.987141403462301
299699,1.0506207369184368,-1.0520217445276039
299999,1.082141009902233,-1.0487077994589784
300298,1.015349470027233,-1.13189345366095
300599,1.18086035840144,-0.9965477715028186
300898,1.100580978000977,-1.111885449454363
301199,1.0200264604384772,-1.2232551971591374
301498,1.0232218890712144,-1.2279294819569642
301799,1.0815486803003813,-1.246139452537427
302098,1.0609270339253813,-1.255024229625819
302399,0.9507283334847734,-1.5554212794518132
302699,1.3882838652880143,-0.764018916333091
302998,0.8457094634948257,-1.3430219691739556
303299,0.8566641375773663,-1.695738315755344
303598,10.150720285202533,-0.44206444708545245
303899,4.2196337783615565,-0.42747508484948615
304198,0.8192935533397331,-1.6372280506982593
304499,0.8229100687332517,-1.420838571485315
304798,0.7883981352494555,-1.4861247407130955
305099,0.803480065617511,-1.2857033685492967
305399,0.8271207369091775,-1.4823176650324053
305698,0.7902928417031592,-1.5152332843345961
305999,0.7937712872818627,-1.065672772127067
306298,0.7613695886985297,-1.193493927374008
306599,0.7733242025712145,-1.0885404782502341
306898,0.7455062637101034,-0.9173801666108279
307199,0.7456263336638073,-0.9077819669595755
307498,0.7814049858605665,-0.8651053526541639
307799,0.7429930256198258,-0.642617170506673
308099,0.7168333396522333,-0.49827580542624106
308398,0.7078704399230663,-0.3067188379946699
308699,0.6881626079323259,-0.16307371087911715
308998,0.7036658083466777,-0.34014727884187
309299,0.6975325631013072,-0.3003422794777839
309598,0.6727132198026963,-0.23097355465310287
309899,0.6398294231151962,-0.19631121885397684
310198,0.7009142495642702,-0.42259432033701505
310499,0.6557519504438998,-0.28353386181028295
310799,0.6270112129369554,-0.264310688671217
311098,0.6317586106753813,-0.48377187686250056
311399,0.6277267733721403,-0.47607992324123427
311698,0.6098567906499183,-0.406467093608158
311999,0.6104453269601035,-0.4531451470969905
312298,0.6145614718952888,-0.497784092953909
312599,0.624763660113037,-0.4575045032450986
312898,0.6343605256338704,-0.5934913681755596
313199,0.6336820705366482,-0.6065886271473468
313499,0.6492246790852592,-0.8096437010284072
313798,0.6482996534718333,-0.639004195264324
314099,0.6173553636292407,-0.7675502437617516
314398,0.6618600094773801,-0.6197171485429831
314699,0.6292516114681209,-0.4897544102482472
314998,0.6889794924889542,-0.431685822657935
315299,0.6432951810861764,-0.3349245859083425
315598,0.7812991739264542,-0.32137726986514026
315899,2.102745950984325,-0.23573860179848327
316199,2.499236725758066,-0.3019094749401905
316498,0.7340307294733671,-0.17526192481312552
316799,2.4156910209963876,-0.8544520153910515
317098,110.4232324777255,-0.25135456639231
317399,74.19173173692228,-0.26525558897659507
317698,94.57302383806694,-0.14868035569857763
317999,101.75840947007909,-0.22912746816802998
318298,52.22206046427121,-0.28560613236738974
318599,64.21103868425004,-0.21918005691516895
318899,39.09598282620543,-0.26844417659790953
320099,1.344477677024053,0.04573165707458693
320398,13.951924222923008,-0.7242620270856286
320699,19.71864578969153,-1.0895339317182726
320998,14.602517356734703,-0.9050543238508886
321299,39.999720261872085,-0.917660378252942
321599,15.071616475741646,-1.0615341692442537
321898,22.86439651382251,-1.277400184847349
322199,10.122119410338867,-1.1388421792570167
322498,4.895749938593496,-0.4542829956160934
322799,6.275051101345811,-0.6650299475102572
323098,6.216962498662941,-0.6039165633485171
323399,8.362747975091182,-0.7988676110596116
323698,11.157221530251741,-0.7589922750937663
323999,12.552786055860539,-0.865986107626767
324299,13.579392898825816,-0.8017440925721291
324598,10.83275998807813,-0.7839631267534259
324899,11.307336158304981,-0.8085250233756913
325198,10.60537583277026,-0.7808158209673919
325499,9.270809325991644,-0.7603906496293462
325798,6.834023067818033,-0.7000824127577663
326099,8.006986264158309,-1.0680792966667925
326398,13.707247492990167,-0.8518117125325766
326699,5.393768623160627,-0.8396419750385808
326999,9.725789991879058,-0.9818423487613295
327298,11.082415965270261,-1.0669188802718463
327599,8.509629094925323,-1.0763990877047713
327898,19.465628515067873,-0.9625815458110565
328199,44.98159735992763,-1.3801776375931016
328498,11.05626146286054,-0.6835879375702043
328799,13.281240803235509,-0.9128680467587129
329098,7.5359586940527,-0.8139771481593066
329399,4.016757469662745,-0.8902971996754223
329699,28.36212158350693,-1.1559357039953837
329998,30.573887660152202,-1.2271781702339277
330299,10.182335090223996,-0.8138710440997918
330899,1.1046737852405657,-0.9358752425571548
331198,1.288551434349038,-0.3876407017537129
331499,2.3601422857416683,-0.5902678448686589
332099,1.0277435470190173,-2.327454012200331
332399,1.761049647445281,-0.27829057435811033
332698,15.28760007836885,-0.5815177506564917
332999,8.348104019327065,-0.7361899547199586
333298,17.994085617389068,-1.0108658372528687
333599,10.9425005006675,-0.6449152089322201
333898,15.419854533644447,-0.6746400150679372
334199,30.348417396957725,-0.7998600202544888
334498,38.05903692208274,-0.9933969353635523
334799,39.6552178129531,-0.7378243614278985
335099,23.95269659310076,-0.7000940016436583
335398,19.399308615307696,-0.8274055851044193
335699,14.07771161319427,-0.9604996645258015
335998,7.088388243925156,-0.9908185500948135
336299,0.9821192938451233,-0.35021585207835537
336598,2.721558496869702,-0.6188054641302343
338399,1.1114782962691954,-1.3894997381778342
340199,,
340499,1.3493670777275288,-1.3069240202610186
341398,,
342598,,
343199,,
345899,3.1689808288076726,-0.20997272980313042
346198,2.3003381636756175,-0.18717963407422933
346499,1.6621123724855664,-0.6081869676705538
346798,1.5616817402957515,-0.6281711671587111
347099,1.4202784157517703,-0.7001529631894756
347398,1.355045063441585,-0.6740235836253352
347699,1.401201602888344,-0.6902385580614896
347998,1.4633798317077888,-0.647120275667938
348299,1.2781872772147331,-0.7942953393158503
348599,1.349996838691585,-0.7747767731930926
348898,1.4284256052332516,-0.7588289867708262
349199,2.078916716066585,-0.5080033675028186
349498,1.3251639690665848,-0.8081365967841851
349799,1.167085273154548,-0.8605612357091321
350098,1.158494771353622,-0.9720970621399294
350399,1.1568350862911219,-0.9516151626428309
350698,1.1803802960897332,-0.9400479949140845
350999,1.1638663991939,-0.9406504330066376
351299,1.022495216392974,-1.092106456969447
351598,1.011643609214733,-1.1099083032184915
351899,1.090611437214733,-0.8739005169056442
352198,1.009926308830474,-0.9872997559456003
352499,1.2861155529676063,-0.944559963846711
352798,0.9822213531082515,-0.8426132071618795
353099,21.9143343308874,-0.2908555117592728
353398,0.9145872005943628,-0.5951224679923903
353699,0.8829375197193627,-0.5655949895256243
353999,3.1288685492079447,-0.330715709571215
354298,0.8932390904045479,-0.4195651594225811
354599,0.8636651979786221,-0.2711367370974327
354898,0.903672195009428,-0.1822261610421212
355199,0.8602984084214651,-0.062202433391584044
355498,0.887826179446928,-0.09072918353037407
355799,0.8905206608731819,-0.0855537212507167
356098,1.0621195959631315,-0.4090284232567212
356399,0.8736559165636834,-0.047860092656183184
356699,0.9691472454872945,-0.1414059755965842
356998,0.8402990380629969,-0.027920086500426544
357299,0.988031123895798,-0.1534863252994194
357598,1.004867150225557,-0.11525830613595955
357899,0.9674160234915988,-0.06240587038020973
358198,1.1206897171142451,-0.12156056488550404
358499,1.2117471824444732,-0.15852572126345654
358798,1.1173056845795228,-0.15395385814849027
359099,1.3042653857929034,-0.23348075614657327
359399,1.2432753716913736,-0.2172555205524751
359698,1.2514919581966215,-0.27576508621274853
359999,3.8967910624453483,-0.49961717181311727
360298,1.1465138191643092,-0.24106822903388636
360599,2.1005334531305344,-0.5946246816900105
360898,1.7335154137115527,-0.6129202908096452
361199,1.1902815840425713,-0.28405201127499424
361498,1.0723325518586972,-0.19830262869769144
361799,2.4841874773550714,-0.7872645452083524
362099,1.4601905172995158,-0.3928858818491827
362398,1.365095179473127,-0.33757445194256563
362699,1.5973646652485898,-0.4213934912044266
362998,1.6917349524152563,-0.4159280828011891
363299,2.4271749897509043,-0.5870550778033432
363598,1.9130313993597008,-0.518259872318438
363899,1.9500373730472012,-0.5032111170006934
364198,2.3242348510286823,-0.6122330415555932
364499,1.9249225555286822,-0.5532373074264543
364799,1.7086013602647936,-0.4906753516294584
365098,2.3621971145958116,-0.6968431423208532
365399,2.2109819865194233,-0.8459670197826514
365698,1.7669035898087748,-0.5436825464593824
365999,1.5897322573921082,-0.47985855260133325
366298,2.4390556411675717,-0.9070107111508405
366599,1.8412914402115526,-0.5493291262830033
366898,1.6599778107925713,-0.4775702126091015
367199,1.8726163549129413,-0.5591055889183829
367499,2.230426644558775,-0.6173471693836012
367798,2.128326829954608,-0.5291452074866458
368099,3.630911527899052,-0.866235800239803
368398,2.771042631195349,-0.6400310677214291
368699,2.6429346384546077,-0.6182966892757797
368998,2.4367440639013673,-0.6147715627563317
369299,2.226020590649053,-0.5675219226162715
369598,3.0304699382046083,-0.7159736704071564
369899,4.482674137209796,-0.7806003042466818
370199,3.228243711665256,-0.7101773784146332
370498,10.634637118332481,-0.3363570134198217
370799,5.403561297776367,-0.6393341908994499
371098,7.010325616819003,-0.5680634525654622
371399,6.261634476677388,-0.7390260021879433
371698,3.5159019720425713,-0.6294837431794662
371999,3.876562870741645,-0.701677787556301
372298,12.966129064328506,-0.26246300993187277
372599,14.274583535850335,-0.28010883572618606
372899,8.527295566883817,-0.4587396171972231
373198,10.686718542924407,-0.32432476714913316
373499,9.458214489023543,-0.5411028280911632
373798,12.189654767341988,-0.33253048549122055
374099,7.59288943776197,-0.8499573969332139
374398,7.327319900092149,-0.925216966097212
374699,10.841089844440212,-0.665458547943407
374998,6.757429338705165,-0.9895258901100694
375299,5.751590071080167,-0.9710185283347714
375599,5.969588551061648,-0.8095844746181475
375898,7.932853707754187,-0.8615781121317256
376199,6.192035796494518,-0.9048209578555961
376498,3.868849358290256,-0.7555040329505958
376799,5.84755374734637,-0.6991911102414976
377098,3.051198280068034,-0.5864084256333812
377399,3.2481765218458123,-0.6311953603804836
377698,2.360637050079608,-0.5771796175605772
377999,1.7190521150674092,-0.5276660948802963
378299,2.101055464319117,-0.5856488296531805
378598,1.7132579804625403,-0.4880375213783803
378899,1.85833196932497,-0.5276893720019453
379198,1.864289865051666,-0.5412570072958351
379499,1.8463703723543692,-0.5035339834525345
379798,1.868045448076592,-0.512594952050198
380099,2.3023029520279805,-0.577772320473602
380398,2.015015978858999,-0.5373797155722486
380699,2.146856373581221,-0.5741389524123612
380999,2.224888814426665,-0.5782886660874431
381298,2.188578571109536,-0.5824551092494887
381599,1.8286912740511287,-0.5176732144891774
381898,1.8358398840999952,-0.5754714776351104
382199,2.2590667699199773,-0.5855236681193747
382498,2.2661970409006655,-0.6068286303087491
382799,2.318034110340481,-0.6124311627047931
383098,2.6285144547039065,-0.590843347630785
383399,2.4213298347699803,-0.5976308010058888
383699,2.726910143132147,-0.5806156831642826
383998,2.624121026252773,-0.5821348999862506
384299,2.6808052217458282,-0.5644174204713837
384598,2.933198322562958,-0.5258244791547997
384899,2.3272817547857176,-0.5667526310705904
385198,2.3761546967032863,-0.5556538401525797
385499,2.256017021802823,-0.5520394262932165
385798,2.0077853328870194,-0.5845059316761767
386099,1.896422133750808,-0.5975312345128059
386399,1.8641708310742429,-0.6258001655036503
386698,1.862393556730937,-0.6000368682487376
386999,3.9780012688887996,-0.40873914693990065
387298,2.519718949458502,-0.49871697027674156
387599,5.892106124721437,-0.6676063922758766
387898,14.371960740693035,-0.2304149092648411
388199,1.4979810169809369,-0.6657812573799715
388498,1.9081100880619555,-0.5352617275412799
388799,1.6717126718929738,-0.6081808320764985
389099,1.2927493828582515,-0.6566878177388751
389398,1.3231106272332518,-0.7076168380655821
389699,1.5132501428675107,-0.6672188920735875
389998,1.4406842685179737,-0.6710343670183934
390299,1.2758043229716778,-0.6689661006575247
390598,1.5372544046267702,-0.5862968130723265
390899,1.3193240757494555,-0.6932527131027806
391198,1.1785746579809369,-0.5831377546825978
391499,1.157350315978622,-0.5964149933724778
391799,1.1685977760087143,-0.5585091272850595
392098,1.1332709309793352,-0.4429775584057618
392399,1.1245867920140578,-0.4827570050949026
392698,1.0475152365904465,-0.383068045201028
392999,1.0386699347964652,-0.3737966704500908
393298,0.9575914564515576,-0.3196069083150723
393599,0.9617122295696132,-0.2739561552198613
393898,0.9071507847663725,-0.210790916826314
394199,0.9304983974955392,-0.14923521991738875
394499,0.937736237558039,-0.22599636638835174
394798,0.895462746858965,-0.20532411028498565
395099,0.866589274148317,-0.10664570004112206
395398,0.9587521892872056,-0.20626946450556316
395699,0.8474260080487799,-0.09691828039827022
395998,0.8598658471737797,-0.15760362607221534
396299,0.8609310653844279,-0.1712128991751689
396598,0.9192034283265578,-0.1832291155335415
396899,0.8930365291853539,-0.14466036695399076
397199,0.9086082773797983,-0.16105026579155135
397498,0.9396936207270203,-0.19267161536343402
397799,0.901587579122854,-0.1389247456542957
398098,0.8558398646436872,-0.10532109740032025
398399,0.8440080114353541,-0.10749342779976456
398698,0.8443981473497059,-0.09932262461883345
398999,0.7607977417666381,-0.030617499825659866
399298,0.8854023396668353,-0.2370125925076041
399599,0.9476998159098908,-0.3128644209295659
399899,0.8010186024909094,-0.17534540872524884
400198,0.728429553529548,-0.08320324982773641
400499,1.191829955791122,-0.459101529895346
400798,0.9136283428304739,-0.5493628848430334
401099,0.8154621476638071,-0.3833731124363313
401398,0.8243276312866482,-0.3825489622601226
401699,0.8520104372357221,-0.47261434754892484
401998,0.7871878328861852,-0.2949828943444428
402299,0.7557653655459075,-0.23206181573888962
402599,0.7846484732033149,-0.29533963769539184
402898,0.855455330800537,-0.514437239169371
403199,1.197831886064426,-0.7696955285582203
403498,1.3191770800204443,-0.7495473746658803
403799,1.032244398450219,-0.5633166063472597
404098,1.025125439814426,-0.7488131622526317
404399,0.8739603648715153,-0.6981544717840498
404698,12.774805550714952,-0.5465076811087981
404999,42.37502111554367,-0.22157353954123904
412198,2.612469412218185,-0.3910981171426653
412499,47.1348570462795,-0.5626945040552296
412798,51.57664585683735,-0.7880922873566492
413099,33.696317664469305,-0.7734021965281732
413399,38.78396927148916,-0.596008296302881
413698,14.476794555365169,-0.7982522817624753
413999,11.563787910469335,-0.8037765397909045
414298,13.394048032765632,-0.7965269206515049
414599,13.321621344598963,-0.807904031255309
414898,10.709139748080446,-0.7187506949688967
415199,11.736210911281836,-0.707417931250528
415498,12.228194658772576,-0.8116230653234853
415799,15.642074511541093,-1.0800959580832177
416099,62.230942783767915,-0.6007782295660931
416398,7.431275285799288,-1.325391938726764
417299,2.948673669839344,-0.3469756154046679
417598,57.00939482959893,-0.665003473734372
417899,1.5020046119231318,-0.659286910436431
418499,1.878180103501381,-0.42172159588783265
418799,0.9438643237293621,0.041580404387581815
419098,16.2277143580054,-1.1081101329154013
419399,4.366164551099989,-0.8456040269521663
420298,1.245881651637073,-1.3366786292177526
420599,1.1522379239565173,-1.4211900361084866
421798,1.0547435591391552,-3.129911946582638
422998,1.3750502553312849,-0.9383747814860206
423598,1.6533997106648506,-0.5094315365015951
423899,2.532440329146804,-0.4092083018589123
424199,21.56130515490858,-0.524685302353294
424498,11.241343352189944,-0.510591758143512
424799,24.83261703479746,-0.5877401749513085
425098,22.8892448976146,-0.5657055538046047
425399,24.68362337135302,-0.6041283011073157
425698,29.428944904853022,-0.5483423274594985
425999,24.925020306922466,-0.716988618097024
426298,25.669662924758118,-0.8030149584206372
426599,22.186874472795154,-0.7364094376803285
426899,19.576661396262747,-0.687496887306027
427198,23.301754555003487,-0.6256757327824869
427499,25.30347898641089,-0.6357823928096655
427798,23.196724522172463,-0.7678566903520896
428099,25.58676740536923,-0.6415247310810002
428398,25.27520358476506,-0.7358443876133351
428699,14.815864300382612,-0.5713483428075583
428998,24.428840199084505,-0.646772339951093
429299,27.59613300528258,-0.6529883533268179
429599,21.517163356799777,-0.6493684735317866
429898,29.9875189066146,-0.6677373487281306
430199,34.157201417578875,-0.6358612142610285
430498,34.64085986663543,-0.517691942918515
430799,29.735868581818302,-0.5182482092788698
431098,36.24528533525017,-0.5570232670138606
431399,33.08375333147934,-0.5953655850906623
431698,27.83061743944693,-0.5423820752508155
431999,25.35517590965527,-0.6067476857695588
432299,4.738441287012611,-0.44041241988284585
432598,7.884978987164225,-0.44373520379193376
432899,1.0930780350815172,-1.3806538425471038
433198,2.1622287412814982,-0.4376447281806779
433798,1.3013305977759617,-0.9701746336181725
435298,4.178528698330138,-0.6181485854063202
435599,3.1542224562776475,-0.6212781311837663
435898,5.5587400659876405,-0.5574833836443702
436199,2.523092155722962,-0.623283914334162
436498,2.8013122686998133,-0.5886354298412968
436799,2.0584074233821474,-0.6112424900607831
437098,2.5668467679637024,-0.6261417062111703
437399,2.1596096174370474,-0.6211176658508106
437699,2.950156530460195,-0.570519177096952
437998,2.6566932776853878,-0.6086765429594849
438299,2.3923675967229614,-0.6317532491628688
438598,2.15892603811648,-0.6367880483511386
438899,3.4546623281554822,-0.5841448471640638
439198,2.1464503931384358,-0.6226577915552427
439499,2.427867207519258,-0.6340925761303366
439798,2.0613291002762026,-0.620009652094468
440099,2.1077865746025912,-0.6172661639047576
440399,2.6932453222012587,-0.6220884107569793
440698,1.9974283022970358,-0.6087932669422627
440999,2.04138531030861,-0.6154056754824104
441298,1.8138890914370474,-0.5839429721443541
441599,4.764931211255573,-0.43049059232614995
441898,2.776825288461458,-0.6248590050080727
442199,2.101933601342795,-0.5238132699843494
442498,10.58577177687396,-0.2641934033379483
442799,9.07285702728885,-0.1707703622562331
443099,10.410704482514225,-0.1854214813829833
443398,1.9862491305934025,-0.39274544145122325
443699,1.991247426778588,-0.43033315206321876
443998,1.8677646215193282,-0.37585882002383
444299,1.8355393309396841,-0.34155170224345266
444598,1.5837499678480325,-0.2711032272404277
444899,1.8074253218179395,-0.3327259482449594
445198,1.653528855940625,-0.27099705291506027
445499,1.4714083368619209,-0.19784812432295418
445799,1.3519065823265914,-0.18105200216795292
446098,1.298709430486314,-0.1467632891027908
446399,1.153944180685388,-0.08546459661415673
446698,1.332687291588773,-0.16277107824335757
446999,1.3074828657971063,-0.14479875513001228
447298,1.3121395160832026,-0.12747228171275382
447599,1.2489176225230174,-0.10221176987234037
447898,1.2982193223264478,-0.11566459723289935
448199,1.4072839535307464,-0.1726715340476821
448499,1.3305690669637726,-0.14952621484452577
448798,1.3454439048272935,-0.0697513669198826
449099,1.6173797002138675,-0.16545878701590855
449398,1.7373040943550713,-0.21936578050291033
449699,1.7087266652022932,-0.18920562375365035
449998,1.7306166133851637,-0.2560113522163654
450299,1.829473425574979,-0.29272005668477874
450598,2.80637532099396,-0.7040825174941738
450899,2.2895214109129416,-0.6179734547970992
451199,4.075465364394423,-0.5337124189126157
451498,2.271715237359701,-0.4443064669087111
451799,2.334126583234701,-0.46202327473679894
452098,2.4115770388759046,-0.49684554817364224
452399,2.3766655709083113,-0.5568024985411186
452698,2.4503560220703484,-0.5465928511511582
452999,3.034231329924516,-0.9193871277627177
453298,2.3277676401860896,-0.601492396600398
453599,2.628283014507849,-0.6706141838164092
453899,2.338818443581923,-0.6195665869833153
454198,2.5105652011999786,-0.6618907066614226
454499,2.6208067693851635,-0.6975155376618145
454798,4.073129265966182,-0.8795574222504539
455099,3.0527979822948863,-0.9090427351111077
455398,4.9251941339227585,-0.5470801399751555
455699,2.879823966007849,-0.8886687892011316
455998,3.492537994519423,-0.9007623968226124
456299,3.61904271299396,-0.935622180499297
456599,2.978133289271738,-0.9071688211221476
456898,2.9374009818944224,-0.7938259605976741
457199,3.420314285234701,-0.8800975610987174
457498,3.434613114892108,-0.8046876895380328
457799,3.9350175233342384,-0.9463603681462585
458098,3.784043350723127,-0.8689270355472287
458399,3.4758007843157195,-0.7430608683271964
458698,4.1669001442300715,-0.9460630142758386
458999,3.994663305600441,-0.8491992550328864
459299,3.7124455234268305,-0.7952194255091984
459598,4.063768542612016,-0.7346855061757918
459899,3.7477855739870156,-0.7186238557290476
460198,3.85486029436896,-0.7194855671036466
460499,4.107299502336553,-0.7075011464450272
460798,4.26597040724396,-0.7421168747591684
461099,4.524813374287941,-0.7783922376894612
461398,4.879648978378219,-0.7773501845765529
461699,5.309958735577293,-0.7543416822136142
461999,5.825771417595812,-0.8549993451656204
462298,5.470429024304146,-0.7918767689345139
462599,6.354430457871275,-0.8205930333383316
462898,6.228471799084238,-0.8596439213988778
463199,6.23212511455646,-0.7829078848851365
463498,6.32837364298007,-0.8382286875661336
463799,6.888411641931459,-0.7913735956776968
464098,6.602571684033312,-0.7851994777952025
464399,6.1090983546444235,-0.8052960724835012
464699,6.876887968963867,-0.8040559707899253
464998,20.416371000362822,-0.43552218926908215
465299,5.906731666843497,-0.7684961153408398
465598,5.958607210815718,-0.7905006301664304
465899,11.769410308476278,-0.5989203109616879
466198,8.165708340073472,-1.0048528791038378
466499,4.466695485385165,-0.6455690314069555
466798,7.639827979491969,-0.28151924037462317
467099,12.039077438098936,-0.516848638318357
467399,23.278628815772546,-0.41528964381342015
467698,28.164551074235515,-0.4871494746624092
467999,8.849209523566952,-0.6980084384444527
468298,8.455219268093746,-0.5474798447295726
468599,10.305328492881342,-0.5877225035856666
468898,18.229401322275287,-0.44867623989437866
469199,40.70706019241649,-0.47525457659456793
469498,50.58074961224245,-0.5133581921568635
469799,24.670661331853992,-0.6176376093919616
470099,20.02901733177992,-0.6356372820086758
470398,8.92459661054978,-0.7788126343996105
470699,21.742268831126715,-0.7833546705889811
470998,16.630573338184586,-0.4712117971630503
471299,9.055018891063405,-0.7547315627927629
471598,7.185886001440625,-0.7259890924427512
471899,3.7803885193033477,-0.4850590205977823
472198,13.263152013719333,-0.48008780489914527
476398,1.0431410220302713,-1.9932152418657956
476998,13.526629612593426,-0.709064793113668
477299,5.180783465228696,-0.41564677428134766
477598,6.136370955432842,-0.3239661910893401
477899,2.384021561560925,-0.6094565348011696
478199,2.3144666385540473,-0.586204717124374
478498,2.2458904197947884,-0.5839018146822199
478799,2.238118426456825,-0.6017482910480025
479098,2.0422226542114554,-0.6004931197929835
479399,1.8656075371211769,-0.6096843319300067
479698,1.79780381002164,-0.616595313596322
479999,1.642023218416214,-0.5635953619256091
480298,1.6621604049995473,-0.5317914054854564
480599,1.6947280018976953,-0.5333919011373669
480899,1.3976210178585051,-0.4168580186606805
481198,1.785744095442333,-0.5082205615950395
481499,2.245888654054051,-0.46430164011842456
481798,1.7835889803011287,-0.4283283620023235
482099,2.027497264493258,-0.4928766015747954
482398,1.8796277278914064,-0.4387608714378386
482699,1.9148503799029806,-0.48360866315495965
482998,1.7163116958312212,-0.30864183121809186
483299,4.557695489306366,-0.5830582479506976
483599,2.0053905329753468,-0.46429241576576574
483898,3.0304580990355325,-0.6437984196265114
484199,1.9257461626406465,-0.4368044301256264
484498,2.2193083689546698,-0.6544116015266355
484799,2.052151105676891,-0.6358663032133127
485098,2.3934257307995765,-0.6876626227256073
485399,25.33884766507053,-0.3378508006059173
485698,3.092002524525841,-0.36678810121596617
485999,58.79240163033272,-0.4859431911181953
486299,53.5954385603744,-0.573241226891225
486598,28.69765192904844,-0.5839019545746544
486899,40.95377732902473,-0.23078085932086934
487198,38.46553166136165,-0.22909873790716517
487499,29.668897330517332,-0.28157254224766204
487798,29.53095914793657,-0.3043377848440143
488099,36.99965261202936,-0.368380905798539
488398,44.18685564123825,-0.4269213673784036
488699,50.34306488863533,-0.35016226309886656
488999,60.090873121908494,-0.30798902716149645
489298,40.6420879180121,-0.3719430779374284
489599,42.11730000204914,-0.39329792313997314
489898,55.10052186852599,-0.3617679247900225
490199,56.10841240144728,-0.30390634475818845
490498,48.03309152723896,-0.371015350399968
490799,48.448789519743585,-0.36030701505154505
491098,57.56916323221718,-0.37610905569858777
491399,45.69686974227949,-0.44941968135892396
491699,42.67015406255208,-0.4262225402991038
491998,65.7286317777193,-0.4046292539196352
492299,75.77543152953821,-0.5130156681732732
492598,95.35590905351965,-0.360028023447444
492899,71.57444621392435,-0.4287369340687348
493198,19.28482655491769,-0.481394052775999
493499,24.10145010741623,-0.575077839881728
502499,13.332418973001714,-0.680441163372935
502798,5.256598749999148,-0.5869921631459423
503099,5.740521775556459,-0.5886113156449457
503398,7.6719358721884054,-0.8133238879537701
503699,5.464111508871275,-0.6633487757819938
503998,5.572607596160627,-0.6499928994780642
504299,8.891118812867484,-0.8681942105373548
504598,14.226095284466181,-1.1916845733371635
504899,41.27832615285126,-0.805928392711156
505199,31.22020748828875,-0.6256418646318791
506698,2.3563087170709918,-0.5599989981734721
525899,5.120704771087178,-0.6813408630433737
526198,4.942219131235231,-0.5952134145683874
526499,5.660524217848753,-0.5161385433756205
526799,4.784715733978765,-0.5454486909642677
527098,4.07955995886186,-0.6886480182690264
527399,3.4289907599119065,-0.6659453371932189
527698,3.329157420838773,-0.651011819052679
527999,4.614738270064256,-0.7444623336367531
528298,3.180487376631814,-0.6778062145460553
528599,2.944740329732291,-0.6741804080350615
528898,4.869829889948516,-0.7291817178669437
529199,18.482266703287777,-0.5007082297779251
529499,15.509740312975705,-0.5366569750866619
529798,3.3880384746327548,-0.5587266691074817
530099,9.404531071644714,-0.5588215619049945
530398,18.228948001427042,-0.3818885934947702
530699,3.6042835168325484,-0.8480530649751037
530998,2.190443547554051,-0.5027220614047527
531299,3.0628214825841433,-0.560544113880427
531598,2.668750017305425,-0.5751982197545855
531899,4.229702547245396,-0.5686839273843745
532199,3.2852347042940067,-0.405419969000927
532498,3.4236313312893767,-0.4222898376090274
532799,3.1013438225903034,-0.33247612476415433
533098,14.155320540704857,-0.2639955252247552
533399,2.137170086259129,-0.22522410998587872
533698,1.5912372663656105,-0.08535989306393521
533999,1.6780592299929247,-0.14362618915996417
534298,1.7345480859257953,-0.15260434479806295
534599,1.8459565388679247,-0.19366572481384736
534899,1.6026391663679251,-0.13773717606064428
535198,1.9523431749142217,-0.2304428382064665
535499,1.6465551390600548,-0.12761931834289286
535798,1.5020764941364435,-0.09718408264913658
536099,1.347655752699884,-0.043892671375732384
536398,1.4695727350577394,-0.07903885642840702
536699,1.6906794775841434,-0.2959267725522565
536998,1.4617834417693285,-0.1139288559938012
537299,2.7069461766630027,-0.6459976492590607
537599,8.029821520050795,-0.5629207271881502
537898,47.85074341035127,-0.8660716998400129
538199,62.15758905173786,-0.8040955623405861
538498,65.97101085775176,-0.7735034809926986
538799,74.95765410928183,-0.6623407668726
539098,66.51218349543593,-0.6707852422386829
539399,41.796460306740165,-0.8434758259480066
539698,45.16835291155498,-0.9187481430799538
539999,64.35402861767535,-0.7680867354604071
540299,3.002063997422742,-0.5921444777823763
540899,1.097598200929218,-1.6119998338383956
541198,1.1822612372684593,-2.980444774807962
541499,21.549685529772603,-0.7234017086665927
541798,17.258644160569194,-0.7002323045767431
542099,54.4868909139369,-0.5679341428751037
542398,32.69085010281884,-0.5568977617119428
542699,9.710726336781178,-0.4382069874412313
542999,5.093598024515632,-0.2594917796063958
543298,3.3335301517586866,-0.3386202900599158
543599,6.490961206124428,-0.2641584281399689
543898,6.374800985924984,-0.2860779027796352
544199,1.4250287374328279,-0.3913300911398747
544498,2.649376873753219,-0.6546968593604456
544799,1.67300637030646,-0.6529915309202592
545098,1.734933439824979,-0.5027710804006358
545399,1.6175881878411822,-0.5696079860736261
545699,2.760613046774969,-0.27527353667725807
545998,2.4890672064883668,-0.5625101383935389
546299,3.4805360872825952,-0.38899898520443377
546598,0.9328321346951053,-0.06084990390189815
546899,2.592589583550104,-0.5868466235244201
547198,1.3535075039900908,-0.5059624865187611
547499,2.0133320252109974,-0.7281510904739725
547798,2.279282287703376,-0.7326887558248514
548099,1.0503580056518447,-0.4546313061047009
548399,1.2270716165801279,-0.3565249556698644
548698,0.9466590099669874,-0.19486784209834074
548999,1.1896188078009613,-0.3431304155891748
549298,0.9360209946488849,-0.04781296716013794
549599,6.390764881269313,-0.21838303482836352
549898,1.4943221332803722,-0.46004452289853526
550199,1.162020488252594,-0.09553529838323427
550498,1.2297907531553725,-0.1278663637527786
550799,1.1057412328799092,-0.04416624527253088
551099,1.2055162763660203,-0.10119270235076772
551398,1.2850723616391682,-0.07906303920209456
551699,1.510062048823413,-0.23875295800617646
551998,1.4772768448392946,-0.16543926734119685
552299,1.7526809195726638,-0.2633247070470546
552598,2.01634306274859,-0.32475356045478465
552899,2.270209192480071,-0.38631417523513334
553198,2.6053265169754414,-0.49006099487334165
553499,2.657605072367888,-0.4447921076712751
553799,2.69000538746048,-0.4669720252922356
554098,2.8995788497961277,-0.5343200084096595
554399,2.9013070709952014,-0.47129270447686933
554698,2.937565818008474,-0.4683008444417547
554999,3.108275554172826,-0.5179355157978227
555298,3.210200658420511,-0.5498420087760785
555599,3.5220774808331647,-0.570498703488201
555898,3.503766755650294,-0.5755853235726345
556199,3.533758872969739,-0.5768343345486393
556499,21.520648929567706,-0.26382911236153395
559498,1.1601449248083695,-3.912358444372222
559799,23.794804609000604,-0.5699540756019781
560098,13.785315535117357,-0.4475091843095522
560698,1.6117076544800761,-0.6888813105558296
560999,1.4944371521116102,-1.37818608377261
562798,24.39473726685253,-0.46672295868336344
563099,71.30179781438444,-0.4994343880320833
565498,1.9943081757570391,-0.5930463588389674
565799,3.713522783622127,-0.648547816865022
566098,3.061771339724407,-0.6905747767477528
566399,3.0918609735309026,-0.6827930017928407
566698,3.067607526747888,-0.6443256924002019
566999,3.238723676368865,-0.6304445641983119
567299,2.967756418481684,-0.630987932647912
567598,4.973581801875761,-0.48355396828916075
567899,3.967697249815018,-0.5674840685776241
568198,2.410431328956221,-0.6312926182105267
568499,2.3976799437039067,-0.6460284787661015
568798,2.2140426823381656,-0.597388041026597
569099,2.0741545861923325,-0.5463077875516906
569398,2.4531843212478877,-0.7530483465345752
569699,8.562547327129987,-0.3303321452431376
569999,3.597732805511776,-0.3353758032528771
570298,3.3214494563341432,-0.4905529804423929
570599,2.3684106179049627,-0.4718629836185606
570898,2.202255943036906,-0.38605394007673777
571199,2.234221769391073,-0.41259857493601193
571498,2.3256318103656097,-0.37148885359574346
571799,6.147896424810305,-0.5679235148889374
572098,2.600126934203146,-0.4857769044931186
572399,3.2573810521198125,-0.8171613477714952
572699,2.4028046859230536,-0.34243969341740077
572998,3.75781906384435,-0.5647513994391911
573299,2.719497249679998,-0.5253864621167641
573598,2.9443767505253318,-0.748129850605445
573899,2.7115437760879884,-0.5472936989590647
574198,1.8922184203632955,-0.2263550366421334
574499,1.9526644201211805,-0.2513387953017123
574798,1.687764003387384,-0.17460490736214962
575099,1.7128363613665507,-0.18808650510327074
575399,2.0336526467392364,-0.38233798566377053
575698,1.8828589959512587,-0.29110984102787896
575999,1.5559131057299764,-0.15778974177373972
576298,1.5501843664383104,-0.16292092289991889
576599,1.695648668165162,-0.30085018020362764
576898,1.3357497314909432,-0.10413732435394452
577199,1.6174014197920252,-0.3374873193126029
577498,1.2370568608659436,-0.1025697527806051
577799,1.1642092121923322,-0.05229046571141027
578099,16.71286403060724,-0.4198358330668921
578398,11.062074689439369,-0.4221642305280551
578699,8.974055014234528,-0.5122297193305785
578998,75.97107177639754,-0.3537651229689911
579299,58.935778132104325,-0.3245490380798002
589499,7.261088312337948,-0.897011322651823
589798,11.540816063721941,-1.2069477636070212
590099,25.995746121309583,-1.262162321339189
590398,22.410736113582733,-1.3318069736938405
590699,19.0206041068119,-1.4000902347500404
590998,6.038365063519423,-1.0440862863445255
591299,5.938723030747114,-0.9072904045324661
591599,3.427327746639794,-0.31997399214147726
591898,3.2234856143272936,-0.26229730779748195
592199,3.7707384274430336,-0.48862914039121663
592498,3.70420069043146,-0.6845041808736982
592799,15.484894057910626,-0.9925289941821438
593098,16.16657597111054,-1.3213590948380967
593399,3.670037250080139,-0.44963692721402215
593698,32.654525586885,-1.1916339068480353
613498,1.0966019669184368,-1.1604994591246394
613799,5.502247813351067,-0.7274417695007425
614098,11.70165552587211,-1.2375549207491314
614399,3.2998372458139347,-0.6633843902595931
614698,3.1701946943374057,-0.6562314398941536
614999,3.393380325233666,-0.6511613898259971
615298,3.357358715220718,-0.6465058633699421
615599,3.2822601991174984,-0.641702581412128
615899,3.0400401606966287,-0.6460677383789268
616198,3.1409372728729523,-0.5857820965011504
616499,2.858572401852662,-0.6207867786380485
616798,2.831251515050368,-0.6849325618216258
617099,2.7667968326466426,-0.6839493854548178
617398,3.742612486814156,-0.5522969200843193
617699,2.167689125815625,-0.44079097286054014
617998,4.156365404443034,-0.7330477494387404
618299,2.2866859796258105,-0.48454669330609335
618599,2.69857352343831,-0.7091879815828719
618898,2.272939482960518,-0.4488651190279669
619199,2.3491581320531107,-0.4758600403393636
619498,8.176793744538749,-0.6072509208215131
619799,2.10790106862487,-0.38036669761103736
620098,2.1699036156919984,-0.37377305381925474
620399,2.4497778790176383,-0.5286020178253936
620698,2.123997631613295,-0.4228106019020108
620999,2.6570689062240844,-0.60832890559122
621299,1.892012305249869,-0.23450328795229236
621598,1.7881081157749052,-0.16877698762607674
621899,1.9361736167841646,-0.27035946203895955
622198,2.0235477185318502,-0.31602502156376233
622499,7.6379697735443965,-0.6562489671953204
622798,1.7727033247563868,-0.18245471702711913
623099,6.43818367861561,-1.0242279041598592
623398,1.7383956036360166,-0.17045337823560924
623699,2.259501508979192,-0.7092086745318624
623999,1.6790006849091645,-0.15109902183380686
624298,1.800788758938935,-0.19406143893329975
624599,1.9939940745808495,-0.2524977490419431
624898,1.9187272015640298,-0.24921746065582306
625199,1.972267593735943,-0.23711148951677075
625498,2.1056626909188125,-0.3458623521584272
625799,1.9479500826711273,-0.2545478984878904
626098,1.7977987807776092,-0.18541143914826796
626399,1.834061528479154,-0.22202394825470417
626699,1.8037488556536825,-0.2913378300857641
626998,20.342358121947335,-0.35389726081989625
627299,24.079881280335826,-0.524398205100951
627598,59.70905445035399,-0.871639238007671
628798,29.438108827967735,-0.5178202884657468
629099,11.843433653352756,-0.1806680111273391
629399,7.868135318709239,-0.6036730321244648
629698,25.556615542050913,-0.9286136173370887
629999,27.710227164909313,-0.7755458995818598
630298,24.894576262990135,-0.7209247074190235
630599,1.1239288049616254,-1.63848915651374
631498,18.483654139594307,-0.6960174512346189
631799,26.088235915284127,-0.5894711351808086
632099,13.664340513434585,-0.963322106102712
632398,26.34595907364658,-0.40919124274666063
632699,21.801535880622087,-0.4207575873497691
632998,16.732133090450812,-0.7795777080159261
633299,7.736249026311928,-0.9026299360219738
633598,4.968364822836553,-1.2099163504722452
633899,24.695543000853004,-1.309438483129174
634198,4.388917130299515,-0.964032714061309
634499,3.1465107355032194,-0.867002440905253
634799,2.776466787820349,-0.8379827101018105
635098,4.1347284922355385,-0.5858114376379189
635399,3.0537999536374785,-0.9173077081821353
635698,2.25125001299859,-0.273075337125831
635999,4.471904186973126,-1.0570019717615549
636298,4.282039034655997,-0.9944752234856025
636599,8.463926756879056,-1.1110377655617767
636898,4.282531871730072,-0.8829042240219833
637199,6.952731675057298,-0.8919373704518083
637499,4.791552522940719,-1.0686788890064265
637798,5.238956244019423,-0.8878913492392391
638099,4.0191149767685035,-1.0184516801680141
638398,6.455310675997112,-1.1838001155189812
638699,52.43449633658504,-0.4184037206642168
638998,128.82000902177717,-0.1160652520574319
639299,4.615833575541006,-0.3986847250823162
639598,1.026572097068356,-1.805274631134242
639899,1.477265658838256,-0.427356535037845
640199,3.1799214915865526,-0.7819050931252658
640498,5.39956074312822,-0.8065888003434591
640799,7.214814002044886,-0.5342884187505796
641098,4.455932716107386,-0.7295885073067379
641399,3.5102611248272932,-0.7992579132190449
641698,6.237793205010164,-0.7105807445896022
641999,4.770375776819777,-0.305250348502659
642298,3.1539985843552,-0.4353139053500412
642599,43.52558278624014,-0.5719061810350836
642899,81.56989131072626,-0.5865146412733238
643198,3.9572641763696734,-0.9134556604223232
643499,4.644111819600442,-0.8196210211191579
643798,5.544856475070349,-0.912547895865685
644099,6.862214930195348,-0.8759638509893575
644398,4.823748044169886,-0.6635625610788902
644699,4.597866534292572,-0.600737888691731
644998,4.824414003642109,-0.656097625307724
645299,4.869901293274053,-0.601648702799539
645599,5.882803196186089,-0.5081304175452948
645898,4.592406426463868,-0.5339734874785316
646199,5.9293802032856275,-0.5099738265946923
646498,6.408807365922201,-0.5465177838126094
646799,7.24376722594535,-0.5744826892609474
647098,8.237977065359702,-0.5417269132610643
647399,7.919719683616645,-0.5719860142842079
647698,7.77684919241757,-0.5546306998063357
647999,7.402328127838867,-0.5476276444625003
648299,9.110587598024052,-0.5848187778570704
648598,13.124294394883686,-0.5109427996047502
648899,11.69893957412343,-0.5366831898838877
649198,9.810061188688245,-0.702098487467655
649499,23.598405502742487,-0.2822363287968457
649798,38.55494607154472,-0.434043943407487
650099,26.58821349645908,-0.5072365278003936
650398,52.46953004608273,-0.45348961101237095
650699,39.715741309465365,-0.42332907819742016
650999,45.23169844557607,-0.30584472735764767
651298,37.72037360844182,-0.399323657285803
651599,4.797349930209703,-0.24147667592499733
655798,8.846271167981762,-0.46209437177880686
656099,7.276707656136428,-0.4145101805575946
656399,6.860738403218496,-0.45772030213260395
656698,4.033147283714397,-0.6878328616223612
656999,3.768694554724406,-0.7015757974094097
657298,3.6033310702631036,-0.7190093901567245
657599,3.3362765268003685,-0.6736279632324658
657898,2.7993273649221058,-0.6084519470618541
658199,4.541678398674422,-0.6988045087852344
658498,7.837716298040162,-0.6036471885130545
658799,8.155339608168388,-0.6512879436378058
659099,8.048181861926128,-0.4231160135284755
659398,12.777186311461456,-0.4856748953857979
659699,9.23209124756331,-0.432166241302967
659998,6.5295096825008105,-0.5699662176425371
660299,6.843908883567,-0.7406109992515333
660598,6.602289681238295,-0.7510129089187838
660899,5.832297221349406,-0.7291799345387169
661198,5.509125832388758,-0.7514143393115251
661499,5.434024509629499,-0.7018919320073007
661799,8.358126285650489,-0.8732701967914955
662098,7.546810995238295,-0.8138629837067155
662399,13.939739794781053,-0.6747308599929791
662698,10.21101637174855,-0.7490019722051791
662999,11.177035809500865,-0.7668891037157162
663298,12.663627094645394,-0.6979576919427204
663599,19.432724132260375,-0.6198450454628368
663898,20.05613770819447,-0.7014291693253765
664199,21.335368771636595,-0.6929079698419875
664499,24.84658782965512,-0.6361729678791985
664798,27.31438741132719,-0.5860388941683783
665099,21.8308305945633,-0.6825434075423764
665398,35.73871708773557,-0.546107810529163
665699,50.54156058142523,-0.6837141154887172
665998,63.87761601974004,-0.5689249411329587
666299,64.86607676458648,-0.5137401275954465
666598,53.118988339858255,-0.5563745172805894
666899,59.718116991517974,-0.4231955830627814
667199,28.689471508867356,-0.45158054041089746
667498,32.92915847363835,-0.5104601934046813
675299,20.44207490511517,-0.7963151920516818
675598,8.205193195030997,-1.235669083049614
676198,4.689644524184121,-0.9648581442876012
676499,10.014116809350439,-1.161170206308436
676798,17.452788924185924,-1.0222117189131699
677099,20.999082495604906,-1.2765310096947595
677398,12.793903332872112,-1.5367582907043382
677699,11.703242873795723,-1.1392667622630301
677999,9.036072805135005,-1.3782919524534827
678298,14.484309462781836,-0.9922309093678514
678599,20.717231870494793,-1.0250140403711097
678898,3.63944409925322,-0.7307994017384789
679199,2.8975598133087748,-0.33118702340430306
679498,2.9553344750263673,-0.4196484658676283
679799,4.588224921338868,-0.6162914523073337
680098,3.0930982667184974,-0.36138644199408976
680399,3.0293548860101636,-0.3253533756879512
680699,3.3064567291351645,-0.40772597018171686
680998,3.7113858730032185,-0.5239557032875659
681299,10.237108290902206,-0.7322640575084949
681598,5.802207079473126,-0.8868683195246891
681899,15.537873225247113,-1.1619818642894275
682198,15.265966441124426,-1.2832179381471005
682499,4.583915114203574,-0.7694215660601014
682798,10.085714560955417,-1.1643017543912557
683099,3.095721521803443,-0.4296254568171731
683399,17.885619702093745,-1.4615875768074225
688198,11.541594385879058,-0.5125515692643294
694199,1.2464032017296658,-5.121083463388741
696298,1.6527320492433828,-0.1052525123418806
697198,8.985466088179983,-0.9347450206153116
697499,23.76871367624396,-1.2415565804626723
697798,10.507896010069276,-0.90955924795646
698099,3.5344763192498316,-0.49702032886966685
698398,3.901986018935934,-0.5335173766303414
698699,4.190925535175758,-0.5142380707260503
698998,4.389929112760007,-0.5755092258644101
699299,5.296307469672201,-0.6757935622798092
699599,4.420311217546127,-0.5713838363434001
699898,3.9009154817984433,-0.489665365522826
700199,4.075018048816961,-0.4947297885397488
700498,4.650538392854154,-0.5841108411286464
700799,4.937245751572508,-0.5856480704179128
701098,4.8464411276387205,-0.6162992553108133
701399,5.001070610818035,-0.5966762405079649
701698,7.255651692549516,-0.7854980331514956
701999,7.666938101834237,-0.8258449432351256
702299,4.768525294915256,-0.630855691359063
702598,7.684295842637479,-0.7802197467001046
702899,4.31526761452924,-0.8463283678729165
703198,5.447638727417416,-0.9249901434269123
703499,4.336032947482229,-0.7093106719322935
703798,12.551153144103592,-0.9396347237285789
704099,7.1213839015564595,-0.9236542583987999
704398,7.291098805003218,-0.8850054044554974
704699,3.3741694958363966,-0.6216734295400632
704999,3.514325569202138,-0.6282395547592488
705298,3.8132530968016747,-0.6939431518322823
705599,3.5386757671976645,-0.5693732238865172
705898,3.4279532405123225,-0.5591091850919507
706199,3.394952852956768,-0.5527737093301179
706498,3.1679160559266752,-0.4848618654867507
706799,3.3312202768155634,-0.5085678810198635
707098,3.2017232842553787,-0.4543710878591791
707399,3.338941442248434,-0.4728775495934354
707699,3.4879003871789895,-0.5094668237491151
707998,3.282859076102601,-0.4734295884473205
708299,3.607129546380534,-0.5310241236943665
708598,3.213237487283156,-0.4481401236921856
708899,2.8104822610402564,-0.4719463845999188
709198,2.9208631595262116,-0.49382435165596106
709499,2.9785299982808415,-0.5093766073590646
709798,3.032393552438405,-0.4982364387064575
710099,3.0939115347184973,-0.4517429060639595
710399,3.073900347422201,-0.42765894965314866
710698,3.2322434350657194,-0.4236081926565385
710999,3.2348617043897927,-0.4491722801223934
711298,3.303865605260164,-0.45720606613048154
711599,3.362044841206767,-0.4542822549903478
711898,3.408890750084238,-0.42613187858724055
712199,10.20551153493146,-0.5153023666591001
712498,3.601843364292572,-0.4682338106880921
712799,3.7617466489430345,-0.500315690432811
713099,3.808118721014794,-0.4810478904631026
713398,4.065150980227757,-0.48267072877502004
713699,4.314860028234701,-0.5075675290420281
713998,4.420426506570348,-0.4914301578869982
714299,4.293092871068035,-0.4808571296345221
714598,4.252112827230072,-0.4745156121600891
714899,4.02080820168146,-0.4323706282666995
715198,4.217860552938405,-0.5042488442520643
715499,3.6259346146397937,-0.41374321332249253
715799,3.6028834017856273,-0.35231261436853245
716098,3.5659857756467375,-0.2779514707047255
716399,3.4135063450379417,-0.32647456091198457
716698,4.815026839762478,-0.6716380876054995
716999,3.6128349150772943,-0.4755380953433648
717298,3.2451014227995154,-0.36164270681370425
717599,3.7757243223735903,-0.5372362212601389
717898,3.2499940927208124,-0.4012969047904611
718199,3.586010777054145,-0.4721029300696391
718499,3.5173789717347,-0.4166770225362242
718798,3.5267888524708124,-0.44811920839681396
719099,3.55363848186433,-0.48679288679684296
719398,3.9229227081860887,-0.5479896263384263
719699,10.060276019449816,-0.45575029143858137
719998,14.036262979753467,-0.5333391593833694
720299,4.437355439351409,-0.35787971716269285
720598,41.811240715821185,-0.2495500393551029
720899,4.51024108252949,-0.6853033960429646
721199,4.204148703260163,-0.8472388866407468
721498,3.630860389095812,-0.6509137543171957
721799,3.6846760906722005,-0.5398801548496641
722098,3.592758022463867,-0.4232393712606781
722399,8.50469837157498,-0.6993388753056493
722698,4.031807570223126,-0.45512487869710716
722999,5.421849763683776,-0.7202658113241716
723298,9.343492766635002,-0.65615951068618
723599,4.9377605640703495,-0.7786208982665992
723899,8.967182019304982,-0.6359511409000289
724198,3.7401181032532205,-0.6188528026652491
724499,5.743360269638317,-0.6008574461647445
724798,6.6954130779592385,-0.5326546473952196
725099,4.752493525905997,-0.9086117538943157
725398,4.533789848556461,-0.827176051457547
725699,4.338516518919886,-0.62937522797061
725998,8.340391011193873,-0.8907683714494394
726299,3.9731338979129425,-0.5584321000444721
726599,4.121881256380535,-0.6125698098294312
726898,3.84079943086896,-0.5362432952761167
727199,3.7116828648110904,-0.5529175035769729
727498,3.419947189380534,-0.4586157435612077
727799,3.6262933266999786,-0.5084049881614312
728098,3.4553881666259048,-0.442861504023494
728399,3.8344078460171085,-0.5494585057940622
728698,19.805899521733192,-0.34703892847605355
728999,3.686017590079608,-0.4670121018571973
729299,3.8213554948481265,-0.47039378161754275
729598,4.140475666924517,-0.48046817465203806
729899,5.779368656831923,-0.81713498263085
730198,4.570883703255535,-0.48439832949112493
730499,4.32905544632035,-0.46028228050125897
730798,4.635515864889793,-0.43881968641358826
731099,4.640611291889794,-0.45224745046102766
731398,4.867044144195349,-0.5047812455060794
731699,5.252130570683776,-0.5151697989984654
731999,5.2489528306930335,-0.4969493685848081
732298,5.5722620165934975,-0.4866086750343319
732599,5.785963076005534,-0.45894955156809036
732898,5.583662690299516,-0.4610840257386075
733199,5.5996332607393295,-0.43152038975946927
733498,5.894839589278683,-0.45385424357594295
733799,5.882844780058774,-0.45436429998784966
734098,5.899518127063406,-0.4274566372415953
734399,5.871880393292571,-0.4298462452310159
734699,6.215937354973126,-0.4341275061456511
734998,6.235521858982385,-0.4200725838449759
735299,6.482167511820349,-0.4213490509354312
735598,6.85310271743146,-0.4464131866208736
735899,6.890807024651368,-0.4472452281278927
736198,7.1086794770680335,-0.43946542274311096
736499,7.645766059660627,-0.45395031692733867
736798,7.873699606084238,-0.45534103990232966
737099,8.041279514783312,-0.45663892522527316
737399,8.417824379824978,-0.4761855825547261
737698,8.570964820271737,-0.4714348292582735
737999,8.875692267822664,-0.4707858989408109
738298,8.74930221677868,-0.4453101010980991
738599,8.597227487112015,-0.43382247526790296
738898,8.567013715980071,-0.4391214787479436
739199,8.484447085167572,-0.43910210723821375
739498,8.266209100324978,-0.41175923020272776
739799,8.227718998331925,-0.41492338593665345
740099,8.209851744174516,-0.4128756446867816
740398,8.359483534780997,-0.43339695438025094
740699,8.352882745308774,-0.4256047468657569
740998,8.24643953735507,-0.43285372829480484
741299,8.658448035392107,-0.45645895431613215
741598,8.477026967602757,-0.4583581266162935
741899,8.128764512331923,-0.4129871332093742
742198,8.349882807977757,-0.41080726945066615
742499,8.053209092403684,-0.40733584548948065
742799,8.218149032310931,-0.3979992822231906
743098,8.243020739502144,-0.43437724570501324
743399,8.23925721406696,-0.39742178148298835
743698,7.9021993441873315,-0.36558686590520506
743999,7.986947337372516,-0.38248631728939153
744298,7.993687328842423,-0.3813286999379315
744599,8.269322027645664,-0.41764033781281173
744898,8.321249710161869,-0.4557589937958255
745199,15.968256710633657,-0.642709609218433
745499,9.1684190555401,-0.5813800318776916
745798,6.4198777480131435,-0.41460683030852663
746099,8.067133655971437,-0.5288442755656866
746398,7.336785269805386,-0.5592844873304419
746699,6.126283017175757,-0.5314427162859789
746998,5.791998900742887,-0.5937352013871777
747299,4.0423893737313135,-0.681688736460291
747598,4.193800848055386,-0.6778191331058545
747899,4.307017629886406,-0.6982616192812561
748199,4.437083302728999,-0.6791122516851602
748498,4.55652072039335,-0.7171748193916583
748799,4.464693273594739,-0.6740728146857013
749098,4.3468606312868685,-0.6492442425266203
749399,4.2943683474118695,-0.6073179107800555
749698,5.153515247495358,-0.743633613703166
749999,5.004334826992888,-0.712508847941979
750298,5.043256502495202,-0.7170788170730629
750599,5.157217047710479,-0.6906805405333736
750899,5.223480027444276,-0.6924324887091597
751198,5.5670773029905725,-0.7037091907217499
751499,5.615052235708165,-0.6852013570196092
751798,5.781952784072508,-0.6621643475628323
752099,5.80890198931572,-0.64205152375027
752398,5.584426374910471,-0.6034462027634975
752699,5.6264615487058505,-0.6145085235997969
752998,5.57171716576835,-0.5541754664410292
753299,5.6421773920345535,-0.5381152709664008
753599,6.387695169363413,-0.7140598566056375
753898,4.8861953163973615,-0.4653041314299471
754199,4.895396121207548,-0.48506368045679915
754498,5.136887125672826,-0.4649629819843186
754799,5.2719771400762205,-0.47699652817387816
755098,4.973244258536869,-0.6628264398022705
755399,4.6430157325854795,-0.567921508953789
755698,4.625284839807701,-0.48391046584593744
755999,4.63782545963872,-0.5156459225779615
756299,4.6705033940183505,-0.5198745709418555
756598,4.7188986623864055,-0.5301334319790982
756899,4.8603733272776095,-0.5747898621308822
757198,4.853069385122517,-0.5838112575481558
757499,4.683498791136405,-0.5224654904884907
757798,4.785732096025295,-0.4771617334765008
758099,4.734094299499834,-0.47567226351094427
758398,5.021279823608783,-0.5136367578630152
758699,28.952389862760796,-0.6925891877485866
758999,33.731303143233944,-0.6535663276355608
759298,1.2278339121098307,-0.913362059874977
768899,1.993824648637009,-0.194313428715301
769198,10.014269160530997,-0.5410757735875003
769499,10.078417929678984,-0.7177010519096809
769799,9.028830592132849,-0.5358416236701109
770098,8.248912003961552,-0.585262876032353
770399,7.413765956774053,-0.5047397074082343
770698,6.751531973385165,-0.4277487266464042
770999,21.24951149519443,-0.9992186500763693
771298,13.096609569155996,-0.9774268125176071
771599,32.800629733797194,-1.3610932662588446
790198,2.533800185574277,-0.4839844418976076
790499,6.538924985212111,-0.8053762122688444
790798,4.431862624467424,-0.6058396833206892
791099,4.512864660801675,-0.7115182436193188
791399,4.821801981475441,-0.7736263365575775
791698,4.451662922021582,-0.644393697047579
791999,6.400304741913749,-0.6647263097785892
792298,5.395334914787785,-0.722041175914224
792599,7.679361157827294,-0.527159460604927
792898,5.761204119285626,-0.7608624287337613
793199,4.094872078718497,-0.6643620031493325
793498,5.4327642111652565,-0.7727128348800802
793799,5.868938062457481,-0.8630741369620163
794099,6.312431055461554,-0.7059484097028121
794398,4.810465465540258,-0.7416596938535167
794699,4.781238090489331,-0.7372569083353464
794998,5.007167894211552,-0.7412135073661794
795299,5.288760347970811,-0.7213417785632543
795598,4.736891762637323,-0.7189305522546707
795899,5.484843080558619,-0.795547401057251
796198,4.652200066047045,-0.7662543734133189
796499,4.914799406010008,-0.7728202405313163
796799,4.557416899533155,-0.6470534156475225
797098,42.76817175706884,-0.4174975179918965
797399,6.822893238548789,-0.4577820444370051
797698,6.952929508603564,-0.49310806330345724
797999,7.082256503336442,-0.372215667519584
798298,8.266563800772575,-0.4324206412827105
798599,4.1637307724289885,-0.6989635804371572
798898,4.410548289213712,-0.7429383547541659
799199,4.585132098834082,-0.7043078556506619
799499,4.726216276526367,-0.6672513693384319
799798,4.827965030290256,-0.6380638822652069
800099,5.429067597218497,-0.7639856773462079
800398,4.794442799632849,-0.5580462330509273
800699,5.3093442687833114,-0.5771405952098665
800998,5.34259527705183,-0.5828136936233776
801299,5.755986421868959,-0.5377227902826318
801598,5.128068820811089,-0.4141326865380184
801899,5.664849562433775,-0.4636546095236418
802199,5.788230001771738,-0.44299266722059727
802498,5.97744778355183,-0.4942488856024194
802799,5.9824203018689595,-0.7006636228182563
803098,5.252710211561091,-0.8357573013486179
803399,4.3677528284430345,-0.6480066211615549
803698,4.553446211079607,-0.6558239214609745
803999,4.283130914028683,-0.5189951607660304
804298,4.328056661074978,-0.47033506751017984
804599,4.715507714040256,-0.529634274468737
804899,5.027928149514793,-0.5879779339808209
805198,5.41727378843146,-0.6075443028543748
805499,5.866526218218498,-0.780427604194321
805798,15.551113904287156,-0.619178542580821
806099,100.41793047290679,-0.48007767554434433
806398,51.11823860398454,-0.43682058794195977
806998,1.3408053703297207,-1.7404683977229949
812999,11.412854795636001,-0.9184266001435253
813298,9.890642365012477,-1.0369099048097135
813599,10.217738805410626,-0.6056495796434862
813898,5.153534067824262,-0.6485150830228446
814199,5.167969567267109,-0.7891491340569645
814498,7.256327490416093,-0.9045525756648134
814799,5.648257138695349,-0.7528178271798094
815098,5.805307942217019,-0.6920763724302668
815399,5.619839020875904,-0.688686861781505
815699,9.537588230485508,-0.862887747272562
815998,6.8260904699847,-0.9169775189428608
816299,6.198629231028681,-0.5729224108177045
816598,7.467135543175355,-0.9044834924726037
816899,8.940533162406833,-0.9465963683374947
817198,7.88190477741378,-0.9683198214898205
817499,7.001351670541094,-0.812682401183344
817798,7.491579889199978,-1.000171344059558
818099,6.480257856966181,-0.8551190460058122
818399,13.242529821043378,-0.9023779230104836
818698,6.167840819880535,-0.5917077693171058
818999,6.2456550940726645,-0.7204448207557876
819298,7.3489042945943055,-0.7190710320446698
819599,5.5137143345541455,-0.5913464556401076
819898,6.982675187959239,-0.8666129201471588
820199,8.806325464838867,-0.7319405931778418
820498,9.378724398651368,-0.7270615022574496
820799,6.645928126158312,-0.7797774813778706
821099,30.764835258080453,-0.6963877184117353
821398,20.390301083824816,-0.7327794480986092
821699,36.96218320187208,-0.6167116456093888
821998,6.176560658072663,-0.4824446795194659
822299,6.077179828780998,-0.42754334238463554
822598,7.32308286630646,-0.45316246543028793
822899,7.747071133102756,-0.4449746734320137
823198,13.04702402861748,-0.5550191239631754
823499,14.386888191273004,-0.40670640243406186
823799,29.905295941455417,-0.5715186663245018
824098,31.257083499071157,-0.5269087580354948
824399,21.496229595816555,-0.5842395797035054
824698,19.26526367559665,-0.509225073145126
824999,17.748437366460074,-0.49264257120492516
825298,19.646127917115166,-0.5607323714625334
825599,20.743651659469336,-0.5505051338015714
825898,57.15890425268458,-0.6850750181471157
826199,72.1094238222355,-0.6839175543988598
826499,62.09138070901559,-0.6429224272428562
826798,102.55606135244385,-0.6464746597699207
827099,115.24804711753644,-0.46536371086462536
827398,131.53444813855492,-0.5451108445505837
827699,104.29797768818457,-0.5581836090813368
827998,119.58934796596236,-0.5194410311361546
828299,99.66456244029105,-0.6093730564562521
828598,82.54528755087615,-0.5103891593610181
828899,104.24800945073088,-0.61002694349615
829199,72.51190693892708,-0.5568623890852851
829498,31.54988916466088,-0.5240242934553045
829799,57.21371272966318,-0.6832669380907312
830098,55.507999059535464,-0.6017304229404661
830399,68.83273369973918,-0.4961010826335961
830698,59.20512886237342,-0.5295350562772365
830999,63.03040705307986,-0.5695810746262453
831298,70.73772741413309,-0.4698317385890587
831599,53.74699354432523,-0.5528672166457345
831899,65.9037617632419,-0.5355866859740848
832198,49.017509060399306,-0.6131859881603043
832499,44.605586272322924,-0.6272485229309703
832798,51.010990848954854,-0.539719762606871
833099,48.442458568121516,-0.55574946329552
833398,31.890770557450228,-0.47598113583436774
835799,10.993527414700473,-0.5048692664518122
836098,12.798077348457452,-0.3339599418371204
836399,11.020456015091808,-0.30181241508314915
836698,10.66688504852005,-0.37214545016205536
836999,9.41961289511557,-0.35570745504065204
837299,8.213201918680385,-0.36409202635230065
837598,7.974256989835478,-0.42177957466143634
837899,8.890708279636563,-0.4753732047699917
838198,7.314050555604,-0.5868510282587964
838499,6.632511649983628,-0.6040177325719163
838798,6.54089304220585,-0.6174560203167145
839099,6.759200768831923,-0.6685543567016912
839398,6.654272790028681,-0.6570636981559452
839699,6.870336365098127,-0.659774761430717
839999,6.88591063930183,-0.6821823086026217
840298,6.955400147403683,-0.6856543652129745
840599,7.059523444012478,-0.7148454507805426
840898,7.332523820437487,-0.7275984173463539
841199,7.488668020249987,-0.7099022458993685
841498,7.306668159995202,-0.6674484500463382
841799,7.589144661671128,-0.6677107132635918
842098,10.071816374112853,-0.45905792840923776
842399,8.550766820104153,-0.5287065956648578
842699,8.134104346046126,-0.5968909518219121
842998,13.120970503696746,-0.466591937852441
843299,9.233770539363256,-0.6050258134525812
843899,1.1076242581017928,-5.282111303899115
844198,1.4509465620369777,-0.8322866305133707
844499,10.082811573708167,-0.5675510908196886
844798,10.207152049066961,-0.5245351643382319
845099,10.355268542874832,-0.5271061526958785
845399,10.582841671645664,-0.48893587726913434
845698,11.4702019099165,-0.5098556972815327
845999,20.815574744258686,-0.42282471261931254
846298,25.177325062265634,-0.24379942341109495
846599,38.065333387578136,-0.23273019753055135
846898,61.489501133996114,-0.2754782338272712
847199,72.57313827553084,-0.2787127959674447
847498,2.1564187561313997,-0.13436272778315916
848998,8.122525230730028,-0.3364821561997928
858298,20.517738502277204,-0.6224159218707079
858599,11.542048969172201,-1.0581376569922951
858899,24.462780801997113,-0.808497726498554
859198,20.746781896243963,-0.7904171431189151
859798,0.7155254043846737,-1.8487912308794403
860398,0.8624280623088874,-2.165393112046065
860699,0.8946619915611623,-1.6590691296486662
861599,0.9390248188517928,-2.2627591329419925
861898,24.164818628675324,-1.4677924874036359
862199,17.5992435515781,-1.5026506873068803
862498,14.072357101600463,-1.219437239456823
862799,1.5723407501985263,-0.6497245398031533
863098,1.2481500786630542,-2.5997869188316436
863399,22.70023222540217,-1.1132186340345807
877799,6.7127156515299236,-0.6910332634382472
878098,8.442161831306459,-0.789763817040541
878399,8.010490223185933,-0.7503696135168556
878698,8.374677752708164,-0.781137332726348
878999,8.056129387146582,-0.7235440315792405
879298,7.843891946010007,-0.641595931896372
879599,7.775235460079608,-0.6698214687022157
879898,8.0545416432972,-0.7078803337992932
880199,7.196392208172759,-0.8549661344898987
880499,5.763304578447664,-0.7812557453733084
880798,6.285951915035627,-0.8056248697170243
881099,5.658968160519422,-0.73470008694752
881398,6.177638022093497,-0.7783509958137516
881699,7.196366562197664,-0.7414381525595919
881998,10.814796998286434,-0.543811880766957
882299,5.284854938616644,-0.7243352243390524
882598,5.326697206908312,-0.759493192998755
882899,5.451521005683776,-0.7199283360175976
883199,5.4374972858620145,-0.6911247544336598
883498,6.240402830320907,-0.8006422620320977
883799,8.654388202545855,-0.7971581687711073
884098,10.460890532500905,-0.48677351139818925
884399,6.017424672762478,-0.7964849238713247
884698,9.19393007703794,-0.5854889935983996
884999,8.389634746162942,-0.5258300900932582
885298,8.365459726151366,-0.5183518999578605
885599,8.460952328670446,-0.4739197025129487
885899,8.32357444013748,-0.5146464684134724
886198,8.480496358060932,-0.5710721707912498
886499,8.396798593806304,-0.6231289261213631
886798,8.675915650655842,-0.5855630925810544
887099,8.868178970709081,-0.6082049620586467
887398,8.754159065303988,-0.5607621645079364
887699,9.014811064989331,-0.6624152004650161
887998,9.685796909616489,-0.5779841441866527
888299,11.027288566216182,-0.5928145329794403
888599,13.55961476769387,-0.4954480824309244
888898,8.333499274880532,-0.7478973629407943
889199,7.7694932530217375,-0.7121028589566232
889498,8.692762276586397,-0.536847643098258
889799,8.91412805784797,-0.5169573873128286
890098,9.283739756019422,-0.5755416324086131
890399,9.6047570689222,-0.5094032651350067
890698,10.051434812487015,-0.5640910937167225
890999,11.106682009156835,-0.694789825319424
891299,10.701918276037942,-0.616240499004465
891598,9.454366616248588,-0.5154502029139336
891899,12.832349722272575,-0.6266509578805828
892198,10.3397116548597,-0.8973007466785732
892499,11.331872936318035,-0.9127033026510332
892798,11.588649009159148,-0.8609141734629104
893099,13.11031175394097,-0.8270964625703283
893398,11.56967009009102,-0.809801298474234
893699,10.120190151802667,-0.8413797074864435
893999,12.330175631917822,-0.8099922146771745
894298,11.933606942698502,-0.7585322939439743
894599,9.484701894918409,-0.7516119193040751
894898,9.306856068072502,-0.7240349394912202
895199,8.940316159434612,-0.7594659014157457
895498,9.877447360713866,-0.763469246560077
895799,11.200498819232386,-0.7307169971085274
896098,11.34362843202026,-0.7577638307223038
896399,12.312106451691555,-0.8153468199222604
896699,12.57551326780267,-0.6590889859676734
896998,10.46543261234202,-0.8190644871912156
897299,14.974579416665506,-0.8331335376521494
897598,13.433780042681297,-0.7964614654965396
897899,15.453887719882687,-0.71099406007725
898198,15.740386425135414,-0.7395871874162125
898499,12.8961551965735,-0.6817613126853161
898798,43.94126758121931,-0.4992963552363836
899099,57.24036166208042,-0.6172955541853316
899399,37.07624048090261,-0.5082707719479678
902398,3.4809607532196165,-0.6110872247982237
902699,12.477837724454497,-0.789454216672896
902998,21.106571476247083,-0.8040436060196459
903299,25.6029907795156,-0.9695932455597134
903598,11.694677606373592,-0.7636441069068505
903899,11.190155443811928,-0.9213196118186759
904198,9.432022336963868,-0.9119961223463453
904499,9.383318202339705,-0.8409333523426772
904799,9.877350801999427,-0.7811735269809394
905098,7.239479299026367,-0.9624706167062564
905399,11.196455698491643,-0.8242580551276535
905698,11.525418173794884,-0.8595461989505933
905999,8.681496168267108,-0.98070837179338
906298,10.284381253160625,-0.972434897314006
906599,9.573894930441558,-1.046994417645549
906898,13.054489362172202,-0.8045202350461118
907199,12.31906908970776,-0.9515384054203229
907499,10.975377824368959,-0.933267997400884
907798,14.28697178266378,-0.9916599251317513
908099,12.685830587936927,-0.9808288367891771
908398,22.237582704563245,-0.7605846133697769
908699,40.465669228668375,-0.7429289168375828
908998,13.407448597419888,-0.6877155968510571
909299,8.393745695230072,-1.032743620611135
909598,9.541130834346651,-0.9695089017604852
909899,24.017661320797043,-0.45615819857786977
910199,6.2892946625047985,-0.7766817923728448
910498,12.025946897818871,-0.7482622349016839
910799,7.739989046250904,-0.9632970187835348
911098,13.157229043139795,-1.0226429755810216
911399,23.158483952439212,-1.0022134107260148
911698,29.76334478817995,-1.29657185584756
911999,7.215557735940719,-0.6811065222985213
912298,7.349232726290257,-0.664560685860061
912599,7.530754982364332,-0.6120750253532845
912899,8.061687963517109,-0.5185930602659043
913198,9.254257878905996,-0.44212198040877615
913499,10.173940983419888,-0.4089031490223889
913798,9.473767365901368,-0.4459058935251994
914099,8.44695367113285,-0.3399221731087063
914398,8.431922634327293,-0.3010454474589037
914699,9.186267604112016,-0.31433905729085176
914998,10.45848887202174,-0.3164155009757412
915299,10.641151457827295,-0.31251243367904546
915599,11.086532964160625,-0.3037356979670158
915898,11.684327438195346,-0.3165452266040516
916199,12.50586994306109,-0.31493983722717034
916498,10.482949501517108,-0.25517516111049443
916799,11.11190102864905,-0.296165874524851
917098,11.71808443768609,-0.29583092781422793
917399,11.981192453818032,-0.2956012948618958
917698,12.61478113423933,-0.29679212803642874
917999,12.745964734213869,-0.2864438302087724
918299,13.481073671443035,-0.2947449748716908
918598,16.028013362341188,-0.2579174208569255
918899,16.05559871626248,-0.2605593589810524
919198,18.29771539176016,-0.6272505937679191
919499,14.71247665331109,-0.44008474766826455
919798,16.572377231197663,-0.5330208350661572
920099,16.63533916231572,-0.5109940832950466
920398,17.551570322408313,-0.46125604356166416
920699,17.832889537743963,-0.3951344692074694
920999,22.792705517200815,-0.5291521610236469
921298,20.863008345676832,-0.6085632038263165
921599,20.21265116286433,-0.4643275876908901
921898,23.188116636596646,-0.5479242257681378
922199,1.1482431238860296,-0.48833919496558287
922498,14.148452872030996,-0.5169115832458573
922799,3.3805333287417247,-0.3691498713967476
923098,1.699295140342048,-0.34871816218321405
926099,50.09557075937145,-0.25398902412638225
926399,57.01735049151632,-0.20203495251506176
926698,4.3250457284095525,-0.5042334373773936
926999,5.184011184907238,-0.440141921019916
927298,5.80828764645122,-0.5400159300659182
927599,5.509943383407239,-0.4667159266433203
927898,6.043074737298443,-0.6908346259618172
928199,5.855366386888721,-0.5676971023194792
928498,6.179213019057702,-0.6877438262247078
928799,6.037898900037785,-0.7186085771286521
929099,6.1296093244535355,-0.7645158471392408
929398,6.3267620767021375,-0.744846424369227
929699,6.428184125296129,-0.7536748955020784
929998,19.44208089801097,-0.33825114995249295
930299,6.308561312442879,-0.780677130680586
930598,6.765469971128064,-0.8084667821866283
930899,6.88025873541047,-0.7769513713206524
931198,7.5184648294684955,-0.8119598601041476
931499,7.5693612510030635,-0.8319754270604087
931799,8.646777078799513,-0.8321317302814832
932098,8.052922851040258,-0.8508889290082833
932399,7.770736712408156,-0.8150115196359424
932698,7.422666565604915,-0.8145352506047185
932999,7.654642100440564,-0.846833075500234
933298,8.227154575500748,-0.8126579407889705
933599,8.024715274928989,-0.8280833896633717
933898,8.063713485303992,-0.7952093215312062
934199,8.141826206866488,-0.7525288692549146
934499,8.376368426308776,-0.6836620889703082
934798,8.805562668595812,-0.6917348235969634
935099,9.48869468991294,-0.6665256184564496
935398,9.65963650712359,-0.6409748882329627
935699,9.974766474651368,-0.5869787161612268
935998,10.724290433026367,-0.5857754041513208
936299,11.322446701331925,-0.6131015144873455
936598,11.957089527500905,-0.5870013860977712
936899,13.065395641554144,-0.6171925645570775
937199,13.593865609417572,-0.6251034210667936
937498,29.215674679564206,-0.5932810595533795
937799,12.722365920989331,-0.7831735744303818
938098,31.608579709021985,-0.39611131431528146
938399,39.099300687121115,-0.48243956342981065
938698,46.14197792938964,-0.5529508641954464
938999,36.101239872717024,-0.527553278620029
945899,7.376138454598126,-0.9602279920054588
946198,7.1756562675356275,-0.8543586849531457
946499,5.684779943896738,-0.610189958573524
946798,5.42457081117683,-0.5898596132105904
947099,6.933864093835207,-0.7803149812758556
947398,7.401166070321744,-0.842358332955716
947699,5.522441776760164,-0.4633812095950469
947999,6.110384901510163,-0.5938442441960341
948298,13.264358529269423,-0.9303933673878488
948599,25.288508745024888,-0.7714749574471806
948898,27.03735038184796,-0.7534272133643651
949199,19.51022921103315,-0.8618262265568521
949498,12.14413481868609,-0.7996680391945628
949799,1.4663580934338876,-0.44347992513848356
950098,10.968451690781805,-0.9219313551220811
950998,16.20176143129241,-1.1380023401118136
951299,7.853783149574978,-0.5871575468698025
951598,7.105920825126874,-0.8149499650078569
951899,12.589665049028522,-0.39573019984404567
952198,9.49202541026563,-0.4248001469050915
952499,1.7392349832295304,-0.24436863766003336
952798,4.7854198938059485,-0.51089659781716
953099,1.1943679429994554,-0.4361628899584895
965399,13.294226945077153,-0.49479233649164645
965698,20.65810266957347,-0.6537294886749427
965999,5.602890016253063,-0.41200203368101995
966298,6.52832455335723,-0.45773421240870715
966599,5.973571872972971,-0.3813615405935562
966899,7.038778707725441,-0.570226206253891
967198,7.475132910630533,-0.5818299715433684
967499,7.414291114718498,-0.512959474251627
967798,7.504559940410626,-0.5413342481357455
968099,7.502516175158314,-0.4581998006994321
968398,7.0681990926282205,-0.4378806681727061
968699,6.8788420740934955,-0.42619030877835695
968998,7.178016123070192,-0.3973602200474138
969299,7.149402891764639,-0.38366768346682445
969599,9.09172388172178,-0.7887511583695506
969898,6.0730515956953495,-0.41150127728638863
970199,7.134156921899052,-0.6234353381439803
970498,6.676710444468496,-0.5082087411695893
970799,5.825449772579607,-0.399953107360572
971098,6.56237828813285,-0.46060043900344505
971399,6.533087138091182,-0.45721758990669903
971698,6.101643750760164,-0.40766303402713566
971999,6.38188985736433,-0.6852612166847909
972299,6.266203212586552,-0.39394024368462666
972598,6.512436238098127,-0.4304579255060714
972899,6.143964440234701,-0.4151068198754988
973198,6.424092802269423,-0.40379625907065164
973499,6.647102721132849,-0.39816801479868613
973798,7.052556801852756,-0.5082354054481308
974099,7.108604620818034,-0.4360838090462733
974398,6.8754189539045205,-0.776476092774453
974699,5.621984825218342,-0.6889401808402251
974999,7.603983127191277,-0.8818267433567035
975298,6.685953215737016,-0.6797801977550588
975599,6.865877551287941,-0.7078771484993192
975898,7.122821324014794,-0.7178946689379386
976199,7.529036237760163,-0.7555481728660305
976498,7.755447646068035,-0.7202247348165793
976799,7.399273115841183,-0.7079291777197001
977098,7.627336730280997,-0.6574124287068013
977399,7.644910498966182,-0.6491152493672621
977699,13.136027458093336,-0.7552427452520956
977998,26.43707079030878,-0.35468935481526875
978299,18.839766468632845,-0.48881954624072166
978598,72.52718582339756,-0.3503071722837572
978899,27.144688266389633,-0.4413656298500688
979198,8.898190161579608,-0.6541188976765175
979499,7.935462586246274,-0.7300337789139026
979798,8.24539748149396,-0.7138945864395896
980099,8.764377939155999,-0.7283290515737126
980399,9.026865592924516,-0.7360163814529912
980698,9.570851870188404,-0.7394165803316117
980999,10.218736455491644,-0.7492002362535304
981298,10.581131948139793,-0.7323491739466439
981599,11.205573074436089,-0.7335525038361999
981898,11.887142102554145,-0.7146756844991575
982199,11.56392506768146,-0.6942677615861186
982498,11.469720611431459,-0.6843055313629305
982799,11.577873058213868,-0.6575373298112897
983099,23.82856335095023,-0.5272398817059476
983398,10.233069357030834,-0.6931221285076141
983699,9.791271046036464,-0.7294763876353083
983998,10.707505898567874,-0.7635096999034563
984299,11.33070833831656,-0.673810965319031
984598,12.430457854040258,-0.6454839992095751
984899,12.713600789855072,-0.622394544138084
985198,13.554112529491645,-0.6052225819336416
985499,14.308047495723125,-0.5639647639760836
985799,14.832774252341181,-0.6109249016955853
986098,15.533900511748588,-0.6144842862878765
986399,16.70401702532119,-0.597722433092551
986698,19.210028709723964,-0.6409361312539263
986999,20.415706153226274,-0.5940997537263712
987298,19.146712444059613,-0.5792397121284056
987599,18.28297078273785,-0.48878660293282206
987898,29.394660840585047,-0.6381877298803023
988199,39.73183698091606,-0.6910033228907473
988499,40.36795621464291,-0.7214639789037223
988798,29.768284774990136,-0.7485465765270078
989099,1.4165747371499184,-0.729815433696422
992698,19.779092895624395,-1.2035915281066343
992999,17.611471566177638,-1.103929867720438
993298,12.107279949848127,-0.7356202098255109
993599,22.924212543302673,-0.8871095024780102
993899,12.725518968313406,-0.8132506808696767
994198,13.252235944308776,-0.7577499036330952
994499,17.965138737696186,-0.9474218874986675
994798,14.695180893751743,-0.7983756508696824
995099,13.095565974992482,-0.8669134950571502
995398,12.266880996679982,-0.7195093283054816
995699,15.01674113071702,-0.8630395151746251
995998,11.791365563872112,-0.8422322434922651
996299,10.76208029516378,-0.7928770672739407
996599,10.683890004200817,-0.8802185159274498
996898,9.860283752487016,-0.7177438708006316
997199,7.5442888672370145,-0.7677746454590997
997498,11.918525244552669,-0.730049805330327
997799,16.944616119666094,-0.9778427463083863
998098,16.959917822170723,-0.9769799551786345
998399,14.92082567897165,-0.7429115982558661
998698,19.193042198170726,-0.8382631105466158
998999,29.885721719512723,-1.2209345292539484
999299,4.501346187825942,-0.8556287867075687
999598,12.87006718124017,-0.7312641012265024
999899,33.61653573996469,-0.744238924184899
1000198,19.84007546396699,-0.9728874289934475
1000499,26.824313975240138,-0.9754714394368875
1000798,12.546008062963704,-0.5469812279293726
1001099,24.305660988119765,-0.7901516821738148
1001398,20.73643304532813,-0.7018278397278748
1001699,27.22243244314986,-0.6591036912513089
1001999,36.021179958406805,-0.8330053801810049
1002298,3.829761903348318,-0.6109618025596213
1002599,19.98337493456421,-0.8312512150083793
1002898,4.214957592350477,-0.6229758136071415
1003199,2.6479752327232564,-0.6001058933409469
1003799,16.042527444908202,-0.6553243742061146
1004098,25.068095948689994,-0.6894532174350008
1005299,29.728222162637728,-0.8056799751852362
1005598,31.303301378445596,-0.6052811359287784
1005899,22.96625355606655,-0.6678046643307347
1006198,18.239197604441557,-0.44859881825482084
1006499,19.94529728955498,-0.48990910612875194
1006798,18.774193155485534,-0.5078288421948525
1007099,20.743464737691554,-0.47278243774467277
1007399,20.307701246429982,-0.43205699382763596
1007698,61.31456876306884,-0.41703004981170677
1007999,23.153507741392914,-0.5721627672640281
1008298,47.74427384098319,-0.5288207272206131
1008599,17.902856751487853,-0.3983265931996971
1008898,18.097432824891943,-0.5507856376338747
1009199,32.92529127479337,-0.4925889634042653
1009498,32.095403710494764,-0.5397002817693854
1009799,56.33547008170311,-0.5074101412894638
1010099,38.32469845531421,-0.5702858206544208
1010398,6.482336598732143,-0.4885202654510792
1019399,5.280356946259123,-0.4080615664885443
1019999,7.35942569753084,-0.5621055184091344
1020298,7.5795043041905625,-0.5294966269771912
1020599,7.547104305426675,-0.522307124538381
1020899,7.834411814993804,-0.5619617932935517
1021198,8.525424433521584,-0.6579316578295986
1021499,7.657592948188248,-0.5900920182565133
1021798,8.213738279931304,-0.6781594034928009
1022099,8.34783774156109,-0.5885589869524577
1022398,8.655727759526368,-0.649628262122731
1022699,9.033699508929146,-0.6873679094212695
1022998,9.483621657269422,-0.7045750241467017
1023299,9.87416064573933,-0.7154720028495942
1023599,10.04251166681572,-0.7267492206277584
1023898,11.086324015125903,-0.8049293584506634
1024199,11.688937599878221,-0.7952198477133137
1024498,11.295518890792573,-0.7001735678819265
1024799,11.394547181642109,-0.7546536931076615
1025098,11.815999721905996,-0.7492209699317605
1025399,11.838859820169885,-0.7180445147772385
1025698,21.088635964005782,-0.8077645137685203
1025999,18.126197174139634,-0.7093425327961818
1026299,15.082870812142106,-0.7413483954981541
1026598,17.246097131210078,-0.724366691892488
1026899,19.1888793413698,-0.8033353410162227
1027198,27.98806743978819,-0.40029833275922644
1027499,34.298207196961805,-0.371262159974185
1027798,46.4342778878906,-0.32556287873180545
1028099,28.970887201221053,-0.47767718975541285
1028398,36.86951461685356,-0.4152121392033623
1028699,20.401109624050356,-0.5204694472793094
1028999,25.783617456704444,-0.4809948333136642
1029298,26.27519181924943,-0.49943658542479263
1029599,79.15508359499015,-0.656598156118271
1029898,10.552585221294512,-0.5731469132834617
1030199,10.724015430027288,-0.576805687641164
1030498,40.87560129369328,-0.611282623615683
1030799,62.48717866946371,-0.9609370313423076
1034999,1.534271326759428,-0.47766917619181126
1035298,28.292560437533147,-0.6894228556881947
1035599,20.894672302883684,-0.7475720469653682
1035898,10.372975704991644,-0.8816885815286832
1036199,10.817958777720811,-0.7147621858024289
1036498,8.91206677742683,-0.6443714177488908
1036799,8.53952662124859,-0.7781486373634094
1037099,8.870865922806463,-0.8737535206040161
1037398,8.265756977748588,-0.7868223588076615
1037699,9.133578267121274,-0.753190215705589
1037998,9.99581923524859,-0.8402579283875715
1038299,9.13921753997544,-0.6751254405540512
1038598,11.208264410014792,-0.7851079823053151
1038899,19.186624898392946,-0.9362806236773353
1039198,13.219656337608223,-0.7807876416344277
1039499,32.04196584171833,-1.139285854894919
1039799,40.645778433596654,-1.0373526238597437
1040098,19.86106571786921,-0.7969190389261922
1040399,33.008473108582734,-0.9306894527742839
1040698,14.510009880170694,-0.6898895065205657
1040999,15.427714912154519,-0.8031219754289074
1041298,20.972467473207757,-0.5681997067538194
1041599,10.30801882108424,-0.5887470805896788
1041898,29.081349883209075,-0.9846650559541921
1042199,12.928589851843496,-0.6421358094550762
1042499,25.767321648571187,-0.8364727443241531
1042798,11.74437997193146,-0.5509268573056463
1043099,21.4168027093119,-0.6291009689488911
1043398,10.75545100780646,-0.5189808640938347
1043699,10.303453709301827,-0.45579409343499977
1043998,10.668528591644424,-0.4707518334433285
1044299,12.249970479146738,-0.4460900467661064
1044598,11.96945773011896,-0.5079195163638588
1044899,21.419007870381346,-0.795091465256212
1045199,14.444636668095812,-0.4795740707714855
1045498,15.209928982461552,-0.44836641334162897
1045799,15.264445408089706,-0.40471513136236736
1046098,15.056095027264794,-0.38847848792025386
1046399,15.57426383071618,-0.4048131298202513
1046698,15.793781872505535,-0.39264110303349287
1046999,16.483549002348123,-0.3843877611120208
1047298,16.97240086265599,-0.3657704567803246
1047599,17.054165804373586,-0.351633938276837
1047899,17.69445761637822,-0.35652318969072505
1048198,17.355105276919883,-0.3680409036043084
1048499,17.867320090144425,-0.3624164642265675
1048798,17.9854447981097,-0.38339854584093436
1049099,18.524821667248588,-0.3743217594388719
1049398,17.764599388554146,-0.37293942420624226
1049699,17.57700037207961,-0.3715558183026464
1049998,16.982892243417574,-0.35380586502049916
1050299,18.103496986894427,-0.3627412993952728
1050599,17.61597157087359,-0.36501013121831694
1050898,18.136820819533312,-0.3612957752530004
1051199,18.830845657755535,-0.3612760059711333
1051498,18.973139563542574,-0.33790053172662393
1051799,18.739444902065717,-0.3571361341439625
1052098,19.364934341894426,-0.4003944250946643
1052399,19.863010254602752,-0.40553519585966025
1052698,19.179186516595806,-0.3882524318074594
1052999,19.369355433651368,-0.39638465641108356
1053299,22.712887025879056,-0.47397108090787543
1053598,18.480703390970813,-0.4295003261774284
1053899,12.792553201683774,-0.4967789477355371
1054198,15.517149295274054,-0.4726069370918531
1054499,15.768645034831925,-0.4477193849261427
1054798,14.995326671095816,-0.42415337732010716
1055099,15.895417741218495,-0.4399625243164156
1055398,13.351942008331923,-0.44323080436639106
1055699,16.125984198781836,-0.5178872724951913
1055999,15.291086786443035,-0.4660043085363774
1056298,15.278559536355068,-0.4547762405308762
1056599,14.641195973973124,-0.40152535457191485
1056898,13.890380841797201,-0.3876455998605255
1057199,12.099088957447664,-0.5269231659389815
1057498,12.869519244068034,-0.5282020836179411
1057799,13.646451600568035,-0.5947249684497051
1058098,12.649135333531,-0.42526374205225137
1058399,11.532606739750905,-0.44099874234642455
1058699,9.331199246112018,-0.48980484109617284
1058998,9.702872561021737,-0.4041825430518542
1059299,8.31927475138748,-0.4884743363150925
1059598,9.076435787987016,-0.36482630825174334
1059899,9.361720608431462,-0.3671883434273644
1060198,9.951205651017109,-0.67710020413278
1060499,8.917817426760166,-0.3758122651047089
1060798,9.517736678734702,-0.408873468897649
1061099,7.0366801130238965,-0.4214954547028942
1061399,10.523070263991645,-0.5351644734096974
1061698,9.817377225496275,-0.6148065315688531
1061999,9.404874560512477,-0.48506028626742537
1062298,9.227800858855069,-0.5485249574793025
1062599,9.760709403824979,-0.7284393625920045
1062898,9.802639333541064,-0.8073169153548791
1063199,10.111868127274052,-0.8001868465984225
1063498,10.52246953355498,-0.8012262709406686
1063799,8.60653073191757,-0.5505554975034235
1064099,9.705110340910627,-0.659249268965131
1064398,9.336469536940719,-0.5602232741996063
1064699,9.232180889313405,-0.5286299084502828
1064998,9.297453261197663,-0.6118526163641829
1065299,8.650857323452293,-0.530466597834196
1065598,9.119973090530998,-0.5078948952607292
1065899,9.520535303542571,-0.44245394464221777
1066198,11.499672014385162,-0.4831752943147323
1066499,11.788154083811927,-0.564522845707168
1066799,21.21660830951926,-0.5305387160927384
1067098,10.870822962072664,-0.514881483468981
1067399,11.612551161808776,-0.5366431674239722
1067698,11.541125609718499,-0.5253391207679798
1067999,12.631113343241646,-0.4833336360118625
1068298,11.94109580269535,-0.4891810211470873
1068599,12.200032607544884,-0.4843916974748228
1068898,16.97105419562443,-0.4102772595260711
1069199,13.281331540952293,-0.5051727166073723
1069499,20.752824886154514,-0.35606179588768505
1069798,15.949664041118963,-0.4385921921828897
1070099,17.178055066867483,-0.47198200124446
1070398,19.747399991395255,-0.3963916092966262
1070699,16.81754579422396,-0.481731012238358
1070998,19.614097713622115,-0.45053995214253995
1071299,18.749787877439243,-0.47905527816011273
1071598,26.468206329336386,-0.42834468366204637
1071899,19.134208874728593,-0.48593875969571165
1072199,135.27187150942765,-0.25130343694654433
1072498,95.59803627976464,-0.21621660683685096
1072799,55.027919967901624,-0.3512335961620574
1073098,71.89452437190855,-0.329069004615532
1073399,93.58329855555033,-0.22562051864296495
1073698,33.096776747218335,-0.2752746985633676
1073999,41.744117229716444,-0.24917191522225246
1074298,71.67112270869383,-0.26132554285198273
1074599,50.477983995388726,-0.25093785939044966
1074899,34.621278987548436,-0.25500802583590954
1084199,37.80187286115681,-0.9841413175175
1084498,21.629708534753465,-0.8777833829036954
1084799,33.57926331757986,-0.9639691033961435
1085098,23.987032154806297,-0.8955559199601468
1085399,16.918090151733225,-1.1673512937745092
1085699,18.268141757497112,-1.13306622151674
1085998,21.65151279409665,-0.8521588663329787
1086299,16.958621014740164,-1.0146517019607653
1086598,15.988274484020264,-0.8485832885581979
1086899,17.733835060564243,-0.9734481598729663
1087198,21.249377825886,-0.9539648926483666
1087499,16.100668915089674,-1.0571495556080697
1087798,19.604404165575815,-0.9222520541121713
1088099,17.971567937446185,-0.9321115129371924
1088399,20.162937796351276,-1.0678537679952784
1088698,21.898939285294723,-1.1324730314862905
1088999,23.8760617581813,-1.0052582791790639
1089298,18.72113018956787,-1.1057263115979543
1089599,14.275617245220651,-1.1087752507177195
1089898,20.14994012361517,-0.9170048543442582
1090799,20.700473452462358,-0.8021571509869188
1091398,3.8511200069017235,-0.6992230185881285
1112998,21.375011894068038,-0.662822068431137
1113299,20.039049795656,-0.6540713713554827
1113598,18.758035809213865,-0.6461622722426543
1113899,31.736261530619206,-0.8990165029689143
1114198,21.393858216952296,-0.6301873598632253
1114499,21.427628018797204,-0.6211270929608441
1114798,30.490171747511006,-0.6347839443250596
1115099,56.86197967402949,-0.6195079846010743
1115399,80.01833774946004,-0.5312968049141047
1115698,1.643729007236374,-0.5297240416447857
1115999,6.9367066058769025,-0.26796395021502084
1116298,17.139361173955415,-0.3417029429948326
1116599,12.489704845152174,-0.42993628852086196
1124998,31.59353458962211,-0.7675479621947807
1125299,56.21189390393592,-0.9139526543600953
1125598,27.89685907962211,-0.9064797401184237
1125899,29.169541190186933,-0.9448401344624178
1126199,21.81914246529341,-0.7995865339869703
1126498,13.231868479734699,-0.7624602513546961
1126799,21.225357041325818,-1.0966509363474861
1127098,9.393636883350439,-0.5532659114763654
1127399,9.66183146483655,-0.5273639079277737
1127698,13.608382702291063,-0.8324527648467028
1127999,18.254802881156806,-0.7162854166636075
1128298,10.65435412390449,-0.8514379443040441
1128599,14.788941764963706,-0.9232990744875031
1128899,14.11032809264986,-0.6914483676720735
1129198,18.93316515206884,-0.9417115528614783
1129499,9.247301019300322,-0.8632428357181274
1129798,14.32496152660125,-0.9918014402706239
1130099,17.273583843973938,-0.8490189702947686
1130398,13.976945353263288,-0.978649054691318
1130699,7.62043199047081,-0.8358525882816947
1130998,13.834966712504059,-0.9288197930832998
1131299,14.934783973112015,-0.8808454686483453
1131599,17.18413756604341,-0.9331623593019085
1131898,12.603378696917568,-0.8751511679297526
1132199,13.716132477028683,-0.8503706203646333
1132498,17.538310921733192,-0.9366400917322257
1132799,16.16508927101792,-0.9694321584235877
1133098,18.883025972360507,-1.011933074193193
1133399,17.276787304749394,-0.9781959123476376
1133698,19.90807174299245,-0.946130897567635
1133999,13.92134103052949,-0.9172274538207632
1134299,8.561621284804113,-0.8368265978826042
1134598,17.51361390214889,-1.006069324115908
1134899,27.506340755126743,-1.0423045519843894
1135198,14.906931007734695,-0.7450493551056367
1135499,15.506180962941556,-0.7680436665449559
1135798,15.909385777101278,-0.6866407745480378
1136099,15.362320889753217,-0.7044261947873001
1136398,15.620218897315722,-0.6564540936589751
1136699,18.786108210915256,-0.7401012017785258
1136999,20.66571035889905,-0.7713682221953413
1137298,15.334226301440717,-0.6139974563976065
1137599,16.459533773584237,-0.5954183610454253
1137898,16.472995606419886,-0.6113647377450633
1138199,17.48824246041063,-0.6034410649579072
1138498,18.045498955176825,-0.6018586189099331
1138799,17.888124223276368,-0.5823963548380469
1139098,18.78484817165831,-0.5335486901589961
1139399,19.203631273403683,-0.5308126499102688
1139699,23.238077673395267,-0.6795909003803839
1139998,18.472609226341188,-0.5303672036945832
1140299,26.006555749165507,-0.5366087635189205
1140598,19.014879035718497,-0.48714571727872613
1140899,32.5900505116198,-0.7629011781028276
1141198,23.537688281404492,-0.6391942244567494
1141499,19.55540362984581,-0.5431147879835896
1141798,19.350640247663776,-0.5250303831173486
1142099,19.200910694505534,-0.48938033643230705
1142399,20.355571090918406,-0.5158718717512569
1142698,20.299322598412942,-0.5628856054270481
1142999,19.192249001750902,-0.6004792370012202
1143298,18.22234369161433,-0.539716948596461
1143599,41.81980626486282,-0.6231719427039979
1143898,31.876950084230316,-0.801744430731282
1144199,25.657172454295726,-0.7049019937277585
1144498,17.384025841526366,-0.5179447797836625
1144799,17.153044759168132,-0.6003804412953782
1145099,18.858499963098122,-0.5660009961358055
1145398,18.63764735439905,-0.5447764944473241
1145699,18.83963504582266,-0.49817886341796314
1145998,22.3253550784948,-0.5859687947274519
1146299,18.6172001824222,-0.6548031558343159
1146598,18.751243758960072,-0.7106302092102412
1146899,14.135002030561088,-0.6562369426726691
1147198,15.97392666282266,-0.7580116071658161
1147499,16.760819672452854,-0.7481189198774179
1147799,14.963701075373589,-0.7227594122352774
1148098,14.889436943088867,-0.7258400700283245
1148399,15.942568842857387,-0.7778939524783721
1148698,15.422320668754022,-0.7720245477291057
1148999,12.942000043066278,-0.8814536394771497
1149298,12.865633856411186,-0.49733494855784466
1149599,4.360848496802163,-0.6013304387937783
1149898,13.824800726896738,-0.832055084305612
1150199,16.253670073405857,-0.25639789751540976
1150499,11.129803753635972,-0.9101154193935768
1150798,13.25427288960591,-0.7384236769241441
1151099,15.22530644195692,-0.672449146040939
1151398,14.674718888686089,-0.6909047188416966
1151699,14.169144987790254,-0.6536528398578059
1151998,14.989558273498586,-0.7096576362709235
1152299,13.028764506054145,-0.7725358696694407
1152598,14.872539914419889,-0.6932534323675914
1152899,14.120738892195348,-0.7538964094080016
1153199,12.392334317304146,-0.6362892906359916
1153498,21.866939240063402,-0.5631947200078684
1153799,23.037796558074817,-0.7934081745652943
1154098,23.256379637469333,-0.5376282394901715
1154399,13.827346617961393,-0.6405577488319885
1154698,65.99352709257579,-0.4570182268691769
1154999,40.60667761424189,-0.3248835152437677
1155298,14.548749795674516,-0.5974116738896966
1155599,15.799673747420721,-0.569327562877491
1155899,16.809441275784152,-0.6439810047435126
1156198,15.939552023945348,-0.62916313410713
1156499,19.686900319482223,-0.6871029332660825
1156798,15.943772639811929,-0.7486555888638682
1157099,16.618663693549514,-0.7600825771286934
1157398,14.911464540188401,-0.6501522554039729
1157699,16.718392025068038,-0.5712590937563948
1157998,15.244073912475443,-0.6695475958600849
1158299,15.663361941179147,-0.5112921397652137
1158599,15.936904272834235,-0.562444704477775
1158898,16.805921693121274,-0.7642101629757443
1159199,25.90736595899421,-0.8861726899712057
1159498,25.219408850441525,-0.8709031860837704
1159799,23.78010782245023,-0.9250028907006602
1160098,19.77262052430035,-0.8314868628456473
1160399,2.472385229775171,-0.3416193818135851
1160698,60.28500542727949,-0.46059649674222825
1160999,3.9986897456837553,-0.36157408922332435
1161899,1.9175351013482396,-0.5521540310532982
1174198,14.185100234196188,-1.1459052297866377
1174499,24.494142163199815,-1.4384721687610904
1174799,9.304234329940556,-1.0816696959468555
1175098,12.220147104096649,-1.23299631356001
1175399,25.893540060286465,-1.2257482341496035
1175698,27.078805762607224,-1.162508931892734
1175999,24.839056382799356,-1.172835573901959
1176298,24.724066381579448,-1.192345041416528
1176599,24.14880207579573,-1.478651295426491
1176898,20.494339813019266,-1.482341278306027
1177199,22.97728738272162,-1.3914485639480216
1177499,20.057772871952544,-1.216383129284746
1177798,23.531938178773895,-1.1770145127453033
1178099,18.948157170239583,-1.0801824855580033
1178398,21.95546653785954,-1.1928985467646522
1178699,6.306518788141571,-0.8228267422234488
1178998,25.36160779977158,-1.1862963010935892
1179299,24.44369888370082,-1.1426936326599755
1179598,22.28425170519056,-1.003591314970393
1179899,35.837831544109946,-1.00278787790521
1180199,38.48001079409797,-1.5500605176218811
1180498,8.08681387840449,-1.0448326280742246
