,rmse,skill
299,0.3758249326586699,-0.6036084374462864
598,0.42932876336912335,-0.8825598561990866
899,0.3152509323511402,-0.07871786536607672
1198,0.3320344425361863,-0.17424275668280154
1499,0.3375349148949825,-0.14562011244321038
1798,0.3526978873324826,-0.21734869096491893
2099,4.3805042943071255,-0.13534018912250856
2398,2.6857723499049686,-0.2054859716087165
2699,1.4784560397089117,-0.1649192499743044
2999,0.2797112838220114,0.3010213186091313
3298,0.7818213032663112,-0.16659018731394482
3599,1.5432451942507321,-0.2521823454801069
3898,0.36822088633391037,0.028525321092733646
4199,3.123016911098473,-0.2930988364181437
4498,0.4536033782113017,-0.3198783385250752
4799,0.33997794274576093,0.09474741025302957
5098,0.32884144626461603,0.1508510077292231
5399,0.24439196825800125,0.6716646138696611
5699,0.22447994965383458,0.7229791223956819
5998,0.4739227812474791,-0.04730634655110055
6299,0.23467166258128044,0.7303578985654704
6598,0.19918053268930003,0.7347564072368956
6899,0.25821117806073357,0.596983501477046
7198,0.25472394566176365,0.5986838877355796
7499,0.273042559720814,0.5685909693278604
7798,0.26241438413528984,0.5643884376665407
8099,0.3053307238794015,0.5627650083146407
8399,0.43947695864180714,-0.12118967670275849
8698,0.40271875598439977,0.003444556549399569
8999,0.35931470557653383,0.1147175514945038
9298,0.3391197146158857,0.1880223849971252
9599,0.3191603088274675,0.22442109747719108
9898,0.4771038538086399,-0.3096264586439641
10199,0.4629563798780843,-0.27762886581243196
10498,0.49493815151465853,-0.34984782869131337
10799,0.48031003112808435,-0.31699061738856504
11099,0.5216662502391956,-0.4066740106414304
11398,0.5944071075622198,-0.30439774286896704
11699,0.6568267020910139,-0.3778618987818674
11998,0.674314871883979,-0.4446742830075565
12299,0.7664054087863106,-0.549384694957858
12598,0.8176115784483476,-0.5834989447332519
12899,0.8612676039786022,-0.36879165476584674
13198,0.8401305942355467,-0.33793346868163443
13499,1.41659158280864,-0.6220287863513434
13799,1.0801057754622418,-0.4960430293188567
14098,0.9412262211893131,-0.39478372444679
14399,1.0942446476756094,-0.3411398771200489
14698,1.1500678255807415,-0.44910002835793716
14999,1.3055840629187043,-0.4857099781269918
15298,1.5643793520097797,-0.45466163280099714
15599,1.5093308260540192,-0.5056564003867245
15898,1.6058317585518573,-0.40030936040077214
16199,1.3520497331884316,-0.34669918063481897
16499,1.5968050129870428,-0.4202582713031773
16798,1.5501322744662092,-0.3963237582598569
17099,1.5880154958226909,-0.4366690022173225
17398,1.555312714867038,-0.3017273197720529
17699,1.4233306201841673,-0.22777103671826815
17998,1.411709660644816,-0.2944203513989123
18299,1.0651718936864825,-0.08921908003035495
18598,1.014625824288334,-0.06594634761586748
18899,1.3777765845641108,-0.46562858214276126
19199,1.1047193681636476,-0.3877958993972219
19498,0.9513968877678146,-0.2785337175273015
19799,0.8922381715340182,-0.3708184501612497
20098,0.8000424481638282,-0.31524606205820693
20399,1.2434915952910404,-0.3134937391965147
20698,0.5461590893141884,0.16165677423544433
20999,0.6559924861776144,-0.11546395773620266
21298,0.48982872964057733,0.11356103281605423
21599,0.45345902270887833,0.13441790379697183
21899,0.6036562108560984,-0.15648824452601784
22198,0.5823070137727518,-0.18842565619161955
22499,0.5637509085551593,-0.12336096620691173
22798,0.44946304831094835,0.04915994601859319
23099,0.5335194193757631,-0.16204715608379594
23398,0.4446484596059937,0.27218063477135335
23699,0.5793518472526336,-0.07650072998879742
23998,0.4135007114887447,0.24471602152876337
24299,0.6426169176221975,-0.10506749370134116
24599,0.33853382777809654,0.31262432447560573
24898,0.40149604125689226,0.220314906947224
25199,0.3450958537783518,0.31080067167271874
25498,0.3732526996001111,0.12524543459159188
25799,0.37398487673899994,0.008952834118794217
26098,0.28584683156075924,0.26042075901715156
26399,0.29028680750936187,0.30072349106396956
26698,0.25344259468917363,0.42199652632271456
26999,0.2179591263433539,0.5100183248836059
27299,0.23448189255176521,0.44606683275449643
27598,0.2804223557423751,0.32783652847165734
27899,0.15308696296181304,0.7816391597190616
28198,0.14584786353286464,0.8065399119038781
28499,0.14899133003273646,0.8134872121738428
28798,0.13680136000053988,0.8126845467882685
29099,0.23503184935527402,0.5856038964808346
29398,0.1892075670357811,0.7023531574246817
29699,0.19184850940871756,0.7352582457968467
29999,0.2173129753298876,0.6448794426637248
30298,0.15631214318405437,0.7844670516471663
30599,0.21252232252264874,0.6392672239327901
30898,0.4093645760175056,-0.16673094856852377
31199,0.28954580872827085,-0.012946369452005557
31498,0.36042850771220014,-0.0485566403004396
31799,0.283313644055331,0.04357468526259145
32098,0.2676119368463033,0.04513804213953998
32399,0.3725568127563965,-0.2653999924393238
32699,0.41633044139728304,-0.31270230356403794
32998,0.460159979429633,-0.4290780136273966
33299,0.4493978286128779,-0.34458627457881463
33598,0.9007252413377631,-0.3824117533816631
33899,0.4925670392768729,-0.44561729803955386
34198,0.557954742962058,-0.4942182579315202
34499,1.4828367244735714,-0.5978641766769306
34798,0.5560210256151102,-0.5182238840434887
35099,0.44506425717847176,-0.3886434114130186
35399,0.2846781549587108,-0.17168306258936528
35698,0.4978329239828149,-0.22487121576117342
35999,5.519480675298871,-0.18459627625410402
36298,2.187492985626888,-0.39967468221316893
36599,1.274490699546985,-0.36499143704861337
36898,0.2599866289952448,-0.07164287786076295
37199,8.627917425968963,-0.2786016523128112
37498,0.5995161094028875,-0.3476995914892782
37799,1.0390681926137066,-0.28509531329235505
38099,1.3688506846022883,-0.168483997811268
38398,0.43651009778169003,-0.03025517291423685
38699,0.30455852979094933,0.12615181022823374
38998,0.5145362509877198,-0.203497106460387
39299,98.04211980352424,-0.5055482269720735
39598,0.17185439048004075,0.4897194392949812
39899,0.10887847029199339,0.8431931992927211
40198,0.13349044935018015,0.7792548024374936
40499,0.1414207580527183,0.8345038038031674
40799,0.11695660586175423,0.845328697349985
41098,0.10608216258169655,0.8596178560618162
41399,0.16659576457744424,0.7464212640941137
41698,0.1471698670288332,0.7915003964753126
41999,0.14998291635034325,0.7756454525806754
42298,0.13425241016772205,0.8259283462069764
42599,0.2559799419677179,0.44424737982672047
42898,0.17202782005215778,0.7049530114453144
43199,0.1543702060567874,0.7460649481304592
43499,0.13565245992807254,0.7877757186297287
43798,0.13154244544256033,0.79667893415048
44099,0.501356026920831,-0.4631678337276641
44398,40.517443616450876,-0.18058398014399013
44699,0.11712702270436247,0.8976042609917803
44998,0.22687009990534757,0.15029953466518564
45299,0.09441343563028838,0.9270619897579824
45598,0.10196162360714023,0.9086889750949718
45899,0.09610172718423479,0.9281448477909994
46199,0.06172442638511344,0.9601675396714728
46498,0.058757589648251146,0.9724867896922521
46799,0.06629578634794835,0.9573803296536612
47098,0.06480339730787402,0.9636632775701474
47399,0.2589006196272601,0.44923803082828895
47698,0.31230938627027843,0.0990341412934781
47999,0.26850944668310633,0.401928994201338
48298,0.5861012002946047,-0.2912868852616177
48599,0.3071960538906488,0.13602153467442635
48899,1.1134268952539086,-0.4954300331985735
49198,1.2396215680505407,-0.38742200908295166
49499,0.7821953010571915,-0.5458647903515566
49798,1.1815579971361891,-0.3411282218589462
50099,2.3473050087250424,-0.2442947921065881
50398,3.2411868787169005,-0.23823347385912919
50699,5.519153122712272,-0.20167985457452176
50998,5.863808990295604,-0.21879192816268134
51299,7.973273425101106,-0.18292987102532687
51599,6.556736746964533,-0.20473442881104975
51898,3.366966675707117,-0.2222869567130903
52199,8.504296558480114,-0.20207771194198343
52498,8.300815990466445,-0.20962369331825936
52799,10.280690294360392,-0.2540169577346274
53098,12.05422891045393,-0.28547136952116325
53399,9.949443915537508,-0.3234649733660879
53698,23.323326264694213,-0.29858137141938834
53999,41.99313789645035,-0.1984599657469026
54299,65.43598759932128,-0.26507707904611855
54598,89.57760705973794,-0.21624592272157717
54899,,
55198,1.5719793311457437,-0.20043861981274724
55499,1.7846601607009183,-0.17483584584523215
55798,77.94117698743258,-0.2564894108413047
56099,52.6316765751509,-0.2890846017344253
56398,22.836065199356455,-0.24208697825017134
56699,8.521023595004865,-0.23112772283356553
56999,28.374114462584537,-0.6249674814037303
57298,0.20506137572251726,0.9684832065428499
57599,0.286872275487168,0.91586819238415
57898,0.9940258026808684,0.31366899188113595
58199,0.9484379346160535,0.3512572998186865
58498,1.0550187330905907,0.24838819899857567
58799,0.9278265262688313,0.35194133309947095
59098,0.9424472274702203,0.3102393754639208
59399,1.4967654870554539,-0.10393040235869178
59699,1.2835019313934166,0.051157886816491915
59998,1.0182571174049908,0.15747751001487786
60299,0.8207433600184166,0.31047382512731325
60598,0.6676943233170277,0.44503942410699393
60899,0.5664280128760472,0.5096775047691509
61198,0.8579384342603064,-0.14588932669358612
61499,0.6789555200936397,-0.21794027577824138
61798,0.11187364774739811,0.9194883727229772
62099,0.23327998833004462,0.6840936744052737
62399,0.08368503814297915,0.9744076324708695
62698,2.950321128142269,-0.37556649714339674
62999,0.08989796241343921,0.9699166957630825
63298,16.07189270656943,-0.3971584284948364
63599,2.5461145762060733,-0.2844730548913319
63898,0.33717324623621536,0.5874324646986949
64199,0.24733913020026893,0.791869640789908
64498,0.13702004921769684,0.933712993034933
64799,0.2008873402009508,0.8350095655755122
65099,0.13738772452900047,0.9205422754978008
65398,0.21791191217388642,0.84450364506535
65699,0.1895206723451827,0.8745185643932281
65998,0.18596394570335179,0.8665222458590518
66299,0.14909172137619003,0.8939585565255292
66598,0.13533372976053595,0.8869876609408034
66899,0.25184267203559224,0.7253513274130868
67198,0.7601652707079226,-0.3242353122035291
67499,0.2527464652737046,0.6927183600322159
67799,0.21303302082463052,0.7807856003486178
68098,0.18381077969037132,0.7942172996228953
68399,0.09187026192972007,0.9297552242949305
68698,0.14474460300512304,0.8616567914207183
68999,0.23327205660697473,0.6126847481141535
69298,0.23505604545043055,0.6636213581680532
69599,0.21386850982725325,0.6607880286535274
69898,0.1984233312478821,0.8089375846450245
70199,0.15322627586825244,0.8791703753183931
70499,0.14445738062302638,0.8883729623580428
70798,2.0956173416809687,-0.629377084978967
71099,0.1808765026684911,0.7682494738496763
71398,0.3626786722538238,0.49594035328976305
71699,0.36087443094838734,0.432989380222066
71998,0.3673176305085726,0.4319986038780299
72299,0.3932609293371083,0.38557134756653155
72598,0.36187341358814895,0.41889222082307775
72899,0.2499180657194461,0.644734744385044
73199,0.2689975639405203,0.5951859346332602
73498,2.3914735261769753,-0.26255249792329804
73799,0.21392339419562564,0.6529333738652354
74098,0.26236385435746085,0.5233686560835941
74399,0.379447372978711,0.22600472950247574
74698,0.4635164039799172,0.10739280243432114
74999,0.45298642094398883,0.13111273873928087
75298,0.4510255474342853,0.08653348147167861
75599,0.48901729947107664,-0.002668437895302578
75899,0.5378771089462778,0.11086614183441712
76198,0.43316577256573763,0.25001768691491133
76499,0.6089002446524293,0.026389023974819126
76798,4.196094371272281,-0.14007605085995078
77099,1.1988563747852814,-0.10411867167184585
77398,11.521360424711458,-0.19860169262750116
77699,1.9994117990032043,-0.12131003933455498
77998,3.403196947957379,-0.11371141697463538
78299,2.3228310680798203,-0.1221919571013228
78599,8.018612800461579,-0.14155871966269018
78898,19.19804927396828,-0.1600542031013994
79199,8.928411227958268,-0.12524139707247017
79498,44.8873625146826,-0.17609478651144772
79799,40.21409436880333,-0.16885832398733513
80098,44.556343845276835,-0.25673578312114564
80399,29.329884903965137,-0.3921011199594473
80698,1.0375440545245551,3.588985341740347e-05
80999,16.62819509103139,-0.42496898619013423
81299,102.89240691045589,-0.2896052882082032
81598,8.404940939233917,-0.22171067514729725
81899,0.5838851746106111,-0.4002736026715026
82198,0.6354168891844434,-0.42952148495581133
82499,0.48557682434565347,-0.3667049809562919
82798,0.4753087810397479,-0.3622727330310176
83099,0.4133553315483567,-0.3271046226844698
83398,0.39170634211814676,-0.13577533236293182
83699,0.35245372368064676,-0.0925404082233332
83999,0.37328275627786905,-0.12257382709289
84298,0.27154093571346505,0.09374558626361107
84599,0.3425316384171688,-0.10515510405522988
84898,0.24921828689410455,0.14888887733449585
85199,0.26529377961462963,0.05116587724535093
85498,0.20747449328619175,0.1698737327522022
85799,0.18474832603564023,0.31914977415406265
86098,0.1507540329685508,0.5131363741267275
86399,0.17208721954532985,0.4826930571485917
86699,0.12149088234867839,0.6985711772285341
86998,0.12943597542187704,0.6848841190995056
87299,0.09022520794602953,0.8410403298548055
87598,0.09895502614221766,0.79138019131508
87899,0.0853444520993305,0.9101161210655547
88198,0.10003721493923168,0.8529162786593918
88499,0.0750641170761824,0.9180110872691757
88798,0.07915241997815743,0.8995023005654599
89099,0.05012589274702812,0.9640078761706471
89399,0.13925063261604254,0.8092988185021204
89698,0.11500359400493146,0.867314138289727
89999,0.12572926631272036,0.853883146857008
90298,0.08215104399812503,0.9359778116637805
90599,0.10249529134536231,0.9023311034409912
90898,0.10140359950372803,0.9116727388035595
91199,0.10275310672957116,0.8998710719222767
91498,0.06598643653863062,0.9626237529442796
91799,0.6514340949293723,0.09445620138587363
92099,0.05246974657604419,0.9650494912426237
92398,0.24424858475807318,0.5729482544940563
92699,0.24579292462635627,0.35933239201311673
92998,0.29808507650643756,0.20291316553384076
93299,0.2969345915365301,0.2705344357773499
93598,6.152956474917327,-0.14425577703333836
93899,0.668432190430158,0.09600861952296869
94198,1.5123160920794425,-0.025779412754417308
94499,1.7855795484969887,-0.1482007109885204
94799,0.7726822158534702,0.08087778278662205
95098,7.348738835927943,-0.19686941456089135
95399,2.1611932229251365,-0.014369601625423778
95698,2.8694902180541058,-0.033619373998406754
95999,5.838469808703675,-0.047305397008635675
96298,5.899404094050755,-0.0491129578074474
96599,4.9107344346111965,-0.052458894339872275
96898,5.982143976647483,-0.09955202019379139
97199,5.145754336214613,-0.09589347794866954
97499,2.6159122938209958,-0.10290326717263487
97798,0.9579026261263538,-0.14641529161662326
98099,1.026518105021976,-0.17964696848536055
98398,2.340194683789886,-0.2583627684995655
98699,3.533193217667199,-0.14818964995417105
98998,0.07055351035257391,0.9693069624488135
99299,0.063740590194001,0.9692911191786403
99598,0.08129940286670613,0.949098406637495
99899,0.15053326866301595,0.7876279006566191
100199,0.1773280246919452,0.7117866880114767
100498,0.14777874996676207,0.7551843390158419
100799,0.1695267251862412,0.7603817302556939
101098,0.18206382202304092,0.6894341351397235
101399,0.24116852485851537,0.623610331952756
101698,10.169868383617235,-0.2131384198625046
101999,0.26455434221344215,0.3939422262218055
102298,0.22620305477131245,0.4609391594592811
102599,0.5910685922647387,0.16672859202126222
102899,0.20693450511441458,0.575055324099808
103198,0.23846839589550914,0.4874726142441653
103499,0.2039044371131018,0.6188224426567518
103798,0.20733381812108,0.6109193451092167
104099,0.19727847742200588,0.6374718213492279
104398,0.21707098030966565,0.5678651054347839
104699,0.17835979154981704,0.6968367106629242
104998,0.1576404507370658,0.7554378723264257
105299,0.16778484312183156,0.7554474340530505
105599,0.13179821604290787,0.8094305375852533
105898,0.1625739461810909,0.762290653685508
106199,0.05926871498399447,0.9596855190002537
106498,0.06734828997947782,0.9536073564434716
106799,0.09074895355675262,0.9135414728527418
107098,0.06832284760081234,0.9412026635646484
107399,0.10818337546114788,0.8650506979009039
107698,0.11012703000226454,0.8596609837022112
107999,0.1292996144708886,0.8186260503424879
108299,0.41619265320101145,0.05605751062717346
108598,0.19060288128373268,0.6945935119392037
108899,0.16997854546898433,0.7302278510364456
109198,0.16792152911469593,0.8017833899466229
109499,0.18990121698007728,0.7162431805755065
109798,0.1428380253045107,0.8030997998539972
110099,0.19028794191478088,0.7099756666543401
110398,0.2746517544687952,0.6399909046187751
110699,0.1918470290653702,0.76500892003445
110999,0.2177377414473147,0.6940001683423084
111298,0.2351412837320369,0.6064554161467447
111599,0.17805002424461233,0.6954966707516519
111898,0.1773642264167379,0.7643023692543326
112199,0.2504361990632159,0.6133821055553529
112498,0.18399403896864644,0.7305407588620754
112799,0.22317452022733056,0.6103515574064375
113098,0.2558904730637878,0.47139285616187265
113399,0.26525672916863535,0.6412422654136216
113699,0.295842043122339,0.562362940108702
113998,0.3395950633954872,0.4654908436192928
114299,0.20880180594061895,0.726716811887792
114598,0.2931023267208286,0.5012025050797727
114899,0.3021166583588888,0.620934003152747
115198,0.25059488428562465,0.6989823153067414
115499,0.28932464655877277,0.6583801629451242
115798,0.32381295968103113,0.5562519645782159
116099,0.28973314486020274,0.5364053658302222
116399,0.345538128750847,0.6025020340484037
116698,0.23705465241470425,0.752331774368417
116999,0.2657471534128841,0.7191200157650144
117298,0.25156417225547667,0.702395936849352
117599,0.14693011056566185,0.8441459110983367
117898,0.1933735592843967,0.7331285302404114
118199,0.16609103289910174,0.795761529058785
118498,0.15827832727489188,0.7992657301265935
118799,0.14574944026488446,0.8390708994299554
119099,0.1412044469301936,0.7495036566643596
119398,0.14394689848570558,0.8541256545767927
119699,0.24593941174558148,0.5828866932624839
119998,0.09408726058544914,0.9002027960565294
120299,0.22504806027567406,0.6551955610820888
120598,0.1433015615793157,0.7900442314085525
120899,0.1914009804000142,0.43771516060571036
121198,0.27219810218756635,0.3022899683399839
121499,0.1411114723658071,0.5886771760938856
121799,0.1607036941510768,0.44898244723538594
122098,0.134317433291733,0.546297607972967
122399,0.13341471205054878,0.46631037800868713
122698,0.19649268696761304,0.26741649419556324
122999,0.13221432539405864,0.4738307775372832
123298,0.13699796446505477,0.4445265029822759
123599,0.09579810684575543,0.7289655259706405
123898,0.14208281320814953,0.5302815375641873
124199,0.1264387969908056,0.5586611957921406
124499,0.13434511570351992,0.5454082257098138
124798,0.16213393655851357,0.41225060107527944
125099,0.11874160043008754,0.6403652418023063
125398,0.0860883209861983,0.7797089341053298
125699,0.1125961292492091,0.67864870644676
125998,0.06723184409330563,0.8613148134605686
126299,0.07926275485301487,0.8173971230929754
126598,0.060397050043790396,0.8767743005154507
126899,0.10538471353681966,0.6901157232004815
127199,0.11665592299024222,0.53364724062265
127498,0.10006877277234301,0.6181398248960996
127799,0.0938032647839171,0.6591578865825491
128098,0.09743555366974399,0.5578324866985521
128399,0.060927768997754775,0.8689044130094037
128698,0.05439561486349553,0.899848919976032
128999,1.5178425455831785,-0.09316148119078771
129298,2.4732476200646087,-0.18135935885281196
129599,0.7260654144980253,-0.060490233870792665
129899,0.7904080233254889,-0.2261796865310839
130198,0.28835107464193144,0.27405984617552215
130499,0.18937396670003026,0.3526379222430287
130798,0.21249706276995178,0.31824976381532544
131099,0.32471084788842886,-0.09204325698252891
131398,0.15795500759656964,0.15206659165989667
131699,0.18058538849494588,0.061927914068222956
131998,4.444230266056395,-0.2506737164932036
132299,7.671838207325515,-0.2453614284416188
132599,0.6868023989339938,-0.18370445287014303
132898,0.5882961843628933,0.017513648259688486
133199,1.5504370590911882,-0.15865436893556129
133498,0.3555698485360827,0.1368984740566196
133799,0.11368240009454526,0.6981395689773969
134098,0.12014069961305969,0.5922181256279623
134399,1.7065085294420685,-0.23605863204311883
134698,0.5224425005379405,-0.10509395847657954
134999,0.3332562768346049,-1.9796251131304485
135299,1.5756442977112433,-0.2475977434542882
135598,1.28144006609492,-0.25616660975042005
135899,1.1930861991177042,-0.2931649196587256
136198,1.4785020108229645,-0.4073338217200846
136499,1.0243987338491858,-0.28044260795713205
136798,0.2381406862048154,0.4004503405186721
137099,0.21403275827657461,0.5747931974971927
137398,0.8923070713509489,-0.23723530128311943
137699,0.3299772501882339,0.18509930091698523
137999,9.823592584885805,-0.23361157098440288
138298,126.32018435514932,-0.3108634483280719
138599,0.21754482545232065,0.764437136846457
138898,0.7499244890224595,-1.6091317337168496
139199,0.7304717373326447,-1.0447354024230266
139498,1.033548967827161,-0.4018623849068925
139799,1.036374182051188,0.19094776319486528
140098,5.066250512968699,-0.12559172608738356
140399,9.98675141614986,-0.22846415103529139
140699,24.196074154028608,-0.3020990593001829
140998,1.4236543244292363,-0.1878666765784105
141299,0.04400681726768901,
141598,0.04400681726768901,
141899,0.05680861150798447,
142198,,
142499,,
142798,,
143099,,
143399,,
143698,,
143999,,
144298,,
144599,26.18623369372721,-0.27784270732139205
144898,2.3530466220488577,-0.029549547283253652
145199,60.15253359029297,-0.5525989728557745
145498,12.29720105374493,-0.480040724426819
145799,4.09922571025562,-0.231995209920695
146099,0.14367890640456066,0.9769452051678557
146398,0.3935017933007951,0.8402008553519859
146699,0.4083875521387581,0.8493504084493576
146998,0.38538881898996746,0.8242489926214915
147299,0.36557465422672086,0.8246347024192711
147598,0.3487613735599151,0.8386694900957545
147899,0.811941515759984,0.32936627245268346
148198,0.7762770415632247,0.31845313756888816
148499,0.7245933192576692,0.3562308829905386
148799,0.5719782132738729,0.42019652360606674
149098,0.7585632598864965,-0.28454845733236134
149399,0.3261288110083347,0.6368924104757512
149698,0.4120784981579884,0.31044187544114865
149999,0.21466282019202299,0.834501260817563
150298,0.2474438276987604,0.7787296553395038
150599,0.20927949322935355,0.8410617504045805
150898,0.35885857205408817,0.5307329484078666
151199,0.08618745850832031,0.9790736370456974
151499,10.656613433899643,-0.3779982738788279
151798,0.10216708793424621,0.9615938369053564
152099,0.4391829159105067,-0.03008919632984508
152398,0.18568560978103066,0.865767134611711
152699,0.16986567309349812,0.879376498708224
152998,0.17332063010047508,0.8750042064752962
153299,0.3348208960666921,0.5949561508523651
153598,0.3458233089316403,0.44863295446567486
153899,0.1961647601749909,0.8636888899709343
154199,0.22937573500976546,0.7800335677071126
154498,0.6510727824757748,0.19346013415515717
154799,0.0630515499319354,0.972929227312415
155098,0.04537199608829791,0.9818657893223791
155399,0.963990343189602,-0.26284607688929906
155698,0.09673579002608494,0.9369070956267875
155999,0.09947004609231426,0.9305899184819025
156298,0.44490221933344576,0.4531606791740316
156599,0.08789020984513955,0.9502473657462935
156899,0.17724405104136587,0.7790845417079544
157198,0.19325042042771717,0.793507824723423
157499,0.19688651329330964,0.8515284192847502
157798,0.20746164532465478,0.8575346209408439
158099,0.19962880766830965,0.8632337906678345
158398,0.29218708549572026,0.7056437525760415
158699,0.2659302161695627,0.7778780109201714
158998,0.3770441470940791,0.7810397970877423
159299,0.21283545847636415,0.8509297587790299
159599,0.1674976001568237,0.9025621805829548
159898,0.1349754048465056,0.9545958884437598
160199,0.2640408723875096,0.8366452335107537
160498,0.19573893980861087,0.9122131696151635
160799,0.16589975288738232,0.9537393786828615
161098,0.21754311634746315,0.9217413008652529
161399,0.17456047612848188,0.9422372176108358
161698,0.35779210160700564,0.7973582689149321
161999,0.5723496204796907,0.6743500247957834
162299,0.7930985244287649,0.521893163552683
162598,0.8475067408176538,0.4551798988896707
162899,1.2386673285253818,0.16834752706344502
163198,0.4120780492290858,0.7374639305235233
163499,0.24142834125828883,0.7461259795580111
163798,0.2317752575505273,0.7756304279615022
164099,0.29061894068859867,0.7835510009013158
164398,0.28815386087630307,0.7406345192431583
164699,0.35271913081590966,0.6792850323071461
164999,0.3251272566607139,0.6846455372636231
165298,0.7801415737542664,0.4032624255806596
165599,0.43862844337232193,0.6012462646343215
165898,0.29923375588267553,0.7337425238639552
166199,1.212944190966934,0.06811361308616626
166498,0.25065889640565575,0.7544162780210745
166799,0.25931679030972876,0.7337601281791362
167098,0.2696988598786955,0.8135995106448899
167399,1.0812080480113437,-0.28324804674511017
167699,1.3337917736253795,0.248657756379019
167998,1.0180970308657171,-0.5151661076613161
168299,4.467637458427801,-0.06463102454905778
168598,4.838707222177801,-0.06810132856337114
168899,8.832291651834025,-0.2612198694256016
169198,47.29614255423965,-0.3661171142152271
169499,85.51609222364475,-0.4331458051274273
169798,43.429773368154,-0.48646423384541126
170099,,
170399,15.441767380575575,-0.4078525904890342
170698,0.3947369531917338,0.22219110491464378
170999,0.46815343572877083,0.1294526533383228
171298,0.326850372513493,0.32722711624977463
171599,0.33177443093710424,0.24563448191846593
171898,0.7102830625992653,-0.1978554392702918
172199,0.37679771477544033,0.02634535664561899
172498,0.24651272580620798,0.22687549665631057
172799,0.2668632984468354,0.20474616482262054
173099,0.2582123871701506,0.24736926472247234
173398,0.2621621512659725,0.22957383655695718
173699,0.2720736508696632,0.21055113694395644
173998,0.17097626667740856,0.5316730397832714
174299,0.17573202038406527,0.610353268921151
174598,0.1853237266601939,0.48427877241830164
174899,0.5129689960207059,-0.055766460869161705
175198,0.2116418844861641,0.5128360809489545
175499,0.19847979892080644,0.5945669890664425
175799,0.13768930280791086,0.8123129357040653
176098,0.15293130989182938,0.7674954860455917
176399,0.1583570439974211,0.828402294971516
176698,0.12128605519418044,0.8883894399940533
176999,1.1504256853775607,-0.05998833815918214
177298,0.11068045703908784,0.8826217905093708
177599,0.12681573331218293,0.8745228211855196
177898,0.14265706391901847,0.8876323814753259
178199,0.1092355794356482,0.9449410451705041
178499,0.11988636582988689,0.9236565099078176
178798,0.08574913876986237,0.9642095610917054
179099,0.08173939619286438,0.9686002992338215
179398,1.6572087379277436,-0.026976321640266754
179699,2.512268590879318,-0.12582932741927588
179998,0.5960055923324427,0.050911035934989024
180299,0.1377949539684381,0.8548198836251168
180598,2.3557981508505446,-0.13850328915167998
180899,1.1726487276315045,-0.06871322485598719
181199,0.23651573000649803,0.6738037187909116
181498,0.5717834014100133,0.191378496732313
181799,0.3903980891842338,0.3341393287887695
182098,0.2675148835991203,0.6578252576832213
182399,1.787004444154147,-0.08208923672048707
182698,0.8712411013936542,0.2270740751894672
182999,0.7214056385303134,0.21899207400447895
183298,0.8865011453603201,0.2849861713245363
183599,0.6911620812471869,0.4534743266679979
183899,8.708086808767144,-0.45461233915264665
184198,3.9243689978669645,-0.19339413875366596
184499,4.9745555669708486,-0.6271646883480666
184798,0.9122072190750158,0.17422892283814484
185099,0.24612943521062464,0.5880679536444826
185398,0.3050943814079004,0.623835123255728
185699,1.5352505211627574,-0.03354320866930993
185998,0.14171162937320514,0.861129988642285
186299,0.13662977463490172,0.8340469649277868
186599,0.29717817197814134,0.6792640417788349
186898,0.6939992783924183,-0.08780405453134588
187199,0.39313654647651,-0.03527496274042563
187498,0.5671165181832238,-0.1384589183977014
187799,1.4113625212135374,-0.24990906886290087
188098,1.1343065397374454,-0.19938905731962753
188399,0.04218663944155244,0.9866417236468542
188698,0.04431369148856446,0.9849320221645714
188999,0.04575718549701496,0.9787218085749805
189299,0.05388306869846124,0.9819001292145259
189598,0.05557783076672887,0.9762413787590137
189899,0.13916562543648756,0.8360793656448561
190198,0.10986872327310498,0.9136440553839505
190499,0.15310249528825856,0.8172160573341422
190798,0.16211753169523202,0.7900463073472728
191099,0.18457759558703782,0.726607321495078
191398,0.44408310133154494,0.23138052206677417
191699,0.5447979068401325,0.16460417428454932
191999,0.6303742034218227,-0.08555693761304961
192298,0.38266883258076967,0.5785215706752752
192599,0.3595873125999036,0.627833530266048
192898,0.43212915077705616,0.49444170757127126
193199,0.808952701613713,0.08182330895986811
193498,0.16184293221294224,0.9219935280296077
193799,0.6108847710480048,0.3323041916790942
194098,0.26846124673087507,0.8341753697909063
194399,0.3160331002219905,0.8533286735131521
194699,0.25993960252089643,0.8775907463575295
194998,0.2537213002523779,0.868505180878088
195299,0.3984204849812498,0.7568551692241419
195598,0.2454402298449706,0.8630669119761798
195899,0.658804395632283,0.5745275898871925
196198,0.4390437484748757,0.6897231748790418
196499,0.3393453122711719,0.7992835633727791
196798,0.39473755859493764,0.6779251015162424
197099,0.2721738789352155,0.8041940096981282
197399,0.3110043976389823,0.8216849996025115
197698,0.6477768363368976,0.39051604874154777
197999,0.34423719684731563,0.7266870499667057
198298,0.35924238122000085,0.7059108421401288
198599,0.28713586932879703,0.7298785984999483
198898,0.3535478382285516,0.6516949060366903
199199,0.2843912892470702,0.7400695103633941
199498,0.29182418831188506,0.6982657535172023
199799,0.2193589086591072,0.809485978420172
200099,0.18187740512901454,0.8239950548495196
200398,0.1707314893546728,0.7469919284221234
200699,0.14445731184309876,0.8378551679151047
200998,0.14837383596115428,0.7485880621430343
201299,0.2622363271316115,0.4757132239498185
201598,0.17766547211393205,0.647294977855547
201899,0.10246554094605315,0.9264339903581114
202198,0.16903612558986744,0.7996745074256131
202499,0.1939192230811753,0.6889399938197193
202799,0.5434109677307469,0.2814515389018498
203098,0.18238614120276264,0.7148245275173144
203399,0.2084481846763665,0.7893303495237945
203698,0.23041054169362685,0.6884800233947543
203999,0.2273327063777553,0.7281691588037756
204298,0.20828543121446025,0.7325219696763363
204599,0.27862276051436347,0.5384496584932434
204898,0.13909774552011944,0.9056018691381054
205199,0.17772842646951661,0.861979800085413
205499,0.16472048998898933,0.8598930055414744
205798,0.13119908503832517,0.9338215658997661
206099,0.162766315988072,0.8935765053824122
206398,0.16453112152781213,0.906662375748171
206699,0.25984079257788273,0.7707576728175644
206998,0.3058076168751974,0.7667329954282909
207299,0.12075246629190745,0.9144313173569356
207598,0.10161759367739666,0.9250360957114696
207899,0.1452278749328388,0.8840975994130623
208199,0.17039020804012572,0.8425471664247453
208498,0.20688020759529085,0.78581430289818
208799,0.1675114297679616,0.841027997984945
209098,0.17506247673351527,0.8094985225780928
209399,0.4400907448121665,0.3472926122021843
209698,1.7719672206478967,-0.02949057279399936
209999,1.169244524030099,0.011336445331028067
210298,0.6566434338860753,0.20337871970725208
210599,1.9244546086414007,-0.03606627241241056
210899,5.754757593028753,-0.21109312588794005
211198,0.2563189634542034,0.3796493934461055
211499,1.071567661710201,-0.07567519728110428
211798,0.7309144571293962,0.010337135894294414
212099,1.4651876294627295,-0.18660987081543068
212398,0.6565517597294362,-0.11815428833308195
212699,0.6353186086590786,-0.09038886336873109
212998,0.20828195282355533,0.38922182691513774
213299,0.12089651906373398,0.7042819810756477
213599,0.15213161468342407,0.5685830159118731
213898,1.1407423445602334,-0.18718155188575136
214199,0.2147170673789915,0.21704571405654438
214498,0.19706495352096873,0.20806781126149598
214799,0.22850869323172093,0.17135075323811133
215098,0.21839412038073563,0.30597935542806043
215399,6.085810784604583,-0.4650511190632929
215698,0.12181587840589533,0.6463489549275806
215999,0.1416697210290948,0.49490619261835234
216299,0.14295770237254737,0.5646972431661132
216598,0.13548456058851846,0.5973197810636508
216899,0.06386662547799943,0.9250834644553902
217198,0.06207954770117741,0.921308843420634
217499,1.1612168484589975,-0.21545417039991044
217798,0.3178934256340977,0.12454158524806247
218099,0.23628962872657588,0.34728987693128044
218398,0.11249385917437138,0.8428119857300226
218699,0.12206410095768806,0.8087789431567352
218999,0.10901607881879918,0.8524425512406897
219298,0.08412838824009546,0.9232748135855942
219599,0.052407806550182436,0.9697564551377365
219898,0.11817928156466426,0.8442656269063725
220199,0.11767631956544473,0.8584727629756966
220498,0.08978765349516926,0.9291014611433467
220799,0.06714347499095596,0.9649556342421683
221098,0.06426303758497051,0.9678597712559077
221399,0.8382001544088717,-0.45531140670958714
221699,0.450188096178606,-1.4423983869183536
221998,0.4623423700852338,-1.4892175093758748
222299,11.890965613321187,-0.20462045428749076
222598,47.68717441887559,-0.3103026461162248
222899,37.97283348450488,-0.2957402528679205
223198,58.71231225486378,-0.23765564816297902
223499,29.884505084822138,-0.22666154358632262
223798,33.366405799751625,-0.22887498273718743
224099,40.7071811851839,-0.26417554604363747
224399,43.68246837085006,-0.2537787228373165
224698,60.177793015692,-0.2493963187575141
224999,107.65175204054407,-0.2706963040320647
225298,160.3638472134445,-0.2842638368822761
225599,112.00869665364108,-0.2828791868123812
225898,110.23973833386614,-0.2395123112353177
226199,112.51160163601895,-0.2846171196817171
226498,66.52735385997727,-0.2825891934900526
226799,0.0630210363884758,
227099,0.0630210363884758,
227398,0.0469737276100624,
227699,0.0469737276100624,
227998,0.0469737276100624,
228299,0.0469737276100624,
228598,0.0469737276100624,
228899,0.04548187934367047,
229198,,
229499,0.04548187934367047,
229799,0.04548187934367047,
230098,0.04548187934367047,
230399,0.05370403775960625,
230698,0.05370403775960625,
230999,0.05370403775960625,
231298,0.05370403775960625,
231599,0.05370403775960625,
231898,0.045859318522555675,
232199,0.045859318522555675,
232499,0.045859318522555675,
232798,0.045859318522555675,
233099,0.045859318522555675,
233398,0.9325692998964299,
233699,0.9325692998964299,
233998,0.9325692998964299,
234299,0.9325692998964299,
234598,6.340519032065915,-0.5942694173076597
234899,57.87877212691814,-0.3739878637934
235199,10.813301802668526,-0.5875083990279295
235498,17.932279346425467,-0.39330622714261465
235799,14.877757655038307,-0.44507962832275005
236098,13.354775817018062,-0.4380506745514874
236399,1.942409938947983,-0.9451460221713965
236698,1.704944512133679,-0.8591536983761809
236999,2.1443520168721055,-0.9522750909644511
237298,1.9861570284340937,-0.9809373451309593
237599,9.8617808022532,-0.558682493820875
237899,2.0238135929986694,-1.2883983283930092
238198,1.5714927704338546,-0.9796351118904101
238499,1.5194501648412624,-1.065313141745761
238798,12.36612292667469,-1.6342789496760575
239099,33.61703388967679,-0.5693661885342796
239398,6.6505550571383925,-0.393432386103735
239699,4.97933328288463,-0.3874638143436775
239998,20.03496416399488,-0.38547384669656615
240299,7.884416814873579,-0.7617707354578391
240599,2.395923965916968,-0.3704109783930356
240898,4.512306523484946,-0.6732658818738582
241199,13.21526628312878,-0.3778684215876358
241498,4.289444471932924,-0.5076294102975616
241799,3.273272603249896,-0.4397758165094994
242098,0.8672843245201337,-0.5470947198668035
242399,9.020223694366406,-0.6709749471333426
242698,14.55934540644926,-0.7434664460606493
242999,18.42938222088961,-0.5359024137804931
243299,21.83730328489602,-0.655182263353477
243598,23.195398809197613,-0.5939495158164438
243899,14.324166175119911,-0.4894324491852886
244198,16.02034586208724,-0.6392392754247331
244499,24.04129168081173,-0.4690311665604636
244798,42.52761415020903,-0.30249696882270416
245099,34.71852238970709,-0.683085939661765
245398,34.970809099403304,-0.619946380209099
245699,28.93119095120458,-0.38495930552879387
245999,24.553050288100014,-0.4706999032506083
246298,57.67025788817565,-0.35940075505741476
246599,59.196091850363146,-0.43424145051522633
246898,89.03100597215582,-0.26157784980833854
247199,49.77674520524958,-0.4315239124387231
247498,35.53270813569142,-0.6454633550719644
247799,3.514589967750531,-0.3202332834278725
248098,45.10811206222846,-0.24595584750703647
248399,19.432996799890173,-0.3071839458504384
248699,12.910034499178161,-0.431918977990142
248998,5.652156179027411,-0.6123627894740264
249299,6.6841707953688925,-0.4981027282641193
249598,6.543610040609216,-0.5383539900851322
249899,8.313717198441049,-0.4486687631665278
250198,7.6078545007516665,-0.49167834560475954
250499,9.14762944285885,-0.5208843927660805
250798,9.606227432372377,-0.48780136176176403
251099,11.695229570604784,-0.49642078826211744
251399,11.498528633616095,-0.5021441911637388
251698,10.245347525102206,-0.4780749654784482
251999,12.871233616708688,-0.3214508540154488
252298,11.97254317286378,-0.41040618897214887
252599,14.04710247985452,-0.3303234817795153
252898,5.102991801227563,-0.4737097751341903
253199,0.7873944208016034,-0.3329354697584681
253498,0.5527856114992598,-0.14028155337055126
253799,1.8376401383871748,-0.3558893632119078
254099,0.6826151390876133,-0.2890978175339718
254398,0.035383467448854414,
254699,0.035383467448854414,
254998,0.6280392187732955,-0.3130711969334712
255299,0.035383467448854414,
255598,0.035383467448854414,
255899,0.030950027021939126,
256198,0.030950027021939126,
256499,0.030950027021939126,
256799,0.030950027021939126,
257098,0.030950027021939126,
257399,0.30012440020246345,
257698,0.30012440020246345,
257999,0.30012440020246345,
258298,0.30012440020246345,
258599,0.30012440020246345,
258898,0.23294283769304164,
259199,0.23294283769304164,
259499,1.3914404297698775,-1.0234923187431968
259798,1.1845600148902482,-1.0666319649615663
260099,1.1802804107397853,-1.025834825660768
260398,0.9902480866032596,-0.9255177082495842
260699,1.7909160958456931,-0.49053308109163507
260998,1.0279772720737568,-0.8637962016244269
261299,0.7629360122176294,-1.0535403059235913
261598,0.8232315800668126,-0.9925471096504823
261899,0.690052160534294,-0.8444896486945321
262199,0.5867087778389961,-0.8198825397586704
262498,0.6602844062057923,-0.8449294419152065
262799,0.5890206736585228,-0.7971977799228573
263098,0.5566642637458056,-0.7873251483382702
263399,0.46214205844301126,-0.5127585216600856
263698,0.9269415405291725,-0.6653867783850007
263999,0.4205392595626643,-0.29719427151626654
264298,0.3806045341303852,-0.20941188185212112
264599,0.3833007600566777,-0.2378271278195967
264899,0.4616073247846198,0.07508109588456224
265198,0.41185906765147867,0.26123189683543346
265499,0.4202944465010157,0.21677977127086967
265798,0.39997016148018244,0.31063940024931647
266099,0.34794360466305274,0.4452424052749536
266398,6.5265762447209825,-0.2655971052880448
266699,0.41802996596775227,0.5154067570525132
266998,0.4432830431718988,0.5290460005111591
267299,0.30297982249321526,0.6910058610738747
267599,0.3174881682844559,0.6025703875378512
267898,0.22928246469414365,0.7991639758202177
268199,0.34453964605176984,0.6026342457466314
268498,1.3276454034843783,-0.12176891102853449
268799,0.8807395163373526,-0.15787036000178745
269098,1.4906338719858956,-0.2476726085329961
269399,0.3101415077104781,0.6911661768694705
269698,0.2900996445345522,0.7324582909197017
269999,0.672020109397475,0.3117445110381265
270299,1.3327448643693418,-0.2566286219410263
270598,0.5224699726564176,0.37848319764879834
270899,0.176540558820401,0.8647500728428851
271198,0.6350247211222042,0.4154393553360374
271499,1.101050318511093,-0.10189041424433687
271798,39.2852487266087,-0.3816879987911612
272099,0.28082289831040036,0.7717689029933925
272398,2.400755479307335,-0.1582926703768721
272699,0.10903403767256387,0.9519050649177105
272999,0.118060824144799,0.9475781423271756
273298,0.07094326383164584,0.9785099039374956
273599,0.09814335017221915,0.940710515112399
273898,0.12443419248398417,0.9464819187992946
274199,0.14984663075853388,0.8992734885228694
274498,0.11376725403695118,0.9495879800078625
274799,0.12249031704626819,0.9319496243403825
275098,0.12441837314370642,0.925091356369985
275399,0.37872015596754177,0.7694800162923823
275699,0.2394360158831823,0.8044626371796614
275998,0.3765505576330575,0.2444069932251599
276299,0.4383180900618136,0.161891681506398
276598,0.1435061278268174,0.9301587957333529
276899,0.8105435186631016,-0.2600623689409014
277198,0.689049188662104,-0.23938478408470631
277499,0.23224827014678448,0.7648836269181571
277798,1.5018175656360901,-0.3697824412864792
278099,0.2879697316039225,0.6502785081412576
278399,0.5836349457070509,0.35009160691038665
278698,0.8097050531977914,-0.1260409300874865
278999,0.6199146480704765,0.2973789296622523
279298,0.7259023638598285,0.08376363702427758
279599,0.7633878879339026,0.06836962795858548
279898,1.3515555368808945,-0.32144532373969903
280199,0.8552122361990914,0.4023833403084863
280498,0.847435005055104,0.38274742376468507
280799,0.91992510002548,0.36216877303190886
281099,0.772791760874151,0.5448020090479557
281398,0.6471118510897436,0.7976019629357965
281699,0.6696691469300213,0.765254615263783
281998,0.6075846313767806,0.7991060109525804
282299,0.6398944298211865,0.7511964485924393
282598,1.377886572314322,0.5148272220631581
282899,0.8567539852958959,0.7574780843821618
283198,0.9074737181801551,0.7139863053034576
283499,0.6028581361616366,0.8713158360453646
283799,0.7048800487969156,0.7574664669122777
284098,0.7077458251839017,0.7582006005292756
284399,0.7284903379572045,0.8404870706633907
284698,0.7676755637153136,0.8347467381296227
284999,0.7378572226208249,0.8640872141504887
285298,0.850989537664261,0.805727570931175
285599,0.7697368423333799,0.8182401443755155
285898,2.2223938199785866,0.5680506691593217
286199,2.054801870950809,0.587080142806557
286499,1.5757369581383087,0.7011438727058694
286798,1.894984712110531,0.5843644134410493
287099,1.270175056145253,0.7328782230833059
287398,2.0012035899072274,0.23868937702488502
287699,1.62214192481695,0.35839598030282327
287998,1.6125182061688017,0.3456218891309658
288299,1.031147162994848,0.6002039850993162
288598,0.6213266260662772,0.7522843761863887
288899,1.0637592287333795,0.25534756101907086
289199,1.0110601049556016,0.20933385688696027
289498,0.6463249050419623,0.42250698826935185
289799,0.8427493453157235,0.1656678920918505
290098,0.710010610504932,0.27845670716017157
290399,0.5116952856537056,0.5958077687659055
290698,0.5120119712324093,0.6247535043648624
290999,3.698462304974819,-0.21892614135307742
291298,0.34936379885407187,0.6740491388025256
291599,0.2419633460849927,0.8195724584331499
291899,0.22063838695454188,0.8920524005626431
292198,0.3003237010193567,0.8039042921378079
292499,0.47082504183338564,0.6354722876891629
292798,0.7614747622317203,0.30299226222476017
293099,0.42711444719149677,0.6638335334776907
293398,0.33940783907023114,0.80259447869491
293699,2.534000823568428,0.05536485215621911
293998,0.54922750291313,0.5973379229854434
294299,0.3304371017901386,0.7829119405713876
294599,0.44272634275350253,0.6320698637446204
294898,0.6703029320877991,0.5059538321597999
295199,0.3077954763242013,0.8405592054765414
295498,0.39225497141100635,0.7048257110010142
295799,0.7000224516922253,0.5376445428457708
296098,0.30230081774022216,0.8033115810981424
296399,0.26657570231193256,0.8499021904134871
296698,0.2530174138607848,0.8831117709362309
296999,0.3322588101504874,0.7968682602058434
297299,0.40828340610128433,0.6722489278756709
297598,0.277353092169006,0.8248438017632669
297899,0.49471625224906074,0.4445244024120121
298198,0.34562020039426755,0.6350751434581781
298499,0.33040007186186016,0.6332158547488786
298798,0.3821675007095237,0.5631373130664308
299099,0.37306102926923995,0.6129829725119125
299398,0.3717972036471545,0.48763915407364655
299699,0.33807193533707663,0.5119396602714544
299999,0.39632874622896386,0.4009574721654955
300298,0.30352559755766756,0.5740770813354543
300599,0.43746889522533555,0.34363236573408673
300898,0.3886010664512295,0.3461971112110368
301199,0.29049929846976774,0.5374624043016225
301498,0.2695621171746041,0.5672665385625482
301799,0.30354694660844694,0.510762417895031
302098,0.28184101580153315,0.5174629724469711
302399,0.2525336766993958,0.5644601947988115
302699,0.6748302883398888,-0.07073250050515067
302998,0.16143260725749248,0.8325047324718682
303299,0.14658897781093294,0.8197525858444497
303598,10.266968183785055,-0.39263390755410765
303899,4.140686856467342,-0.3155989181220884
304198,0.1217778303468928,0.8772454283513335
304499,0.11069037945430674,0.8924518011355503
304798,0.08108210930037467,0.9475784745402719
305099,0.08072036067184041,0.9338256613238203
305399,0.1398025737713811,0.9052911564557604
305698,0.11550543616258481,0.9326854565915061
305999,0.09069618849189767,0.9548227372746175
306298,0.0966379809827222,0.9626211012911056
306599,0.07872179259819687,0.9674719742940815
306898,0.13963530667188592,0.9324877081027836
307199,0.13523493850069,0.9344703174679933
307498,0.14432500835206805,0.9315823121571315
307799,0.10669953645410615,0.9640407289699342
308099,0.06400466659835732,0.9825244589351655
308398,0.1163609417977617,0.9183405900258411
308699,0.15274583563523442,0.9055747090281099
308998,0.11119871276013898,0.9217757780448218
309299,0.11513948104256265,0.9163411716791345
309598,0.0923376074893219,0.945454330776355
309899,0.11673398444643968,0.9471267922514335
310198,0.16704225057759725,0.8849239253843927
310499,0.11661052491339002,0.9426743915103668
310799,0.10365188515581192,0.960972640238414
311098,0.041329999046312856,0.9881633974705407
311399,0.10256400157680333,0.9325663727511055
311698,0.09748647656676807,0.9502445183396682
311999,0.08857170865936065,0.9542358886118596
312298,0.08586784404394748,0.9482194859831818
312599,0.09152788396912499,0.9567360446627874
312898,0.1234388241609809,0.936839177742725
313199,0.11879516669338828,0.9390880146797945
313499,0.10082911523022725,0.9489567729521667
313798,0.13327281255172252,0.9248296602474984
314099,0.12788592682799943,0.919102723201792
314398,0.27858850808016183,0.658877302883128
314699,0.28591115774305575,0.654749841685168
314998,0.23374664526936917,0.7929772799501068
315299,0.23341182786951364,0.787683104947325
315598,0.3361908374036785,0.6718779661851416
315899,2.175349324058832,-0.07164936065080174
316199,2.6332880354917916,-0.14245485338898578
316498,0.7838955110914594,0.23424263351520225
316799,2.1242311090901644,-0.344524241389212
317098,109.68351515519956,-0.2468167339847689
317399,74.69347954491734,-0.26685605051323114
317698,95.10928014258404,-0.1491556889714698
317999,102.68521760081781,-0.23048845897931236
318298,53.16546513630624,-0.2888269757622084
318599,65.11093848365807,-0.22101671545252088
318899,39.33542543121339,-0.26034347097411414
319198,1.0336695059950933,
319499,,
319798,1.0336695059950933,
320099,1.6073684488507232,-0.3853585661226733
320398,13.351823954195337,-0.623354688319602
320699,19.052451446806757,-1.004746464869405
320998,13.941490421427055,-0.8232500221657266
321299,39.332934595720886,-0.8716371102115628
321599,14.404596686190851,-0.9691615518805661
321898,19.637222049491967,-0.9171578597076839
322199,7.367988397672606,-0.6655215939906607
322498,3.4707077662783807,0.030320805505478776
322799,4.614494985099538,-0.16051613859228286
323098,4.75547750000926,-0.13645894264477643
323399,5.354262619728008,-0.018873143326033404
323698,7.971071744811279,-0.13095784660849463
323999,9.366636270420075,-0.2607779191140487
324299,10.393243113385354,-0.27895622052650304
324598,7.646610202637668,-0.15361089357372415
324899,9.182511363610093,-0.5138948774040257
325198,8.485692575340979,-0.4921008367699067
325499,7.246031602290421,-0.44386540364660054
325798,5.153184083507252,-0.30310178300924195
326099,5.9403766657893025,-0.5146246816747575
326398,11.685546823624325,-0.6251929327094137
326699,3.5640282815907245,-0.05266369016404515
326999,7.768365551379156,-0.48466443936916725
327298,9.032237506317522,-0.5310331979838454
327599,6.439214796642407,-0.38651915813746585
327898,17.126990452397173,-0.6708473552594483
328199,42.607415497617026,-1.2033138950257745
328498,8.849759226924851,-0.39904513617510795
328799,11.02026414473999,-0.5472730713603935
329098,5.9495997501050715,-0.46948265002630696
329399,4.36482654046872,-1.0264148352614049
329699,28.763539421501132,-1.1736200006982571
329998,30.97668257548724,-1.245395691547492
330299,10.428007328260824,-0.8222119807093364
330598,,
330899,0.9670552470337347,-0.32621168128704436
331198,1.3231999239085541,-0.3541695793413402
331499,2.5707906248020453,-0.691222831216249
331798,,
332099,0.6665268016464291,-0.6266594658066444
332399,1.8677400270843993,-0.25077716147822904
332698,15.293179317833827,-0.5796645339717228
332999,8.48698832240653,-0.7283169515653369
333298,18.019099321394012,-1.0106808180275402
333599,11.122086916201942,-0.6445766367684134
333898,15.363851369680917,-0.6683382134354248
334199,30.071012811009446,-0.7947556628945152
334498,37.77903109638453,-0.9863422680063121
334799,39.377088363180825,-0.7325586300905991
335099,23.765658452772005,-0.6922709592553931
335398,20.45497832250966,-0.8995676673276574
335699,15.131412602803643,-1.092765433242929
335998,8.119153143243457,-1.3055013621846019
336299,1.3379657539147543,-1.3080845826753293
336598,3.5009025918777175,-1.1630963681830258
336899,0.03992404291300519,
337198,0.03992404291300519,
337499,0.03992404291300519,
337799,0.03992404291300519,
338098,0.03992404291300519,
338399,0.5788297676346642,-0.25384371730843625
338698,0.3791517881867493,
338999,0.3791517881867493,
339298,0.3791517881867493,
339599,0.3791517881867493,
339898,0.045299622819593176,
340199,0.24045468980655393,-0.5709301446526363
340499,0.7585184801962707,-0.4091682347315784
340798,0.045299622819593176,
341099,0.045299622819593176,
341398,0.11348058352745904,-0.2965447675707955
341699,0.04250465643543256,
341998,0.04250465643543256,
342299,0.04250465643543256,
342598,0.1110494518420186,-0.2874012412741429
342899,0.027550285006093973,
343199,0.25260885600918054,-0.42419641153421184
343498,0.027550285006093973,
343799,0.027550285006093973,
344098,0.027550285006093973,
344399,0.45101731293542113,
344698,0.45101731293542113,
344999,0.45101731293542113,
345298,0.45101731293542113,
345599,0.45101731293542113,
345899,3.1349445414961483,-0.2204938947038506
346198,2.4023923190139644,-0.21377351645577014
346499,1.6113835605225955,-0.6641110998587614
346798,1.44169795009204,-0.670295567385494
347099,1.2635419662887992,-0.7347790053416874
347398,1.307832887989784,-0.8317333117737034
347699,1.3084277603069139,-0.7927671432034082
347998,1.3616694875187492,-0.7231036790353951
348299,1.1653337103405088,-0.9073247871691961
348599,1.197486790335879,-0.8357243265689447
348898,1.2551487287201353,-0.7938798083858174
349199,1.9444021977571724,-0.5343521761473442
349498,1.1488178663960609,-0.844989248278202
349799,1.030614381919209,-0.9413528215656286
350098,0.9539093588348566,-0.9608983092244825
350399,0.8534968843335771,-0.7456798896207577
350698,0.8660191602452888,-0.7276630229987953
350999,0.8569696698289475,-0.7382917451495365
351299,0.7093516565207518,-0.7517709379844084
351598,0.7044151932757068,-0.7697642836710021
351899,0.8528421768034876,-0.6910876799945549
352198,0.7624261699463343,-0.7027742436001079
352499,1.0211213947380011,-0.749144384218482
352798,0.7458377332055938,-0.6139546854037867
353099,22.21345013427054,-0.29262892113971284
353398,0.6658134440210033,0.036979580890282526
353699,0.633600091849707,0.07193964860176438
353999,2.8797349899831364,-0.2889398511817156
354298,0.6249955884608182,0.17377611882188881
354599,0.581857760849707,0.27944640714671476
354898,0.47901317134244664,0.6426668903201309
355199,0.3950255467915207,0.7339193359543636
355498,0.40765291503920587,0.7042934946161394
355799,0.38583494902290955,0.70212586886697
356098,0.5724050006094094,0.45344558456697537
356399,0.46295098218498154,0.8254397547982769
356699,0.503431481891482,0.7847899473062179
356998,0.47343386824285183,0.811464100381735
357299,0.46830443313685244,0.8132463231599959
357598,0.41841002313809283,0.825837468471803
357899,0.260777509274589,0.9449733700342355
358198,0.2967259529342263,0.9310226463902463
358499,0.36527819358813246,0.9150508878454032
358798,0.30863679473850797,0.9217890518357362
359099,0.44375019981961394,0.8672470861916506
359399,0.397245679545985,0.8846862037849517
359698,0.40165630680008474,0.860269938477907
359999,3.12127450998484,-0.24989609999831464
360298,0.28852466030481094,0.9022585545848204
360599,1.2278421980416665,0.1311478510184535
360898,0.6591046692866516,0.6895990992000762
361199,0.3780521062485759,0.9185658899720462
361498,0.35937308226182135,0.9335013164569579
361799,1.2152925454789367,0.443012570274937
362099,0.3786967821330037,0.9045008269988823
362398,0.4413290606646058,0.9114801439933893
362699,0.3991205698328304,0.9175579185312664
362998,0.3718416463873514,0.9119656134553005
363299,0.9308774524064679,0.6598653323324096
363598,0.4452280741425823,0.8485838947089277
363899,0.6057429118211606,0.8321023608281783
364198,0.9677193718789854,0.7013290969237644
364499,0.5642060884160224,0.8495482002684618
364799,0.3592506058521625,0.8847453388083009
365098,0.9885954346951967,0.5946850208498261
365399,1.088689950628204,0.38881237509275013
365698,0.47978153038979265,0.8559611952262721
365999,0.4751576451845618,0.8824638242946763
366298,0.8923667189918937,0.4599319976915225
366599,0.6024498853797756,0.826237136389802
366898,0.7456927961105011,0.7581026815948575
367199,0.7877393599696272,0.7285258626208106
367499,0.6484366794041775,0.749525086227268
367798,0.47557168550494056,0.8508633965668256
368099,1.8244748190367135,0.25959483514843695
368398,1.1154047539508722,0.5635147287076496
368699,1.0625803862290206,0.611102953027416
368998,1.046240153839306,0.5944458533613433
369299,1.0405136434826139,0.6445605911596506
369598,1.7512094138375216,0.23011193528303642
369899,2.9586943927236353,-0.04777080473083317
370199,1.631242718259232,0.5273448797369349
370498,9.010090659485995,-0.23973964029840733
370799,3.6017641315733124,-0.21227095262112172
371098,4.636944246349835,-0.2630375363475914
371399,3.9519226264624865,-0.26353703017105845
371698,1.149208968052822,0.7585256085771466
371999,1.4136288074926373,0.6536092096259385
372298,11.061022568858899,-0.2159087639019126
372599,11.778871311805167,-0.22750017161175817
372899,6.118424287751676,-0.2559560465875024
373198,8.548961955931626,-0.22863359950542606
373499,6.381943423271598,-0.2710820622408334
373798,9.296180624603199,-0.23374857413206152
374099,4.240404702466536,-0.16213521225294936
374398,4.071405801784055,0.06734584448994352
374699,7.585184328465234,-0.19768505005321724
374998,3.501535478314146,0.3244664037466535
375299,2.4956962106891463,0.5889147802543775
375599,2.713694690670627,0.5944152611240769
375898,6.072141187610569,-0.13653732311967492
376199,4.330175344992735,0.11878037560176491
376498,2.005588315030823,0.6267608663720061
376799,3.9850426410681288,-0.0005299061367054492
377098,1.187937236808601,0.8143286517188172
377399,1.65883916597334,0.5943086723114579
377698,0.7712996942071363,0.8247827612431646
377999,0.2800547366743679,0.9435370046441652
378299,0.5991087944580419,0.8200302099490939
378598,0.2331715497199055,0.962773431007036
378899,0.2686250724763794,0.9543851683379074
379198,0.3133818378410511,0.9362604792231082
379499,0.23451780912174028,0.9652540283567734
379798,0.2599776788254438,0.9583969360406877
380099,0.506962752463555,0.8494486707314812
380398,0.29296041683405705,0.9533315985728503
380699,0.4070618794336781,0.9047095975731879
380999,0.49452921875775224,0.8739694447296438
381298,0.45300180362997167,0.8789587154945716
381599,0.20713561296460475,0.9731286281198281
381898,0.2947842071698931,0.939934169174356
382199,0.40129368958904177,0.9039249283430447
382498,0.3262482951358965,0.938556906174371
382799,0.4270542509780666,0.8905949114490194
383098,0.6960913907200644,0.7772383384107566
383399,0.7534910342714386,0.8412869047455858
383699,1.0324891738285162,0.7356673153376281
383998,0.9192946675018094,0.744942741652459
384299,0.9823471416255877,0.6845409465861907
384598,1.2254695554056805,0.5543799952582156
384899,0.7630663298633912,0.83054314993419
385198,0.7939521654702524,0.7703323995714506
385499,0.6814429829687021,0.7721737775732735
385798,0.4577774160310728,0.8888086045036012
386099,0.4338283012139352,0.8965005760535042
386399,0.6443140521604804,0.8431140471214942
386698,0.6170710142193977,0.8347033490074791
386999,2.770792736359673,0.24382613269294617
387298,1.1457707026669364,0.6236058468238102
387599,4.748120951528005,-0.053738128449964284
387898,13.554474521860838,-0.14465440118744222
388199,0.2776279999251919,0.8892941381185484
388498,0.6652588852697481,0.6473175225415078
388799,0.3656577161750726,0.8080437200680095
389099,0.2177792266936717,0.9191720909604582
389398,0.5042315765945781,0.6506463284824724
389699,0.7106844956547633,0.44496490781675535
389998,0.5744501773849359,0.5711608610318066
390299,0.41600533534226325,0.7498666548435695
390598,0.6223272269513428,0.5697257709290582
390899,0.543436186235568,0.5891257459720509
391198,0.3291006522261704,0.799375027471006
391499,0.33374269320107275,0.7837883522232383
391799,0.3095952523057247,0.813988657187913
392098,0.2274295950065783,0.9029102287319721
392399,0.42223757112127625,0.7222802971486075
392698,0.30033756823352453,0.8468692798074338
392999,0.3150587222852541,0.8445608708153223
393298,0.228822773853014,0.9020317731653674
393599,0.17699006727528474,0.933938266746998
393898,0.1257190593776215,0.9672709178934734
394199,0.18639396469549052,0.9563715772431715
394499,0.137440551984103,0.961279176132733
394798,0.11538952292360793,0.9697088225181288
395099,0.10733955719946064,0.9824918671422362
395398,0.20652686261803005,0.9583023235982251
395699,0.25421598853038396,0.9328811941467343
395998,0.28611734604017647,0.8997835916826921
396299,0.24120963953862415,0.9325154493840502
396598,0.14134083527467606,0.9709294641124839
396899,0.1798746893220285,0.9507363371261185
397199,0.19373588132567196,0.9490931037610482
397498,0.2350429022826681,0.9211422818847061
397799,0.18503189236138032,0.956316823492049
398098,0.14540020618662136,0.9650449022830945
398399,0.3895913052152211,0.8538118351109764
398698,0.3242414906203137,0.8869041539648954
398999,0.360105353048452,0.8756974713554864
399298,0.3106202258588847,0.8849285044235937
399599,0.36948030997231057,0.8210773979666591
399899,0.24977414263621142,0.9073637997649342
400198,0.13518161818263516,0.9705640093727588
400499,0.6640465339315598,0.3345616694577256
400798,0.31327755987741773,0.7062109009214352
401099,0.13596717851390244,0.9499080374618292
401398,0.18480279237481423,0.9102309136340576
401699,0.19942178725412693,0.8832271403225253
401998,0.14715334610569455,0.9440861032470664
402299,0.23574060459035687,0.8901923081117221
402599,0.1531825402073654,0.9385046505193204
402898,0.4275198871576403,0.7261912593901114
403199,0.8593795999368997,0.16700207979061388
403498,0.9657612714459383,0.03775429655235052
403799,0.5705831665663038,0.6134750054072806
404098,0.7595526661868996,0.2724742481801916
404399,1.5824324425990504,-2.338668540033041
404698,13.581000145826444,-0.5882422810171166
404999,42.94171005543755,-0.22404318512440957
405299,,
405598,,
405899,0.044099551020505286,
406198,0.044099551020505286,
406499,0.044099551020505286,
406798,0.044099551020505286,
407099,0.044099551020505286,
407398,0.050412588081547,
407699,0.050412588081547,
407999,0.050412588081547,
408298,0.050412588081547,
408599,0.050412588081547,
408898,0.060239535373396914,
409199,0.060239535373396914,
409498,0.060239535373396914,
409799,0.060239535373396914,
410098,0.060239535373396914,
410399,0.7652743132062472,
410699,0.7652743132062472,
410998,0.7652743132062472,
411299,0.7652743132062472,
411598,0.7652743132062472,
411899,,
412198,3.0271726289273397,-0.2903946832881039
412499,46.0805671895122,-0.5375038125906482
412798,50.45420157344316,-0.7610936657060787
413099,32.5738733810751,-0.735237812615289
413399,35.60516418552726,-0.5084402700522275
413698,11.302506799455765,-0.4471469709878346
413999,8.384901604333965,-0.21932913123201803
414298,10.21531298756235,-0.3667972736421088
414599,10.142960882711177,-0.3457117215571064
414898,11.766401852935775,-0.9055391079686015
415199,12.793473016137165,-0.8450440632455782
415498,13.285456763627904,-0.9699085860182277
415799,16.699336616396423,-1.2423016332225885
416099,63.28863911717831,-0.6224605731088844
416398,8.06575975700333,-1.621985668422326
416699,,
416998,0.39735158734418485,
417299,3.0828485228968767,-0.4080280247263899
417598,57.7215869698109,-0.6768582228803659
417899,1.49014765967125,-0.6756090137806825
418198,,
418499,2.291786712908266,-0.7237078168748521
418799,1.3882329644832299,-0.9107274278775419
419098,17.262592130351283,-1.2796696762364292
419399,5.202047652163196,-1.36164732294474
419698,,
419999,,
420298,0.7521730965499793,-0.45622516401713753
420599,0.8327381219081913,-0.7172753261420233
420898,,
421199,,
421499,,
421798,0.4372522479408745,-0.378797159307227
422099,0.26654044140626065,
422398,0.346545353428222,
422699,0.346545353428222,
422998,0.902198089086787,-0.39897526701424013
423299,0.346545353428222,
423598,1.3773749339716348,-0.41823871061999207
423899,2.5710716126883746,-0.5104268968643353
424199,22.109256325778134,-0.5567984711273826
424498,11.711156543551242,-0.5613918161581957
424799,25.380927835667016,-0.6167775809605038
425098,23.44384220368087,-0.5967446356955348
425399,25.191316446507738,-0.6325363036101772
425698,29.938009112964792,-0.5687336086712693
425999,25.437468422535517,-0.7526409238560807
426298,26.182539427683757,-0.8438842724137348
426599,22.69230795123596,-0.7807338770640035
426899,20.135989827341813,-0.7372304270482588
427198,23.86073375011033,-0.6618531198315589
427499,25.862329203554776,-0.6691490115006515
427798,23.758041107651547,-0.8185191880366804
428099,26.142678522559404,-0.6755295809966673
428398,25.946265075175514,-0.7856287093797996
428699,15.44836004993668,-0.6289389958055893
428998,25.104232312874593,-0.6903851556009819
429299,28.276672604020973,-0.6903534979877946
429599,22.18504052535839,-0.7007093609828818
429898,30.674346227122253,-0.7049300635284741
430199,34.850093555518086,-0.6658595586087259
430498,35.324317854250296,-0.5380697880683993
430799,30.419091073044278,-0.5414113087765664
431098,36.946027124284306,-0.5783879459693233
431399,33.778161285566696,-0.6216416646921954
431698,28.5123360102704,-0.570119395878135
431999,26.041598078529653,-0.6448496289894481
432299,5.144862845952403,-0.5692464439799529
432598,8.4043533658808,-0.5086065912004794
432899,0.7190890067116633,-0.4530047265372714
433198,2.29105670575796,-0.5363163406952043
433499,,
433798,0.9754574557718484,-0.5246829392915
434099,0.18741113269770537,
434398,0.18741113269770537,
434699,0.18741113269770537,
434999,0.18741113269770537,
435298,5.123870064327208,-0.8317259973358602
435599,4.09862710438045,-0.9293299927996592
435898,6.507064272542487,-0.6815579009880917
436199,3.463376221260079,-1.0081561764319051
436498,3.7442379024776713,-0.8881063086490733
436799,2.997558606922116,-1.154858864450818
437098,3.5107361491489675,-0.9909426131611683
437399,3.091509034926746,-1.0579263123798537
437699,3.8812975888295234,-0.7832795380135711
437998,3.5998520106235055,-0.9060410932338916
438299,3.3273135031860055,-1.006089574364473
438598,3.0920300923573008,-1.0893767517103772
438899,4.401785910421268,-0.7419510455892102
439198,3.0719355785448013,-1.0285709186573637
439499,3.3521699984267457,-1.0067290158101034
439798,2.9866318523410973,-1.14973940574278
440099,3.0326898106952647,-1.114069353300874
440399,3.629057185429061,-1.1542635916265236
440698,2.927772580056375,-1.2790544454658654
440999,2.968195095012393,-1.180731431178538
441298,2.7328194242971158,-1.244017634852776
441599,5.704874777321892,-0.5807126624408436
441898,3.720102073470728,-1.1540605593278714
442199,3.03316487543832,-1.18225740283295
442498,11.499961589114246,-0.2764543485482982
442799,9.981099463609617,-0.18165937194491621
443099,11.29479134239828,-0.20338715703464882
443398,2.925323212213782,-1.2182802651407476
443699,2.9296082865934125,-1.2524319619069857
443998,2.8067083106860053,-1.2590129792783635
444299,2.778111021727671,-1.2405058643673441
444598,2.5212957085424867,-1.277037868715798
444899,2.7513563504753566,-1.266494580453636
445198,2.5969618966350785,-1.2787924439943477
445499,2.413075844084153,-1.2825782474316063
445799,2.2896065014221154,-1.315780609193443
446098,2.2358052325910984,-1.2973919753964966
446399,2.0903614405216526,-1.2892394415300017
446698,2.2781325054313744,-1.345133544510598
446999,2.2545040180656346,-1.3360842251369873
447298,2.2605504774267455,-1.289912265103517
447599,2.1979252232184128,-1.294654673168532
447898,2.250101854510079,-1.3658499250327103
448199,2.3583036787832268,-1.3634283796651263
448499,2.282575171102671,-1.4136099021062725
448798,2.2960869869953195,-1.378158624739101
449099,2.5680227823818935,-1.3339507193427735
449398,2.687947176523097,-1.3683339160925159
449699,2.6593697473703193,-1.3216479852597938
449998,2.681259695553189,-1.4241591006780085
450299,2.780116507743005,-1.4373080572940338
450598,3.757018403161987,-1.5117308157482618
450899,3.2401644930809677,-1.714384924216748
451199,5.026108446562449,-0.7887282144147911
451498,3.2223583195277268,-1.4799160683250934
451799,3.284769665402727,-1.4699524904203392
452098,3.362220121043931,-1.475174808065491
452399,3.3273086530763383,-1.5656489422713435
452698,3.400999104238375,-1.474428624321467
452999,3.984874412092543,-1.6437309010094063
453298,3.278410722354116,-1.5815836479417724
453599,3.578926096675875,-1.4844269887270722
453899,3.289461525749949,-1.5575471040031883
454198,3.4612082833680047,-1.5523879101164848
454499,3.57144985155319,-1.5434163049452199
454798,5.023772348134209,-1.242852992584306
455099,4.003462989360374,-1.5857277423032206
455398,5.8733927296048964,-0.6696243415834087
455699,3.8304670481758754,-1.7205157590497553
455998,4.443181076687449,-1.5030036912461044
456299,4.5698449070501885,-1.4429852663007203
456599,3.928776371439764,-1.632193701855797
456898,3.8880440640624485,-1.4574039363147908
457199,4.3709573674027276,-1.4791249366130081
457498,4.3852561970601345,-1.4145360167514918
457799,4.885660605502264,-1.5037013879277281
458098,4.734686432891152,-1.4884350692720547
458399,4.426443866483746,-1.3762188188507665
458698,5.117916093332595,-1.4583233692022
458999,4.9453063877684675,-1.402956120646281
459299,4.663088605594857,-1.429641982322436
459598,5.014411624780042,-1.2830609153841075
459899,4.698428656155042,-1.3402757503642153
460198,4.805503376536986,-1.3219468469656714
460499,5.057942584504579,-1.2931392967236697
460798,5.216613489411986,-1.3090467388975795
461099,5.4754564564559685,-1.3127014733531932
461398,5.830292060546245,-1.2956000287873475
461699,6.26060181774532,-1.2187651495155176
461999,6.776414499763838,-1.2859645254972194
462298,6.421072106472171,-1.244365266408931
462599,7.3050735400393005,-1.2006106442880795
462898,7.179114881252264,-1.2930452248457511
463199,7.182768196724486,-1.2078767681313822
463498,7.279016725148097,-1.269037462391172
463799,7.839054724099485,-1.167702944978633
464098,7.553214766201339,-1.1865752163458096
464399,7.059741436812449,-1.2646171690635435
464699,7.827531051131896,-1.1778045072718206
464998,21.338503595221272,-0.4609604639133664
465299,6.857374749011523,-1.1928051403399258
465598,6.909250292983747,-1.1854772045984223
465899,12.721073679314078,-0.7188797955968629
466198,9.114261660821022,-1.2586158692301392
466499,5.4177687177284275,-1.0441885480548914
466798,8.00681443475404,-0.30898019346974714
467099,12.982638020923867,-0.577784762752005
467399,24.200761410631,-0.43509888543234077
467698,29.08668366909397,-0.5159445623325953
467999,9.790290190763152,-0.8006041136519553
468298,9.405053672233059,-0.63456830740683
468599,11.24606962713683,-0.6672024116282285
468898,19.162211576964683,-0.4692911330878886
469199,41.62615433893192,-0.48664948908511296
469498,51.502882207100896,-0.5239819852922067
469799,25.586204405221277,-0.6466887113440043
470099,20.942503130506353,-0.673339628585554
470398,9.874290659865002,-0.9063951570963442
470699,22.67646670554339,-0.8474514179555466
470998,17.574721623078958,-0.5178274748695484
471299,10.006320421869633,-0.9085563779610553
471598,8.135708044657356,-0.9022250760640182
471899,4.443254080959154,-0.636321423190475
472198,14.214815384557134,-0.5525264150373568
472499,0.18741113269770537,
472799,0.18741113269770537,
473098,0.18741113269770537,
473399,0.18741113269770537,
473698,0.18741113269770537,
473999,0.18741113269770537,
474298,0.18741113269770537,
474599,0.18741113269770537,
474898,0.18741113269770537,
475199,0.18741113269770537,
475499,0.18741113269770537,
475798,0.18741113269770537,
476099,0.18741113269770537,
476398,0.5665233413867344,-0.5230008096999452
476699,,
476998,14.431117025608208,-0.7748261860162649
477299,6.1357328612809106,-0.46817127211713294
477598,6.599514455882764,-0.3543461164859123
477899,3.3004174839035976,-0.9393529536947776
478199,3.224282330843412,-0.8922439251344902
478498,3.146423832963783,-0.8817911173782831
478799,3.1453730940239675,-0.927398767730137
479098,2.9491080178897087,-0.9806741068727487
479399,2.766223072882764,-1.092826392322742
479698,2.695873468468412,-1.1663999724468508
479999,2.5425127744707274,-1.2658579637713325
480298,2.5665044801281347,-1.296882911792832
480599,2.601209996609616,-1.2691966894705806
480899,2.2773797128272086,-1.3069765577318098
481198,2.698963077315634,-1.2952722071955525
481499,3.172679123544801,-1.1872617630514108
481798,2.6997522387022084,-1.3004435645517676
482099,2.9461315322924864,-1.3079236450344767
482398,2.791013546061005,-1.3347883176854975
482699,2.827484834368875,-1.4239199414035117
482998,2.630661171037857,-1.2596102999605217
483299,5.478854103615691,-0.7479884769853153
483599,2.9228821223272092,-1.2315207659523324
483898,3.943059560381893,-1.0203624683797554
484199,2.8704838794605974,-1.3968698176064405
484498,3.1412093473318383,-1.4563603146500248
484799,2.9786750136836897,-1.4814303023436999
485098,3.3224300501064308,-1.348743626029139
485399,26.25052003153729,-0.3481703918013681
485698,3.2909490503982948,-0.4274114983005459
485999,59.72466371015681,-0.49507488860678506
486299,54.534878110444694,-0.5859416343937798
486598,29.622930130696172,-0.6077532521293207
486899,41.895666871759516,-0.2342901254185965
487198,39.35412877700257,-0.23215736379350949
487499,30.508973285390468,-0.28604104243789497
487798,30.30749208846223,-0.30904378686663825
488099,37.93358315145396,-0.3744680699978862
488398,45.10538869197394,-0.4350112510447737
488699,51.24282812571785,-0.35610398472825544
488999,60.98875019990682,-0.3109422659973904
489298,41.56466739482895,-0.377782111078524
489599,43.03535247701414,-0.40173338281577586
489898,56.003535534875255,-0.36698934584411447
490199,57.033472490129874,-0.30936175671810173
490498,48.95113908271321,-0.37854850842464427
490799,49.36958538740766,-0.3673940183400277
491098,58.498963881622934,-0.38151553705831476
491399,46.64039075970628,-0.45670358903767383
491699,43.61879504369139,-0.43313436675706485
491998,66.67355951795165,-0.40904774300105284
492299,76.72321552919932,-0.5195090686330579
492598,96.30086834664378,-0.3634579046297044
492899,72.5235063925687,-0.43373175045274115
493198,20.211705210390463,-0.502312788300808
493499,24.97775544018445,-0.5991886747036792
493798,0.18741113269770537,
494099,0.18741113269770537,
494399,0.18741113269770537,
494698,0.18741113269770537,
494999,0.18741113269770537,
495298,0.18741113269770537,
495599,0.18741113269770537,
495898,0.18741113269770537,
496199,0.18741113269770537,
496498,0.18741113269770537,
496799,0.18741113269770537,
497099,0.18741113269770537,
497398,0.18741113269770537,
497699,0.18741113269770537,
497998,0.18741113269770537,
498299,0.18741113269770537,
498598,0.18741113269770537,
498899,0.18741113269770537,
499198,0.18741113269770537,
499499,0.18741113269770537,
499799,0.18741113269770537,
500098,0.18741113269770537,
500399,0.18741113269770537,
500698,0.18741113269770537,
500999,0.18741113269770537,
501298,0.18741113269770537,
501599,0.18741113269770537,
501898,0.18741113269770537,
502199,0.18741113269770537,
502499,14.27795649029887,-0.8063808838567308
502798,6.206636485311764,-1.08581939830069
503099,6.691573839196021,-1.030369671339212
503398,8.623297607402042,-1.1673433700220386
503699,6.415031215663614,-1.1969175255378106
503998,6.523566462994633,-1.1178692318064614
504299,9.842782183705282,-1.1196699056328647
504598,15.177069189508522,-1.4483929797702442
504899,42.222028841268774,-0.8475908275852375
505199,32.15938381335442,-0.6700906881703075
505498,0.18741113269770537,
505799,,
506098,,
506399,0.18741113269770537,
506698,3.1640438432595377,-1.1944756670796397
506999,,
507298,,
507599,,
507899,0.18741113269770537,
508198,0.18741113269770537,
508499,0.18741113269770537,
508798,0.18741113269770537,
509099,0.18741113269770537,
509398,0.18741113269770537,
509699,0.18741113269770537,
509998,0.18741113269770537,
510299,0.18741113269770537,
510599,0.18741113269770537,
510898,0.18741113269770537,
511199,0.18741113269770537,
511498,0.18741113269770537,
511799,0.18741113269770537,
512098,0.18741113269770537,
512399,0.18741113269770537,
512698,0.18741113269770537,
512999,0.18741113269770537,
513299,0.18741113269770537,
513598,0.18741113269770537,
513899,0.18741113269770537,
514198,0.18741113269770537,
514499,0.18741113269770537,
514798,0.18741113269770537,
515099,0.18741113269770537,
515398,0.18741113269770537,
515699,0.18741113269770537,
515999,0.18741113269770537,
516298,0.18741113269770537,
516599,0.18741113269770537,
516898,0.18741113269770537,
517199,0.18741113269770537,
517498,0.18741113269770537,
517799,0.18741113269770537,
518098,0.18741113269770537,
518399,0.18741113269770537,
518699,0.18741113269770537,
518998,0.18741113269770537,
519299,0.18741113269770537,
519598,0.18741113269770537,
519899,0.18741113269770537,
520198,0.18741113269770537,
520499,0.18741113269770537,
520798,0.18741113269770537,
521099,0.18741113269770537,
521399,0.18741113269770537,
521698,0.18741113269770537,
521999,0.18741113269770537,
522298,0.18741113269770537,
522599,0.18741113269770537,
522898,0.18741113269770537,
523199,0.18741113269770537,
523498,0.18741113269770537,
523799,0.18741113269770537,
524099,0.18741113269770537,
524398,0.18741113269770537,
524699,0.18741113269770537,
524998,0.18741113269770537,
525299,0.18741113269770537,
525598,0.18741113269770537,
525899,6.066987427243005,-0.9107277009862969
526198,5.883811774504578,-0.7515273688813182
526499,6.608017239834154,-0.6089951768490445
526799,5.7332073313480425,-0.676264119572012
527098,5.030064380847171,-0.9533038988718923
527399,4.36932255074619,-0.9915837080021499
527698,4.2633725393573005,-0.9557210350323857
527999,5.553902800856431,-1.0859699475388669
528298,4.117674097975357,-1.0473217144063267
528599,3.882382213806375,-1.1097285874616518
528898,5.808885016495319,-1.1697675353082975
529199,19.43336528666824,-0.5315134635026004
529499,16.458064871721486,-0.5819693942201172
529798,4.326369096392024,-0.8572537618389291
530099,10.296424725059445,-0.680992563128457
530398,19.172688107888153,-0.40812078889929104
530699,4.547973396877264,-1.3006320544363348
530998,3.1163385113503566,-1.2544093173421214
531299,3.992872188510079,-1.0387032016690427
531598,3.6014550782823553,-1.2964765560394906
531899,5.16817544831245,-0.8300662985542713
532199,4.223928402583282,-0.7405584618767309
532498,4.3616352235601346,-0.7427197688993414
532799,4.03530861486106,-0.6560570496730751
533098,15.102910358236365,-0.3028417623552133
533399,3.0688207276527266,-0.77367170499356
533698,2.5216008916906345,-0.9072340753035004
533999,2.610348820873505,-0.974577055894527
534298,2.665569658750819,-0.8727585069905859
534599,2.778455065118875,-0.8039645691955419
534899,2.5383136642855417,-0.9659603676938688
535198,2.8885117949189305,-0.879335421818507
535499,2.5821952445740233,-0.8499053869056525
535798,2.43917422955406,-0.9471184514982418
536099,2.2833867258017455,-0.9707605432074655
536398,2.4074609658457273,-0.9568876962296775
536699,2.6278159030008195,-1.2235541642963947
536998,2.3975656783897086,-1.0998495996938913
537299,3.6456702033772626,-1.203313882992647
537599,8.922708618495319,-0.7319997154259021
537898,48.80240678118908,-0.9001976636816529
538199,63.10925242257565,-0.8257469242750193
538498,66.92267422858953,-0.7912073930430294
538799,75.90931748011963,-0.6772238732741345
539098,67.4632045335386,-0.6873896569489737
539399,42.74812367757797,-0.8814594012899697
539698,46.120016282392776,-0.9604476681327117
539999,65.30569198851316,-0.7902097761884792
540299,3.1122826243109634,-0.8129711401372515
540598,0.18741113269770537,
540899,0.7108321491245477,-0.6215759541064318
541198,0.6387909827903085,-0.6672739830619343
541499,22.374606694869776,-0.7787598667126561
541798,18.20767102954093,-0.7807894000277564
542099,55.42457188864525,-0.582404954012697
542398,33.62186757308274,-0.5792847519997355
542699,10.618534642830426,-0.529006944529193
542999,6.045261395353429,-0.4205121857855436
543298,4.285193522596485,-0.6311699389847223
543599,7.442624576962227,-0.3718387856635974
543898,7.28729382828167,-0.307114667491343
544199,2.377352177734616,-1.6168076479607834
544498,3.600019955921246,-1.5083220455092858
544799,2.624544334229986,-1.676611282203634
545098,2.6859731148596158,-1.5500784348064292
545399,2.5682312700092087,-1.8116037738488382
545699,3.695715922683003,-0.3573165883283238
545998,3.4256278999938754,-0.8094141022732582
546299,4.428026171044114,-0.4831300210444398
546598,1.878523985373505,-1.42439813635028
546899,3.5359077131019845,-0.8286940517342978
547198,2.3034035069522085,-1.7889275884358655
547499,2.933340084250133,-1.137272695003566
547798,3.2177092539376333,-1.1415529781056284
548099,1.8743240216297627,-1.6664882844605766
548399,2.0496613229167995,-1.3019747992376263
548698,1.7603017198781343,-1.4722360510977537
548999,2.093785090257764,-1.5876949097249557
549298,1.830306563412857,-1.3214792908037034
549599,7.333954902559447,-0.24318388493614607
549898,2.437455085604986,-1.5677933232747723
550199,2.104823703077209,-1.3401004531491747
550498,2.176118983257764,-1.3341056708235017
550799,2.0477271652971165,-1.2882226310553446
551099,2.148457955542486,-1.2747939244298907
551398,2.2282178338711898,-1.2548550872820843
551699,2.4579409011527265,-1.3857634244502313
551998,2.4268852638494867,-1.3241719933381182
552299,2.7033240017406897,-1.3398252387251843
552598,2.966986144916616,-1.2742741105657345
552899,3.220852274648097,-1.2387032402925353
553198,3.5559695991434683,-1.2458583183800394
553499,3.607241534909671,-1.1783672393239013
553799,3.638588509261523,-1.1983011136315018
554098,3.8472571540045784,-1.203825562066799
554399,3.8486324668703196,-1.1449520378007674
554698,3.884438893238375,-1.1241739861877384
554999,4.055511661023098,-1.1537623056733919
555298,4.15677713966893,-1.1550053892919228
555599,4.470687914208282,-1.1048128295645192
555898,4.45191294828467,-1.1535071903059224
556199,4.481339142455967,-1.1257065921511935
556499,22.082687679962373,-0.27062009932583164
556798,0.18741113269770537,
557099,0.18741113269770537,
557398,0.18741113269770537,
557699,0.18741113269770537,
557998,0.18741113269770537,
558299,0.18741113269770537,
558598,0.18741113269770537,
558899,0.18741113269770537,
559199,,
559498,0.5425137774052529,-0.6389841174740383
559799,24.68094854649211,-0.602583914492153
560098,14.588855918135629,-0.4864009283933435
560399,0.18741113269770537,
560698,1.2064758894907437,-0.4627900871909665
560999,0.7743193740278872,-0.38204132895369325
561298,0.18741113269770537,
561599,0.18741113269770537,
561899,0.18741113269770537,
562198,0.18741113269770537,
562499,0.18741113269770537,
562798,25.196297675010626,-0.4834250219049099
563099,72.20224533119118,-0.5062832049478223
563398,0.18741113269770537,
563699,0.18741113269770537,
563998,0.18741113269770537,
564299,0.18741113269770537,
564599,0.18741113269770537,
564898,0.18741113269770537,
565199,0.18741113269770537,
565498,2.3693022456094623,-0.8820738290423897
565799,4.649346967104986,-0.8918632119211272
566098,3.993742399262393,-1.0851079918820439
566399,4.02612577667906,-1.0521746742258165
566698,3.9962902454267444,-0.9592589315730777
566999,4.176347827665172,-0.8786426651218138
567299,3.891792405817949,-0.9221777220440934
567598,5.906653685982302,-0.562703763679169
567899,4.898265488216097,-0.7049313563708437
568198,3.331052776477671,-1.110224874811105
568499,3.3158828602531347,-1.1723779795630538
568798,3.1334678371744307,-1.2141025411046589
569099,2.992821950658227,-1.2517996349349318
569398,3.367748664417486,-1.3479170755485423
569699,9.471517101500817,-0.3510145276588936
569999,4.512747995857302,-0.4573308071597395
570298,4.249079857260079,-0.7673841123382088
570599,3.298043017581838,-1.227557976878598
570898,3.1308714155517454,-1.1456354393399262
571199,3.1650021733272085,-1.1966687804401839
571498,3.26142200986106,-1.1568589498684072
571799,7.092081611675188,-0.7126214565854532
572098,3.5381660380138378,-1.2763006750886583
572399,4.1965405820416155,-1.51460820046543
572699,3.3395269699189303,-1.0920575099714522
572998,4.696220747979115,-0.9322832226639248
573299,3.6619522894629117,-1.2865800579123317
573598,3.884114235530041,-1.490924401356085
573899,3.6479584485988,-1.1908257736816061
574198,2.8153730746272636,-1.0739119358654712
574499,2.8755884266064307,-1.044716598060313
574798,2.606367372461468,-1.0797687532375098
575099,2.633701892523968,-1.1183954433671603
575399,2.9580298525763378,-1.1325296049292475
575698,2.8095183939189305,-1.084894673315897
575999,2.4783369317948014,-1.0881929818719147
576298,2.4715263457901715,-1.1140082671137317
576599,2.6188634277948006,-1.2694433907329965
576898,2.2537209422531346,-1.1483493823272726
577199,2.531209603885079,-1.2801966182926297
577498,2.14676918042443,-1.1272265273713034
577799,2.0750627410100786,-1.1357759348825525
578099,17.59457285608506,-0.4401962385007474
578398,11.934276109358205,-0.46023861095215346
578699,9.728342687793388,-0.5712119270419784
578998,76.90767611751414,-0.3570020620269845
579299,59.81992491795737,-0.32765124743642926
579598,0.18741113269770537,
579899,0.18741113269770537,
580198,0.18741113269770537,
580499,0.18741113269770537,
580799,0.18741113269770537,
581098,0.18741113269770537,
581399,0.18741113269770537,
581698,0.18741113269770537,
581999,0.18741113269770537,
582298,0.18741113269770537,
582599,0.18741113269770537,
582898,0.18741113269770537,
583199,0.18741113269770537,
583499,0.18741113269770537,
583798,0.18741113269770537,
584099,0.18741113269770537,
584398,0.18741113269770537,
584699,0.18741113269770537,
584998,0.18741113269770537,
585299,0.18741113269770537,
585598,0.18741113269770537,
585899,0.18741113269770537,
586199,0.18741113269770537,
586498,0.18741113269770537,
586799,0.18741113269770537,
587098,0.18741113269770537,
587399,0.18741113269770537,
587698,0.18741113269770537,
587999,0.18741113269770537,
588298,0.18741113269770537,
588599,0.18741113269770537,
588899,0.18741113269770537,
589198,0.18741113269770537,
589499,8.209341428088694,-1.1421600216031833
589798,12.48281734410589,-1.399642429857689
590099,26.933367158920706,-1.3622841524887046
590398,23.33995737458737,-1.4631380653115524
590699,19.954873525617465,-1.5862929691739884
590998,6.989862082020096,-1.6491456711884425
591299,6.890386401584911,-1.2420429796107366
591599,4.377970828807821,-0.9664183412146146
591898,4.174128696495319,-0.9289973200157653
592199,4.72138150961106,-1.186169865894977
592498,4.654992438608058,-1.4725065335600127
592799,16.436276680429824,-1.190788541817751
593098,17.118239341948335,-1.576626150110303
593399,4.5918419132105965,-1.1355528180633687
593698,33.604197994307135,-1.2741887000812855
593999,,
594299,0.18741113269770537,
594598,0.18741113269770537,
594899,0.18741113269770537,
595198,0.18741113269770537,
595499,0.18741113269770537,
595798,0.18741113269770537,
596099,0.18741113269770537,
596398,0.18741113269770537,
596699,0.18741113269770537,
596999,0.18741113269770537,
597298,0.18741113269770537,
597599,0.18741113269770537,
597898,0.18741113269770537,
598199,0.18741113269770537,
598498,,
598799,,
599098,,
599399,,
599699,,
599998,,
600299,,
600598,0.18741113269770537,
600899,0.18741113269770537,
601198,0.18741113269770537,
601499,0.18741113269770537,
601798,0.18741113269770537,
602099,0.18741113269770537,
602399,0.18741113269770537,
602698,0.18741113269770537,
602999,0.18741113269770537,
603298,0.18741113269770537,
603599,0.18741113269770537,
603898,0.18741113269770537,
604199,0.18741113269770537,
604498,0.18741113269770537,
604799,0.18741113269770537,
605099,0.18741113269770537,
605398,0.18741113269770537,
605699,0.18741113269770537,
605998,0.18741113269770537,
606299,0.18741113269770537,
606598,0.18741113269770537,
606899,0.18741113269770537,
607198,0.18741113269770537,
607499,0.18741113269770537,
607799,0.18741113269770537,
608098,0.18741113269770537,
608399,0.18741113269770537,
608698,0.18741113269770537,
608999,0.18741113269770537,
609298,0.18741113269770537,
609599,0.18741113269770537,
609898,0.18741113269770537,
610199,0.18741113269770537,
610499,0.18741113269770537,
610798,0.18741113269770537,
611099,0.18741113269770537,
611398,0.18741113269770537,
611699,0.18741113269770537,
611998,0.18741113269770537,
612299,0.18741113269770537,
612598,0.18741113269770537,
612899,0.18741113269770537,
613199,0.18741113269770537,
613498,0.9226111341545704,-1.0253572977460634
613799,6.440302299877263,-1.16802973431234
614098,12.65331889670991,-1.5374665798078913
614399,4.240383958477671,-1.0653501702377617
614698,4.110593745690633,-1.06996184817053
614999,4.337531453243876,-0.9888551381953647
615298,4.301042752072579,-0.9725165761555179
615599,4.226704428757764,-0.9959598876412594
615899,3.9818764673642457,-1.052163700456454
616198,4.0255124423434125,-0.790370306958547
616499,3.796490088704523,-1.082006343842011
616798,3.7702868575424855,-1.2228979265954636
617099,3.700438064544801,-1.226848766532413
617398,4.68446468605406,-0.7136586431185086
617699,3.1001822502137824,-1.1513178115500105
617998,5.108479214199893,-0.9846095517619873
618299,3.2166237276350786,-1.197019816567531
618599,3.638435894040172,-1.3581319896844084
618898,3.2075975449522085,-1.2394455974102105
619199,3.2831326630262825,-1.2350346621261061
619498,9.118611946095635,-0.7229447829625419
619799,3.041520231727672,-1.236346921933165
620098,3.10620203481332,-1.2241628110934903
620399,3.3882781713147643,-1.3042232690584084
620698,3.0593226761049865,-1.3424823020493521
620999,3.540272901954524,-0.9245954267062293
621299,2.828852766041616,-1.1357421165811092
621598,2.7269392061596713,-1.1183429737065937
621899,2.876422509391153,-1.1882767688732279
622198,2.9651211927592085,-1.2473502292640846
622499,8.584428078439078,-0.8174307133490972
622798,2.714485369400412,-1.132263047885485
623099,7.370647390597172,-1.429585979718853
623398,2.6812459343448563,-1.0895047163253908
623699,3.201542268190634,-1.473839445165995
623999,2.6221492128402266,-1.1727348401199267
624298,2.743465617902727,-1.1775549645126624
624599,2.9417191431411527,-1.2239084439675074
624898,2.866200807349486,-1.2507466369274476
625199,2.9203282993332826,-1.1840059249487012
625498,3.0541662218402266,-1.244802114817137
625799,2.89762157299069,-1.205473778313337
626098,2.7472243460971715,-1.1484897913734282
626399,2.784213670370319,-1.1905428615246163
626699,2.754391937821708,-1.3625609247810972
626998,21.289993633016152,-0.3634284982835996
627299,25.018040262908986,-0.546082136599106
627598,60.62170760798054,-0.897215287370535
627899,0.18741113269770537,
628198,0.18741113269770537,
628499,0.18741113269770537,
628798,30.36312939488452,-0.5366972626194919
629099,12.794137612270095,-0.18895756877876146
629399,8.818778400877262,-0.7290333776774245
629698,26.505701916905043,-1.0154587143491631
629999,28.652014731416923,-0.8224115677788104
630298,25.819460965707744,-0.7678700243157968
630599,0.6781780263051033,-0.5090613925696681
630898,,
631199,0.18741113269770537,
631498,19.424093719987834,-0.761600783946023
631799,27.026909240626722,-0.6291317794868454
632099,14.60654444974015,-1.0803203304374445
632398,27.297343494054818,-0.42852597518798463
632699,22.748648638997945,-0.4505397086927616
632998,17.683796461288612,-0.8470832795366243
633299,8.687912397149725,-1.220778624607453
633598,5.919007905004579,-1.8723808157989317
633899,25.643578510307133,-1.420928034146912
634198,5.339980128591854,-1.524222902912963
634499,4.097153817671245,-1.5646051367208829
634799,3.7274773984969474,-2.1331343691922813
635098,5.086391863073336,-0.8009565903597406
635399,4.005384304823337,-1.7896186296390502
635698,3.2019439703881507,-1.5133097559663957
635999,5.423430235529356,-1.6405434109529264
636298,5.232947235378892,-1.5937617529745505
636599,9.415590127716856,-1.4571227149766308
636898,5.233486641429817,-1.6765488450431576
637199,7.904395045895097,-1.2245874269748152
637499,5.7428537315617625,-1.6337895176113673
637798,6.190364431904355,-1.2870930618432839
638099,4.968285445908984,-1.6751429646840852
638398,7.40697404683491,-1.5937259290763452
638699,53.35662893144351,-0.4238267279806329
638998,129.74214161663565,-0.11626779024140954
639299,5.558728166795559,-0.48323512106684396
639598,0.6404092234120298,-0.5678602776082193
639899,1.5312647261999428,-0.6874025166020843
640199,4.1305645737545795,-1.26459978242318
640498,6.350752592971485,-1.053737780613996
640799,8.165801342221485,-0.6320791276666788
641098,5.406575798275411,-1.0155126631451217
641399,4.46090420699532,-1.4476636302005326
641698,7.188436287178192,-0.8890016661409796
641999,5.141807618404355,-0.3417024949261256
642298,3.3977584228984274,-0.543431187203345
642599,44.44771538109859,-0.5922155910066431
642899,82.4920239055847,-0.5965717804259003
643198,4.832923485728574,-1.3698018767073048
643499,5.594754901768468,-1.297532590824265
643798,6.495499557238376,-1.272296440018441
644099,7.812858012363375,-1.1160533382478408
644398,5.774391126337913,-1.0736704579146825
644699,5.5485096164605965,-1.01190440995975
644998,5.775057085810134,-1.0509094910353576
645299,5.820544375442079,-0.9656612325213327
645599,6.833446278354115,-0.756764683470112
645898,5.543049508631893,-0.937946567443297
646199,6.880023285453653,-0.7634233539621746
646498,7.359450448090225,-0.7786570636012382
646799,8.194410308113374,-0.7667964370462332
647098,9.188620147527727,-0.6921538610191629
647399,8.870362765784671,-0.7375514300997776
647698,8.727492274585599,-0.715847142679424
647999,8.352971210006894,-0.7260148768151429
648299,10.061400476617317,-0.7153378014313019
648598,14.075957765721483,-0.5770692578016006
648899,12.649984698249265,-0.6201700284984248
649198,10.760458741508522,-0.8404855268038469
649499,24.550068873580287,-0.3069106149353231
649798,39.50350341773405,-0.44855751224805807
650099,27.538119105723798,-0.5288108526295845
650398,53.400338837273395,-0.4622926534005132
650699,40.64436823504655,-0.4344767068629918
650999,46.138182532459915,-0.31195559012530083
651298,38.663335126973806,-0.41227956789135356
651599,4.703554910780226,-0.2996150355233407
651898,0.18741113269770537,
652199,0.18741113269770537,
652498,0.18741113269770537,
652799,0.18741113269770537,
653098,0.18741113269770537,
653399,0.18741113269770537,
653699,0.18741113269770537,
653998,0.18741113269770537,
654299,0.18741113269770537,
654598,0.18741113269770537,
654899,0.18741113269770537,
655198,0.18741113269770537,
655499,0.18741113269770537,
655798,9.789275049936002,-0.5103699469210874
656099,8.228058308534855,-0.45888104106612015
656399,7.812176662047873,-0.5220694486609629
656698,4.971889221613376,-0.972719938497667
656999,4.704090891534672,-1.029136702961543
657298,4.54710550942819,-1.1232296770595687
657599,4.279474849727672,-1.0520899367930912
657898,3.7307945613110047,-1.1202023663533551
658199,5.451798130854115,-0.9659861176653066
658498,8.746603806192077,-0.7015446956083509
658799,9.062824313621949,-0.8034830700662834
659099,8.934683321146652,-0.5177446540496962
659398,13.660122456974484,-0.529379070328337
659699,10.12231227756708,-0.506275364111026
659998,7.421872413337912,-0.7419199446495461
660299,7.76251328593282,-0.9179838139381278
660598,7.517468485594858,-0.9433022263413642
660899,6.751147343946709,-0.9802976177336575
661198,6.429115719708282,-1.0329942023452103
661499,6.351614603152727,-0.9883906639454008
661799,9.279456406161986,-1.05548041185612
662098,8.463215396493005,-1.0071443526477952
662399,14.871004068839543,-0.7515385903526599
662698,11.137697954077966,-0.8820265376211172
662999,12.103861665441393,-0.8789735143048261
663298,13.597804071017782,-0.7857356318460249
663599,20.35560570029556,-0.6652574075844058
663898,20.961955710330287,-0.750115960440781
664199,22.24586586045297,-0.7371518325576905
664499,25.745804884911298,-0.6710693267918315
664798,28.215144044610373,-0.61735310933053
665099,22.6809370489113,-0.7262286858689329
665398,36.56954498342533,-0.5633846883636542
665699,51.30319410872128,-0.7034188572913938
665998,64.64120578189257,-0.5831644524198538
666299,65.71333949348283,-0.5280795555773976
666598,53.917597942457384,-0.5727173475928982
666899,60.50560948589027,-0.43112675709973214
667199,29.43423845410785,-0.4691316297819368
667498,33.721541977857854,-0.5290808422752047
667799,0.18741113269770537,
668098,,
668399,0.18741113269770537,
668698,0.18741113269770537,
668999,0.18741113269770537,
669298,0.18741113269770537,
669599,0.18741113269770537,
669899,0.18741113269770537,
670198,0.18741113269770537,
670499,0.18741113269770537,
670798,0.18741113269770537,
671099,0.18741113269770537,
671398,0.18741113269770537,
671699,0.18741113269770537,
671998,0.18741113269770537,
672299,0.18741113269770537,
672599,0.18741113269770537,
672898,0.18741113269770537,
673199,0.18741113269770537,
673498,0.18741113269770537,
673799,0.18741113269770537,
674098,0.18741113269770537,
674399,0.18741113269770537,
674698,0.18741113269770537,
674999,0.18741113269770537,
675299,21.393738275952966,-0.8698955902096042
675598,9.156757926443706,-1.6518362188009252
675899,,
676198,5.634211455476115,-1.5936281857077752
676499,10.965424630351112,-1.426463513417091
676798,18.40298631258954,-1.135394661566742
677099,21.950202542008522,-1.4159612161660533
677398,13.74556670370991,-1.866386972282958
677699,12.654906244633521,-1.3837673676382427
677999,9.987577398631206,-1.8480820672096994
678298,15.435972833619628,-1.1757343558167452
678599,21.668895241332596,-1.1750788417326032
678898,4.590581205253892,-1.7954166182252385
679199,3.8485619476427804,-1.3915680925388179
679498,3.9064152734807434,-1.5078976680909801
679799,5.538972707371948,-1.3163715054289442
680098,4.044015732302503,-1.2205523763869213
680399,3.980352972705281,-1.1443220839810793
680699,4.257541494950652,-1.1545425631593056
680998,4.66243740215204,-1.2033087693104023
681299,11.188771661740002,-0.8443959125925131
681598,6.753331079293243,-1.4245098758860988
681899,16.48953659608491,-1.3729540804935656
682198,16.217629811962226,-1.48221046994211
682499,5.489932756754579,-1.0540701247255582
682798,11.031473844715533,-1.4996160091719903
683099,3.9202544353434123,-0.8959484903073545
683399,18.834800253071016,-1.6862689985424897
683698,0.18741113269770537,
683999,0.18741113269770537,
684298,0.18741113269770537,
684599,0.18741113269770537,
684898,0.18741113269770537,
685199,0.18741113269770537,
685498,0.18741113269770537,
685799,0.18741113269770537,
686099,0.18741113269770537,
686398,0.18741113269770537,
686699,0.18741113269770537,
686998,0.18741113269770537,
687299,0.18741113269770537,
687598,,
687899,0.18741113269770537,
688198,12.493257756716854,-0.6026067352111697
688499,,
688799,,
689098,0.18741113269770537,
689399,0.18741113269770537,
689698,0.18741113269770537,
689999,,
690298,,
690599,,
690898,,
691199,,
691499,,
691798,,
692099,,
692398,,
692699,,
692998,,
693299,0.18741113269770537,
693598,0.18741113269770537,
693899,0.18741113269770537,
694199,0.4884519247098458,-0.6300506720671788
694498,0.18741113269770537,
694799,0.18741113269770537,
695098,0.18741113269770537,
695399,0.18741113269770537,
695698,0.18741113269770537,
695999,0.18741113269770537,
696298,2.326920564621036,-0.6393853223697514
696599,0.18741113269770537,
696899,0.18741113269770537,
697198,9.937129459017779,-1.2997443745726933
697499,24.719356758411987,-1.3894782502519596
697798,11.452719798305504,-1.1712618913011492
698099,4.483133616050875,-1.0972121032469548
698398,4.852165574532356,-1.103889088912763
698699,5.140628267161986,-0.9650487534148311
698998,5.34055380585643,-1.081279525427182
699299,6.246950551840228,-1.137400287626289
699599,5.370114001847172,-1.0113675475016466
699898,4.849570637858744,-0.9671939510586869
700199,5.0239999733957825,-0.9379160721256241
700498,5.600776140300875,-1.0034659033962665
700799,5.8876783835578195,-0.9598816677891224
701098,5.7966167946712455,-0.9937638005234681
701399,5.95171369298606,-0.9961733034038762
701698,8.206294774717541,-1.1084247498218804
701999,8.617650139330282,-1.1474604585802433
702299,5.719168377083282,-1.07551060205406
702598,8.634938924805503,-1.0948894257207438
702899,5.2626122321974895,-1.4134755787074544
703198,6.397354001523096,-1.372168357868313
703499,5.286022059648097,-1.292971755093793
703798,13.502816514941392,-1.12094130771343
704099,8.072026983724486,-1.3440259867046422
704398,8.241741887171244,-1.29642806794614
704699,4.3243747683309675,-1.249778951970049
704999,4.464869309520783,-1.2781215416531988
705298,4.763730742305504,-1.2600075823277836
705599,4.48931884936569,-1.1937510388951202
705898,4.37828794055319,-1.1515386438495137
706199,4.345144013645783,-1.144579898013494
706498,4.118125033282357,-1.0996167883996675
706799,4.281756050004578,-1.10549536608129
707098,4.151804877814763,-1.0231113963658633
707399,4.289294024233746,-1.0283052935985726
707699,4.4384495409235605,-1.0508246912712624
707998,4.233349442347172,-1.0362242117146816
708299,4.557772628548559,-1.0587743866794228
708598,4.1637090067684674,-1.0230005026926365
708899,3.7611253432082816,-1.2288395133988796
709198,3.8713691424374495,-1.2224930272197434
709499,3.9291655108217083,-1.2043226161067269
709798,3.9830366346064303,-1.15916500283131
710099,4.044554616886523,-1.0770112094036968
710399,4.024543429590226,-1.0240019962489026
710698,4.1828865172337455,-0.9774306640573516
710999,4.18550478655782,-1.009485468025364
711298,4.254508687428189,-1.0153853961676718
711599,4.3126803222661545,-0.9996838705666005
711898,4.359533832252264,-0.9299700959883643
712199,11.156154617099485,-0.5946722008057621
712498,4.5524864464605965,-0.9422848359776421
712799,4.7123897311110605,-0.9591301488271509
713099,4.758761803182819,-0.9141402690791804
713398,5.015794062395782,-0.86959632232736
713699,5.265503110402727,-0.8674135958570528
713998,5.371069588738375,-0.8375864493975749
714299,5.24373595323606,-0.8367174126711119
714598,5.202755909398096,-0.82098622378207
714899,4.971451283849486,-0.7728533467935932
715198,5.16850363510643,-0.8644672974236978
715499,4.57657769680782,-0.810738138479316
715799,4.553526483953654,-0.70327473395431
716098,4.516628857814764,-0.5577687356292256
716399,4.364149427205969,-0.6552666765566431
716698,5.765669921930504,-0.9763364278528923
716999,4.56347799724532,-0.9268057083030647
717298,4.195744504967541,-0.7950782585265697
717599,4.726367404541616,-0.9775917284447064
717898,4.200637174888838,-0.8744044905940498
718199,4.536653859222173,-0.947986110708803
718499,4.468022053902726,-0.8142644551423022
718798,4.4774319346388385,-0.8465777676164732
719099,4.504281564032357,-0.8849759094831793
719398,4.8735657903541165,-0.8924775238475062
719699,11.010170618478428,-0.5394225012415144
719998,14.983336572271087,-0.607154822224129
720299,4.923827312502308,-0.43670607176649057
720598,42.76290408665898,-0.2549060464281603
720899,5.4578643582261135,-1.1788815196668092
721199,5.1550166513441695,-1.4240142428982092
721498,4.581503471263838,-1.2716231894225127
721799,4.6353191728402265,-1.0925124687986631
722098,4.543401104631894,-0.9200237540183138
722399,9.455540314885837,-0.8253777481737281
722698,4.982450652391152,-0.9049495537178667
722999,6.372492845851801,-1.0928353777159177
723298,10.29476074070528,-0.7650973739520506
723599,5.888403646238376,-1.2256069556025913
723899,9.918845390142781,-0.7264330191330264
724198,4.691752760966854,-1.2962067254944998
724499,6.695023640476114,-0.7548644582986157
724798,7.6461914076497255,-0.6268439240801877
725099,5.704003044869632,-1.4070737001333367
725398,5.4851535112238,-1.350258615744759
725699,5.289438965105743,-1.12790249836958
725998,9.292054382031672,-1.0961552149876215
726299,4.924048392987688,-1.0998394107077698
726599,5.072811240760838,-1.1290819852201892
726898,4.791820805619633,-1.1197760016467728
727199,4.66240750872843,-1.1142259151745795
727498,4.3705902715485605,-1.0426006842960631
727799,4.576936408868005,-1.051870803374952
728098,4.406031248793931,-0.9894100497041183
728399,4.785383376369633,-1.0793266948423486
728698,20.74150579973783,-0.3675379695351966
728999,4.6366606722476345,-0.9952423343382846
729299,4.771998577016152,-0.9697019562668021
729598,5.091118749092542,-0.9428735385654108
729899,6.730011738999949,-1.2170413802542623
730198,5.52152678542356,-0.8796259641649831
730499,5.2796985284883755,-0.8799999426398675
730798,5.586158947057818,-0.8019914648725326
731099,5.5912543740578196,-0.8316026800771921
731398,5.817687226363376,-0.888720108534911
731699,6.202773652851802,-0.85675783062766
731999,6.19959591286106,-0.8410310799085543
732298,6.522905098761523,-0.8117218088553064
732599,6.736606158173561,-0.7459717258372942
732898,6.534305772467543,-0.7615219152840857
733199,6.550276342907356,-0.7119408069052178
733498,6.8454826714467085,-0.7158423453141352
733799,6.833487862226801,-0.710406531558802
734098,6.850161209231432,-0.6600482754692032
734399,6.822523475460596,-0.6587494905382643
734699,7.166580437141153,-0.6424808891048726
734998,7.1861649411504125,-0.6191696953927941
735299,7.432810593988375,-0.6086354092460444
735598,7.803745799599485,-0.6228950202508348
735899,7.841450106819394,-0.621711296452053
736198,8.059322559236064,-0.6037256410258134
736499,8.596409141828653,-0.6006686558535057
736798,8.824342688252264,-0.5966255554923874
737099,8.99192259695134,-0.5975537450593433
737399,9.368467461993005,-0.6131178862343976
737698,9.521607902439763,-0.5996699636861988
737999,9.826335349990691,-0.5883321735170688
738298,9.699945298946707,-0.5581829941742078
738599,9.547870569280043,-0.5464007678448997
738898,9.5176567981481,-0.5529869752055334
739199,9.435090167335597,-0.5522470330836922
739498,9.216852182493007,-0.5231003293659133
739799,9.178362080499948,-0.5272791535029697
740099,9.160494826342543,-0.5248107655200225
740398,9.310126616949024,-0.5468937934428872
740699,9.3035258274768,-0.5348424117551329
740998,9.197082619523096,-0.5455888304411802
741299,9.609091117560133,-0.5611431112300884
741598,9.427670049770784,-0.5672566422423624
741899,9.079407594499948,-0.5204764672605484
742198,9.300525890145781,-0.5131066531715291
742499,9.003852174571708,-0.512145319087908
742799,9.168700540685133,-0.4954478770004964
743098,9.19287943769208,-0.5384747039859297
743399,9.18854839929393,-0.4906939586177417
743698,8.851544245155043,-0.4577630210033443
743999,8.935050911025408,-0.4764793132371157
744298,8.940771086291615,-0.4767750568460327
744599,9.216344025280042,-0.5180145930668405
744898,9.268232646407357,-0.5598765223349456
745199,16.907715050587374,-0.7107461813856459
745499,10.118252379192079,-0.6904403684016589
745798,6.761923198059272,-0.4731575789215017
746099,9.006422655784672,-0.6294497463576851
746398,8.285210587124949,-0.6966259741463949
746699,7.072672014532356,-0.699302386967064
746998,6.740319268840228,-0.8137559242917942
747299,4.989990110300876,-1.1321580336682957
747598,5.141936809671245,-1.100084803425878
747899,5.2555594924281905,-1.1040237361066625
748199,5.386297119900412,-1.0855276664869078
748498,5.504702114416617,-1.090142639930662
748799,5.413698690766153,-1.073776875261117
749098,5.2965586542916165,-1.0621841565159067
749399,5.2431449534721715,-1.0158886221112096
749698,6.103715888460596,-1.0801921189740988
749999,5.952208560368005,-1.0413961798785394
750298,5.991084151240689,-1.0507395578282277
750599,6.1059601972893,-1.0106870358228552
750899,6.172231754800876,-1.006284011551069
751198,6.516492448402726,-0.9859461483038972
751499,6.56508498250921,-0.9669461161747741
751798,6.732483309576338,-0.9361569580138791
752099,6.759545071483744,-0.9159103417382559
752398,6.53501026106245,-0.8835604807046811
752699,6.576466275136522,-0.8959281989182195
752998,6.519627423217542,-0.8119430632742894
753299,6.5889356068448555,-0.7859343672976369
753599,7.3372088820879116,-0.9468967963570942
753898,5.829276326997635,-0.7545480856587183
754199,5.838969249030042,-0.7765149456245319
754498,6.081444637152726,-0.7371162941014797
754799,6.21803134706245,-0.7389027688729262
755098,5.9201041069582825,-1.0048485402388763
755399,5.589916192488374,-0.9766717160491549
755698,5.57147185693282,-0.8267714192100937
755999,5.584460400884208,-0.8710331439146182
756299,5.617720743134209,-0.8642286747613852
756598,5.666168388354115,-0.8639439175766301
756899,5.808479109263838,-0.913866189009763
757198,5.801312518497634,-0.9154433718046999
757499,5.632010790252263,-0.8278534068933967
757798,5.734129955326337,-0.7354815181204075
758099,5.682968481023098,-0.7401444077076649
758398,5.9710781798518004,-0.7668949290279592
758699,29.84810909829072,-0.7254366765479805
758999,34.63057813140183,-0.6841773271816702
759298,0.6752163640950676,-0.23865977598236943
759599,,
759898,0.18741113269770537,
760199,0.18741113269770537,
760498,0.18741113269770537,
760799,0.18741113269770537,
761098,0.18741113269770537,
761399,0.18741113269770537,
761699,0.18741113269770537,
761998,0.18741113269770537,
762299,0.18741113269770537,
762598,0.18741113269770537,
762899,0.18741113269770537,
763198,0.18741113269770537,
763499,0.18741113269770537,
763798,0.18741113269770537,
764099,0.18741113269770537,
764399,0.18741113269770537,
764698,0.18741113269770537,
764999,0.18741113269770537,
765298,0.18741113269770537,
765599,0.18741113269770537,
765898,0.18741113269770537,
766199,0.18741113269770537,
766498,0.18741113269770537,
766799,0.18741113269770537,
767099,0.18741113269770537,
767398,0.18741113269770537,
767699,0.18741113269770537,
767998,0.18741113269770537,
768299,0.18741113269770537,
768598,0.18741113269770537,
768899,2.7508472781512823,-0.6400934537919425
769198,10.965445544031667,-0.6850603565562923
769499,11.029810265823334,-0.8835418244064555
769799,9.979756910494634,-0.6894092536277909
770098,9.199676350656668,-0.7602461483211891
770399,8.36445664646454,-0.7303505603441791
770698,7.702293762811763,-0.6750698868213414
770999,22.200543452353433,-1.109157886002731
771298,14.047880101915931,-1.2306004294672395
771599,33.751958932205284,-1.4761603361592384
771898,,
772199,,
772499,,
772798,,
773099,,
773398,,
773699,0.18741113269770537,
773998,,
774299,,
774598,,
774899,,
775199,0.18741113269770537,
775498,0.18741113269770537,
775799,0.18741113269770537,
776098,0.18741113269770537,
776399,0.18741113269770537,
776698,0.18741113269770537,
776999,0.18741113269770537,
777298,0.18741113269770537,
777599,0.18741113269770537,
777899,0.18741113269770537,
778198,0.18741113269770537,
778499,0.18741113269770537,
778798,0.18741113269770537,
779099,0.18741113269770537,
779398,0.18741113269770537,
779699,0.18741113269770537,
779998,0.18741113269770537,
780299,0.18741113269770537,
780599,0.18741113269770537,
780898,0.18741113269770537,
781199,0.18741113269770537,
781498,0.18741113269770537,
781799,0.18741113269770537,
782098,0.18741113269770537,
782399,0.18741113269770537,
782698,0.18741113269770537,
782999,0.18741113269770537,
783299,0.18741113269770537,
783598,0.18741113269770537,
783899,0.18741113269770537,
784198,0.18741113269770537,
784499,0.18741113269770537,
784798,0.18741113269770537,
785099,0.18741113269770537,
785398,0.18741113269770537,
785699,0.18741113269770537,
785999,0.18741113269770537,
786298,0.18741113269770537,
786599,0.18741113269770537,
786898,0.18741113269770537,
787199,0.18741113269770537,
787498,0.18741113269770537,
787799,0.18741113269770537,
788098,0.18741113269770537,
788399,0.18741113269770537,
788699,0.18741113269770537,
788998,0.18741113269770537,
789299,0.18741113269770537,
789598,0.18741113269770537,
789899,0.18741113269770537,
790198,3.303486574979453,-1.2873582067188045
790499,7.486157812293082,-1.0520308078605929
790798,5.38033256524995,-1.0513004954158576
791099,5.462908069314763,-1.135570309532182
791399,5.772445063643469,-1.1864414018135516
791698,5.401703262340226,-1.0854107703838265
791999,7.347418392049341,-0.8236844138856132
792298,6.345776587143468,-0.9834776318578189
792599,8.630004239995321,-0.617802464943513
792898,6.711847201453654,-1.0201313647449797
793199,5.045515160886523,-1.156100968298265
793498,6.383407293333282,-1.0730662371744115
793799,6.816170889538452,-1.168127993594577
794099,7.2630741376295775,-0.9049142037901019
794398,5.761108547708282,-1.1225798854688884
794699,5.731881172657356,-1.1238217381610895
794998,5.957810976379579,-1.1087422464829069
795299,6.239403430138838,-1.028953374936814
795598,5.687403333511523,-1.099363981077612
795899,6.4349695461087455,-1.0810150543518153
796198,5.602513069328653,-1.139574099994077
796499,5.865255502347171,-1.1136873551973578
796799,5.507988686148098,-1.0079463639160604
797098,43.710116701977114,-0.42774704993386625
797399,7.76688157300389,-0.5918362409564337
797698,7.9032150086196316,-0.6455968248828292
797999,8.026428643380358,-0.5007148810058415
798298,9.218227171610373,-0.5119233144503652
798599,5.114149018766153,-1.1556760219622184
798898,5.361152075365691,-1.1896398990534935
799199,5.53564823498606,-1.129538329434717
799499,5.6768593586943945,-1.0511432183450031
799798,5.778608112458283,-1.016898817731735
800099,6.379710679386523,-1.1087592914969728
800398,5.745085881800875,-0.8906290010409093
800699,6.259987350951338,-0.8582492699650175
800998,6.293238359219856,-0.869150016169026
801299,6.706629504036986,-0.7772388911162864
801598,6.078711902979116,-0.6578557446185913
801899,6.615492644601802,-0.6874283989319956
802199,6.738873083939764,-0.6594711843990324
802498,6.928090865719857,-0.7096315419395138
802799,6.933063384036987,-1.0289959919008709
803098,6.203353293729116,-1.2074212292406643
803399,5.318395910611059,-1.1203029429215459
803698,5.504089293247634,-1.1092807641365718
803999,5.233773996196708,-0.9250264457942239
804298,5.278699743243005,-0.8311035837802838
804599,5.6661507962082815,-0.8701556956674692
804899,5.97857123168282,-0.8931005068528621
805198,6.367916870599487,-0.9078616789248672
805499,6.817362570237687,-1.1122026394282423
805798,16.476812298258523,-0.6734329559380761
806099,101.34307638503184,-0.48547865330513496
806398,52.067026020675186,-0.44804973255330816
806699,0.18741113269770537,
806998,0.7986550476051233,-0.5827743528065898
807299,0.18741113269770537,
807599,0.18741113269770537,
807898,0.18741113269770537,
808199,0.18741113269770537,
808498,0.18741113269770537,
808799,0.18741113269770537,
809098,0.18741113269770537,
809399,0.18741113269770537,
809698,0.18741113269770537,
809999,0.18741113269770537,
810299,0.18741113269770537,
810598,0.18741113269770537,
810899,0.18741113269770537,
811198,0.18741113269770537,
811499,0.18741113269770537,
811798,0.18741113269770537,
812099,0.18741113269770537,
812398,0.18741113269770537,
812699,0.18741113269770537,
812999,12.364518166473799,-1.0888620572210161
813298,10.841961709952963,-1.330339975785522
813599,11.169039023554818,-0.6875193780702693
813898,6.091518932604299,-0.876123248193935
814199,6.118934966216854,-1.3403818582469618
814498,8.207990861253892,-1.1849650170786883
814799,6.599435365529355,-1.2128330674594778
815098,6.756971313054817,-1.1069895631841145
815399,6.570858270256207,-1.10782014289701
815699,10.482549982338693,-1.037553319957103
815998,7.7774319471890765,-1.31713926556912
816299,7.14930515158491,-0.9078455685415863
816598,8.41879891401315,-1.22995909629351
816899,9.89219653324463,-1.2527024694851923
817198,8.83356814825158,-1.3064757573913384
817499,7.953015041378892,-1.1196347697482403
817798,8.442371871538617,-1.3806016865260329
818099,7.430900939134208,-1.207017758566138
818399,14.185798924887303,-1.02561091488317
818698,7.118483902048561,-0.9009750455203465
818999,7.196443875054817,-1.0237363520632181
819298,8.295572785559449,-0.947223735867347
819599,6.464357416722171,-0.9182940276963607
819898,7.9341833755802815,-1.1805021201274175
820199,9.756968547006895,-0.8679620841202638
820498,10.329679170346488,-0.8375999521514697
820799,7.596571208326338,-0.9950677163577217
821099,31.716498628918245,-0.7278776145001045
821398,21.341357154728428,-0.7839784716732479
821699,37.90260445629887,-0.6356738221663123
821998,7.127372817638151,-0.6729178380729459
822299,7.027822910949023,-0.61655736801425
822598,8.274125896520097,-0.5919953992383484
822899,8.697805266418245,-0.5790262617344775
823198,13.99868739945528,-0.6238298010334649
823499,15.335655989693707,-0.45154556067496743
823799,30.84992955724331,-0.5992227276983297
824098,32.19413664855264,-0.5509082108068326
824399,22.447892966654358,-0.6333325135311791
824698,20.216927046434446,-0.553763382559654
824999,18.700100737297877,-0.53839792765545
825298,20.597791287952965,-0.6050658573856056
825599,21.69531503030713,-0.5919232386251356
825898,58.100419803356736,-0.7021416518018764
826199,73.04301952394387,-0.6961691226247808
826499,63.02252007387209,-0.6575544608030217
826798,103.47819394730227,-0.6539469247985719
827099,116.17525943767072,-0.46928132360253527
827398,132.4565807334134,-0.5494815558694583
827699,105.22011028304304,-0.564667912606156
827998,120.51148056082083,-0.523847117651733
828299,100.5866950351495,-0.617654253166875
828598,83.48960918267153,-0.517278931087257
828899,105.1862936657271,-0.6179785864965754
829199,73.45596952150953,-0.5675661492242434
829498,32.498320356363685,-0.5470292460175383
829799,58.1609502187271,-0.7061278429966005
830098,56.4565564057248,-0.6214893352466548
830399,69.7812910459285,-0.5068489705871357
830698,60.15368620856275,-0.5435934812500514
830999,63.97772469390303,-0.5831515711669999
831298,71.68473463319701,-0.47828046658868795
831599,54.694038236213224,-0.5670116433217629
831899,66.84830265647247,-0.5449547718989161
832198,49.961708599046545,-0.6321187241475814
832499,45.55184569759054,-0.6502373277795601
832798,51.95632287144471,-0.5546723216858156
833099,49.388611174870626,-0.5696335639772545
833398,32.838922418967854,-0.4916264007453508
833699,0.18741113269770537,
833998,0.18741113269770537,
834299,0.18741113269770537,
834599,0.18741113269770537,
834898,0.18741113269770537,
835199,0.18741113269770537,
835498,0.18741113269770537,
835799,11.871905062000133,-0.545656969898118
836098,13.727223130430506,-0.38002214396947687
836399,11.963382995506896,-0.3555451775571292
836698,11.610329864615688,-0.4394850880393206
836999,10.365211995018468,-0.43509693558961926
837299,9.15893910571291,-0.46470149331032395
837598,8.920881220571708,-0.5415767232676278
837899,9.841125965046245,-0.5974968849371458
838198,8.26365591444208,-0.7828892171914197
838499,7.582069000951337,-0.8380162741518458
838798,7.4910571320624495,-0.8607558783616613
839099,7.709843850999949,-0.920716473814505
839398,7.604915872196709,-0.9058661517888467
839699,7.8209794472661525,-0.9069104154373209
839999,7.836553721469857,-0.9292844173616248
840298,7.90604322957171,-0.9296250328927618
840599,8.010166526180505,-0.9631248283751523
840898,8.282877666958282,-0.9639652404218984
841199,8.4392757227893,-0.9286607182260187
841498,8.256990648462912,-0.8849056060422189
841799,8.53908958624995,-0.8742091616936398
842098,11.023479744950652,-0.5519812204366266
842399,9.498270019402726,-0.656609712284566
842699,9.081617983587911,-0.749595656165799
842998,14.069098089106431,-0.5126101227356237
843299,10.181239371812449,-0.7295357988675308
843598,0.18741113269770537,
843899,0.4604803203450325,-0.6309057659563908
844198,0.7636399390950326,-0.21625342547131665
844499,11.027859257083282,-0.6846444820964217
844798,11.155576155173561,-0.6280758622048728
845099,11.302588918935133,-0.6257834308027796
845399,11.529664926131893,-0.5800791936003977
845698,12.418509172226798,-0.590746160239922
845999,21.767238115096482,-0.4499263806693965
846298,26.12898843310343,-0.262129075009395
846599,39.01699675841593,-0.24584190796528027
846898,62.43838693939509,-0.28330186098615684
847199,73.52220417426315,-0.287766513682723
847498,1.6805516246359005,-0.2247145111937141
847799,0.18741113269770537,
848099,,
848398,,
848699,,
848998,9.045833994077963,-0.43877700861832336
849299,0.18741113269770537,
849598,0.18741113269770537,
849899,0.18741113269770537,
850198,0.18741113269770537,
850499,0.18741113269770537,
850799,0.18741113269770537,
851098,0.18741113269770537,
851399,0.18741113269770537,
851698,0.18741113269770537,
851999,0.18741113269770537,
852298,0.18741113269770537,
852599,0.18741113269770537,
852898,0.18741113269770537,
853199,0.18741113269770537,
853499,0.18741113269770537,
853798,0.18741113269770537,
854099,0.18741113269770537,
854398,0.18741113269770537,
854699,0.18741113269770537,
854998,0.18741113269770537,
855299,0.18741113269770537,
855598,0.18741113269770537,
855899,0.18741113269770537,
856199,0.18741113269770537,
856498,0.18741113269770537,
856799,0.18741113269770537,
857098,0.18741113269770537,
857399,0.18741113269770537,
857698,0.18741113269770537,
857999,0.18741113269770537,
858298,21.469401873115004,-0.6640829617965138
858599,12.493464811242319,-1.2703359913992776
858899,25.41444417283491,-0.8680410814257491
859198,21.697424978411988,-0.8942875070595337
859499,,
859798,0.5892447587855901,-0.698088749963307
860099,,
860398,0.6891721360929753,-1.1500891031971063
860699,0.7859134776928092,-1.2213773913736112
860998,,
861299,,
861599,0.6525097600573474,-0.8736962044322045
861898,25.110799964222476,-1.6144577058173408
862199,18.529292260582743,-1.7176072341450617
862498,14.967474626994424,-1.3814203768025468
862799,1.6250548383819372,-0.8184443492725411
863098,0.7001988919486217,-0.7430781483670517
863399,23.63183673090218,-1.2020535128068
863698,0.18741113269770537,
863999,0.18741113269770537,
864299,,
864598,0.18741113269770537,
864899,0.18741113269770537,
865198,0.18741113269770537,
865499,0.18741113269770537,
865798,0.18741113269770537,
866099,0.18741113269770537,
866398,0.18741113269770537,
866699,0.18741113269770537,
866999,0.18741113269770537,
867298,0.18741113269770537,
867599,0.18741113269770537,
867898,0.18741113269770537,
868199,0.18741113269770537,
868498,0.18741113269770537,
868799,0.18741113269770537,
869098,0.18741113269770537,
869399,0.18741113269770537,
869699,0.18741113269770537,
869998,0.18741113269770537,
870299,0.18741113269770537,
870598,0.18741113269770537,
870899,0.18741113269770537,
871198,0.18741113269770537,
871499,0.18741113269770537,
871798,0.18741113269770537,
872099,0.18741113269770537,
872399,0.18741113269770537,
872698,0.18741113269770537,
872999,0.18741113269770537,
873298,0.18741113269770537,
873599,0.18741113269770537,
873898,0.18741113269770537,
874199,0.18741113269770537,
874498,0.18741113269770537,
874799,0.18741113269770537,
875099,0.18741113269770537,
875398,0.18741113269770537,
875699,0.18741113269770537,
875998,0.18741113269770537,
876299,0.18741113269770537,
876598,0.18741113269770537,
876899,0.18741113269770537,
877198,0.18741113269770537,
877499,0.18741113269770537,
877799,7.661138396016152,-0.954430059949491
878098,9.392804913474485,-1.0103531104609393
878399,8.960917382949024,-0.9601090084469
878698,9.324734084694391,-0.976725738146559
878999,9.006471462650412,-0.9274323973060674
879298,8.79440161595828,-0.8373308901587571
879599,8.725878542247635,-0.8770030900731933
879898,9.005184725465227,-0.9149599898770162
880199,8.14362503525373,-1.0770960172617436
880499,6.71394766061569,-1.0817252754146476
880798,7.236594997203653,-1.0821977101826827
881099,6.60961124268745,-1.0591224279866132
881398,7.128281104261524,-1.0446695701810698
881699,8.14700964436569,-0.9310449816539295
881998,11.758233215514618,-0.6078503586275599
882299,6.2354980207846715,-1.098161653784159
882598,6.277340289076338,-1.1134610215824883
882899,6.4021640878518005,-1.0504119969509862
883199,6.388140368030042,-1.0322108637133942
883498,7.1891500122592085,-1.0816302960354038
883799,9.601048956722954,-0.9605612596261321
884098,11.412241110052504,-0.5469266789136566
884399,6.968067754930506,-1.0866159522833914
884698,10.144714609464542,-0.6799390520889195
884999,9.340277828330967,-0.623644286412929
885298,9.316102808319394,-0.6129001538086176
885599,9.408185155751418,-0.5496204768440909
885899,9.274217522305504,-0.6123371969736682
886198,9.431006686342544,-0.681124254763118
886499,9.3472142859768,-0.7507684027263704
886798,9.626140782641151,-0.6935993618591856
887099,9.818494751305504,-0.7219265799588739
887398,9.704497354233746,-0.6640601624390929
887699,9.965454147157356,-0.7838345275493017
887998,10.63635718049069,-0.670164955473264
888299,11.977931648384208,-0.6720597850011827
888599,14.51127813853167,-0.543014463521815
888898,9.284142357048559,-0.9054253413760334
889199,8.720136335189764,-0.8660939110053267
889498,9.643151996997636,-0.6327428988464365
889799,9.864689700018468,-0.6064003971212715
890098,10.23438283818745,-0.6730548600616479
890399,10.555400151090227,-0.588930731281976
890698,11.002077894655041,-0.650662520045002
890999,12.058345379994632,-0.7937196822690278
891299,11.652637633334912,-0.7043461151507717
891598,10.405009698416615,-0.5943087746090121
891899,13.784013093110373,-0.6949291598233469
892198,11.291233119832595,-1.0536184624141405
892499,12.283191396346485,-1.0623005779361692
892798,12.540312379996948,-0.9970115493194391
893099,14.060067494631207,-0.9452698992425692
893398,12.521106443314077,-0.9377408035368109
893699,11.071853522640467,-0.9889541948235387
893999,13.278371482251577,-0.9262007410158943
894298,12.8852703135363,-0.8622028725651214
894599,10.436365265756207,-0.8789865085842552
894898,10.258314020564077,-0.8433259116397684
895199,9.891979530272408,-0.8968465701201773
895498,10.828824806344167,-0.8903874426889355
895799,12.15166153486269,-0.836421007580171
896098,12.295291802858058,-0.8669234761893982
896399,13.263769822529353,-0.9225856351125816
896699,13.527176638640467,-0.7276270699624197
896998,11.417095983179815,-0.9508806595772894
897299,15.924576980610375,-0.9260377109346176
897598,14.384637036293245,-0.891563186567045
897899,16.404972654457595,-0.7822135073528651
898198,16.689005403385835,-0.8123352403141442
898499,13.847818567411302,-0.7559231832105076
898798,44.863400176077754,-0.5098579544772845
899099,58.16249425693886,-0.629883232164657
899399,38.00663363297163,-0.5233497471843533
899698,,
899999,0.18741113269770537,
900298,0.18741113269770537,
900599,0.18741113269770537,
900898,0.18741113269770537,
901199,0.18741113269770537,
901498,0.18741113269770537,
901799,0.18741113269770537,
902099,0.18741113269770537,
902398,4.308978621104987,-0.9705334219097694
902699,13.392476373434238,-0.900104942493342
902998,22.028704071105537,-0.8801219359771262
903299,26.538361108325798,-1.0371280844347992
903598,12.645973395652042,-0.8681300011667037
903899,12.141818814649724,-1.0802857904022423
904198,10.383065742927505,-1.1018080426481358
904499,10.334981573177503,-1.0253119417372178
904799,10.829014172837224,-0.942170186064152
905098,8.190789209332594,-1.3604609149532694
905399,12.147883542404355,-0.9648175740145049
905698,12.476754286314074,-0.997105270664459
905999,9.632308878036298,-1.240571204296832
906298,11.23540371351315,-1.1814782058757722
906599,10.525558301279354,-1.2958949521936556
906898,14.006093404330281,-0.9144099892898838
907199,13.270732460545558,-1.1208440956949972
907499,11.92639883416593,-1.0985165172527118
907798,15.23863515350158,-1.1231378491804853
908099,13.637493958774725,-1.1250039331284367
908398,23.188248390540934,-0.8096375568431744
908699,41.40859710143775,-0.769926408495559
908998,14.358576027216856,-0.7658111034313917
909299,9.344388777398098,-1.305223762659709
909598,10.492794205184445,-1.1543588535043452
909899,24.968940907283983,-0.4935725238450328
910199,7.180674770690071,-1.0206378853244207
910498,12.977610268656669,-0.8745021466680258
910799,8.690838053413614,-1.2228357568007993
911098,14.1088558899738,-1.1729944605871228
911399,24.091568141300332,-1.073733185583849
911698,30.689065635550335,-1.3928603693869919
911999,8.166200818108743,-0.9267887261802699
912298,8.299875808458284,-0.8838721637777311
912599,8.481398064532359,-0.7981687688705668
912899,9.012331045685135,-0.6741655216378173
913198,10.204900961074024,-0.5793611552956361
913499,11.124584065587914,-0.521784311313342
913798,10.424410448069395,-0.5689228979366296
914099,9.397596753300878,-0.4407986536439079
914398,9.382565716495318,-0.3862669530224452
914699,10.13691068628004,-0.39163742922997646
914998,11.409131954189766,-0.38246817188600635
915299,11.591794539995318,-0.3741060261815754
915599,12.037176046328655,-0.3608007221095906
915898,12.634970520363375,-0.3719649390311526
916199,13.456513025229118,-0.3654313427602456
916498,11.433592583685133,-0.3152005712475219
916799,12.062544110817079,-0.36011694058293164
917098,12.66872751985412,-0.3561772273928576
917399,12.93183553598606,-0.35252761111898057
917698,13.565424216407358,-0.34992925690708065
917999,13.696607816381892,-0.33961577447021973
918299,14.431716753611063,-0.34544292378051655
918598,16.97865644450921,-0.2940644438546618
918899,17.00624179843051,-0.29721446674070395
919198,19.248358473928192,-0.7173481616734141
919499,15.663119735479114,-0.5155863503942393
919798,17.52302031336569,-0.6129256081545871
920099,17.58598224448375,-0.592075123141764
920398,18.502213404576338,-0.5255540462699699
920699,18.783532619911984,-0.44624538278033765
920999,23.74436888803861,-0.5848320740756263
921298,21.814267294918242,-0.6739043885222851
921599,21.163294245032354,-0.5144226308287914
921898,24.139780007434453,-0.599643078049569
922199,0.8591104485654942,-0.4755622163413009
922498,15.100054430624262,-0.5960150423561341
922799,4.12710668573693,-0.6027197890207878
923098,1.6542595201141053,-0.6223731792104199
923399,0.18741113269770537,
923699,0.18741113269770537,
923998,0.18741113269770537,
924299,0.18741113269770537,
924598,0.18741113269770537,
924899,0.18741113269770537,
925198,,
925499,0.18741113269770537,
925798,,
926099,50.96234915014756,-0.256856047080136
926399,57.92930190388451,-0.20415399344479845
926698,5.277296574466097,-0.8410684803486614
926999,6.132275503004578,-0.7170687723122682
927298,6.756366858622634,-0.7995787071752691
927599,6.4575948919212465,-0.7266298571011802
927898,6.991641301960598,-0.9497171857852449
928199,6.803301940310133,-0.8287664288262193
928498,7.127359875303189,-0.9621175830708402
928799,6.98746029359717,-1.0130387028213081
929099,7.077106341949023,-1.0604475812437446
929398,7.276388789243005,-1.0329590434634586
929699,7.377241651263838,-1.024397859860437
929998,20.371194545427652,-0.3519773840950331
930299,7.258411868502263,-1.0871534109403846
930598,7.7160682308911515,-1.0896863112985629
930899,7.830772895173561,-1.0473505898251076
931198,8.469107911636522,-1.0577344265046764
931499,8.519742073914301,-1.086951222408763
931799,9.597420160967541,-1.0264489587483676
932098,9.003565933208284,-1.0779331787055995
932399,8.720518849949023,-1.060810279592257
932698,8.37242421055319,-1.0683124927482495
932999,8.604114264833283,-1.097441578170213
933298,9.177221920449023,-1.0339847276514194
933599,8.974711443951337,-1.0610548381632157
933898,9.013866777011524,-1.0181062126178682
934199,9.092059886536983,-0.9629577347981031
934499,9.327011508476799,-0.8767652864946136
934798,9.756205750763838,-0.8684467534419038
935099,10.439337772080968,-0.8186870458297053
935398,10.610279589291617,-0.7823831211294614
935699,10.925409556819393,-0.7101187667627717
935998,11.674933515194393,-0.6960298560157883
936299,12.27308978349995,-0.7173294257747083
936598,12.90773260966893,-0.6786293282994731
936899,14.01603872372217,-0.7027703990983813
937199,14.544508691585598,-0.7078370010943942
937498,30.158377286453955,-0.6221256591911053
937799,13.673009003157356,-0.892797080528186
938098,32.5551609403359,-0.4088248565462247
938399,40.04892878266825,-0.49745232508091686
938698,47.09089180718213,-0.5676897720815637
938999,37.05290324355482,-0.5446561346301846
939298,0.18741113269770537,
939599,0.18741113269770537,
939899,0.18741113269770537,
940198,0.18741113269770537,
940499,0.18741113269770537,
940798,0.18741113269770537,
941099,0.18741113269770537,
941398,0.18741113269770537,
941699,0.18741113269770537,
941998,0.18741113269770537,
942299,0.18741113269770537,
942599,0.18741113269770537,
942898,0.18741113269770537,
943199,0.18741113269770537,
943498,0.18741113269770537,
943799,0.18741113269770537,
944098,0.18741113269770537,
944399,0.18741113269770537,
944698,0.18741113269770537,
944999,0.18741113269770537,
945299,0.18741113269770537,
945598,0.18741113269770537,
945899,8.327037647547872,-1.2837316267731023
946198,8.12725539439741,-1.1317086585204321
946499,6.636138745138151,-0.9804008993572284
946798,6.375213893344856,-0.9465883909148045
947099,7.88146938282712,-0.9939568948411732
947398,8.351576928758522,-1.085190155027139
947699,6.473084858928191,-0.789193843527408
947999,7.061027983678191,-0.9198027503689743
948298,14.215050872871947,-1.1094664998205417
948599,26.240172115862688,-0.8410937045567239
948898,27.98725503207565,-0.8125308399309294
949199,20.461078895020094,-0.9469427807933053
949498,13.095306680242318,-0.970515698264323
949799,1.4370081395631793,-0.4830571512105224
950098,11.903083345092,-1.1074417690755025
950399,0.18741113269770537,
950699,0.18741113269770537,
950998,17.152861611140466,-1.2925206138561154
951299,8.804426231743003,-0.8248104839764434
951598,8.052786724753044,-1.0537483271420438
951899,13.539978447172874,-0.4493557616950439
952198,10.443688781103425,-0.5084519013517865
952499,2.261538576477567,-0.47698594032447117
952798,5.732774698409856,-0.7921253378725979
953099,1.2572255817003661,-0.7651459188308665
953399,0.18741113269770537,
953698,0.18741113269770537,
953999,0.18741113269770537,
954298,0.18741113269770537,
954599,0.18741113269770537,
954898,0.18741113269770537,
955199,0.18741113269770537,
955498,0.18741113269770537,
955799,0.18741113269770537,
956099,0.18741113269770537,
956398,0.18741113269770537,
956699,0.18741113269770537,
956998,0.18741113269770537,
957299,0.18741113269770537,
957598,0.18741113269770537,
957899,0.18741113269770537,
958198,0.18741113269770537,
958499,0.18741113269770537,
958799,0.18741113269770537,
959098,0.18741113269770537,
959399,0.18741113269770537,
959698,0.18741113269770537,
959999,0.18741113269770537,
960298,0.18741113269770537,
960599,0.18741113269770537,
960898,0.18741113269770537,
961199,0.18741113269770537,
961499,0.18741113269770537,
961798,0.18741113269770537,
962099,0.18741113269770537,
962398,0.18741113269770537,
962699,0.18741113269770537,
962998,0.18741113269770537,
963299,0.18741113269770537,
963598,0.18741113269770537,
963899,0.18741113269770537,
964199,0.18741113269770537,
964498,0.18741113269770537,
964799,0.18741113269770537,
965098,0.18741113269770537,
965399,14.223764344280347,-0.5673706032532535
965698,21.602948452509516,-0.7002538013441932
965999,6.553466841479116,-0.6479499329047025
966298,7.478104433490689,-0.6537606244316589
966599,6.923999516069394,-0.5857251870827025
966899,7.989421789893468,-0.776369747698821
967198,8.42577599279856,-0.7734579722105779
967499,8.364934196886523,-0.6936209775889342
967798,8.455203022578651,-0.7312532726838143
968099,8.45315925732634,-0.6113224169649745
968398,8.018842174796243,-0.5988080043281505
968699,7.829485156261522,-0.6017188023125355
968998,8.12842011662958,-0.5499402573063228
969299,8.100004856620318,-0.5384408074181999
969599,10.038875255857212,-0.930664763822284
969898,7.023694677863374,-0.6367596727462643
970199,8.084800004067079,-0.8418608734619839
970498,7.627353526636524,-0.7171864832226764
970799,6.776092854747634,-0.6327088606779945
971098,7.513021370300875,-0.6804327385923301
971399,7.483730220259208,-0.661715079819116
971698,7.05228683292819,-0.6278113813945081
971999,7.332532939532356,-0.9160258589413257
972299,7.216846294754578,-0.59846069854334
972598,7.463079320266153,-0.6369108308885796
972899,7.094607522402727,-0.6399403886109791
973198,7.37473588443745,-0.611324533457315
973499,7.597745803300875,-0.5929288866043376
973798,8.003199884020782,-0.720479506671375
974099,8.059247702986061,-0.6238631323785953
974398,7.827082324742317,-0.9987035858797584
974699,6.572595703407357,-1.010459214891529
974999,8.551758064550874,-1.1344384279736923
975298,7.63659629790504,-0.9650329701233964
975599,7.816520633455967,-0.9968420078538465
975898,8.07346440618282,-0.993048006356761
976199,8.47967931992819,-1.024387875151187
976498,8.70609072823606,-0.9727083061707718
976799,8.349916198009211,-0.9671636743902432
977098,8.577979812449023,-0.8893330731034566
977399,8.595553581134206,-0.8696832118132163
977699,14.086620881672873,-0.8546670963837819
977998,27.3877138724768,-0.36418225023798323
978299,19.790409550800874,-0.5148318991708163
978598,73.46515938042154,-0.35330716706364274
978899,28.096151825057134,-0.46192428111731565
979198,9.848833243747633,-0.8337968674058787
979499,8.886105668414302,-0.9201024856604327
979798,9.196040563661988,-0.8941903868320158
980099,9.715021021324025,-0.9062158620704381
980399,9.977508675092544,-0.9130124022543451
980698,10.521494952356429,-0.9079674193638123
980999,11.169379537659673,-0.9058826596083271
981298,11.53177503030782,-0.8790689432333965
981599,12.156216156604117,-0.8685049567080674
981898,12.837785184722172,-0.8360696949591708
982199,12.514568149849485,-0.8184323365276058
982498,12.420363693599485,-0.8102626118644252
982799,12.52851614038189,-0.7774716407926061
983099,24.774555978838222,-0.5614582853430758
983398,11.184289919360374,-0.8231899922248425
983699,10.742934416874263,-0.869437243583884
983998,11.65847385440204,-0.8934650851792818
984299,12.282371709154354,-0.7856212995150602
984598,13.381167817309448,-0.7425443882975702
984899,13.66436511539278,-0.7077434901142632
985198,14.505021806001578,-0.6814942225896607
985499,15.259107873251578,-0.6285599912956514
985799,15.783996861814074,-0.6828569189814144
986098,16.485417947054817,-0.6807951455426777
986399,17.655680396158985,-0.6551144882691105
986698,20.161692080561764,-0.6930508665421793
986999,21.367369524064074,-0.6341971980465004
987298,20.09837581489741,-0.6247443570768199
987599,19.234634153575648,-0.5309902834053248
987898,30.328240550108205,-0.6692754715780707
988199,40.65396957577452,-0.7151621824048371
988499,41.29008880950137,-0.7453635648644366
988798,30.69041736984859,-0.7812837794053222
989099,1.3567457245509187,-0.8826118468284949
989398,0.18741113269770537,
989699,0.18741113269770537,
989998,0.18741113269770537,
990299,0.18741113269770537,
990598,0.18741113269770537,
990899,0.18741113269770537,
991199,0.18741113269770537,
991498,0.18741113269770537,
991799,0.18741113269770537,
992098,0.18741113269770537,
992399,0.18741113269770537,
992698,20.724769775991,-1.3345694904587186
992999,18.558040866479427,-1.2286128278490418
993298,13.058690985663615,-0.8992613352064789
993599,23.87587591414047,-0.9572273521798136
993899,13.676945694962225,-0.9928586552194105
994198,14.203667632559448,-0.9221488190239486
994499,18.916802108533982,-1.0623118305890986
994798,15.646844264589536,-0.9308728051293957
995099,14.047229345830281,-1.044018459025041
995398,13.218544367517781,-0.8825084774555356
995699,15.968404501554817,-0.996629272062018
995998,12.74302893470991,-1.0184089411946946
996299,11.713743666001578,-1.0060611346529087
996599,11.635553375038615,-1.1174368976500708
996898,10.811595493256206,-0.9430402810995746
997199,8.494931949405041,-0.9481923329165192
997498,12.870188615390468,-0.9211604519632004
997799,17.89627949050389,-1.1266900696919677
998098,17.91158119300852,-1.1202863639172551
998399,15.872489049809445,-0.8826380199864712
998698,20.144705569008522,-0.9723905464380669
998999,30.833191957979427,-1.314957765808046
999299,5.391547149541921,-1.312638215648433
999598,13.821730552077964,-0.8916625261335593
999899,34.545813247103574,-0.7858753372147027
1000198,20.784465826806283,-1.089171583871352
1000499,27.769347833004886,-1.0563264603916966
1000798,13.49711181507102,-0.6625319224602164
1001099,25.249255701407662,-0.8453495419083572
1001398,21.688096416165934,-0.7686153351061418
1001699,28.169220358900716,-0.6972059886270965
1001999,36.964400090407665,-0.88001608027103
1002298,4.321744387686762,-0.7577445046463875
1002599,20.905507529422664,-0.8933456660406853
1002898,4.735392002485519,-0.7518409940949298
1003199,2.9759182034461675,-0.7830767987150871
1003498,,
1003799,16.96412277133969,-0.7088517529931007
1004098,25.97737047660785,-0.7268098845937838
1004399,,
1004699,0.18741113269770537,
1004998,0.18741113269770537,
1005299,30.676099386178503,-0.8492577036202553
1005598,32.251493947713215,-0.6307303871440146
1005899,23.917916926904354,-0.7230767163586986
1006198,19.190860975279353,-0.5017705365630494
1006499,20.896960660392782,-0.5406001850845816
1006798,19.725856526323337,-0.5617444842074111
1007099,21.69512810852935,-0.5176595717772305
1007399,21.259364617267778,-0.473275023047081
1007698,62.23670135792728,-0.4236115334319306
1007999,24.076574633536445,-0.6249589137667595
1008298,48.666406435841644,-0.5414870578737276
1008599,18.85452012232565,-0.44620731574954453
1008898,19.049015876240002,-0.6109735250541297
1009199,33.86534857272858,-0.5180370358880966
1009498,33.03102004363829,-0.5677853142941938
1009799,57.25760267656155,-0.5210752819333173
1010099,39.24683105017267,-0.5922922999469544
1010398,7.228181177528056,-0.5557393887616027
1010699,0.18741113269770537,
1010998,,
1011299,0.18741113269770537,
1011598,0.18741113269770537,
1011899,,
1012198,,
1012499,,
1012799,,
1013098,0.18741113269770537,
1013399,0.18741113269770537,
1013698,0.18741113269770537,
1013999,0.18741113269770537,
1014298,0.18741113269770537,
1014599,0.18741113269770537,
1014898,0.18741113269770537,
1015199,0.18741113269770537,
1015499,0.18741113269770537,
1015798,0.18741113269770537,
1016099,0.18741113269770537,
1016398,0.18741113269770537,
1016699,0.18741113269770537,
1016998,0.18741113269770537,
1017299,0.18741113269770537,
1017598,0.18741113269770537,
1017899,0.18741113269770537,
1018199,0.18741113269770537,
1018498,0.18741113269770537,
1018799,0.18741113269770537,
1019098,0.18741113269770537,
1019399,6.052290889548744,-0.5005246806973418
1019698,,
1019999,8.309774550349486,-0.7796839258491444
1020298,8.529865634324022,-0.7237600655921634
1020599,8.497743101763838,-0.7198398608861314
1020899,8.784797896469856,-0.7540536539460703
1021198,9.475889736340228,-0.8454336578606854
1021499,8.60801309730319,-0.7928906217979681
1021798,9.164272764694394,-0.8835881027371415
1022099,9.298480823729117,-0.771649116178573
1022398,9.606370841694392,-0.8404386682999343
1022699,9.984342591097173,-0.874026787119758
1022998,10.434264739437449,-0.8765918999424014
1023299,10.824803727907357,-0.8813547554145922
1023599,10.993154748983745,-0.8921676745409672
1023898,12.037506024182134,-0.9694244015967068
1024199,12.63977010939741,-0.9461640014107668
1024498,12.246161972960596,-0.8415491896827552
1024799,12.345190263810133,-0.904454692073366
1025098,12.766642804074023,-0.8898145803951902
1025399,12.789502902337912,-0.8519687561937348
1025698,22.035179319023403,-0.8737591675880143
1025999,19.07708929252472,-0.7846108277084731
1026299,16.03429923337426,-0.8438466616627831
1026598,18.19776050204787,-0.8043335447236297
1026899,20.140542712207594,-0.8803170719295261
1027198,28.93648836660673,-0.4212506304538044
1027499,35.24351941813683,-0.3884972927661148
1027798,47.365509670015605,-0.335802470874754
1028099,29.91568291280349,-0.5081953835219273
1028398,37.809055972266464,-0.4348465955040264
1028699,21.352772994888156,-0.5686994267882279
1028999,26.733114692834913,-0.5164714919590316
1029298,27.22685519008722,-0.5381243543281549
1029599,80.07721618984861,-0.6675556665133142
1029898,11.462820516815071,-0.670807191922784
1030199,11.605393713381206,-0.6511981954268491
1030498,41.82289320326646,-0.6353955637902753
1030799,63.43867370208027,-0.9900520897428897
1031098,0.18741113269770537,
1031399,0.18741113269770537,
1031699,0.18741113269770537,
1031998,0.18741113269770537,
1032299,0.18741113269770537,
1032598,0.18741113269770537,
1032899,0.18741113269770537,
1033198,0.18741113269770537,
1033499,0.18741113269770537,
1033798,0.18741113269770537,
1034099,0.18741113269770537,
1034399,0.18741113269770537,
1034698,0.18741113269770537,
1034999,1.4178077388346253,-0.7577923705768501
1035298,29.243917582010837,-0.7331817400698362
1035599,21.846335673721484,-0.8066574928397046
1035898,11.32361878715967,-1.0644404578779598
1036199,11.76909012491593,-0.8636426727996622
1036498,9.862709859594856,-0.8388023925926376
1036799,9.490169703416614,-1.0011229422465346
1037099,9.821509004974486,-1.1054432270457841
1037398,9.216400059916616,-1.0381755821552523
1037699,10.0842213492893,-0.9576507692195244
1037998,10.946462317416616,-1.0502768608857123
1038299,10.089860622143467,-0.873145277084733
1038598,12.159600861339538,-0.9612090321266575
1038899,20.138288269230745,-1.0499430818770352
1039198,14.171319708446022,-0.9429366992288566
1039499,32.99195342828398,-1.2182574555563197
1039799,41.597441804434446,-1.097866582551994
1040098,20.810527596915925,-0.8722260983748329
1040399,33.94906694502804,-0.9860889351980691
1040698,15.4567335356775,-0.7947446232834781
1040999,16.379378282992317,-0.9390087604352397
1041298,21.92413084404556,-0.6103749896903512
1041599,11.258661903252262,-0.7310467467286026
1041898,30.031744324260835,-1.0506555386949064
1042199,13.880017100376577,-0.7497935410622332
1042499,26.71898501940899,-0.9020019627115474
1042798,12.695455424922873,-0.6511116685316249
1043099,22.351185313210053,-0.6742770487084699
1043398,11.706094089974487,-0.6341422299332411
1043699,11.254096791469856,-0.5663664068149632
1043998,11.61917167381245,-0.577799399845828
1044299,13.200878133480746,-0.5330676398624605
1044598,12.920100812286986,-0.6054271891687817
1044899,22.35287085259895,-0.8591449088391945
1045199,15.39527975026384,-0.5485791975346237
1045498,16.160610885128893,-0.5094470927303201
1045799,16.216108778927506,-0.4628793899548591
1046098,16.006738109432817,-0.4440786276727826
1046399,16.52490691288421,-0.4595510756639565
1046698,16.74442495467356,-0.44561300607278653
1046999,17.434224935246945,-0.4340439937556291
1047298,17.92330857092519,-0.4110569105763515
1047599,18.005154129633517,-0.3950344069252232
1047899,18.645402266499264,-0.39779739603557274
1048198,18.30601989338352,-0.4126794481852769
1048499,18.81807891447843,-0.40361061098324513
1048798,18.936415437721486,-0.42715632046539365
1049099,19.475951047508524,-0.4152002118169922
1049398,18.715280879045558,-0.4177577029055881
1049699,18.527685469006208,-0.41835795120542474
1049998,17.9335353255856,-0.4018718686578191
1050299,19.054228535811763,-0.4070849505608869
1050599,18.566644907337228,-0.41226833787377215
1050898,19.087463901701334,-0.4058374269177518
1051199,19.781574412043245,-0.40310669957180845
1051498,19.92385406333954,-0.3766869489240652
1051799,19.690109138483063,-0.3989884802021231
1052098,20.315981606506206,-0.44438452986825006
1052399,20.81389488134417,-0.44805795840224305
1052698,20.129849932689076,-0.4321789865029162
1052999,20.319998515819393,-0.4405789728249414
1053299,23.664550396716855,-0.5147327451497374
1053598,19.43134647313884,-0.48124245464138027
1053899,13.74322567791593,-0.586567599135144
1054198,16.467792377442077,-0.5448972102735616
1054499,16.71928811699995,-0.5130757517314561
1054798,15.945969753263837,-0.49173625561466494
1055099,16.846060823386523,-0.5044101569871242
1055398,14.302585090499953,-0.5339509018050446
1055699,17.07764756961963,-0.5893362157330162
1055999,16.24172986861106,-0.5366110979330523
1056298,16.229202618523097,-0.5259153995602126
1056599,15.591839056141152,-0.4732205362082431
1056898,14.841023923965228,-0.46437854777653964
1057199,13.049732039615689,-0.6300862502885256
1057498,13.82016232623606,-0.6312679508715593
1057799,14.597094682736058,-0.7025701755047744
1058098,13.599778415699022,-0.5245965680492808
1058399,12.48324982191893,-0.5406736240614409
1058699,10.281842328280042,-0.6334614993774004
1058998,10.653515643189763,-0.5243984288692127
1059299,9.270082809133521,-0.6480603192222341
1059598,10.027078870155044,-0.49003549960743586
1059899,10.312363690599486,-0.4862695455433439
1060198,10.902006102351116,-0.8381109965660105
1060499,9.868460508928191,-0.5062182904295753
1060798,10.468379760902726,-0.5247313023433726
1061099,7.986720630564765,-0.5848143341764978
1061399,11.473713346159672,-0.6600948800894839
1061698,10.768020307664301,-0.7744547551836221
1061999,10.355517642680503,-0.6322183283378808
1062298,10.178443941023097,-0.7137725651801461
1062599,10.711352485993004,-0.9014122950925829
1062898,10.74663187134417,-1.0084462881182694
1063199,11.062511209442079,-0.9976234736221357
1063498,11.474132904392782,-0.9994773992003598
1063799,9.5571738140856,-0.7396801994043367
1064099,10.655753423078652,-0.8372960264860185
1064398,10.287112619108747,-0.7231050857641981
1064699,10.182823971481431,-0.6874388784543155
1064998,10.24809634336569,-0.7749370856671252
1065299,9.60150040562032,-0.6864913663811292
1065598,10.070616172699026,-0.6458555496277192
1065899,10.471178385710598,-0.5580225728959958
1066198,12.45031509655319,-0.5844121991619515
1066499,12.739817454649726,-0.6812170640185438
1066799,22.167295209946023,-0.5763742914063308
1067098,11.821829502193705,-0.6270585227793872
1067399,12.563738461883522,-0.6449428852359704
1067698,12.492220881737687,-0.6331911264728867
1067999,13.582205227853429,-0.5680822638795038
1068298,12.891738884863376,-0.5866972636680654
1068599,13.15068489641593,-0.5778394608828052
1068898,17.922717566462225,-0.45578838132649624
1069199,14.23214925042519,-0.5884441533666778
1069499,21.70448825699232,-0.3845516459473328
1069798,16.90132566225852,-0.4912454492490683
1070099,18.129718437705282,-0.5229139211383946
1070398,20.69906336223306,-0.43170051365284023
1070699,17.76920916506176,-0.5392443987000584
1070998,20.565761084459908,-0.4929473353833096
1071299,19.70145124827704,-0.5283620449676869
1071598,27.418000808693705,-0.4546347452856887
1071899,20.085872245566392,-0.5352713678657757
1072199,136.1940041042861,-0.2523013833668648
1072498,96.54659362595395,-0.21761570667461938
1072799,55.9753343496183,-0.35673524408896373
1073098,72.8400716762873,-0.3327477528139984
1073399,94.51566132845397,-0.22729661116371092
1073698,34.04702433563584,-0.2858638472511992
1073999,42.69256722220628,-0.2561815993818217
1074298,72.5932553035523,-0.26569546508640673
1074599,51.41131712133274,-0.256990382863141
1074899,35.546192528182274,-0.26415301085326526
1075198,0.18741113269770537,
1075499,0.18741113269770537,
1075798,,
1076099,,
1076398,,
1076699,,
1076998,,
1077299,0.18741113269770537,
1077599,0.18741113269770537,
1077898,0.18741113269770537,
1078199,0.18741113269770537,
1078498,0.18741113269770537,
1078799,0.18741113269770537,
1079098,0.18741113269770537,
1079399,0.18741113269770537,
1079698,0.18741113269770537,
1079999,0.18741113269770537,
1080299,0.18741113269770537,
1080598,0.18741113269770537,
1080899,0.18741113269770537,
1081198,0.18741113269770537,
1081499,0.18741113269770537,
1081798,0.18741113269770537,
1082099,0.18741113269770537,
1082398,0.18741113269770537,
1082699,0.18741113269770537,
1082999,0.18741113269770537,
1083298,0.18741113269770537,
1083599,0.18741113269770537,
1083898,0.18741113269770537,
1084199,38.730827011059596,-1.0334999095682154
1084498,22.57755564853035,-0.9622416598696333
1084799,34.525757538171554,-1.020189818372058
1085098,24.9374611962238,-0.9842634373589996
1085399,17.86975352257102,-1.3258592034069672
1085699,19.21980512833491,-1.2744956289717693
1085998,22.603176164934446,-0.9218488130280376
1086299,17.910284385577967,-1.1695734356803076
1086598,16.93993785485806,-0.9884081850220225
1086899,18.685498431402042,-1.1123996001123486
1087198,22.201041196723796,-1.038577472808584
1087499,17.047206341938235,-1.2003392669805066
1087798,20.556067536413615,-1.0242374244178745
1088099,18.923231308283977,-1.0525515301253572
1088399,21.11460116718908,-1.1889221358217892
1088698,22.848700085142784,-1.2595585254753487
1088999,24.827397674033985,-1.0950107607491235
1089298,19.67162063226315,-1.243027260473308
1089599,15.226720844378889,-1.2696508474058512
1089898,21.10160349445296,-1.0082970772006825
1090199,,
1090498,,
1090799,21.64611358098637,-0.8723404256884812
1091099,0.18741113269770537,
1091398,4.701934338148427,-1.0566597910416373
1091699,,
1091998,0.18741113269770537,
1092299,0.18741113269770537,
1092598,0.18741113269770537,
1092899,0.18741113269770537,
1093198,0.18741113269770537,
1093499,0.18741113269770537,
1093799,0.18741113269770537,
1094098,0.18741113269770537,
1094399,0.18741113269770537,
1094698,0.18741113269770537,
1094999,0.18741113269770537,
1095298,0.18741113269770537,
1095599,0.18741113269770537,
1095898,0.18741113269770537,
1096199,0.18741113269770537,
1096499,0.18741113269770537,
1096798,0.18741113269770537,
1097099,0.18741113269770537,
1097398,0.18741113269770537,
1097699,0.18741113269770537,
1097998,0.18741113269770537,
1098299,0.18741113269770537,
1098598,0.18741113269770537,
1098899,0.18741113269770537,
1099199,0.18741113269770537,
1099498,0.18741113269770537,
1099799,0.18741113269770537,
1100098,0.18741113269770537,
1100399,0.18741113269770537,
1100698,0.18741113269770537,
1100999,0.18741113269770537,
1101298,0.18741113269770537,
1101599,0.18741113269770537,
1101899,0.18741113269770537,
1102198,0.18741113269770537,
1102499,0.18741113269770537,
1102798,0.18741113269770537,
1103099,0.18741113269770537,
1103398,0.18741113269770537,
1103699,0.18741113269770537,
1103998,0.18741113269770537,
1104299,0.18741113269770537,
1104599,0.18741113269770537,
1104898,0.18741113269770537,
1105199,0.18741113269770537,
1105498,0.18741113269770537,
1105799,0.18741113269770537,
1106098,0.18741113269770537,
1106399,0.18741113269770537,
1106698,0.18741113269770537,
1106999,0.18741113269770537,
1107299,0.18741113269770537,
1107598,0.18741113269770537,
1107899,0.18741113269770537,
1108198,0.18741113269770537,
1108499,0.18741113269770537,
1108798,0.18741113269770537,
1109099,0.18741113269770537,
1109398,0.18741113269770537,
1109699,0.18741113269770537,
1109999,0.18741113269770537,
1110298,0.18741113269770537,
1110599,0.18741113269770537,
1110898,0.18741113269770537,
1111199,0.18741113269770537,
1111498,0.18741113269770537,
1111799,0.18741113269770537,
1112098,0.18741113269770537,
1112399,0.18741113269770537,
1112699,0.18741113269770537,
1112998,22.32598522377241,-0.7385011954335641
1113299,20.98976976855482,-0.7369467276660469
1113598,19.708678891381894,-0.7290069758477218
1113899,32.68406037184516,-0.9524514224342182
1114198,22.345146607212225,-0.7024379348378906
1114499,22.37903227854787,-0.6948277733377048
1114798,31.441835118348802,-0.6861847104517707
1115099,57.78411226888794,-0.644089524383644
1115399,80.94963935089059,-0.5469518208138255
1115698,1.4198916856620296,-0.6415971133872869
1115999,7.872898479916923,-0.3668816788120772
1116298,18.072666676960054,-0.39227485192020506
1116599,13.428188129639144,-0.5035726779648764
1116898,0.18741113269770537,
1117199,0.18741113269770537,
1117498,,
1117799,,
1118099,,
1118398,,
1118699,,
1118998,,
1119299,,
1119598,,
1119899,,
1120198,,
1120499,,
1120799,0.18741113269770537,
1121098,0.18741113269770537,
1121399,0.18741113269770537,
1121698,0.18741113269770537,
1121999,0.18741113269770537,
1122298,0.18741113269770537,
1122599,0.18741113269770537,
1122898,0.18741113269770537,
1123199,0.18741113269770537,
1123499,0.18741113269770537,
1123798,0.18741113269770537,
1124099,0.18741113269770537,
1124398,0.18741113269770537,
1124699,,
1124998,32.54519796045991,-0.8120255786434254
1125299,57.16277847876083,-0.9428020118637572
1125598,28.848522450459914,-0.970403468946309
1125899,30.121204561024733,-1.0148995216124255
1126199,22.770805836131206,-0.8757531979274649
1126498,14.182942273050186,-0.8928986573663658
1126799,22.177020412163618,-1.2180859378384534
1127098,10.344314725786298,-0.7200313854453382
1127399,10.612474547004577,-0.6806370059477709
1127698,14.555821554107212,-0.9227738096132168
1127999,19.189480497906814,-0.7757787667207507
1128298,11.595532258580427,-0.9776691487271822
1128599,15.739994752436761,-1.0263766699900412
1128899,15.032460687508312,-0.7989291444097839
1129198,19.872492308207736,-1.0357329163699185
1129499,10.185406809781817,-1.046259145623087
1129798,15.271577676107212,-1.1232821631646486
1130099,18.208244446932284,-0.9202865366131676
1130398,14.90574921709663,-1.0926269630726146
1130699,8.571075072638838,-1.0372362239663615
1130998,14.786630083341855,-1.0671154383749464
1131299,15.886292034205278,-1.000335347644838
1131599,18.135800936881207,-1.0282696633563457
1131898,13.554021779085595,-1.0318862387863987
1132199,14.666775559196708,-0.9872772137720753
1132498,18.461995044696167,-1.0163850848584408
1132799,17.108121159227583,-1.0838292808968628
1133098,19.827534674125733,-1.1138340029369465
1133399,18.225800839246947,-1.0744725038924834
1133698,20.851012159985373,-1.041589084378208
1133999,14.866139715572489,-1.0321121509133246
1134299,9.503387962871098,-0.9884368467867468
1134598,18.464863360455283,-1.1136292144330424
1134899,28.45800412596454,-1.119924768035092
1135198,15.858433994013154,-0.8555093749926601
1135499,16.457844333779352,-0.8791873592412178
1135798,16.861049147939077,-0.7862850102262438
1136099,16.31377764654093,-0.8117192021451498
1136398,16.571525951233056,-0.7537650619759537
1136699,19.737502299693706,-0.8286976023574224
1136999,21.617166360871945,-0.8507401453798511
1137298,16.284869383608743,-0.7038062357027002
1137599,17.410346043196025,-0.6744775532133784
1137898,17.423638688587907,-0.6929900561909936
1138199,18.4390195164576,-0.6794315530721058
1138498,18.99624923409417,-0.6754896662179537
1138799,18.83884074997148,-0.6548218558225565
1139098,19.735777775390467,-0.5952137404422222
1139399,20.15505783046917,-0.5925609906166336
1139699,24.18974104423306,-0.7355008011850128
1139998,19.424025549980747,-0.5961372547222552
1140299,26.95567318904093,-0.5792744687465516
1140598,19.966275553848796,-0.5390702922857957
1140899,33.5417138824576,-0.7980327919736889
1141198,24.4857421295363,-0.6911361844492769
1141499,20.506851874133517,-0.6026292088390464
1141798,20.302303618501575,-0.5814950034625306
1142099,20.152375756061765,-0.5424049622663636
1142399,21.30723446175621,-0.5695475638330694
1142698,21.250583435385835,-0.6216476863041458
1142999,20.143669317797873,-0.6674267448129323
1143298,19.173032465855744,-0.6008018054615127
1143599,42.763361850530345,-0.6460742839535256
1143898,32.82513871472943,-0.8377943481702852
1144199,26.60883582513352,-0.7473921501038516
1144498,18.334668923694394,-0.5811329008930934
1144799,18.10240052965667,-0.6790703726000693
1145099,19.809143045266154,-0.6236665441965017
1145398,19.58829043656708,-0.6016467050750196
1145699,19.79027812799069,-0.5486170892547146
1145998,23.277018449332598,-0.6375127881698193
1146299,19.567993006432133,-0.7141911099672531
1146598,19.702907129797875,-0.7833502928786922
1146899,15.085645112729114,-0.7526985304997835
1147198,16.924569744990684,-0.8655388116719693
1147499,17.708492983042397,-0.8320287045662484
1147799,15.914344157541613,-0.825225928260851
1148098,15.840080025256896,-0.8228410901051313
1148399,16.893211925025415,-0.8681704611331014
1148698,16.361242423342002,-0.8480133500605
1148999,13.891655315170558,-1.0062493219425521
1149298,13.81414924654856,-0.5414222595826195
1149599,5.264385859748504,-0.7617308240634493
1149898,14.775585730448338,-0.9529481175870129
1150199,17.17199568555728,-0.2695526139752258
1150499,12.07668304901778,-1.0785644210794896
1150798,14.205936260443707,-0.8256923033981789
1151099,16.17594952412495,-0.7463137110218381
1151398,15.625361970854113,-0.7718601424615452
1151699,15.119788069958279,-0.7254787621071856
1151998,15.940201355666614,-0.7863855145734573
1152299,13.979407588222173,-0.8995390151005807
1152598,15.823182996587914,-0.7665926336085163
1152899,15.071381974363371,-0.8635584630852546
1153199,13.342977399472169,-0.7557847513338167
1153498,22.817931831411297,-0.5996992168142798
1153799,23.988272588140468,-0.8533123600776791
1154098,24.20804300830713,-0.5701084060693775
1154399,14.778989267869633,-0.7163563411174207
1154698,66.93150161309053,-0.4647832296861867
1154999,41.55358062950952,-0.33249466045526477
1155298,15.49939287784254,-0.6772227969283504
1155599,16.75133711825852,-0.6377216854162409
1155899,17.76110464662195,-0.7161597378813889
1156198,16.890195106113374,-0.703212527645052
1156499,20.63665686336269,-0.7523174774218171
1156798,16.89543601064973,-0.8393993070451062
1157099,17.56930677571754,-0.850734433649996
1157398,15.862107622356433,-0.7417236993836203
1157699,17.669035107236063,-0.6427914364270102
1157998,16.194716994643468,-0.7608285337621925
1158299,16.614005023347172,-0.5709074072572522
1158599,16.887547355002262,-0.6291911571469424
1158898,17.756564775289302,-0.8509942021945283
1159199,26.85613545261037,-0.9457390963693835
1159498,26.160208207007198,-0.9343529830159769
1159799,24.73011033248769,-0.9918831099380763
1160098,20.72428389513815,-0.9053573544470801
1160399,1.833908807924416,-0.25233641274344354
1160698,61.2085105951406,-0.4679203794120781
1160999,4.196623316201411,-0.3867994776688155
1161299,,
1161598,,
1161899,1.395425443703004,-0.3726448443549071
1162198,,
1162499,,
1162798,0.18741113269770537,
1163099,,
1163398,,
1163699,,
1163999,0.18741113269770537,
1164298,0.18741113269770537,
1164599,0.18741113269770537,
1164898,,
1165199,,
1165498,0.18741113269770537,
1165799,0.18741113269770537,
1166098,0.18741113269770537,
1166399,0.18741113269770537,
1166699,0.18741113269770537,
1166998,0.18741113269770537,
1167299,0.18741113269770537,
1167598,0.18741113269770537,
1167899,0.18741113269770537,
1168198,0.18741113269770537,
1168499,0.18741113269770537,
1168798,0.18741113269770537,
1169099,0.18741113269770537,
1169399,0.18741113269770537,
1169698,0.18741113269770537,
1169999,0.18741113269770537,
1170298,0.18741113269770537,
1170599,0.18741113269770537,
1170898,0.18741113269770537,
1171199,0.18741113269770537,
1171498,0.18741113269770537,
1171799,0.18741113269770537,
1172099,0.18741113269770537,
1172398,0.18741113269770537,
1172699,0.18741113269770537,
1172998,0.18741113269770537,
1173299,0.18741113269770537,
1173598,0.18741113269770537,
1173899,0.18741113269770537,
1174198,15.136763605033984,-1.3523729236223687
1174499,25.44453404166825,-1.5784896104501858
1174799,10.25444444584417,-1.3269231320426034
1175098,13.17181047493445,-1.49153516511281
1175399,26.845203431124265,-1.3461733023573714
1175698,28.029217260871945,-1.2722555604999748
1175999,25.790682962684446,-1.2986683724825472
1176298,25.67562151771454,-1.3263156399918943
1176599,25.10046544663352,-1.6442582723757297
1176898,21.442897159208584,-1.667761226060576
1177199,23.917210031828112,-1.5503970854850122
1177499,21.005712230267783,-1.3492106916052498
1177798,24.480668274353434,-1.288441110618614
1178099,19.895507840548866,-1.1945163731593942
1178398,22.90420708989741,-1.3075489875915007
1178699,7.258042242496949,-1.0307259248192957
1178998,26.3129118542863,-1.2825530396150286
1179299,25.39536225453861,-1.2466477030256398
1179598,23.232809051379885,-1.0932918848755429
1179899,36.78337405419702,-1.0554349304621722
1180199,39.428807930371946,-1.6474426170317837
1180498,9.031699911896089,-1.291400503797274
1180799,0.18741113269770537,
1181098,0.18741113269770537,
1181399,0.18741113269770537,
1181698,,
1181999,0.18741113269770537,
1182298,0.18741113269770537,
1182599,0.18741113269770537,
1182899,0.18741113269770537,
1183198,0.18741113269770537,
1183499,0.18741113269770537,
1183798,0.18741113269770537,
1184099,0.18741113269770537,
1184398,0.18741113269770537,
1184699,0.18741113269770537,
1184998,0.18741113269770537,
1185299,0.18741113269770537,
1185599,0.18741113269770537,
1185898,0.18741113269770537,
1186199,0.18741113269770537,
1186498,0.18741113269770537,
1186799,0.18741113269770537,
1187098,0.18741113269770537,
1187399,0.18741113269770537,
1187698,0.18741113269770537,
1187999,0.18741113269770537,
1188299,0.18741113269770537,
1188598,0.18741113269770537,
1188899,0.18741113269770537,
1189198,0.18741113269770537,
1189499,0.18741113269770537,
1189798,0.18741113269770537,
1190099,0.18741113269770537,
1190398,0.18741113269770537,
1190699,0.18741113269770537,
1190999,0.18741113269770537,
1191298,0.18741113269770537,
1191599,0.18741113269770537,
1191898,0.18741113269770537,
1192199,0.18741113269770537,
1192498,0.18741113269770537,
1192799,0.18741113269770537,
