,rmse,skill
299,0.5340205973121129,-0.9010741880721778
598,0.6174061507887666,-1.2229682086940525
899,0.569178195829426,-1.0833931912814605
1198,0.7189895904897032,-1.903858553020389
1499,0.7245920130313677,-1.4783134814976422
1798,1.0056313619567887,-3.3207530626708834
2099,4.991336503802632,-0.1413804781375887
2398,3.3969342289899074,-0.24582596945940405
2699,2.115995023024045,-0.2362817295705255
2999,1.1822684133896262,-4.029433556268052
3298,1.6027241046763487,-1.0717994829346575
3599,2.2972624619959023,-0.5213077546568365
3898,1.1581901072728396,-3.4379100965750222
4199,3.7864811402922323,-0.3860300269719392
4498,1.3151289716886068,-4.000880053586288
4799,1.2762604655824143,-4.481074502563166
5098,1.1389558746691573,-3.533279184007138
5399,0.9732811661723029,-2.5421437884389717
5699,0.940103990291255,-2.221137526245367
5998,1.149299314440812,-1.6604763651410703
6299,0.9745643350688658,-1.532307992800913
6598,1.1084912152992918,-3.0375072519448967
6899,1.1795854059161686,-2.9044540311607503
7198,1.28599706983228,-4.130384905645911
7499,1.101843407701975,-2.0238646339550583
7798,0.8923737864385259,-1.2259316209156603
8099,0.9494664791685806,-1.2135248293935428
8399,1.0686051190677317,-2.112154428623748
8698,1.145059462903018,-2.5551417915465393
8999,1.2191388486176702,-3.391258652391855
9298,0.901374075744969,-1.4012580739966407
9599,0.7166393031370605,-0.8624248714316474
9898,0.7631745512054143,-0.9212135053135821
10199,0.7458566241718453,-0.9326351066615117
10498,0.7587813829695556,-0.9221347813899681
10799,0.8211362962018404,-1.1526380565796566
11099,0.9331536577077638,-1.4215087296505224
11398,0.905762969549378,-1.2998880419884316
11699,1.0689008859990856,-1.489030996435778
11998,0.9073810844892688,-0.9031839598628917
12299,1.0335200891745142,-0.9997841650782076
12598,1.0377684643159593,-0.9547446497607486
12899,1.1965812858333615,-0.8846302787307421
13198,1.1440696490640643,-0.8754359706830532
13499,1.954980994028392,-0.9420673958747849
13799,1.3892223207585912,-0.6553159202171448
14098,1.1626322872686818,-0.5353915031541314
14399,1.363335510153065,-0.4575243568696936
14698,1.4178936457525624,-0.6083431927042178
14999,1.5912067458708963,-0.5109780381624753
15298,1.958657297230494,-0.45182062372586373
15599,2.0434322787175905,-0.6814170829375692
15898,2.153855954765008,-0.7588440395265099
16199,1.9177591060688914,-0.6779863255056244
16499,2.1647007168752235,-0.6787702850714077
16798,2.124641988680717,-0.6584549381202254
17099,2.1155310705413184,-0.7414113267948017
17398,1.9894046018371314,-0.6150460739295909
17699,1.91439604267181,-0.6304471283040238
17998,1.2233318471711288,-0.03290022446417562
18299,0.9430514184678166,0.1843454743188333
18598,0.9138514550259758,0.20766124624705395
18899,1.000541065751402,0.09149912843898267
19199,0.9258912987326064,0.12073766265502672
19498,0.8372690980633437,0.22136647039588997
19799,0.8879768683066805,0.06855443691205187
20098,0.8511716525581285,0.06891773326389772
20399,1.2029938819640882,-0.12451892576654533
20698,0.8019383819930326,0.0646910238634052
20999,0.9385439782965546,-0.19062153532108983
21298,0.8360502338194215,-0.13127039970622345
21599,0.8415948257430326,-0.1795103312732309
21899,0.8790544520555326,-0.227997408853446
22198,0.8917362261365509,-0.34553456054049025
22499,0.8663384005161806,-0.27895794778123606
22798,0.7993844230184955,-0.35832564168555825
23099,0.9012504035740512,-0.4457662872909234
23398,0.8281601770624771,-0.4322374563357021
23699,0.9904646132016472,-0.5967039627270059
23998,0.8662084454862174,-0.6174943244917668
24299,1.0825638422456285,-0.5363547349159665
24599,0.8487640944376063,-1.0126064615331223
24898,0.8878810966690877,-0.9316971040775579
25199,0.8687147090556618,-1.1475280479316292
25498,0.9450614968915912,-1.3826964710733662
25799,0.9770292818082579,-1.6831192088075833
26098,0.9114594519075134,-1.9697813182666963
26399,1.0090357466832578,-1.8903174193102914
26698,0.9652674514332575,-1.8049787556655588
26999,0.9474078248334395,-2.01344944801142
27299,0.9522742084725007,-2.2372148693852325
27598,1.0157903759216835,-1.652216570836396
27899,0.9820559757503874,-1.9155170613827481
28198,0.9553665288819422,-2.1623990792547145
28499,0.9456042267223285,-2.089707003307177
28798,0.9306861494123155,-2.9955928665031317
29099,1.0309737054169452,-1.676937827100248
29398,1.039481681493334,-2.4053757978174306
29699,1.0310302662201862,-2.0388185235771283
29999,1.0977908866854638,-1.9013756625060112
30298,1.0497726721322234,-2.3320920422421114
30599,1.0972131606206488,-2.0308165348458314
30898,1.1478769465049081,-2.1003417269149436
31199,1.0526081507780567,-3.4796872640729193
31498,1.0793470971206491,-2.443203971692745
31799,1.0357808665558343,-3.3277695611475453
32098,1.0447145326990714,-3.385589829845414
32399,0.9831881727271305,-4.4559387467846125
32699,1.0272133114169455,-3.262605585207999
32998,1.0984271165396304,-3.089739699050682
33299,1.05720362011139,-2.8928370129019463
33598,1.4445804288846467,-0.670344516537879
33899,1.052037385757223,-3.3120177038926295
34198,1.0867363028707577,-2.565250448946861
34499,1.597629883177051,-0.38252332650457355
34798,1.0322345389888132,-2.5143571819008064
35099,0.9861907357687971,-4.999994931068088
35399,0.9763388437939788,-7.863119826174236
35698,1.074889392359184,-1.9727906483163236
35999,5.516243082558614,-0.10821094216687377
36298,2.253642382100282,-0.1620361587286121
36599,1.6723468690196437,-0.2502544115529497
36898,,
37199,8.408465845711941,-0.19874141453784566
37498,0.9717364321877583,-0.888112792862203
37799,1.4157422033460323,-0.1401143029871046
38099,1.6716538807464951,0.047529357776164405
38398,0.9593272398240512,-1.5594075423221176
38699,0.8552241020085424,-4.275283443557426
38998,0.9932996705627583,-1.3599299743323763
39299,97.09915469742643,-0.49817612456170135
39598,0.8549481662395286,-9.094687336346158
39899,0.8158395227348301,-6.332745980759016
40198,0.8429529155092975,-8.645873136386157
40499,0.7735578135160959,-3.514676267134403
40799,0.8311447033899917,-8.050258424857748
41098,0.8155762520843671,-6.263616602784253
41399,0.8078675771296271,-6.498410476910512
41698,0.7805612074153856,-4.119852176845264
41999,0.774394393518516,-3.961146379220538
42298,0.7658316251874975,-4.446063416948365
42599,0.809755919289458,-1.9892128894621246
42898,0.7480074442800899,-3.450642415602153
43199,0.7428047402106457,-3.654690390521117
43499,0.7115156058794131,-3.072064444734651
43798,0.7226827884791641,-3.6477484123665267
44099,1.0669470301877788,-1.4846852590205017
44398,40.642460561479886,-0.1785296816155686
44699,0.7366151705018066,-4.0475052387391095
44998,0.8256143407848744,-4.475384056542441
45299,0.7403689916962182,-4.351110587146419
45598,0.7311124165619591,-4.588727722900752
45899,0.7128261653785567,-4.321388382485485
46199,0.666711809883751,-2.724713536187272
46498,0.6863254010481028,-3.258145545385501
46799,0.6702038084277326,-2.764190470734327
47098,0.6701804650971854,-2.893324973351901
47399,0.7022983005464484,-3.6720253276016503
47698,0.7682699712617262,-3.603491529273648
47999,0.7121414314576164,-3.600943800990728
48298,1.0642528815464483,-1.0375601003611816
48599,0.7738297159654299,-2.2446522287271575
48899,1.1499460120811704,-0.5908767530134293
49198,1.2388362706455522,-0.4043358699091648
49499,0.812723742452987,-0.688119224621911
49798,1.187298268787466,-0.35849981390232055
50099,2.379504858401219,-0.2398138484991028
50398,2.962761379406025,-0.2235401066739633
50699,5.449328672262604,-0.19712094278860048
50998,5.905613335579171,-0.21372106316455008
51299,8.184631699460862,-0.18164045635074122
51599,6.7226135930835484,-0.20282265834728364
51898,3.0251786678124106,-0.24544116275598804
52199,8.879547048178447,-0.22019633285318307
52498,8.67616454399327,-0.22932242769562405
52799,10.808193464965218,-0.2810391469561606
53098,12.906522670500179,-0.30852598036939893
53399,9.1605770889863,-0.28777561120358897
53698,22.491767853117853,-0.2820603567686113
53999,41.14860017445171,-0.1947183852884018
54299,64.57906918241949,-0.26171356830242987
54598,88.72068864283614,-0.214864514544858
54899,,
55198,1.635886674597768,-0.12177404676600934
55499,1.728903023575199,0.030722920786198094
55798,77.55930990787783,-0.25046075258391465
56099,52.23887357980375,-0.27979922657977196
56398,23.34102233001802,-0.28853094529245293
56699,9.366596637173178,-0.37217734672914604
56999,29.275060305687298,-0.6898468347185398
57298,0.9593467377799253,0.3949154281948908
57599,1.1464351106734436,0.2595708023307952
57898,1.3256714029792807,0.12837881959107866
58199,1.2801553617663175,0.1651121627098977
58498,1.3863414370927065,0.07778796061069415
58799,1.2618255100901106,0.17056260161477965
59098,1.2747609477266846,0.1393385138730735
59399,1.3043222724141847,0.1439253954221582
59699,1.0935605041688143,0.30450090699452037
59998,0.8523479074796443,0.3972130200622491
60299,0.6903403697361887,0.534325931736434
60598,0.5741476953889788,0.6446437136059757
60899,0.41896986063295577,0.7682573977613094
61198,0.6987230642457871,0.22087456809170625
61499,0.7483364884579966,-0.12027871858055006
61798,0.39812360703774097,0.39405189485388903
62099,0.4553877842273969,0.3159805670209719
62399,0.4441828798857863,0.17185307566266483
62698,3.081488174691514,-0.33646238279268426
62999,0.41015265947222296,0.34374426652289947
63298,15.857659111797464,-0.3811608520184888
63599,2.3908275858755577,-0.17588034669627972
63898,0.476124306701934,0.3285030887576491
64199,0.44169940506460703,0.2699083210204025
64498,0.436451822265995,0.11543528822394189
64799,0.4711111869111493,0.11637424555624054
65099,0.4625534583065927,0.06882024061817449
65398,0.4662320700373886,-0.024090482964769677
65699,0.48124703651577455,-0.0560099052675469
65998,0.4969683038559022,-0.14980069120546724
66299,0.5324733810642354,-0.29670775647882963
66598,0.5603749409674087,-0.7098991192883857
66899,0.5847006964687678,-0.642162713712882
67198,1.0037757213058136,-0.5176692495222024
67499,0.6343336575266054,-0.7596118826227536
67799,0.6249137879016053,-0.8986197243579042
68098,0.6558534341886424,-1.3059861494473122
68399,0.6994410629479016,-1.7438093784373008
68698,0.7459008006816981,-1.824893520407064
68999,0.8270825552686247,-1.2888337492193482
69298,0.8045422831714025,-1.1618218684144677
69599,0.7977480160301987,-1.3313614665561393
69898,0.7778036904190876,-1.037985458501245
70199,0.7341089088450136,-1.0074702118724295
70499,0.725352885564921,-0.9705152184269248
70798,1.6307460803097185,0.04711297980621176
71099,0.757864748951495,-0.7068832020041307
71398,0.695170520164329,-0.16758233536795708
71699,0.7731791782709395,-0.4804677026303652
71998,0.7766949363379401,-0.4100728789677879
72299,0.8055306151087733,-0.4261622950820907
72598,0.7977467394098285,-0.5727651182590974
72899,0.8536922362569216,-0.5979136745960969
73199,0.8838113037777549,-0.5716813468951438
73498,2.312086090839891,-0.24785716934854674
73799,0.8549082083843655,-0.7595221483791872
74098,0.902621420715384,-0.7178623504109654
74399,0.9439503649468656,-0.6298143990675009
74698,1.003699477527884,-0.5560520296479181
74999,0.999430381615847,-0.6131861740556779
75298,1.0303659310212208,-0.7108607454874787
75599,1.0892413090374242,-0.7530612101898442
75899,1.0786795121114983,-0.6827030567312038
76198,0.9729361051716838,-0.975476144049239
76499,1.1569555667388134,-0.6300422136601871
76798,4.364914083085722,-0.1426718968069456
77099,1.6943080834726094,-0.20849110504329094
77398,11.703722832017755,-0.2124250565860153
77699,2.092306640535109,-0.18695474698198233
77998,3.4903643766046226,-0.14523638480425682
78299,2.417899190386961,-0.17995212416565476
78599,8.187066574044046,-0.15520724740270087
78898,19.711231896346078,-0.17871731469749919
79199,9.18839001228222,-0.1608929842575213
79498,45.52845738419896,-0.1843896079328735
79799,40.85966938865962,-0.17760946985930914
80098,45.18283369602303,-0.26800004318154946
80399,28.55616594406054,-0.3814783696499251
80698,1.7459295542827948,-0.3408845647600136
80999,15.943241704814044,-0.39921868093404833
81299,102.06255931311534,-0.28667046528351037
81598,8.321719007663262,-0.21213686239774
81899,1.167291706768906,-1.4967306954267299
82198,1.242862510331406,-1.3369030659387988
82499,1.1468998510812973,-2.0628190157097657
82798,1.140608375421575,-2.1344265844063113
83099,1.108615099898427,-2.6952786051061777
83398,1.123119246148427,-2.722577014682493
83699,1.0979236851183343,-3.24057772028517
83999,1.1248815885488896,-2.8445893988820234
84298,1.0292390976967567,-4.477686156502439
84599,1.1034309719007416,-3.342749733304742
84898,1.0184191691990716,-4.885303495071273
85199,1.0451980047942604,-4.935992982292627
85498,1.0191012656643492,-7.395804584405404
85799,0.9883214516157383,-7.368896867260176
86098,0.944252987483794,-8.204327383548526
86399,0.9799209272893494,-7.762244992346881
86699,0.9332379005416644,-9.389940204118071
86998,0.9339424147291641,-8.534412627255518
87299,0.9023764965010339,-9.74218028774689
87598,0.9142644571445521,-9.89574485546505
87899,0.8776347548181632,-9.267438945418213
88198,0.8833778992800901,-7.954643085899345
88499,0.8649241410913115,-8.87969686460848
88798,0.8539736410589042,-7.041512193196715
89099,0.8385149422835103,-7.798001074544244
89399,0.8470438096667049,-8.136516923312023
89698,0.8442312604096855,-8.488005399594869
89999,0.8244429486919458,-6.299439812739379
90298,0.7950733850990288,-5.270910103791262
90599,0.8113707074302123,-6.652971776889288
90898,0.7878407527147695,-5.12785732871447
91199,0.789742874284214,-5.383914122008432
91498,0.7529062462261638,-3.69232220618506
91799,1.1743020165072027,-0.2810006548835573
92099,0.7198730531240285,-3.1418618052524607
92398,0.6790864400715427,-1.6347999283259864
92699,0.7435411266414075,-3.091336943275251
92998,0.7310960015907652,-3.188492560293483
93299,0.7241470592134502,-2.7286039729994007
93598,6.095548731832278,-0.15409427690552024
93899,1.3107220878985355,-0.2925003851031036
94198,1.7650452616247234,-0.08229274774707762
94499,2.3593175943035196,-0.323376684941294
94799,1.3081483824933342,-0.19045812650302407
95098,7.127233050418856,-0.2081291399022529
95399,2.864564508863705,-0.10461505750439715
95698,3.573532692315202,-0.10759559991900458
95999,6.386678988197884,-0.07821407913702938
96298,6.500694809740998,-0.08044777328718711
96599,5.512547377247944,-0.09357801644367991
96898,6.30170675657909,-0.09813202744103267
97199,5.491447756423999,-0.09436984041514607
97499,3.1187090945766673,-0.10472033145842397
97798,1.4480347655073318,-0.1969936992603809
98099,1.5640914948452946,-0.24236173727584553
98398,2.6899493380034403,-0.21200508696646647
98699,3.7636352518688008,-0.10716442919636582
98998,0.681410601553728,-2.1814622700099515
99299,0.6824586845664418,-2.382479541016878
99598,0.6680369025229642,-1.9861995806271042
99899,0.6942187398233859,-2.335359635823457
100199,0.6895122096062649,-2.1607258932650995
100498,0.707672244439631,-2.663438226025303
100799,0.6775672377516269,-2.0794402312016524
101098,0.6912613065890293,-2.0875404954881622
101399,0.6869732915845084,-1.6922903947959158
101698,9.667995322583145,-0.19078063605992934
101999,0.7926885380301988,-2.334686328423032
102298,0.7916492895891054,-2.7421639903582755
102599,0.7732241870008438,0.16428443954120853
102899,0.7847636239189789,-3.2652117336583206
103198,0.806093877803347,-2.9380901531845827
103499,0.7810895543981455,-3.764983501234237
103798,0.7830013461491818,-3.2081091209446937
104099,0.7758733591445524,-3.2138839447196084
104398,0.7805462926783471,-2.437553330445294
104699,0.7755311928320522,-2.8367262926193795
104998,0.7245441164363277,-1.657153072336031
105299,0.7140680635057719,-1.753313375035905
105599,0.7473667602417744,-2.6055874260664966
105898,0.7705330239584396,-1.9842673468657064
106199,0.716789535786349,-2.3286146437777466
106498,0.7118128459002793,-2.206810454658057
106799,0.7282716317510336,-2.2116285676877805
107098,0.7241185162811589,-2.397168641907408
107399,0.7335001663136425,-1.7483963625165697
107698,0.7353524672766054,-1.8288809540117072
107999,0.7557264694479017,-1.7955270972189714
108299,0.9691945365443692,-0.6642198398412076
108598,0.7795703995186247,-1.198141283326677
108899,0.8503592494885321,-1.6192063164794446
109198,0.812391151877421,-1.185307644521692
109499,0.8462939899653839,-1.3304114359468335
109798,0.8278218323264951,-1.4914726986700861
110099,0.8577957429607543,-1.3112356495439692
110398,0.8689090179352914,-1.0272991727753493
110699,0.8470957184144581,-1.6234622386330932
110999,0.8809293117223285,-1.5642460042807107
111298,0.9131001669746431,-1.6848880910805955
111599,0.9069650308635322,-2.1270289033504577
111898,0.9068242949491805,-2.149792383915613
112199,0.9792159006968654,-1.8135625664495199
112498,0.9293558592825136,-2.28434861407215
112799,0.9781675538913096,-2.1846085980078778
113098,1.0246715646299083,-2.369917924403314
113399,1.0441808311230725,-2.2763651144751917
113699,1.07258550336139,-2.362225260775005
113998,1.1193842612295541,-1.4941418563989712
114299,0.9948529259957577,-1.9817732199174838
114598,1.0856764628962206,-1.2595466067086134
114899,1.0671126277642764,-1.191137067402821
115198,1.0285114726230724,-1.4288332735551807
115499,1.0447431369193687,-1.2096839246260052
115798,1.097289799889276,-1.1950517647607826
116099,1.1304049698082577,-1.4121232412043963
116399,1.1413746714934427,-1.3678614991938876
116698,1.0957345126507416,-2.184494551400294
116999,1.1030267465789823,-1.940787202052797
117298,1.1431743366993528,-2.067247633283286
117599,1.066809295523427,-3.183479086165465
117898,1.110509684632223,-3.197698951705341
118199,1.0983426061299086,-3.652200125171407
118498,1.0693999626461121,-4.083531633503264
118799,1.0981257319215747,-3.750580909670809
119099,1.125822491810464,-4.603873853922121
119398,1.0430380184516674,-5.411960132571253
119699,1.211236630896112,-2.7983387102158517
119998,1.0786287191543757,-7.554441766041522
120299,1.18725360586139,-3.182126376956128
120598,1.133915975084931,-5.198291851520331
120899,1.0904003262492834,-7.849752936518074
121198,1.0968876488557646,-4.977444471145232
121499,1.089397171251317,-9.096453083187098
121799,1.1073447934599312,-8.90461303103922
122098,1.1036870383858575,-9.773338035572236
122399,,
122698,1.1884432424715052,-8.275353587284691
122999,,
123298,,
123599,,
123898,,
124199,,
124499,,
124798,,
125099,,
125398,,
125699,,
125998,,
126299,,
126598,,
126899,,
127199,,
127498,,
127799,,
128098,,
128399,,
128698,,
128999,1.83147126905786,-0.10813466866839327
129298,2.711083735935175,-0.17973613842671554
129599,1.4822914490025936,-0.5443858457859834
129899,1.5379814103557647,-0.8091210019764168
130198,1.0622232137281684,-4.992806115304348
130499,,
130798,,
131099,1.104758575949226,-6.045145099229372
131398,,
131699,,
131998,4.548965251868217,-0.24148670134073402
132299,7.751038880835839,-0.23881903892388023
132599,1.483369277827987,-0.7884365189373608
132898,1.44337985179095,-0.8968878079302203
133199,2.1839240563812274,-0.30454011514125523
133498,1.2614706678149668,-2.082557271882341
133799,,
134098,,
134399,2.26141393953632,-0.2990760963836119
134698,1.1853662775478944,-0.9983930196232562
134999,,
135299,2.130136815814098,-0.33445966881117584
135598,1.8486876962793761,-0.38630915187985315
135899,1.6792190342446538,-0.4732947212866716
136198,1.5172925874485537,-0.25239108561087376
136499,1.582945516703856,-0.529019433384927
136798,0.8867007959508806,-7.869625970727066
137099,0.8546255175596769,-6.5153705669369835
137398,1.3699992662446536,-0.5901579317319057
137699,0.8240724533166215,-5.446369871748281
137999,9.467714866668803,-0.21610902754856198
138298,125.90615089744318,-0.3100133810478909
138599,0.7112684440735658,-2.1154490450022503
138898,0.6725005060550472,-1.5200669309490213
139199,0.5959122196430102,-0.7895442320756398
139498,0.9536296964411333,-0.5713805222067985
139799,0.9809782470610886,0.21457935985872345
140098,5.174634678117887,-0.1349172753885144
140399,8.842442786381516,-0.13436297107370443
140699,23.172479045259337,-0.2687993177840273
140998,2.1587257061437017,-0.26306559409911445
141299,1.4394549735990287,
141598,1.4394549735990287,
141899,1.4394549735990287,
142198,,
142499,,
142798,,
143099,,
143399,,
143698,,
143999,,
144298,,
144599,25.80105946617968,-0.275444080203632
144898,2.6282277914340333,-0.2610322622200716
145199,60.53114434333828,-0.5725128404408448
145498,12.720180646670734,-0.5615347550935192
145799,4.534814098721936,-0.4122642040965727
146099,0.5299708211551704,0.7029776128137716
146398,0.5930628812246148,0.6168085411916819
146699,0.5947477787153556,0.6356388981001565
146998,0.5968273697917443,0.5876393404417684
147299,0.5922590130132626,0.5811423760740698
147598,0.5712971789006528,0.6020884639943601
147899,0.5533250189186438,0.612324577327102
148198,0.573369486659817,0.5514751213662128
148499,0.5550054668754747,0.5656424692191954
148799,0.5643608611039789,0.473755327266305
149098,0.9225884867188907,-0.3408788371784739
149399,0.5160090366502011,0.33294373116270337
149698,0.6381078974848129,-0.03742822490503106
149999,0.4763173639559185,0.029402994467485177
150298,0.47973854371501584,0.18920186327988697
150599,0.45957646463934915,0.19884495691568405
150898,0.5595929461279179,0.1831189509991834
151199,0.46949521983167675,-0.05424565137916382
151499,10.46767069553592,-0.36280836677237915
151798,0.45850771078780383,0.055015900565614895
152099,0.7758984805474421,-0.29330721320923336
152398,0.49672232104232467,-0.27438807023107636
152699,0.5055008721208576,-0.3737380524530194
152998,0.5050394431694687,-0.3399723420476195
153299,0.5087009267695601,0.22191619501715265
153598,0.5923798033217568,-0.15005977135664117
153899,0.5435689400875813,-0.4573441650513761
154199,0.5858506884675899,-0.5830791781535638
154498,0.905172327297421,0.1566512290538249
154799,0.6669835149834148,-1.949756540175125
155098,0.6934157992435428,-2.61404155781708
155399,1.5386725941646306,-0.5438729407568825
155698,0.6941004776764133,-2.308503540717435
155999,0.6884589628861926,-2.357528002018753
156298,0.7987327643868322,-0.10096403284220745
156599,0.6954048690690627,-2.148273384538449
156899,0.7029799713329518,-2.18916080000365
157198,0.7233056656678092,-1.9731008047696346
157499,0.7224863466261424,-1.2758371348740547
157798,0.7397031666157178,-0.8888947616251388
158099,0.7256680490578473,-0.9593215372465749
158398,0.7437991716110879,-0.7128603623027645
158699,0.7683450309397919,-0.522790758549748
158998,0.9538415902951064,0.19467648857848796
159299,0.7859057026460915,0.002022928830011095
159599,0.7211687899814585,0.21350365439766306
159898,0.6992461131675104,0.31233860882413167
160199,0.827961625899273,0.1247249791886319
160498,0.7951896300326656,0.11272899511172252
160799,0.7415496901628807,0.22654435316406607
161098,0.7722449143518288,0.027762076750664777
161399,0.8309973871805325,0.07925133326620992
161698,0.9643443097109063,-0.06147544195949295
161999,1.028886815915477,-0.0003098112896751104
162299,1.1534834018089954,-0.06543948267298427
162598,1.2485801371793657,-0.1416320162659095
162899,1.5949230794640876,-0.15390376930619065
163198,0.9749326973900142,-0.025525096374959366
163499,1.0034550603659989,-0.30771491039901044
163798,0.9802704339886839,-0.36215079164319186
164099,1.003448654538162,-0.1387766098783887
164398,1.0054125632340547,-0.3243648636276417
164699,1.0672598697872953,-0.3028999195768265
164999,1.0345024012271102,-0.3510257142123243
165298,1.374761341913162,-0.1473141056413898
165599,1.1327614211437769,-0.30384108259371123
165898,1.1071881749562766,-0.5080538717958181
166199,1.7540769192247954,-0.47212099593548107
166498,1.074874290940073,-0.6315148946627094
166799,1.1354079357988693,-0.5312790232842486
167098,1.0609234123205693,-0.3294643991955333
167399,1.1473360904470171,-0.68512162588961
167699,1.3642726853298286,-0.07149274111478854
167998,1.0881618981322025,-0.8540408910612114
168299,4.74037906163688,-0.1739497852052967
168598,5.137744473501015,-0.1694813442272336
168899,8.540130973696574,-0.227006328740178
169198,46.54829283043569,-0.3596433421015006
169499,84.79430807451993,-0.4308763026197844
169798,42.730111811544475,-0.4799024686216582
170099,,
170399,14.751982354259319,-0.4017070915466916
170698,1.1573309032178711,-1.6340497270881302
170999,1.2625236825141672,-1.3006063151261498
171298,1.1454052915211121,-1.9251321270703392
171599,1.1728544314262048,-1.9526133105510701
171898,1.5030474974539825,-0.9114114653383654
172199,1.2142486916183344,-2.0939185989985982
172498,1.0932144724516677,-3.9839768205612067
172799,1.1058884743428714,-3.5227195293344726
173099,1.1044644071206493,-3.662750264857836
173398,1.077650521162316,-3.9808670924172675
173699,1.0881215429308342,-4.20549305032765
173998,0.9743807612039826,-7.865527870353873
174299,0.9964758238799083,-5.558296807203989
174598,1.0058539132479638,-5.2760810430523355
174899,1.2366206614562971,-1.3136520308653377
175198,0.9396327971273125,-5.238967360059556
175499,0.9228285389444417,-4.683103123529323
175799,0.8403104734675899,-4.5041297585753615
176098,0.8593510998634234,-3.8458974436098297
176399,0.8239913754120345,-2.7564808911032013
176698,0.783643732226958,-1.8916925000243463
176999,1.4216060378379325,-0.11738177822875606
177298,0.7799468501157383,-2.297623735351315
177599,0.7928090566805531,-2.7657746371504452
177898,0.7421775203899226,-2.2695914881816526
178199,0.7341308440116803,-1.4094530888513632
178499,0.7290320040601826,-1.8640365813486022
178798,0.6919492598298461,-0.9918330604152026
179099,0.6800310446400313,-0.7955717955848505
179398,1.9506341614900764,-0.0898105930483899
179699,2.761498692257147,-0.16606710092509847
179998,1.166335123428628,-0.4189472782736341
180299,0.6816137871343656,-0.6751400821039333
180598,2.6537136556484064,-0.21468562278341707
180899,1.404778094119577,-0.18911166970090387
181199,0.7726476533105726,-0.45730760956965844
181498,0.9177526405414843,0.04388482024436091
181799,0.863541657326495,-0.059125140703692125
182098,0.7017244656770684,-0.0724538470462106
182399,1.9901921753985359,-0.3326010828913615
182698,1.0696160498591838,-0.09079423153605237
182999,0.9349770840027022,-0.13224491785591352
183298,1.1716389919409398,-0.1415938019508438
183599,0.9771669121076063,0.15665916957220571
183899,8.308231698402215,-0.41896863080980506
184198,3.6993964755139706,-0.156475273348736
184499,4.585898882897969,-0.6023671376629189
184798,0.9343591237693016,0.09191726601780881
185099,0.8988063922642762,-0.7229160858812054
185398,0.9285032270419248,-0.6374368586915269
185699,1.8324656812831526,-0.08629936893450796
185998,0.7073335896076238,-1.5513710984064493
186299,0.6924565178968671,-1.7784568721526588
186599,0.8637744137965546,-0.4252906995208632
186898,1.1389992681738694,-0.6191064047392034
187199,1.0296006432664824,-1.1038270630217966
187498,1.2307167465098143,-0.7008728253743872
187799,1.6346505118019445,-0.3477191467210865
188098,1.7198096936277025,-0.37392271281761835
188399,0.6825437464900528,-1.8472186396948724
188698,0.6869844589993119,-1.9485528817667843
188999,0.6724791865334412,-2.01151803358724
189299,0.6679642874696908,-2.111756583391111
189598,0.6629093090658486,-1.7304154367676756
189899,0.7260043099074048,-2.0174882109923846
190198,0.6984320654736408,-1.6869502629728932
190499,0.7394276077966789,-1.7024396884338695
190798,0.7412317771068642,-1.3217520229059279
191099,0.7606382248776974,-1.2885078442994442
191398,0.7504896012758455,-1.2608247593704491
191699,0.8817947987250716,-0.6864466955157889
191999,0.9386416470423303,-0.7957796040327898
192298,0.7195431358934954,-0.30803099741965245
192599,0.7038361940578474,-0.14594566802778575
192898,0.8066187336507211,-0.19484805344232092
193199,1.1343406204400732,-0.08822738150235954
193498,0.5908124500517699,0.4703124573248785
193799,0.9195551536214954,-0.01181903181857602
194098,0.6320324904154769,0.43220877772933164
194399,0.6245533059429735,0.4445745370541503
194699,0.631076023498529,0.42772507378481384
194998,0.6561034202300104,0.396196958413062
195299,0.7274431838923289,0.3129634460410571
195598,0.6631297477392697,0.37362434094955776
195899,0.9181630236975045,0.29335778414840274
196198,0.7696857636446437,0.21778156652285863
196499,0.7105636603156587,0.30377666374568024
196798,0.8201912181689586,0.12650444177464382
197099,0.7659771859073845,0.15523787521036658
197399,0.7418295208796066,0.10170780959117909
197698,1.0030045803891472,-0.06954138351365424
197999,0.8608639002224803,-0.15182735944321935
198298,0.8748098114470174,-0.19673334687581034
198599,0.8919852208521102,-0.3641963319641328
198898,0.8254822707916437,-0.45525278474011377
199199,0.8120415985626062,-0.670187405932293
199498,0.8653503132249244,-0.8609474467166041
199799,0.8304996138079764,-1.156072622487931
200099,0.8727159894445506,-1.5722740711701255
200398,0.899743944826495,-2.154500659014521
200699,0.8793725025001061,-2.060140501913015
200998,0.9236007330996432,-2.566002684222987
201299,1.0396487416022389,-1.5523710803128559
201598,0.9770125442017764,-2.192096480097822
201899,0.922052145729273,-2.7368167543134128
202198,1.0089441413337206,-2.2178023622507355
202499,1.0247428470650934,-2.51824507747111
202799,1.3398417705258503,-0.5998108318619155
203098,1.0092504548105725,-1.6496315453182913
203399,1.0231032253152026,-1.2417605581926767
203698,1.080176034727239,-1.3977955826912951
203999,1.0741435752110355,-1.3671938592902317
204298,1.0674241157758502,-1.4955307497192503
204599,1.1864271376275934,-1.359679792730775
204898,1.144739122407686,-1.4477184202790596
205199,1.0408902173521306,-1.8965854888128244
205499,1.1100808217317604,-1.9192571535743785
205798,1.1085235441854637,-1.6736970799988047
206099,1.0995086098359268,-2.1663917187071644
206398,1.2260939325303712,-1.452092086968721
206699,1.3895360464840751,-1.0504823870726705
206998,1.334165714771112,-0.9442226971332164
207299,1.1485150639076862,-2.1633671603716937
207598,1.1676474585951861,-2.1975650914155835
207899,1.2355438747549083,-1.9281861013363675
208199,1.2267389958775936,-2.082730938781445
208498,1.3074807845118528,-1.5365549897871125
208799,1.1301959944169453,-2.8377996444920037
209098,1.2812080164123156,-1.5812723027734932
209399,1.4574810177132418,-1.0030009663169719
209698,2.8407256702132417,-0.2792689384277216
209999,2.22310610922713,-0.3372265293490204
210298,1.7283578478035195,-0.6227600981541386
210599,2.8349811455767764,-0.3205259589088454
210899,5.621083715778134,-0.22547391421868834
211198,1.1709476149483575,-3.723624719842636
211499,1.9287418268868528,-0.5246271959249669
211798,1.5330087003775934,-0.8132884630581134
212099,1.9130885536460913,-0.3931773029752452
212398,1.4618391459331492,-1.055124777059251
212699,1.4751272268660194,-0.9368211014365391
212998,1.1209204781358573,-8.52061987345509
213299,,
213599,,
213898,1.8484370165860353,-0.45463365829145364
214199,1.1146877586080792,-7.514306070261361
214498,1.0801764881821536,-7.47426054984486
214799,1.0847336722410192,-5.6888409872610035
215098,1.0949385771762044,-5.37366165899165
215399,5.505943923212237,-0.38474502977993197
215698,,
215999,,
216299,,
216598,,
216899,,
217198,,
217499,1.6327985872248159,-0.2899755000626747
217798,1.0623465816226825,-1.75747065310509
218099,0.9464941333417298,-4.492310273172953
218398,,
218699,,
218999,,
219298,,
219599,0.8886167115990289,-9.253081746055821
219898,,
220199,0.8623291120740375,-9.481157940428458
220498,0.8556763088999548,-7.545754506984213
220799,0.845184045733288,-6.732215070146572
221098,0.8323293571036583,-6.633954393464555
221399,1.2026820298580043,-0.9827448834186558
221699,0.772044536978352,-4.8670477121134725
221998,0.8041488095851399,-5.125644825951805
222299,12.294594191708972,-0.20566148232421688
222598,47.424592132641926,-0.30873758176511124
222899,38.13113704736324,-0.29633914504178005
223198,58.99625542014155,-0.2382121147622427
223499,30.224238796273116,-0.2278249619101116
223798,33.66259291521009,-0.2297805974977376
224099,41.17597529575232,-0.2651874875912301
224399,43.94396211481478,-0.255483772468692
224698,60.67087388725726,-0.2508590937697923
224999,108.20909726104902,-0.2717488238506107
225298,161.10997709529659,-0.28502226737476066
225599,112.64529534720434,-0.2839468815740849
225898,108.91505581629592,-0.23719710671879146
226199,111.15165849634784,-0.28144689631341957
226498,65.17643877595431,-0.27631450338834584
226799,1.4394549735990287,
227099,1.4394549735990287,
227398,1.4394549735990287,
227699,1.4394549735990287,
227998,1.4394549735990287,
228299,1.4394549735990287,
228598,1.4394549735990287,
228899,1.4394549735990287,
229198,,
229499,1.4394549735990287,
229799,1.4394549735990287,
230098,1.4394549735990287,
230399,1.4394549735990287,
230698,1.4394549735990287,
230999,1.4394549735990287,
231298,1.4394549735990287,
231599,1.4394549735990287,
231898,1.4394549735990287,
232199,1.4394549735990287,
232499,1.4394549735990287,
232798,1.4394549735990287,
233099,1.4394549735990287,
233398,1.4394549735990287,
233699,1.4394549735990287,
233998,1.4394549735990287,
234299,1.4394549735990287,
234598,5.737687464264003,-0.4670879612759604
234899,57.23997778821971,-0.3659642340851026
235199,10.208958008805089,-0.49929060107666445
235498,17.324412868062296,-0.36090052014449325
235799,14.266932520583131,-0.3986529226669191
236098,12.749817314617589,-0.3862602825875441
236399,1.2715559117381259,0.048417936240510495
236698,1.049924973194144,0.20428507047740518
236999,1.4645882098142524,-0.03561122820261886
237298,1.3194476342031511,0.043625818881447787
237599,9.1546899333187,-0.469287743840062
237899,1.2516289716065638,-0.250646196749978
238198,0.8206736191623006,0.24615927761796141
238499,0.9049437367231545,0.10980366127099561
238798,11.609410566126751,-1.3173693046399317
239099,32.914620445419104,-0.5433715282828924
239398,5.90020320132885,-0.2733153912577826
239699,4.181080050710086,-0.2504294257085451
239998,19.30746004266538,-0.34943884044569073
240299,7.340019891747742,-0.6259507536719395
240599,2.2626624285655708,-0.2483180751815166
240898,4.100822342451687,-0.4381456756294224
241199,12.40016346673467,-0.33537908454723664
241498,3.6615786498099956,-0.3472930755207304
241799,2.886149443657091,-0.2907392692670039
242098,1.413955291144195,-1.622303729447824
242399,8.65683326868787,-0.5631106243049135
242698,14.031460503801307,-0.6712660362696938
242999,17.82824665539444,-0.4979539700979385
243299,21.26390280851871,-0.6132560347478864
243598,22.617896456142926,-0.554947063231513
243899,13.795758277346648,-0.44087404256567897
244198,15.569662076791722,-0.5868259071144228
244499,23.532353816072487,-0.4380933097888182
244798,41.98995780513249,-0.2908498517625122
245099,34.22362944419749,-0.6504582832419696
245398,34.672400361070174,-0.6001861405623492
245699,28.543672176229716,-0.3717506276250171
245999,24.170398925579246,-0.4549180076975514
246298,57.35938144652857,-0.3545759858147097
246599,58.8967503705196,-0.42858130770616665
246898,88.54253255754934,-0.25895430252744767
247199,49.28202822766289,-0.4221302555265054
247498,35.050063406878365,-0.6286001523675064
247799,3.535081721042316,-0.2654607849625903
248098,44.62950000812805,-0.24072074913579966
248399,18.984352152150752,-0.2925920889790661
248699,12.410671841882037,-0.3986464905038505
248998,5.12946947482048,-0.47021006769659657
249299,6.233820704721524,-0.3993719692782345
249598,6.102516100631626,-0.446028277899424
249899,8.189803918750009,-0.40945849700951364
250198,7.423530672958011,-0.43303784020745706
250499,9.021206470357024,-0.4685986420668322
250798,9.462615505178784,-0.44103181442410344
251099,11.580062585970776,-0.4591411491759698
251399,10.72186359460876,-0.4502722837069728
251698,9.487543256106157,-0.4257831811119537
251999,12.107944516864295,-0.2971504265621632
252298,11.25936534242184,-0.3691335166545564
252599,13.535640426886271,-0.3074061102152681
252898,4.5965833869922,-0.30799055027302447
253199,1.5616583071873074,-1.2186345266387546
253498,1.4851208605449644,-1.5562375490605773
253799,2.0565022300736198,-0.25921660289379345
254099,1.465183846853974,-1.3518033607053388
254398,1.4394549735990287,
254699,1.4394549735990287,
254998,1.4033403017159545,-1.6382695349982002
255299,1.4394549735990287,
255598,1.4394549735990287,
255899,1.4394549735990287,
256198,1.4394549735990287,
256499,1.4394549735990287,
256799,1.4394549735990287,
257098,1.4394549735990287,
257399,1.4394549735990287,
257698,1.4394549735990287,
257999,1.4394549735990287,
258298,1.4394549735990287,
258599,1.4394549735990287,
258898,1.4394549735990287,
259199,1.4394549735990287,
259499,1.2836461169957574,-0.5269606563942995
259798,1.2456922979494616,-0.7917581478057878
260099,1.2474020289841838,-0.7615784518805644
260398,1.2159696931392763,-0.7784912167773141
260699,2.0110496120883505,-0.3932934227386917
260998,1.2718880100860355,-0.7692925361625182
261299,1.0541830868777022,-1.2207824830494358
261598,1.0953970055327948,-1.0258334761887355
261899,1.0817675502735355,-1.2229440593367782
262199,0.9850127796786281,-1.5314335496597113
262498,1.0368597073221464,-1.237754026066737
262799,1.0054397513059428,-1.5364612242699125
263098,0.9789266264726096,-1.7492670667268388
263399,0.9446121486786281,-1.9459200448279432
263698,1.1474555328444571,-0.5695775698832879
263999,0.8929157183589026,-1.6056781429972187
264298,0.8431057547503874,-1.8686600503586739
264599,0.8656503638102914,-1.8566203383452269
264899,0.8753165175860356,-1.4538028767074804
265198,0.825452258414458,-1.3257047917909293
265499,0.8347926681899209,-1.5039829092040828
265798,0.8107566891737172,-1.1263710984486814
266099,0.7671400055602913,-1.214519288237728
266398,6.261557328229151,-0.2436574520844521
266699,0.7506840021805326,0.060067897243413215
266998,0.6989839362638659,0.25758443628281624
267299,0.6691523837059956,-0.013576908445183555
267599,0.7097660647985882,-0.2152476635611018
267898,0.6785185248680325,0.047936001928377436
268199,0.7489178323865511,0.1868006249022538
268498,1.2091540605394253,-0.06732339138094079
268799,1.097053809201647,-0.3130932812851197
269098,1.336866641387245,-0.18999568500542852
269399,0.6621246074282178,0.15109809972798716
269698,0.6552575704652548,0.16336841120487267
269999,0.9838425796747361,0.14402723560093
270299,1.6323396857140877,-0.31499555758123576
270598,0.8646906849131619,0.034840033659419456
270899,0.6562455230022919,0.16845857589360347
271198,0.9655725145543658,0.19692902270218315
271499,1.1049167090623733,-0.15981596977054635
271798,38.88629985992616,-0.381696006902122
272099,0.6840115398874178,0.3249006274994769
272398,2.5209236936708828,-0.19345919627711416
272699,0.6174256589516471,0.14373996739693906
272999,0.6144402530046065,0.06535956523070152
273298,0.5663842244768289,0.22635065733087956
273599,0.6118403091689586,0.19032214933670533
273898,0.5809285966990512,0.3135872805066019
274199,0.6341353298448845,0.20623562310037757
274498,0.5857788940694216,0.2208671188464134
274799,0.6133523198359013,0.14207187876533411
275098,0.6080930080581238,0.20356063374787592
275399,0.7399705325913979,0.32420768012797063
275699,0.7270440958732197,0.0423404522108588
275998,0.9285703249634975,-0.5068520817571598
276299,1.0088296398662753,-0.5331534347422184
276598,0.6669435042343308,0.14856738139099246
276899,1.2484611161579444,-0.463824955720602
277198,1.1172426769056294,-0.5618365200228304
277499,0.6708504573081236,0.07381635820229315
277798,1.813930654244647,-0.4200178440503892
278099,0.7293921927340519,-0.017765641923958686
278399,0.768383184009515,0.0014737955421638693
278698,0.991205745898685,-0.35475525885845083
278999,0.801309193086185,0.029076644308861477
279298,0.9072204236903517,-0.15578672837077234
279599,0.9504580562074219,-0.09137595377767149
279898,1.3051143718366691,-0.4426525153728029
280199,0.9520385913939182,0.049047530145044815
280498,0.8882321363164954,0.08817364468556388
280799,1.0892427503147608,-0.04078881797023115
281099,1.1158623349002967,0.06366217471738433
281398,1.1394746270050056,0.08012562457763994
281699,1.4205464412408648,-0.08626745016733439
281998,1.4426260470440955,-0.06119637171752901
282299,1.6801625773126139,-0.15632594099835329
282598,2.6955427057385397,-0.3654499135045064
282899,1.6836438867385397,-0.14303037490115877
283198,2.01984857286354,-0.2652915747701381
283499,1.7601908223265028,-0.09249522214743977
283799,2.3906554533102993,-0.3134909428965298
284098,2.3538697393913175,-0.31486741558977105
284399,2.2250763149329846,-0.22605975845073223
284698,2.8696047853774287,-0.37494052154378243
284999,2.351328676361225,-0.25845790204151586
285298,2.980522164379744,-0.39093581031139224
285599,2.988104567828237,-0.395639318612965
285898,3.8139423976916635,-0.4695437314699167
286199,3.6468537995898114,-0.45471968880767943
286499,3.1684927608890034,-0.4068828216667715
286798,3.4886184583797433,-0.4581145592391995
287099,2.8670518921780763,-0.3791128682522167
287398,2.313089895749835,-0.32172037392634323
287699,1.9379057524647156,-0.24827121755507364
287998,1.9320780514091598,-0.27298272672639357
288299,1.3897765906615605,-0.08585212634684769
288598,1.1306088791417077,-0.0342238198359639
288899,1.2215221749962657,-0.11801713387455104
289199,1.3029527592511247,-0.18974097869008055
289498,1.0794097259015882,-0.07930669396516499
289799,1.3116658848599212,-0.21475352138674353
290098,1.21845367598174,-0.29879382414364897
290399,1.158833734778036,-0.21106490864602212
290698,1.2223404448937767,-0.23641928442612659
290999,3.775731756864341,-0.34566921676772067
291298,1.1310848237988693,-0.3092041323421526
291599,1.037511283442388,-0.2470297395255181
291899,1.0461511318960914,-0.26116713945540715
292198,1.1299585486923878,-0.37222606569176064
292499,1.3034264765974803,-0.425886800215584
292798,1.6036666427247956,-0.46610768602637687
293099,1.26045637216461,-0.40382046455235576
293398,1.286546368315073,-0.3566134169080777
293699,2.9855309572482365,-0.4368332468772791
293998,1.5111399968706287,-0.40464156565050957
294299,1.2872810479331287,-0.37206818565231736
294599,1.4233408518613693,-0.4333489052217594
294898,1.6339993302734064,-0.42346235484667605
295199,1.2028200942757215,-0.39641158625886597
295498,1.3539791133335919,-0.4633530404416335
295799,1.5820251518011839,-0.34056264828967264
296098,1.2801139926763134,-0.4672595965030619
296399,1.2044217208152022,-0.5926344297838682
296698,1.1735597249124246,-0.5637560428178463
296999,1.2708626638267764,-0.5356011938978016
297299,1.4835870951739984,-0.5184977097640955
297598,1.2197425222295541,-0.601857939975665
297899,1.3578881523406652,-0.6469283801502146
298198,1.1823491657318685,-0.7121333220461419
298499,1.1694222024772392,-0.7106472246636542
298798,1.2440489069587208,-0.7224544769906112
299099,1.2522193267527024,-0.727432769550314
299398,1.0891799474471466,-0.7850930013428012
299699,1.080093495255017,-0.8560332606140004
299999,1.1161159677758505,-0.8570025392699225
300298,1.0497133413267763,-0.9472096986024285
300599,1.2305752568939061,-0.8448388917173151
300898,1.1495460283452947,-0.9687550767464594
301199,1.0662265945790912,-1.0877253721122093
301498,1.0640916362966837,-1.0871511502140927
301799,1.1043441344702947,-1.0843521162237129
302098,1.0726788593915912,-1.0694889046492801
302399,1.0009525111439057,-1.5579511910054218
302699,1.4400145230397392,-0.6621724879658395
302998,0.8708449903499244,-1.371499089151075
303299,0.9040939772735356,-1.8639116983018358
303598,9.902173914436837,-0.4048725499429402
303899,4.1222323345233685,-0.3601607313146393
304198,0.8591784581991803,-1.8777728149922397
304499,0.855816762676032,-1.5708606615945229
304798,0.8217913641459396,-1.7596069467970055
305099,0.8248530343751062,-1.4195568117970376
305399,0.8517581092547358,-1.633849281015924
305698,0.821830203590384,-1.7900928450811842
305999,0.8045064156227913,-1.1314079959831909
306298,0.7844518338264951,-1.430214973475977
306599,0.7873481848056617,-1.2128199163566071
306898,0.7561334067269581,-1.0541879078889904
307199,0.7571141855695507,-1.031514880791217
307498,0.7730875795255692,-0.8584115009436211
307799,0.7350569524792729,-0.6303030771658542
308099,0.6980759965579765,-0.45171327887482327
308398,0.6781224693124769,-0.17335110461694403
308699,0.6485120980393287,0.03772003610678465
308998,0.6770323843286806,-0.228444045188134
309299,0.667354036564792,-0.16079986232794763
309598,0.6449619870681429,-0.13333775610636933
309899,0.616448055741754,-0.1836215664498999
310198,0.6664466751298879,-0.32375735502596226
310499,0.6298800962870142,-0.26256546109449963
310799,0.6055625437871432,-0.3131077939604552
311098,0.631598815451495,-0.689260693862161
311399,0.6445680724039202,-0.675294311528337
311698,0.6136837288344758,-0.6557112357484123
311999,0.6193854048159574,-0.7395447576243419
312298,0.6270253363344758,-0.8080939775922842
312599,0.6269263137395683,-0.6647926149349495
312898,0.6432876547002165,-0.8762997531178662
313199,0.6424108915381795,-0.8898862741381863
313499,0.6501384806601096,-1.1449769380979453
313798,0.6447048887511424,-0.8904208689661071
314099,0.6422992240289201,-1.2176897978130756
314398,0.6555058014862173,-0.7534556877830436
314699,0.6255374151400315,-0.6832547432780753
314998,0.6516632030092363,-0.3517745275028976
315299,0.6148545383589025,-0.33081781939782684
315598,0.7042779606923878,0.05263309973601704
315899,2.055504424416925,-0.14341937114258707
316199,2.274272509079068,-0.19734567779385848
316498,0.6661383956851622,0.2118403854994111
316799,2.3273616141204614,-0.6334042226216894
317098,110.3126871279012,-0.24924414353635904
317399,73.99513290899611,-0.2618068220511751
317698,94.45415387702202,-0.14699367894562787
317999,101.43792040507053,-0.2268003424421925
318298,51.9306053677409,-0.28027387970719064
318599,63.94423304910286,-0.21559306644386345
318899,38.822835538521,-0.26166320482060823
319198,1.4394549735990287,
319499,,
319798,1.4394549735990287,
320099,1.1159367251036043,0.42832221013044824
320398,13.682108106453237,-0.6713593494219408
320699,19.421018078712763,-1.0366503007320174
320998,14.351276238356014,-0.8268547984179067
321299,39.6736892026392,-0.8933689011043953
321599,14.818409863020365,-0.9771615538130438
321898,22.597621061115536,-1.2166865183033528
322199,9.863097062275259,-1.0304937298717296
322498,4.644213211640737,-0.2923157962606804
322799,6.0217842725412005,-0.5080509081792048
323098,5.962951630043515,-0.45450868415339185
323399,8.103725627027575,-0.6679585116637867
323698,10.897727290219704,-0.6653991968862285
323999,12.292854426893317,-0.7748314103902267
324299,13.31930064800674,-0.7223497152770455
324598,10.573292444203501,-0.685657753943524
324899,11.048095832902575,-0.7131871992754819
325198,10.346325185330816,-0.6823186847567628
325499,9.011786977928038,-0.6493075642276915
325798,6.579153356606015,-0.5531472822000001
326099,7.7532428078537,-0.9122608947515092
326398,13.451481537143053,-0.7849471881986123
326699,5.141947266578238,-0.6335845227234245
326999,9.468735852258796,-0.8745363578036613
327298,10.828200825909256,-0.9496212595995239
327599,8.237531260338022,-0.9232425844210572
327898,19.197386426083128,-0.9159242069003901
328199,44.69351705042109,-1.349971384188986
328498,10.792249069124797,-0.615112266827611
328799,13.0009291274373,-0.8445972218078435
329098,7.28010062480127,-0.7245107050334119
329399,3.795594014965424,-0.6346831213401252
329699,28.12866708605481,-1.1186383978380667
329998,30.31344627831924,-1.1869070214641777
330299,9.914894638625347,-0.7414017193688762
330598,,
330899,1.2459311605415033,-1.232364980027695
331198,1.3301929054076487,-0.3118178561649987
331499,2.298525244162212,-0.4211779969579166
331798,,
332099,1.1728613248363247,-3.1616741999001166
332399,1.8585895752949346,-0.2549249652636394
332698,14.969709969590241,-0.5546449191496283
332999,8.076296323024017,-0.6701593954396683
333298,17.68564469815294,-0.9626316514635314
333599,10.665296954204372,-0.5984320918951438
333898,15.118617393262245,-0.6350044311354375
334199,30.01850615091486,-0.7788668443332698
334498,37.72912567603986,-0.9722344434790191
334799,39.32530656691023,-0.7232846487763296
335099,23.628881251442362,-0.6764120877966098
335398,19.071516902352084,-0.7912080517095637
335699,13.742627555845417,-0.9091677526136723
335998,6.782335300076479,-0.8917896800890945
336299,1.0493697030265934,-0.3716524209737926
336598,2.667250386784821,-0.48145924188054634
336899,1.4394549735990287,
337198,1.4394549735990287,
337499,1.4394549735990287,
337799,1.4394549735990287,
338098,1.4394549735990287,
338399,1.2605202985895612,-1.915903765164928
338698,1.4394549735990287,
338999,1.4394549735990287,
339298,1.4394549735990287,
339599,1.4394549735990287,
339898,1.4394549735990287,
340199,,
340499,1.4963318010747504,-1.6395764255983836
340798,1.4394549735990287,
341099,1.4394549735990287,
341398,,
341699,1.4394549735990287,
341998,1.4394549735990287,
342299,1.4394549735990287,
342598,,
342899,1.4394549735990287,
343199,,
343498,1.4394549735990287,
343799,1.4394549735990287,
344098,1.4394549735990287,
344399,1.4394549735990287,
344698,1.4394549735990287,
344999,1.4394549735990287,
345298,1.4394549735990287,
345599,1.4394549735990287,
345899,3.1956449697968696,-0.15004923134881887
346198,2.276169150572633,-0.10452700598478892
346499,1.6019063304585914,-0.3841916987416245
346798,1.5104238510465544,-0.38726323025721876
347099,1.3722788135396098,-0.4326429417006685
347398,1.3080769519701656,-0.387387708920371
347699,1.368698915490999,-0.43671113743586454
347998,1.4388269933845172,-0.42424865451220906
348299,1.2493153972247955,-0.5151671828602002
348599,1.3348547035096465,-0.5323781649945045
348898,1.4290070913476098,-0.5502747716340997
349199,2.0507118999655356,-0.39751955736374645
349498,1.3316638287920541,-0.5742233601726778
349799,1.168869582880017,-0.6052891024394185
350098,1.1773434977457577,-0.7503104539481851
350399,1.1704223015721464,-0.7184465710379375
350698,1.2014310544263134,-0.7227616440275444
350999,1.1743107399378874,-0.7041199799880731
351299,1.0403776821369612,-0.8870011696016216
351598,1.0295171703290913,-0.8952611480159165
351899,1.0859030895327946,-0.6050383630637348
352198,1.009419456518906,-0.7381032890306483
352499,1.303122339180943,-0.7620401008158841
352798,0.9765382582040912,-0.5881004538112702
353099,21.780122207859502,-0.2805151537843895
353398,0.880003384386551,-0.2768999095144471
353699,0.8476145563960915,-0.24611394611386195
353999,3.091609328104425,-0.27701928864534087
354298,0.8390100530072027,-0.03251844931575243
354599,0.7958722253960915,0.13723851221811767
354898,0.8064786414707511,0.24271867277508552
355199,0.7441744716883437,0.36532645096845184
355498,0.7649066814888897,0.3407081226932782
355799,0.7606946724844104,0.35583295601212805
356098,0.9379772579081523,0.08129545533938876
356399,0.7377843329576664,0.3866355582394453
356699,0.8300821132354368,0.2973806596756684
356998,0.7155382180075586,0.40485342307267147
357299,0.8407154667579773,0.30950801310417486
357598,0.8419499808343665,0.32587044854665215
357899,0.8126037808387148,0.3640761711438668
358198,0.9223188290686605,0.29923943261495833
358499,1.0068199683814678,0.25663545867306903
358798,0.9302669840339381,0.2683454688061212
359099,1.094465308316653,0.17896373272507338
359399,1.0461952826268381,0.19742864926381098
359698,1.064110365626838,0.14154004809063103
359999,3.6847864652785365,-0.41795030637354746
360298,0.9676599736110174,0.19982100851283702
360599,1.9159695728381452,-0.3567435244905748
360898,1.508209416406855,-0.19237824436472373
361199,1.0022099221573135,0.15610996867466587
361498,0.9027027156220636,0.23418999582592626
361799,2.24857369409203,-0.4694084966764196
362099,1.2341874701828466,0.03176591437793064
362398,1.1391123211994478,0.09706778675291661
362699,1.3561318247825191,-0.00944454562129926
362998,1.4492078074445582,-0.0290522713682817
363299,2.1819885832061328,-0.26388351958884626
363598,1.6690356817038177,-0.13780030086633133
363899,1.7045085313172434,-0.13263707572468886
364198,2.07782992411354,-0.2675576456387876
364499,1.6771881179653918,-0.1542446811581597
364799,1.4614781143681694,-0.08280519746406956
365098,2.1088943927356447,-0.3624838527801433
365399,1.9804532888800057,-0.516370048233002
365698,1.5168883721152744,-0.14498326716326293
365999,1.3495365448539625,-0.07029742175015219
366298,2.1850538156037,-0.5554752857035816
366599,1.6086298910993329,-0.19392309042541145
366898,1.4163178227914623,-0.08269021871376303
367199,1.6221007964787004,-0.18831262370523083
367499,1.979598055568978,-0.2657627529283251
367798,1.8783196636499961,-0.16910034960117315
368099,3.379516019464811,-0.6182211795024566
368398,2.520343257946293,-0.3359487078164016
368699,2.392187341594441,-0.3006796978840769
368998,2.1859269429671264,-0.2869713315329616
369299,1.9749933937888855,-0.22635861360421283
369598,2.7795563223629594,-0.46529972980966705
369899,4.2290308350782375,-0.6242204259617297
370199,2.9770242111013854,-0.4511971277943847
370498,10.382255377050983,-0.3144090617270767
370799,5.15630906642546,-0.5439236524734852
371098,6.754504886037094,-0.5046617408153751
371399,6.008482606187558,-0.6377266086487001
371698,3.2675498872194404,-0.3668298778005259
371999,3.6283249336037002,-0.4526587721559867
372298,12.721442604930337,-0.24948519036850803
372599,14.02027974799978,-0.2669582883508008
372899,8.270500793013946,-0.4182808846500634
373198,10.427461952564595,-0.3036102441992119
373499,9.199931138879686,-0.49464407230590934
373798,11.9250703448933,-0.31329380533993634
374099,7.335434943456077,-0.7432013073484647
374398,7.070970508050984,-0.8018519682019243
374699,10.582592334125058,-0.6104378591452109
374998,6.505960150082867,-0.8307945217143746
375299,5.502076395851386,-0.7724050471875705
375599,5.721482470967126,-0.6434469016258213
375898,7.676585062615798,-0.7547748644591243
376199,5.9431636168768485,-0.749641045145421
376498,3.622942807301039,-0.5221681720166074
376799,5.595998520254991,-0.5927190979943178
377098,2.8106907461572432,-0.3500793779801905
377399,3.010225343953539,-0.4181278286269736
377698,2.1316047458443452,-0.3052622765246409
377999,1.540092171367434,-0.18782518919400037
378299,1.93170371145046,-0.3085055230765421
378598,1.5400600189693614,-0.16114004575478424
378899,1.6842588949253798,-0.22147511430720113
379198,1.691360830284176,-0.2385856538844875
379499,1.6435510805644136,-0.1818817188150348
379798,1.6663460359162654,-0.19839700315914488
380099,2.1046807926454316,-0.3268685232710993
380398,1.814356790309784,-0.24228622030740832
380699,1.9660287656435003,-0.30918093744521324
380999,2.039924811912018,-0.3221560217279864
381298,1.9971406315019138,-0.3170805862909134
381599,1.6454834198171109,-0.20520179077829925
381898,1.6712636134467405,-0.27107541945626346
382199,2.098376049751769,-0.3634854477149543
382498,2.0915780810052444,-0.36257564219194616
382799,2.148116656106463,-0.3863666766507934
383098,2.4575940763958144,-0.4065564522581613
383399,2.2503129643729927,-0.3920717006572665
383699,2.5491811138981295,-0.4112580797848868
383998,2.4572069958150853,-0.4092980272214395
384299,2.511921688129611,-0.40750384572278553
384598,2.7766374789867077,-0.39985658090035847
384899,2.1864519035367795,-0.3869603533913981
385198,2.26019256733735,-0.3959318107497387
385499,2.1583133322517014,-0.39372307422185226
385798,1.915141042168339,-0.3874523843992972
386099,1.815847154318802,-0.39267500484337314
386399,1.7834307282592539,-0.4186599318130435
386698,1.7965827803499457,-0.40820317071560286
386999,3.8346801572004328,-0.3306545137678176
387298,2.4127741280429422,-0.3660924325955337
387599,5.66896466350215,-0.551189243071103
387898,14.124545371008793,-0.2183360430490966
388199,1.458090007361369,-0.4165217424331402
388498,1.8817812219609067,-0.3863447762811991
388799,1.6338472039400729,-0.402766455323591
389099,1.2586276047201654,-0.37432965690886166
389398,1.2821879787247952,-0.4111543636833894
389699,1.4824030730627582,-0.4387577345426781
389998,1.399863426028036,-0.40534832564727297
390299,1.2350984892780361,-0.35920912566474184
390598,1.4812955431553507,-0.3317501187749161
390899,1.2768170985372953,-0.3829468610453537
391198,1.1098817548428508,-0.2072906975640858
391499,1.0911273711738694,-0.21156387210483163
391799,1.0993193636113694,-0.1823460916246742
392098,1.036538330028903,-0.03500116492371963
392399,1.032355468841403,-0.07217627179431418
392698,0.9565098810103844,0.03738037635463032
392999,0.9469123338460326,0.04438206141626533
393298,0.8686379110566804,0.11384861178213135
393599,0.8709492628784398,0.15300173365683944
393898,0.8197020541863101,0.2106204905778134
394199,0.8226949261747362,0.2815800431895792
394499,0.846305919015014,0.2015274107631373
394798,0.8076363172048286,0.2196645957819554
395099,0.7684169926423288,0.31549472682216684
395398,0.8472680281515879,0.24187864933043401
395699,0.7559532592786216,0.31527441309541016
395998,0.7721102230751992,0.26074535300366986
396299,0.768742381100662,0.2592883281684134
396598,0.8055465866353845,0.2600855145102742
396899,0.7752455688809049,0.2919688025797723
397199,0.7947098031864603,0.2711841836236618
397498,0.8202222057254321,0.24508390629801302
397799,0.7857660354850716,0.28862224794344005
398098,0.7391750423910536,0.333141989888854
398399,0.7343820270611794,0.32557736207082
398698,0.734160983341553,0.3351320121047582
398999,0.6594727589692653,0.41031922569103507
399298,0.7850304563089955,0.22761082516097186
399599,0.8463970482927917,0.14925577101993415
399899,0.7220769552441806,0.24041773140834666
400198,0.6601063355809956,0.2772384499235021
400499,1.1298882656159988,-0.15714833985409782
400798,0.8656752762664619,-0.1342611031805394
401099,0.7620124528590546,-0.011184651165025095
401398,0.7687826283312766,-0.009738169050773848
401699,0.8029457023359062,-0.09416505977522038
401998,0.7303017726666436,0.02893686970812881
402299,0.6907310056460916,0.16455341538005785
402599,0.7279727643726621,0.04605020038732199
402898,0.8052162019192397,-0.12337683078887185
403199,1.1561733766275732,-0.43412704638458943
403498,1.2751117252132211,-0.4747547973175861
403799,0.9794950235465545,-0.17180571171148862
404098,0.9843445701923879,-0.36068484895614517
404399,0.8184440357952796,-0.224866332271056
404698,12.595493161189221,-0.5149759824065361
404999,42.23324846624617,-0.21617829454986803
405299,,
405598,,
405899,1.4394549735990287,
406198,1.4394549735990287,
406499,1.4394549735990287,
406798,1.4394549735990287,
407099,1.4394549735990287,
407398,1.4394549735990287,
407699,1.4394549735990287,
407999,1.4394549735990287,
408298,1.4394549735990287,
408599,1.4394549735990287,
408898,1.4394549735990287,
409199,1.4394549735990287,
409498,1.4394549735990287,
409799,1.4394549735990287,
410098,1.4394549735990287,
410399,1.4394549735990287,
410699,1.4394549735990287,
410998,1.4394549735990287,
411299,1.4394549735990287,
411598,1.4394549735990287,
411899,,
412198,2.615928644011272,-0.27769050826714414
412499,46.82322710861784,-0.550090890425716
412798,51.24737725716467,-0.7700577404234648
413099,33.392683259349134,-0.7452128221543941
413399,38.50053516795562,-0.5773377140708444
413698,14.217381321999799,-0.7284946869571614
413999,11.303321022103965,-0.7093506303590049
414298,13.13376678027989,-0.7179146004164538
414599,13.06085177850211,-0.7273413873975443
414898,10.449310578696556,-0.628127525350175
415199,11.47538176634239,-0.6309360964354296
415498,11.968374294157202,-0.7285089150457487
415799,15.380842402110906,-1.0004056403634594
416099,61.90103153772504,-0.5916961891802246
416398,7.167083308014758,-1.1822679253955934
416699,,
416998,1.4394549735990287,
417299,2.994902499996126,-0.29143888938474394
417598,56.67948358355607,-0.6560963551612309
417899,1.5668233194313876,-0.5636797208914912
418198,,
418499,1.9285241989201023,-0.34109392870935995
418799,0.9268110301276697,0.25720495409973154
419098,15.962723797261738,-1.0475581426153666
419399,4.179035870271847,-0.7291045240450535
419698,,
419999,,
420298,1.3965199421312278,-1.6549470110222728
420599,1.2690847763395612,-1.7639725406056836
420898,,
421199,,
421499,,
421798,1.2154509984080841,-4.511664482107275
422099,1.4394549735990287,
422398,1.4394549735990287,
422699,1.4394549735990287,
422998,1.5248860279335468,-1.1363309820619447
423299,1.4394549735990287,
423598,1.7645832130656178,-0.4291104702635975
423899,2.5890924863650806,-0.3329774540980375
424199,21.32490759222239,-0.5036062990423658
424498,11.157324412101822,-0.4742799252207548
424799,24.60428190866027,-0.5692868304245238
425098,22.652113351039517,-0.5458101828720447
425399,24.44694283079646,-0.585141005451205
425698,29.191800036148315,-0.5337145450192804
425999,24.688678822291834,-0.695675649461208
426298,25.432227863877486,-0.7812001598344935
426599,21.951124960942295,-0.712417507576393
426899,19.348818815819996,-0.6613484723617729
427198,23.066793524632114,-0.6049229775008917
427499,25.084015307773697,-0.6175893749813599
427798,22.958861398791832,-0.7435612720011595
428099,25.348738297081184,-0.6228723942593206
428398,25.037864144393684,-0.7153114819216737
428699,14.711292262499661,-0.5427304779728321
428998,24.18988333940758,-0.6267343616312611
429299,27.35442661272702,-0.6352921745748501
429599,21.30068719876444,-0.6269802775762652
429898,29.749407269808046,-0.6514400491617311
430199,33.91433914982424,-0.6215825107657147
430498,34.40550415362931,-0.5063011043964589
430799,29.528648929830695,-0.505063748400586
431098,35.99781746687517,-0.5453294688534831
431399,32.83896060353026,-0.5821416104506489
431698,27.586225631937666,-0.52747544258426
431999,25.107932080289523,-0.5881719910751413
432299,4.7301644067722055,-0.37040793057703825
432598,7.872308489291459,-0.4058807181256132
432899,1.2071244672016677,-1.7869146116144834
433198,2.2220434661140414,-0.34567465386449103
433499,,
433798,1.412514100176729,-1.0913429818677267
434099,1.4394549735990287,
434398,1.4394549735990287,
434699,1.4394549735990287,
434999,1.4394549735990287,
435298,3.961923372279531,-0.4733096848664471
435599,2.939585994934446,-0.4315246090414173
435898,5.340216183054992,-0.4696016640540963
436199,2.3087852255406203,-0.3977752467743205
436498,2.5882697487026567,-0.4002289020605665
436799,1.8442128159572968,-0.3252356125029927
437098,2.3542149363924723,-0.411678364201856
437399,1.9500405267736909,-0.3756830146478385
437699,2.735897257448011,-0.42341593905170405
437998,2.442087445783676,-0.4269867311562203
438299,2.179108983610075,-0.4090270839677208
438598,1.946976326914024,-0.3838096389951555
438899,3.232455143110558,-0.4685439499720667
439198,1.9531454098325787,-0.3826435185516479
439499,2.212842405751661,-0.4111795672319585
439798,1.857184923850715,-0.3272633037445569
440099,1.8999276164764503,-0.3378824452713032
440399,2.4736431330802797,-0.35819510924377407
440698,1.7774800647658662,-0.28167240861988097
440999,1.827060698355828,-0.3138510945319013
441298,1.6005414570263887,-0.25234706194764733
441599,4.540009124668419,-0.32979171944084684
441898,2.5580920601728727,-0.34281487563033397
442199,1.8811689792218844,-0.20583026477994304
442498,10.358490037517855,-0.24311041039058656
442799,8.846385729235449,-0.15223426835898013
443099,10.166367933006281,-0.165491903788066
443398,1.7672765782307427,-0.046808215299775524
443699,1.7717701693233352,-0.0805425504403019
443998,1.6486463955455575,-0.014572025469496097
444299,1.6180235728372239,0.017974403332932876
444598,1.3637971988187059,0.11490206372673784
444899,1.5898904231589834,0.035113328658423426
445198,1.435897040152039,0.10752994218368139
445499,1.2529474442214832,0.19438290281826842
445799,1.1318368133878427,0.22739515243348007
446098,1.078319673180218,0.26204209312613413
446399,0.9408815289976098,0.3297657351613713
446698,1.1148078369112981,0.25004877492358724
446999,1.0901494939900023,0.2676921679147869
447298,1.0952333204807427,0.2742828770053246
447599,1.0318700431242611,0.3030921760121318
447898,1.0818492974624005,0.2963540656402802
448199,1.1890074735874006,0.23325986410050004
448499,1.1119016589624002,0.27029237370011616
448798,1.1238306339253634,0.334714089657978
449099,1.390565472830456,0.21415102575219824
449398,1.5060212044257613,0.1585782976881993
449699,1.476189858143354,0.18222924098388527
449998,1.4951853688262242,0.13310400315592763
450299,1.5909736078678909,0.09099416345928313
450598,2.5642342123840947,-0.36895543924357055
450899,2.0453995427940956,-0.22078633366743272
451199,3.8289584643311323,-0.39506960310535244
451498,2.026079433129744,-0.08516321961237416
451799,2.0874482090597186,-0.1092130035700134
452098,2.1645252322935153,-0.14774660024588226
452399,2.129262724974071,-0.18832352279250997
452698,2.201946158543515,-0.19758018994047988
452999,2.783093830842126,-0.5977673157598478
453298,2.0784340646222184,-0.22697493072127783
453599,2.377944117184719,-0.3358320872492533
453899,2.087968977740274,-0.24965554636405263
454198,2.259033815450923,-0.3051966217496216
454499,2.369104789191663,-0.3505777315309624
454798,3.819792540911571,-0.6896056283762795
455099,2.7994061720087933,-0.5950679917715578
455398,4.6634863244162,-0.4695238780295423
455699,2.623996084888422,-0.53417363235599
455998,3.2369185782148118,-0.6215262584033632
456299,3.363562320763423,-0.6767286699393202
456599,2.7245092826893487,-0.5748674582576216
456898,2.6846222540157374,-0.48528076050943936
457199,3.166843023559719,-0.5944008124259308
457498,3.182334933309719,-0.5259569483801168
457799,3.683757649159256,-0.6840134757075389
458098,3.532721864048144,-0.5936770316492082
458399,3.2260969967148116,-0.4654358849022644
458698,3.9148307209810147,-0.6998663225917696
458999,3.745210554573608,-0.5938683662862811
459299,3.461882179344441,-0.5230878617612644
459598,3.813987651307404,-0.4942224982048349
459899,3.4982964410157376,-0.458899075822077
460198,3.6056635206569414,-0.46589911835677533
460499,3.8577323702912003,-0.4666071283125335
460798,4.016424160383793,-0.5055156167315975
461099,4.275774419557404,-0.5507373000403788
461398,4.6304704486476815,-0.5622916094656152
461699,5.06095652205046,-0.5593922956391664
461999,5.576815098513422,-0.6665269338859177
462298,5.222119690869903,-0.5991279849514164
462599,6.105704506381478,-0.6521236441162501
462898,5.980249768659256,-0.6792843614459347
463199,5.983343644548144,-0.6111568714598159
463498,6.07932760954583,-0.6624878762668029
463799,6.638741044145367,-0.6361077956416727
464098,6.353100915876848,-0.6231011614130264
464399,5.860167176302775,-0.6268132536356557
464699,6.628148718399997,-0.646772211973806
464998,20.115409779344887,-0.420321008527196
465299,5.659074454705551,-0.5906494643245257
465598,5.71109091997407,-0.6137535259911124
465899,11.503327888768316,-0.5312976663616444
466198,7.904529446756478,-0.8793486724760129
466499,4.215900586673146,-0.4497601588508471
466798,7.504903496509622,-0.2587604010678739
467099,11.75706376873128,-0.4761234597525341
467399,22.948841152185892,-0.39973955838665076
467698,27.834639828192643,-0.46701450556385504
467999,8.575649937543826,-0.6339300532429701
468298,8.196979622455276,-0.4882632113510572
468599,10.021351974134056,-0.5339524920915593
468898,17.92979221361798,-0.42858757624146904
469199,40.3741104980306,-0.4654159338581161
469498,50.25083836619958,-0.5043887688597051
469799,24.33537800511927,-0.5949931347095159
470099,19.69672961506312,-0.606627329305671
470398,8.670058576689252,-0.6920935120115717
470699,21.43004955356957,-0.7430882366442282
470998,16.337897647812298,-0.43602883572570494
471299,8.80966709451863,-0.6614785683745603
471598,6.957522281587798,-0.6153202211063302
471899,3.6489477078522836,-0.3498726285521663
472198,13.000710898085444,-0.43242829125098514
472499,1.4394549735990287,
472799,1.4394549735990287,
473098,1.4394549735990287,
473399,1.4394549735990287,
473698,1.4394549735990287,
473999,1.4394549735990287,
474298,1.4394549735990287,
474599,1.4394549735990287,
474898,1.4394549735990287,
475199,1.4394549735990287,
475499,1.4394549735990287,
475798,1.4394549735990287,
476099,1.4394549735990287,
476398,1.178482830774542,-2.47940429783573
476699,,
476998,13.26029581550067,-0.6627084719732199
477299,4.937046002997225,-0.3598176786476692
477598,6.014907027075132,-0.27354435567335766
477899,2.1891610034907227,-0.40057336660459364
478199,2.135634439198608,-0.3863899417999228
478498,2.078307887106016,-0.39256929428700493
478799,2.065538092842127,-0.39450385382342334
479098,1.8662049965226823,-0.37406727372654447
479399,1.6897003331361085,-0.3380478550367316
479698,1.6231094532587937,-0.3167211573008806
479999,1.4562016286288755,-0.21483796267442146
480298,1.4544180864525664,-0.16638669359982883
480599,1.4866040953877517,-0.17776292359862111
480899,1.2225257126335047,-0.016412602061075976
481198,1.565115408682207,-0.14249968567353744
481499,2.0230395924907105,-0.13517202846778864
481798,1.562259208355818,-0.05466347263373539
482099,1.804337114201359,-0.13280078525998595
482398,1.657736954557207,-0.069131909195838
482699,1.6927230459206326,-0.10337094876419806
482998,1.4934396697192436,0.06502830311108576
483299,4.3339515665302395,-0.4625197183077234
483599,1.7817164829860812,-0.12232493624853324
483898,2.804882141638859,-0.42425962818767804
484199,1.7099752745387893,-0.05501528026241709
484498,1.994799459601496,-0.2946039329549941
484799,1.8282036067962661,-0.2630166376355938
485098,2.1681838526506088,-0.374606542560721
485399,25.04948119383865,-0.3279758946642757
485698,3.022185803747072,-0.2888118062441474
485999,58.47371754146275,-0.4783744129285554
486299,53.29443791617553,-0.5628901380143583
486598,28.373239729875493,-0.5673400790766441
486899,40.73191050953705,-0.22512848887275316
487198,38.273246249353775,-0.22314456012782147
487499,29.50573869728624,-0.27264997394354684
487798,29.37585614944014,-0.29476840636711654
488099,36.71416753200474,-0.35978980394256976
488398,43.87082126649811,-0.4177145645166753
488699,50.03852363890526,-0.3436995807008083
488999,59.76225644204659,-0.3040401008862288
489298,40.3586634334868,-0.36402523234795714
489599,41.830903273695135,-0.38496604033725434
489898,54.8162353080235,-0.3561533342919174
490199,55.818631656262056,-0.2987595285474154
490498,47.74733712353309,-0.3637646869844864
490799,48.17053505787568,-0.35332869130630806
491098,57.2735196637638,-0.3703309300435462
491399,45.41167783584702,-0.4405564917158409
491699,42.397046984766,-0.41728604269071745
491998,65.43881998374053,-0.39927472080840865
492299,75.49431142417804,-0.5066643256809573
492598,95.05894262684683,-0.3566871970317127
492899,71.29606342128221,-0.42320609920439356
493198,19.029623485357167,-0.459450819265508
493499,23.85728046845207,-0.5537503923086617
493798,1.4394549735990287,
494099,1.4394549735990287,
494399,1.4394549735990287,
494698,1.4394549735990287,
494999,1.4394549735990287,
495298,1.4394549735990287,
495599,1.4394549735990287,
495898,1.4394549735990287,
496199,1.4394549735990287,
496498,1.4394549735990287,
496799,1.4394549735990287,
497099,1.4394549735990287,
497398,1.4394549735990287,
497699,1.4394549735990287,
497998,1.4394549735990287,
498299,1.4394549735990287,
498598,1.4394549735990287,
498899,1.4394549735990287,
499198,1.4394549735990287,
499499,1.4394549735990287,
499799,1.4394549735990287,
500098,1.4394549735990287,
500399,1.4394549735990287,
500698,1.4394549735990287,
500999,1.4394549735990287,
501298,1.4394549735990287,
501599,1.4394549735990287,
501898,1.4394549735990287,
502199,1.4394549735990287,
502499,13.055504464291463,-0.6111288196257747
502798,5.000405604626849,-0.40930471000363666
503099,5.483558119437034,-0.4275360029718458
503398,7.412913524124796,-0.6712760470318393
503699,5.207533126825921,-0.4816711560533484
503998,5.317557257633792,-0.47780775756405536
504299,8.632096137094441,-0.7480811329977208
504598,13.972240386217125,-1.094628207138273
504899,40.99918313546044,-0.7869956217314071
505199,30.91524226853895,-0.606645862471058
505498,1.4394549735990287,
505799,,
506098,,
506399,1.4394549735990287,
506698,2.2062226828205262,-0.35427065598719953
506999,,
507298,,
507599,,
507899,1.4394549735990287,
508198,1.4394549735990287,
508499,1.4394549735990287,
508798,1.4394549735990287,
509099,1.4394549735990287,
509398,1.4394549735990287,
509699,1.4394549735990287,
509998,1.4394549735990287,
510299,1.4394549735990287,
510599,1.4394549735990287,
510898,1.4394549735990287,
511199,1.4394549735990287,
511498,1.4394549735990287,
511799,1.4394549735990287,
512098,1.4394549735990287,
512399,1.4394549735990287,
512698,1.4394549735990287,
512999,1.4394549735990287,
513299,1.4394549735990287,
513598,1.4394549735990287,
513899,1.4394549735990287,
514198,1.4394549735990287,
514499,1.4394549735990287,
514798,1.4394549735990287,
515099,1.4394549735990287,
515398,1.4394549735990287,
515699,1.4394549735990287,
515999,1.4394549735990287,
516298,1.4394549735990287,
516599,1.4394549735990287,
516898,1.4394549735990287,
517199,1.4394549735990287,
517498,1.4394549735990287,
517799,1.4394549735990287,
518098,1.4394549735990287,
518399,1.4394549735990287,
518699,1.4394549735990287,
518998,1.4394549735990287,
519299,1.4394549735990287,
519598,1.4394549735990287,
519899,1.4394549735990287,
520198,1.4394549735990287,
520499,1.4394549735990287,
520798,1.4394549735990287,
521099,1.4394549735990287,
521399,1.4394549735990287,
521698,1.4394549735990287,
521999,1.4394549735990287,
522298,1.4394549735990287,
522599,1.4394549735990287,
522898,1.4394549735990287,
523199,1.4394549735990287,
523498,1.4394549735990287,
523799,1.4394549735990287,
524099,1.4394549735990287,
524398,1.4394549735990287,
524699,1.4394549735990287,
524998,1.4394549735990287,
525299,1.4394549735990287,
525598,1.4394549735990287,
525899,4.901537531673048,-0.539394930974741
526198,4.724304552406846,-0.48756136915232373
526499,5.442535482138327,-0.443263752612707
526799,4.568449060550363,-0.4507732478900117
527098,3.8534394988424276,-0.5302018474387229
527399,3.212813639207771,-0.47401859769437693
527698,3.1085683082909283,-0.4636025771441754
527999,4.398967381962399,-0.5555263468751674
528298,2.9615713670387898,-0.4638356034499207
528599,2.7253668440362984,-0.4344028756954461
528898,4.654059001846661,-0.5224682292789735
529199,18.2406098006962,-0.4708095658982381
529499,15.261402478939251,-0.49763511886924916
529798,3.16802612077953,-0.3796594520608232
530099,9.176181854886218,-0.49879708989128857
530398,17.99211427937746,-0.3618458602278132
530699,3.3842608071406413,-0.6173934667927472
530998,1.9683507383055252,-0.1637142215589329
531299,2.840683473798581,-0.3335057701034976
531598,2.447716220212401,-0.2806853299037315
531899,4.008638390612863,-0.4266671903313941
532199,3.0673988291429564,-0.21912131165077975
532498,3.2039725137772153,-0.2409532063367652
532799,2.882155887392956,-0.15614262336793572
533098,13.892924885039186,-0.23462257452995838
533399,1.918200745647586,0.024338948428369478
533698,1.3718870743651785,0.22654656939814688
533999,1.4582207328999006,0.17930481829755984
534298,1.5142382467031412,0.14203741974706574
534599,1.6258346033489746,0.07706487855335908
534899,1.382627726219345,0.18684597531869196
535198,1.732673785691567,0.0531932060529855
535499,1.426218582707771,0.1660422275034269
535798,1.282215559080456,0.22736293985172862
536099,1.1262747733836969,0.29316348500992373
536398,1.2500684805573081,0.24927971956851191
536699,1.4693288093790668,0.0785779419830187
536998,1.2401622499531415,0.2447239604546848
537299,2.4836753485140353,-0.3794455865429074
537599,7.808678551257092,-0.4955720107513131
537898,47.58881916684675,-0.8482146607151142
538199,61.90418133091823,-0.7920040054969879
538498,65.71787895621453,-0.7617824189764022
538799,74.70314741158285,-0.6526125842256914
539098,66.24462745294656,-0.6598986172490271
539399,41.540031592323615,-0.8217846742494033
539698,44.92231824651777,-0.8970344702289139
539999,64.09206879138407,-0.7551403509898367
540299,2.998330489506857,-0.4841690584970759
540598,1.4394549735990287,
540899,1.1076726862846993,-1.842139605448741
541198,1.3006345028914823,-3.823753751708187
541499,21.256521713298955,-0.6928621957570547
541798,17.013734095758977,-0.6559800717216742
542099,54.17980133122235,-0.556933688459518
542398,32.369319412164664,-0.5390169591507883
542699,9.435276416898818,-0.3774106860499331
542999,4.843658234122801,-0.16472588929148202
543298,3.1012133904762997,-0.17515262007140775
543599,6.234104095898263,-0.19192245948829423
543898,6.20486076100546,-0.25917070284756716
544199,1.18550292552963,0.04691189968559817
544498,2.4087042243932317,-0.32624634676805875
544799,1.453017881935944,-0.25335984389781596
545098,1.4906877694372163,-0.08426491579569939
545399,1.3695756442593732,-0.1094881421290721
545699,2.5795861364815216,-0.22659621990058132
545998,2.3250363180945643,-0.41801042818186085
546299,3.2271589070620497,-0.3263038748403748
546598,0.7481082279692833,0.3820797260800044
546899,2.4027031613836893,-0.4366710680502548
547198,1.1132521610716914,-0.029241657035551816
547499,1.8435143107707437,-0.49694297443477775
547798,2.032680851509267,-0.5007308820640872
548099,0.9142582821895632,0.04114502832297473
548399,1.0869429701913862,0.0726086614053062
548698,0.8108882701039151,0.28683611051026814
548999,1.0168879857222621,0.14150867277127388
549298,0.7769777891455346,0.3978080908873063
549599,6.143667996285529,-0.2000809020312304
549898,1.276382501002547,-0.0103785144791535
550199,0.9472769420858804,0.33289682243077745
550498,1.012382251272848,0.293945425046779
550799,0.9018219784357999,0.3759385172185723
551099,0.9961715926993061,0.31244680873220476
551398,1.0567014819161042,0.3217070000407527
551699,1.2847389638235116,0.1740058465910722
551998,1.2536207316128634,0.23398433725674983
552299,1.526682659781845,0.118654767466854
552598,1.7891636710133265,0.027567710717875227
552899,2.044856821578141,-0.056405621944095374
553198,2.3824189622772156,-0.17889621660358213
553499,2.435979902673049,-0.1484580817557697
553799,2.4696554622100857,-0.16912792625733508
554098,2.679872590286475,-0.24674306078935127
554399,2.6806841235225853,-0.19385924965769075
554698,2.7170443100758264,-0.1959500264745333
554999,2.887395939295734,-0.24926191872460302
555298,2.989677018080456,-0.28565722826533624
555599,3.2998843430827716,-0.32937867333131066
555898,3.2806008794739747,-0.32636073135315824
556199,3.310560351423049,-0.33208388537780853
556499,21.385500851704258,-0.25549610507753084
556798,1.4394549735990287,
557099,1.4394549735990287,
557398,1.4394549735990287,
557699,1.4394549735990287,
557998,1.4394549735990287,
558299,1.4394549735990287,
558598,1.4394549735990287,
558899,1.4394549735990287,
559199,,
559498,1.3112056640062277,-5.267596725024476
559799,23.50236603365557,-0.5496206703300748
560098,13.529930902490419,-0.4203396992938746
560399,1.4394549735990287,
560698,1.72335015566926,-0.6627841495436426
560999,1.629720262710456,-1.6390629250016961
561298,1.4394549735990287,
561599,1.4394549735990287,
561899,1.4394549735990287,
562198,1.4394549735990287,
562499,1.4394549735990287,
562798,24.126913767308743,-0.45162878022361697
563099,71.00253107894461,-0.49383648483773657
563398,1.4394549735990287,
563699,1.4394549735990287,
563998,1.4394549735990287,
564299,1.4394549735990287,
564599,1.4394549735990287,
564898,1.4394549735990287,
565199,1.4394549735990287,
565498,1.9111474130492734,-0.3621983668357256
565799,3.4977518955202704,-0.4898610446896763
566098,2.844547321436762,-0.4596891711779967
566399,2.874819682742317,-0.4634371048092851
566698,2.8483151749387687,-0.4503357490766857
566999,3.0209762749321314,-0.467855644838717
567299,2.7458527857126254,-0.44878728822549063
567598,4.751295251317099,-0.41389383762040866
567899,3.745033690369707,-0.46397478307648465
568198,2.1892010401686446,-0.36547064590513667
568499,2.1768336384252622,-0.36431803914259997
568798,1.9931871566891515,-0.28501588349776497
569099,1.8535129573025775,-0.2098828657548426
569398,2.2306742687470216,-0.448890741945287
569699,8.339448192113146,-0.30028147072258426
569999,3.3767967141220216,-0.24006524538333007
570298,3.099198656807841,-0.3247679399383223
570599,2.1490498347008264,-0.14934810497617068
570898,1.982391337147586,-0.06591835098210308
571199,2.0154925746128636,-0.09043357011178865
571498,2.1098233595688813,-0.06247390974976419
571799,5.926567100693884,-0.48032784550285657
572098,2.38435604610129,-0.17166677831419808
572399,3.041610164017955,-0.5154081645349127
572699,2.187033797821197,-0.05098390783279272
572998,3.542048175742493,-0.3775137459871354
573299,2.503726361578141,-0.22293077719708743
573598,2.7277731395434186,-0.43437678091371956
573899,2.492073277048049,-0.261320601241362
574198,1.6710754515695907,0.08977161812035772
574499,1.7314592723450535,0.054435674240555953
574798,1.4648209144075535,0.1585706145562743
575099,1.4905415584978314,0.1498483833960591
575399,1.8119396156297762,-0.06348818279777424
575698,1.6617160271575535,0.029744237752533542
575999,1.3328417875834797,0.18627533978380517
576298,1.326698994226822,0.18692971753633236
576599,1.4721934579907108,0.0717248647146651
576898,1.1125672804487179,0.2675267690320816
577199,1.3939188397658475,0.0344308765055118
577498,1.0158886046011981,0.2745921774809167
577799,0.9469576397238834,0.33304764877798854
578099,16.465738992279118,-0.4014318440741682
578398,10.838685498991754,-0.3974461737215178
578699,8.8119795332963,-0.47252440508727234
578998,75.66268890450424,-0.3496625812673988
579299,58.62416218316547,-0.32002559425661126
579598,1.4394549735990287,
579899,1.4394549735990287,
580198,1.4394549735990287,
580499,1.4394549735990287,
580799,1.4394549735990287,
581098,1.4394549735990287,
581399,1.4394549735990287,
581698,1.4394549735990287,
581999,1.4394549735990287,
582298,1.4394549735990287,
582599,1.4394549735990287,
582898,1.4394549735990287,
583199,1.4394549735990287,
583499,1.4394549735990287,
583798,1.4394549735990287,
584099,1.4394549735990287,
584398,1.4394549735990287,
584699,1.4394549735990287,
584998,1.4394549735990287,
585299,1.4394549735990287,
585598,1.4394549735990287,
585899,1.4394549735990287,
586199,1.4394549735990287,
586498,1.4394549735990287,
586799,1.4394549735990287,
587098,1.4394549735990287,
587399,1.4394549735990287,
587698,1.4394549735990287,
587999,1.4394549735990287,
588298,1.4394549735990287,
588599,1.4394549735990287,
588899,1.4394549735990287,
589198,1.4394549735990287,
589499,6.999818348594442,-0.7957727917539292
589798,11.277746152942107,-1.1160408063277
590099,25.701592147305877,-1.2149214526064087
590398,22.11088212807848,-1.2780081044967408
590699,18.735698239400524,-1.327098079019597
590998,5.784369432399997,-0.838923638295705
591299,5.6809798624740715,-0.7514871034009989
591599,3.1752000706129597,-0.10973896364304525
591898,2.9711210984856447,-0.05355303495083419
592199,3.5180535694717556,-0.2555768667371954
592498,3.4509700333861075,-0.41622570395422853
592799,15.227526771976382,-0.9115482099367076
593098,15.904998315120164,-1.2378025063231246
593399,3.448869307779928,-0.23004265847100736
593698,32.384100748006745,-1.158547539595543
593999,,
594299,1.4394549735990287,
594598,1.4394549735990287,
594899,1.4394549735990287,
595198,1.4394549735990287,
595499,1.4394549735990287,
595798,1.4394549735990287,
596099,1.4394549735990287,
596398,1.4394549735990287,
596699,1.4394549735990287,
596999,1.4394549735990287,
597298,1.4394549735990287,
597599,1.4394549735990287,
597898,1.4394549735990287,
598199,1.4394549735990287,
598498,,
598799,,
599098,,
599399,,
599699,,
599998,,
600299,,
600598,1.4394549735990287,
600899,1.4394549735990287,
601198,1.4394549735990287,
601499,1.4394549735990287,
601798,1.4394549735990287,
602099,1.4394549735990287,
602399,1.4394549735990287,
602698,1.4394549735990287,
602999,1.4394549735990287,
603298,1.4394549735990287,
603599,1.4394549735990287,
603898,1.4394549735990287,
604199,1.4394549735990287,
604498,1.4394549735990287,
604799,1.4394549735990287,
605099,1.4394549735990287,
605398,1.4394549735990287,
605699,1.4394549735990287,
605998,1.4394549735990287,
606299,1.4394549735990287,
606598,1.4394549735990287,
606899,1.4394549735990287,
607198,1.4394549735990287,
607499,1.4394549735990287,
607799,1.4394549735990287,
608098,1.4394549735990287,
608399,1.4394549735990287,
608698,1.4394549735990287,
608999,1.4394549735990287,
609298,1.4394549735990287,
609599,1.4394549735990287,
609898,1.4394549735990287,
610199,1.4394549735990287,
610499,1.4394549735990287,
610798,1.4394549735990287,
611099,1.4394549735990287,
611398,1.4394549735990287,
611699,1.4394549735990287,
611998,1.4394549735990287,
612299,1.4394549735990287,
612598,1.4394549735990287,
612899,1.4394549735990287,
613199,1.4394549735990287,
613498,1.0935816192364982,-1.1023925729914135
613799,5.281221596622123,-0.5419470275044862
614098,11.45179307784444,-1.1218477064741852
614399,3.0834576618929557,-0.44071690563513366
614698,2.954423806235549,-0.4269824682402481
614999,3.1792688986126874,-0.45065109181519425
615298,3.1436402410290465,-0.452161250739864
615599,3.067599501858057,-0.43641686874381813
615899,2.825178797501576,-0.42163939092138825
616198,2.936230406028066,-0.43709384053155986
616499,2.6408791457862986,-0.37649178513563153
616798,2.6154806269485116,-0.40933783649681565
617099,2.547453208524724,-0.404680502010079
617398,3.5252174820938613,-0.4373107206806932
617699,1.9476348979900016,-0.1214717045177236
617998,3.9101884444347186,-0.5874385995189133
618299,2.065776895377285,-0.16198078024273133
618599,2.4796626284830574,-0.3991011307929493
618898,2.0542800294876873,-0.11759973937881418
619199,2.1310607150526786,-0.15023018560594625
619498,7.907697705233854,-0.5539372628380892
619799,1.8896694803281413,-0.04390230521475558
620098,1.953630726469345,-0.0446043285644282
620399,2.2337317173188813,-0.20351419464990794
620698,1.9066410294276777,-0.06722553371901929
620999,2.437300429281008,-0.43764004684944546
621299,1.675497633619808,0.09634321798997103
621598,1.5723372276730485,0.16256559850141983
621899,1.720402728682308,0.0685491497774936
622198,1.8077768304299933,0.0297078190321034
622499,7.412794163559623,-0.550881792698602
622798,1.55693243665453,0.15370415113357772
623099,6.219319671337401,-0.8555916936564212
623398,1.5226247155341597,0.16141111111702144
623699,2.0397752523466597,-0.37437821213665057
623999,1.4632297968073076,0.19628682224896732
624298,1.5843168953883264,0.14747741553096028
624599,1.7752608530341596,0.08400585900128565
624898,1.700769545483234,0.09769016395718744
625199,1.7530380559855487,0.09374704231656583
625498,1.8867231216869373,-0.010285554743117764
625799,1.7278854787170301,0.08361472386928781
626098,1.578770498582771,0.15099908215687863
626399,1.6160890010966602,0.12119749650478018
626699,1.5860320861406412,0.08737150263784177
626998,20.129572265486235,-0.33792173003291026
627299,23.844955229884405,-0.5055511477487038
627598,59.3773859257485,-0.8598902966142536
627899,1.4394549735990287,
628198,1.4394549735990287,
628499,1.4394549735990287,
628798,29.14980509773217,-0.5025886391071537
629099,11.608100302312334,-0.17147444562841008
629399,7.634096513826224,-0.5348186665809316
629698,25.319786029043232,-0.8919721624253079
629999,27.46194021578416,-0.7506205404883375
630298,24.567495492641235,-0.6969818526367746
630599,1.2224334256853684,-2.0136146434066204
630898,,
631199,1.4394549735990287,
631498,18.196998274180352,-0.6526702177256476
631799,25.79143164696276,-0.5625089491569659
632099,13.387255966543778,-0.8954688991159536
632398,26.080369761434987,-0.390949343864303
632699,21.527238656124798,-0.3954297076568405
632998,16.471322628853965,-0.7386925456906464
633299,7.479815048918517,-0.7623554217514088
633598,4.715670050976385,-0.978766956743504
633899,24.42507714243267,-1.2608265064556665
634198,4.131927867559718,-0.7706968081685199
634499,2.8934225866523113,-0.6209265916526341
634799,2.522353776145367,-0.4803216650289215
635098,3.8754294663238706,-0.48945072069323414
635399,2.79620925029583,-0.6312736198938456
635698,1.9971159179902744,0.06039230288959818
635999,4.212881838909519,-0.8340951939581269
636298,4.02562719705509,-0.7759310953196563
636599,8.205647679258794,-0.9682772496669556
636898,4.028110704823607,-0.6125009939454598
637199,6.691396341645631,-0.756778822940581
637499,4.535905412423144,-0.8279831750663673
637798,4.984103379566663,-0.7054058026278378
638099,3.762014866844441,-0.7474341645097811
638398,6.202922400011108,-0.9972910613454151
638699,52.10458509054218,-0.4111043437643487
638998,128.4900977757343,-0.11558023732660927
639299,4.3830839443033875,-0.34556396692972746
639598,1.1063410382918502,-2.257071001159306
639899,1.3984639927765883,-0.20210358331674594
640199,2.939518911842428,-0.5613202635118246
640498,5.150258085194558,-0.6731755241300248
640799,6.966655415870484,-0.47604816813186157
641098,4.213111209974373,-0.5848467265400741
641399,3.2668487704859484,-0.515807248806579
641698,5.989405505372218,-0.6047643585941367
641999,4.6740420183504945,-0.2657751323985169
642298,3.0643300187486395,-0.33718391954237115
642599,43.19567154019726,-0.5570660133102638
642899,81.23998006468338,-0.5783697575830806
643198,3.713285663597567,-0.6782234287666478
643499,4.406861466708168,-0.5980464307127655
643798,5.304074290233633,-0.7301415934523747
644099,6.615694858261411,-0.7415513627175003
644398,4.5881176945183535,-0.47178872123679927
644699,4.363774056400297,-0.41080197168870947
644998,4.589355481305391,-0.4680863611429209
645299,4.636283402881779,-0.4255446846165929
645599,5.650700833571595,-0.37783769595715366
645898,4.358660724960484,-0.3533841326138283
646199,5.69232440780076,-0.3811917175765427
646498,6.169335067659556,-0.4242130207061927
646799,7.004457912404927,-0.46609931459951137
647098,7.995729930060019,-0.4522609979476777
647399,7.68218736498363,-0.47497269235796225
647698,7.538827662210483,-0.4587540772128671
647999,7.165565281428075,-0.44626859223883275
648299,8.868779298372521,-0.5041721720853503
648598,12.862094491333131,-0.46494494760403104
648899,11.434363229786833,-0.48110882617687345
649198,9.543313477768315,-0.6178017580854542
649499,23.33927239308981,-0.2629627840847084
649798,38.2744718693748,-0.42119418265787734
650099,26.314063059252113,-0.48707498395555526
650398,52.15157018449053,-0.44465096941227533
650699,39.4283262380185,-0.41253498211701545
650999,44.98341072560906,-0.29964317966740306
651298,37.45911920315064,-0.3871092573370063
651599,4.722503443199475,-0.17592739302357208
651898,1.4394549735990287,
652199,1.4394549735990287,
652498,1.4394549735990287,
652799,1.4394549735990287,
653098,1.4394549735990287,
653399,1.4394549735990287,
653699,1.4394549735990287,
653998,1.4394549735990287,
654299,1.4394549735990287,
654598,1.4394549735990287,
654899,1.4394549735990287,
655198,1.4394549735990287,
655499,1.4394549735990287,
655798,8.595768260217131,-0.41716593474406793
656099,7.029522890131661,-0.3707497065601342
656399,6.616259510729004,-0.40589851079360684
656698,3.81714828590453,-0.5137214753892403
656999,3.5509845599461967,-0.5059118252857915
657298,3.386104522978604,-0.4963227765998226
657599,3.1205056386985124,-0.45268989039103835
657898,2.5782103232661737,-0.3365101212670032
658199,4.319903558305701,-0.5421891881613836
658498,7.615633456745517,-0.5325942789629814
658799,7.913090646481127,-0.5746523722836214
659099,7.824999410883905,-0.3720479557538219
659398,12.553419728138858,-0.454650258055989
659699,9.008885198861257,-0.38627073002058565
659998,6.3071565495394974,-0.4828177988709641
660299,6.622765914773293,-0.6412396534930438
660598,6.381146712444591,-0.645386521118414
660899,5.611154252555702,-0.604175717066199
661198,5.287982863595053,-0.6124128527158286
661499,5.212881540835795,-0.5643046310446809
661799,8.135299693659869,-0.7782184306793158
662098,7.325668026444591,-0.7116634996643612
662399,13.708273890995516,-0.6316425652691893
662698,9.983619511308016,-0.6786301696500039
662999,10.95008514485663,-0.7029757704796107
663298,12.43192308841913,-0.6463313783027902
663599,19.187281788683016,-0.5927732486565092
663898,19.79469513653249,-0.6724372159086061
664199,21.07266064409096,-0.6652727644908472
664499,24.584770384817215,-0.6141325554688404
664798,27.066570914062645,-0.5674944455272994
665099,21.592826572497508,-0.6577976204654625
665398,35.4353881043545,-0.5338334227616728
665699,50.263447054972765,-0.6721069758816434
665998,63.596055852454256,-0.5605572939659871
666299,64.57465050110059,-0.5055425559185724
666598,52.83425458178809,-0.5469454969436465
666899,59.43285732094749,-0.4179059466638697
667199,28.403014428104893,-0.44036143221974267
667498,32.626281641669706,-0.49859117172197265
667799,1.4394549735990287,
668098,,
668399,1.4394549735990287,
668698,1.4394549735990287,
668999,1.4394549735990287,
669298,1.4394549735990287,
669599,1.4394549735990287,
669899,1.4394549735990287,
670198,1.4394549735990287,
670499,1.4394549735990287,
670798,1.4394549735990287,
671099,1.4394549735990287,
671398,1.4394549735990287,
671699,1.4394549735990287,
671998,1.4394549735990287,
672299,1.4394549735990287,
672599,1.4394549735990287,
672898,1.4394549735990287,
673199,1.4394549735990287,
673498,1.4394549735990287,
673799,1.4394549735990287,
674098,1.4394549735990287,
674399,1.4394549735990287,
674698,1.4394549735990287,
674999,1.4394549735990287,
675299,20.179459902124798,-0.758923510371553
675598,7.953521865948606,-1.079039054756377
675899,,
676198,4.464219420795733,-0.7594742290480687
676499,9.76971309345759,-1.0511690356885697
676798,17.181676705469705,-0.9597518777095315
677099,20.7320014284072,-1.2209676787492891
677398,12.530699619923409,-1.4274503722172782
677699,11.443108788115536,-1.030746115908868
677999,8.770781843965075,-1.22016294603725
678298,14.219476494370168,-0.9304365432440411
678599,20.45704878899054,-0.968132973104872
678898,3.3823774403560147,-0.4595189174482961
679199,2.6411091317263855,-0.08291978914323761
679498,2.6963121269627597,-0.14149108757060747
679799,4.332684702024997,-0.41705408378696784
680098,2.8368037693953667,-0.10796178984464055
680399,2.7728331660018486,-0.07697927794080384
680699,3.049816535978701,-0.161645260316865
680998,3.4552635219763856,-0.2808882093927787
681299,9.976338827120166,-0.6571462768405851
681598,5.546894481316663,-0.6927957456856548
681899,15.274987271062296,-1.0804080711720636
682198,15.00269712685628,-1.197603115535216
682499,4.362772145409869,-0.6034369431555564
682798,9.81064879471739,-1.0559698127531267
683099,2.878508693039378,-0.2260341644230699
683399,17.618462146562297,-1.3769260425399157
683698,1.4394549735990287,
683999,1.4394549735990287,
684298,1.4394549735990287,
684599,1.4394549735990287,
684898,1.4394549735990287,
685199,1.4394549735990287,
685498,1.4394549735990287,
685799,1.4394549735990287,
686099,1.4394549735990287,
686398,1.4394549735990287,
686699,1.4394549735990287,
686998,1.4394549735990287,
687299,1.4394549735990287,
687598,,
687899,1.4394549735990287,
688198,11.285841665476385,-0.4602536641084096
688499,,
688799,,
689098,1.4394549735990287,
689399,1.4394549735990287,
689698,1.4394549735990287,
689999,,
690298,,
690599,,
690898,,
691199,,
691499,,
691798,,
692099,,
692398,,
692699,,
692998,,
693299,1.4394549735990287,
693598,1.4394549735990287,
693899,1.4394549735990287,
694199,1.369975515001598,-6.624252977676497
694498,1.4394549735990287,
694799,1.4394549735990287,
695098,1.4394549735990287,
695399,1.4394549735990287,
695698,1.4394549735990287,
695999,1.4394549735990287,
696298,1.465224595836169,0.1633700630628523
696599,1.4394549735990287,
696899,1.4394549735990287,
697198,8.721813035046091,-0.8191529164392444
697499,23.524247341981017,-1.1882264683329251
697798,10.273158381031664,-0.8072533122339307
698099,3.307933704601687,-0.25879766052993824
698398,3.672241448268354,-0.30863934050937036
698699,3.962128000157243,-0.316232031051483
698998,4.159392889777614,-0.3702596108292231
699299,5.05724645150215,-0.4912472742189291
699599,4.192275638546132,-0.3737697374239026
699898,3.6741806352058535,-0.28204645513364457
700199,3.848256307316965,-0.2965729615787127
700498,4.422280799222057,-0.39451426101456355
700799,4.7065047318308535,-0.4089260413114282
701098,4.618605536601687,-0.43272586111592304
701399,4.769331760286872,-0.41845994887352855
701698,7.0143466351665005,-0.6456095674266427
701999,7.418289975946294,-0.6940207407681978
702299,4.532400225078538,-0.4374041650824241
702598,7.436849414388423,-0.6571318046931156
702899,4.068344237356317,-0.5984719788122674
703198,5.222019617860947,-0.7289487655856324
703499,4.109151483629465,-0.4779187952646837
703798,12.29733481362222,-0.8657028203858412
704099,6.87433996198391,-0.7719722931673434
704398,7.046529184235368,-0.7254726835203769
704699,3.1414021052614096,-0.3517939127812837
704999,3.279821658719743,-0.36328507945467137
705298,3.5806745506711315,-0.4458790425880874
705599,3.3047181856016876,-0.31505608554162556
705898,3.197753313826224,-0.3045754329826187
706199,3.16667367488178,-0.29775432982808225
706498,2.93989754081465,-0.2252557312711163
706799,3.1018256422590946,-0.2553882150676603
707098,2.9748441645137236,-0.20788184455290803
707399,3.1109393947290025,-0.23113994492791434
707699,3.2589937243817797,-0.27098048649495077
707998,3.055323972101687,-0.22871442317381319
708299,3.3725506893215944,-0.29566056711826194
708598,2.9857505050415023,-0.2016263968253218
708899,2.5829722405553914,-0.17530081803337505
709198,2.6935019300623355,-0.20347146071181688
709499,2.751935881779928,-0.22415934718701758
709798,2.805367326860947,-0.2222805697809005
710099,2.865940495715113,-0.19203174973574666
710399,2.846010137585483,-0.17564649336253457
710698,3.002364104395669,-0.18621136858943999
710999,3.005209108904928,-0.20668895574606805
711298,3.075539578293817,-0.21570958404257823
711599,3.1345295635947434,-0.21765472064649538
711898,3.1819039971919647,-0.2027961955595421
712199,9.958342287099073,-0.46105727596628876
712498,3.3747790229743724,-0.2502967274008254
712799,3.533930663180391,-0.28562602831957973
713099,3.579560159789187,-0.27542377518222194
713398,3.836192466224373,-0.29212033311048113
713699,4.0849502304350205,-0.3253189932777787
713998,4.18858954488178,-0.31632107107368057
714299,4.059616061231316,-0.30262149921704995
714598,4.019140559060021,-0.29737860159965224
714899,3.788651264529927,-0.2569647873516827
715198,3.983828900046132,-0.3186584049282126
715499,3.3947202145252984,-0.2191397625812237
715799,3.371981333152613,-0.17535484169872273
716098,3.336785919513724,-0.12956837858394166
716399,3.181432258812335,-0.15641493951084717
716698,4.567945268828237,-0.4944050074756847
716999,3.3791898658887245,-0.26517343803446414
717298,3.012327601388724,-0.15850878561145554
717599,3.533623011147984,-0.3226253801113945
717898,3.0144078518655757,-0.18395288398966625
718199,3.343729180643354,-0.25331061242134445
718499,3.2740625641526155,-0.2195989607363904
718798,3.281373415833448,-0.24637682263273408
719099,3.3081082216158544,-0.2805139293644163
719398,3.6784115896042806,-0.3564055422535486
719699,9.789950313951184,-0.4092402308335257
719998,13.752650104495167,-0.49598716692599565
720299,4.45537774185539,-0.30425830661718445
720598,41.54586729731692,-0.24343495295569206
720899,4.251946901430089,-0.47310192841209764
721199,3.951544836029627,-0.5906394926371745
721498,3.3793910186245335,-0.3865924423764737
721799,3.432621629923145,-0.30379956951773335
722098,3.3410242681962923,-0.21414231784312499
722399,8.245676023511372,-0.6232023907161257
722698,3.7790756747518484,-0.26252106350199167
722999,5.164977550619905,-0.5390561109206631
723298,9.078802128215074,-0.5923439127353542
723599,4.68119694359907,-0.5691408815852821
723899,8.707686375013685,-0.5735199933150701
724198,3.481222575837497,-0.3584387085231209
724499,5.4796079974766485,-0.5162585839692457
724798,6.43639072989563,-0.4686304259752856
725099,4.49347117784239,-0.6750810679633266
725398,4.274767500492853,-0.5910130202472097
725699,4.082054671596755,-0.4108004325488037
725998,8.079176787782206,-0.7702385024768175
726299,3.7172565047564783,-0.3319345985033315
726599,3.8668827761870332,-0.38597081131371613
726898,3.5864619136384226,-0.30371720466568464
727199,3.458732437858329,-0.3130099631640204
727498,3.1675314860388855,-0.21921401907945337
727799,3.374907319654626,-0.27489367272351584
728098,3.2047651318027746,-0.21392743513649726
728399,3.5834083848050895,-0.31974159211325315
728698,19.507220503136896,-0.32871368146810176
728999,3.4375650348861075,-0.24615727388259145
729299,3.5736315234509224,-0.25877093626926584
729598,3.892355053397681,-0.28361596396416044
729899,5.531146485434719,-0.6317055094534179
730198,4.323218392043516,-0.3088580305662243
730499,4.081909156404626,-0.2790243449600234
730798,4.388496638399997,-0.2768136516184265
731099,4.3935558945666635,-0.2855582731595592
731398,4.620054625575923,-0.3359043906731569
731699,5.005040704842126,-0.35872769202885024
731999,5.002113393555089,-0.34319266647158164
732298,5.325303284548145,-0.3426241354456747
732599,5.5391418393305525,-0.32702990685270006
732898,5.337295460568978,-0.32404380486987594
733199,5.3535500638791635,-0.3011711153770207
733498,5.648936965103699,-0.3274792771931836
733799,5.637644968272405,-0.32900000886868064
734098,5.654882694906664,-0.30935936733150204
734399,5.629201284321598,-0.3115850041944448
734699,5.973738761742892,-0.32263980983723184
734998,5.993959467201224,-0.3122404650507282
735299,6.2386148588678925,-0.3183594354805328
735598,6.6095056492012265,-0.34610698893094916
735899,6.64504938184648,-0.34777656017142733
736198,6.862579203356016,-0.34398642310176175
736499,7.399460365578237,-0.3649439966912196
736798,7.626691051353701,-0.3691813745422683
737099,7.793972353571293,-0.3720354618955397
737399,8.170457016761107,-0.39315600258211525
737698,8.323715434059718,-0.3913576229262883
737999,8.628516032999535,-0.39454256614608463
738298,8.502255926399995,-0.3716136057060848
738599,8.350469696270368,-0.3601077139605966
738898,8.320421826064347,-0.3641270601715334
739199,8.238431443288608,-0.36371134957885953
739498,8.020923840853422,-0.3378606447483481
739799,7.983186544916503,-0.3401694998014404
740099,7.967416761129467,-0.33802565573454735
740398,8.117762728647982,-0.3574741107793562
740699,8.1153125674165,-0.35076171535603695
740998,8.009221870573912,-0.35596717944178247
741299,8.42190466259243,-0.38170087415296594
741598,8.24280000776604,-0.38138136268801026
741899,7.895357946476689,-0.33802268847743067
742198,8.11847167175215,-0.33849305101022775
742499,7.822807374233632,-0.33316625629343055
742799,7.988012704235946,-0.32730600423481304
743098,8.013689521613262,-0.3590301072347106
743399,8.009768778122519,-0.32788168459452804
743698,7.673755128150298,-0.29765934766109603
743999,7.758691460224371,-0.31267907452851706
744298,7.764702259564651,-0.3109808252708186
744599,8.039313302812337,-0.34401498148703347
744898,8.092294119587796,-0.37834092907047534
745199,15.68049823138174,-0.593156189220835
745499,8.937099957557706,-0.4987768172759983
745798,6.255403806412771,-0.35037528307995736
746099,7.842599561418816,-0.4467282585093908
746398,7.111072471823909,-0.4596293607846411
746699,5.897464577527613,-0.41420853024232085
746998,5.5706207926221225,-0.45426347343963136
747299,3.822796461906844,-0.4592509647700511
747598,3.9731799200272153,-0.46298847939766086
747899,4.086291890747123,-0.48869502140726007
748199,4.214998940441567,-0.47301321897555915
748498,4.334977047457771,-0.5174838152414944
748799,4.242276260381383,-0.47026386830087596
749098,4.126601153258697,-0.44268533467305593
749399,4.071608205494808,-0.40373503443537073
749698,4.929532212705457,-0.5649935364000163
749999,4.784653303131382,-0.5371577679123927
750298,4.822914810115178,-0.5387322684875155
750599,4.934797331256382,-0.5177222760752149
750899,5.001209550342029,-0.520571377494492
751198,5.342730330517956,-0.5433795700853445
751499,5.389348064578539,-0.5267759845968922
751798,5.554706045349371,-0.5082373332749262
752099,5.579707147534559,-0.4896814693443221
752398,5.357597257483632,-0.44982109794444636
752699,5.400130718316966,-0.46029531255783973
752998,5.349144603480919,-0.40875518348333295
753299,5.420810505210086,-0.39708829624521047
753599,6.166156779851288,-0.5744859762765546
753898,4.667737254298048,-0.3123564838761854
754199,4.677009416978604,-0.329519434002002
754498,4.916189908480918,-0.3196828847055375
754799,5.049300236585086,-0.3349910566145897
755098,4.7515152823605495,-0.48240464541516936
755399,4.419077888307706,-0.37878851230153954
755698,4.401694479789188,-0.3147728892752928
755999,4.414633047814252,-0.3406206666672831
756299,4.44786021645314,-0.3470560797897011
756598,4.497211410284159,-0.3593029656842399
756899,4.637101246471659,-0.402862892883731
757198,4.63154444227953,-0.4107258481740672
757499,4.46308818440453,-0.35780341895263246
757798,4.564894547163789,-0.32918104624291167
758099,4.513480286749437,-0.32550854963282605
758398,4.799119679096659,-0.3663947141744135
758699,28.64763779958883,-0.6704899538747315
758999,33.401846304845456,-0.6355015322341744
759298,1.382307045838525,-1.0654922531204742
759599,,
759898,1.4394549735990287,
760199,1.4394549735990287,
760498,1.4394549735990287,
760799,1.4394549735990287,
761098,1.4394549735990287,
761399,1.4394549735990287,
761699,1.4394549735990287,
761998,1.4394549735990287,
762299,1.4394549735990287,
762598,1.4394549735990287,
762899,1.4394549735990287,
763198,1.4394549735990287,
763499,1.4394549735990287,
763798,1.4394549735990287,
764099,1.4394549735990287,
764399,1.4394549735990287,
764698,1.4394549735990287,
764999,1.4394549735990287,
765298,1.4394549735990287,
765599,1.4394549735990287,
765898,1.4394549735990287,
766199,1.4394549735990287,
766498,1.4394549735990287,
766799,1.4394549735990287,
767099,1.4394549735990287,
767398,1.4394549735990287,
767699,1.4394549735990287,
767998,1.4394549735990287,
768299,1.4394549735990287,
768598,1.4394549735990287,
768899,1.8404024764029216,0.04994381769025302
769198,9.758440743763423,-0.46153398689399694
769499,9.817757244536567,-0.6226930006358213
769799,8.773555823513423,-0.4476570717202679
770098,7.994605465897681,-0.4827477973563836
770399,7.159976518710181,-0.3953191590441796
770698,6.497642156617589,-0.31755305868700323
770999,20.988122845840074,-0.9513040746962176
771298,12.840082718592127,-0.8850854554067935
771599,32.55718779279786,-1.3192889180052285
771898,,
772199,,
772499,,
772798,,
773099,,
773398,,
773699,1.4394549735990287,
773998,,
774299,,
774598,,
774899,,
775199,1.4394549735990287,
775498,1.4394549735990287,
775799,1.4394549735990287,
776098,1.4394549735990287,
776399,1.4394549735990287,
776698,1.4394549735990287,
776999,1.4394549735990287,
777298,1.4394549735990287,
777599,1.4394549735990287,
777899,1.4394549735990287,
778198,1.4394549735990287,
778499,1.4394549735990287,
778798,1.4394549735990287,
779099,1.4394549735990287,
779398,1.4394549735990287,
779699,1.4394549735990287,
779998,1.4394549735990287,
780299,1.4394549735990287,
780599,1.4394549735990287,
780898,1.4394549735990287,
781199,1.4394549735990287,
781498,1.4394549735990287,
781799,1.4394549735990287,
782098,1.4394549735990287,
782399,1.4394549735990287,
782698,1.4394549735990287,
782999,1.4394549735990287,
783299,1.4394549735990287,
783598,1.4394549735990287,
783899,1.4394549735990287,
784198,1.4394549735990287,
784499,1.4394549735990287,
784798,1.4394549735990287,
785099,1.4394549735990287,
785398,1.4394549735990287,
785699,1.4394549735990287,
785999,1.4394549735990287,
786298,1.4394549735990287,
786599,1.4394549735990287,
786898,1.4394549735990287,
787199,1.4394549735990287,
787498,1.4394549735990287,
787799,1.4394549735990287,
788098,1.4394549735990287,
788399,1.4394549735990287,
788699,1.4394549735990287,
788998,1.4394549735990287,
789299,1.4394549735990287,
789598,1.4394549735990287,
789899,1.4394549735990287,
790198,2.3193226127105806,-0.22997363017427874
790499,6.2981070635849035,-0.6777941887718
790798,4.207472482504465,-0.4025476504843426
791099,4.277282941060021,-0.5077526491412583
791399,4.580029683726966,-0.5778179319096579
791698,4.222672637002149,-0.439343112226916
791999,6.15360684948074,-0.5748460902476153
792298,5.1629180367127985,-0.5854053642082286
792599,7.450227948545734,-0.4661322111513102
792898,5.514949150240855,-0.6231009522057458
793199,3.863850912400299,-0.44269537354206756
793498,5.200410310999837,-0.6133761367064394
793799,5.628226029032769,-0.6976709018727372
794099,6.062491437342706,-0.5894594125256634
794398,4.581175201073909,-0.5491660037613881
794699,4.552651189448909,-0.5432579615260429
794998,4.776362658911872,-0.5554495165696611
795299,5.052881881301037,-0.5546746449593387
795598,4.508839670210484,-0.5233654542927759
795899,5.255938417807706,-0.6343060701877492
796198,4.4266904023698075,-0.5700728921116704
796499,4.68678781867576,-0.5881522625681046
796799,4.329282822847058,-0.45857725812381744
797098,42.46741601180053,-0.4070106718138775
797399,6.594916044791103,-0.36829225439533997
797698,6.7196125670090945,-0.39653205339723385
797999,6.842698747738261,-0.2912041935438727
798298,8.029072422531845,-0.37527078030280503
798599,3.936963327224372,-0.47786160567265856
798898,4.182864821323909,-0.525705577100662
799199,4.357808470296131,-0.49851577257205193
799499,4.49814080418965,-0.47562836553391286
799798,4.598313825546132,-0.4507406363658193
800099,5.198162990159558,-0.5860608099131643
800398,4.566381925907241,-0.38591802217418025
800699,5.079571013576224,-0.42244436977276245
800998,5.1136786607336315,-0.4267098814658732
801299,5.52512440045817,-0.4014252567860257
801598,4.897624675789187,-0.2815841485631434
801899,5.433314934078538,-0.3365540398814253
802199,5.551101938231317,-0.32109593148150806
802498,5.743331329733632,-0.36878988174621274
802799,5.739055021046133,-0.5390385990614901
803098,5.011724190057705,-0.644286504904021
803399,4.128822103791503,-0.43391469144574857
803698,4.317427171613262,-0.44813577707652885
803999,4.051695701414187,-0.3261964142295104
804298,4.09858154012715,-0.2928456976541909
804599,4.487273342212401,-0.3560129573409707
804899,4.804347592501752,-0.42113760488622853
805198,5.192337563825825,-0.44637945140505764
805499,5.635527925557309,-0.6097456041408333
805798,15.304835404562644,-0.5855229671282407
806099,100.09052822411373,-0.4758073112949508
806398,50.84040259318497,-0.4274732167299824
806699,1.4394549735990287,
806998,1.452192225113705,-2.0332144791802027
807299,1.4394549735990287,
807599,1.4394549735990287,
807898,1.4394549735990287,
808199,1.4394549735990287,
808498,1.4394549735990287,
808799,1.4394549735990287,
809098,1.4394549735990287,
809399,1.4394549735990287,
809698,1.4394549735990287,
809999,1.4394549735990287,
810299,1.4394549735990287,
810598,1.4394549735990287,
810899,1.4394549735990287,
811198,1.4394549735990287,
811499,1.4394549735990287,
811798,1.4394549735990287,
812099,1.4394549735990287,
812398,1.4394549735990287,
812699,1.4394549735990287,
812999,11.151101544951183,-0.8377194088103606
813298,9.632910852874533,-0.9190240123196607
813599,9.958716457347018,-0.5549038101579138
813898,4.8903236863705555,-0.5401030744347008
814199,4.910148582443978,-0.5816462696069502
814498,6.9969279642729445,-0.7739047281164595
814799,5.389674860353701,-0.5641423326352832
815098,5.546158193680352,-0.5178585597213865
815399,5.365344636515737,-0.5105193846451483
815699,9.263107407046617,-0.7712152895426676
815998,6.572437889652312,-0.7440222285467182
816299,5.946457723520368,-0.42775521558870966
816598,7.213193340041199,-0.7546218912741625
816899,8.680926089967127,-0.8144878805998734
817198,7.62547619696481,-0.8188122102218081
817499,6.7474592891661995,-0.6669536605826243
817798,7.240429686784255,-0.8357510364648226
818099,6.229859823068978,-0.6881445926265326
818399,12.971034974030152,-0.8271856695942281
818698,5.918227292464811,-0.4499423572068231
818999,5.996930632166199,-0.565556554151911
819298,7.0859734115874975,-0.5996219700441761
819599,5.262616249869903,-0.4332539563435156
819898,6.733843409506203,-0.7172036406276812
820199,8.561493213237684,-0.6460336430905642
820498,9.12961224716157,-0.6496047459694128
820799,6.4014157542845584,-0.6483699886982128
821099,30.507634277538884,-0.6723798500108547
821398,20.13640579936268,-0.6975717536225405
821699,36.66900719384702,-0.5995670179016552
821998,5.935122597772984,-0.37285460050437846
822299,5.8311875244396525,-0.3223422035448733
822598,7.076085621747521,-0.36834763560696415
822899,7.499469301446597,-0.36458679366379365
823198,12.795769499423326,-0.5044979688553299
823499,14.126236285193702,-0.3726113187600577
823799,29.617527984819244,-0.5501258149590733
824098,30.957651387613744,-0.5078999523837817
824399,21.232365818145627,-0.5501769924774618
824698,19.003172015610648,-0.47625493987384715
824999,17.487485328881476,-0.4581027008995946
825298,19.387202913842124,-0.5263150351446515
825599,20.482553006242586,-0.5181825501336679
825898,56.85901828469868,-0.6725108496353149
826199,71.7933135840322,-0.6744338896968782
826499,61.770893983733586,-0.6316346865097235
826798,102.22615010640097,-0.6399010252820658
827099,114.92290617993497,-0.46152759026350787
827398,131.20453689251207,-0.5412216128054863
827699,103.9680664421417,-0.5529623498543021
827998,119.25943671991948,-0.515254432552519
828299,99.3346511942482,-0.6029803485121752
828598,82.24697661517091,-0.5040918766917855
828899,103.93752501294423,-0.6036003184041876
829199,72.21148048687922,-0.5476981678941317
829498,31.2653805268285,-0.5039788166213961
829799,56.922428333170906,-0.6678944155560134
830098,55.22238976641857,-0.5870560875811817
830399,68.54792689875191,-0.4869633048378901
830698,58.919539157913945,-0.5179012636542815
830999,62.74051262973572,-0.5580647695178913
831298,70.44657437078895,-0.46248189109285054
831599,53.45659787843479,-0.5410656411779156
831899,65.60565096860145,-0.5267419865115932
832198,48.718762589416265,-0.5977629010783114
832499,44.31313293564543,-0.6093002004880044
832798,50.71500800024035,-0.5261605521208645
833099,48.149699421258866,-0.5420931666240263
833398,31.605375032951184,-0.458616544966872
833699,1.4394549735990287,
833998,1.4394549735990287,
834299,1.4394549735990287,
834599,1.4394549735990287,
834898,1.4394549735990287,
835199,1.4394549735990287,
835498,1.4394549735990287,
835799,10.778947390126454,-0.45748579021503577
836098,12.603043499738524,-0.29465070226590306
836399,10.800468614643606,-0.2584124769640086
836698,10.443553522022981,-0.3194541067150549
836999,9.194102237411874,-0.2967651636012083
837299,7.9888376146803886,-0.2936705730587794
837598,7.749514278891037,-0.3403015716055482
837899,8.66227960044891,-0.39470405660230257
838198,7.085558079844742,-0.47229324886901103
838499,6.405206883483632,-0.47376546473848347
838798,6.3133371993169645,-0.4834462942303097
839099,6.528606893254466,-0.5319510960451967
839398,6.4237635621364095,-0.5210353048114851
839699,6.639234017298445,-0.5266802720159549
839999,6.654237698909557,-0.5479627449700455
840298,6.722275296363261,-0.55165638505999
840599,6.826315656860945,-0.5796245033907057
840898,7.102542359675762,-0.5971714969538158
841199,7.257954004395668,-0.5846955722863778
841498,7.07635579256928,-0.5429947966469548
841799,7.359727320634095,-0.5488389968274396
842098,9.84097539566842,-0.3970311311084369
842399,8.326006546333169,-0.445634530078977
842699,7.908986227694281,-0.5007449111355329
842998,12.895391399925362,-0.4305464741673266
843299,9.008448625641039,-0.5253473617522821
843598,1.4394549735990287,
843899,1.332187336462171,-7.045668249760007
844198,1.6848211681751346,-1.0021933932227673
844499,9.854279793319279,-0.4896971122763971
844798,9.983276702937333,-0.4531143202951089
845099,10.130197253226688,-0.45739458720661585
845399,10.357054897275297,-0.424369574189551
845698,11.243474480453536,-0.44983237033028
845999,20.557323636564938,-0.3971004886082685
846298,24.924548989657467,-0.2281588992017023
846599,37.802853733847016,-0.2221837650526559
846898,61.21330101662712,-0.2685885657698768
847199,72.29724843422666,-0.2721893194212148
847498,2.145289910420032,0.00587848905194055
847799,1.4394549735990287,
848099,,
848398,,
848699,,
848998,7.895662933900608,-0.2692814502936709
849299,1.4394549735990287,
849598,1.4394549735990287,
849899,1.4394549735990287,
850198,1.4394549735990287,
850499,1.4394549735990287,
850799,1.4394549735990287,
851098,1.4394549735990287,
851399,1.4394549735990287,
851698,1.4394549735990287,
851999,1.4394549735990287,
852298,1.4394549735990287,
852599,1.4394549735990287,
852898,1.4394549735990287,
853199,1.4394549735990287,
853499,1.4394549735990287,
853798,1.4394549735990287,
854099,1.4394549735990287,
854398,1.4394549735990287,
854699,1.4394549735990287,
854998,1.4394549735990287,
855299,1.4394549735990287,
855598,1.4394549735990287,
855899,1.4394549735990287,
856199,1.4394549735990287,
856498,1.4394549735990287,
856799,1.4394549735990287,
857098,1.4394549735990287,
857399,1.4394549735990287,
857698,1.4394549735990287,
857999,1.4394549735990287,
858298,20.255147321504428,-0.5895788939448039
858599,11.283678672913886,-0.9620316846816657
858899,24.201105730391,-0.7745826051233586
859198,20.494698519754163,-0.7522848101623552
859499,,
859798,0.838021828531159,-3.0477335814656277
860099,,
860398,0.9929109980649667,-3.083464248901419
860699,0.9293790511647395,-2.033666599818382
860998,,
861299,,
861599,1.1152438219541623,-3.2000494601448795
861898,23.885571874451184,-1.4083824002592484
862199,17.29589607592162,-1.4280987950005963
862498,13.781564610172165,-1.1374303784284518
862799,1.584596626592509,-0.426248014709838
863098,1.327199896410001,-3.0671522116766976
863399,22.397240184291704,-1.0643674274819506
863698,1.4394549735990287,
863999,1.4394549735990287,
864299,,
864598,1.4394549735990287,
864899,1.4394549735990287,
865198,1.4394549735990287,
865499,1.4394549735990287,
865798,1.4394549735990287,
866099,1.4394549735990287,
866398,1.4394549735990287,
866699,1.4394549735990287,
866999,1.4394549735990287,
867298,1.4394549735990287,
867599,1.4394549735990287,
867898,1.4394549735990287,
868199,1.4394549735990287,
868498,1.4394549735990287,
868799,1.4394549735990287,
869098,1.4394549735990287,
869399,1.4394549735990287,
869699,1.4394549735990287,
869998,1.4394549735990287,
870299,1.4394549735990287,
870598,1.4394549735990287,
870899,1.4394549735990287,
871198,1.4394549735990287,
871499,1.4394549735990287,
871798,1.4394549735990287,
872099,1.4394549735990287,
872399,1.4394549735990287,
872698,1.4394549735990287,
872999,1.4394549735990287,
873298,1.4394549735990287,
873599,1.4394549735990287,
873898,1.4394549735990287,
874199,1.4394549735990287,
874498,1.4394549735990287,
874799,1.4394549735990287,
875099,1.4394549735990287,
875398,1.4394549735990287,
875699,1.4394549735990287,
875998,1.4394549735990287,
876299,1.4394549735990287,
876598,1.4394549735990287,
876899,1.4394549735990287,
877198,1.4394549735990287,
877499,1.4394549735990287,
877799,6.4857246308632615,-0.5530961163192663
878098,8.19732993711268,-0.6715945470371825
878399,7.775717503444279,-0.6313653441587816
878698,8.14283892556002,-0.6667167179438871
878999,7.820436591941964,-0.6070163901451333
879298,7.606971335527614,-0.5301410654596497
879599,7.537925931261409,-0.553685629162568
879898,7.814028634326227,-0.5911028885154754
880199,6.951224891110947,-0.7278295161552379
880499,5.52804591444428,-0.6208158975005227
880798,6.043478890898261,-0.6561371105538256
881099,5.417686212196596,-0.5657116057965321
881398,5.929560916011688,-0.6272353101264396
881699,6.953711769541781,-0.6304537455578945
881998,10.547134127606538,-0.4980146861047172
882299,5.042309195960763,-0.5394564478782207
882598,5.084885605687614,-0.5795381406217681
882899,5.2085098871019655,-0.5487231751670791
883199,5.192848887141317,-0.5178016132722714
883498,5.991730250110645,-0.6469467136689766
883799,8.397370430181192,-0.6976858205902783
884098,10.20734150786296,-0.4453044171025726
884399,5.779395719407243,-0.6412985913323765
884698,8.944590161604282,-0.52560909232143
884999,8.150087778455852,-0.4689357345476257
885298,8.129195171407243,-0.4621821430581501
885599,8.22413201948826,-0.42570753049387844
885899,8.087472980763724,-0.4586042355049329
886198,8.244504283226686,-0.507291190797124
886499,8.161670503694278,-0.5498928839746648
886798,8.443467814710484,-0.5212316968183763
887099,8.633453190782243,-0.5403129070546464
887398,8.519832270562336,-0.500880517432295
887699,8.777508522745205,-0.5897661156846417
887998,9.450640290337798,-0.5212724895747516
888299,10.78138839514305,-0.5425532524761203
888599,13.325506900726687,-0.46384780975824524
888898,8.097735259395668,-0.655855371819412
889199,7.535578232073909,-0.6247538736914837
889498,8.460463685548445,-0.4816085855891332
889799,8.681038008476687,-0.46459259842222855
890098,9.043657828590113,-0.5184089324359276
890399,9.367152318807705,-0.4621669062641076
890698,9.806408657219745,-0.5128411716914933
890999,10.855970402411572,-0.6355079635453698
891299,10.453579561122218,-0.5645739774679228
891598,9.210821732740577,-0.4673317018842451
891899,12.577166528814347,-0.5819242598752692
892198,10.087828207073606,-0.8090957894576851
892499,11.079546926957867,-0.8340467819730839
892798,11.33494136523796,-0.7893172172008385
893099,12.842427628391,-0.7656662798608973
893398,11.305401407629427,-0.7412735872208169
893699,9.862255916206133,-0.7587320123975738
893999,12.058942146928619,-0.746447668451351
894298,11.670963079194241,-0.6982765112223215
894599,9.223101215942243,-0.672029399147009
894898,9.044273052425723,-0.6452128226616969
895199,8.68883301953252,-0.66829727486779
895498,9.623837561538883,-0.6792289571071448
895799,10.949408039964814,-0.6606836863000536
896098,11.083979470274995,-0.6836975014880609
896399,12.053083360085445,-0.743536899131126
896699,12.308397072678037,-0.6051378728247048
896998,10.21488887027268,-0.7329837666447647
897299,14.7086517631662,-0.7752811888066748
897598,13.173724585700922,-0.7332534396964145
897899,15.189406151272944,-0.6622782365081916
898198,15.472538343950921,-0.6904414898941684
898499,12.642251663763423,-0.6292772268384628
898798,43.611356335176424,-0.4882427692973672
899099,56.91045041603755,-0.6067505253613967
899399,36.75825820019404,-0.4952029266166813
899698,,
899999,1.4394549735990287,
900298,1.4394549735990287,
900599,1.4394549735990287,
900898,1.4394549735990287,
901199,1.4394549735990287,
901498,1.4394549735990287,
901799,1.4394549735990287,
902099,1.4394549735990287,
902398,3.256588450564841,-0.39998961870394556
902699,12.18409649202544,-0.7343951683312868
902998,20.776660230204207,-0.7666434743673698
903299,25.29476170405819,-0.9318538319859611
903598,11.435655258309984,-0.7009924598991277
903899,10.930425354705816,-0.8354398209194704
904198,9.173394067233328,-0.8157682851081653
904499,9.123255134608591,-0.7498835967764059
904799,9.618209011018315,-0.7047234644910947
905098,6.98045695096276,-0.8009682259384998
905399,10.937433350428037,-0.7507304018588343
905698,11.266395825731276,-0.7849743574672248
905999,8.422901100110643,-0.8515592999948995
906298,10.025358905097018,-0.8664510342708196
906599,9.314705361335445,-0.9256205272095526
906898,12.795999612071293,-0.7335548200997872
907199,12.060416952592126,-0.859186193884909
907499,10.718969741397679,-0.8376033577505742
907798,14.026068105178041,-0.9182780077292212
908099,12.426697594710182,-0.8983355728951639
908398,21.970367034254423,-0.7243682629884287
908699,40.18095603695812,-0.7215850765591441
908998,13.152846427874533,-0.6400885393874738
909299,8.143006354527309,-0.897082999486009
909598,9.287098374916201,-0.8673436848099367
909899,23.75867002158981,-0.4304020687971477
910199,6.02371750461556,-0.6374573825729382
910498,11.770632552226386,-0.6748500232506798
910799,7.491197876242588,-0.8230252135329459
911098,12.906012879612959,-0.9419769674424405
911399,22.849301931273473,-0.9676146839619808
911698,29.436517474632254,-1.2541135121787708
911999,6.966515303432405,-0.5535641817548682
912298,7.101171415078237,-0.5436622517436667
912599,7.283101482263422,-0.5023254211580119
912899,7.814304374990275,-0.42781396183549525
913198,9.0075939211662,-0.36938693193642
913499,9.927364056004162,-0.3466017296181825
913798,9.226723463948607,-0.3775240338015873
914099,8.20016711732824,-0.278542995754943
914398,8.185863836078239,-0.2451501613860314
914699,8.93944807345555,-0.2622376267675368
914998,10.21200201868009,-0.27069749261577636
915299,10.395134178096756,-0.2686287017422513
915599,10.84038606405972,-0.26249137748671414
915898,11.438357514946297,-0.27616286630845677
916199,12.258817936015738,-0.27728522119616694
916498,10.235884517619905,-0.21497204027987782
916799,10.865189269288885,-0.2535899848806997
917098,11.470578203788886,-0.2556605364794966
917399,11.734735845846757,-0.2569345314837135
917698,12.36714088043472,-0.26040363360703145
917999,12.498612591520367,-0.25101468918096614
918299,13.23310365652731,-0.26057368599266373
918598,15.777118234462494,-0.23225230281870246
918899,15.805839940698608,-0.23467464483776568
919198,18.044818092122217,-0.5809352641845122
919499,14.462102259228699,-0.3969223886647242
919798,16.317321640818975,-0.48819705452009066
920099,16.376316814252114,-0.46724102758922403
920398,17.292547974344703,-0.4239653487221766
920699,17.57564641403194,-0.36306429389641615
920999,22.533484933696556,-0.4969953774344875
921298,20.603985997613222,-0.5697039717651808
921599,19.953628814800723,-0.43250670983707273
921898,22.928904390592393,-0.5160343834306298
922199,1.081392347067311,-0.320408585523529
922498,13.88943052396739,-0.4663495023089159
922799,3.2201750367006343,-0.20802010939519566
923098,1.6206387336099215,-0.0714967314595627
923399,1.4394549735990287,
923699,1.4394549735990287,
923998,1.4394549735990287,
924299,1.4394549735990287,
924598,1.4394549735990287,
924899,1.4394549735990287,
925198,,
925499,1.4394549735990287,
925798,,
926099,49.7785974679218,-0.24879171067219397
926399,56.740392202481836,-0.19819002875063285
926698,4.105390352797873,-0.3267548276270127
926999,4.9517104309072435,-0.2995943164899819
927298,5.575762300321595,-0.40025782833783796
927599,5.2762410229257615,-0.33176835998408016
927898,5.808946086964534,-0.5427144542287705
928199,5.621182791184441,-0.42705021450082814
928498,5.944969186779347,-0.5386110656376981
928799,5.802810322851108,-0.5616704147270319
929099,5.8962956042498345,-0.6067755575659153
929398,6.0891999906589795,-0.59136369081659
929699,6.193676475888143,-0.604890166467388
929998,19.13294891056745,-0.3254512354077652
930299,6.070706645844165,-0.6214650147056089
930598,6.526012923510831,-0.6582007443667508
930899,6.640859185941387,-0.6320205092327378
931198,7.277388860737683,-0.6765596658470028
931499,7.330683259867312,-0.6949031706161017
931799,8.40542956358722,-0.7199817275493463
932098,7.809284317355737,-0.7249676194368104
932399,7.533357862013144,-0.6840804523190027
932698,7.1843585290987955,-0.6782851428801697
932999,7.418428189920551,-0.713403939370306
933298,7.989524283902035,-0.6912537975895066
933599,7.787289032404349,-0.7016755362684792
933898,7.825980601112682,-0.6721793956814379
934199,7.903597860638145,-0.6337534867330867
934499,8.135922229800181,-0.5730626011872417
934798,8.56490917347611,-0.5870799843690919
935099,9.246105411922867,-0.5728146311957265
935398,9.416992669411293,-0.5513032607947668
935699,9.732324609624255,-0.5058204116895944
935998,10.479864237443701,-0.5111758770981343
936299,11.078088365934441,-0.5410642552605502
936598,11.71126946212222,-0.5213247444453621
936899,12.818101098860646,-0.5553297017550061
937199,13.347551292187033,-0.5652862064008586
937498,28.921989828654894,-0.5708717439304005
937799,12.47540787505509,-0.7105111251227063
938098,31.330903163712758,-0.3825140861703493
938399,38.827987731891,-0.4697741159701261
938698,45.86799209992341,-0.5408660916893837
938999,35.83666580819423,-0.512617361289907
939298,1.4394549735990287,
939599,1.4394549735990287,
939899,1.4394549735990287,
940198,1.4394549735990287,
940499,1.4394549735990287,
940798,1.4394549735990287,
941099,1.4394549735990287,
941398,1.4394549735990287,
941699,1.4394549735990287,
941998,1.4394549735990287,
942299,1.4394549735990287,
942599,1.4394549735990287,
942898,1.4394549735990287,
943199,1.4394549735990287,
943498,1.4394549735990287,
943799,1.4394549735990287,
944098,1.4394549735990287,
944399,1.4394549735990287,
944698,1.4394549735990287,
944999,1.4394549735990287,
945299,1.4394549735990287,
945598,1.4394549735990287,
945899,7.121532942923143,-0.8065288120419858
946198,6.921090632712496,-0.7152754832891355
946499,5.428212113703237,-0.44814628949628244
946798,5.172468946724071,-0.4266661524957993
947099,6.6765619978050905,-0.6636689412914643
947398,7.14013942869887,-0.7181419536040672
947699,5.2703956076777745,-0.3232829844164964
947999,5.857648043677774,-0.4472617785170141
948298,13.009396152779624,-0.8450076017763584
948599,25.024596061659516,-0.732645946501131
948898,26.767480925141005,-0.7170267494663476
949199,19.24351323877989,-0.8152737784821098
949498,11.888783104696293,-0.7187275260739361
949799,1.5671449945141676,-0.3335290158203228
950098,10.668318243227171,-0.8464291182393868
950399,1.4394549735990287,
950699,1.4394549735990287,
950998,15.935461574576188,-1.0740895673341844
951299,7.607628559057401,-0.47737227088575107
951598,6.8527771919347185,-0.6771212647830904
951899,12.323213580284518,-0.3578846049838067
952198,9.234093710649994,-0.37509132236638587
952499,1.612436527680814,-0.07858883706428799
952798,4.545717517792908,-0.3786710828933695
953099,1.2181335675397396,-0.2013822893787487
953399,1.4394549735990287,
953698,1.4394549735990287,
953999,1.4394549735990287,
954298,1.4394549735990287,
954599,1.4394549735990287,
954898,1.4394549735990287,
955199,1.4394549735990287,
955498,1.4394549735990287,
955799,1.4394549735990287,
956099,1.4394549735990287,
956398,1.4394549735990287,
956699,1.4394549735990287,
956998,1.4394549735990287,
957299,1.4394549735990287,
957598,1.4394549735990287,
957899,1.4394549735990287,
958198,1.4394549735990287,
958499,1.4394549735990287,
958799,1.4394549735990287,
959098,1.4394549735990287,
959399,1.4394549735990287,
959698,1.4394549735990287,
959999,1.4394549735990287,
960298,1.4394549735990287,
960599,1.4394549735990287,
960898,1.4394549735990287,
961199,1.4394549735990287,
961499,1.4394549735990287,
961798,1.4394549735990287,
962099,1.4394549735990287,
962398,1.4394549735990287,
962699,1.4394549735990287,
962998,1.4394549735990287,
963299,1.4394549735990287,
963598,1.4394549735990287,
963899,1.4394549735990287,
964199,1.4394549735990287,
964498,1.4394549735990287,
964799,1.4394549735990287,
965098,1.4394549735990287,
965399,13.00464080024819,-0.45810855881333623
965698,20.37973664790489,-0.6229159618710924
965999,5.3601399751173116,-0.2936922219563751
966298,6.288482645091849,-0.35286854964520975
966599,5.737839692304531,-0.2784838482791119
966899,6.795329057976109,-0.4560054799440263
967198,7.232788057640461,-0.474147400983721
967499,7.170604267746943,-0.41282912229185276
967798,7.260568203735646,-0.4372314703118969
968099,7.260495854807128,-0.3693472384113392
968398,6.82510938871222,-0.3464064773901716
968699,6.63540219702935,-0.33077935810343506
968998,6.936489823601107,-0.312150668872174
969299,6.907090384888146,-0.2988603202398805
969599,8.836034513300984,-0.6958274910830364
969898,5.828697427538886,-0.3007909102055675
970199,6.889796105455552,-0.5038038720936462
970498,6.432909414737959,-0.39522103161058686
970799,5.58174460534907,-0.2855958645745642
971098,6.318292585763422,-0.3499642387351918
971399,6.289255820860644,-0.34993199607608827
971698,5.857907864548145,-0.29790053188443744
971999,6.135473130819559,-0.5478456308256745
972299,6.022667718967126,-0.2906051065040143
972598,6.268597203413885,-0.32508768060726
972899,5.9003760035597175,-0.30463209102937916
973198,6.1805769188351825,-0.30045644341801303
973499,6.4032488076060154,-0.30009264372442956
973798,6.808902007770367,-0.3993060828691284
974099,6.864773957291201,-0.3398045768298972
974398,6.6273533252287,-0.6472662051191742
974699,5.383909275384094,-0.5248663951650576
974999,7.353927693689347,-0.7451958998489783
975298,6.442293873969442,-0.537966241034022
975599,6.6213033622981445,-0.565218283105076
975898,6.87849334521018,-0.5801310437724141
976199,7.284323068677774,-0.6210539928058991
976498,7.510399515874531,-0.5932743209613056
976799,7.154248183332866,-0.5783061108121237
977098,7.382250720457868,-0.5393140209461598
977399,7.398984768772682,-0.5358716564989943
977699,12.881090930154626,-0.6899713442441568
977998,26.18919067122639,-0.3438666216390238
978299,18.59038128890231,-0.46407627198768786
978598,72.21729291630052,-0.34596738685991246
978899,26.87923811451137,-0.42625616897833973
979198,8.650744986941662,-0.5547369652171674
979499,7.687884931052774,-0.6197422022907657
979798,7.9972392841708295,-0.6094360152544096
980099,8.515852970999532,-0.6260749266093839
980399,8.777893798842126,-0.6350377982914417
980698,9.321417775180088,-0.6426986999837492
980999,9.967939596131478,-0.6584568289083832
981298,10.33065525637222,-0.6460781121280172
981599,10.954337370168515,-0.6524450263998933
981898,11.635542637175458,-0.6398296740705638
982199,11.311852885173144,-0.6184960264192314
982498,11.2173880844787,-0.6081377269264736
982799,11.325508757649997,-0.5844062140055948
983099,23.546270354219708,-0.5029249836145155
983398,9.967941218536833,-0.6112769823199027
983699,9.525028896374797,-0.6428678278531905
983998,10.43772980834702,-0.6815175647467573
984299,11.068083806293778,-0.6019762507248299
984598,12.177090730791202,-0.5815650195649695
984899,12.460198695309717,-0.5635889565974095
985198,13.299874835409254,-0.5513088171693517
985499,14.053180190992588,-0.5163647241864591
985799,14.576921646221756,-0.5603473383668787
986098,15.27715943988842,-0.5664778808139836
986399,16.44637164811296,-0.554431931537466
986698,18.94867829103452,-0.6020441764452478
986999,20.15503254009239,-0.5613723421424122
987298,18.8861229512035,-0.5432667057262801
987599,18.02312317802989,-0.4556939780616258
987898,29.08559857448412,-0.615403031615499
988199,39.40192573487319,-0.675154864878897
988499,40.03804496860004,-0.7048176436673037
988798,29.43837352894727,-0.724305647831325
989099,1.395921926604425,-0.5072519300690641
989398,1.4394549735990287,
989699,1.4394549735990287,
989998,1.4394549735990287,
990299,1.4394549735990287,
990598,1.4394549735990287,
990899,1.4394549735990287,
991199,1.4394549735990287,
991498,1.4394549735990287,
991799,1.4394549735990287,
992098,1.4394549735990287,
992399,1.4394549735990287,
992698,19.49743999777989,-1.1362570342236196
992999,17.33356913370813,-1.0435712138043223
993298,11.84825760178452,-0.6551101004299327
993599,22.65970089970581,-0.8435167110352693
993899,12.466496620249798,-0.7306985863578077
994198,12.993213596245166,-0.6807286052146313
994499,17.70016108831693,-0.884069910083326
994798,14.433048788321555,-0.7293158868466028
995099,12.833456216765999,-0.7815412644026813
995398,12.006259027527575,-0.6398303058680337
995699,14.754479891749797,-0.7916337876819008
995998,11.530855568562297,-0.7534234682000107
996299,10.502629685178038,-0.6937497943907254
996599,10.424324957918778,-0.7725737640371346
996898,9.60126140442341,-0.6161198122869458
997199,7.2967385341181705,-0.6669532224473897
997498,11.657503472992852,-0.6469360722479169
997799,16.68319540852295,-0.9058536641084354
998098,16.69962031630535,-0.9065159540882235
998399,14.658435870652575,-0.6769162043420884
998698,18.93083317489795,-0.7808426343462762
998999,29.602006246856277,-1.177233851413424
999299,4.250521591143339,-0.6498285001884689
999598,12.609479185559978,-0.6578603992354217
999899,33.29326508618549,-0.7221586357351895
1000198,19.56404473846508,-0.9147744821584469
1000499,26.547054803812298,-0.9332190185731728
1000798,12.280481367951186,-0.4874410482271385
1001099,24.019288805747482,-0.7543245382808428
1001398,20.47280189992572,-0.6609660107517448
1001699,26.947384644235914,-0.6327397028611592
1001999,35.7230689671246,-0.8069918302956849
1002298,3.728486374722828,-0.4681584530499747
1002599,19.654608557854395,-0.7868583063615768
1002898,4.106947284822893,-0.5013950351121885
1003199,2.5663985343218174,-0.4240473462763037
1003498,,
1003799,15.725782586761802,-0.6121837357993016
1004098,24.753331022043948,-0.6617577770363519
1004399,,
1004699,1.4394549735990287,
1004998,1.4394549735990287,
1005299,29.44122335701117,-0.7757423927969527
1005598,31.01985987924286,-0.5864987470432439
1005899,22.70249531066415,-0.6312123497285749
1006198,17.977824386955817,-0.4142632927163308
1006499,19.68400128280998,-0.4573619313259869
1006798,18.514722351518316,-0.4720051493607069
1007099,20.482123095205818,-0.44238711867937885
1007399,20.048056682138686,-0.4036446869742243
1007698,60.984657517025965,-0.4096843782097992
1007999,22.82402647261837,-0.5420281731846492
1008298,47.41436259494032,-0.5170637592224534
1008599,17.64276718006693,-0.3677875692853778
1008898,17.833173301759057,-0.5122603463012887
1009199,32.62901715194424,-0.47463515981537974
1009498,31.784613650962562,-0.5202575782063348
1009799,56.005558835660224,-0.49782090122734823
1010099,37.99478720927134,-0.5552951048801176
1010398,6.297954132757474,-0.4259744278903723
1010699,1.4394549735990287,
1010998,,
1011299,1.4394549735990287,
1011598,1.4394549735990287,
1011899,,
1012198,,
1012499,,
1012799,,
1013098,1.4394549735990287,
1013399,1.4394549735990287,
1013698,1.4394549735990287,
1013999,1.4394549735990287,
1014298,1.4394549735990287,
1014599,1.4394549735990287,
1014898,1.4394549735990287,
1015199,1.4394549735990287,
1015499,1.4394549735990287,
1015798,1.4394549735990287,
1016099,1.4394549735990287,
1016398,1.4394549735990287,
1016699,1.4394549735990287,
1016998,1.4394549735990287,
1017299,1.4394549735990287,
1017598,1.4394549735990287,
1017899,1.4394549735990287,
1018199,1.4394549735990287,
1018498,1.4394549735990287,
1018799,1.4394549735990287,
1019098,1.4394549735990287,
1019399,5.051966333138915,-0.34752694550270236
1019698,,
1019999,7.116105832895367,-0.4487948545503615
1020298,7.336494510739996,-0.42589225565748645
1020599,7.3037844407911985,-0.41876396471953137
1020899,7.591718823395092,-0.45865650577187544
1021198,8.282104568886108,-0.5544454362088576
1021499,7.414273083552775,-0.4815079691985247
1021798,7.970418415295829,-0.567203686667413
1022099,8.10379903821944,-0.48899048192486605
1022398,8.411361570536569,-0.546155490462747
1022699,8.788676397254163,-0.585574589453119
1022998,9.2379318548537,-0.6078440436027146
1023299,9.62733307804583,-0.621817301850973
1023599,9.794364945418515,-0.6350987223938533
1023898,10.836356950210181,-0.7131684549202897
1024199,11.437056219221754,-0.7109147907613582
1024498,11.046450861524995,-0.6198879905992742
1024799,11.146324812559719,-0.6702576491185328
1025098,11.568103387082864,-0.6685499337170147
1025399,11.591151758957865,-0.639871510044236
1025698,20.808771316928038,-0.7678056789885224
1025999,17.859148552904887,-0.6642406774072267
1026299,14.828416913430093,-0.6809345950996415
1026598,16.982831867566926,-0.6749353100347815
1026899,18.92544541592109,-0.7554089263280506
1027198,27.710579563080813,-0.3832311713571641
1027499,34.005041967094506,-0.3582514328099571
1027798,46.11582421151135,-0.3173296003756729
1028099,28.67773579104821,-0.45718991160231726
1028398,36.56322413164081,-0.4014958664064934
1028699,20.13759653110165,-0.48765360414802217
1028999,25.50989563140952,-0.45753072672401474
1029298,26.010264998661835,-0.47540402056828146
1029599,78.82517234894726,-0.6480154709027242
1029898,10.260512883856263,-0.520499578475698
1030199,10.47728172153668,-0.5282434895533756
1030498,40.586323101228764,-0.5967101100172034
1030799,62.2069463716246,-0.9446072112921133
1031098,1.4394549735990287,
1031399,1.4394549735990287,
1031699,1.4394549735990287,
1031998,1.4394549735990287,
1032299,1.4394549735990287,
1032598,1.4394549735990287,
1032899,1.4394549735990287,
1033198,1.4394549735990287,
1033499,1.4394549735990287,
1033798,1.4394549735990287,
1034099,1.4394549735990287,
1034399,1.4394549735990287,
1034698,1.4394549735990287,
1034999,1.45108191562381,-0.15550882630798912
1035298,28.026105475446556,-0.6606415499862166
1035599,20.632962350490537,-0.7079800142851018
1035898,10.122301203501847,-0.7791629378046616
1036199,10.564095137110646,-0.6275928258181129
1036498,8.65936320649259,-0.5446845327952485
1036799,8.286998476240278,-0.6612056713600913
1037099,8.6180609208537,-0.7518012671517831
1037398,8.012913639684719,-0.6610687034169502
1037699,8.880417540631479,-0.6451489776843862
1037998,9.739001877277312,-0.7331154933023201
1038299,8.883033959781942,-0.5745604556235633
1038598,10.949242061951187,-0.6959152918599196
1038899,18.92406882701831,-0.8778592375047236
1039198,12.960522070539147,-0.7036111762606596
1039499,31.76975151658082,-1.1008424323098303
1039799,40.38239583967572,-1.0080519023940804
1040098,19.592833308916465,-0.7486389599880765
1040399,32.7117112067197,-0.9003486602591162
1040698,14.24347531763148,-0.6324129573993247
1040999,15.167439214205814,-0.7382873015862736
1041298,20.711680485166465,-0.5356412015838024
1041599,10.05833117376111,-0.5123727208977324
1041898,28.813063669548406,-0.9492183012032374
1042199,12.677915723038884,-0.5780445487909087
1042499,25.507057383478962,-0.7978251875996236
1042798,11.494839091274997,-0.4894397150768883
1043099,21.114818435535042,-0.5959098637575981
1043398,10.50710144474259,-0.4527954818856299
1043699,10.054664605034255,-0.39285099565360393
1043998,10.419355459136106,-0.40915727405970315
1044299,11.998436322564348,-0.3942289220307913
1044598,11.719786437888423,-0.4484008260968617
1044899,21.132525525719963,-0.7539866074555293
1045199,14.191876230031944,-0.4344231320604002
1045498,14.956495062453236,-0.407999079270595
1045799,15.010811409446294,-0.3669217178573234
1046098,14.804021535497217,-0.3516881945536381
1046399,15.321740791726386,-0.3678170974812949
1046698,15.540629939997217,-0.3567284472240788
1046999,16.22890061474722,-0.3505781316181038
1047298,16.7165098398699,-0.3344978916901029
1047599,16.79769497927268,-0.32175062517200037
1047899,17.438404967203237,-0.32757104743920396
1048198,17.099371105985643,-0.3374416113561438
1048499,17.612518122450922,-0.333282348532874
1048798,17.730208527638425,-0.35300666040152184
1049099,18.269060739832867,-0.34574243666101
1049398,17.510968973175455,-0.3425442591210395
1049699,17.323201717812037,-0.3404834511037511
1049998,16.73151161133027,-0.3227548884914022
1050299,17.849526416886107,-0.3334413408604666
1050599,17.362817767531944,-0.334450517610448
1050898,17.883815963413884,-0.3318323805699541
1051199,18.57711487987685,-0.333156715495285
1051498,18.719838068534262,-0.31145773226399576
1051799,18.485982951964814,-0.3288972727366528
1052098,19.110693368182403,-0.3709124112175204
1052399,19.608875145242585,-0.3766911789698646
1052698,18.926265659550452,-0.35886910548007034
1052999,19.11680990392083,-0.36661471760630193
1053299,22.452445815800715,-0.4457576435797861
1053598,18.22849437790694,-0.39580342814179703
1053899,12.542612214082867,-0.44168676075927005
1054198,15.266904572487963,-0.4284974106183064
1054499,15.519238016675464,-0.406830673988253
1054798,14.746368716828236,-0.3821142924549057
1055099,15.644995868895368,-0.3994237832266925
1055398,13.103914927675458,-0.39245149744384134
1055699,15.87350729814768,-0.4734943964246343
1055999,15.042451791897681,-0.42235204395813253
1056298,15.029735816346756,-0.41130711437500045
1056599,14.392738668316664,-0.3590424678259794
1056898,13.642683043548143,-0.34325433818807105
1057199,11.851372847948607,-0.46475428757565496
1057498,12.622160111096754,-0.4685984325824266
1057799,13.397640396717126,-0.5323620222995233
1058098,12.402308970004164,-0.37150239345599667
1058399,11.286420472520366,-0.3829476608268487
1058699,9.078704953649996,-0.4106438345971932
1058998,9.457876452124532,-0.33861209054797925
1059299,8.073409613786572,-0.4004379585180129
1059598,8.831907242515735,-0.29895958097958797
1059899,9.117226031015738,-0.30374389206800934
1060198,9.701295266508792,-0.5854938271628822
1060499,8.674337405043234,-0.3076355783010647
1060798,9.272879742059718,-0.3430535976059166
1061099,6.797226046425184,-0.32912888212049074
1061399,10.275700663381478,-0.46251166318323733
1061698,9.57093134972407,-0.5260967233212768
1061999,9.159739355735645,-0.40626887225293795
1062298,8.982820654587497,-0.4612942187280644
1062599,9.501687055761371,-0.6308771165455755
1062898,9.541823779075921,-0.7004874229772995
1063199,9.864185173006476,-0.696757294991831
1063498,10.26098706618961,-0.701889082248329
1063799,8.360364835520366,-0.45602637563753246
1064099,9.459391030254165,-0.5658363611479051
1064398,9.091249033136107,-0.47409396462690245
1064699,8.986627054953237,-0.44550109185834486
1064998,9.051051073596755,-0.5232109924551178
1065299,8.405994974277313,-0.4451630032886096
1065598,8.874736714504163,-0.43160966239323817
1065899,9.27589411710342,-0.3783157221345117
1066198,11.253620314747218,-0.42345323602525275
1066499,11.534748853131477,-0.5003751639316323
1066799,20.948868160557666,-0.5038269661360237
1067098,10.620203988823608,-0.45337013433031914
1067399,11.358211390874533,-0.479924649604456
1067698,11.287848456839809,-0.4686574682363398
1067999,12.376739270455552,-0.435639501842525
1068298,11.68818715676111,-0.4363162497071498
1068599,11.947481078740275,-0.43333987878568636
1068898,16.711301939110644,-0.38032074317477327
1069199,13.027790150573608,-0.4570356836026457
1069499,20.492941504455814,-0.33526405586136576
1069798,15.691733745184715,-0.40438655044059235
1070099,16.919325339335174,-0.43803309160522086
1070398,19.487449302613225,-0.371635752760185
1070699,16.557570372293778,-0.4459452316668906
1070998,19.35286468646045,-0.4223360715099871
1071299,18.488122783657204,-0.44717819862029873
1071598,26.197009075879425,-0.4088528085391365
1071899,18.87258301265952,-0.4541743294509599
1072199,134.9419602633848,-0.2494523288651629
1072498,95.3130684733144,-0.21382816908889946
1072799,54.7403907069371,-0.3446583421944638
1073098,71.59947040031442,-0.3242454351022004
1073399,93.26689267567107,-0.2230221317459138
1073698,32.82135368323822,-0.2654633432215132
1073999,41.45913718021487,-0.2420874772639936
1074298,71.34121146265096,-0.2572381887716073
1074599,50.162417564360894,-0.24533966263729656
1074899,34.29909662596306,-0.2466025259671889
1075198,1.4394549735990287,
1075499,1.4394549735990287,
1075798,,
1076099,,
1076398,,
1076699,,
1076998,,
1077299,1.4394549735990287,
1077599,1.4394549735990287,
1077898,1.4394549735990287,
1078199,1.4394549735990287,
1078498,1.4394549735990287,
1078799,1.4394549735990287,
1079098,1.4394549735990287,
1079399,1.4394549735990287,
1079698,1.4394549735990287,
1079999,1.4394549735990287,
1080299,1.4394549735990287,
1080598,1.4394549735990287,
1080899,1.4394549735990287,
1081198,1.4394549735990287,
1081499,1.4394549735990287,
1081798,1.4394549735990287,
1082099,1.4394549735990287,
1082398,1.4394549735990287,
1082699,1.4394549735990287,
1082999,1.4394549735990287,
1083298,1.4394549735990287,
1083599,1.4394549735990287,
1083898,1.4394549735990287,
1084199,37.47964029149979,-0.957079615915134
1084498,21.342912458321354,-0.8335935177911096
1084799,33.288703394110705,-0.9352996240295468
1085098,23.713206026881743,-0.8497147969175014
1085399,16.65466166355304,-1.0888890831662619
1085699,18.00297789982618,-1.062540201947237
1085998,21.388943821147947,-0.8124370569813979
1086299,16.693196634754425,-0.9409674762228624
1086598,15.725672200006736,-0.7802483315350808
1086899,17.468092575809983,-0.9048990952286053
1087198,20.983876971141,-0.9057799643674345
1087499,15.826843735016524,-0.98093573754254
1087798,19.33847041137711,-0.8651182279668646
1088099,17.705164840099336,-0.8676795167786471
1088399,19.894801671087755,-1.0050428802992317
1088698,21.624660040569243,-1.071104850047309
1088999,23.60387633524748,-0.9563009783473488
1089298,18.449862346439616,-1.038373125760819
1089599,14.006644411009056,-1.023411840404873
1089898,19.881879386638687,-0.8636630258751559
1090199,,
1090498,,
1090799,20.41479428909007,-0.7560748719308925
1091099,1.4394549735990287,
1091398,3.5986984918682237,-0.5213236304537343
1091699,,
1091998,1.4394549735990287,
1092299,1.4394549735990287,
1092598,1.4394549735990287,
1092899,1.4394549735990287,
1093198,1.4394549735990287,
1093499,1.4394549735990287,
1093799,1.4394549735990287,
1094098,1.4394549735990287,
1094399,1.4394549735990287,
1094698,1.4394549735990287,
1094999,1.4394549735990287,
1095298,1.4394549735990287,
1095599,1.4394549735990287,
1095898,1.4394549735990287,
1096199,1.4394549735990287,
1096499,1.4394549735990287,
1096798,1.4394549735990287,
1097099,1.4394549735990287,
1097398,1.4394549735990287,
1097699,1.4394549735990287,
1097998,1.4394549735990287,
1098299,1.4394549735990287,
1098598,1.4394549735990287,
1098899,1.4394549735990287,
1099199,1.4394549735990287,
1099498,1.4394549735990287,
1099799,1.4394549735990287,
1100098,1.4394549735990287,
1100399,1.4394549735990287,
1100698,1.4394549735990287,
1100999,1.4394549735990287,
1101298,1.4394549735990287,
1101599,1.4394549735990287,
1101899,1.4394549735990287,
1102198,1.4394549735990287,
1102499,1.4394549735990287,
1102798,1.4394549735990287,
1103099,1.4394549735990287,
1103398,1.4394549735990287,
1103699,1.4394549735990287,
1103998,1.4394549735990287,
1104299,1.4394549735990287,
1104599,1.4394549735990287,
1104898,1.4394549735990287,
1105199,1.4394549735990287,
1105498,1.4394549735990287,
1105799,1.4394549735990287,
1106098,1.4394549735990287,
1106399,1.4394549735990287,
1106698,1.4394549735990287,
1106999,1.4394549735990287,
1107299,1.4394549735990287,
1107598,1.4394549735990287,
1107899,1.4394549735990287,
1108198,1.4394549735990287,
1108499,1.4394549735990287,
1108798,1.4394549735990287,
1109099,1.4394549735990287,
1109398,1.4394549735990287,
1109699,1.4394549735990287,
1109999,1.4394549735990287,
1110298,1.4394549735990287,
1110599,1.4394549735990287,
1110898,1.4394549735990287,
1111199,1.4394549735990287,
1111498,1.4394549735990287,
1111799,1.4394549735990287,
1112098,1.4394549735990287,
1112399,1.4394549735990287,
1112699,1.4394549735990287,
1112998,21.117243286559717,-0.6195036456777803
1113299,19.782867419629163,-0.6080243739313946
1113598,18.504610787816667,-0.5982600684456671
1113899,31.458605536296098,-0.8676745899281042
1114198,21.136410428888425,-0.5885409130242323
1114499,21.16872282425185,-0.5797905929475258
1114798,30.224337146414143,-0.605469106880222
1115099,56.532068427986616,-0.6055580247903314
1115399,79.69930047440025,-0.5217978261673015
1115698,1.5962909432710917,-0.2800098130933779
1115999,6.6645343714173535,-0.20181628556777476
1116298,16.821976745768648,-0.3101015223394932
1116599,12.186674758897748,-0.38260900500357176
1116898,1.4394549735990287,
1117199,1.4394549735990287,
1117498,,
1117799,,
1118099,,
1118398,,
1118699,,
1118998,,
1119299,,
1119598,,
1119899,,
1120198,,
1120499,,
1120799,1.4394549735990287,
1121098,1.4394549735990287,
1121399,1.4394549735990287,
1121698,1.4394549735990287,
1121999,1.4394549735990287,
1122298,1.4394549735990287,
1122599,1.4394549735990287,
1122898,1.4394549735990287,
1123199,1.4394549735990287,
1123499,1.4394549735990287,
1123798,1.4394549735990287,
1124099,1.4394549735990287,
1124398,1.4394549735990287,
1124699,,
1124998,31.327414548108592,-0.7377689782825947
1125299,55.93618030789099,-0.8965951347346877
1125598,27.630014728571552,-0.8689427460882724
1125899,28.903186137654888,-0.9062166998042849
1126199,21.55842584252989,-0.7534562614284104
1126498,12.972846131671092,-0.6898271011171024
1126799,20.961451357914147,-1.036525225156364
1127098,9.134614535286836,-0.47042058605481385
1127399,9.40314924066157,-0.44997087373067135
1127698,13.34204313324285,-0.7701298656834399
1127999,17.952742417972544,-0.6759713084720795
1128298,10.373291780981276,-0.7673588808883842
1128599,14.523850702029888,-0.8574796847379036
1128899,13.786484239169503,-0.6298314086313364
1129198,18.64334908706514,-0.8838831113094356
1129499,8.972060407805614,-0.7551677049383272
1129798,14.05630477513637,-0.914792268514586
1130099,16.981089715085968,-0.8001370846018172
1130398,13.680168507916987,-0.9072386567648392
1130699,7.370723032499533,-0.7158509581809274
1130998,13.575336802152572,-0.8516328179711179
1131299,14.675761625048409,-0.8137578130020289
1131599,16.923094669437297,-0.8751636117383552
1131898,12.347899613020367,-0.790891460729078
1132199,13.459899542205552,-0.7749054565902147
1132498,17.23092496347922,-0.8838564629716872
1132799,15.890981899944766,-0.9026749846886855
1133098,18.608245160213283,-0.9525279687395276
1133399,17.011957177543778,-0.9197358154939206
1133698,19.63419392031924,-0.8910574111922018
1133999,13.650492581207866,-0.8460733492941899
1134299,8.30751840134237,-0.7396323553675763
1134598,17.250539008891,-0.9443273702676718
1134899,27.240868892270626,-1.000810346032309
1135198,14.647908659671096,-0.684932868433971
1135499,15.247155145224335,-0.7079521600397003
1135798,15.65020621794887,-0.6315112737840975
1136099,15.103298541689618,-0.6461854278048969
1136398,15.361196549252108,-0.6027516043456562
1136699,18.52708586285165,-0.6908564927203438
1136999,20.406688010835442,-0.726719813495204
1137298,15.078478399025,-0.563716118432172
1137599,16.2034310813537,-0.5501725959191763
1137898,16.217785570670834,-0.564232982300825
1138199,17.232625467254163,-0.5591939575574763
1138498,17.79009989813148,-0.5586851128854173
1138799,17.63250365465694,-0.5398386722672541
1139098,18.528492350261107,-0.4962373083087317
1139399,18.94492174413611,-0.49447555661977627
1139699,22.97370373933545,-0.6456149432348717
1139998,18.21478040262916,-0.49393843980238494
1140299,25.736256260948874,-0.5128817196594588
1140598,18.757375590710183,-0.45531661185681016
1140899,32.32433357260628,-0.7378633294149246
1141198,23.267815377740536,-0.6075747778363372
1141499,19.29744145150416,-0.5084209958987249
1141798,19.091035868650263,-0.49204839581702675
1142099,18.94358079208981,-0.45765130315278224
1142399,20.09621961162711,-0.483581819709328
1142698,20.042579129793513,-0.5274755040049652
1142999,18.93511137248333,-0.5610221306062078
1143298,17.968992804939347,-0.502544008015243
1143599,41.522740957427835,-0.6062861137507569
1143898,31.601468013624796,-0.7765829618775846
1144199,25.39736794171713,-0.6746283695912068
1144498,17.13401974327731,-0.479845083314544
1144799,16.901068094351384,-0.5552281136189363
1145099,18.608642375034254,-0.528777570113151
1145398,18.38774090476111,-0.508477964133043
1145699,18.590561551740276,-0.46494879929648314
1145998,22.066344229758794,-0.5521342670175362
1146299,18.36678624204351,-0.6131052834606303
1146598,18.493958861242586,-0.6649845456383083
1146899,13.888116406339812,-0.5969479314832118
1147198,15.72306133494398,-0.6977135215027885
1147499,16.506312506501846,-0.6946637104166047
1147799,14.71552985305046,-0.662736050200111
1148098,14.642362845302777,-0.6664660825278499
1148399,15.693346079932402,-0.7197304121235093
1148698,15.13668393593088,-0.7205109076784895
1148999,12.688769212809719,-0.8069474991118968
1149298,12.615629475891318,-0.4616794924851937
1149599,4.1263411182743495,-0.47963396263003966
1149898,13.569333141610644,-0.7601003511163593
1150199,15.93087687036677,-0.2444387505940333
1150499,10.87171971504583,-0.8148795807937594
1150798,12.999285329842127,-0.6798073418423025
1151099,14.975262895420833,-0.6250896150794119
1151398,14.421270590247218,-0.6391852473493316
1151699,13.913959008939349,-0.6062440126871993
1151998,14.735458407379163,-0.6603637681857244
1152299,12.78115727428657,-0.6994717312219818
1152598,14.613517566356279,-0.643332526635672
1152899,13.872147735149996,-0.6882922929822417
1153199,12.145551739888422,-0.568946034309578
1153498,21.611873760332866,-0.5345040959711469
1153799,22.76960110713174,-0.7530880525431132
1154098,22.994864513673406,-0.5122517870011161
1154399,13.565212175259056,-0.5916080269994037
1154698,65.68273296030765,-0.44945108554825186
1154999,40.31723137728664,-0.3165922418991083
1155298,14.300597233536571,-0.5505302712038223
1155599,15.546644959055092,-0.5293205866430395
1155899,16.555815726538885,-0.6009589001629794
1156198,15.689233750696296,-0.5845764850964341
1156499,19.415986657215075,-0.648916255707952
1156798,15.683965583344438,-0.6966180929167385
1157099,16.36825109344861,-0.7081295150196802
1157398,14.663325666430094,-0.5977278329942219
1157699,16.468493018485642,-0.5302227325012157
1157998,14.995442469781942,-0.6166987139128424
1158299,15.417483734596756,-0.4731995192247507
1158599,15.689321364862959,-0.5211427775446564
1158898,16.559044430520366,-0.711834562309337
1159199,25.635366169009053,-0.8519158218193761
1159498,24.929889878147947,-0.836217954595617
1159799,23.512237301617848,-0.8843351637497188
1160098,19.510375381027313,-0.7868992848890723
1160399,2.6278555428256722,-0.31371689255823054
1160698,59.95596243422253,-0.45360976713127377
1160999,4.0492752543252,-0.2990645416780031
1161299,,
1161598,,
1161899,2.035088159835927,-0.4891369158302179
1162198,,
1162499,,
1162798,1.4394549735990287,
1163099,,
1163398,,
1163699,,
1163999,1.4394549735990287,
1164298,1.4394549735990287,
1164599,1.4394549735990287,
1164898,,
1165199,,
1165498,1.4394549735990287,
1165799,1.4394549735990287,
1166098,1.4394549735990287,
1166399,1.4394549735990287,
1166699,1.4394549735990287,
1166998,1.4394549735990287,
1167299,1.4394549735990287,
1167598,1.4394549735990287,
1167899,1.4394549735990287,
1168198,1.4394549735990287,
1168499,1.4394549735990287,
1168798,1.4394549735990287,
1169099,1.4394549735990287,
1169399,1.4394549735990287,
1169698,1.4394549735990287,
1169999,1.4394549735990287,
1170298,1.4394549735990287,
1170599,1.4394549735990287,
1170898,1.4394549735990287,
1171199,1.4394549735990287,
1171498,1.4394549735990287,
1171799,1.4394549735990287,
1172099,1.4394549735990287,
1172398,1.4394549735990287,
1172699,1.4394549735990287,
1172998,1.4394549735990287,
1173299,1.4394549735990287,
1173598,1.4394549735990287,
1173899,1.4394549735990287,
1174198,13.918413670321556,-1.0626443803829506
1174499,24.216819099826186,-1.3761147437360401
1174799,9.035031233909521,-0.953164040218103
1175098,11.954694396796093,-1.119971930893512
1175399,25.619535619189612,-1.1717895940173273
1175698,26.798634124863227,-1.1129829302874596
1175999,24.563023156305352,-1.1178970618053081
1176298,24.44724881550211,-1.1358875342964558
1176599,23.874553381180352,-1.4118361778745272
1176898,20.210463663930152,-1.404411880195573
1177199,22.67992227827526,-1.323281998137365
1177499,19.78394805907387,-1.1509366863015282
1177798,23.250093745752107,-1.119888417424597
1178099,18.660475546983395,-1.0205384746745492
1178398,21.675684554259053,-1.1348053502549398
1178699,6.042090874543778,-0.6966165199927983
1178998,25.08691302337017,-1.1366384651993986
1179299,24.172853066678037,-1.0900612956360205
1179598,22.001321323488227,-0.954321837712947
1179899,35.54408383928895,-0.9731682089279323
1180199,38.19708059991626,-1.509101313756593
1180498,7.8083268103701675,-0.9156948961065834
1180799,1.4394549735990287,
1181098,1.4394549735990287,
1181399,1.4394549735990287,
1181698,,
1181999,1.4394549735990287,
1182298,1.4394549735990287,
1182599,1.4394549735990287,
1182899,1.4394549735990287,
1183198,1.4394549735990287,
1183499,1.4394549735990287,
1183798,1.4394549735990287,
1184099,1.4394549735990287,
1184398,1.4394549735990287,
1184699,1.4394549735990287,
1184998,1.4394549735990287,
1185299,1.4394549735990287,
1185599,1.4394549735990287,
1185898,1.4394549735990287,
1186199,1.4394549735990287,
1186498,1.4394549735990287,
1186799,1.4394549735990287,
1187098,1.4394549735990287,
1187399,1.4394549735990287,
1187698,1.4394549735990287,
1187999,1.4394549735990287,
1188299,1.4394549735990287,
1188598,1.4394549735990287,
1188899,1.4394549735990287,
1189198,1.4394549735990287,
1189499,1.4394549735990287,
1189798,1.4394549735990287,
1190099,1.4394549735990287,
1190398,1.4394549735990287,
1190699,1.4394549735990287,
1190999,1.4394549735990287,
1191298,1.4394549735990287,
1191599,1.4394549735990287,
1191898,1.4394549735990287,
1192199,1.4394549735990287,
1192498,1.4394549735990287,
1192799,1.4394549735990287,
