,rmse,skill
299,0.3989524254346599,-0.7101019949647547
598,0.41329350776586554,-0.8490713590605516
899,0.333635541753451,-0.35572378264001236
1198,0.33639896337184766,-0.30545213978894714
1499,0.2815038402708362,0.11802401806494622
1798,0.37428029288448816,-0.3176517677972519
2099,4.39244262255849,-0.13278870192115777
2398,2.720994453479648,-0.21092928806397282
2699,1.4433976752867421,-0.15331392960779766
2999,0.36467843715018056,0.051745229148796534
3298,0.933113848075642,-0.3764614957163601
3599,1.5071837185457735,-0.19961932310365493
3898,0.488627547785626,-0.11080431259574897
4199,3.0423759436643563,-0.19857036299659425
4498,0.2796970355607332,0.40983577141931093
4799,0.11698431098232794,0.9165957200651097
5098,0.10074412221457811,0.8874061531481228
5399,0.10404966012308767,0.9098948494882391
5699,0.15633953364267514,0.8722884631577718
5998,0.3770171428462915,0.44254138344554617
6299,0.1897794125808946,0.8919727222078555
6598,0.1351758527636654,0.8976372762205178
6899,0.09173479514655138,0.9622844946252899
7198,0.11322829641603363,0.9484583848379762
7499,0.09954725325271756,0.9461372834808578
7798,0.1452116697209904,0.9180420762549139
8099,0.1771534739205426,0.9047680549531188
8399,0.11921249980178078,0.9004163756324146
8698,0.10903257308848753,0.9167491845151745
8999,0.07081718734406292,0.9709607715160575
9298,0.1258137414533628,0.8901419600671818
9599,0.15455932311026604,0.8425663699970642
9898,0.15851232799074333,0.8041183454457579
10199,0.13866174070886608,0.8568540497353989
10498,0.1620344297923717,0.8019414319283241
10799,0.22171502996671277,0.678025705225517
11099,0.22235126428800558,0.6769912600380913
11398,0.2240174725203995,0.7447435785928661
11699,0.2885027233114747,0.5859462922427228
11998,0.25452332096356867,0.7216020974145102
12299,0.3017944505359119,0.6172789973956843
12598,0.2660870283115759,0.7919792418085936
12899,0.26923241204730863,0.7733270948576991
13198,0.38398920891673316,0.7083375127200271
13499,0.892579979265113,0.18647370871233704
13799,0.4369613974037617,0.6655902158527972
14098,0.27749910637256425,0.887227676642013
14399,0.29681075374833,0.8711033770670102
14698,0.3109187431498772,0.8756089076552849
14999,0.5832820810392979,0.8004774753775991
15298,0.42364730559884195,0.8422043777899964
15599,0.4047200735799755,0.8327806691183703
15898,0.4681433675296341,0.8592160867191712
16199,0.29930415436901897,0.930173649814197
16499,0.36277770091066125,0.8965111771866209
16798,0.427008687312957,0.8572795376309144
17099,0.4021627885343012,0.9086326626992128
17398,0.4443174025221895,0.829652261325111
17699,0.3886674538067795,0.862656399416521
17998,0.4887878662069655,0.7790322291431778
18299,0.21985534456493397,0.9262760013399175
18598,0.2078113910442514,0.9387311950420013
18899,0.40119393391594393,0.8743514177850614
19199,0.226905034674794,0.913712751585964
19498,0.23402282143413367,0.9323598285644965
19799,0.21636235913873775,0.8984514871492779
20098,0.370126119934621,0.7631582112972612
20399,0.7077070013568174,0.41949543542482826
20698,0.186279700976362,0.9282574866642794
20999,0.2362711068990624,0.8275831072661561
21298,0.15222854748108025,0.8751760403789428
21599,0.07308130941276958,0.9787350021596506
21899,0.1219456855235629,0.9520909813870406
22198,0.14300355282509777,0.9233081478568052
22499,0.1557549350402752,0.9058246282947632
22798,0.07746641000989365,0.9735851808912304
23099,0.15248059288380603,0.9018776850047776
23398,0.0861899378626366,0.9680752541399641
23699,0.19524387610777744,0.8080119712816128
23998,0.13377103888186936,0.9115433057452272
24299,0.30692429244490205,0.7020630498174101
24599,0.1255767649801887,0.9045914541765484
24898,0.12423230293370952,0.9174943747553523
25199,0.1644845234690464,0.7977099730015089
25498,0.07158745779323933,0.967349094417439
25799,0.13068113215196603,0.8664270050865963
26098,0.14787282966655899,0.7712209275388382
26399,0.15441499388060445,0.7994950668184766
26698,0.0801839975720073,0.9501861463654099
26999,0.11859929177963248,0.8715193495005582
27299,0.1771538426494479,0.7582939328112925
27598,0.1516998605764145,0.8031115056836988
27899,0.12735633509680772,0.8758126657541474
28198,0.1479116998862851,0.7879240004684253
28499,0.14316836605228966,0.8085733446637089
28798,0.1899336594214765,0.5774442716433132
29099,0.1966438657339325,0.829300747902513
29398,0.10120436089529157,0.922747787594034
29699,0.12764612698324942,0.885503533932584
29999,0.14068859732323818,0.873559861433909
30298,0.1400111576269353,0.80272097224326
30599,0.1443419875500745,0.8089870529105025
30898,0.10799388362611985,0.9064985046119209
31199,0.19714313682200968,0.6551661539375162
31498,0.12401554397525877,0.9006724149216713
31799,0.07803203578466934,0.9596645480429615
32098,0.0951566774054829,0.9144011093271615
32399,0.11045936796729694,0.8660766462423375
32699,0.13121135405701864,0.7809295449655671
32998,0.2370513833802715,0.3762004389371957
33299,0.29400125640381597,0.4461234248158372
33598,0.6873559285348878,0.01349514008217867
33899,0.25042892885987655,0.4556674938737577
34198,0.5529148565530994,-0.07210906478054269
34499,1.2392401301768954,-0.24939002097719243
34798,0.36073162557856525,0.13012447993725096
35099,0.24153191802171786,0.30130173244672454
35399,0.23429151584607755,0.25504595692891696
35698,0.6951933277713892,-0.20986505234398312
35999,5.404616146297328,-0.15429604818566656
36298,2.0098061542661485,-0.26577742962592676
36599,1.1986968991296199,-0.2259703036003684
36898,0.4332232729280544,-1.0156475382204277
37199,8.429963425562192,-0.2441165851485918
37498,0.5906245355356101,0.07479656408248248
37799,1.0085881809791708,-0.06993443275133315
38099,1.2251250819251585,-0.07217435039199871
38398,0.371293924187301,0.1781565050430023
38699,0.2833626539635975,0.35332618390183057
38998,1.2838838613764878,-1.8638725384918016
39299,98.01644582845546,-0.5043035106850684
39598,0.15649242403243532,0.6872509488240948
39899,0.1293918466962912,0.7470464177989243
40198,0.1431720097942832,0.6419322628149402
40499,0.1643989474476146,0.664094634576418
40799,0.07440845546366388,0.9238429842400748
41098,0.06816350213987099,0.910393691107417
41399,0.08707692901261248,0.9121018177348125
41698,0.04640625125425311,0.9793931421363355
41999,0.04883368473720853,0.9784301752903636
42298,0.11520485322314523,0.8331997929438166
42599,0.16783325793210924,0.7345551011889357
42898,0.06420205403637805,0.9645861557160927
43199,0.07586156856630033,0.9520260428025225
43499,0.052610261847835474,0.974922019036353
43798,0.08665479730195082,0.8974512056133459
44099,1.0291511090880368,-1.3643137681941089
44398,40.525471213694956,-0.17951457499296208
44699,0.06197322812617697,0.9618380241814626
44998,0.15602829994481449,0.45216982739839706
45299,0.05639601602003452,0.9745126086826151
45598,0.05156520205742098,0.9768152009452522
45899,0.08292882508408046,0.9433315344612787
46199,0.05604886546136846,0.9693457672742783
46498,0.04100974291274389,0.9728973407705873
46799,0.052696882318834765,0.9751660853868527
47098,0.05257118058454151,0.9812951318620708
47399,0.0995896544605005,0.834014283999489
47698,0.15192217796954402,0.4542610948510526
47999,0.12327931483341091,0.8305103800703395
48298,0.4807872723688705,-0.2782619990021762
48599,0.24863872129710007,0.1618040004342255
48899,0.7740558987566638,-0.30469811895099963
49198,0.9310400273646425,-0.26438788458569307
49499,0.4360692128648805,-0.06121272859347893
49798,0.93589256551898,-0.2429540334123621
50099,2.1669402797625135,-0.21530886989177223
50398,2.8369752995570368,-0.21311681212410583
50699,5.103899890136783,-0.18349281413142804
50998,5.488146653630679,-0.19712792224699904
51299,7.694796528270446,-0.17140140941673954
51599,6.396106729755522,-0.1920550415943989
51898,2.9799467596414364,-0.2273517350622496
52199,8.366530226501997,-0.21533586690781825
52498,8.478630175496816,-0.22043259326072717
52799,10.169521639849657,-0.25863932535140255
53098,11.825557671417464,-0.2670290885253883
53399,8.147546953009373,-0.24077922359025572
53698,21.128690075434044,-0.2620895242500807
53999,39.6611906894542,-0.18828731351782846
54299,62.90322126652169,-0.2564931546277478
54598,86.98954389731101,-0.21201920331049373
55198,1.1840316173390484,0.2711211813796651
55499,1.8318449723005965,0.13149637689280647
55798,76.87064504510415,-0.24426907452303492
56099,51.654552784272546,-0.27023676352885984
56398,22.761652975349683,-0.2583959287945754
56699,9.178530883257505,-0.29295477426754957
56999,28.381961177081,-0.615600833583938
57298,0.1639047914358978,0.9821480951225693
57599,0.19989083992048517,0.9678833332340322
57898,0.11736312877857685,0.9891143266949359
58199,0.1248293533246061,0.985151150224214
58498,0.27714684866922595,0.9274050423047188
58799,0.2692061165732249,0.9277953132769111
59098,0.47587187037905765,0.8122790179989603
59399,0.48541874838751486,0.7656063278307063
59699,0.5092946745953792,0.8318418543657748
59998,0.3831915557904864,0.8136846334202342
60299,0.33063344030960956,0.8456305606083522
60598,0.3301209531297165,0.8640679505154248
60899,0.22922539090452945,0.8886173603647828
61198,0.641821185165251,0.24924842140661074
61499,0.5662102020852107,-0.021874449575444155
61798,0.12943549725512585,0.9324950745154759
62099,0.2073712217749042,0.7767029858853031
62399,0.22146772915938995,0.8304402135069147
62698,2.892234404663004,-0.35333181021203486
62999,0.2702360265979851,0.8102016476623201
63298,15.906528211286163,-0.3823973093624964
63599,2.389479608698896,-0.2214010555713659
63898,0.1871463427140136,0.8243170110961072
64199,0.11963212784434855,0.9432272891142884
64498,0.11694086175512049,0.9340586026277943
64799,0.07129631395222595,0.9798939859890332
65099,0.08437799243017782,0.9712155636033337
65398,0.05833998358024132,0.987895930740966
65699,0.04971994242099495,0.9909033028656675
65998,0.07896049973761161,0.9777942979945935
66299,0.08262547375193637,0.9749025461574716
66598,0.05334734162772903,0.984846197813076
66899,0.11036629383319244,0.9267523472191794
67198,0.5550633507241239,-0.07326793602902115
67499,0.07598277020266504,0.9627328087924365
67799,0.09851605759663173,0.9415998853304746
68098,0.07207408460842069,0.9794815413192566
68399,0.08114829356289709,0.9660206189268753
68698,0.10318324302542099,0.8905207208780722
68999,0.1415153129071046,0.8280858694078
69298,0.14334509247737756,0.8397254732855349
69599,0.1476645117669847,0.8170240657231054
69898,0.1109274180199184,0.9097544961599758
70199,0.06692533244713503,0.9647859061635212
70499,0.5872942132188265,-0.1821051319149154
70798,2.0198399071340187,-0.5861950117153816
71099,0.18665665425168848,0.8931203326302376
71398,0.130835892427562,0.9524488812197753
71699,0.08744559675171353,0.950591957364902
71998,0.09883212683652826,0.9350642894653883
72299,0.1392608114157363,0.9098815797147373
72598,0.15516205922002044,0.8455227824296833
72899,0.2099644120531831,0.7301408049262768
73199,0.39227625294560325,0.4765345020602296
73498,2.304887964540545,-0.18086024337508388
73799,0.10023538436433715,0.9374647317657596
74098,0.1762621002912222,0.7915628809982633
74399,0.21085203362547308,0.7148421202678985
74698,0.25224706262192326,0.686254408916223
74999,0.2544035875139371,0.6432416569661341
75298,0.20314320715309933,0.7669658217614512
75599,0.2730045453637961,0.6467260933025585
75899,0.24274841549024526,0.6994183980807908
76198,0.10457539925753684,0.9534108480844868
76499,0.3607904023330383,0.7655671540166408
76798,3.7588148105623507,0.027347777402108364
77099,1.0386593545777023,0.39672881006954674
77398,11.429477812314904,-0.1264679721988604
77699,1.110774654802589,0.39288205565657086
77998,2.603447101663851,0.10546192696537127
78299,1.5605004258429487,0.2101013595124822
78599,7.427950926823398,-0.06268640096365363
78898,18.665500376735558,-0.1255074291212337
79199,8.358933892569725,-0.08471298324036614
79498,43.331379698341294,-0.158101870497094
79799,39.035889853839436,-0.15268529872252978
80098,43.24126351157372,-0.2289622708258514
80399,26.929463251883263,-0.30336799553394056
80698,2.655620647517212,-1.4643045196793718
80999,14.900613692038768,-0.2545374030117853
81299,101.21622947466638,-0.2702003463876894
81598,8.041736442643373,-0.15596528705791313
81899,0.193534041711226,0.8051452538638724
82198,0.36810760465638453,0.31692827121957723
82499,0.2174139725810328,0.6654898192755985
82798,0.29005597632085206,0.3451814299114785
83099,0.3289839548783231,0.0784795374177083
83398,0.3318744571221328,0.06786558619571026
83699,0.27499674742307106,0.23838492080567075
83999,0.26263096782385204,0.2982403099483324
84298,0.2020469644688502,0.4383794097231225
84599,0.2826708128154812,0.22770437605746807
84898,0.16060574631660593,0.594219521853377
85199,0.2149018246555979,0.3749950219589371
85498,0.1658111544497819,0.4608513084445639
85799,0.14126678775036386,0.616184777197734
86098,0.09635584641760726,0.7832447383827584
86399,0.1367917003807104,0.6394422570661137
86699,0.12777250705164772,0.6634739332519886
86998,0.13869239709742207,0.5667628153497388
87299,0.13761214897137458,0.5732648522602788
87598,0.1087795985479652,0.7586149359449801
87899,0.07618342706502321,0.8403548128713672
88198,0.10596634868803348,0.7278329119612412
88499,0.0859094134974068,0.8856875278415325
88798,0.08444945550380184,0.8768408773993525
89099,0.07993722981624862,0.8800269969102773
89399,0.07489652680057955,0.8967507871568932
89698,0.06208232227050118,0.926904111859941
89999,0.08071003577680629,0.937983534844567
90298,0.07031534881134133,0.9371108551537075
90599,0.08518214778218271,0.8995054210219852
90898,0.06342123203393699,0.9416375927889704
91199,0.0834920257552778,0.9440084879401061
91498,0.1939366057057495,0.6555469035757455
91799,0.6748072556486556,0.0708505114000978
92099,0.09030571697163095,0.9438364454328344
92398,0.07032819708835267,0.959978432323893
92699,0.12016174158867646,0.7819652261600577
92998,0.05426816836259414,0.9774473232974712
93299,0.23422889658427748,0.6105373012680919
93598,6.32405466766151,-0.15883463670769604
93899,0.7658216690552657,0.020281308591615588
94198,1.54835318364674,-0.06524235314936244
94499,1.8530271819214816,-0.2223414516891251
94799,0.961232967336541,0.07994728631360137
95098,7.342893455097914,-0.19773525869836583
95399,2.288473741347507,-0.08686385885449521
95698,3.0209578609302374,-0.08951274327316883
95999,5.88948444263387,-0.06684273500064442
96298,5.960550835645352,-0.06348463584021125
96599,4.95831235824701,-0.06831982096784195
96898,5.715778062142759,-0.0792478185330503
97199,4.935983732632945,-0.07971199298264398
97499,2.4877352306957694,-0.06198967910030406
97798,0.8747297690645952,-0.0791785790125914
98099,1.0395555442189763,-0.06912361284361213
98398,1.9093126928611506,0.10740729967531037
98699,3.4710260378269147,-0.12407533143303207
98998,0.053606247368155426,0.976455304733286
99299,0.07902221091201098,0.937303457289937
99598,0.0900007483060972,0.9198410980169422
99899,0.07623586176395408,0.9276971822413199
100199,0.09628208854677389,0.8904598557815745
100498,0.12170663421946021,0.845093469376446
100799,0.12110472839258381,0.8255764667729927
101098,0.12286808390934012,0.8323387722646337
101399,0.4643630898102329,-0.01244090129438713
101698,10.123715200153349,-0.21418503215645557
101999,0.1991234835016274,0.6339730552716245
102298,0.3934182388406937,0.013764619326810168
102599,0.5136520032523899,0.3721506592969901
102899,0.10912873443898016,0.8647107909071257
103198,0.12251885738033584,0.8086787241901797
103499,0.10204616100288151,0.8593800503095604
103798,0.06793613387698119,0.9467950519967474
104099,0.09699434255183804,0.9444922841140208
104398,0.1372784347471981,0.7961085484770547
104699,0.13392754950427455,0.8455752126110012
104998,0.08129025213547203,0.9383382115147085
105299,0.1149170372104565,0.9290093133456873
105599,0.05594410078369039,0.9803471816855033
105898,0.13849746269436072,0.8335592860603718
106199,0.05227362502047234,0.9793041047908626
106498,0.03859322442975528,0.988847540546483
106799,0.06947602375332335,0.9527927409053769
107098,0.057690654247796735,0.9772068638143119
107399,0.07561271468413902,0.9583654764470332
107698,0.05357121111869455,0.9782662981347375
107999,0.18315786953450222,0.7666904831468184
108299,0.35151458493441823,0.3013491321378813
108598,0.15500048084489718,0.8146414288532549
108899,0.1821004040157933,0.7301109112662083
109198,0.1428637020860549,0.8247479469489408
109499,0.1716541718383384,0.7568745853039192
109798,0.12659916169984547,0.8567641241399702
110099,0.19236417257781593,0.7406949644690322
110398,0.17799931583004722,0.7990087617154086
110699,0.1530755943383263,0.7598122618236808
110999,0.13780744806588052,0.8574320155094617
111298,0.19732589156339964,0.6525609970981415
111599,0.16999612324856317,0.7349748632248297
111898,0.21537193133971344,0.5459024984788292
112199,0.23086773583214745,0.6240656086605447
112498,0.11800907326020914,0.8610362898833386
112799,0.1912833768228916,0.6305844275336936
113098,0.19397031819971197,0.6827220964714533
113399,0.15124026520641712,0.7727691692170953
113699,0.30352026533222387,0.4014803299662766
113998,0.2681027426264707,0.5328897999124245
114299,0.16799216554012736,0.8148593741908783
114598,0.23364391090915937,0.6479179416906924
114899,0.20146405616124902,0.7552360405305387
115198,0.20530770513540567,0.7185024912989811
115499,0.24447607793383666,0.6184305544900821
115798,0.2961052489752216,0.5281552180227354
116099,0.2848203022368977,0.509920655368297
116399,0.24018105408168486,0.7081840271836655
116698,0.18196392104915976,0.7374102081465651
116999,0.15128469706508796,0.8538666386568112
117298,0.17816015475282715,0.7792422208408055
117599,0.14408507929156028,0.7384165279599832
117898,0.11634605463005482,0.8666886235966329
118199,0.16388810609720514,0.7691401120010606
118498,0.1478929685125928,0.6863414145982882
118799,0.17974828663061823,0.4402447670811088
119099,0.1687975288475836,0.666676865258585
119398,0.20815959139065798,0.1971953844234704
119699,0.18717735011084316,0.7338969993840625
119998,0.26969597377378124,-0.6501819652413239
120299,0.1778063381239935,0.6418764345515428
120598,0.17633045414230233,0.5669639471193056
120899,0.1759690633304594,0.4413055959039146
121198,0.14610382654566362,0.8042445049866949
121499,0.11915834135027276,0.6762565446345872
121799,0.14847878675420398,0.5269478458933016
122098,0.16087921390892732,0.3648046411825695
122399,0.14470539886314868,0.3652552683983351
122698,0.24887368853641456,0.02683367536064174
122999,0.1622212208566522,0.22333189147785526
123298,0.17812661068713898,0.1923103851164033
123599,0.1438135778131562,0.398802832232904
123898,0.152508406629319,0.2592813751477707
124199,0.11440841035032004,0.4698781464254874
124499,0.16758271528691876,0.15559509458784204
124798,0.19787298277686888,-0.11339265291342171
125099,0.17434483985879914,0.13452284919411728
125398,0.1411982947397884,0.22201296230897727
125699,0.16672423791803914,0.1128816040028211
125998,0.08168742955861774,0.7668627105978388
126299,0.10513087368732417,0.6354168621294165
126598,0.09622105217808635,0.6228734766890751
126899,0.09894502004849383,0.6746730702139622
127199,0.10260549635342217,0.6112553239208256
127498,0.06876725695373855,0.7926002130321552
127799,0.07962720063398018,0.7706885578154797
128098,0.05888975284504842,0.8864194991468689
128399,0.09104439309649054,0.6865302803438638
128698,0.15780902732318097,-0.13848922470670577
128999,1.603958598676067,-0.1702818903618597
129298,2.454502077017026,-0.23503003555243174
129599,0.8141609950597721,-0.23019163960337918
129899,0.8122927182164017,-0.3382489337012369
130198,0.21215932586614417,-0.004384414235957923
130499,0.07016687327907088,0.882588897575853
130798,0.1928875003155809,-0.07008433103505096
131099,0.27960549272960983,-0.32911588062929886
131398,0.10846633539713496,0.6172627325166568
131699,0.23898029412808042,-0.24554785990752537
131998,4.574123263391515,-0.2809546530956588
132299,7.81420928998114,-0.26387378817578555
132599,0.7798247202241415,-0.33863899229437755
132898,0.786574273044203,-0.41869692693685256
133199,1.6535698939073458,-0.29965876782462053
133498,0.4878450115868451,-0.4037436467833544
133799,0.1915281263478501,0.06305182383676555
134098,0.3526882879210129,-1.8003418183970776
134399,1.7815885135589085,-0.30957855691210234
134698,0.5126872362275656,-0.22850566338327805
134999,0.29707473436665016,-0.9443559980226475
135299,1.6351967532300509,-0.32887855821974243
135598,1.29452287007267,-0.32641752092110576
135899,1.322427823976913,-0.4133743715698801
136198,1.5994101342058205,-0.5031263477848567
136499,1.0008922831700309,-0.3845936753770087
136798,0.06254749487762658,0.9668983740064112
137099,0.161151454488771,0.6216170075212577
137398,0.7685647556963163,-0.3368029567371431
137699,0.3015806271033329,-0.1639980142313695
137999,9.83692269324147,-0.24345615960494094
138298,126.52271744130222,-0.31224466103601123
138599,0.07636684438722731,0.970438853835574
138898,0.07522739125938556,0.974468686625433
139199,0.12140223809259745,0.9446256963231171
139498,0.7282541855690532,-0.3512943098034671
139799,1.021667609942124,0.02400019729072389
140098,4.8089952871260815,-0.16329526095009594
140399,8.569116719016344,-0.1559059341398783
140699,23.487522626321223,-0.2858117729962437
140998,2.3419253483154043,-0.2975458686236576
144599,25.287504140622246,-0.27633035133871253
144898,3.7141005814216674,-0.5357994954938055
145199,59.89705016123513,-0.581316239244861
145498,12.417859715382018,-0.5818257761387671
145799,4.285766524683224,-0.35191875154049423
146099,0.1515202893098059,0.961329275360491
146398,0.10961555533465839,0.9820930225811647
146699,0.15076492310718242,0.9766213169431593
146998,0.18812314392447316,0.9409588594492917
147299,0.29623754552461745,0.828054933772197
147598,0.34605757573142903,0.7596363317436369
147899,0.3788880040925771,0.7125596280419031
148198,0.388324206235207,0.6506965324735849
148499,0.548714139696913,0.45892667597784975
148799,0.5992294977069255,0.1523852767787568
149098,0.7968028354218517,-0.44209341243561173
149399,0.33493639381456913,0.5061637279347584
149698,0.32942234479087873,0.36813339540905654
149999,0.10299234865116726,0.9443045055470637
150298,0.11570499082495611,0.9111878931112821
150599,0.19561989772454796,0.8566012550337561
150898,0.30482496682957116,0.6017053208909274
151199,0.24663885313294268,0.7636562991175139
151499,10.58600423084825,-0.37430187818792704
151798,0.11445758929533716,0.9048422042371679
152099,0.4271341562846767,-0.00484218946667303
152398,0.06287948261660833,0.985629538181601
152699,0.05937592286956228,0.9840372448008767
152998,0.1270998265533404,0.9016946484698961
153299,0.26830844923481467,0.6979595674156589
153598,0.21732485742290752,0.6523954025673184
153899,0.13829075558266082,0.872731881388365
154199,0.21396163883081082,0.7876345548106835
154498,0.600537879443989,0.2535248942620023
154799,0.09351725419587825,0.9392745499080458
155098,0.1254701389160757,0.8499226659466675
155399,0.9617445899765537,-0.319552735943913
155698,0.053567350061399316,0.9693253424549471
155999,0.12876981711623336,0.852182470521451
156298,0.44622690770216106,0.3947541306034025
156599,0.058731378936484405,0.9709251252362215
156899,0.06483332506737893,0.9741908321301227
157198,0.0621607042554175,0.9749542750364145
157499,0.0868175984112028,0.9478652719415614
157798,0.07987366624052646,0.9305191240007364
158099,0.09075408781538968,0.969782905137942
158398,0.07835766948183912,0.9796257565513228
158699,0.291865221779515,0.7868719790712355
158998,0.37240268502598284,0.7102119967296578
159299,0.2114762633225915,0.8566845336803993
159599,0.17729787730125376,0.9367026730818665
159898,0.1303099098193761,0.9489517980723082
160199,0.3501851175964575,0.7945789360732293
160498,0.26875636343162024,0.8183454084926237
160799,0.19497507592256658,0.9171234662807473
161098,0.14559809443726185,0.9318287290082049
161399,0.14222076741509354,0.9491886727186206
161698,0.24021477688289947,0.90254459112741
161999,0.2637207007819564,0.9002343821360905
162299,0.3490716078846858,0.8362591308827616
162598,0.42459749206024583,0.8072097597278338
162899,0.8953467567424327,0.3618012414702897
163198,0.256616583031993,0.9089574582576179
163499,0.15895460762611943,0.9296149821967719
163798,0.16663852856655248,0.9176734681871007
164099,0.15396953622328782,0.9309085687550943
164398,0.1748680844080971,0.893396712365738
164699,0.19711075719311016,0.879311713833651
164999,0.36605701712693295,0.7045401325324172
165298,0.608021225300004,0.5324835517901516
165599,0.3038261324515919,0.7919335545049091
165898,0.5383907885982538,0.6455896787374156
166199,1.125433630344561,0.14497882114885507
166498,0.1593412249845006,0.9227035977727143
166799,0.3350764231718803,0.7108290151053036
167098,0.21717201744104483,0.8716307603160527
167399,0.3720518032738334,0.6524548647212842
167699,0.636714855361993,0.44818722534256694
167998,0.42271116847316226,0.6961088589349125
168299,3.893989779414744,-0.035493725662006925
168598,4.33397632320682,-0.04456482757755187
168899,7.758244809344906,-0.14231548321619814
169198,45.17137186591832,-0.33056142075210393
169499,83.11415753211976,-0.40642355242729655
169798,41.23610477094712,-0.42581018142567095
170399,14.85911505018128,-0.2903931917709186
170698,0.14490431994269282,0.8804785919313898
170999,0.30134598472730684,0.5889451462848763
171298,0.27104416171002543,0.44592576010941876
171599,0.3458196722406434,0.27171023249390025
171898,0.6333840665139422,-0.06735525211883009
172199,0.3264769102176521,0.21866221896235372
172498,0.23050815874870034,0.2804292668924072
172799,0.23543221366672748,0.2918963594797448
173099,0.16747508524444768,0.6811328447319662
173398,0.20517359893138412,0.39432404056582415
173699,0.15166580937108265,0.7249959918385473
173998,0.10956632253628636,0.7791440698097684
174299,0.08803052556627691,0.9053207747745158
174598,0.2559314605194273,0.6017800935850048
174899,0.3567028824500714,0.4647195467423131
175198,0.11569652364777706,0.8034868443631432
175499,0.1033916832627135,0.879139958661345
175799,0.10181098203604508,0.8800088464185055
176098,0.09719483315760508,0.8990928926363282
176399,0.1030523648092503,0.9349835217667396
176698,0.22891100448862783,0.6230246219033155
176999,1.032716949333243,0.14261356353760146
177298,0.06699757479960262,0.9453823288875282
177599,0.08499908830602049,0.9433733095954097
177898,0.12308798670974443,0.8650256751068821
178199,0.08928848590152366,0.9176425799921594
178499,0.11866082520981486,0.9072633045014773
178798,0.09341987473211631,0.951091076023122
179099,0.19733419600583132,0.7596816843043603
179398,1.6850588052816553,-0.029129509416218724
179699,2.5019897076566573,-0.06893006415139213
179998,0.5063434616722494,0.2339375910282948
180299,0.38953127807106097,0.3752895007927549
180598,2.2792204965059533,-0.04296089419929405
180899,1.0011507063363148,0.21850693435729507
181199,0.2020718255690875,0.7782517116355635
181498,0.5338312520442232,0.5295330495972097
181799,0.4152719753744905,0.3189835591023805
182098,0.28966463271482024,0.7480561410716535
182399,1.5814404919903877,-0.10152850259767421
182698,0.598580142642149,0.26716206977612456
182999,0.6847154089168204,0.14976095719421012
183298,0.5982111708469833,0.46608861958885295
183599,0.7289574508955102,0.4227888710489598
183899,7.792422233010569,-0.35043046196554184
184198,3.0050735303110243,-0.029817889002426767
184499,4.1904644555113855,-0.3125945736640734
184798,0.781376730911933,0.32256629938952697
185099,0.3476940500921583,0.41383864155895556
185398,0.343709226030225,0.6251263798693223
185699,1.5037551848812136,0.00926629410129809
185998,0.06733198553343904,0.9686208180822437
186299,0.2586323987289268,0.5446757435269962
186599,0.4159970945242747,0.5900142017654377
186898,0.6587423086223881,0.03797281097784444
187199,0.4202307352999659,-0.13824937285472583
187498,0.8054934994743945,-0.250191519185484
187799,1.2835499845724163,-0.17375613009234558
188098,1.1735502528938933,-0.2727036945168919
188399,0.06787393624757168,0.9723549516754695
188698,0.058885928971269284,0.9765010915628635
188999,0.12698069590407174,0.8437690338344052
189299,0.10532895068649671,0.9071845754565353
189598,0.15345250055195667,0.7575032981694247
189899,0.1986535474801683,0.5924563816942567
190198,0.1756026990205245,0.6798344776891734
190499,0.21056859913269216,0.5661285395899667
190798,0.22285160709518786,0.5227445722117038
191099,0.24982622925790704,0.48155303482241585
191398,0.3348871153542237,0.3663817866644685
191699,0.4696006343236021,0.1396956821280354
191999,0.39116051865135604,0.25366930140932853
192298,0.18751877580507947,0.8241683107954693
192599,0.2176895896849812,0.8469903157858678
192898,0.3996694931015275,0.48526792799144314
193199,0.7279891292381322,0.1998042488819335
193498,0.2681090096560661,0.8497276851433209
193799,0.5345819452707679,0.4498807363407793
194098,0.13582828666407795,0.9429276642645085
194399,0.12283537649198643,0.9732309320766731
194699,0.08322407889833751,0.9834906177393883
194998,0.17224941226071774,0.9345539962636268
195299,0.263605636460765,0.8712400545948733
195598,0.2874372249686665,0.8005115494755188
195899,0.3658848076930854,0.7924959004967234
196198,0.1700991109838966,0.9285048592353902
196499,0.13108690160387435,0.9428916236114747
196798,0.20702514042719122,0.8653935805602311
197099,0.19420109294974777,0.8674405561383122
197399,0.23397630094786553,0.795006938881138
197698,0.42959072262947806,0.6331277378525071
197999,0.14478357553789736,0.9197126014261803
198298,0.1516397687795213,0.9476153995528802
198599,0.154516316653566,0.8919220717282794
198898,0.11907095578842536,0.9358953982110098
199199,0.0813990120129722,0.9700411353291226
199498,0.08959639800838551,0.9578509038064813
199799,0.08620380969151371,0.9755050229378073
200099,0.08822273763211852,0.9629780690651293
200398,0.08734130134081217,0.9268431111655054
200699,0.09181804570880112,0.943555030376293
200998,0.10432532628800313,0.8760877153217651
201299,0.20953855259227794,0.731673454657062
201598,0.14923325906731816,0.7457584984021235
201899,0.0778522724196617,0.9138950840973155
202198,0.13195954847229469,0.8391036132767448
202499,0.19806160616286453,0.8053760698360852
202799,0.4965560172805813,0.33490594294199516
203098,0.1597321302614638,0.7591824704690339
203399,0.1857575452533426,0.8086081327381525
203698,0.14485674048716898,0.8628035995012318
203999,0.13803383590017776,0.8894536694176048
204298,0.11155791764898863,0.9292569802803767
204599,0.19402837466313283,0.7705297494724863
204898,0.11868964913225098,0.903537140587482
205199,0.15013476490376604,0.8262541352148103
205499,0.15893818349241595,0.8610067512777145
205798,0.14411119751850376,0.8643892872934358
206099,0.20004460984603767,0.71696696347051
206398,0.1665657453624337,0.8154447588317555
206699,0.40559930419593004,0.46887566550110404
206998,0.29604076135514823,0.7216671596120457
207299,0.18995109671823718,0.7683275866226771
207598,0.1708662318683888,0.7095620316584269
207899,0.18125978607991536,0.8148029890373831
208199,0.18882440900737996,0.8305906140916983
208498,0.2972850702621551,0.6289669873613157
208799,0.2213740480455092,0.6048917624215671
209098,0.23649147235892476,0.7475754185145786
209399,0.5411423881849131,0.2927537953043121
209698,1.918346732237224,-0.10869020724456502
209999,1.3463803977948003,-0.0797864277952487
210298,0.9275522899400749,0.03148679360682538
210599,2.27219850246788,-0.1551843178686516
210899,5.696120459874313,-0.20970623940111377
211198,0.34860042561026505,0.07456288730092464
211499,1.1377046191890567,-0.10436259352838939
211798,0.980455138640709,-0.05829815399535643
212099,1.3038969443531476,-0.1251126758465242
212398,0.623326746750909,-0.11483515817020407
212699,0.6669694660665969,-0.15174590387962272
212998,0.22165316876597024,0.033354221715413135
213299,0.14913268594496637,0.3626365672711871
213599,0.45889625104681503,-1.0610683467815147
213898,1.2043982419881039,-0.2888122396700443
214199,0.3195935697490762,-0.2817811155476049
214498,0.3979133443594654,-0.6024935565125988
214799,0.39080832105171703,-0.5210951032807984
215098,0.7135253078528656,-1.4477947690711428
215399,6.21643875914018,-0.505612633104114
215698,0.08079174037959197,0.8577906956978959
215999,0.10762680845671571,0.614926931389716
216299,0.12537615692452075,0.55472086267078
216598,0.09756655197737724,0.6852457034505522
216899,0.09358757553147584,0.733597067979449
217198,0.27484158368465045,-0.9168546767028665
217499,1.0772854946370123,-0.22124218090352787
217798,0.45426051651485344,-0.13520279800760915
218099,0.28554350767520326,0.18091290152208683
218398,0.0546873370991199,0.9072067263634611
218699,0.047145340553225425,0.9569731011347173
218999,0.061266288513241535,0.9264026350326363
219298,0.0789002634939211,0.9113284995470954
219599,0.046506020449849535,0.9659620546103271
219898,0.05446030011744193,0.9485079479938807
220199,0.07356671946059518,0.9095128695064858
220498,0.06807940955736651,0.9440098256505184
220799,0.048348747994808296,0.9674584998964916
221098,0.05953370903994268,0.941263583090599
221399,0.45506522537685323,-0.18991593498677206
221699,0.08497146915047527,0.8672341773523959
221998,0.30682464702722306,-0.0560797742556407
222299,11.963605619776787,-0.21547357342722617
222598,47.66052298383223,-0.31249462161170594
222899,38.417365775586376,-0.3017354382036448
223198,59.00522578286262,-0.24080664349112801
223499,29.747358772399,-0.2279371473763725
223798,33.387870210980395,-0.2313914247581752
224099,40.493314261076826,-0.2664562726124533
224399,43.420565951208374,-0.2567782630901927
224698,59.854893736654816,-0.25141542327996813
224999,107.46333854581961,-0.2712060178068174
225298,160.09361149414678,-0.28479128869178405
225599,111.76576396705178,-0.28270718706071474
225898,107.60701529970703,-0.23575277548527462
226199,109.77183041033784,-0.27896825386138846
226498,64.24299008686482,-0.2736390678442724
234598,4.832005208343407,-0.2529913874749643
234899,55.860014969023375,-0.3441334940420562
235199,9.02332418088159,-0.3344602653095281
235498,15.936133115222638,-0.3006296839277538
235799,12.928912018415184,-0.32653883674018025
236098,12.087859928515812,-0.3463283534284469
236399,0.5475108172606579,0.7163368831916286
236698,0.4326212191513097,0.8041347590867881
236999,0.9992723791556141,0.4103404950424343
237298,1.1821747174481967,0.24616403828555045
237599,8.629916318224046,-0.41734764760167153
237899,0.9324560736435428,0.11553251161545475
238198,0.5497158545641473,0.6013584665140884
238499,0.7938224477349262,0.4234038585000566
238798,11.313569152249697,-1.1954531576121639
239099,32.40522900759229,-0.5188553096735347
239398,5.362134703829464,-0.19902357813134164
239699,3.985778003691266,-0.19060274664952082
239998,18.859522726645874,-0.3325584180823482
240299,7.082348989492889,-0.5568036306077324
240599,2.1343719639922285,-0.2105607695601346
240898,3.7155493482381416,-0.32862365993170983
241199,11.853012018722573,-0.31532698190598296
241498,3.319984625722248,-0.285907679540893
241799,2.5065214383825474,-0.2656168081400856
242098,1.6913392916004337,-2.5342870019792696
242399,8.157407092541764,-0.5116548340012226
242698,13.215140349408905,-0.5907581447221382
242999,16.56472706927773,-0.44747409106616964
243299,20.096385766361347,-0.5343280043168699
243598,21.318128484238127,-0.4835869182545043
243899,12.524513800851121,-0.3834537407115508
244198,14.254879148704443,-0.4926436014233573
244499,22.201954376330235,-0.4000127516595424
244798,40.52067383518321,-0.2802532504859141
245099,32.77736834556173,-0.6064259297923211
245398,33.13174542289873,-0.5669613823712056
245699,27.01292354005006,-0.3487088326214318
245999,22.593763239120463,-0.411653037532995
246298,55.43160878064951,-0.34111527678120623
246599,57.043260549900914,-0.40862731565586197
246898,86.44075984968633,-0.2533935436876029
247199,47.16503898848396,-0.4036672701807411
247498,33.452857784778466,-0.5804914128359426
247799,4.373331230105502,-0.37489897247010684
248098,42.7142327601191,-0.2311301755549553
248399,17.140220278481255,-0.2590230620958065
248699,11.093617156603763,-0.3261903008594267
248998,3.8273266125497623,-0.16140766253039418
249299,4.722551789197436,-0.12800349764663932
249598,4.67703368692146,-0.18725152708619874
249899,6.504114914919399,-0.21390204463857354
250198,5.907422536399981,-0.1803225807440454
250499,7.204130864376294,-0.25676208874561035
250798,7.747425740569856,-0.2504285203494745
251099,9.40837644519971,-0.2757798481097171
251399,8.767293744699298,-0.27306505689693616
251698,7.62924883055732,-0.2141492982892237
251999,10.15204560738873,-0.1767860327671451
252298,9.317736874515544,-0.20338981313297633
252599,11.972655886060872,-0.1970707848329103
252898,3.693647920335169,-0.027814278054723918
253199,1.1264987300589908,-1.448081604340297
253498,1.5364511038647217,-2.581767375078523
253799,1.585662789654393,0.026984591199965213
254099,1.9754081438338045,-2.888795805175023
254998,1.8978373156177044,-3.6490972048299986
259499,0.29185494961742126,0.8718449416347054
259798,0.26358206143214113,0.6633943677813466
260099,0.26011045264461374,0.7818454168372648
260398,0.2835014961413581,0.8372889438700216
260699,0.8889225415931724,0.4448451834600826
260998,0.253347422314243,0.8194320156280026
261299,0.20478511164082228,0.7008418016531481
261598,0.1877807912673737,0.8812245236035612
261899,0.13411332095684425,0.8971161521416986
262199,0.16614506183226116,0.8624161570178346
262498,0.14208494590265042,0.9107993400739679
262799,0.09985051908152759,0.9434743866244231
263098,0.15214454700978194,0.8534505538869882
263399,0.4255308649326736,0.29494967320512877
263698,0.48254641704435475,0.5322766313571426
263999,0.1341714527197167,0.8663252079052759
264298,0.08921934724672326,0.9231790919276068
264599,0.14302687897984312,0.8006818443663072
264899,0.16844503471939282,0.803294829497789
265198,0.08189000394453844,0.947546119204992
265499,0.16640061563570865,0.79857779880603
265798,0.07848705257004857,0.9439150993523856
266099,0.462825243418598,0.2858146503153577
266398,6.2335276463151486,-0.17832672926826776
266699,0.17957815981979564,0.8997512463758333
266998,0.15334349421537763,0.9468692165548642
267299,0.14078219858729268,0.9135325723130946
267599,0.14267973613829732,0.9172670442460982
267898,0.21855567628479636,0.7999784461333755
268199,0.46045047150299406,0.6442115892060276
268498,0.9677459696225874,0.33870413542596
268799,0.6486532066431754,0.5703793652931552
269098,1.205650281898453,0.04777423567563388
269399,0.06670861237008785,0.983502255994509
269698,0.28347642086482133,0.8042807781501189
269999,0.4845935109929078,0.6386607877530117
270299,1.0583568939494308,0.02224171104478545
270598,0.291365337628051,0.7775266618322858
270899,0.18809599134219196,0.8902707263349039
271198,0.5326141244029655,0.6461667746615842
271499,1.1824920214870416,0.054503112337241255
271798,39.0925028066724,-0.37434354701510686
272099,0.31871175852036937,0.750604389086983
272398,2.255952953608769,-0.08376289965259853
272699,0.08135962986638587,0.9770199846798269
272999,0.08891065647500737,0.9698672952302749
273298,0.1395054200729534,0.8558669880745668
273599,0.10292819923921939,0.9721034801596188
273898,0.056842427756657016,0.9895081963422158
274199,0.0784518212103555,0.978698563107856
274498,0.06996633431149986,0.9789198516554743
274799,0.11722128839751152,0.9527023862056916
275098,0.2100604378847485,0.8878598634259031
275399,0.32173419357987426,0.7859892184898074
275699,0.2577701377258925,0.7851840751534321
275998,0.4297059982323912,0.21910227829963325
276299,0.4435883428425761,0.2306248102163566
276598,0.1564913832992437,0.9274683172663313
276899,0.6934533153400675,0.02285097053909302
277198,0.5253608308226841,0.08646928170456858
277499,0.3816647679221308,0.7499237786052659
277798,1.4089222941810329,-0.2542867293045492
278099,0.16632921162516806,0.8749913202806168
278399,0.1739186409693395,0.8925739875824037
278698,0.510961872002769,0.324593291213479
278999,0.2857730878534657,0.7440040243340668
279298,0.3862385323941839,0.6102407821508262
279599,0.49482742832948656,0.4551582415476638
279898,0.8241226225935439,0.17937296461001895
280199,0.3897906761161774,0.794533489390984
280498,0.3361864730959948,0.8839745762049039
280799,0.44358510051673355,0.8058831164586485
281099,0.30258147830943555,0.9301763635308948
281398,0.24016231449531494,0.9603270745291568
281699,0.3927854705612136,0.8839570169646834
281998,0.2699781200022519,0.9476211244870282
282299,0.4980593974261532,0.8709430929443458
282598,1.2539721956420637,0.6732615546489565
282899,0.22112995455239434,0.9837087214002859
283198,0.44774233336204794,0.8876249052653922
283499,0.18643751309496648,0.9889082092211927
283799,0.445841295242644,0.9230013315080812
284098,0.42605577347551277,0.9207580913800801
284399,0.2873875900109866,0.9813390838175956
284698,0.720690025342255,0.877677584962503
284999,0.3607199014295866,0.9661865032961328
285298,0.5933099344679525,0.9033570586730038
285599,0.6169280473338338,0.9332020907851165
285898,0.6066626297207912,0.9508942471271074
286199,0.6098368672589511,0.9420374862473857
286499,0.29985324412278264,0.9809285699673456
286798,0.9191369154317793,0.8807064409022807
287099,0.5700249514002692,0.9488328891097105
287398,0.399778290100147,0.9506493099825245
287699,0.23352539567468936,0.9690720493736827
287998,0.4503361685383859,0.9303625011550469
288299,0.3517940916906517,0.9597189727516301
288598,0.17837337621845917,0.9707186592905972
288899,0.2023059881568724,0.9806300644306161
289199,0.40886854931122824,0.8655716453599561
289498,0.21768237259059153,0.93848825020475
289799,0.5224639955818458,0.6951865934908763
290098,0.3719315399837278,0.8224256900463334
290399,0.26462269437634345,0.903839394844768
290698,0.4097782036101641,0.8544319643598566
290999,3.468011943600528,-0.08015235198544746
291298,0.16076085530467069,0.9273200449174093
291599,0.12980366305762983,0.9664269161521571
291899,0.1322383384507718,0.9673540007033051
292198,0.15409657201627458,0.9146497714128059
292499,0.29358044207646655,0.857796141683842
292798,0.5062398200591794,0.6338096374439937
293099,0.14871218073763362,0.9704414114743282
293398,0.35845929824378714,0.8968271535847199
293699,1.9084556549680893,0.4394224486636872
293998,0.2277473915648578,0.9049822840773478
294299,0.1589694057112458,0.9586506269988195
294599,0.15685684859668458,0.9595303777517475
294898,0.4455229719103015,0.7133944611317977
295199,0.23821344660168575,0.894567367134276
295498,0.41693453754513815,0.7399616504865667
295799,0.47143363698448126,0.7580830515702719
296098,0.2131088663057508,0.923799471916694
296399,0.24026061980144015,0.807574561406649
296698,0.280680496057391,0.7438647235831582
296999,0.301839363154597,0.7859940656692807
297299,0.41880130514947933,0.7673993837843467
297598,0.24342423564857263,0.8802279994430231
297899,0.16369541785060163,0.953562897990957
298198,0.14876830650757328,0.9194722641209849
298499,0.22984730890609223,0.8774413140326035
298798,0.3340794857497073,0.6842330173243587
299099,0.3138002044928372,0.6762343777470115
299398,0.2671266646272755,0.7153408748974999
299699,0.22429873117768956,0.7553211359060332
299999,0.39787089388082225,0.2822403385950969
300298,0.3504956487718327,0.41516156252036573
300599,0.4833990689297835,0.17072144817648527
300898,0.3888034331614176,0.3524548983914536
301199,0.2949785906240948,0.4864480105069382
301498,0.3491073596191969,0.49198729323114754
301799,0.3727189109401204,0.3504060852880294
302098,0.3930669698042072,0.2320293496132272
302399,0.18088747919938059,0.7115794476079499
302699,0.7188132740591875,-0.09375785178449458
302998,0.1603520904880924,0.846666069966295
303299,0.5004135086740517,-0.06323342424630796
303598,9.884213797415871,-0.3880557631419461
303899,4.134837580070711,-0.29062525726627664
304198,0.06677515383481819,0.9659211359626774
304499,0.09831317284282533,0.9219093195200143
304798,0.06817727849822135,0.9751549169933121
305099,0.06996216231546297,0.9664452210194734
305399,0.09678730268043884,0.9278723056654565
305698,0.07887227065124104,0.9703667483717493
305999,0.12317268731605265,0.8701074759166583
306298,0.0872686897697852,0.9579364033783561
306599,0.08871454345906592,0.939571267623042
306898,0.07064481221894324,0.9668612717613929
307199,0.08105654200915928,0.9640157234475981
307498,0.07671998513772178,0.9734190485635019
307799,0.11656268689039943,0.9321059774301096
308099,0.10683141576308079,0.9515802466399716
308398,0.10934534901096864,0.9702984734527457
308699,0.1317333891076028,0.9501411590444111
308998,0.07016930345153749,0.9740062885725175
309299,0.07660098428984978,0.9688652628130443
309598,0.06379711499342239,0.9719817895918623
309899,0.07872908587626931,0.9726539400613151
310198,0.07876331230499603,0.9573255987381502
310499,0.0926496684502284,0.9585038393812667
310799,0.10701975560350967,0.9491022006614024
311098,0.10680541580226316,0.9085769080890442
311399,0.09369883795629864,0.9440865992235542
311698,0.0447293514978809,0.9889126292579812
311999,0.055813751285334154,0.9848928063778636
312298,0.06370372144565634,0.9709858197641444
312599,0.09713042779965125,0.9487129425487476
312898,0.0561071676352025,0.9801822076939813
313199,0.0495254170086371,0.985910983117429
313499,0.12309351408319184,0.8907730863351188
313798,0.07687794721370748,0.9522828484457736
314099,0.09155434947568804,0.9560005187721321
314398,0.07916087310610949,0.9471501368824359
314699,0.13758885154783257,0.9095195327812647
314998,0.09570381406842389,0.9559595376052233
315299,0.2551402806456851,0.7635345242852989
315598,0.4354971234261236,0.42321859258121874
315899,2.0235300990374214,-0.1497013314092035
316199,2.4102519591016787,-0.18590620048728868
316498,0.5308248097301257,0.4538969965165063
316799,2.008780299381734,-0.3545428265814703
317098,109.15870470068747,-0.24776012225780564
317399,73.10755584859861,-0.2600931753526974
317698,93.42138943428411,-0.14565533783532691
317999,100.33359867890582,-0.22345102636080272
318298,50.68714182910173,-0.27155079341173805
318599,62.69217033038174,-0.21168390560449013
318899,38.06182046189505,-0.25380026587328297
320099,1.2292515431469224,0.2952146883817869
320398,12.713670309598065,-0.5681673719886544
320699,18.278507536058484,-0.9213807382961792
320998,13.054472138861165,-0.660538724574739
321299,37.896520559287815,-0.8112176459084997
321599,13.042353945686529,-0.7509538581494333
321898,20.70380759661488,-1.012861581173314
322199,8.025830938479894,-0.6424649715643342
322498,2.1225611134021043,0.5311794799897089
322799,3.7532069540620494,-0.039505003825396345
323098,3.431385508840892,0.14091414854170758
323399,5.589966519325762,-0.07196605901743891
323698,7.592807630656584,-0.044309005900476706
323999,9.872679355057727,-0.6318507030066083
324299,10.21429350993285,-0.4530306928523242
324598,7.066389617812889,-0.17710031239928425
324899,6.844351612639891,0.0029797116852714467
325198,6.945356171136968,-0.05263487475694273
325499,5.971562974186558,0.006288106078970235
325798,4.124488570745801,0.14547468985982548
326099,5.518440398395374,-0.19413112204833993
326398,10.948366933145135,-0.4356052125280725
326699,2.984903114046487,0.29669522032363316
326999,7.179202876151288,-0.272421317164937
327298,8.414220885199548,-0.35447768845961747
327599,6.100768440942067,-0.22948961712069726
327898,17.045156437801744,-0.6639452811691591
328199,42.160597283937705,-1.1407261356242415
328498,8.443210920921612,-0.2855460747869689
328799,10.594611825928261,-0.4385974798584438
329098,5.662402934737436,-0.2892428349693241
329399,2.376769350262475,0.32303450966592107
329699,25.783360966844302,-0.8725661908403675
329998,28.225055399248824,-0.957586369316558
330299,8.383323979428273,-0.3621336821496275
330899,1.5972330615885513,-2.9383539619846677
331198,1.1838871712967416,-0.19319504297261125
331499,1.777977295699942,0.2286714071399727
332099,,
332399,2.6908878128767304,-0.3899450018487005
332698,13.73313050250746,-0.45952445010723486
332999,6.930177237849097,-0.4264602722280866
333298,16.2691201632739,-0.784089110457876
333599,9.484785995507671,-0.4356556690209006
333898,13.789548860320963,-0.4906528929921097
334199,28.182137983843354,-0.6843038510926789
334498,35.94398921536208,-0.8723514539825801
334799,37.37264918140451,-0.6592264267987058
335099,21.98992925660832,-0.5850924703906837
335398,17.344659363004297,-0.6410073011090915
335699,11.993392615873903,-0.6440491139846216
335998,5.4909285671089085,-0.46408684350682816
336299,1.775882242258688,-3.017947419168685
336598,2.3907672491586376,-0.024157656197166144
338399,1.9058331717299406,-5.484165620575965
340199,0.639714262273048,-8.239273567554255
340499,1.4968593287180854,-1.1976703444695165
341398,,
342598,,
343199,0.9341788541703584,-7.20509473444071
345899,3.2203750487577216,-0.2302239669966366
346198,2.3106460673058686,-0.18978998207701148
346499,1.3405737364560308,-0.40539156815554
346798,1.05538531902512,-0.21081459120998636
347099,0.7934696826590365,-0.06431077074591296
347398,0.6934783823135734,0.14987809182547474
347699,0.6759323761144622,0.16645913968199721
347998,0.7531189222023598,0.09663428703851606
348299,0.5853711223087852,0.17068623333985233
348599,0.7484764434225989,-0.04077556308202124
348898,0.8711041782642699,-0.17080037696166372
349199,1.5619191066749991,-0.32804307867114146
349498,0.8024664532718043,-0.27619745746902225
349799,0.7050871389248383,-0.2450183635063199
350098,0.6874250505694572,-0.3956785897606905
350399,0.6558925334279007,-0.2628911370701863
350698,0.6061400161542257,-0.12917262176791877
350999,0.548548558733978,0.015650281641251818
351299,0.3711323211873123,0.29528271757785673
351598,0.3497546843490297,0.4242664272855011
351899,0.3938405936609023,0.3635268967286108
352198,0.33556594881038887,0.47350997717224963
352499,0.633862200451107,-0.059867311453777106
352798,0.6059581465163069,0.21934075967935607
353099,21.677178041619943,-0.2691106122194009
353398,0.2436812798522277,0.7185119680200545
353699,0.2830138712547702,0.7506218459758711
353999,2.4499765150017083,-0.18786558541735476
354298,0.18210262729766724,0.9137976607582953
354599,0.19813516306270526,0.9350676532844674
354898,0.16437588411312193,0.9507474876476957
355199,0.13712092317923125,0.9757634149623653
355498,0.17552205976758814,0.952937338761583
355799,0.1541459582458193,0.9663794742351245
356098,0.35889597057750294,0.7843517022906907
356399,0.14830243114485048,0.9727167796636508
356699,0.286283330265331,0.9140847763863792
356998,0.21996262400204147,0.9558725232107035
357299,0.20411037844606414,0.9585705699294215
357598,0.1667697816129428,0.9618317483616133
357899,0.17726705630218606,0.9825855445672823
358198,0.1908417633287864,0.9669438853725321
358499,0.2185218516296531,0.9639025479060339
358798,0.21538801666491678,0.9630352056445093
359099,0.15225727760878663,0.9796774499452094
359399,0.15336612040209457,0.9838630451387028
359698,0.3496216250367387,0.9429368002232374
359999,3.014472258251151,-0.1682527957776121
360298,0.16770046647461742,0.9795896550447707
360599,1.0957918431136215,0.3804474839879717
360898,0.64915811965864,0.7080037035946174
361199,0.18680010936498884,0.9579114599476828
361498,0.43579768198416474,0.8774179297979281
361799,1.2786716187352969,0.446460091962979
362099,0.25215869302693444,0.9169989735554082
362398,0.22833494310955815,0.955015293996341
362699,0.2504863750661553,0.961816946909539
362998,0.3545335675296788,0.9455257500821396
363299,0.7684882198539893,0.7706894310168984
363598,0.3188619383792572,0.9026750815722087
363899,0.40240960261662845,0.9055727068752565
364198,0.7028800071240215,0.7848379155310728
364499,0.3125496305184257,0.9524863515281727
364799,0.41317357704289254,0.9074169254009383
365098,0.8671063838424874,0.6822668565994534
365399,0.9013756698380624,0.4957451198315955
365698,0.36140869939855397,0.8967358408285273
365999,0.5303099304758081,0.8515520182685892
366298,1.0525235050460657,0.46959863448703065
366599,0.535619303580183,0.8098371562931443
366898,0.288031942204402,0.926507060968307
367199,0.5237352480021767,0.884825635164475
367499,0.4149443786730218,0.8890341142193827
367798,0.6025006593258405,0.8793710569697695
368099,1.4574247360788093,0.4713276976956021
368398,0.5786311754700079,0.8740446752772127
368699,0.6015717594596398,0.8974588014086033
368998,0.620902967029706,0.8461444750782106
369299,0.6301042768403968,0.7994761871607283
369598,1.5279080717554445,0.3475124822525547
369899,2.600121517263282,-0.0385180879481255
370199,1.3719929871372678,0.6138660732486867
370498,8.41866536116703,-0.19341114137093007
370799,3.2138974208538063,-0.06710710113080065
371098,4.3644996803386595,-0.1510493781495421
371399,3.186110195262808,0.015437645947857903
371698,0.2349934314123703,0.9903955556324749
371999,0.8872771216799974,0.9071033509492852
372298,10.39158570182446,-0.15968308896645222
372599,10.996116387882116,-0.1622695300027559
372899,5.32190005458629,-0.11815519305764277
373198,7.71249690259484,-0.14037545170587085
373499,5.966585264605156,-0.1355453468591481
373798,8.525980493123805,-0.15031649384462353
374099,3.8140409805858906,0.07132184030103383
374398,3.9595239310590475,0.03966625360254561
374699,6.7762733933488635,-0.13953809132240003
374998,2.7985902393871687,0.39621925494742627
375299,2.546454305955959,0.22139862167917523
375599,2.8647577729070184,0.30952252267722113
375898,4.5445443980159075,0.032162273274717545
376199,3.009369329234822,0.4146294404877854
376498,0.8274706184111669,0.8600074927881793
376799,3.1633940120612962,0.13445055552280605
377098,0.6631139673588604,0.8909992005656103
377399,1.0004057837897637,0.7930317266614817
377698,0.6112644540358495,0.8975815145583016
377999,0.24062865956768847,0.9686880241408706
378299,0.3816605498407573,0.9272270817730133
378598,0.15316708841304136,0.9848764813720121
378899,0.23757138453167684,0.9710326469580801
379198,0.32299189582055304,0.9349310468130181
379499,0.17216858111925054,0.978999061670652
379798,0.20458072622379722,0.9799700836560724
380099,0.49635490362903195,0.8566540784454648
380398,0.2454456524644547,0.9737365869846473
380699,0.26946664010988663,0.9535091329477144
380999,0.3152815365097848,0.9451201402973242
381298,0.30135013676082073,0.9449971919839596
381599,0.24266540154240365,0.9645113117093271
381898,0.27618245957283394,0.938969614906162
382199,0.5564431243033847,0.8712904454678849
382498,0.3615113252442846,0.922847474094731
382799,0.41483521608637675,0.8716587486611314
383098,0.5838415589854704,0.8346302200829653
383399,0.4069043281947934,0.9275620339613938
383699,0.6578086353157725,0.7994532108254222
383998,0.6375875266269605,0.7932138592860893
384299,0.8376505357416865,0.716322064637509
384598,0.9691013420051804,0.6966345423553224
384899,0.5506525803146418,0.8926828078208442
385198,0.4733679560538497,0.9052879704736083
385499,0.5873598879840608,0.8525458903727375
385798,0.4133340564912161,0.9008364532112779
386099,0.36494367584905,0.9066557957371063
386399,0.42984331361057915,0.9009356897509485
386698,0.8465107177646907,0.7020338034941209
386999,2.3011563287555825,0.3834923669997129
387298,1.33499966433079,0.6180724099148828
387599,4.201520819377387,0.08424080359711605
387898,13.018562380873641,-0.05685338750603264
388199,0.46739533081572265,0.7044783527979135
388498,0.3647446979738749,0.907305249541849
388799,0.23561725915660028,0.9468546111087154
389099,0.24306235810060153,0.8284975530556402
389398,0.21255991968830956,0.9201833434738549
389699,0.18509648842884652,0.9659813108583315
389998,0.1975642699314012,0.9535531700396926
390299,0.28806093593805165,0.9281612185005896
390598,0.3729382273504455,0.8522523382894351
390899,0.22033476098296323,0.9343587147433275
391198,0.12256906039555135,0.9796906331919277
391499,0.11207316041184136,0.9696466428337807
391799,0.2218565754273879,0.9437691400367093
392098,0.15966204716869162,0.9416084088810369
392399,0.20914183039547796,0.9218766639252297
392698,0.15019053664316673,0.9618787631387186
392999,0.161274158154517,0.9488867874555733
393298,0.11210256233472846,0.9812391112322075
393599,0.1089628800612615,0.9840077677973768
393898,0.156310248566791,0.9649122720629878
394199,0.1231310468961491,0.9833558555085927
394499,0.11851591543356209,0.97699666881732
394798,0.11128729979599,0.978240580350617
395099,0.16627680039697004,0.9575850341066109
395398,0.16634648032839316,0.9627868544507345
395699,0.12413153027790787,0.973914883311234
395998,0.11048519569891986,0.9843821473544124
396299,0.17418736912052912,0.9572316893473786
396598,0.1232208816977158,0.9814120411908933
396899,0.08787349393247927,0.990429507619786
397199,0.12121050032122078,0.9867395983189354
397498,0.13337895244364556,0.9699726682051317
397799,0.1043799702284209,0.9883287385844683
398098,0.07464970779399926,0.9915531407472368
398399,0.13813672949152644,0.973106597220947
398698,0.14352137537498877,0.9742665434383284
398999,0.2657240112449095,0.9244760621833057
399298,0.2954103634747528,0.8246870079904708
399599,0.2784348186682511,0.8752701837877754
399899,0.12649390641647487,0.9652420096168416
400198,0.23493889988048217,0.8780910368839626
400499,0.5379090211474608,0.4410256385171203
400798,0.23520679171231132,0.8285355405929454
401099,0.09236910461951164,0.9779999683499436
401398,0.09540301113629229,0.9733443797488599
401699,0.13046684186146845,0.9370022410628963
401998,0.19017968187565223,0.926451454077422
402299,0.14391548659648637,0.9693757039520935
402599,0.11644350342432028,0.9599025125083178
402898,0.1608909678492155,0.9268843698171522
403199,0.5647786497827424,0.3776104006519958
403498,0.6860370057211749,0.2171869330689158
403799,0.4120894763329288,0.7334138364354448
404098,0.4898373129180813,0.5491289503689243
404399,0.47514048585451146,0.5889223996443257
404698,11.851023743025358,-0.4302602855423765
404999,41.70295361394667,-0.20258428942813755
412198,3.221304895681679,-0.2711956308428649
412499,45.129139200220806,-0.507895735865405
412798,48.55272295569582,-0.6750134263771665
413099,29.191644211182474,-0.5231067010966897
413399,34.617245309958754,-0.40786029926197576
413698,10.638490552254668,-0.23677617544541518
413999,8.32290679599801,-0.41120107453516197
414298,10.385399059431323,-0.3884925715056817
414599,9.708467126061983,-0.2825034374471782
414898,7.278472191268325,-0.187226491982311
415199,8.237327033476946,-0.1621765571574012
415498,8.543574775185643,-0.17871136947062727
415799,12.29307234920292,-0.4321432325409358
416099,58.91008369542313,-0.5039420795022458
416398,4.870053767423228,0.023045220389700916
417299,3.0667803237080005,0.1119986369917052
417598,54.835397486071315,-0.5713177915011576
417899,2.4591840053485843,-1.626707379948067
418499,2.216158178427582,-0.20139293967939365
418799,2.058313887563988,-2.45629459750115
419098,13.934592218393014,-0.6343781523547327
419399,2.6136943891730176,0.25717838397601955
420298,1.618497868218724,-3.987691528765051
420599,2.0786638415181553,-5.53027499411476
421798,,
422998,2.0216110259709703,-2.1206464421782267
423598,1.6626976639352362,-0.4252365837669059
423899,1.8822015678781752,0.26778053376666267
424199,19.35625348881023,-0.3632072945132949
424498,9.304933077532088,-0.20761600033424799
424799,22.298765782205194,-0.4152806714700681
425098,20.35651685288376,-0.3975295363558664
425399,22.18362716983806,-0.4407434311112719
425698,26.927907512608492,-0.4309469653066933
425999,22.259599377858507,-0.5152591567027744
426298,23.104711545484367,-0.5912059358070534
426599,19.864221061355423,-0.532344551285042
426899,17.67336014649977,-0.49658716988730234
427198,21.045362620506108,-0.45240984491459324
427499,23.194012888495685,-0.47263904862240613
427798,20.524608909256507,-0.5317737030809833
428099,23.107826324022696,-0.46819501819046416
428398,22.78187370727168,-0.5357426905394767
428699,12.787146049694305,-0.31017150577853836
428998,21.55076204042389,-0.4370322326356879
429299,24.869022733313574,-0.47220378719946576
429599,18.917096720244178,-0.4364063646154326
429898,27.27874493030501,-0.520813627964198
430199,31.506532878573566,-0.5088015984388905
430498,32.159245167062494,-0.41979948995093364
430799,27.34499508130245,-0.40256636022252734
431098,33.72104559252356,-0.4525731971726743
431399,30.606612308600308,-0.4808093325910854
431698,25.54758444645542,-0.4253436145819236
431999,23.00857573914728,-0.4577786049287649
432299,4.246214211150413,-0.058213045434725164
432598,6.763006181994466,-0.17870754972362524
432899,,
433198,2.881295249153096,-0.5825996508760622
433798,2.6064566176911432,-6.985791482132299
435298,4.0292464900382114,-0.17926523470349065
435599,3.165549689536549,-0.16786346364431814
435898,5.159317074184354,-0.2314209769247948
436199,2.720352959845236,-0.254948338454948
436498,2.9781414566152526,-0.22006215709924204
436799,2.365392739025791,-0.3571501132202397
437098,2.770130684863754,-0.2777137781644261
437399,2.538516877539681,-0.3913416842437172
437699,3.2297200394047696,-0.25576700870286007
437998,2.88867791258764,-0.2885189479550532
438299,2.6902423487156066,-0.3192516165702852
438598,2.510403457748014,-0.3883019229760807
438899,3.686439420238102,-0.24781620669698
439198,2.5602593614818097,-0.3887732050272692
439499,2.6565231330304204,-0.2746914379355485
439798,2.386237341065143,-0.3595716559214175
440099,2.428864125021162,-0.3351236648860625
440399,2.5822002422672905,-0.13589538315923977
440698,2.2227017942433838,-0.38757262880907883
440999,2.3393903809586614,-0.3613522994766529
441298,2.184369605335977,-0.48537043950119885
441599,4.40892674401729,-0.1285950457497691
441898,2.776944517700249,-0.13972757442167305
442199,2.2390463264242086,-0.16850548238797947
442498,10.521045369216003,-0.17471429595920807
442799,9.02348057339656,-0.10277338551735649
443099,9.746533596771922,-0.09952192073183386
443398,2.0714249528755975,-0.11770974451104421
443699,2.0766329241070793,-0.1527744695741171
443998,1.987282766860976,-0.1854910229411295
444299,1.9735242283193095,-0.1797830440595034
444598,1.8825631138166559,-0.38767619758754
444899,1.9537443117892177,-0.20211727379314914
445198,1.8682031180970118,-0.291468571396982
445499,1.8518925792286174,-0.47643679803578176
445799,1.8574827877239883,-0.70198477299383
446098,1.8416916787540805,-0.7563837528500807
446399,1.8471666001348659,-1.0384939606531014
446698,1.8350627833536177,-0.7229414917060186
446999,1.834762516636025,-0.7528349309149314
447298,1.8297590690526921,-0.6715201686230385
447599,1.8161343541036175,-0.7746855268515811
447898,1.796840446367507,-0.7365597866840143
448199,1.8095704076776924,-0.5694940171920513
448499,1.7959654164786178,-0.7378293731136389
448798,1.7752629126915807,-0.6503884837382101
449099,1.7938050663188956,-0.27455499121540217
449398,1.8001729514680929,-0.1993508129007715
449699,1.8001987491671672,-0.1934953604125964
449998,1.7942308417944817,-0.23428983354928534
450299,1.791855205141704,-0.15793392090945013
450598,2.2738699335375085,0.015133077105201953
450899,1.9200952473955724,-0.08615237996895075
451199,3.4494339081873195,-0.11029506048873206
451498,1.9382243606906395,0.03142588208403474
451799,1.9663474151265576,0.05068889908544827
452098,2.0347507946103534,0.050678124484013765
452399,2.0043787320594277,-0.002196391913927842
452698,2.112755868128872,0.02388003577035902
452999,2.5349996329766715,-0.1624373083829096
453298,2.0481688462754457,-0.066262891295644
453599,2.281099409825631,-0.02319360214548305
453899,2.115446841569427,-0.09145337763023975
454198,2.2060133227522964,-0.059969235713418056
454499,2.286522340351094,-0.060925883887154475
454798,3.5295714116109305,-0.27542970798666677
455099,2.623252294776675,-0.16818758654402388
455398,4.515888197183431,-0.2284066061301815
455699,2.3878872626254712,-0.10518501645147227
455998,2.9118542278963053,-0.13203912978083165
456299,3.093479201231302,-0.1667596940798075
456599,2.5398812610584307,-0.11916930866191588
456898,2.5695059975243604,-0.07876110689848392
457199,2.855697310509079,-0.09261655168596827
457498,2.8652201445189904,-0.05121127318538443
457799,3.219082977867533,-0.14680980721921877
458098,3.0138397113218875,-0.05487950902560046
458399,2.833551885747814,0.017799593313998163
458698,3.383219066355959,-0.1494067342606924
458999,3.2580757438843886,-0.0834706175552522
459299,2.8992291945811477,0.020374753184232652
459598,3.2470827383793224,0.0033337802531815397
459899,2.9572847081304077,0.04585009997033762
460198,3.031442400271611,0.041357326943598505
460499,3.2234674850910556,0.0294525294688176
460798,3.3236604983816376,0.008526400387616984
461099,3.533912075147841,-0.027923586821181345
461398,3.7896746518000137,-0.04752292366308808
461699,4.159907663628719,-0.07432150957511952
461999,4.58604145259168,-0.1593946086302136
462298,4.303581664392606,-0.10354258089296753
462599,5.090316781756033,-0.18970874173882057
462898,4.911965080990387,-0.1901891167709484
463199,4.906817917758905,-0.14687606138700038
463498,4.928703716089924,-0.1707246005046974
463799,5.487644148374646,-0.19391179301629724
464098,5.206134961309831,-0.1690098841822898
464399,4.720518999976499,-0.130860047419034
464699,5.492031189295942,-0.20506035200617
464998,18.399142665030812,-0.3143903466103344
465299,4.618938453379275,-0.11702040887717158
465598,4.752525770348624,-0.14970029468826396
465899,10.07058472089064,-0.3315194492577165
466198,6.476414619064253,-0.4172343272384058
466499,3.5821963053820736,-0.024156990737995043
466798,6.517973021093728,-0.11239591844019725
467099,10.401214445125417,-0.3024847989520487
467399,21.31526716114218,-0.3199735749702315
467698,26.2178277610285,-0.38949215801181514
467999,7.381120906914543,-0.3389644417407942
468298,7.3382666323382,-0.2559435833743693
468599,8.793174067295137,-0.30166262274125133
468898,16.63657112195583,-0.31791570578961803
469199,38.71059212818591,-0.40389689109989213
469498,48.4906928598873,-0.4487012141465325
469799,22.786172160436163,-0.46848829778181744
470099,18.28160160061787,-0.44963287292470966
470398,7.637092269534914,-0.34151457960047527
470699,20.017798637645647,-0.5787141356824157
470998,14.982376135243474,-0.3157011852436473
471299,7.700191080191124,-0.35901649497586074
471598,6.2481235298300595,-0.29399405147737534
471899,4.036316923759376,-0.140280018728554
472198,12.110599983551165,-0.30945485375443527
476398,,
476998,11.622944388358503,-0.4250915853331776
477299,5.470213272595512,-0.1995439889740389
477598,6.587669687895287,-0.143884694371875
477899,2.725496562442458,-0.3038314524042933
478199,2.735266510771161,-0.3228518185091094
478498,2.7098287657605145,-0.37775010498048633
478799,2.6666656396924577,-0.36223169125104726
479098,2.5335484492975517,-0.4409966386406554
479399,2.3634159694771797,-0.5261655007880819
479698,2.2764257345072734,-0.5618503769664951
479999,2.102692231342922,-0.649152824564107
480298,2.043921100148476,-0.5773337102679366
480599,2.079755092228266,-0.5443569173160288
480899,1.991438177782538,-0.9099515674537848
481198,2.0179264757120614,-0.40374621201707317
481499,2.2094730478251687,-0.0686509575423262
481798,1.9671386999697726,-0.32730050416400513
482099,2.088015235276557,-0.18149193739331482
482398,1.9319264364701663,-0.25382507671960597
482699,1.88719599913733,-0.26227528735347727
482998,1.879514755036902,-0.2666224590992359
483299,4.217797207321669,-0.14801141413714047
483599,2.0636674810445785,-0.14540111292235758
483898,2.8107356877558045,-0.07403943768704546
484199,1.917743780354032,-0.18187668766935072
484498,2.0827801581360865,-0.1663297814184943
484799,2.098886891018961,-0.303819004678447
485098,2.388069730030535,-0.23936392245076754
485399,23.655641865800735,-0.2682897958252961
485698,3.500345539114871,-0.19432542104151795
485999,56.88567464415419,-0.43591903254839126
486299,51.698066560353276,-0.5074408875347967
486598,26.784570457508362,-0.4690727127524976
486899,39.51074590715697,-0.19919727123846687
487198,37.070903091047825,-0.19672798516470813
487499,28.42224271889689,-0.2315593044191775
487798,28.379957096418867,-0.2490305820521217
488099,35.38062258676023,-0.31480374643448217
488398,42.39409261656694,-0.36843719222717164
488699,48.61281150164796,-0.3103624314093161
488999,58.27136295124519,-0.28089763750081764
489298,38.968261680135214,-0.3220611041929067
489599,40.42401004275907,-0.3414453548994685
489898,53.387376920064625,-0.32621910816813804
490199,54.47974315772666,-0.27387468621624533
490498,46.34070376882851,-0.32700992195558887
490799,46.78701384759703,-0.3180999802420623
491098,55.76768448116416,-0.3401802685315536
491399,43.80357920961484,-0.3911804849812348
491699,40.85153150711935,-0.3689924723528042
491998,63.83674796786022,-0.368080211145035
492299,73.8864039791079,-0.47275938449817234
492598,93.46405679655234,-0.33751966946752954
492899,69.68768604053112,-0.3927100153142775
493198,17.619047201041106,-0.3478570233054028
493499,22.199798051017392,-0.43182152090276693
502499,11.707878879145273,-0.41123772665832803
502798,3.969178054503624,-0.027056713532490395
503099,4.566477863384991,-0.052102093593048515
503398,6.248362196224184,-0.2541948564391803
503699,4.153934870129276,-0.02728103411158922
503998,4.167589508997664,-0.018642794710588273
504299,7.317872480914908,-0.33133286177052024
504598,12.444221924574174,-0.727332524024163
504899,39.38521729117733,-0.6832373439328947
505199,29.46819221243268,-0.5087034300408189
506698,2.1373952440755044,-0.10880916140156294
525899,4.662185540732965,-0.19752186803529437
526198,4.642856235216762,-0.22164601156586805
526499,5.4252636569698165,-0.23074543370266798
526799,4.5786016257985205,-0.21791764845761286
527098,3.685815508226021,-0.1934122977830639
527399,3.253692864605993,-0.15749314408031512
527698,3.216272443957846,-0.15811412795746715
527999,3.9298541306423442,-0.1469906600166926
528298,3.087064763687012,-0.16306577871283
528599,2.857477647573587,-0.1387901970273122
528898,3.897647103705712,-0.10830796723104563
529199,17.35855271436598,-0.3523365104032785
529499,14.134335909604406,-0.34285581746437277
529798,3.2199061072320427,-0.08428868556510882
530099,7.8965823847048044,-0.23687862030833085
530398,17.197582118034266,-0.27744756154552985
530699,3.1793380483301874,-0.1785548619649875
530998,2.2024445461823827,-0.12212336882573327
531299,2.6788816197822287,-0.06495401239037424
531598,2.3195482263100065,-0.04254569185435608
531899,3.6097720898876227,-0.14797788702019643
532199,3.1656075939856234,0.012759381754332444
532498,3.249223577281187,-0.007846351454866118
532799,3.047862793072854,0.023990914233544935
533098,13.005694104590496,-0.16090313286040137
533399,2.3717614462776435,-0.010228150514768553
533698,2.0340877334654985,-0.20811433562801485
533999,2.0347774460299575,-0.20280365298731207
534298,2.1222338898423825,-0.12355702238673216
534599,2.2474417314327355,-0.0725948373019123
534899,2.0053034207937714,-0.22921875723333218
535198,2.2361028290994023,-0.07406975787037351
535499,2.1128474395858685,-0.16531423946411383
535798,1.9914243404029983,-0.2815021510218567
536099,1.9405827245024332,-0.405215105224362
536398,1.9658702284076282,-0.294751785445756
536699,1.9501848915460864,-0.2787234510610592
536998,1.8628439111479385,-0.3585957154615935
537299,2.3142827217128725,-0.13398441581762754
537599,6.511406307824631,-0.15635275882141397
537898,45.966586429151505,-0.7578085250485096
538199,60.27343207053808,-0.7240704366464785
538498,64.08685387655197,-0.7006558353439092
538799,73.07411211141884,-0.608450835851404
539098,64.62738418150104,-0.6062790064053232
539399,39.9123033255404,-0.7150482821168025
539698,43.284195930355196,-0.7904903013357951
539999,62.46987163647558,-0.6944148385179516
540299,2.5580384717382527,-0.06304184338896901
540899,,
541198,,
541499,19.52113283371438,-0.5005067771316769
541798,15.371850677503359,-0.4338028563306615
542099,52.57203762628614,-0.5019082901537941
542398,30.778756766052343,-0.4506811106933055
542699,8.270351524369211,-0.1921462717973199
542999,4.858953586840078,-0.049673292046920725
543298,3.3405018049472996,-0.03370549847725446
543599,6.199001219291109,-0.08018987681066014
543898,6.857518572581892,-0.15373845514730844
544199,1.914127058280389,-0.9914355186066179
544498,2.305791192163836,-0.13052168980809875
544799,2.0153249952257957,-0.7952207776416538
545098,1.9809080080504522,-0.5144206391672663
545399,1.9606274482288855,-0.9046319526483275
545699,3.608621015375874,-0.1564282297356192
545998,3.0564222420082032,-0.3667381718725313
546299,3.952259445383204,-0.18902644560138526
546598,1.8904853377921715,-1.8873293294797397
546899,3.119760557672555,-0.364035438115178
547198,1.8861543900782998,-1.2698177752169126
547499,2.672111225672555,-0.6694580836000221
547798,2.601454714610055,-0.4583991533653564
548099,1.9810035848831677,-2.6733217759363903
548399,1.9666514658178111,-1.4407192151963013
548698,1.941966692946981,-2.72931463917213
548999,1.863046492917348,-1.5444528966638424
549298,1.9053792634150035,-1.9979141640628808
549599,6.126021875495019,-0.10306961263323733
549898,1.8599747443549224,-0.8034492426731572
550199,1.8188011121568581,-1.0667476685022566
550498,1.8007007672911177,-0.9033237595162655
550799,1.80525604624322,-1.148272613825379
551099,1.8161778219832476,-0.9120381409502303
551398,1.8059326517471364,-0.7131627472062421
551699,1.8014362323490631,-0.5249595623719365
551998,1.8039249792216734,-0.48279832304629755
552299,1.8372941146711617,-0.21392874334101064
552598,1.9397335576050811,-0.04320775023481538
552899,2.0577102904075817,0.038827191795678395
553198,2.2829592581397953,0.06545203757271623
553499,2.302182795294888,0.10116455990880835
553799,2.3131675927948887,0.09808562744224814
554098,2.491809072260166,0.07684145008159138
554399,2.45437306845924,0.116313760229249
554698,2.4983078457532213,0.11540967777267852
554999,2.604352977876557,0.10204859638430042
555298,2.7102787908447277,0.08122737099654209
555599,2.987865186630536,0.05583835553793426
555898,2.8568302666691103,0.08795269309436193
556199,2.927101947877444,0.07374451795112447
556499,19.80864530014378,-0.20027841730418938
559498,,
559799,21.69473748242459,-0.4355957725865438
560098,12.249223677079563,-0.2824046219241403
560698,2.915675464375971,-3.5470469219228846
560999,2.8375196408135315,-8.737804247499867
562798,22.189335191987627,-0.35811915788573834
563099,69.06141856643518,-0.45746412000809156
565498,2.463266414604421,-0.7795355157597794
565799,3.6076181381863597,-0.19332800837498576
566098,3.0155837901129385,-0.14575067049621215
566399,3.0518580542419156,-0.16489237848271943
566698,3.111101022989601,-0.21181892543107494
566999,3.246508645159738,-0.2179496738358262
567299,3.0251300352326562,-0.23410453685723898
567598,5.029458202087978,-0.21129513388434162
567899,4.04995555987733,-0.21383160656858746
568198,2.5540379593189564,-0.2254075661319319
568499,2.5031665458721966,-0.22834437744746228
568798,2.3536567454786788,-0.22493379985819528
569099,2.2031673955365485,-0.22415855774403304
569398,2.439653506795156,-0.21697685156492685
569699,8.507041837107208,-0.19584124194307395
569999,3.641061033189328,-0.06723939437487148
570298,3.1540115226834318,-0.04647653542373775
570599,2.1818057427274127,0.011960524722348986
570898,2.1398814041197025,0.006035381038717258
571199,2.0726932535155353,0.04180240946252223
571498,2.1141191137647954,0.09226356038676042
571799,5.1810139921719545,-0.20111288275303152
572098,2.1931967640044507,0.08834737707251361
572399,2.5944742759316033,-0.03288023894596881
572699,2.19182540883185,0.13078888383430154
572998,3.2016522203123214,-0.010325268476166327
573299,2.2465360955425737,0.10134279593007134
573598,2.3490548355940764,-0.007994737331839419
573899,2.364910584623592,0.08469227770231391
574198,1.9196306550524977,0.032139533840494394
574499,1.9703187219390719,0.06449105077250272
574798,1.8557671310067347,-0.08958395354512572
575099,1.8304693492994504,-0.07645147655064921
575399,2.083545834344165,-0.07100727181729893
575698,2.0009502299102446,-0.03346148640545166
575999,1.8461341047195958,-0.20198770244460462
576298,1.8220023280391417,-0.2162057014811929
576599,1.822901012404883,-0.22647035082237732
576898,1.7658660057123126,-0.4901566104927939
577199,1.7928244646518021,-0.3257917376131767
577498,1.836079128398653,-0.6751377084372032
577799,1.8217232801880046,-0.8210384063325198
578099,15.101748423296291,-0.2889657554676628
578398,9.484200453305874,-0.23726534840967162
578699,7.694025699474796,-0.23045590180744657
578998,74.0708645674227,-0.3278256681551637
579299,56.95445743535489,-0.2935860929502623
589499,5.710621793850094,-0.351289178167125
589798,9.645252585089006,-0.6041024682296119
590099,24.087867699649564,-0.9488022319293563
590398,20.465771425181973,-0.969151425767312
590699,17.09969000518429,-0.95524608544449
590998,4.382902591961204,-0.16178333211569385
591299,4.907236692755381,-0.32238857118333164
591599,2.7060774018303846,0.15159466176794312
591898,2.6115214503927824,0.16469565639315353
592199,2.7579553244574213,0.10654711471115352
592498,2.808740362174235,0.006389349772187081
592799,13.754193183574628,-0.6513570627372944
593098,14.282418989910765,-0.8653501830532964
593399,2.7878913072022744,0.10587189588481916
593698,30.768377642269556,-0.9787889355959896
613498,,
613799,4.323761615170291,-0.07274967187086001
614098,9.992897384956574,-0.6631665537811966
614399,3.1514805613547283,-0.1268569077146522
614698,3.0432277280689566,-0.10477740937289837
614999,3.2999617214092343,-0.13793063290175334
615298,3.2838246140805314,-0.16269371819646694
615599,3.2046995087286785,-0.13645848675102124
615899,2.9972232506684935,-0.16249857758333008
616198,3.407307146973663,-0.26021760455728526
616499,2.8282069988606238,-0.1374403408384739
616798,2.738957421865253,-0.13963975298969444
617099,2.6724823692379385,-0.13570267727301122
617398,3.847836204357657,-0.22205940659643653
617699,2.2563501370793007,-0.07207649291778506
617998,3.8974010322614827,-0.26180794144271036
618299,2.2763061710746717,-0.06450926394989076
618599,2.5024944570091683,-0.11648442990240793
618898,2.159808491637481,-0.032918509973159926
619199,2.201659503958895,-0.011944714169051851
619498,6.65759332778385,-0.3298683531868365
619799,2.001852948073406,-0.001921748699956538
620098,2.017691288905999,0.03710324454252678
620399,2.223673528737018,-0.001208337676639859
620698,1.9099448748581282,-0.019024567959875283
620999,2.846157451959042,-0.29193571089711456
621299,1.8914572273966723,-0.00245576391405411
621598,1.8493589033480613,-0.03381954566386369
621899,1.9025971719962094,-0.013875653041788949
622198,1.8817368158643402,-0.005943504010184286
622499,6.668999428346699,-0.21662910899522592
622798,1.8442989757554689,-0.05518606072879417
623099,4.893824841037593,-0.18002518680000534
623398,1.8774085909776912,-0.08093979560289366
623699,2.2391362242296093,-0.29917368356777274
623999,1.7941468242878764,-0.1137536622048887
624298,1.8339115147670435,-0.0458779878120652
624599,1.8614184749746363,0.028988418275420313
624898,1.834296718380469,-0.01308957996374338
625199,1.8758629911050058,0.02941280322170703
625498,1.9583961002231365,0.026851542807886486
625799,1.876112279577228,0.005936802964637833
626098,1.856519915600376,-0.055150970238910135
626399,1.832341686030932,-0.05266654933050696
626699,1.76219803805647,-0.14004414838165125
626998,19.35978327731807,-0.26354868545448884
627299,22.183514051805858,-0.4023581630283817
627598,57.732567229766914,-0.7776887262609651
628798,27.571244697295654,-0.4210402665909925
629099,11.161039431948558,-0.12387151113772732
629399,6.3965361049936575,-0.2632703895313411
629698,23.672010927897997,-0.7213419462429795
629999,25.815616573246412,-0.6062999221677097
630298,22.963900217436603,-0.5426674036023269
630599,,
631498,16.586086850642623,-0.48333806475129637
631799,24.18712728559633,-0.4573441891678187
632099,11.768738487598267,-0.6037062272165097
632398,25.024779042824022,-0.3202046674228278
632699,20.368807502633715,-0.3138070468904519
632998,14.984806197309625,-0.5458288171999186
633299,6.143715475100093,-0.3140728929661185
633598,3.3972988822968513,-0.15909183940431704
633899,22.807758158269564,-0.9915076873600457
634198,3.1674868020422897,-0.1800893911403063
634499,2.614021477519239,-0.2662248165286749
634799,1.987307793106766,0.049614965975201986
635098,3.6775462035628355,-0.22715184335170058
635399,2.4240227914868315,-0.20529537220575245
635698,1.7584604552060865,0.10479177145541241
635999,3.376466277462004,-0.23892904732998899
636298,3.219799521213586,-0.20885088245437666
636599,6.93234723368111,-0.46111274893862975
636898,3.047021454839925,0.029692669523945336
637199,5.428200317423298,-0.2864170559895627
637499,3.647693764232232,-0.1947379358807595
637798,4.045556105681306,-0.2030407763359705
638099,2.8815859403045962,-0.06019572968066611
638398,4.8540491995104205,-0.30740548163824255
638699,50.503048507984516,-0.37020975504182774
638998,126.89229062751,-0.11132367199854243
639299,4.241487843472216,-0.15626744672114068
639598,,
639899,2.3775471542162943,-2.170825782106755
640199,2.716852910367883,-0.20627179716218813
640498,4.349532202291144,-0.24634009953520963
640799,6.040178541607837,-0.25008892648741443
641098,3.672301851196237,-0.20596432940781928
641399,2.7813378911204993,-0.020288977549428155
641698,5.184510434387929,-0.27400189375979545
641999,4.654447624153643,-0.13781743237435107
642298,3.2566956658580626,-0.20080477733339008
642599,41.511846866565534,-0.48545688791540176
642899,79.6306394531866,-0.5413382416880721
643198,3.0797404000956705,-0.03923553853217587
643499,3.639442474164045,-0.0714595230970192
643798,4.409604459077745,-0.2082864756661411
644099,5.566195724387929,-0.3006317106252854
644398,3.8540036973446004,-0.01991912272251306
644699,3.694528513856175,0.01763695905523399
644998,3.887530887372378,-0.018760135894727803
645299,3.9694985978376565,-0.009212776597175898
645599,4.924116570194137,-0.0828994136895469
645898,3.702530902736889,0.035343964895676705
646199,4.816925311969602,-0.07311581499106223
646498,5.208908784374693,-0.10814485784086858
646799,5.938693376619412,-0.16700244976187206
647098,6.839968359373536,-0.19480652322773584
647399,6.555772190593443,-0.19856811306075595
647698,6.43421233365363,-0.1852219299549085
647999,6.054037269074924,-0.16998558861426027
648299,7.6340186935189145,-0.25670295772132046
648598,11.49781415131171,-0.30178312920996486
648899,10.032189401001345,-0.29072398762326035
649198,8.16243935574254,-0.3326061489846097
649499,22.02131382926568,-0.212029176357869
649798,36.66767893732742,-0.37072218117316114
650099,24.7393949315873,-0.39844490985306935
650398,50.767323416224976,-0.39940053725828184
650699,38.13720994825739,-0.35798677035242066
650999,43.683960647428314,-0.26630826235124405
651298,36.16357295783847,-0.33102287551382403
651599,4.89375888122862,0.0006996108437408166
655798,8.426222800651948,-0.2613339769600078
656099,7.045774291347131,-0.22441085919882386
656399,6.400152913691298,-0.23576248418789914
656698,3.7605448860292614,-0.17133856652574964
656999,3.5107357246850945,-0.13842824411853427
657298,3.285188048103988,-0.10484096529520581
657599,3.2508066071059933,-0.12300399241372584
657898,2.795858883967105,-0.07198153028215137
658199,3.6745345737803783,-0.03460380657120421
658498,6.545872961306401,-0.234884698784821
658799,6.844124208490283,-0.2600477461011135
659099,6.862946225184683,-0.1509287819201055
659398,11.549142580475975,-0.3016142387906351
659699,7.946128063938257,-0.18270437910611115
659998,5.1872456564220535,-0.11099088217916253
660299,5.448189632720567,-0.2261708664943125
660598,5.228078107036535,-0.2046639096074887
660899,4.591407992586308,-0.12354310440059524
661198,4.320817242421954,-0.10725295123711431
661499,4.229979056421955,-0.06192158536483716
661799,6.86930586632463,-0.333147837566633
662098,6.098924051278838,-0.2726782942600354
662399,12.369873990045736,-0.40693975452250775
662698,8.684641055500556,-0.33996279740419144
662999,9.648299737104722,-0.3921775254866595
663298,11.101776311668422,-0.39144024993258353
663599,17.843057209464718,-0.44694711552724176
663898,18.314083390795734,-0.5051261048850102
664199,19.589108462214718,-0.5065909916750473
664499,23.070118824636015,-0.4885442784319183
664798,25.487610938038788,-0.4598708030545846
665099,19.920924334027664,-0.4941270338957715
665398,33.712946205658824,-0.4520403240942128
665699,48.20853350150766,-0.5912777319267912
665998,61.511072329418965,-0.5080035802737999
666299,62.69002362524608,-0.45984949969247313
666598,50.8551504856234,-0.4845740339933384
666899,57.364782721134276,-0.3768278677345005
667199,26.48763849969169,-0.3569978229651063
667498,30.78235758415813,-0.4166095837292012
675299,18.645015975492036,-0.5724051203986129
675598,6.593342783657964,-0.46335734547753615
676198,3.2234213090629282,0.006204596511757421
676499,8.345197916495927,-0.5286318616757264
676798,15.631573780647134,-0.6940894750400568
677099,19.11438218997095,-0.9432177615251285
677398,10.909746351672341,-0.8310849160892035
677699,10.087595573247121,-0.6495434175706183
677999,7.289590825022133,-0.563533176559295
678298,12.600152481582063,-0.5967738445847861
678599,18.903888320501302,-0.7572021364275592
678898,2.2597574080151186,0.21090225260883344
679199,2.02892102852449,0.28622912924527677
679498,2.061369040899565,0.18169317003148633
679799,3.331699889003544,0.01130502855046367
680098,2.2992212138287496,0.16006823543343207
680399,2.3655351731296004,0.16059598436825306
680699,2.531942131115711,0.13359955686550284
680998,2.844340352748463,0.08772324484847482
681299,8.891679877891397,-0.3733530363382689
681598,4.424925170638535,-0.11358609365828731
681899,13.683348318772135,-0.7616034060892654
682198,13.48563973835315,-0.8435568078659954
682499,3.836378706045427,-0.1225577805216096
682798,8.421910202960085,-0.5487638493786575
683099,2.4678752530640264,0.130207640195953
683399,15.998979901033453,-1.0071291678666432
688198,9.73743362620721,-0.23563693163084265
694199,,
696298,2.2259115220313785,-0.2683951428153257
697198,7.129162442863737,-0.3577017953744104
697499,21.885665769404937,-0.9352467200704835
697798,8.619028809298456,-0.41950759891765643
698099,2.848784043952167,0.12137351072638092
698398,3.114021197572537,0.089143867192775
698699,3.495001074692908,0.04978861809653512
698998,3.5695172507640627,0.03550438125220723
699299,4.277204145930202,-0.036316574057347895
699599,3.6059179200262417,0.027075303748686164
699898,3.267592778723001,0.07648729299035895
700199,3.4094919073155934,0.06302947332068864
700498,3.826000967152951,0.0032280128548423104
700799,4.195819325860804,-0.051685323511583725
701098,4.0850526814186745,-0.0478929687047116
701399,4.136562526782581,-0.019572723829291316
701698,6.093085145751962,-0.2372292912932521
701999,6.40293013818418,-0.2761424350209125
702299,3.946867010883347,-0.03093574150872791
702598,6.5166334391726055,-0.27723003914691624
702899,3.4920788048247786,-0.0996950830748271
703198,4.379797331942881,-0.21887454695947262
703499,3.385037387012977,0.011004707484657317
703798,11.007830166419538,-0.5454138514576345
704099,5.723769933276773,-0.26992265212084177
704398,5.827305730158615,-0.28053385559201494
704699,2.915474191682691,-0.003124683883604762
704999,2.89641981995584,0.022023192790398216
705298,3.203534705055376,-0.03915316851171391
705599,2.9126567289078786,0.05246153815662313
705898,2.950236840432691,0.039013041226926615
706199,2.9523257509326917,0.036852559639039106
706498,2.783752453902599,0.05664952339439333
706799,2.8663763993285247,0.055544403702142975
707098,2.8300112590333137,0.06776181095673184
707399,2.9198224962428774,0.058342653553487556
707699,3.020644565710469,0.05167068780921136
707998,2.854864943985932,0.06982169105505076
708299,3.1123440510206546,0.030050445848139873
708598,2.834337370907228,0.061557289233652224
708899,2.3949486647544513,0.0632323922245408
709198,2.4695331107428764,0.06307905885366338
709499,2.5328842569049135,0.06273860012053911
709798,2.5919254029118584,0.06722833765951552
710099,2.656514981488247,0.07338537008230772
710399,2.659425929840099,0.08049198324390394
710698,2.7958077267428765,0.07934389852836699
710999,2.804965441437321,0.0789210012675553
711298,2.8729883149928765,0.054437492276602883
711599,2.908391792886395,0.05364758637210365
711898,2.9750007075021365,0.05986905526503583
712199,8.987761964799923,-0.2878941045297192
712498,3.139990950400935,0.049188001517914914
712799,3.2616201831995455,0.03295561652426282
713099,3.3068095969379714,0.03675428249283741
713398,3.56718489457686,0.01703490016222242
713699,3.7611607796208406,0.00034737375566618045
713998,3.8612290889750076,-0.0038242786697126885
714299,3.7211514409726942,0.011579870857194363
714598,3.746645751764361,0.005592202296543114
714899,3.588455568345379,0.0256094558680795
715198,3.6606534237689896,0.0010656736611601714
715499,3.301734848846464,0.057315230454707655
715799,3.359032302658965,0.05074201784505883
716098,3.4062573709595814,0.04973398789363059
716399,3.2287732710438894,0.07829242163739558
716698,4.272635999296117,-0.10089390872041615
716999,3.021286201277907,0.04978560295067769
717298,2.873164141265446,0.07671874313280524
717599,3.270733933481954,0.004999474211510813
717898,2.848955988038594,0.08789603937352841
718199,3.0374077797793353,0.06725820151676809
718499,3.1069315796023234,0.05756665294582408
718798,3.1247585758322307,0.05068591071253592
719099,3.1523244585081565,0.05627836919450513
719398,3.4991220859611207,0.019248184161201887
719699,8.944900237407598,-0.22521966121127823
719998,12.519261563941939,-0.3126127386198132
720299,4.700578637146891,-0.1640354476752659
720598,40.26104199860592,-0.21826296193394246
720899,3.41573865166459,-0.034616262384630225
721199,3.390173116126791,-0.11379320236532942
721498,2.90602539798161,0.018424377359518296
721799,3.0152107907617034,0.0405834011846119
722098,2.972450555836862,0.08474023811367182
722399,7.473225650182346,-0.3807908323887128
722698,3.288208702762788,0.053088535965583716
722999,4.379581681180032,-0.12637083686726625
723298,8.170543397909354,-0.3601597146489406
723599,4.008355309050618,-0.11353627124359189
723899,8.06668915909207,-0.35848833400682234
724198,2.8614882480642923,0.02492986629305094
724499,5.084332336292683,-0.26377123141836734
724798,6.218616765283891,-0.2698012149281592
725099,3.9378839017355878,-0.18558995942637346
725398,3.7517207614230887,-0.13901823657579815
725699,3.539526248639018,-0.023960217157932284
725998,7.168083724420931,-0.384294561249479
726299,3.204257456335777,0.019688791783048942
726599,3.329331519895962,-0.0072731582109599735
726898,3.031134007191822,0.0302372606514264
727199,3.083002725919453,0.015629995265412755
727498,2.8405336653037128,0.05835248797415449
727799,3.0242898859564904,0.042520760194518115
728098,2.8816349943510944,0.07619148695621958
728399,3.1071851072177217,0.042203749626434806
728698,18.209570356296354,-0.25218374760357243
728999,3.0220488243785297,0.07081610997715082
729299,3.0978411833137147,0.0682474974661641
729598,3.3685881357901306,0.050825679188723605
729899,4.506558800901214,-0.13326138404323662
730198,3.6949810018006195,0.01724043689236554
730499,3.5043855022230006,0.048036010963616094
730798,3.7949074198665187,0.02580304043274273
731099,3.7955302834405944,0.023278597792582012
731398,3.906816461672074,0.0029495945937855206
731699,4.267666445617748,-0.030075810714494944
731999,4.2111326945158964,-0.022511820146905892
732298,4.517952367793069,-0.04372778859840798
732599,4.747548401279181,-0.05144033108733326
732898,4.55918757617147,-0.03566901777207776
733199,4.5944780115493895,-0.03490559504705115
733498,4.902217590015292,-0.057769977713453935
733799,4.890351805918674,-0.052826543688744954
734098,4.9622694677381185,-0.046094514918449514
734399,4.980028176973001,-0.0434402267577918
734699,5.327873328518212,-0.06655854254808169
734998,5.369797539885037,-0.06064237759155322
735299,5.598123293185963,-0.07045404545442069
735598,5.96363631690247,-0.09502679338054154
735899,5.970665089863119,-0.09538354578936925
736198,6.205104707557563,-0.1075052564011898
736499,6.728531748020526,-0.13109681969233322
736798,6.906591731944136,-0.13725002176666434
737099,6.990896191106175,-0.1403199643207138
737399,7.316200064481175,-0.1610039248060482
737698,7.5084337419649705,-0.16364309420251955
737999,7.844716107108488,-0.17285672704737665
738298,7.761594501434879,-0.1555723803595095
738599,7.6588699356571,-0.14676697183454235
738898,7.6332462683843865,-0.150673027582775
739199,7.606533566738556,-0.14977831345517
739498,7.436443197636701,-0.13046403155137165
739799,7.403335079439945,-0.13134576564849265
740099,7.42474911139365,-0.1320995538811378
740398,7.521281698759387,-0.14417025081515922
740699,7.618254302805685,-0.14328047457997295
740998,7.496970639759389,-0.14374322799639394
741299,7.903914415851329,-0.16727073180204388
741598,7.771533644358275,-0.16470005563419532
741899,7.475999814273276,-0.13394372749544847
742198,7.678636649270961,-0.13913760818511833
742499,7.417145982122163,-0.12892418961859842
742799,7.643994488699202,-0.12899950081047296
743098,7.660922834502137,-0.14913097055836433
743399,7.6953705593450366,-0.13007750663598716
743698,7.390140037150592,-0.10409252745396325
743999,7.490667203421855,-0.11692722271010081
744298,7.53199653118871,-0.11862873606479085
744599,7.798702861904912,-0.145398491910935
744898,7.844504432106301,-0.16502797711726824
745199,14.330461956828515,-0.403909830403568
745499,8.709229163978337,-0.265060968196108
745798,6.719656886519143,-0.17615934892193863
746099,7.871618425372715,-0.2195123423331029
746398,6.975747233022316,-0.19179756548121007
746699,5.945193546319878,-0.13677852443693972
746998,5.56386592099812,-0.1544865827805708
747299,3.6700635061982427,-0.10029817705015165
747598,3.8118604139019476,-0.097584930283938
747899,3.916079869807039,-0.11453069287954398
748199,3.9575321546866693,-0.09021686699504183
748498,4.101529389943613,-0.11644118742188114
748799,3.9586439199968546,-0.07478706169444727
749098,3.8847368094482437,-0.06846068326408816
749399,3.8118901780732433,-0.039910603961086366
749698,4.625930534357964,-0.1876983366319449
749999,4.588201396080187,-0.1922729586396561
750298,4.6057217091750955,-0.18271047211697877
750599,4.737953171890373,-0.17578460769950977
750899,4.779524632179724,-0.1683706127802982
751198,5.126070316522317,-0.19361814352256346
751499,5.153499383036206,-0.18571974959293303
751798,5.263353534177409,-0.1750730765524302
752099,5.25317513867741,-0.15556194788038624
752398,5.071616531959816,-0.13008570990395207
752699,5.124885235848706,-0.13968629921164966
752998,5.146754652448243,-0.11233247033065119
753299,5.20421158607556,-0.10539844775489637
753599,5.944183523355651,-0.24539774673331682
753898,4.539231389561667,-0.0479582565165273
754199,4.545238390297779,-0.05464456720194333
754498,4.794437205977285,-0.06914806117983119
754799,4.87654144666352,-0.07423583750990215
755098,4.4671644797075025,-0.10797079866466452
755399,3.988902594711697,-0.048007080873547325
755698,4.13030485005241,-0.04117734317140154
755999,4.114694056040836,-0.03338042405342745
756299,4.16597757421676,-0.040937445093157
756598,4.248987520362595,-0.05762557586835704
756899,4.405503639420465,-0.09797817361453287
757198,4.432954988469077,-0.09861830470263766
757499,4.328320820408892,-0.06488311854719209
757798,4.45843492529778,-0.049236630699535766
758099,4.448838072995805,-0.057247388437367874
758398,4.628620853526947,-0.06650265080125606
758699,26.951212224956734,-0.5404875765250321
758999,31.744044621447486,-0.5279259078613578
759298,2.740547675378911,-7.352548983280602
768899,2.4846210975532124,-0.05554794533214569
769198,8.724012054600287,-0.23660219339255484
769499,8.946499038768147,-0.3510635573181815
769799,7.963691879720656,-0.2199713933419878
770098,7.364975941672652,-0.23316782467686847
770399,6.400063360102603,-0.17401931641628243
770698,5.748614807455106,-0.11924022876427776
770999,19.634280882818885,-0.7405939439716906
771298,11.481178116116297,-0.5786507484572152
771599,30.917581826958173,-1.1054932218359674
790198,1.7809700518450176,0.2086648994032353
790499,5.68693565126293,-0.3295584158706162
790798,3.8581456463325026,-0.08103818675942343
791099,4.052248437434354,-0.16092659325743908
791399,4.216524570651947,-0.20167352394864402
791698,3.9174862287938024,-0.0900263018064702
791999,5.963901796268339,-0.33177713087891236
792298,4.834718084892688,-0.26643928067141265
792599,7.169246362744539,-0.27618747126314225
792898,5.172719671425096,-0.2766471210461374
793199,3.6042651632653726,-0.10458955345132037
793498,4.806266075186233,-0.25491229720032416
793799,5.106794710451208,-0.28590963592681096
794099,5.817391343712132,-0.2959534661836367
794398,4.2077415223093535,-0.15345916017043382
794699,4.17433987411028,-0.1376914318287321
794998,4.388283327676974,-0.15896800513444753
795299,4.735568682517687,-0.1885137780108963
795598,4.203703738668151,-0.12043708050075574
795899,4.980674965154261,-0.24728112393068047
796198,4.104595080966761,-0.13946878791849882
796499,4.3514118010223175,-0.16377514489153833
796799,3.987445480193613,-0.05310117561876582
797098,40.898888180314174,-0.3608827320666561
797399,6.09255191311021,-0.13826661825797149
797698,6.170091432073551,-0.15977808550984096
797999,6.322298974817804,-0.11548329797263102
798298,7.433565904645933,-0.19869896381528274
798599,3.503414933182039,-0.029216974241368376
798898,3.7534230083000955,-0.07871402341126976
799199,3.962568725172344,-0.08502551641218115
799499,4.060857260917715,-0.060798086170816834
799798,4.190717769311232,-0.073050147584802
800099,4.772306039943177,-0.18931251052046516
800398,4.245669695476673,-0.04395815470614428
800699,4.755297408885744,-0.08053968597333783
800998,4.80135904678389,-0.08867778936154092
801299,5.212202997156576,-0.09570480942591009
801598,4.692981854154913,-0.024539502811599334
801899,5.151480442999822,-0.06762593909578674
802199,5.235779599917139,-0.0700030802006244
802498,5.480242020136394,-0.09880238490378046
802799,5.069302862604916,-0.15992030782076028
803098,4.457179537248391,-0.1659578996816331
803399,3.6552834588535514,-0.027331669375390888
803698,3.859605825100585,-0.05355568686231171
803999,3.745111780982965,-0.0070807788740281374
804298,3.8910358198817656,0.004982582381370171
804599,4.308300312476022,-0.056133535073664476
804899,4.64345009054315,-0.090851733722352
805198,4.93951548131167,-0.12067758032443732
805499,5.053475596560286,-0.17959022617659515
805798,14.06987066853879,-0.4131147486763609
806099,98.50084086957088,-0.45243160276493
806398,49.231205668637614,-0.3794000062722762
806998,,
812999,9.84680762934666,-0.5142214606294029
813298,8.325232736046852,-0.47694510828540304
813599,9.053243993011673,-0.37120200899751987
813898,4.438820201615671,-0.24790997600774833
814199,4.0534618918919545,-0.1430607142902358
814498,6.093989169368806,-0.3875984908596921
814799,4.512588639246121,-0.14839063106728023
815098,4.678933097850287,-0.14428759309220274
815399,4.560262706611862,-0.1339129145280351
815699,8.260095841446393,-0.46070993870275667
815998,5.552345839667977,-0.27871035107318254
816299,5.052063189912788,-0.12544437271705133
816598,6.152630945936495,-0.3136002589091509
816899,7.370748412784162,-0.381663197641289
817198,6.5726117959156625,-0.36470263310325524
817499,5.7519521330244565,-0.24859533407096945
817798,5.9619917833825005,-0.3245823640266383
818099,5.2819729732576945,-0.2272309439121516
818399,11.645141543511015,-0.5313562803887648
818698,4.834045514875751,-0.10141539388275556
818999,5.045990573450429,-0.16238953077593532
819298,5.855353253507236,-0.20307307075836767
819599,4.546253633376356,-0.09464466202894783
819898,5.591237937272144,-0.22322656352209558
820199,7.594324657179596,-0.3434899644688283
820498,8.299612157998435,-0.366407772929465
820799,5.663584299980523,-0.21922388343457433
821099,28.882203083086956,-0.5538247723582652
821398,18.555956159823058,-0.5061784739673849
821699,35.08154523556186,-0.5145910648525978
821998,5.12871713745043,-0.0582626034845628
822299,5.094335362511266,-0.04086248139092907
822598,6.153101762350893,-0.0936814975931235
822899,6.454835293036077,-0.10674674911592907
823198,11.39787734726676,-0.2923649775231718
823499,12.800003586239207,-0.2157840097649939
823799,28.013118007151878,-0.4420303027709198
824098,29.35078736732318,-0.4107490304272201
824399,19.741575262860547,-0.41251452079144224
824698,17.542926333381384,-0.33497190729849935
824999,16.07960012609666,-0.30965943074711944
825298,17.959330468418422,-0.38052263881036397
825599,19.06946739132814,-0.3797737348399255
825898,55.263608253265296,-0.6048659509375083
826199,70.20527068672362,-0.6219067217873202
826499,60.18285108642502,-0.5725690642098666
826798,100.63105998554701,-0.6064959222252706
827099,113.3348632826264,-0.440734957837402
827398,129.55787152999144,-0.5194183648739108
827699,102.33674288452848,-0.5254687867405055
827998,117.65299464008406,-0.4930501912374934
828299,97.73930294816277,-0.572566213330987
828598,80.6527976325801,-0.4734611074422166
828899,102.34948211563568,-0.5747299899650158
829199,70.61915797141808,-0.5093976414230852
829498,29.874567223034532,-0.42625257075990386
829799,55.32413866863567,-0.6108149061018642
830098,53.61974485563336,-0.5360434958291755
830399,66.94447949583707,-0.45323477442765747
830698,57.345855075788705,-0.47678923461100076
830999,61.14091314381161,-0.515293461523922
831298,68.86323475968223,-0.43407793162388963
831599,51.97532308492065,-0.4969443547414012
831899,64.11864641258732,-0.49014192643537124
832198,47.2540501051614,-0.5418755515504012
832499,42.91111090685397,-0.5464354874911526
832798,49.2508800581151,-0.4734244343959444
833099,46.7673299813563,-0.4866301045626231
833398,30.56938979354686,-0.38638328238599073
835799,11.175264869058493,-0.28599834901833177
836098,12.704328585174379,-0.18232237036648047
836399,10.903850038621547,-0.14256015357141627
836698,10.434190090847656,-0.1771350942536316
836999,9.185892522176363,-0.14862865955485827
837299,7.954629503241175,-0.12724358035900374
837598,7.64881863198886,-0.14834431911114754
837899,8.386496820189636,-0.20534554215379996
838198,6.794878134413521,-0.21862785360399717
838499,6.128699433885743,-0.19688272288244169
838798,6.01377035666352,-0.19609868979888145
839099,6.103279848749168,-0.22641922595740804
839398,6.064422541242224,-0.223854312849038
839699,6.223171835600585,-0.23207926253477495
839999,6.238780285730214,-0.24432890909432303
840298,6.287324812350586,-0.24007105366476855
840599,6.346253403280536,-0.25495240971622257
840898,6.583074942206461,-0.27404578125339585
841199,6.72685261377822,-0.26812193869288703
841498,6.588928772908456,-0.2397467707831158
841799,6.867990548658455,-0.2576325516032183
842098,9.11315867628883,-0.23246052796062044
842399,7.793285419545774,-0.2288081353523188
842699,7.386807190583152,-0.2464808103538909
842998,12.196863387397622,-0.292605430925049
843299,8.396049838466633,-0.29748524244225627
843899,,
844198,3.1159035957807393,-5.426976434963499
844499,9.419452718708152,-0.2936315855608296
844798,9.480544717353643,-0.2619196052243833
845099,9.7546968018563,-0.2700106006827765
845399,10.026503457201208,-0.2567627859805861
845698,10.818648207925744,-0.28003812732510536
845999,19.798015111134717,-0.30325407944519056
846298,24.303738089697557,-0.1878416639715541
846599,36.79539968479369,-0.1984892081914562
846898,59.75423744242237,-0.2486909213533428
847199,70.68638382222558,-0.2574301626711728
847498,3.148489566296575,-0.5547885640068535
848998,7.482248732796115,-0.1389389698665331
858298,19.183807894821953,-0.4674679652023115
858599,10.04224323390384,-0.591697124576283
858899,22.907939529226287,-0.6289661496092294
859198,19.13341630431537,-0.5775015418118585
859798,,
860398,,
860699,,
861599,,
861898,22.27398841413104,-1.104628094650948
862199,15.657503299742157,-1.0119321829943124
862498,12.063080112799334,-0.7032417463709575
862799,2.163936636971542,-1.9882907559224652
863098,,
863399,20.783607255871786,-0.8073774346218479
877799,5.63922728662112,-0.17002572328239585
878098,7.23238475654529,-0.3027032221077788
878399,6.899302259665102,-0.27709594566638707
878698,7.255986540114176,-0.3136418978148414
878999,7.055230529181305,-0.27574125936548755
879298,6.84460301119288,-0.22019260481241343
879599,6.738694534704454,-0.22837989691011096
879898,7.072687023477603,-0.27128291257642245
880199,6.240297749607837,-0.3383792405593913
880499,4.994772816172001,-0.22973613204810395
880798,5.517714597204408,-0.28198587497778815
881099,4.888188106577093,-0.1750454737071463
881398,5.51539804367741,-0.25716222341196526
881699,6.460305795292372,-0.3288044240718446
881998,9.923286009717833,-0.3279201392338629
882299,4.539055157822464,-0.1462936749640651
882598,4.548457611299317,-0.16161864936803205
882899,4.656077461000705,-0.13802765837753173
883199,4.662623968030797,-0.12642175439282854
883498,5.491103645593298,-0.27456392627463355
883799,7.71341305824149,-0.39730853867469107
884098,9.628734221953804,-0.29738294809301524
884399,5.3014507312279,-0.26193821943588524
884698,8.341814425287136,-0.3256323735149689
884999,7.608931768949175,-0.27585798098827374
885298,7.607636116653483,-0.26904782894516277
885599,7.82726152478114,-0.25284463659275347
885899,7.527923300886676,-0.2669775688991509
886198,7.64763110844223,-0.29228223656031704
886499,7.590111083076489,-0.31921732381115286
886798,7.8467035473334334,-0.3035300222894446
887099,8.035128592047002,-0.3189086720108987
887398,7.910071012444545,-0.2956105107395701
887699,8.126736301651214,-0.3466150411168545
887998,8.75222469146603,-0.31593631803104194
888299,10.028220117692879,-0.3582850366874546
888599,12.236085640941123,-0.3237364282186155
888898,7.428636812468344,-0.36185889177268926
889199,6.811236952646584,-0.32980242906650736
889498,7.701764304269269,-0.27888747052987295
889799,7.923470396178993,-0.27316888664072203
890098,8.279894432496121,-0.30882489849989136
890399,8.571040828732231,-0.2817105951860319
890698,8.966297567667418,-0.31912979668167285
890999,9.947277460158718,-0.4118795930070034
891299,9.495317807758255,-0.3556044403416523
891598,8.376406274206769,-0.2800891781806094
891899,11.530931837039542,-0.3948308332792161
892198,9.026419144913346,-0.4818044572122784
892499,9.862488537482792,-0.5111234999762766
892798,10.158478363725848,-0.4933892213311295
893099,11.727168951523339,-0.5047605446841896
893398,10.397777382150656,-0.4677336130275087
893699,8.925491623977043,-0.44520222513361785
893999,11.07289021229186,-0.4848642766390423
894298,10.689437377372876,-0.45243200684230245
894599,8.42681504333065,-0.38841056701466736
894898,8.347767378817366,-0.3733876191455414
895199,8.050643345732837,-0.3666402454569566
895498,8.90919209274612,-0.3961277661829039
895799,10.189300241079456,-0.4149241239390551
896098,10.265952835062132,-0.42112725094485604
896399,11.005215276906403,-0.48025718700669584
896699,11.46478672177047,-0.39929225688243375
896998,9.200431825091028,-0.42367380676523037
897299,13.432843369409161,-0.5337321532458903
897598,12.027402196889081,-0.4845408366313908
897899,13.986862472460839,-0.4596235375719011
898198,14.22014809175945,-0.4797840952033028
898499,11.532684274303431,-0.4191773206796878
898798,41.92949640843359,-0.4273841487239438
899099,55.28206593734562,-0.547174159186101
899399,35.34762941399518,-0.42703264135038554
902398,3.2319396596567653,-0.0886378952794753
902699,10.459599630341,-0.43841929509569266
902998,19.10492113576229,-0.5693307411555284
903299,23.69413275250836,-0.7402529322037423
903598,10.175319099489231,-0.46824905808979667
903899,9.662083771348028,-0.5342131486809021
904198,8.003454184736862,-0.49096574490649325
904499,8.020102577204455,-0.4466169727836884
904799,8.465203455617049,-0.4358931761120126
905098,5.856723562228162,-0.3692231535397881
905399,9.737257350582329,-0.49642635195592155
905698,10.021712034040155,-0.5204725279474349
905999,7.31727279381788,-0.46270469523839375
906298,8.824808798769828,-0.5249979320751137
906599,8.110099555934179,-0.5282157083943158
906898,11.493360805750804,-0.479661414232359
907199,10.702860944097775,-0.5488524280573182
907499,9.435919883688303,-0.5038069967302616
907798,12.5918712506337,-0.6217307791919151
908099,11.045205996401018,-0.5774673283876897
908398,20.39072044656148,-0.5661725349974567
908699,38.57178555134632,-0.6352616899496843
908998,11.882548466924415,-0.45496998414877043
909299,6.939937935283717,-0.4544609618201052
909598,8.038640083589273,-0.4921341792294529
909899,22.14698354259539,-0.3524952589765642
910199,5.026098071225547,-0.1708955971448567
910498,10.415187219195001,-0.43535086232729947
910799,6.2489413048230675,-0.3576151380105257
911098,11.389711164174168,-0.574507424169526
911399,21.245076510357897,-0.7301298125099316
911698,27.830860933418084,-1.0321828645458324
911999,5.837565212105476,-0.18881367544615957
912298,6.117860976841028,-0.19513063617747717
912599,6.3797322117420965,-0.187573472614601
912899,6.7735203271541335,-0.17486304492291604
913198,7.65217172216259,-0.1732326584688657
913499,8.545286673898705,-0.1827455559082547
913798,7.826535919466437,-0.1706235141597634
914099,7.142987613943632,-0.09992360959111779
914398,7.456545634416795,-0.0884742493132209
914699,8.109561830590408,-0.1052835039386597
914998,9.313686316555685,-0.1286276564088289
915299,9.50092246995383,-0.12880538896062266
915599,9.923926366101979,-0.1316736014612181
915898,10.492459638099016,-0.14717335009103705
916199,11.27722087426749,-0.15595148346030396
916498,9.330995934847351,-0.10405170240455086
916799,9.815535320533911,-0.13158992571722905
917098,10.36419415105243,-0.13711788636258682
917399,10.598960218388076,-0.13831818059212453
917698,11.144886967931809,-0.14448252040742338
917999,11.254808836930582,-0.14054651969646437
918299,11.915575979672548,-0.15250676753939496
918598,14.438720452699872,-0.15169383880884446
918899,14.480355169954501,-0.1529844354642278
919198,16.416440314275565,-0.42185613901420815
919499,12.993520557030848,-0.2513940103483834
919798,14.77723556112047,-0.3341590840532207
920099,14.827675839460754,-0.3221160076358083
920398,15.744478235664458,-0.29413177188644823
920699,16.106463640260017,-0.250401316498565
920999,20.909459374921138,-0.38522260889723703
921298,19.003158842266306,-0.4317580666367862
921599,18.396012159453804,-0.31646188710838064
921898,21.304878831816975,-0.40111538846294126
922199,2.5730075155019825,-7.649472190023859
922498,12.520637062509815,-0.30965110968571263
922799,3.5355107057350725,-0.019897875985859237
923098,2.3583743679908387,-1.693678912867
926099,48.471269951973184,-0.22464133948257858
926399,55.2602154440087,-0.18095642912482246
926698,4.117147609220343,-0.0506385133766154
926999,4.622741949827873,-0.04215877404631829
927298,5.222245759149632,-0.10558337905082094
927599,4.895721065596391,-0.05691213028916109
927898,5.402352666363246,-0.17877919529791741
928199,5.14244616531089,-0.10254552922210425
928498,5.425991572526168,-0.1722009865100953
928799,5.271130088042372,-0.17256922532111818
929099,5.425973372505335,-0.23020363514775255
929398,5.44587452350302,-0.19748565539683582
929699,5.629094251264593,-0.2248435852792643
929998,17.794852988987472,-0.2574142565047195
930299,5.438346394428946,-0.2163863673685258
930598,5.827645704829454,-0.2561434026900713
930899,5.934409341334083,-0.24420806681646634
931198,6.515679519834084,-0.29938368370712776
931499,6.5858400941488995,-0.32118908952597947
931799,7.642938764535474,-0.39030432935098247
932098,7.041038157146584,-0.3621786554031019
932399,6.749800972035474,-0.3294455578485238
932698,6.442180624306307,-0.3075946079915637
932999,6.601782984141954,-0.33886504186167055
933298,7.145633940683622,-0.34692023662576976
933599,6.945003561408159,-0.3460390987147923
933898,7.021904436135011,-0.32969087530920316
934199,7.128361005968947,-0.3099553750234292
934499,7.375684475130985,-0.28302390644238695
934798,7.834467976677282,-0.3077300856723799
935099,8.501117891512928,-0.3187410601265426
935398,8.719065046686541,-0.30704186225394947
935699,9.089788679184663,-0.2832282310558141
935998,9.77643251255966,-0.2973682348028197
936299,10.363982577161515,-0.3291173727113823
936598,10.962240616293457,-0.32175907524937286
936899,11.91539971815413,-0.3614878340922061
937199,12.438237000832375,-0.3792931977605143
937498,27.41445657960584,-0.4721974486494307
937799,11.254690749005938,-0.45217516561002835
938098,29.75108066867297,-0.31941799020118755
938399,37.261762713688796,-0.4099953930218385
938698,44.25507145514455,-0.4787826247030409
938999,34.217082891517244,-0.4390580266088213
945899,6.19849881163038,-0.3733283473249367
946198,6.017793939382695,-0.31863719466233564
946499,4.50698510231788,-0.09949590831172506
946798,4.392016336850893,-0.08250895463480767
947099,5.9964819772837625,-0.31588607839913996
947398,6.317612635769874,-0.37195634632094365
947699,4.358088425459084,-0.043445190516624654
947999,4.913662212894921,-0.11240587744183239
948298,11.655586529933425,-0.5242533298226639
948599,23.5330571805874,-0.5920586047300915
948898,25.151434680038083,-0.5983475027781284
949199,17.893493714374436,-0.6178260989330364
949498,10.614369685090834,-0.4297800244615011
949799,2.610162917075724,-2.11493826685497
950098,9.214599358856296,-0.4433135692148822
950998,14.317041259102893,-0.7162809400221415
951299,6.422943963662016,-0.17214633483587893
951598,6.099271077107837,-0.29333150266900865
951899,11.352785899435379,-0.21563079486586156
952198,8.633666343564354,-0.19835793611824104
952499,2.596503356622085,-0.32441472188631093
952798,4.165527665955996,-0.030788905893143204
953099,2.3321314477082633,-4.445600773203024
965399,11.943082151883923,-0.29083459822168245
965698,19.101578749735925,-0.47886353732373466
965999,4.796861527815518,-0.012985714859114816
966298,5.531527201854945,-0.06607792562008319
966599,5.150105865924314,-0.015019827539845654
966899,5.922087935437194,-0.14346617591350763
967198,6.284174775379322,-0.1655104039233537
967499,6.287174909096915,-0.13183549547839157
967798,6.325263175066822,-0.1512722004293281
968099,6.4233373213885825,-0.11232175278317813
968398,6.166898199780872,-0.08425671022572212
968699,5.948748377172074,-0.0766416068725686
968998,6.283249912410426,-0.07539122116688834
969299,6.27103777022524,-0.07225088457963924
969599,8.122055878952745,-0.3958930557949645
969898,5.157711031644295,-0.03953766199939657
970199,6.075806114239782,-0.17774080025090933
970498,5.775398415510037,-0.10433491398772432
970799,5.0181548537692215,-0.027533294206556924
971098,5.584190197646611,-0.08584524978355801
971399,5.6284955197345745,-0.0731237450530664
971698,5.169907434764668,-0.04480017482876186
971999,5.693066098021975,-0.18762839230134265
972299,5.44199810410024,-0.04617323077724533
972598,5.614310124926705,-0.06808282072069627
972899,5.343600209935285,-0.04288966142178463
973198,5.604257922914451,-0.05538757666893157
973499,5.80382786761584,-0.06213362130937505
973798,5.986955130126403,-0.11841210335220831
974099,6.1150246260696175,-0.09031988339034269
974398,6.164316110663178,-0.30343825697622373
974699,4.77902196146432,-0.1248449873987656
974999,6.564269334785472,-0.3483037882940827
975298,5.58051518388038,-0.17101309890675886
975599,5.732485755542417,-0.19667477143090673
975898,5.954073255121121,-0.21307594083393622
976199,6.337185969792418,-0.2534573036495027
976498,6.521720651248437,-0.24499972149152183
976799,6.193868690466029,-0.21656076210156439
977098,6.447751179628717,-0.20224375338123157
977399,6.44473386035094,-0.1949049022313427
977699,11.590421579127,-0.4395250144938019
977998,24.758101953009817,-0.2903861381228985
978299,17.34628456961886,-0.35967999907327286
978598,70.62834783033013,-0.322320905775731
978899,25.455541487004066,-0.3595855131061223
979198,7.5241894664480675,-0.25295799882882575
979499,6.526456409633254,-0.2487698555745712
979798,6.8164499761772355,-0.252061000153621
980099,7.28990457272816,-0.27957453110658426
980399,7.558162735755938,-0.2949031605083905
980698,8.051826077655896,-0.3181212491694374
980999,8.680245223144322,-0.34652972958853545
981298,9.04130325745914,-0.34945800722758014
981599,9.61933966616284,-0.3684303562864022
981898,10.274425992107036,-0.3747311666698374
982199,10.008609321445247,-0.35655593494717164
982498,9.895628490195248,-0.3469615803338588
982799,9.997119052718396,-0.33350732690814766
983099,22.11121408162018,-0.4021304982084142
983398,8.751143010511765,-0.32394228507353495
983699,8.285446530995056,-0.3251112830613361
983998,9.160006121300611,-0.3766848783597978
984299,9.752414306286475,-0.33629702622734814
984598,10.819051086185741,-0.34461735468506394
984899,11.101648929407965,-0.33678502105582786
985198,11.929079854229721,-0.3424089995909356
985499,12.667836278794539,-0.32654180651796616
985799,13.198714280782964,-0.36458829273046356
986098,13.866212243894076,-0.37613433804578333
986399,15.020153798414908,-0.38003275699729233
986698,17.478161085656392,-0.43682229248336935
986999,18.671435950455002,-0.4146230372351254
987298,17.417930236658705,-0.3925674342979546
987599,16.54267268009038,-0.3157160825778842
987898,27.481370482716695,-0.5008308197035887
988199,37.68400506475997,-0.5839859256689339
988499,38.35240393751461,-0.6105522504666387
988798,27.802565638000722,-0.5932953168593944
989099,2.2235246614819704,-4.0961593516146095
992698,17.887958225899567,-0.8580064014311759
992999,15.721229316387987,-0.7435975443166194
993298,10.406679626438056,-0.3853226898621791
993599,21.040055562102893,-0.6633718773823774
993899,10.990542018699827,-0.4414927074536934
994198,11.54393554043594,-0.43398338566345096
994499,16.100391192332314,-0.6484498359460293
994798,12.890579612276765,-0.48855292427440933
995099,11.34371898055454,-0.49749698021522715
995398,10.523162363353151,-0.38360833180339626
995699,13.256866284427225,-0.5426356113514823
995998,10.092166804990178,-0.45211049411178594
996299,9.116635867238982,-0.3951100896890758
996599,9.034811227942685,-0.4444152418414442
996898,8.254553230002871,-0.32523479911529973
997199,6.557483022540706,-0.3594722991126398
997498,10.158809301040653,-0.37596902221976647
997799,15.126760889117044,-0.6510161178003802
998098,15.135650698103152,-0.6476434212122206
998399,13.084197753978152,-0.4446354349859949
998698,17.325899097251305,-0.5888962565557323
998999,27.996380407887997,-0.980228101370469
999299,3.1439743092098698,0.06713362537963108
999598,11.047645701339915,-0.38131717382286934
999899,31.700963535739838,-0.6019491765870233
1000198,17.971711160679543,-0.6801319637945951
1000499,24.93278228528345,-0.7535872290642149
1000798,10.751774672017502,-0.27752023077246535
1001099,22.412444151316233,-0.5952856058364062
1001398,18.85227606412836,-0.486481618682298
1001699,25.332754606586697,-0.5081319879966115
1001999,34.127588540316225,-0.6925192615486373
1002298,3.6145805832442557,-0.04856882404403584
1002599,18.041155662190537,-0.5751279416224879
1002898,3.9078850176641637,-0.07563831944719146
1003199,2.655540956775646,-0.1393310070080278
1003799,14.100637537198175,-0.40659539928384825
1004098,23.219118223710403,-0.512859888920012
1005299,27.930908415441486,-0.6449041678936003
1005598,29.51872890290214,-0.4967325103892759
1005899,21.29389689903648,-0.48805581634777084
1006198,16.582005632596662,-0.2877336207654042
1006499,18.182295262709637,-0.3272491049095483
1006798,17.06017573728296,-0.3346067509610666
1007099,18.99699129880917,-0.32186383139037456
1007399,18.5730571357739,-0.2893948340708037
1007698,59.35512013772758,-0.3703520708847543
1007999,21.21657226351994,-0.40094646510958576
1008298,45.76940507445211,-0.45750548308415184
1008599,16.28938855346757,-0.24700798225245046
1008898,16.523455649298047,-0.36397784012081336
1009199,31.089479704297975,-0.39456697592347667
1009498,30.191560618742155,-0.42813796943859783
1009799,54.281439445176645,-0.44599634712383773
1010099,36.336045289158136,-0.47242687987739784
1010398,5.872273343659638,-0.16118604002834558
1019399,4.8405298424777845,-0.17358164685439315
1019999,6.351228797158811,-0.16802692134557828
1020298,6.554008201966679,-0.15579828558860465
1020599,6.515140086023321,-0.14919253934997845
1020899,6.73591198540881,-0.17668238624828003
1021198,7.330967853797045,-0.24554678958711995
1021499,6.522034095501402,-0.17799380455515834
1021798,6.999816061468902,-0.24362640610788833
1022099,7.154674116371772,-0.20660187126719531
1022398,7.3845172832252866,-0.2501713521926008
1022699,7.718907873982791,-0.2793057401260115
1022998,8.14900087417492,-0.30216383184430406
1023299,8.50475645986705,-0.3201904872184054
1023599,8.686845661498992,-0.3338722062590951
1023898,9.650944324623996,-0.4132477748701644
1024199,10.153028395308674,-0.41937759906717487
1024498,9.812121728068437,-0.3541301415005085
1024799,9.882395680776268,-0.3893374579490849
1025098,10.287665582151268,-0.39937726086997927
1025399,10.280818240600341,-0.3792305762774846
1025698,19.452903468101667,-0.5962963640865528
1025999,16.528271579471653,-0.4875002086072957
1026299,13.487390789657963,-0.45954080102408246
1026598,15.647983099179994,-0.48306991772492847
1026899,17.561277827858234,-0.5663522828854162
1027198,26.273906915434623,-0.30994693615387203
1027499,32.53633772980723,-0.30255572338489056
1027798,44.64936110189057,-0.2812716414417351
1028099,27.22984659484426,-0.3748885948299243
1028398,35.11155983486279,-0.34445050430456536
1028699,18.690637129057308,-0.3592845034254173
1028999,24.08221608626333,-0.3638524690346514
1029298,24.512652727589263,-0.3749915372999604
1029599,77.22197943318591,-0.6013303416170421
1029898,9.023962003856292,-0.26939802832300064
1030199,9.497060257323618,-0.30714634525269435
1030498,38.98608165317503,-0.5217207144210418
1030799,60.6028533500427,-0.8611022330901688
1034999,2.3077515410047567,-3.450279039681183
1035298,26.408097229973272,-0.5419380836117405
1035599,19.170628326964263,-0.5445036317645426
1035898,8.8925360561564,-0.4363130811548295
1036199,9.307091119626312,-0.3594778991280869
1036498,7.517443510721869,-0.24600081224762183
1036799,7.133927894947511,-0.302518668978637
1037099,7.452635352674921,-0.37714002427693405
1037398,6.878857065024458,-0.29735907326896993
1037699,7.710615215508254,-0.31553139822065823
1037998,8.429343717394072,-0.39387381202154437
1038299,7.611753605962104,-0.26684988436435586
1038598,9.578718313456575,-0.38450532466050347
1038899,17.421407755806857,-0.644065329035544
1039198,11.512713238711203,-0.431884615606803
1039499,30.15613307624642,-0.9225489340871673
1039799,38.76162145239688,-0.8763829413697297
1040098,18.035868421455003,-0.5568926477397853
1040399,31.112255394936604,-0.7518062496443172
1040698,12.717009526883245,-0.39551121628171027
1040999,13.644060676975839,-0.4826210969470981
1041298,19.232031427843893,-0.39944518729398704
1041599,8.758150632119262,-0.2492405489673688
1041898,27.195923972223266,-0.7718706253876875
1042199,11.168315607692232,-0.3477068743269276
1042499,23.883164667371414,-0.6379689326565521
1042798,10.11175629963315,-0.2681344983859275
1043099,19.503965053170397,-0.44586641708384755
1043398,9.192124346017414,-0.2281473214867955
1043699,8.849774832324051,-0.1849825313832405
1043998,9.203239150638868,-0.19952814080031578
1044299,10.660459174441023,-0.21889549178470724
1044598,10.339211004579912,-0.25542128856927526
1044899,19.49318603176762,-0.561170108310221
1045199,12.7356994264452,-0.2705581629419658
1045498,13.48667778155168,-0.2586217354653837
1045799,13.61207613224844,-0.23172939693724537
1046098,13.528126627601829,-0.2186252210727846
1046399,13.954663435361864,-0.23604264608191894
1046698,14.226768205712943,-0.2308076701775208
1046999,14.873484802735005,-0.23133326392446985
1047298,15.45217641215925,-0.22175939271921652
1047599,15.560711646932393,-0.21175159928930265
1047899,16.180076213149995,-0.2195500321381747
1048198,15.867661914155072,-0.2252555792750468
1048499,16.36473556094397,-0.22528371411174253
1048798,16.43368077307592,-0.24073435662880738
1049099,16.981712810733328,-0.2370677667085046
1049398,16.25966299685369,-0.23156891060954088
1049699,16.05481478820323,-0.23011240483532402
1049998,15.543830456448527,-0.2133515894862159
1050299,16.57680055769397,-0.22685571027721174
1050599,16.08632010301573,-0.2252389278896294
1050898,16.619482331629158,-0.22705490158442565
1051199,17.277450204388416,-0.23096135116202277
1051498,17.44287379225879,-0.21574217838997023
1051799,17.19003724573564,-0.22819485490692237
1052098,17.722396055286566,-0.2613182014999005
1052399,18.17836751058749,-0.2681772279519792
1052698,17.575510713321286,-0.2523985379294629
1052999,17.725282849358322,-0.26024971094799465
1053299,20.908469156441114,-0.3363533160144221
1053598,16.85251728954814,-0.27824818870933754
1053899,11.334692750540809,-0.2602107891017891
1054198,13.97853926880908,-0.28173043076240867
1054499,14.196773566700283,-0.2660969774867985
1054798,13.486143079303217,-0.24495840597824503
1055099,14.326711545309077,-0.26408880069360197
1055398,11.822428265200282,-0.24016353468772045
1055699,14.404260329468151,-0.3153932731715934
1055999,13.672558037755838,-0.2729576669645628
1056298,13.668034859890097,-0.2671910543496554
1056599,13.15252074745831,-0.22956989173516096
1056898,12.503868685280318,-0.21542542918231788
1057199,10.647900604908717,-0.2706182125353891
1057498,11.395707526721363,-0.2853305463925935
1057799,12.14599364599849,-0.3483284850412416
1058098,11.120888172806763,-0.2283004006073719
1058399,10.056907517311641,-0.21181169995683802
1058699,8.006358686477604,-0.19453009065059756
1058998,8.412256644266936,-0.15522408372320662
1059299,7.16934837693825,-0.16518400125856414
1059598,7.994154196182969,-0.12502743537239036
1059899,8.272041397182967,-0.13073876040533072
1060198,8.744341563604916,-0.31422719902345864
1060499,7.948433080696857,-0.12326835859730734
1060798,8.419041858310356,-0.1502929614091082
1061099,6.240224890827166,-0.08819753163417854
1061399,9.19545185713501,-0.24356957139361635
1061698,8.617146175121121,-0.280524789558227
1061999,8.205777455184272,-0.19212155479929693
1062298,7.993708426721309,-0.21726639616764665
1062599,8.557679168264638,-0.3514995950251354
1062898,8.518209556326022,-0.39005981460659744
1063199,8.83284627597297,-0.3982935297518131
1063498,9.203788051099728,-0.4013493780753181
1063799,7.46428359201462,-0.1948121980001516
1064099,8.422433907076034,-0.2913953197021091
1064398,8.058160400004276,-0.2211393512672093
1064699,8.021744228577122,-0.19790491122453857
1064998,8.01255609727048,-0.2452108072649315
1065299,7.516238935401195,-0.17877272517663645
1065598,7.941367598220641,-0.1785152012572715
1065899,8.316169952312652,-0.14968919945156456
1066198,9.978275323938707,-0.2274178946577876
1066499,10.224636904961857,-0.2696654498360982
1066799,19.43975296448555,-0.37261389159781255
1067098,9.454905083565043,-0.22242890802761606
1067399,10.174624010293963,-0.2562060642902435
1067698,10.13394348815532,-0.24898194521127803
1067999,11.158259080524605,-0.2496597043385449
1068298,10.573702755347202,-0.23129484534112166
1068599,10.826036915205922,-0.23262186714447064
1068898,15.299449195261664,-0.2560228127520401
1069199,11.72083504272806,-0.26795686214043934
1069499,19.010843418553343,-0.24667827557596178
1069798,14.301436485950283,-0.26259632831740376
1070099,15.458330842414906,-0.29749850905479813
1070398,18.02289133652602,-0.2684636380397156
1070699,15.078589823428343,-0.2980753304540802
1070998,17.865704089554544,-0.3042220957015518
1071299,16.951801433927226,-0.31383951394099907
1071598,24.582180456656136,-0.32218394524719574
1071899,17.34010243121658,-0.32169487179377243
1072199,133.3510383858741,-0.24070130418734315
1072498,93.70978207586252,-0.2029575914392212
1072799,53.13852279952688,-0.31356729760117497
1073098,70.00326012619587,-0.30060156778076363
1073399,91.67884977836252,-0.2098937369218017
1073698,31.211203983598264,-0.2164301659433867
1073999,39.85575567211484,-0.20574669366354126
1074298,69.71528229503775,-0.23757362208093147
1074599,48.57437466705235,-0.21825940255126697
1074899,32.70751891373521,-0.205877132148639
1084199,35.89159739419124,-0.8155689217300153
1084498,19.740744098438917,-0.6265062147629377
1084799,31.688945988080118,-0.7941234816843525
1085098,22.10164084418623,-0.6675772734637972
1085399,15.119830754517503,-0.7930698987871296
1085699,16.458937712133245,-0.7919607520152201
1085998,19.873556836695748,-0.6539467856895371
1086299,15.156054256413334,-0.682001790707305
1086598,14.20282546180454,-0.5415598969544007
1086899,15.93388693649667,-0.6656666063286862
1087198,19.515927461077688,-0.7203909378977615
1087499,14.360738838677227,-0.7057031622031888
1087798,17.83047726836009,-0.6541579821269092
1088099,16.184372748563803,-0.6388510951246151
1088399,18.349649658394817,-0.773152103656612
1088698,20.02141607634853,-0.8391227432812784
1088999,21.991577321996417,-0.7604492675258345
1089298,16.885272600320747,-0.7660613702003571
1089599,12.568223001696197,-0.6870728696976547
1089898,18.33076301806612,-0.6510837077886427
1090799,18.931807415804915,-0.5752752173831983
1091398,2.9556490354872262,-0.029585513804940566
1112998,19.654955464731582,-0.4844037666912122
1113299,18.331232195023247,-0.46719247496769634
1113598,17.086598383951948,-0.44644736443536326
1113899,29.847286321795032,-0.721306197347604
1114198,19.709063814838522,-0.45997082685928437
1114499,19.74638101483158,-0.45417114094541966
1114798,28.75503601696195,-0.5135874671370504
1115099,54.926028328572485,-0.5510683112809109
1115399,78.11125757709169,-0.4906266991583861
1115698,2.2282613327554515,-2.438021476737987
1115999,6.669397838321182,-0.09049193385647847
1116298,15.419396479635939,-0.23150217110586424
1116599,10.927929045884824,-0.24776182582465944
1124998,29.78018803962862,-0.6284430800931242
1125299,54.32695812672327,-0.8209267989499263
1125598,26.034528409258243,-0.7143888750607792
1125899,27.285384208987157,-0.7556849506531069
1126199,19.99430900326287,-0.5880163290961264
1126498,11.58119601280611,-0.4313159129079651
1126799,19.536175564851295,-0.8133255866449565
1127098,7.8301572439189595,-0.20697435719107293
1127399,8.150003661192109,-0.20297525071197864
1127698,12.025130346418669,-0.524338929379671
1127999,16.483803844791023,-0.49862868069943356
1128298,9.258009184018526,-0.457087705457597
1128599,13.133250451420736,-0.5969449554137347
1128899,12.155662988985213,-0.3980936663737993
1129198,17.085790827679915,-0.6726644796112533
1129499,7.794843022051118,-0.3733643830648772
1129798,12.618219830166105,-0.6211315920958274
1130099,15.452825628330377,-0.5977044215110379
1130398,12.192645128503989,-0.6176974043863634
1130699,6.398267293922651,-0.32993722643193846
1130998,12.129298174583436,-0.5640093992676887
1131299,13.208675423405197,-0.5562154252873512
1131599,15.4681054049388,-0.6479219438198405
1131898,10.912484049433425,-0.4939638105299027
1132199,12.004309315655647,-0.5091383281696169
1132498,15.609184210867417,-0.657149065929737
1132799,14.396361915665652,-0.6429901756077001
1133098,17.0572495050638,-0.7163078731638641
1133399,15.507445622119356,-0.670344979446196
1133698,18.029354188228147,-0.6705715787701467
1133999,12.265783932404531,-0.5618628461047608
1134299,7.38468484388501,-0.3872377723694287
1134598,15.731978481290652,-0.6862342990907713
1134899,25.622183773926974,-0.8155814182570233
1135198,13.166803656824829,-0.4492687816499594
1135499,13.741518072933625,-0.47626459857600856
1135798,14.187447123435941,-0.4257638228725962
1136099,13.670584436991497,-0.4310987781684703
1136398,13.920026831591032,-0.398184489637037
1136699,16.962459901949178,-0.5015448065784396
1136999,18.801950836970008,-0.5441831318514139
1137298,13.715547934740268,-0.3666072083626615
1137599,14.768563903643049,-0.3660682946860625
1137898,14.815050901806309,-0.3823983839272216
1138199,15.7943444289452,-0.3874172845794268
1138498,16.329542585285473,-0.39285295819557575
1138799,16.22100191814999,-0.3786654988770837
1139098,17.15234782023564,-0.3501139844365935
1139399,17.588881690823598,-0.35148700713269343
1139699,21.353920692195494,-0.492821701138358
1139998,16.85627334945555,-0.3414110459424644
1140299,24.119852837003354,-0.40182886008844965
1140598,17.285595872771584,-0.3169271656819701
1140899,30.705893530420028,-0.618492473763653
1141198,21.649921777498733,-0.46201363256404626
1141499,17.775289776158164,-0.3592417088909994
1141798,17.588342553303995,-0.3460963286288632
1142099,17.546697923175454,-0.31819783055841877
1142399,18.628001214376578,-0.34761684543544313
1142698,18.502429183426425,-0.3814913596372438
1142999,17.3981731050077,-0.4034254326939213
1143298,16.51468028880277,-0.3481211756535578
1143599,39.92655030043891,-0.5228307349450758
1143898,29.989019440188542,-0.6503705390147547
1144199,23.773254159053085,-0.5406451748951369
1144498,15.7155245725111,-0.3223877451939796
1144799,15.411060929653534,-0.3793198558384385
1145099,17.153914568669737,-0.37913926559108924
1145398,16.959467297470663,-0.36037138017361925
1145699,17.246887642085174,-0.3281013778452897
1145998,20.497778190261208,-0.4213978690798177
1146299,16.893552577159827,-0.4490216861190899
1146598,16.942935880262873,-0.4822208652436921
1146899,12.507973540484352,-0.3870890237823339
1147198,14.276317973671853,-0.48304246134719087
1147499,15.074606517451947,-0.49301947915293587
1147799,13.30711636770426,-0.4426764001625445
1148098,13.222696226160275,-0.44840121720792303
1148399,14.332634533336204,-0.51238620448451
1148698,13.86469197740052,-0.5213297014637934
1148999,11.48399493088094,-0.5412200964425966
1149298,11.882626495610152,-0.32931447111385004
1149599,4.474030867986736,-0.210917985578555
1149898,12.223199009968148,-0.5096685952515616
1150199,15.40894412332343,-0.18386709414204794
1150499,9.713532644798804,-0.5006823178011128
1150798,12.05094142044751,-0.4736645901707137
1151099,13.86334103386242,-0.4639069628564474
1151398,13.324154994480475,-0.4659489249978539
1151699,12.875859806547606,-0.4428615368245292
1151998,13.586851253830012,-0.4849219450668192
1152299,11.530213894077194,-0.45929705927265063
1152598,13.502072585029088,-0.4687175339209626
1152899,12.563054548736917,-0.46553405041173956
1153199,10.907899311531548,-0.33984176906721664
1153498,20.130673046838066,-0.4200354628774008
1153799,21.225437514531393,-0.5917543378400516
1154098,21.546524554513326,-0.4107484913370332
1154399,12.506521766428433,-0.4045794551635322
1154698,64.09469006299909,-0.4114123232213698
1154999,38.75759613099473,-0.2766430496797876
1155298,12.959983963005188,-0.375840108904272
1155599,14.194367001949628,-0.37463079703444224
1155899,15.152421874063059,-0.4344099211564634
1156198,14.290543149609354,-0.4132013413842879
1156499,17.905554303642507,-0.4888267677300988
1156798,14.228542562040651,-0.4881530608851832
1157099,14.880516690138993,-0.5020913791913533
1157398,13.216646576686394,-0.3898128549172146
1157699,15.044417091750754,-0.36160560849317047
1157998,13.498955714620474,-0.40603240196982116
1158299,13.952677906010017,-0.31106697043000064
1158599,14.208595940720011,-0.34669105371722564
1158898,15.038369055451492,-0.4998071252620344
1159199,24.0203151005728,-0.6796344020665357
1159498,23.32339665691577,-0.6707630764724564
1159799,21.894289980450118,-0.6914594426042535
1160098,17.900839270603154,-0.5817722030342127
1160399,3.839685277870689,-0.8551506379096541
1160698,58.349453654087064,-0.41634272263197736
1160999,4.673466777976237,-0.14166342265130472
1161899,2.9802092160419846,-1.9939491469604427
1174198,12.33770590642491,-0.7110816660641439
1174499,22.608713689630672,-1.101436567145968
1174799,7.649891343902216,-0.4881688355805598
1175098,10.420072730029078,-0.6776895328582189
1175399,24.00938307908669,-0.9485806945248856
1175698,25.193396908834377,-0.9065895067863836
1175999,22.954862610646877,-0.899608459218685
1176298,22.83980116567697,-0.9149444509025131
1176599,22.264645094595952,-1.1454303701606188
1176898,18.606370642348267,-1.0918497594319971
1177199,21.076698267487526,-1.0559794662834148
1177499,18.21253008721426,-0.8958843288162783
1177798,21.644847922315858,-0.8993033972879738
1178099,17.156497170737783,-0.7836919240886799
1178398,20.073313159806858,-0.9047193693840885
1178699,5.473101516504215,-0.293238534357692
1178998,23.477091502248726,-0.928994356467354
1179299,22.559541902501046,-0.8789448683885788
1179598,20.39614205375567,-0.7386437278664024
1179899,33.94656250410558,-0.8311014472567781
1180199,36.59298757833437,-1.311158165215017
1180498,6.530316931344718,-0.38491785786987576
