,rmse,skill
299,0.8404205610659643,-2.7866053165004
598,0.9330876701203247,-3.3342986175260245
899,0.8947604281913102,-3.604431244574446
1198,0.964166297799911,-4.213246787954107
1499,1.0025757868861696,-3.7276422585410387
1798,1.0913073731436629,-4.333108313862546
2099,5.203229125245198,-0.15312011291033123
2398,3.6499606321182845,-0.2811085531234294
2699,2.503657805121852,-0.33985838779697675
2999,1.36631778358048,-6.7182868594605045
3298,1.9146762622936662,-1.9608790299630412
3599,2.6871304508837017,-0.8012066528829547
3898,1.5335646820769617,-8.540490800138365
4199,4.25577518965707,-0.4810757317241683
4498,1.712342175854145,-9.12316935853191
4799,1.6586772383795105,-9.63985570223118
5098,,
5399,,
5699,,
5998,2.065253794709923,-7.021594009376473
6299,1.8588569805654034,-8.822050146420315
6598,,
6899,,
7198,,
7499,,
7798,1.906655409430257,-9.229869365160793
8099,1.9190655727820025,-8.191965479835803
8399,1.840769803688307,-9.48212209694683
8698,1.8506996232337498,-9.967063933189241
8999,,
9298,1.7540250900581633,-9.658205569075491
9599,1.5290815236003932,-6.626765115767954
9898,1.3305621008102966,-3.7335992861370073
10199,1.1604835983404438,-2.813601591595687
10498,1.0757838339480283,-2.103137659114358
10799,0.9143871913903366,-1.5881325401705664
11099,0.9371500180931146,-1.5457343231361458
11398,0.913318696572547,-1.4350155405555425
11699,1.0482647523175794,-1.5351670615980746
11998,1.0334814713102642,-1.4461035503736706
12299,1.1724053188520733,-1.5013403304039041
12598,1.200386618208559,-1.4051969610763546
12899,1.4001788568490767,-1.4888438345212123
13198,1.331865650015246,-1.4008202826629517
13499,2.15804961424553,-1.2607440453625305
13799,1.6927554629654966,-1.270806070686438
14098,1.4931916887110168,-1.2878236068686504
14399,1.794710915780453,-1.3223905959122586
14698,1.7894005348654263,-1.2829122292003197
14999,2.0417327454385505,-1.1837822125287891
15298,2.5213214401483173,-1.1733205701110148
15599,2.437881922175116,-1.2346268780409146
15898,2.534298749324692,-1.27007554270538
16199,2.2698109335395937,-1.2208207258213628
16499,2.499452995438578,-1.1463130992923296
16798,2.4773151843094654,-1.1326603885272601
17099,2.5105685970747578,-1.2637724805360775
17398,2.3915320941562683,-1.1465166387394383
17699,2.259949694674412,-1.1056196087397159
17998,2.257028870559443,-1.1605394505086042
18299,1.912597668367126,-1.1588225711957514
18598,1.9076198762042884,-1.2767243373567236
18899,1.9913033345193918,-1.272964434688082
19199,1.700153207869503,-1.2143756699644621
19498,1.5640977712064943,-1.2603718760922433
19799,1.5078520185585973,-1.3958685547012277
20098,1.420184665667388,-1.3884103752521968
20399,1.9191953197930818,-0.9217223967764328
20698,1.2530993352251625,-1.3950510744620428
20999,1.3844413824515829,-1.544332384389746
21298,1.2400555871489878,-1.5237734756802985
21599,1.2377897728431229,-1.5373889724997487
21899,1.2673308194479591,-1.5276730201663802
22198,1.2446907053198952,-1.5720409708750926
22499,1.1896231460915865,-1.4962310809094626
22798,1.0478449231723201,-1.4989069469480971
23099,1.127924629653402,-1.447569257803384
23398,1.099086173339567,-1.6006301465252908
23699,1.23397099804544,-1.5471662616483601
23998,1.0712922355997379,-1.5402317795763492
24299,1.343470446919395,-1.4511611929375143
24599,1.1594131931694536,-2.2342387764512717
24898,1.2697082354170297,-2.3555764354971434
25199,1.2225663324161848,-2.6100350698798764
25498,1.262912633024314,-2.638982274997383
25799,1.3104050908846936,-3.0439679501829655
26098,1.302096569641868,-3.9328479206520264
26399,1.3592950247478544,-3.4245117894768624
26698,1.2546689634089798,-2.963723256899418
26999,1.1274922386441468,-2.5699971284041956
27299,1.1288658616126872,-2.729022831535275
27598,1.2204044220586543,-2.2989652873834547
27899,1.2624643229721997,-3.044364601813686
28198,1.3027905487795137,-3.94863077714374
28499,1.4257036462446997,-4.877660897568763
28798,1.524431623759839,-7.830588597299849
29099,1.792786576007412,-5.777424752098017
29398,1.9098834771751432,-8.827502303259681
29699,1.9755202856485121,-8.486002391441682
29999,2.107484445489451,-8.136974259799295
30298,,
30599,2.1917658415553887,-9.50700424821001
30898,2.170599010371749,-9.182324462733533
31199,,
31498,1.9078527459189816,-9.253622286752906
31799,,
32098,1.5909205805579274,-8.752164720083199
32399,,
32699,1.3022300654345722,-4.956991982750514
32998,1.1344617411186624,-2.7717510116430133
33299,1.077086888778125,-2.478670371340829
33598,1.5638113145575663,-0.9393426691073083
33899,1.0725053478075297,-2.7096463575126224
34198,1.1222735065009806,-2.314909021674945
34499,1.9711734713348952,-0.9477524812981089
34798,0.9533566074046329,-1.7857164633326787
35099,0.770335448285683,-2.0224287277536797
35399,0.673341110377899,-2.2875893633309765
35698,0.8633645178179566,-1.1172141241868054
35999,5.873988441923909,-0.22728093858878595
36298,2.5717475962672043,-0.5795382231883912
36599,1.7192909827532648,-0.692339220754352
36898,0.6403796346747902,-2.6693868350069616
37199,8.965910449353792,-0.30300748408881284
37498,0.8982057206091378,-0.9850572947020255
37799,1.3547264966557282,-0.5386914403524372
38099,1.6694607438240952,-0.3036522216383115
38398,0.8619573655961635,-1.1556225399347158
38699,0.7820136429440506,-2.2163370250881904
38998,1.0383884404569033,-1.5951877422821172
39299,98.0981841628992,-0.5088524795364706
39598,0.6512476406278754,-2.910426879894049
39899,0.6681896074047285,-2.323480082939927
40198,0.6178600717081937,-2.472649149195881
40499,0.6716166839198422,-1.508105418970032
40799,0.6436071938974913,-2.5552126268302797
41098,0.7336506055943302,-2.8258674882631896
41399,0.8325431444047788,-4.0472493580038815
41698,0.8832620867125147,-3.407037416166501
41999,0.8724447374808283,-3.228145248590237
42298,0.8220503322933814,-3.0776639864320314
42599,0.9729227712145049,-2.366246267234603
42898,0.8321690923969891,-2.721772144141144
43199,0.8170909094468936,-2.740049464398483
43499,0.8168775797551036,-2.4972176872265357
43798,0.777555588766925,-2.495593956740924
44099,1.140971583652554,-1.5391461027587896
44398,40.90236385218443,-0.1822272440581083
44699,0.7349779428018554,-2.3415279321780584
44998,0.8905737528726326,-3.3554258484577444
45299,0.7591861504285581,-2.7936919486034046
45598,0.7739207775978766,-2.973153708710989
45899,0.8070032503205757,-3.2490090371285305
46199,0.855505226297898,-2.844307955340899
46498,0.8758139952138998,-3.312526810959076
46799,0.8741081592566925,-3.007350352831957
47098,0.86289428903394,-3.021668351074429
47399,0.9416002363679341,-4.216714863628667
47698,1.0254278544379294,-4.388724130166556
47999,1.0439995063875727,-5.22523373210723
48298,1.350632462294302,-1.4338226164884036
48599,1.1267756471686408,-3.7065417027780283
48899,1.53425733316896,-0.9210610178122902
49198,1.9666196939357914,-1.3298990391250571
49499,1.5667583575564534,-2.45095757552068
49798,2.139736560364698,-0.8961546752894181
50099,3.604825661140298,-0.4006678106039401
50398,4.242255457190347,-0.33749666435455383
50699,6.783448832541226,-0.24742148880817383
50998,7.270862470966544,-0.2692152800827736
51299,9.590600320722409,-0.21067692419879025
51599,8.193572001543588,-0.24536669046837845
51898,4.528821858723547,-0.37799976383985423
52199,10.40164009537601,-0.25595309810232303
52498,10.192460491711474,-0.2691044311573467
52799,11.834370807475873,-0.3528342360472867
53098,14.354333153322345,-0.35722198669112704
53399,10.670873952864854,-0.3542839636852342
53698,23.884039878407723,-0.30901141580059455
53999,42.532739844576646,-0.20205160291523283
54299,65.83919503524318,-0.26827980226543846
54598,89.76306376185403,-0.21799313763877204
55198,2.570403458330771,-1.4414429803895183
55499,2.9691136213227622,-1.1731086944086164
55798,78.47146919447361,-0.2601186994665474
56099,53.48239006580973,-0.2953343082241746
56398,24.344633490993846,-0.320007084259855
56699,11.318739344074979,-0.5154325021050117
56999,30.67605706615523,-0.7509949503797069
57298,2.8866768541650463,-2.326095570157066
57599,3.0810773838494807,-2.21928387931903
57898,3.291062206668448,-2.1411809017576506
58199,3.243386194481819,-2.0801123843223777
58498,3.2395803017552245,-1.8469428015231046
58799,2.7390765360435627,-1.4989718616089607
59098,2.526711790639932,-1.3139357015619564
59399,2.4865555435232394,-1.3528696533350817
59699,2.280903692160128,-1.4279040733050934
59998,2.0167915370730154,-1.3727202861567167
60299,1.8263573894187104,-1.3743771747251428
60598,1.6765173782461178,-1.3968288870066816
60899,1.4063566440672217,-1.337980269798177
61198,1.7184090762713675,-2.3313868754005678
61499,1.5433881645856016,-1.7089953186974163
61798,1.0012083150481497,-1.3947432217715185
62099,1.1093146434320296,-1.7761815298463017
62399,0.9100238542812161,-1.2961138840717799
62698,3.826330628971928,-0.5012394586342599
62999,0.9586026468499086,-1.3109295666301577
63298,16.966110495209406,-0.42803579610812914
63599,3.4684110541337603,-0.5319396056080861
63898,1.2135053845514607,-1.8069997844618775
64199,1.1538224410962745,-2.143972621828565
64498,1.0382317683882978,-1.7115497326620082
64799,1.1271115055053613,-2.143324685811824
65099,1.073669869957014,-1.9534077902172085
65398,1.0014489648311256,-1.748722461281924
65699,0.9315208522794176,-1.540884363979929
65998,0.9339841508157583,-1.6023615305431056
66299,0.9264204399060387,-1.6075165141255963
66598,0.9123126552282323,-1.8433195428574862
66899,0.9291480416125525,-1.8108119216513345
67198,1.4193414277579768,-1.3988895422560716
67499,0.9026873081528246,-1.7130236388885471
67799,0.9022720740549468,-1.8163494459490837
68098,0.8877967663036,-1.997664704663555
68399,0.8736846832682628,-2.0755777629425416
68698,0.8281461229449164,-1.798131868959806
68999,0.9194633057912716,-1.6168495161441396
69298,0.9441046131252882,-1.7687568507470353
69599,0.9373813741350538,-1.892313155991625
69898,0.9467097015297394,-1.7204308848041712
70199,0.963798058674299,-1.884463221511461
70499,0.9828293352676393,-1.9378303307527425
70798,2.7839470534547877,-1.8084298031395352
71099,1.058899669021999,-1.9412861627499107
71398,1.1111425710291327,-1.7040730953801937
71699,1.1279779351233847,-1.8272872594776355
71998,1.1536817343242414,-1.797139197489054
72299,1.200478556043611,-1.8597397183364786
72598,1.1254618376039573,-1.8238952538473208
72899,1.1385590137037804,-1.711382534553501
73199,1.1644398719825384,-1.6298102292676862
73498,3.3502093292989885,-0.5191834132206925
73799,1.249359001162154,-2.2303707047434003
74098,1.3324526876789473,-2.2205951040905054
74399,1.381680935847678,-1.963623458921505
74698,1.4750399687860045,-1.832473588847546
74999,1.5002392431948044,-2.050751177575785
75298,1.5319583808482167,-2.1744446044665007
75599,1.611275668047991,-2.2236093041885643
75899,1.5604846567325332,-1.9735713045107
76198,1.4320142779204212,-2.6715240525420185
76499,1.6697232303813283,-1.821455025707147
76798,5.57668393196271,-0.22488173346282414
77099,2.5651077198817447,-0.7199496219924013
77398,13.425516717230936,-0.2531845087696385
77699,3.1048439931404626,-0.5297571110952684
77998,4.92867000830798,-0.2766918639322795
78299,3.5572776578335845,-0.45977396450801034
78599,9.960307262883319,-0.20054674244414183
78898,21.56726156524051,-0.19762435696578073
79199,11.110013836298744,-0.20285276576298394
79498,47.31331606516707,-0.1914676638534103
79799,42.76669870298337,-0.18506538923596372
80098,47.050152104600386,-0.27742846580798153
80399,30.378362532051412,-0.41025496067604217
80698,3.044892483022676,-2.120706058822172
80999,18.180621138853688,-0.46201724377982956
81299,103.25677917937554,-0.2925128527478251
81598,9.781477474670172,-0.24957433005355933
81899,1.6274567176734618,-3.3518703303272748
82198,1.4055196540157788,-1.742115338901701
82499,1.0739097143021759,-1.5889276407093127
82798,0.9619896950746889,-1.3377879382541513
83099,0.8618267791520976,-1.382328596276285
83398,0.8737529358245636,-1.3913495131767317
83699,0.8396701715141139,-1.5052098431716798
83999,0.8736381464221215,-1.4101680581791496
84298,0.816377949529577,-1.9779127668621581
84599,0.9034093191929663,-1.72741758057396
84898,0.816505358557176,-2.150414901139726
85199,0.799895248023661,-2.0358798345676092
85498,0.7071885117703057,-2.2613974175065734
85799,0.6796522090860625,-2.20597662461932
86098,0.6647764477600647,-2.401598853176818
86399,0.6806084161672444,-2.302449432121226
86699,0.6109528416761852,-2.275734773695744
86998,0.605594505866447,-2.150419060567036
87299,0.5692341560902827,-2.153570988465051
87598,0.6260610448537175,-2.5882562306342307
87899,0.6510555124355883,-2.8664476175204943
88198,0.7489347019158656,-3.4071870764894703
88499,0.7213245224440641,-3.5475088256018266
88798,0.725646652588449,-2.983815824980571
89099,0.6813886829537911,-2.8267194776791715
89399,0.7262066769453247,-3.484506078258474
89698,0.6936484282009361,-3.2927075633633995
89999,0.713351301300022,-2.745974002060405
90298,0.7372631194289982,-2.6862950477665253
90599,0.7847194966484413,-3.7125533639513284
90898,0.9052366391012687,-4.584548482401217
91199,0.9683683062109714,-5.874807090659036
91498,1.0393808071736736,-5.474029687414151
91799,1.676050132051048,-1.4493369465530512
92099,1.0603568480811398,-5.0996090002379715
92398,1.1389851308816588,-4.338797158467757
92699,1.1679175676442624,-6.37401204012067
92998,1.149910916301811,-6.921765191048896
93299,1.1740617812305059,-6.714669262013652
93598,7.550555520550215,-0.21040592433910743
93899,1.954396506391854,-0.9875990354055788
94198,2.990042251135614,-0.3797894391166745
94499,3.284606614472743,-0.6748836768360895
94799,2.3678616349222015,-1.1920131893517811
95098,8.978313107311273,-0.259376834844248
95399,3.8861550889564995,-0.168322715229968
95698,4.657251422036296,-0.15458774306278733
95999,7.690062369497748,-0.09323343672942541
96298,7.803067901738836,-0.09544193719118743
96599,6.903327708397354,-0.11751660174971179
96898,7.736671006366241,-0.11924191112224736
97199,6.952271806629236,-0.12019594490823726
97499,4.47757124181601,-0.18047423879350544
97798,2.884372520880638,-0.8167161180897853
98099,2.9486486831454033,-0.9009420023254839
98398,4.186338809465391,-0.8254422670098263
98699,5.358351623675986,-0.3634517060601006
98998,,
99299,,
99598,1.151171885125351,-5.256994927864579
99899,1.0087738625025695,-3.899351210347345
100199,0.929455264135175,-2.8185408576429487
100498,0.8183017245524025,-2.288878428317669
100799,0.7349597660079791,-1.6709771994739095
101098,0.6884804729781479,-1.4049725769691088
101399,0.6626721178474915,-1.1621874694693015
101698,10.609664867926664,-0.2352264378187312
101999,0.7257559934442197,-1.5686650709316265
102298,0.7191957566841545,-1.694553717400645
102599,1.074115985185157,-1.0555320811950133
102899,0.6594177065497182,-1.7099094210446957
103198,0.6608166929149806,-1.4933565574186054
103499,0.6419788182924704,-1.779625142046577
103798,0.6500959987000461,-1.555861874445867
104099,0.6403821485759861,-1.5882208586906819
104398,0.737246494126574,-1.852698533037624
104699,0.6728450078898756,-1.5566965106137447
104998,0.6945787445491045,-1.3586886367720727
105299,0.7138773143563644,-1.5267743903083426
105599,0.6372905769041446,-1.3871517059002207
105898,0.7394750788223032,-1.6560751272877745
106199,0.6144406042627055,-1.2614431003635835
106498,0.6448506082176473,-1.337369474641144
106799,0.6626899520789936,-1.4236797064839157
107098,0.6377286534765171,-1.3466308138805583
107399,0.6782146685804672,-1.2154344763365068
107698,0.7103471283822433,-1.4361336556562208
107999,0.706582907663258,-1.403050313792245
108299,1.0094107161788186,-1.160848558106713
108598,0.7711260590806784,-1.3311212122152094
108899,0.7875843206973252,-1.4692979325845932
109198,0.8002187620253269,-1.35264529637845
109499,0.8233126103834738,-1.459276923353117
109798,0.8020435488386248,-1.4519852646115798
110099,0.8641474465854904,-1.5190808261966322
110398,0.9006057456281025,-1.383627936482596
110699,0.8247475810327765,-1.5323847157037678
110999,0.8769387073868914,-1.5662202275476043
111298,0.9224416268374482,-1.6913988804468083
111599,0.8984014583509864,-1.7718413089871574
111898,0.8982757708196356,-1.7891012924359386
112199,0.9271214275427282,-1.595843791086132
112498,0.8356386448869714,-1.598934519860395
112799,0.8936061948205936,-1.6026840441073316
113098,0.9687156712285153,-1.7602912606271377
113399,1.0503800389232523,-2.0125445237167217
113699,1.0025484205293482,-1.7832638227119753
113998,1.0328375104139091,-1.3308968632935456
114299,0.9279456668269123,-1.6010889223671443
114598,1.1264898580288307,-1.4492778935565322
114899,1.238839076897326,-1.7202941964928256
115198,1.3074799918285893,-2.3822455083103624
115499,1.2674898964545351,-1.946231921001056
115798,1.259874061884195,-1.7040504263816687
116099,1.247114842648107,-1.71548976999523
116399,1.3249122773565989,-1.8777912785328854
116698,1.3428739864470947,-3.224028867130941
116999,1.54751227084871,-3.9717644809151116
117298,1.6765859655403714,-4.6860265953381814
117599,1.6303247158549716,-7.646092160295861
117898,1.624882420170495,-7.1888895377080075
118199,1.6224867708439312,-8.515623912854355
118498,,
118799,,
119099,,
119398,,
119699,,
119998,,
120299,,
120598,,
120899,,
121198,1.3086970029015905,-6.837428392052387
121499,1.0706012877799609,-7.648888347652207
121799,0.9782877208710334,-5.438423174823668
122098,0.8463331024495715,-4.171679516247929
122399,0.717163169584239,-3.314256402095274
122698,0.724972249386827,-2.108866269075133
122999,0.6608832660026323,-2.620254624961133
123298,0.6308743881604381,-2.5517423044768868
123599,0.6446417513332761,-3.1549635867046746
123898,0.6450127054478125,-3.0847409931945746
124199,0.5895774611057439,-3.533451941045035
124499,0.609989861448106,-2.895921956873042
124798,0.6331833853709032,-2.548226009403872
125099,0.5980489251406681,-3.526594470050253
125398,0.5995932287696488,-3.916204823750581
125699,0.6067405409703883,-3.194819849880627
125998,0.6114945217052823,-3.898881846192827
126299,0.6460402248182711,-4.413133427945341
126598,0.628492313751411,-4.606532103569704
126899,0.5765457680016989,-3.7140397844949584
127199,0.5365669621552575,-4.075764231262231
127498,0.5477126899776855,-4.557675404521874
127799,0.5323881649225152,-3.996042340403635
128098,0.44507708197532747,-3.1152060776787796
128399,0.45469584692466924,-2.762682535632626
128698,0.47173481905214665,-2.7450916423030374
128999,2.0025827888911514,-0.29617752135746933
129298,2.943563084555167,-0.31003623161281824
129599,1.2176437599569967,-0.5191011398060947
129899,1.2904774958975345,-0.6474013968790797
130198,0.7826072802950539,-1.8748615240084585
130499,0.6695599463586173,-6.339054351233138
130798,0.7302880456122554,-6.200788229726359
131099,0.8495614296633237,-2.6238053956560408
131398,0.6559603765673464,-4.800791364503382
131699,0.5691319939727805,-3.561721545216373
131998,5.098377398865016,-0.31770180459424413
132299,8.300450845369767,-0.27882851821481447
132599,1.2581010211793127,-0.6611019379095981
132898,1.2387183207919765,-0.7464891115076895
133199,2.2509083095234934,-0.4204704055494872
133498,1.017770134374062,-1.2368456755647643
133799,0.7404679030280945,-4.666565496625231
134098,0.725370890453555,-6.594117558234638
134399,2.434856696056285,-0.4401353739968117
134698,1.1485468084395913,-0.9492113908230855
134999,0.7288524327244181,-5.6062581588456135
135299,2.2898948151451446,-0.470377117408207
135598,1.997086218112275,-0.5224392906029551
135899,1.807294649482061,-0.6313621694194902
136198,2.280946073932701,-0.9141775218461217
136499,1.684458783296523,-0.688765054097515
136798,0.6760667908132719,-3.2367956225556256
137099,0.7006782522519047,-2.996559809586936
137398,1.4843259319849824,-0.8103551082334839
137699,0.7613588127032451,-3.3992683971101076
137999,10.79200487498052,-0.2721723920173631
138298,127.1795311651374,-0.31368267511739845
138599,0.84555291479768,-2.449088791205539
138898,0.9217529108025531,-2.6011108910154683
139199,1.0062147669717785,-2.593453598708003
139498,1.624606610404751,-1.7376683971738607
139799,1.9883594248786831,-0.881071653501114
140098,6.228514206965139,-0.29413649053068247
140399,10.107351979915839,-0.2238796233723912
140699,24.33319634210277,-0.30053132587255393
140998,2.258837462566956,-0.37442661686349643
144599,27.56408143636893,-0.2944411103155329
144898,4.055050118604444,-0.7748784966068942
145199,61.82180657698747,-0.5987486035292677
145498,14.468703571868097,-0.689516240233168
145799,6.344628827370605,-0.7987492902377287
146099,2.3796574719895394,-2.7435542338299443
146398,2.5051845499454264,-3.1236542045653053
146699,2.541200415026141,-2.9107970163526864
146998,2.409969960987888,-2.670437130961321
147299,2.0224394017259875,-1.8151498956898107
147598,1.7799824667354764,-1.4496919371802943
147899,1.6767164994017003,-1.3702981175633226
148198,1.6044909037602226,-1.334046362989394
148499,1.5426562788145313,-1.3880832937435579
148799,1.3837860832144644,-1.4602389393383537
149098,1.5601217624421293,-1.7889960971089325
149399,1.0936933508804392,-1.4638939728214804
149698,1.1400793521226378,-1.500867427969577
149999,0.9319665995387525,-1.4518611300376674
150298,1.0162664248149416,-1.5225502277625105
150599,0.9876983279935477,-1.4417410858259716
150898,1.191223602206522,-1.6864434514065656
151199,0.914630874818637,-1.4249142368180103
151499,11.477128960654289,-0.42600854332540417
151798,0.9308678881190021,-1.4076744840568298
152099,1.2965565619926978,-1.1463226539098383
152398,0.8828978679072699,-1.4702638478613057
152699,0.8954107887655343,-1.608150894427271
152998,0.9271344191684864,-1.6661939289941627
153299,1.119016886431747,-1.601161425178812
153598,1.1064222085000497,-2.007622811236721
153899,0.8726607874225959,-1.5517277722676615
154199,0.9351290702173295,-1.9991258584891725
154498,1.3696343843304188,-0.8582103335420734
154799,0.7978931348929841,-1.9539371136359422
155098,0.7786633523912628,-2.1140422938578665
155399,1.5692004080543507,-0.7365568853878719
155698,0.7586330814569252,-1.8492942365480056
155999,0.7448709219253562,-1.7820256150092053
156298,1.1010085187245926,-1.3405783478802298
156599,0.7420104105712049,-1.6861310042037645
156899,0.7344516439954373,-1.684310782037504
157198,0.7887806765099641,-1.7495737869223467
157499,0.872040629976544,-1.7188097372004605
157798,0.9193985376953956,-1.585043243897414
158099,0.8537055560081468,-1.466443577356927
158398,0.9116835694465362,-1.5287361481518902
158699,0.9814302968761403,-1.5418426828705147
158998,1.4373247358551686,-1.0668648768536775
159299,1.3280679539173965,-1.7031576016912586
159599,1.3536380304636941,-1.5562577348392193
159898,1.4133822975918156,-1.4586702883765938
160199,1.5651397536807923,-1.5660110449965035
160498,1.3606452771680497,-1.5168850024483729
160799,1.2554629944491567,-1.358014194043358
161098,1.2189759282841566,-1.4656345766866252
161399,1.380139412932869,-1.4377638671553643
161698,1.5795473063997394,-1.4541364865068385
161999,1.8358310862196963,-1.3928657285702695
162299,2.0394485255006116,-1.2987653615092118
162598,2.0975908324097996,-1.26943437051782
162899,2.5122282450167983,-0.655492384235739
163198,1.6814236374303624,-1.4504251621816513
163499,1.53909659685768,-1.6621399043398886
163798,1.486506770276251,-1.7505571764876366
164099,1.6021466519221197,-1.5958688422242742
164398,1.545041386206556,-1.722538357410735
164699,1.6749194781685741,-1.758467355353726
164999,1.6825335644344395,-1.8870244498903221
165298,2.1306369655543005,-1.1423002454480602
165599,1.8049375190369221,-1.6733465210752363
165898,1.6850222660894498,-1.8344502957563522
166199,2.5974896203870284,-0.9938963701559977
166498,1.644227806492107,-2.0596354236838543
166799,1.7842246074426202,-2.0663996069201334
167098,1.8738241799291313,-2.413972904838598
167399,1.940605311837617,-2.7361302154591374
167699,2.293520595046929,-1.3419438441655145
167998,1.980162414653083,-4.139549236749219
168299,5.670505511655573,-0.35698057007608996
168598,6.043378329454785,-0.3240028491063045
168899,9.681041156621857,-0.3192345935013454
169198,47.75667832291827,-0.3770902535218199
169499,85.95953343661583,-0.44038260621714254
169798,44.18046460615323,-0.5037332353543598
170399,16.544892250502148,-0.45559370300019353
170698,1.6974970041753759,-3.9149208166154663
170999,1.4676670145520163,-1.8125130363962687
171298,1.1409030363478623,-1.6848228670781684
171599,1.0621158885127917,-1.4102047025021855
171898,1.3307470520565523,-0.7576809072204687
172199,0.9624473442068417,-1.169516885060252
172498,0.7972179734960894,-1.6107251092589912
172799,0.8223508160749794,-1.5317111136519528
173099,0.8357664605423665,-1.615506655982097
173398,0.8295956466478833,-1.76504366370991
173699,0.8370483523217495,-1.835316732474773
173998,0.7449835342600776,-2.8312181822870865
174299,0.7675322590321952,-2.2020115218602836
174598,0.7552554755367752,-2.0471285386152736
174899,1.084066807750676,-1.0631634267857804
175198,0.7066329998695227,-2.067568337527607
175499,0.720858485466803,-2.0197685435968658
175799,0.6943330543838613,-1.9911251151371498
176098,0.794925404789399,-2.2592218137102145
176399,0.8323703004442762,-2.100640254814114
176698,0.8969201852038781,-2.0394222235386863
176999,1.966342523097289,-0.5463678710459776
177298,0.896331769236262,-2.3846272073315915
177599,0.8491723430499701,-2.273153282806579
177898,0.8348414944427517,-2.0541612018991615
178199,0.9102126487425541,-1.9760347986908764
178499,0.9206854450706798,-2.375366015270151
178798,0.9896275127570671,-2.1216365497860368
179099,1.0657923335789268,-2.3574663791177195
179398,2.8037273526821007,-0.3207666467279766
179699,3.7292169534805373,-0.3969772688541131
179998,1.7188045524490447,-1.1948823565344835
180299,1.2368924400959826,-3.309436377932114
180598,3.7065938001220493,-0.41238020119176055
180899,2.490303824328807,-1.114979470730049
181199,1.4573080029740981,-3.5146178464100366
181498,1.8670472802185023,-1.1380435467415402
181799,1.683399469481892,-1.6733461492036632
182098,1.4385108647413807,-2.822767347200028
182399,2.9454985166717536,-0.7238380754663474
182698,2.0258425403803653,-1.2920267885040855
182999,1.7740655069247078,-1.613707620264225
183298,2.2989047806903997,-2.1342133852673664
183599,2.0104302758655814,-2.142412928125508
183899,9.84146653889418,-0.639950779557513
184198,5.190090645517246,-0.5034625199093443
184499,6.239408684948753,-1.0980778155768287
184798,2.3710520789637,-2.6229107229944977
185099,1.8187023327348837,-5.013408484669309
185398,1.9561158483628691,-5.496226774147699
185699,3.223128096301227,-1.2960032039294007
185998,,
186299,,
186599,2.0945837001348906,-6.6258207554515405
186898,2.41627872109102,-4.086072690772164
187199,2.0543994475861975,-5.197234085677668
187498,2.212419338360852,-2.6028418989166493
187799,3.016386827884139,-1.2760852672152474
188098,2.858242158310589,-1.0602101417137688
188399,,
188698,,
188999,1.456762677837291,-9.795005672169994
189299,1.096048040857703,-4.781329408223709
189598,0.8932395594979725,-2.377979272724226
189899,0.774104753321227,-1.850301591790831
190198,0.7015123557430639,-1.450448037762091
190499,0.7184542673087955,-1.4054625574480455
190798,0.7604955766310884,-1.4016197080682478
191099,0.8009047562590165,-1.5874815325786522
191398,0.8038088612047413,-1.5037082655118423
191699,1.092404876874926,-1.8656831954947473
191999,1.0933278387461198,-1.683072446918576
192298,0.953999026436035,-1.4644853301359566
192599,0.977458955044689,-1.3833835286255023
192898,1.2367287650312626,-1.8647292657316585
193199,1.8142511770290541,-0.7068359732296072
193498,1.246393629325706,-1.3365823096028908
193799,1.7310538712001704,-1.5189608915734238
194098,1.3892676476730668,-1.3561837249628086
194399,1.4140233383119558,-1.4354196133846377
194699,1.3881645742016029,-1.460499832349579
194998,1.362011252195594,-1.3850178447891053
195299,1.5045594926821544,-1.550623740582556
195598,1.3479376375827936,-1.4550396489302164
195899,1.618566167545084,-1.0470694955159066
196198,1.3985888695952122,-1.4263006328302876
196499,1.3048415689265298,-1.3749703913363955
196798,1.3705533333840016,-1.371308548215942
197099,1.25465022112074,-1.4202071496900714
197399,1.1789658154193952,-1.4804663304694388
197698,1.4702593376304103,-1.1916090529701755
197999,1.176457446118417,-1.409943907838279
198298,1.201238500463502,-1.4728425370703366
198599,1.168694541011446,-1.543499546467808
198898,1.0855079504136338,-1.5675462085263687
199199,0.9984635652692617,-1.5980694849083283
199498,0.9950946468403947,-1.5955638901665763
199799,0.9171393552660333,-1.6648589566712193
200099,0.8875277246438169,-1.6609926010690752
200398,0.8777824875085555,-1.823798794091576
200699,0.8244912707103124,-1.659882833357981
200998,0.8251811699503248,-1.7647348277352064
201299,0.9696975680136924,-1.3567606021071033
201598,0.9296201516288082,-1.7324770832062004
201899,0.8509683066527534,-1.847532101902826
202198,0.9328833222863714,-1.6867261713840738
202499,0.9406586155452553,-1.814827920790973
202799,1.4228211474087347,-0.9226435935014006
203098,1.0923587083991368,-1.8661851270973564
203399,1.136418208173394,-1.6417616702583482
203698,1.2149840328080865,-1.752053664562761
203999,1.2473540849709517,-1.8644171964599492
204298,1.2075702252188252,-1.8988560495343196
204599,1.300374326657288,-1.6134593852095476
204898,1.3154157702436657,-1.8641108103688717
205199,1.2873832433613603,-2.7957035263847043
205499,1.4190504848368586,-3.133269806573506
205798,1.5141865038085724,-3.389045314889251
206099,1.5568750117325976,-4.604056478077286
206398,1.7621195775133145,-3.442308420566504
206699,1.9505693697010824,-2.464589163345263
206998,1.9738699226750205,-2.646090004982512
207299,1.8401956826021884,-6.584192434774335
207598,1.9853086846046084,-7.566729686763958
207899,2.120399267654097,-6.769108209863545
208199,2.1959799667506434,-7.840834617015313
208498,2.3839444022387983,-6.22179920128062
208799,,
209098,2.2703277659916856,-6.23771006816884
209399,2.294260892615924,-3.1224557395412393
209698,3.4940542627849065,-0.4690438300139306
209999,2.618683319815013,-0.5283763266163874
210298,1.9006769825573764,-0.8375562429702561
210599,2.949224534181658,-0.3971485679500242
210899,6.292582644243133,-0.2839826132137111
211198,0.9758411370552409,-2.041325996828417
211499,1.7766997648926817,-0.5466302088026511
211798,1.3945556594423114,-0.7348224154322671
212099,1.9978607668537782,-0.5602052625599447
212398,1.1366467917217602,-0.6783385892308094
212699,1.0718785964597557,-0.5562828322758755
212998,0.6089246137319031,-1.6915549428030197
213299,0.5200494156188499,-2.1872113401749553
213599,0.5795618759695783,-2.032571824954698
213898,1.5963239688289972,-0.45062931151448615
214199,0.6479270157151995,-1.7351667405927866
214498,0.6640364274056155,-1.8933442325662138
214799,0.7109615618102618,-1.7100889381610056
215098,0.7528353249175589,-1.7690491037694551
215399,6.598659912491626,-0.5717330996108316
215698,0.6226170333714889,-3.6375592930139335
215999,0.5732126946593676,-3.2270445965802903
216299,0.5491558967068882,-2.5153199710484557
216598,0.4931251121524736,-2.2094141755020003
216899,0.5270253458073804,-2.6299387686890228
217198,0.5721545106165832,-2.9569308384576414
217499,1.7264796974262655,-0.4993833330486248
217798,0.9121444080070842,-1.120361152299878
218099,0.7926731219288257,-2.0208510541565765
218398,0.5552739770726828,-2.623354450389823
218699,0.5493526396303902,-2.845911097298749
218999,0.5769869412918506,-2.9531956353003856
219298,0.5856642159521717,-2.8019313798701027
219599,0.6000060740148523,-2.3956759345858956
219898,0.5949660422607096,-2.5621061545108925
220199,0.616475067986354,-2.616965494285965
220498,0.5867083278185627,-2.019363150174965
220799,0.6034822347585884,-2.0112880457733167
221098,0.643641607087879,-2.270327246934596
221399,1.0362774751661477,-0.6609259269496139
221699,0.7096942886905635,-2.3931175614873488
221998,0.638894448124341,-1.9720810706585685
222299,12.290649314492361,-0.22269182689306022
222598,48.62520720129308,-0.317909255387703
222899,39.365705707203965,-0.3075901887549033
223198,60.232869970048355,-0.24424292143611548
223499,31.330135112664852,-0.239105033810058
223798,34.766336415398,-0.23962610141458507
224099,42.02929943268517,-0.2734459160029603
224399,44.93610390709446,-0.2625900741868643
224698,61.707045836183866,-0.2562957374730461
224999,109.46130249983041,-0.27502992488154865
225298,162.16108720017425,-0.2874920506951224
225599,113.82593130269831,-0.2874232028816699
225898,110.0407148792861,-0.23985170894303298
226199,112.3112193940865,-0.2849462453536882
226498,66.30489623593971,-0.28311409762866635
234598,7.335549861205648,-0.6775127330588646
234899,58.52756954883398,-0.3749966134713849
235199,11.853257386823861,-0.6096351853365711
235498,18.930915759341488,-0.4017222106384193
235799,15.73853692438323,-0.46071901430267026
236098,13.9735681049688,-0.4493316128763707
236399,2.4475023483519247,-1.287821465329702
236698,2.197361383381076,-1.1806635628872186
236999,2.595585304398859,-1.1221787597059625
237298,2.4263147553920223,-1.1545493326685579
237599,10.28581641238278,-0.5663898997266981
237899,2.3071158157466294,-1.4176591934911835
238198,1.8583941055128617,-1.2197009047677185
238499,1.850997722485502,-1.5097104128708692
238798,12.773688500012248,-1.774267850454935
239099,34.0708313906059,-0.5760609453793841
239398,7.101640699655783,-0.423082008887929
239699,5.406420561474366,-0.4249638923698533
239998,20.455810057652396,-0.3951556050957805
240299,8.467655156648435,-0.862179526698932
240599,2.749742254423889,-0.47621880079776924
240898,4.945983702810137,-0.7808118587499064
241199,13.57145550162994,-0.3915593496109231
241498,4.68180171115129,-0.5656953591622045
241799,3.6602238283618442,-0.5066120504655642
242098,0.8744973724576239,-0.5008890793452916
242399,9.580287232628498,-0.7297863796050292
242698,15.154906777907371,-0.7901156247968122
242999,18.999255420125465,-0.555409832378791
243299,22.457336369674252,-0.6802026499520128
243598,23.779643368988335,-0.6139047327248781
243899,14.867313985270616,-0.50886404789158
244198,16.689967068968528,-0.6686664740114718
244499,24.70984105983662,-0.48022945757449165
244798,43.158172844946336,-0.30530415416398493
245099,35.41017708271369,-0.6958408864089298
245398,35.85298898793083,-0.6351268866104645
245699,29.77053360532418,-0.39369311264817664
245999,25.38863089250015,-0.48748990002864656
246298,58.5148894531009,-0.3640172787535907
246599,60.03823402719505,-0.44017649974217155
246898,89.7302004661076,-0.26300429783742585
247199,50.48989038160513,-0.437497862946685
247498,36.28250750278955,-0.6653481636113916
247799,3.9425257984010056,-0.38345697262711576
248098,45.80683759262907,-0.24860967565122016
248399,20.173378051323507,-0.3169326278612883
248699,13.607039975322358,-0.4538131442810851
248998,6.305200795271007,-0.7171952849990346
249299,7.388548978572952,-0.5663590344980374
249598,7.2282031649267635,-0.6064094883222557
249899,9.31042650513977,-0.5155209468095197
250198,8.610952447295274,-0.5819787126400524
250499,10.21453189139514,-0.5942802956961459
250798,10.681623661669477,-0.5483914983643885
251099,12.804537673531263,-0.5490542096922519
251399,11.98401916073279,-0.5372860392454455
251698,10.727738638272648,-0.5167369168613622
251999,13.329713204417056,-0.3394438422477042
252298,12.477444380395928,-0.4471488896936997
252599,14.603090442485072,-0.3512999082134647
252898,5.580858193849414,-0.5062751270323991
253199,1.3944447516307532,-0.9945631482797244
253498,1.1462441778413766,-0.889605540147109
253799,2.489470875999247,-0.49281606534834443
254099,1.3532599646250576,-1.1260073614419666
254998,1.4552962432260914,-1.9187511261510104
259499,2.643326142413061,-3.207397003697098
259798,2.2775478143973973,-3.556866845547596
260099,1.940912605583402,-2.30051601767729
260398,1.706230135921994,-1.8251041552935159
260699,2.3690704076033797,-0.5942299625715521
260998,1.5590414409823623,-1.2971479035277755
261299,1.2701931618467208,-1.8517109842208455
261598,1.2709073255555177,-1.541074477967805
261899,1.1745826896282285,-1.585160382532893
262199,1.0725104942190997,-1.8116879016805623
262498,1.165545419093148,-1.7133237753008839
262799,1.137212147830254,-1.8939693511480162
263098,1.1019142224304048,-2.0299539855898163
263399,1.0943947468633164,-2.350189023859021
263698,1.4442051952923711,-1.402755462172013
263999,0.9669419498403775,-1.7847499868616423
264298,0.9350016394338565,-2.05677582529502
264599,0.9596350414261914,-2.0408042232797707
264899,1.024639716082957,-2.0058319135410634
265198,1.012246008049182,-2.0179465687174702
265499,1.0277061068970996,-2.1738758734895027
265798,1.111951973062391,-2.3568516427731683
266099,1.0621619324427343,-2.361280589388064
266398,7.433766422283652,-0.31956361227787955
266699,1.2999703858883873,-1.7124891575575183
266998,1.3908553406663937,-1.7831886716104117
267299,1.2273825679702455,-1.9898382654091975
267599,1.303085399926662,-2.435425710497745
267898,1.366974197290954,-2.3514780149119505
268199,1.5814268380639114,-2.015863825512426
268498,2.585241132289732,-1.249849399583454
268799,2.1598860571634173,-2.032058033254028
269098,2.7356400378028294,-1.196519369584247
269399,1.4293076418171127,-2.485433046457608
269698,1.3593197392284742,-2.182154661928654
269999,1.7749026328544284,-1.347658529112545
270299,2.3944442310138965,-1.0400153209721514
270598,1.5822982735054965,-1.874929019466948
270899,1.3459635284832625,-2.1101141201384856
271198,1.8294453387410579,-1.3803817632036797
271499,2.293429338639045,-1.5147646356971163
271798,40.11899480106396,-0.4015618770860929
272099,1.5980301409363955,-2.121187970104293
272398,3.88681352343608,-0.4112671572985718
272699,1.6263983898320242,-3.984491023953294
272999,1.6285007458938494,-4.4713016500929506
273298,1.644122779186051,-4.453962744755033
273599,1.7144969657261657,-4.387985051439213
273898,1.795024466349445,-4.574319141874192
274199,1.861432575184633,-4.738503765833343
274498,1.8184181731132543,-5.373497667478665
274799,1.9024462157866553,-6.0049006409484145
275098,1.9773355543655582,-6.239750417680045
275399,2.295130977535659,-3.5557034764569053
275699,2.167665109348547,-5.407511602415148
275998,2.276798135287472,-4.933056237062653
276299,2.314894012920157,-4.058960799273182
276598,2.0500147181229313,-5.56554195314882
276899,2.571177832010605,-2.2780438122407887
277198,2.4129117719973268,-3.3503822780449584
277499,1.9905299231280884,-5.604154840221825
277798,3.156505800213191,-1.0035606016621874
278099,1.7133117118361376,-3.2804376668695028
278399,1.4926061552723366,-2.0318241754097257
278698,1.5681321053297737,-1.7395403084076064
278999,1.372043669704329,-1.5796115623806681
279298,1.4255443617837444,-1.5389274998389992
279599,1.6169345964762625,-1.448845409155683
279898,2.0269621623147387,-1.4902624679257093
280199,1.8978745186072306,-1.3774614007221855
280498,1.7708512702197146,-1.258845192129785
280799,2.13405641568336,-1.36564051885464
281099,2.240894380900063,-1.346483193766598
281398,2.3043997821441153,-1.4033275923861654
281699,2.5886578612896636,-1.3758611720356506
281998,2.629252227605583,-1.4118580809904833
282299,2.8654921206842,-1.3482442462331785
282598,3.8571508713518696,-1.1074460541236584
282899,2.8644361620936905,-1.2863743676154509
283198,3.186179105224392,-1.2463244057502383
283499,2.926540471258919,-1.2399462791976963
283799,3.5753058627953718,-1.2711729867298782
284098,3.5309652658717225,-1.3348011100363522
284399,3.4192459117372813,-1.2913546664868374
284698,4.044737587137651,-1.175530896366983
284999,3.5396058374731147,-1.2486841229561008
285298,4.160839695853689,-1.1416244068553234
285599,4.1678096212227995,-1.213050677911483
285898,4.9846558425915015,-1.1056769571653398
286199,4.835436672245342,-1.0859829360677242
286499,4.354040806968799,-1.1599450533224354
286798,4.66854259986965,-1.0656038888318529
287099,4.048393246268243,-1.0845966834814607
287398,3.4858898186254543,-1.1051415125947464
287699,3.122931656802395,-1.1764666035035432
287998,3.126640298846229,-1.1360156803674841
288299,2.5174593061727775,-1.1610256796559666
288598,2.097532229264265,-1.1697388343752904
288899,2.1180373296457464,-1.1414660724823231
289199,2.0843923993739937,-1.113546683409834
289498,1.729690940270818,-1.1934414073723905
289799,1.9223246755319536,-0.931389658133996
290098,1.7767839511218921,-1.288929564229225
290399,1.617403476726213,-1.0905090234895174
290698,1.6421765114719884,-1.1542303778446592
290999,4.82149316730148,-0.5487235393073477
291298,1.4953834516493734,-1.2388644428517197
291599,1.3934993269032716,-1.2727940651598608
291899,1.444139559112633,-1.348005895860251
292198,1.5474143800990365,-1.3401914778386548
292499,1.7886572649212553,-1.2227252688382064
292798,2.1760249986031615,-1.0431702043175273
293099,1.8825821244968646,-1.3676771393851999
293398,2.0242335142321894,-1.3682839431021736
293699,4.259730133361345,-0.7731009959867228
293998,2.3206846197279605,-1.2038588814803157
294299,2.091703159627612,-1.4577843137839182
294599,2.2562145103563487,-1.3362860099490717
294898,2.5138754280428723,-1.0987706735426919
295199,2.1683196040679835,-1.8778138207985844
295498,2.3623402987760773,-1.7635905489842156
295799,2.6933846320496113,-1.5071984360712158
296098,2.3540374526985555,-2.194836387661585
296399,2.345591474399728,-3.0452692154105154
296698,2.3881415861528144,-3.3617760604168385
296999,2.5625601294538836,-2.8787678648690584
297299,2.7526736335810105,-2.16479601451271
297598,2.5396739659258056,-3.5139234315954164
297899,2.659653949097823,-3.112597304477349
298198,2.4575238791002536,-4.195048568180664
298499,2.25228622688269,-3.483705261380691
298798,2.0063225743777897,-2.2045002958748414
299099,1.8346714034810836,-1.795616654134843
299398,1.5927005805999928,-1.9357099394962165
299699,1.4662291331082793,-1.79228618254544
299999,1.4624829912791426,-1.6235643197226546
300298,1.2943507702071344,-1.6785989008092863
300599,1.358931938305082,-1.1837346688959403
300898,1.268786847519123,-1.3500755338579586
301199,1.1891958640294698,-1.525906657136383
301498,1.1799401162981789,-1.5283558276883409
301799,1.1749559800778817,-1.4562817805189479
302098,1.1654136055192628,-1.5583415266267915
302399,1.007181755249399,-1.6486927810485188
302699,1.415950406911167,-0.7823215214044277
302998,0.9454276234002142,-1.7613286288006176
303299,0.9261841616362232,-1.864658732697487
303598,11.044676150535642,-0.4774875717957625
303899,4.986428733467675,-0.48962290311281165
304198,0.9263343085282373,-1.9244886155329617
304499,0.9409583237079782,-1.8228225861775358
304798,0.8901298646387219,-1.8415800522834953
305099,0.9008601264125942,-1.7389116177175166
305399,0.8757246637536107,-1.7502244835521439
305698,0.8390217430979219,-1.7229888372396638
305999,0.9276076782071405,-1.7057883167128822
306298,0.8990210137214178,-1.7817540383433639
306599,0.9324194964228373,-1.7972480575348793
306898,0.9113855895588967,-1.6814906582131703
307199,0.9070937720735741,-1.6705172093110034
307498,0.9877849939238718,-1.8034318064960737
307799,0.9816028784630182,-1.6597163545857652
308099,1.0229857718490893,-1.7912992314850498
308398,1.040955217046588,-1.6029927323683828
308699,1.0741708737072022,-1.5932260767438624
308998,1.017404626909132,-1.62857420321615
309299,1.037342841245367,-1.6417220548639997
309598,1.0207760588964163,-1.576727435825235
309899,0.9598324799769631,-1.5192394751308886
310198,0.9944125319744184,-1.7735962084947783
310499,0.9327982973642237,-1.5589204450878653
310799,0.9344787547288398,-1.6871037897365233
311098,0.909357540586767,-1.769518821245911
311399,0.9364724825101729,-1.8038937670008028
311698,0.9193897187696535,-1.7483985090902014
311999,0.8792128646198029,-1.7039476613582152
312298,0.8469434366969453,-1.56940001145602
312599,0.9061179053017986,-1.6866288672453678
312898,0.918301539051526,-1.8623221804842598
313199,0.9549910979822458,-2.0408722897470466
313499,0.9815180144863892,-2.43251821469872
313798,0.9468648865648266,-1.947651390198068
314099,0.9198510694854526,-2.1372662798383026
314398,1.033059974846801,-2.2685819644973884
314699,1.0146639842267065,-2.180889196594965
314998,1.124970633539699,-2.250639384095957
315299,1.0800184064665148,-2.1171813566631217
315598,1.4143166315618905,-2.0987532267164872
315899,3.0274797174153356,-0.3462736292921631
316199,3.5172077595512414,-0.4467957183321072
316498,1.4629501529949445,-1.6774182280609526
316799,3.241787956944673,-1.3364854411315403
317098,110.9742037473666,-0.25216389372761183
317399,74.81971245187901,-0.26689592076142765
317698,95.19891223380269,-0.1492731959992326
317999,102.61721961737939,-0.23046196270827157
318298,53.19418759628588,-0.2887563347299451
318599,65.24211517312719,-0.22103145629109644
318899,40.24994922045076,-0.27283716369201594
320099,2.676620135911502,-1.7889801717592104
320398,15.076479085911043,-0.8134608858255901
320699,20.744461245979775,-1.1893871083820469
320998,15.652043792370357,-1.0828477720468075
321299,40.83749045791847,-0.9452241387942204
321599,16.09425454049779,-1.2528257923973114
321898,23.852833604049767,-1.3801550855653253
322199,11.115650838922427,-1.3857782856741379
322498,6.0666737009973986,-1.0162962080067688
322799,7.394304092243768,-1.1204349325182368
323098,7.275928591163719,-1.0106175287966597
323399,9.367087679297352,-1.1054996788463662
323698,12.052712161058512,-0.9776933424168577
323999,13.421608569156854,-1.0677140362230588
324299,14.541585309054751,-0.9799791538436775
324598,11.751029474962465,-1.022155479462687
324899,12.223133450683044,-1.0179166840060203
325198,11.455832882270021,-0.9428293071041118
325499,10.098828357567518,-0.9206703308357143
325798,7.638936154355755,-0.91510599135573
326099,8.795254282449253,-1.3175654895253732
326398,14.519753673036696,-0.9193893025263993
326699,6.240616513242923,-1.3061558861508948
326999,10.568992475159362,-1.202275011900423
327298,11.963530546036823,-1.3448610841292932
327599,9.392463545576682,-1.4765867635578727
327898,20.38223620433221,-1.0853380179583354
328199,45.87342833330919,-1.4496845222886163
328498,11.965969264938279,-0.8303864478193554
328799,14.156186069749715,-1.083878644132397
329098,8.518071714282385,-1.0055393335824254
329399,5.0534116401395615,-1.4786649170253923
329699,29.343027030419996,-1.2405895246029401
329998,31.460781274814224,-1.3108830376797975
330299,11.135078534245311,-0.9557560209395013
330899,1.1129140045041042,-0.767314660824411
331198,1.7144506965527198,-1.044013945620982
331499,3.1463321435494747,-1.1233175143185936
332099,0.8754758055715359,-1.2136749670439833
332399,2.095851200556437,-0.30913105695007714
332698,16.151205733743257,-0.6324854780606819
332999,9.29998149219021,-0.8699530508236681
333298,18.883074445274147,-1.1091387782396924
333599,11.905889726781558,-0.733362421349881
333898,16.353646840764323,-0.745604081759917
334199,31.10833810306189,-0.8457098569966646
334498,38.80711091933491,-1.038281458583091
334799,40.39197133393862,-0.7661951750659135
335099,24.794046002684468,-0.7430121380626762
335398,20.244148132162135,-0.8960464694523858
335699,14.893854797228588,-1.0861764232388693
335998,7.965104505348969,-1.2833509830965948
336299,1.4532971963749224,-1.290780921887495
336598,3.505587021525457,-1.1346977645547436
338399,0.8691645169169963,-0.675244449705596
340199,0.5020612756333592,-3.0899386588315245
340499,0.9776432430741289,-0.5728400828226297
341398,,
342598,,
343199,0.783556583522952,-6.412500272098491
345899,4.287430937940936,-0.3224776469966264
346198,3.5863834485497037,-0.39900872039924895
346499,2.8217499851164334,-1.3577369046442156
346798,2.706350915776181,-1.5784012753726446
347099,2.62909798965537,-2.155201386505797
347398,2.6556653912756434,-2.454631508874524
347699,2.720640978629523,-2.393843479825559
347998,2.818659342586266,-2.1730661024760063
348299,2.6870875023652263,-3.4897106553378388
348599,2.763854511546226,-3.148587597933809
348898,2.710946242332917,-2.6285039829035006
349199,3.258716781171323,-1.0078595757436628
349498,2.198370384999192,-2.0845653641245576
349799,1.7285527500913036,-1.7241797746770424
350098,1.4578113731934317,-1.4236341248300843
350399,1.3659239147328224,-1.300615455209527
350698,1.4136008230370891,-1.262418479199161
350999,1.4510961197629468,-1.3602187003929607
351299,1.363603991551371,-1.8051620312044028
351598,1.35141008809748,-1.876272936893164
351899,1.4690284890373464,-1.539635208193887
352198,1.3356002161620097,-1.744852401282737
352499,1.5773318944626624,-1.2853160944964412
352798,1.2927836470047782,-1.5654290372116049
353099,22.771759415245768,-0.29637709195044404
353398,1.2491305256878156,-1.5389340075122244
353699,1.25763035694369,-1.6261081231347694
353999,3.5312078650630236,-0.3681256799005488
354298,1.4488222077410633,-1.7209562307076172
354599,1.515149532742334,-1.6731310602259795
354898,1.622439315512373,-1.45685976219149
355199,1.6818275218277199,-1.4022057040269975
355498,1.7522966204321013,-1.4010347616838503
355799,1.8355214619344504,-1.4508883272129864
356098,1.9462394172213773,-1.7761577708184628
356399,1.8964402579718258,-1.436545798244877
356699,2.0407003584474577,-1.4549410783151369
356998,1.847419384030954,-1.4730896456316347
357299,2.1227955497057582,-1.6188976763107088
357598,2.1539242979308773,-1.510513695082262
357899,2.1094428628085797,-1.423852045601044
358198,2.2675864357091964,-1.4382292675425479
358499,2.3616969856671894,-1.4216959046197921
358798,2.263833521436199,-1.4481975833624228
359099,2.4400214227363977,-1.4263722418534521
359399,2.4005621702861424,-1.425694003131372
359698,2.4247189709592565,-1.456067418972654
359999,5.037719066098976,-0.6077607390458581
360298,2.3357005217455384,-1.5773163166854238
360599,3.247078116476352,-1.0331331535839445
360898,2.9049973409785417,-1.6701993132126725
361199,2.3606073567426282,-1.5614619846764382
361498,2.275458381237657,-1.552851169402405
361799,3.70922802913172,-1.6264616494779864
362099,2.701156198342445,-1.6233365882335518
362398,2.6414912466294687,-1.7273578429933365
362699,2.882261467177025,-1.642841811483824
362998,2.998296702199864,-1.5716425502696816
363299,3.752003448973466,-1.5036188110236544
363598,3.2970800989193236,-1.674316224265883
363899,3.355652418509093,-1.6428759890440876
364198,3.7671086105723663,-1.5603127362371283
364499,3.4571624887408756,-1.909674089875932
364799,3.3022986778403616,-2.0500650054024407
365098,3.833855757638899,-1.658957345421621
365399,3.6288384366976283,-1.7253758703130182
365698,3.071108996731139,-1.732216794109688
365999,2.8760148383565993,-1.7115045399804503
366298,3.686148296965336,-1.816887190489843
366599,3.211309581102726,-1.5353905109663488
366898,3.0372667397579596,-1.717297389958003
367199,3.197522155155907,-1.6137653982630114
367499,3.3489157770356357,-1.485210028971382
367798,3.145014285248588,-1.4178051502959428
368099,4.574243913329676,-1.350413835448752
368398,3.712357108348288,-1.33782560405922
368699,3.567562895604223,-1.3496305931478876
368998,3.361297048205475,-1.3421053362304236
369299,3.15543875194166,-1.2822985734084607
369598,3.9731117748352207,-1.1665297635230951
369899,5.407411836510434,-1.0171861166713612
370199,4.1687024918589355,-1.2226862811167667
370498,11.557601587621296,-0.35473135071204487
370799,6.3311175550548295,-0.7869367510226184
371098,7.946136284097934,-0.6612987631334124
371399,7.187695821690672,-0.9053610189345629
371698,4.455999005329894,-1.276641213998531
371999,4.817463811062122,-1.28455656836918
372298,13.90344083917457,-0.275540664199978
372599,15.198218180569178,-0.29392569688028725
372899,9.455878254128546,-0.5189816056469301
373198,11.597317304574835,-0.34948704482886694
373499,10.40284409032578,-0.6097851873382119
373798,13.076079973054846,-0.35339542516620526
374099,8.5158153492598,-1.0300696288019267
374398,8.263725730571263,-1.1504624473107357
374699,11.765807969378567,-0.7501181624405941
374998,7.682724363503461,-1.2976780010483986
375299,6.685571914822276,-1.3932256278645654
375599,6.91291459838552,-1.1426422061710042
375898,8.864150973774834,-1.0422582454663067
376199,7.128362422474694,-1.1853314862976432
376498,4.81457881517327,-1.227598372220264
376799,6.792829501429313,-0.8565061862367884
377098,4.003626322997153,-1.0270376723108323
377399,4.17194761446067,-0.9638017541530128
377698,3.3037236171177806,-1.046317423421797
377999,2.6830836757575445,-1.1901861972986238
378299,3.0661342171237074,-1.057199475791108
378598,2.669115443006543,-1.1117364801897178
378899,2.817298697134739,-1.0933020345183166
379198,2.827743854225811,-1.0953333287688247
379499,2.829012600690435,-1.1385413066881567
379798,2.8521076560017566,-1.1254266440408447
380099,3.301446223926121,-1.0014679488272211
380398,3.008638388508342,-1.0904644908497994
380699,3.123108044689711,-1.0235010245518836
380999,3.2161434019649295,-1.0079767407759141
381298,3.1940036658028657,-1.0414592127633924
381599,2.904596365138258,-1.1328094112439748
381898,2.9487329538793094,-1.1663903526122161
382199,3.4026405515157783,-0.9528130061648259
382498,3.4876051208000622,-1.0507094094200662
382799,3.5978791927642026,-1.0316947379404438
383098,3.9321480507623523,-0.9118868087994734
383399,3.7257531408766784,-0.9746254994867369
383699,4.076294344064073,-0.8775994670291114
383998,4.00113329435598,-0.8996870366003797
384299,4.130969034904611,-0.8668199900410518
384598,4.423503855095849,-0.7641557203526697
384899,3.84603233395665,-0.9670846829035165
385198,3.9399177759157444,-0.9374651046464741
385499,3.8681260836842153,-0.979701620378882
385798,3.618476274771618,-1.1792629317350802
386099,3.534319496547571,-1.2909596233873852
386399,3.465865295549569,-1.3743158281813481
386698,3.427575006815397,-1.3378888206299075
386999,5.783553911379573,-0.571161306853635
387298,4.236752644687276,-0.9175599461600696
387599,7.463710020107377,-0.9129992177576438
387898,16.230849558843094,-0.24444662839775533
388199,2.7387942008963706,-1.7744250604516698
388498,2.7825940201491055,-0.8347360178041638
388799,2.397069651370858,-0.9628714967112211
389099,1.8454058689111958,-1.1776025130315655
389398,1.8228596361483893,-1.218578285450362
389699,1.9444612128474263,-0.9766908444291273
389998,1.892240025353765,-1.0500339380058255
390299,1.6979684781011626,-1.1298304157872683
390598,2.0980885531787825,-0.9597936171286627
390899,1.7752613646059079,-1.186016922891525
391198,1.7483002375606838,-1.307507657806687
391499,1.749766556560521,-1.3990875674310468
391799,1.7893126387003682,-1.335971080653569
392098,1.8470821034472094,-1.3468531664099403
392399,1.8296107148057505,-1.4085918268853193
392698,1.7036321032871649,-1.380838897319709
392999,1.700137231051202,-1.3445959448096914
393298,1.6087573252010028,-1.4662337642622973
393599,1.5570339343437964,-1.3645459451552147
393898,1.4771859151298878,-1.4034488605809647
394199,1.5413645420607243,-1.2872802842406252
394499,1.4552070072667775,-1.3179986597169489
394798,1.4108452458493153,-1.3572072138521563
395099,1.4301348780536012,-1.3061499180584857
395398,1.6273762217769598,-1.3899628222679277
395699,1.4518433677030762,-1.3369647562937579
395998,1.3999009436478589,-1.3815060808715853
396299,1.4629402377472627,-1.3973374893662318
396598,1.6402605026738235,-1.381290717360216
396899,1.6818126642947635,-1.3496589853184946
397199,1.659823604006066,-1.331032839210713
397498,1.7595951462187598,-1.3521785836214208
397799,1.6763788717311652,-1.2990157020341608
398098,1.6741931027479915,-1.3637135033562173
398399,1.6379971970669507,-1.3582244730065276
398698,1.5897814438550875,-1.3724795002363668
398999,1.635258246999876,-1.474364027906558
399298,1.6280341608992361,-1.6047171554286517
399599,1.7014784276006472,-1.5891296783157114
399899,1.439960297512916,-1.5815981919608126
400198,1.2928323410210245,-1.5461570987361144
400499,1.8390420225290356,-1.0399429146962555
400798,1.4404088326308742,-1.7529677815797053
401099,1.3088719811414613,-1.7746889299105972
401398,1.2864309488248575,-1.6990082016602157
401699,1.296970303523749,-1.7278863363445596
401998,1.1990300426104439,-1.5391943866854003
402299,1.3575036700357241,-1.735043441852143
402599,1.2635694071558683,-1.665322683259201
402898,1.3661158538048588,-1.9479431831484342
403199,1.8314493818761701,-1.5437524188027476
403498,1.9100587463864127,-1.3082843580232857
403799,1.6514099657082295,-1.4640576104487981
404098,1.7427630240033445,-1.8796431508784277
404399,1.6059680645945633,-2.3383400596429844
404698,13.62111805678745,-0.5865605878843654
404999,43.10248006155118,-0.22474339197600535
412198,3.502217961795511,-0.6451500545648676
412499,47.863637695389826,-0.5816163718765375
412798,52.15424646222047,-0.8139404955537872
413099,34.31644100635962,-0.8113453014223644
413399,39.35108880030192,-0.616189023739848
413698,15.411212544305746,-0.9191067356485367
413999,12.485610753828182,-1.0217311390151114
414298,14.285168888945874,-0.9516739182281613
414599,14.18230090414979,-0.9712310303021945
414898,11.606086771535026,-0.886743433397517
415199,12.715239836769209,-0.835468605344871
415498,13.217672641232943,-0.9639130399325353
415799,16.554579086648303,-1.2366669666316858
416099,63.008902758227364,-0.622034406629745
416398,8.320958470467723,-1.7125567046086414
417299,3.3254521925419165,-0.4522749683780991
417598,57.834115230669454,-0.6811340997965591
417899,1.5945970981411728,-0.6887422078768617
418499,2.389980806503377,-0.716784607312889
418799,1.4839545744831206,-0.8148839323023183
419098,17.16697348590822,-1.2585776271946316
419399,5.321149968677362,-1.2779240117187993
420298,1.064001275313811,-0.7616306199796334
420599,1.137925254388272,-1.125314763885085
421798,0.7867315861254823,-1.1699814372003194
422998,1.1865724133683235,-0.5865444622770837
423598,1.7515439788655514,-0.5435636106649102
423899,2.9170920525555704,-0.5839803048442234
424199,22.49952442356224,-0.565608653713406
424498,12.015811589945685,-0.5767631538222
424799,25.746938432249433,-0.6245482015456862
425098,23.819222300448853,-0.604711889117419
425399,25.631926026488113,-0.6410454789000126
425698,30.3495435358063,-0.5748401487158399
425999,25.821058987156604,-0.764625830699939
426298,26.56629264354087,-0.8605868725039441
426599,23.086791605046944,-0.798540177312625
426899,20.442858498175198,-0.7486274453666444
427198,24.164998879706154,-0.6700025105996328
427499,26.172864880668982,-0.676993289412797
427798,24.053614665778433,-0.8308012065323034
428099,26.412100038574028,-0.6820870798667069
428398,26.115632326689326,-0.7872813543899437
428699,15.663177037899613,-0.6322988169863253
428998,25.32920919326035,-0.6923466512291758
429299,28.467758314179086,-0.6917929365914188
429599,22.38837985073772,-0.7034980301740477
429898,30.856800128390162,-0.7059055498510187
430199,35.02582709174894,-0.6667376292043041
430498,35.54857790655481,-0.5389230202466486
430799,30.67819083164396,-0.5421861239645269
431098,37.21252793642935,-0.5786468299083605
431399,34.058449841448805,-0.622538379332529
431698,28.771411236446163,-0.5709630871896898
431999,26.293117684798013,-0.6459531214054495
432299,5.369278088371329,-0.5779381588692238
432598,8.633211617221626,-0.5119193953453758
432899,0.9410359404250119,-0.7113625143677222
433198,2.5089352639040206,-0.5654045660584399
433798,1.1959931853227554,-0.6745389306406293
435298,5.193383458789238,-0.8367457473812354
435599,4.168686528564702,-0.9375866501786574
435898,6.571676269564701,-0.6842875087053923
436199,3.531918449981368,-1.0196584866166152
436498,3.8118207310137757,-0.8968761619887622
436799,3.069104950643405,-1.1718217563887414
437098,3.577881712685072,-1.0016866005657161
437399,3.160650504296183,-1.072418833855039
437699,3.9498453099119235,-0.7904799182423272
437998,3.666410556335535,-0.9152570182218824
438299,3.3958321386665533,-1.0182228250731549
438598,3.161678525430442,-1.1044106116139951
438899,4.462155188013776,-0.7463941952223789
439198,3.1397301124049797,-1.042990940538881
439499,3.4238262448332204,-1.0195182729415033
439798,3.0553565880531277,-1.1672897036928438
440099,3.1026298332128497,-1.130732951413635
440399,3.7050743486549798,-1.168064018379011
440698,2.9982827678517388,-1.2998914754229478
440999,3.037604685122572,-1.1991044501056227
441298,2.802196767185072,-1.2668236027728006
441599,5.771469211178128,-0.584011936276545
441898,3.7887322428772015,-1.1665483071620066
442199,3.103271363326276,-1.2012252545036834
442498,11.56519198626146,-0.27693002375327125
442799,10.044060014696647,-0.1820863623292499
443099,11.345730313874933,-0.20386749323019826
443398,2.99760868084248,-1.2390256816547613
443699,3.0012150978609977,-1.2736060691287832
443998,2.8787718296387763,-1.2817869394843662
444299,2.849020523597109,-1.2629613527783023
444598,2.5925278643934053,-1.3044789138231745
444899,2.8204121151225716,-1.2895825150948634
445198,2.6666333668378503,-1.304430522331236
445499,2.482407722759146,-1.3115301104133885
445799,2.3571969521804426,-1.3482589069759556
446098,2.3033784508031276,-1.3307340707936008
446399,2.1563947760022018,-1.3256694981345825
446698,2.343820902948961,-1.3770193996525504
446999,2.3194596711387754,-1.3678726162611219
447298,2.3262025355924796,-1.3201648856005206
447599,2.262885875365628,-1.3260730339148377
447898,2.313309383972109,-1.3967066323689799
448199,2.4204675600971095,-1.3912191718460707
448499,2.343361745472109,-1.4437423032311405
448798,2.3552907204350726,-1.4067959943592419
449099,2.6220255593401647,-1.356234031840036
449398,2.7373267627406275,-1.3885141190467563
449699,2.707247298865628,-1.34117621258812
449998,2.7252971410299796,-1.4435981550923498
450299,2.8195213675716455,-1.4548943945349833
450598,3.79048495171748,-1.523022441392245
450899,3.2676879589281276,-1.7283699998649622
451199,5.04258767027998,-0.7918908990403228
451498,3.241098362689702,-1.490944151934293
451799,3.297578700694331,-1.4797738819929198
452098,3.371560913341405,-1.4838257925143314
452399,3.3339527148182566,-1.5737117997812113
452698,3.4008279201469604,-1.481022619420942
452999,3.9655079989270536,-1.646900699304441
453298,3.2727175308552936,-1.587117070586812
453599,3.5650402806400154,-1.4883138625035253
453899,3.2735294458252007,-1.5608847445768124
454198,3.4397541724247382,-1.55475991597041
454499,3.5469375197765896,-1.545030050686397
454798,4.987424081808986,-1.2426707472698189
455099,3.9733030425358384,-1.5868849221917825
455398,5.8333252123429595,-0.6696388694515341
455699,3.7956838267117643,-1.7208105720908584
455998,4.405611207345275,-1.5032388714316114
456299,4.533549524160839,-1.4436518912446004
456599,3.8984508360867647,-1.633192479448753
456898,3.8639968415451085,-1.4598143311207146
457199,4.339825445475654,-1.4804380163910453
457498,4.360508741209461,-1.4170056488586145
457799,4.863291363077518,-1.5062068016458299
458098,4.7098325460219606,-1.4910524384321984
458399,4.417338132855294,-1.3804362397294017
458698,5.101358754343718,-1.461574626851776
458999,4.936231592565942,-1.4067917788505016
459299,4.6506298052997375,-1.4335207879478786
459598,5.001795462447886,-1.286496818399364
459899,4.69033783178585,-1.3445328855454077
460198,4.799892564667793,-1.3263859671069191
460499,5.046239961524275,-1.2969603562606573
460798,5.206005268746497,-1.3129855008194427
461099,5.466449699679368,-1.3164523875157683
461398,5.818234515343718,-1.2991863349105315
461699,6.248764122542792,-1.2220959988777782
461999,6.765310796690942,-1.2892944243089661
462298,6.415102832565942,-1.2479379210720696
462599,7.293441743447886,-1.203567796639966
462898,7.166360771466405,-1.296028362236168
463199,7.16745187791085,-1.210908874937679
463498,7.260178083649275,-1.2719187247026973
463799,7.815079618711774,-1.170202405298181
464098,7.531013593221035,-1.189214116154644
464399,7.041989223554367,-1.2676888173473269
464699,7.811080709170109,-1.180483132624778
464998,21.3259257307785,-0.4613351402739123
465299,6.856327042697887,-1.1964393028128892
465598,6.911009308429367,-1.1889969992296994
465899,12.645808185213006,-0.7196553437314539
466198,9.096129823082144,-1.261321272237491
466499,5.426729792196646,-1.048698472008164
466798,8.220658762700793,-0.3105014469863161
467099,12.92406720567812,-0.5785026134535804
467399,24.116286488558597,-0.4353686185859973
467698,28.946445525891605,-0.5162847300327467
467999,9.800478167036923,-0.802702015175667
468298,9.424418122071646,-0.6360549505432969
468599,11.235287877157294,-0.6684209584224778
468898,19.152179379652257,-0.4697190882764586
469199,41.429313773972574,-0.4868507351840521
469498,51.300971906732,-0.5241496592736139
469799,25.46626036698096,-0.6471835934554382
470099,20.88583517095319,-0.6740391199592821
470398,9.90151866319896,-0.9088423617339116
470699,22.558588146078513,-0.8482009892340392
470998,17.477323390121814,-0.5183257700394912
471299,10.029751303708217,-0.9107953719032669
471598,8.187550569532293,-0.9050010888184272
471899,4.561352497827752,-0.6430194214090292
472198,14.147197617771202,-0.5529679935163483
476398,0.8000871109068252,-0.868123158609934
476998,14.487863547416149,-0.7761755588121149
477299,6.149551656946645,-0.46937002502215
477598,6.656630477924964,-0.3554972966337797
477899,3.3809711493378503,-0.9519755734535909
478199,3.3020119501665537,-0.9046789804788826
478498,3.223670550388775,-0.8945533269638837
478799,3.221375230661924,-0.9407145819894605
479098,3.0262638551758125,-0.9966210585864099
479399,2.843420584844794,-1.1131906078666525
479698,2.773926996171183,-1.189487019390346
479999,2.619880058053128,-1.2940951343015286
480298,2.644410343710535,-1.3257585864180448
480599,2.678399091534609,-1.2965501689137433
480899,2.358672558724424,-1.345009197793285
481198,2.7778601907591463,-1.321918318744617
481499,3.251304335784609,-1.2058592672173742
481798,2.7787155385809057,-1.3278827541704992
482099,3.0271055574952577,-1.331513636916056
482398,2.8710168389489605,-1.3625431705582711
482699,2.9055788682753496,-1.4527498851862855
482998,2.711179621240627,-1.2885203722716239
483299,5.561380152518406,-0.7527420401603182
483599,3.006297867946646,-1.2543354776045672
483898,4.029145890951275,-1.0315703368632492
484199,2.941435361048498,-1.4197381311098765
484498,3.2178832851272015,-1.47926103020612
484799,3.052622866293868,-1.5056475579675284
485098,3.395424121972109,-1.3666128787655265
485399,26.259406667949683,-0.34841513578315597
485698,3.5092020683817537,-0.4365874105324987
485999,59.57724043469664,-0.4952094046909197
486299,54.42244121697459,-0.5861315016385007
486598,29.473497535011454,-0.6081010742136308
486899,41.813715816269806,-0.23438238004741363
487198,39.29776230584942,-0.23224559110560383
487499,30.515041806849425,-0.28618324560277
487798,30.330883730384148,-0.30919869034245573
488099,37.89186462057164,-0.37462568845984867
488398,45.04519603849485,-0.43521019137063766
488699,51.18706746336635,-0.35626063064193336
488999,60.88211203389588,-0.3110187763331038
489298,41.55416591136794,-0.37794194534660686
489599,43.0124852034219,-0.4019508534293401
489898,55.99082036720431,-0.36712876723885013
490199,56.9689348121849,-0.3094954280349722
490498,48.920586934741344,-0.37874127120932677
490799,49.355383077423504,-0.36757449224836636
491098,58.42795986224063,-0.38164884068957194
491399,46.58471784032057,-0.4568544832790047
491699,43.57119967852998,-0.43328991877283074
491998,66.57437264638892,-0.40913645819408706
492299,76.61803750303012,-0.519620671235884
492598,96.16230204240962,-0.36350483596620586
492899,72.41927752475914,-0.43380822242531414
493198,20.219730714754505,-0.502792572604557
493499,25.04789415969274,-0.5996890774629589
502499,14.200111529810552,-0.8073662851821393
502798,6.164928704590644,-1.0886062739837996
503099,6.6473088036600885,-1.0330333603663773
503398,8.573152104458702,-1.1695791294204514
503699,6.371247022160089,-1.2002592956515437
503998,6.484301129422423,-1.1214846871501614
504299,9.792666852798979,-1.1218914344918383
504598,15.128373261088008,-1.4505884202387511
504899,42.15293383455561,-0.848241706569766
505199,32.02016204007396,-0.6706491249287867
506698,3.299539871890736,-1.223288501680198
525899,6.132997618182758,-0.9152296798844626
526198,5.955764638916553,-0.7551156904857605
526499,6.673995568648035,-0.6111981178111179
526799,5.799909147060072,-0.6794844647120779
527098,5.084812718731369,-0.9585686557383313
527399,4.44427372571748,-0.9997176301199713
527698,4.3399416493285905,-0.9641141868629102
527999,5.630427468472109,-1.0933082658028264
528298,4.193031453548499,-1.0569423085791065
528599,3.9566589211850722,-1.121153897652838
528898,5.885519088356368,-1.177816838252952
529199,19.472069887205905,-0.5320500414910467
529499,16.49286256544896,-0.5827567306221364
529798,4.39948620728924,-0.8648150311641591
530099,10.377762713282292,-0.6837496864864636
530398,19.22304975981007,-0.40868884028514296
530699,4.61572089365035,-1.309824764596696
530998,3.196960580210535,-1.2747519689176507
531299,4.0697466013517385,-1.0503273927879069
531598,3.6791763067221086,-1.313481590570977
531899,5.240098477122572,-0.836073026522016
532199,4.298858915652665,-0.7476538692678303
532498,4.435432600286924,-0.7494881618632705
532799,4.1136159739026645,-0.663015674583437
533098,15.118642387798495,-0.3033250910937233
533399,3.1496608321572945,-0.7863806258569201
533698,2.603347160874887,-0.9280014335902222
533999,2.6896808194096087,-0.9953266430024859
534298,2.7456983332128493,-0.8906446315532299
534599,2.857294689858683,-0.8189769162665819
534899,2.614087812729054,-0.9868228483448174
535198,2.9641338722012756,-0.8945195207137013
535499,2.6576786692174794,-0.867586106315164
535798,2.5136756455901645,-0.9685236623874196
536099,2.357734859893405,-0.9954998840003904
536398,2.481528567067016,-0.9789975713109229
536699,2.700788895888776,-1.2478536650848677
536998,2.4716223364628496,-1.1257219769615738
537299,3.714779187279979,-1.2177428737178877
537599,9.031322659004518,-0.7367221160710931
537898,48.75400746316441,-0.9007382197358451
538199,63.09480988971606,-0.8261190553403774
538498,66.9146985123738,-0.7915196374283859
538799,75.864047254382,-0.6774230429778672
539098,67.38977650267826,-0.6876371159666592
539399,42.72694015730669,-0.8820674128267052
539698,46.12356661795482,-0.9611233135178658
539999,65.25028548561347,-0.790516947737459
540299,3.3526085417613833,-0.8368452961539004
540899,0.9309083509599811,-0.9198842397808451
541198,0.8701248809296415,-1.0857773970054772
541499,22.46588771540298,-0.7801494680681376
541798,18.23676116410174,-0.7823765431370344
542099,55.295218149004114,-0.5825249036147067
542398,33.48111629851569,-0.5795395356881745
542699,10.653586594641407,-0.5306342651467373
542999,6.06873211914572,-0.42242330262840566
543298,4.326086532601739,-0.6358358603469321
543599,7.4495951444397015,-0.37304409839262154
543898,7.3111194860832205,-0.3076540814099744
544199,2.41287707340035,-1.6431048154654313
544498,3.6377141184767385,-1.5209688990175514
544799,2.650282092858683,-1.693154901240772
545098,2.7125155859883128,-1.5675005538423612
545399,2.5842921460415536,-1.8284861256335523
545699,3.716041544090165,-0.35915826812367957
545998,3.4419586046410906,-0.81383195037396
546299,4.415599287923499,-0.48440107280993505
546598,1.8908692032614611,-1.4470982929539522
546899,3.5026838961734876,-0.8295422514553661
547198,2.316394491414238,-1.8117975454210034
547499,2.913636049231368,-1.1384102983949766
547798,3.2161107608540536,-1.1492705179019707
548099,1.8881215021665534,-1.695022394677046
548399,2.065939543731368,-1.322762245265483
548698,1.7816984780438685,-1.504252347677208
548999,2.1240567845346088,-1.6161803371284882
549298,1.8643188225045166,-1.352946549100201
549599,7.368290221518404,-0.24382061341035488
549898,2.48470253590035,-1.5939320399293369
550199,2.1554078755947943,-1.3705975132194403
550498,2.2292058877197944,-1.3627761912542375
550799,2.1030720655924795,-1.3210423738748789
551099,2.2055515285230345,-1.305137072240739
551398,2.288161568425813,-1.2837570071565367
551699,2.5161990503332206,-1.412056533256448
551998,2.4850808181225723,-1.3499804321743398
552299,2.758142746291553,-1.361522608201474
552598,3.0206237575230346,-1.2921277338519466
552899,3.27631690808785,-1.2545571604227344
553198,3.613879048786924,-1.2599597779941587
553499,3.6674399891827583,-1.191900499400809
553799,3.701115548719794,-1.212112434563163
554098,3.9113326767961833,-1.2165301643324233
554399,3.9121442100322943,-1.1572846511625254
554698,3.9485043965855358,-1.1361188200014962
554999,4.118856025805444,-1.1652119737848694
555298,4.221137104590164,-1.166013321943972
555599,4.5313444295924805,-1.1141919303981376
555898,4.512060965983683,-1.1635238113058186
556199,4.542020437932758,-1.1352209509066777
556499,22.27409734835833,-0.2709105133434113
559498,0.7760775469253438,-1.188923657117877
559799,24.697793561267545,-0.6033254699470672
560098,14.713532030750205,-0.487623304239005
560698,1.4332244917764592,-0.5330502403868933
560999,1.0034556284778482,-0.5234917687487957
562798,25.323622060912246,-0.4839518494558739
563099,72.15571325857435,-0.5064339975810714
565498,2.542995199158771,-0.9150691172390497
565799,4.729211982029979,-0.8984663825063735
566098,4.0750925893262755,-1.0960124570418586
566399,4.1039084089651645,-1.062434017582293
566698,4.075010977157294,-0.9686495898553373
566999,4.2509955905068315,-0.8860890312127416
567299,3.9706376744466456,-0.9315414719425321
567598,5.976999778407294,-0.5652144539605037
567899,4.96697153402072,-0.709328363547316
568198,3.4107804464952576,-1.1255904216463937
568499,3.3940658218910906,-1.1889989524821152
568798,3.2122711387660905,-1.2332315379420944
569099,3.071525233823961,-1.273489481698777
569398,3.4491064735091457,-1.3668606843612436
569699,9.54336029716655,-0.35183387445473024
569999,4.589761832773036,-0.4613319223372472
570298,4.32437878945359,-0.7748555486640669
570599,3.380509921210535,-1.246274830641796
570898,3.213851423657294,-1.1648040107222437
571199,3.246952661122572,-1.2161981710039536
571498,3.3412834460785907,-1.174867176335236
571799,7.158027187203591,-0.7161230952522379
572098,3.615816132610998,-1.2937897656257538
572399,4.273070250527663,-1.530380491532978
572699,3.418493884330905,-1.1087551384903116
572998,4.773508262252203,-0.9404722328722128
573299,3.7351864480878496,-1.3030240323804034
573598,3.9592332260531276,-1.5081779324592506
573899,3.723533363557758,-1.205815988323185
574198,2.901625293576276,-1.0963902415614446
574499,2.9616866231480348,-1.0658472232154779
574798,2.6936323531734976,-1.1053548268167885
575099,2.720168758374887,-1.1443869188828022
575399,3.0421903497660905,-1.1532828500477348
575698,2.8926774784234977,-1.1064201460028742
575999,2.5620191305160906,-1.1150517858282343
576298,2.5536496310392383,-1.1418161556422737
576599,2.698840886006831,-1.297590411622663
576898,2.332280303659609,-1.1817541744909743
577199,2.6072293750137754,-1.3107882837148868
577498,2.2256355223864612,-1.1630707761371308
577799,2.1518663982498865,-1.1734431999613704
578099,17.622722818627516,-0.4407584186669211
578398,11.999255664516406,-0.4613842729481099
578699,9.81743457841033,-0.573275561441829
578998,76.77919403724327,-0.3570785751387304
579299,59.82145679140529,-0.3277340998403284
589499,8.183169097327516,-1.1450364315702153
589798,12.49596561003461,-1.4027256132985104
590099,26.885748431040074,-1.3636367060921213
590398,23.329156351401185,-1.4651101335087198
590699,19.952692713597944,-1.5890663119831268
590998,6.9621530310404784,-1.6548010520924135
591299,6.85522813207519,-1.244654722372987
591599,4.3558933035127,-0.9705857544311691
591898,4.153058334163164,-0.9334529594795691
592199,4.6983937273714975,-1.1912742668025214
592498,4.634697278785848,-1.478299527348513
592799,16.383659646847267,-1.1925796642786697
593098,17.055596189990784,-1.5772806343133445
593399,4.676005399428127,-1.147459682512336
593698,33.52780167320606,-1.2750926182360152
613498,1.146542482920382,-1.3019384642662133
613799,6.512681683131832,-1.1758552186347822
614098,12.656033672318255,-1.54133764347256
614399,4.314917748402665,-1.0746372971314098
614698,4.185883892745257,-1.0799693863888664
614999,4.408422632242942,-0.99726974579125
615298,4.372160232136461,-0.9808360480084233
615599,4.2979493975253495,-1.004702958981679
615899,4.054308135761461,-1.0625198863256928
616198,4.103298191106369,-0.7979891829801375
616499,3.8691263673795167,-1.0938846518811882
616798,3.84694071345822,-1.2355372240673144
617099,3.7756986643772015,-1.2411003252863861
617398,4.747371681534609,-0.7182820311234315
617699,3.176064017268405,-1.1699338754306075
617998,5.0847256631099125,-0.9843557369869596
618299,3.2944514196897017,-1.2154798548362615
618599,3.7100487653540544,-1.3740432962336353
618898,3.2855070663586834,-1.2587629636742204
619199,3.362520801562387,-1.25348090287511
619498,9.065412444550565,-0.7197397634911191
619799,3.12112956683785,-1.25762373730996
620098,3.1850908129790536,-1.244333558462035
620399,3.465191803828591,-1.3218266496446534
620698,3.138101115937387,-1.3649148729721357
620999,3.626965253268406,-0.9370331343628406
621299,2.9069577201295167,-1.157357390206411
621598,2.8037973141827575,-1.140612560951527
621899,2.9518628151920163,-1.209676415076252
622198,3.0392369169397018,-1.2684120373827716
622499,8.64425425006933,-0.820234864559974
622798,2.7883925231642386,-1.1544071568866103
623099,7.450779757847109,-1.4389796062064844
623398,2.7540848020438684,-1.1107154840825562
623699,3.271235338856369,-1.4934184495365859
623999,2.6946898833170163,-1.1964596002507806
624298,2.8157769818980345,-1.199512945872327
624599,3.0067209395438685,-1.2433981057839554
624898,2.9322296319929424,-1.2714720656413103
625199,2.9844981424952572,-1.2027911915837106
625498,3.118183208196646,-1.2628081494116548
625799,2.959345565226739,-1.224323512585753
626098,2.810230585092479,-1.168222182995216
626399,2.8475490876063683,-1.2111206536375545
626699,2.8174921726503497,-1.3863494775787313
626998,21.332485834511463,-0.3636984427353418
627299,25.07126490615035,-0.5466142892806862
627598,60.54983823774022,-0.8977390093189652
628798,30.332472650613308,-0.5370818407260769
629099,12.83806876988646,-0.18915438754251013
629399,8.857475741585535,-0.7310631902415614
629698,26.524954344461776,-1.0166096346941682
629999,28.693400302293867,-0.8233968015021365
630298,25.77010813746476,-0.7687167743130483
630599,0.8982542281405367,-0.7676265170690677
631498,19.36192323235761,-0.7624286319979887
631799,26.933915762944086,-0.6295077065297647
632099,14.544121207305611,-1.081301763064169
632398,27.22247338019481,-0.4286643522767448
632699,22.67307555821796,-0.45078094016782555
632998,17.618525457057913,-0.8474314825167504
633299,8.661276232188628,-1.2245385440868555
633598,5.896209539894645,-1.8784605868649442
633899,25.57751921254635,-1.4224460624502941
634198,5.304234196420098,-1.5271710832164787
634499,4.066625130597589,-1.5648625910609937
634799,3.7002336905265896,-2.1407576786284754
635098,5.04147995221333,-0.8010136304528386
635399,3.9640428035003663,-1.7913171866341204
635698,3.1727912504270526,-1.5181910848673446
635999,5.3797750229471255,-1.642918635428285
636298,5.194000110907775,-1.59673942211217
636599,9.367841382926294,-1.4602342080716477
636898,5.201413895593719,-1.6824148241189407
637199,7.8517771481832375,-1.227061049243852
637499,5.710244080045108,-1.6384450577460115
637798,6.160838693947887,-1.2907376300545659
638099,4.951979230762699,-1.6818935440509413
638398,7.39844185791085,-1.598516355609081
638699,53.204769636956584,-0.42391683674933445
638998,129.56161103606058,-0.1162709143877072
639299,5.613120767791553,-0.48546658765261386
639598,0.8447052842655365,-0.8576199838963361
639899,1.7032346367120113,-0.7379345998206717
640199,4.169513254879516,-1.2729828379766794
640498,6.372658974013776,-1.0574731143155476
640799,8.189587180152664,-0.6336817055718797
641098,5.440371506715164,-1.0200554096009764
641399,4.491818012657294,-1.4566918596256322
641698,7.206907121080906,-0.8914876370693656
641999,5.318529479895769,-0.3446392710579831
642298,3.5998970512193122,-0.5539671238880779
642599,44.24008683780144,-0.5924304385402903
642899,82.3317843985157,-0.5966577127860675
643198,4.927480194411519,-1.382879101709388
643499,5.6319470194674786,-1.3044282758425854
643798,6.529206674011461,-1.2776558998835297
644099,7.8387335976549775,-1.1195698341600768
644398,5.8124350648702565,-1.0794240247285454
644699,5.588383806381832,-1.0176968533289723
644998,5.814409831286925,-1.0565632283982054
645299,5.861008911659609,-0.970843569274835
645599,6.872450715497571,-0.7599097780795145
645898,5.581706774479053,-0.9433591359368381
646199,6.913126605004516,-0.7665649425608587
646498,7.390019110696648,-0.7815680890471022
646799,8.22591786238646,-0.769251002818925
647098,9.216857997634147,-0.6940536292766226
647399,8.904882308946647,-0.7397179892304218
647698,8.762976196451277,-0.7180109856077652
647999,8.389695788817017,-0.728387353821184
648299,10.09263945066887,-0.717075089803664
648598,14.062899363800813,-0.5778537800069623
648899,12.63298765595822,-0.6211832760403033
649198,10.735111382241868,-0.8420561827659585
649499,24.52762757135992,-0.3071288675075008
649798,39.39768597285175,-0.44867980812933084
650099,27.44705396458602,-0.5290505156827505
650398,53.23756703645451,-0.4623543023176866
650699,40.49749428788507,-0.4345535906152498
650999,46.03241882515994,-0.31199497120738373
651298,38.56063836314604,-0.41238055206390256
651599,4.869814352242865,-0.30235025943097593
655798,9.79792489901608,-0.5112214281764635
656099,8.250098121960535,-0.4597881253045766
656399,7.839777810770719,-0.5230591620877596
656698,5.048608372414239,-0.9793202043797107
656999,4.7824446464559065,-1.0371080742458005
657298,4.617564609488312,-1.1319684467694962
657599,4.3519657252082204,-1.061055801130598
657898,3.807414071189702,-1.1332190264198925
658199,5.547145900775351,-0.9738554336529779
658498,8.840725463104055,-0.7044605093010323
658799,9.126200081266093,-0.8070449356564566
659099,9.03802754752072,-0.5205907557932066
659398,13.774937369580906,-0.5308170241810637
659699,10.23306079688646,-0.5085114134769988
659998,7.531621420712851,-0.7471196138705585
660299,7.849945049372571,-0.9229595590359592
660598,7.607925882692017,-0.9488175689638698
660899,6.840034164469795,-0.9871180027124338
661198,6.517954867175813,-1.0405626529465382
661499,6.443104812935072,-0.9960247846551857
661799,9.3598012588147,-1.0602652040700424
662098,8.55136822539572,-1.0122571776996794
662399,14.93197546402072,-0.7534867679934705
662698,11.205526406092481,-0.885344982987786
662999,12.17301278964109,-0.881782662673749
663298,13.655900450796183,-0.7878563819184554
663599,20.404841063097106,-0.6663917817971694
663898,21.006308084653384,-0.7513379900738064
664199,22.283413495053846,-0.7382584601926758
664499,25.794244569512188,-0.6719456493877485
664798,28.283299227359404,-0.6181860798138328
665099,22.802288108303845,-0.7275187842910869
665398,36.6477882643289,-0.5638379434217031
665699,51.448047717420835,-0.703777884184102
665998,64.7861143366942,-0.5834001790053449
666299,65.75817360283538,-0.5283120303627677
666598,54.025553407735856,-0.5730035909663953
666899,60.61832757695114,-0.43130964257884896
667199,29.58252640275834,-0.46962217180448773
667498,33.79773122465648,-0.5295483110154386
675299,21.332310287180597,-0.8710169105597485
675598,9.133800899311312,-1.6566217962390155
676198,5.695679507305442,-1.607792188239277
676499,10.994847152273035,-1.4315383419987175
676798,18.314930072747728,-1.1365178016160993
677099,21.869672317213006,-1.4172314372550558
677398,13.677920429331063,-1.8683410718171203
677699,12.596969905949441,-1.3859525227564875
677999,9.912503898280137,-1.8503282583212566
678298,15.35700876257412,-1.1774253505194427
678599,21.60717976543523,-1.1764811937264024
678898,4.544318970875367,-1.7981952113560657
679199,3.8038451293753672,-1.3929900755281017
679498,3.8571346901670336,-1.5054362416501528
679799,5.4942985107850895,-1.318763592217902
680098,4.000471801303608,-1.2215171515855587
680399,3.9369940580952747,-1.1453269112811313
680699,4.214032419738793,-1.1559242952392124
680998,4.619663577032774,-1.2051786711783468
681299,11.130152638935552,-0.8450903096453406
681598,6.710310203375377,-1.4285822533167618
681899,16.410233714729216,-1.3740991272022058
682198,16.148435565430603,-1.4833547946671115
682499,5.591783519823961,-1.0626745951252694
682798,10.95686742755097,-1.502661167349998
683099,4.0639852338193805,-0.9132756260480956
683399,18.767073887682916,-1.6874655896656399
688198,12.492763740444333,-0.6038988898590012
694199,0.7174449230462732,-1.2062742139177525
696298,2.4902560251610852,-0.6671192586549037
697198,9.873907656953747,-1.2995920816556819
697499,24.69576610121533,-1.3898857985754556
697798,11.4817098815752,-1.1734215820662097
698099,4.5349626434721095,-1.106132278323528
698398,4.896907463527665,-1.1117474445930426
698699,5.187090105694332,-0.9712666013248274
698998,5.384912615685073,-1.0882765862495174
699299,6.279530269539239,-1.1435976327524084
699599,5.418850655194331,-1.017843774638885
699898,4.901455103242942,-0.9742219027236323
700199,5.076041604983683,-0.9445182521258728
700498,5.64935498809248,-1.009675184784589
700799,5.9310713929234975,-0.9648164743443408
701098,5.845969040749887,-0.9993940188463002
701399,5.995629827398035,-1.0019160336656507
701698,8.234837621783534,-1.1128744691565515
701999,8.629468488012701,-1.1517840709453826
702299,5.758166265800813,-1.0817268297320082
702598,8.64985526071409,-1.0990296900326775
702899,5.29534478370822,-1.421444368259718
703198,6.449749208120257,-1.3793153737841992
703499,5.339490722499887,-1.302429142996417
703798,13.478583023072886,-1.1234442023807887
704099,8.085263519119184,-1.3498451690904711
704398,8.265173712987234,-1.301236561030568
704699,4.367197367742942,-1.2586247060160964
704999,4.504685296201275,-1.2869395648425117
705298,4.806238546485997,-1.2679759679927791
705599,4.530069054101737,-1.2022155486512984
705898,4.424884704548498,-1.1601075868070185
706199,4.395143680418868,-1.15343932239808
706498,4.1688104625554425,-1.1088744130466037
706799,4.330175062610998,-1.1142811616808919
707098,4.204051208476738,-1.0317251871869373
707399,4.339817090080906,-1.036558223404196
707699,4.4875548595484975,-1.0588257108297259
707998,4.284745819768406,-1.044819259014993
708299,4.5998753180068315,-1.0661493631672525
708598,4.215613842523036,-1.0317387543643481
708899,3.8135398831295166,-1.241020427522042
709198,3.9233059318957197,-1.2339858000808155
709499,3.982751052594795,-1.2156570389672692
709798,4.036253159249887,-1.1699140912813668
710099,4.096164825789239,-1.0867179224491599
710399,4.076347723215164,-1.0333171153494094
710698,4.232345723358684,-0.9858066399683882
710999,4.235548214442016,-1.0181063210711536
711298,4.305764412071646,-1.0238258070478148
711599,4.364647999224425,-1.0079438245620032
711898,4.412391899951276,-0.9376212139995916
712199,11.168793947313626,-0.5957485918838819
712498,4.605153028048498,-0.9495061506483304
712799,4.763429077513775,-0.9659872089369683
713099,4.8085256713447935,-0.9205149421249001
713398,5.064677045372572,-0.875179135270544
713699,5.312947951249886,-0.872569999559387
713998,5.4152676036596095,-0.8423236992082361
714299,5.28680528297211,-0.8416591576157884
714598,5.246949837745257,-0.8258338101256049
714899,5.017530589974424,-0.7777864801423686
715198,5.212653254194332,-0.869735914910925
715499,4.624589712192016,-0.8166115655094432
715799,4.60148638081933,-0.708323004708945
716098,4.565522415328591,-0.5617399226405564
716399,4.410619013423497,-0.6601394288225595
716698,5.7782593424687185,-0.9793855166375001
716999,4.606882754296183,-0.9333906887669339
717298,4.240039958314702,-0.8012337136957737
717599,4.754453808814702,-0.9826458041554464
717898,4.242772229161924,-0.8811816524344502
718199,4.570260507476739,-0.9544001763080276
718499,4.500155197064701,-0.8194881268146723
718798,4.504048559745258,-0.8515730786747142
719099,4.5331618766387765,-0.8904122996910637
719398,4.900038064997573,-0.8972414334041114
719699,10.942517266445886,-0.5404551858195104
719998,14.88529275982907,-0.6081664471486652
720299,5.06146937803174,-0.44108282303634305
720598,42.69382917024342,-0.25500337095252323
720899,5.43891924821872,-1.1826521214874401
721199,5.141794369855293,-1.4287619470284887
721498,4.5678986524502,-1.2760460720474232
721799,4.614040112822886,-1.0956380773000554
722098,4.522854636281219,-0.922645323742163
722399,9.373241517178284,-0.8228025440898994
722698,4.951319674318257,-0.9067022543064276
722999,6.329780353361478,-1.0935841530870882
723298,10.217485513085693,-0.7647514464004637
723599,5.846215418099904,-1.226366562978038
723899,9.85093347594944,-0.7256735281559674
724198,4.648502654504997,-1.297890825560279
724499,6.628348592625368,-0.7547703752979971
724798,7.600929870553608,-0.6267028394725238
725099,5.658939788731847,-1.408317735730296
725398,5.440137919715644,-1.351375383150192
725699,5.2498452072087,-1.12998917693448
725998,9.236102463023515,-1.0972621260601518
726299,4.887133995190932,-1.1023442579947873
726599,5.041620401679368,-1.1321291775598321
726898,4.766265278019645,-1.1238212151284985
727199,4.646362055017331,-1.1183883459787949
727498,4.358933661994182,-1.0472984328880859
727799,4.569764096072886,-1.0564777234560587
728098,4.402618569795108,-0.9942959660846655
728399,4.78174451446409,-1.0843174359982575
728698,20.699994085420776,-0.3678756288932916
728999,4.644343512693256,-1.0006299039925146
729299,4.783411353572886,-0.9749418403915977
729598,5.098142567778905,-0.9474904553849246
729899,6.737897295186311,-1.2217968600078342
730198,5.530840438369181,-0.8836372223653979
730499,5.292907553656218,-0.8844693175210223
730798,5.599283816670107,-0.8058028268086161
731099,5.604156194133072,-0.8355807991229813
731398,5.8300028066238125,-0.8927353712652399
731699,6.214539177556682,-0.8603209541384664
731999,6.211086356547423,-0.8445415278467936
732298,6.532480927170109,-0.8149734949672327
732599,6.747460951859924,-0.7488529992127946
732898,6.549873861061311,-0.7647139635348639
733199,6.567385109278905,-0.7149324204535046
733498,6.864008672077516,-0.718700138321736
733799,6.854920832302052,-0.7133250272585467
734098,6.873545851004517,-0.6628019064789272
734399,6.851886054270721,-0.6616268124133569
734699,7.1962204164142385,-0.6450718256638994
734998,7.217005645886463,-0.6216895298048843
735299,7.459877773724425,-0.6109507588737104
735598,7.831388911742944,-0.6251183797940683
735899,7.865005651833219,-0.6238762600493304
736198,8.079912485329832,-0.6056751687246307
736499,8.61418256421872,-0.6023839501419033
736798,8.836703703697886,-0.5982121915550234
737099,9.001704030452517,-0.5990901113742426
737399,9.376955022809,-0.6146047635028671
737698,9.531903212792793,-0.6010967845777049
737999,9.837896285806684,-0.589682343225503
738298,9.713859317170108,-0.5595248896784484
738599,9.56459823379974,-0.5477704650085553
738898,9.535634821927054,-0.5543780876491335
739199,9.455722789262701,-0.5536548062741888
739498,9.240317520099424,-0.5245028603433259
739799,9.204627142180444,-0.5287160040795966
740099,9.190170595430441,-0.5262588234313268
740398,9.340982923073962,-0.5483903300967952
740699,9.33966657758322,-0.5363159391271126
740998,9.233868131203588,-0.5471178035205111
741299,9.647378330629515,-0.562617969614962
741598,9.467900247099426,-0.5687759442281144
741899,9.120790125161925,-0.5219604263540447
742198,9.34382161015961,-0.5145288196392697
742499,9.049516396437387,-0.5136443805334538
742799,9.213721791254516,-0.4968226022969562
743098,9.239603835483681,-0.5399500231397691
743399,9.235054754955906,-0.4920250789719698
743698,8.900801632298501,-0.4591138532721637
743999,8.985088092613314,-0.47784170901902057
744298,8.988547586398035,-0.47808398901759985
744599,9.261725880571648,-0.5193522383933928
744898,9.316709093643404,-0.5613403134828654
745199,16.843825337587937,-0.7114748622844831
745499,10.161412794576275,-0.6919487807347751
745798,6.874285964130992,-0.47523136039726954
746099,9.063090548035852,-0.6307203317529679
746398,8.339880616249886,-0.6987503933770491
746699,7.12113460158322,-0.7016539237409065
746998,6.8020808791318315,-0.8173156054091333
747299,5.054256548416554,-1.1401461430731308
747598,5.204640006536923,-1.107446502386011
747899,5.317751977256832,-1.1111483928956774
748199,5.446459026951276,-1.09242697351426
748498,5.566437133967479,-1.096774999945556
748799,5.473736346891091,-1.080622814988145
749098,5.358061239768405,-1.0692841934667547
749399,5.303068292004517,-1.0226858687977955
749698,6.160992299215164,-1.0857495303355278
749999,6.016113389641091,-1.047058388921576
750298,6.054374896624887,-1.0563926046603278
750599,6.16625741776609,-1.0159075738837382
750899,6.23266963685174,-1.0114550733356058
751198,6.574190417027664,-0.9904766127929969
751499,6.620776391874887,-0.9713290129967609
751798,6.784839495330906,-0.9402589829248107
752099,6.80895806927535,-0.9198891587757767
752398,6.587975098205906,-0.8876905931155612
752699,6.6306164530207194,-0.9000816942578103
752998,6.580604689990627,-0.8159317839115143
753299,6.652270591719795,-0.7898119570841162
753599,7.397616866360997,-0.9506270423637244
753898,5.899197340807756,-0.7591725656314812
754199,5.9084695034883135,-0.7812304251414035
754498,6.147649994990627,-0.741251196965067
754799,6.280760323094794,-0.7428202347386232
755098,5.982975368870257,-1.0104620947470253
755399,5.649734951252202,-0.9828622687889237
755698,5.632039215418868,-0.8318189804116312
755999,5.64609313432396,-0.8765218627816307
756299,5.679320302962849,-0.8696079056004073
756598,5.728671496793868,-0.8692274659431976
756899,5.868561332981368,-0.9190841083091164
757198,5.863004528789238,-0.9207437321775671
757499,5.694548270914238,-0.8328181715717731
757798,5.796354633673498,-0.7397307269690281
758099,5.744940373259146,-0.7444442870070485
758398,6.030579765606368,-0.7710952949201559
758699,29.86150854903189,-0.7261404574628745
758999,34.56058658355967,-0.6848477352954219
759298,0.9087801336151586,-0.37505762029445355
768899,2.872438202705828,-0.657206459735566
769198,10.920924058079068,-0.6862056598923738
769499,10.97389011940745,-0.8841964735176449
769799,9.937936140143886,-0.6905240973833
770098,9.167928189665467,-0.7617040981501004
770399,8.328014222570559,-0.7318816302413611
770698,7.666569285813629,-0.6767538407903548
770999,22.1412022474468,-1.110489952151061
771298,13.996215593463008,-1.232722681303148
771599,33.74987410441978,-1.4779373626354109
790198,3.501209124442066,-1.3271688974714557
790499,7.515821504869182,-1.054517318499708
790798,5.438480824152666,-1.0579406601665187
791099,5.505757087337849,-1.141367307123709
791399,5.7959252827313685,-1.1913823231986589
791698,5.45077298790961,-1.0916632933247614
791999,7.333162556154743,-0.8192311688425018
792298,6.392005405675813,-0.9873467649121128
792599,8.681688035055442,-0.6193361617584163
792898,6.7320308668378495,-1.023478311126122
793199,5.094865066085534,-1.1634301106251468
793498,6.429133048018405,-1.0776087337886562
793799,6.857455447673094,-1.1729658194724601
794099,7.2692648141248855,-0.9071681522948194
794398,5.812401282536923,-1.1286139329036757
794699,5.783893615356368,-1.1299878472797151
794998,6.006003074634147,-1.1143436284429118
795299,6.282663484874886,-1.0335124735095098
795598,5.73952899889572,-1.1053605598379774
795899,6.479135733067015,-1.0847346350447515
796198,5.658150488879516,-1.1459589520431797
796499,5.917743314027665,-1.1193891850912583
796799,5.560336610791554,-1.0138427268755832
797098,43.586551482034935,-0.42787012420918824
797399,7.826376131300813,-0.5940608935817162
797698,7.948492150786923,-0.6478086456517254
797999,8.0730956551272,-0.5025395394031553
798298,9.260532509041553,-0.513349590481855
798599,5.167527381372572,-1.1632788277919373
798898,5.414025989360998,-1.196973105900164
799199,5.589163228610999,-1.1363348533098083
799499,5.72917326944896,-1.0573288235398022
799798,5.828252764879517,-1.0225973773257988
800099,6.4270545720855345,-1.113859002221159
800398,5.796323907833221,-0.8956471637313466
800699,6.308470740409609,-0.8623732560140485
800998,6.343028616733684,-0.8733465180762743
801299,6.754615673124886,-0.7807000418573102
801598,6.126866353085536,-0.6612718545665015
801899,6.661308427115627,-0.6905247190887556
802199,6.776562845157295,-0.662246315177877
802498,6.969395109344793,-0.7124814552719116
802799,6.960836340532294,-1.033045215133218
803098,6.23638143402072,-1.2126640295966227
803399,5.356179837106368,-1.127011139148522
803698,5.545279142428127,-1.1156761676995663
803999,5.2813934625068315,-0.9309645835226563
804298,5.329512198904978,-0.8365024967831824
804599,5.718733428722109,-0.8752420107026695
804899,6.03580767901146,-0.8979656654453023
805198,6.423797650335536,-0.9125632126710286
805499,6.866988012067017,-1.1177094827009024
805798,16.52630902851378,-0.6747015559586891
806099,101.17462103839391,-0.48556543996474333
806398,51.96629745861115,-0.44827293903092236
806998,1.0299889457444562,-0.7952411314083232
812999,12.308115489775831,-1.0904524312901311
813298,10.79286566719018,-1.3326795010479655
813599,11.081930560823965,-0.685923774850703
813898,6.056387818538479,-0.8777626143690056
814199,6.077969897685552,-1.3433448333008733
814498,8.152587879329069,-1.185927356371805
814799,6.557314442724905,-1.2155337258109968
815098,6.712297866930921,-1.1094369966225854
815399,6.539319294878442,-1.1108495470081192
815699,10.412657210159361,-1.0382033000180049
815998,7.748433647552052,-1.3206667465671291
816299,7.12915982077196,-0.9104830510377178
816598,8.392002676644644,-1.233219461151065
816899,9.844566582060551,-1.2556405332075151
817198,8.795568067827515,-1.3094732188088014
817499,7.934573415121496,-1.1228806676342389
817798,8.424914033572888,-1.3843343466807312
818099,7.428123367542792,-1.2110460923391955
818399,14.153639286190536,-1.0271417250487191
818698,7.114636767494184,-0.904169680590134
818999,7.2070039891400155,-1.0273210864001223
819298,8.28274218707983,-0.9499616113373939
819599,6.430993968815182,-0.9203411233682126
819898,7.951936224863313,-1.1854701681562783
820199,9.78499158739109,-0.8700901144048998
820498,10.351577273518409,-0.8394128104571468
820799,7.630393048247573,-0.9987437948662345
821099,31.701470163216406,-0.7284111340165513
821398,21.361100792437387,-0.7850797027552421
821699,37.81377145136843,-0.6359846667875504
821998,7.165802881550811,-0.6759862737288169
822299,7.059610427259147,-0.619395380598835
822598,8.305619184692016,-0.5941868187543842
822899,8.728163011210533,-0.5810642129232328
823198,14.02646988813646,-0.6250071092052523
823499,15.353002583421183,-0.4523499108284359
823799,30.777328872163164,-0.5997020636168688
824098,32.125258384310904,-0.5513330786984751
824399,22.4163322698414,-0.6340754420305164
824698,20.20195906696748,-0.5544964839459188
824999,18.691700556164236,-0.5391646985263556
825298,20.592205713810074,-0.6057845421313892
825599,21.688328552969793,-0.5926145933111862
825898,57.98074449642364,-0.7024501797551683
826199,72.89906596631239,-0.6963886992872115
826499,62.86904849356894,-0.6577744040230935
826798,103.29728672607911,-0.6540434287285792
827099,116.00825749214391,-0.4693296036402965
827398,132.24895219011626,-0.5495370375281368
827699,105.01248173974587,-0.5647390047845684
827998,120.30622353458199,-0.5238924699158767
828299,100.3943507852996,-0.6177218900927826
828598,83.3485734492059,-0.5173472828018164
828899,105.02888569027859,-0.6180408252759833
829199,73.30907973309803,-0.5676431845024319
829498,32.38859463030545,-0.5472452513570356
829799,58.022800085261466,-0.7062724516114032
830098,56.333686257861,-0.6216125599059359
830399,69.66541489389803,-0.5069276172091068
830698,60.03571901880082,-0.5436905732050992
830999,63.848929703122586,-0.5832518792522905
831298,71.5521375719536,-0.4783373496406462
831599,54.56649694348832,-0.5671007197997997
831899,66.70440382578461,-0.5450175524652745
832198,49.81838548271053,-0.6322271518318443
832499,45.42199826690266,-0.6503801318421274
832798,51.81586045233092,-0.5547698674739974
833099,49.25837675066425,-0.5697427608322096
833398,32.728589136428134,-0.4918042462531116
835799,11.891571615056959,-0.5465282729396215
836098,13.804156589472107,-0.38065382634032296
836399,12.025458302928127,-0.35629221941169353
836698,11.672085363208218,-0.4404252830046904
836999,10.422900007300813,-0.436200832288828
837299,9.219338536421182,-0.46613180155241696
837598,8.980382265446647,-0.5433013489153193
837899,9.890487251356369,-0.5991313937363427
838198,8.313294075196644,-0.7855182666181668
838499,7.63467652466887,-0.84127122588352
838798,7.542914480317017,-0.8641561764493955
839099,7.756613046013775,-0.9241544981355032
839398,7.6517274685994225,-0.909257402855306
839699,7.86649335477998,-0.9102065236573089
839999,7.8813231479651655,-0.9325991460376672
840298,7.948477391252202,-0.9328804250364622
840599,8.052443026749886,-0.9664795646284552
840898,8.329119511046184,-0.9672382911947024
841199,8.484461981692016,-0.9317315738293159
841498,8.302962611069331,-0.887923398393935
841799,8.587080970152664,-0.877077895480888
842098,11.072435482178125,-0.5533085092443861
842399,9.556200358351738,-0.6584886948589099
842699,9.139272544805442,-0.751881293379538
842998,14.126851486435072,-0.513369940627542
843299,10.238165337196646,-0.7313999321500504
843899,0.6885427436712732,-1.259751383937603
844198,0.991435425668938,-0.29652131803131665
844499,11.07677492246748,-0.6861699951374807
844798,11.210633634400349,-0.6294875641196211
845099,11.356603139319331,-0.6271174025482549
845399,11.58254761253461,-0.5812777914633063
845698,12.468478296638773,-0.591831033783808
845999,21.773886862944334,-0.4503013915331202
846298,26.12284626304974,-0.26233482117716656
846599,38.98551049660761,-0.24595194593891012
846898,62.34302772742366,-0.2833677303469808
847199,73.42264973993059,-0.28782609627732514
847498,1.8902364591852836,-0.24221631171562974
848998,9.121495516648032,-0.4405133901694942
858298,21.396043522671665,-0.6644123832766731
858599,12.447195994636942,-1.2726437649393882
858899,25.346080915261624,-0.8687596609150374
859198,21.652708214405145,-0.8955509634378329
859798,0.7975077277284995,-1.2830591926933677
860398,0.9133684895754747,-1.759552256907961
860699,0.9910230629967711,-1.6840994373918452
861599,0.8779699902907527,-1.360840046622466
861898,25.038083076324128,-1.6163125532526483
862199,18.459321501499648,-1.7198135282767608
862498,15.007103239893004,-1.3847169691458578
862799,1.8370141761471968,-0.887753505348087
863098,0.920275093784055,-1.0728581844473437
863399,23.61059169492896,-1.2035845688526616
877799,7.713841216955905,-0.9585202757566078
878098,9.414813913642327,-1.0132833925810947
878399,8.997153727499885,-0.9630268760114646
878698,9.3655087986897,-0.9795589940375622
878999,9.041625859053127,-0.9301600655201154
879298,8.827513630879515,-0.8398912442416933
879599,8.759381215965163,-0.8797555621634485
879898,9.034249830725663,-0.9175866232998884
880199,8.180921621462444,-1.0804056605303818
880499,6.757621049148035,-1.086302260837844
880798,7.265760207495258,-1.0858456745507992
881099,6.64296839927535,-1.0634824335193134
881398,7.130125916867943,-1.047620450687655
881699,8.176165338916555,-0.933589436335964
881998,11.72171055702386,-0.6083689643403816
882299,6.265234005613312,-1.1030579140321386
882598,6.310151732006831,-1.1184924475687472
882899,6.430610206939701,-1.054913876623436
883199,6.409566132904979,-1.0365434018681197
883498,7.186193914936313,-1.0844894165356935
883799,9.611454066131426,-0.962673767613919
884098,11.399086729127202,-0.5476211067635441
884399,7.005487667073962,-1.0906578171244408
884698,10.15812275690498,-0.6812312516991557
884999,9.374947735844794,-0.6250322311054026
885298,9.354083032499886,-0.6142611308570225
885599,9.454864162988313,-0.5508666499225914
885899,9.311729143245257,-0.6137200453685385
886198,9.467990513300812,-0.6826543373627856
886499,9.385365730527663,-0.7525245368735427
886798,9.667830080432758,-0.6951534872096536
887099,9.85662114909711,-0.7234850956490344
887398,9.743469474247572,-0.6655249158287935
887699,9.999270307911925,-0.7854994112646392
887998,10.672819682911925,-0.6714584977111231
888299,11.978432540496497,-0.6725455843114811
888599,14.550606905800812,-0.543794566953016
888898,9.32094524502535,-0.9076450160210152
889199,8.75978225659248,-0.8683964785328537
889498,9.684709402196647,-0.6341789441976462
889799,9.904791666791555,-0.6077053912588251
890098,10.267491297553127,-0.6744560723860664
890399,10.59018514888183,-0.5900702320205748
890698,11.028915641983682,-0.651860793161082
890999,12.074238467657292,-0.7950843851141463
891299,11.6732336069235,-0.7056264994836068
891598,10.432750405004517,-0.5954053147261227
891899,13.786508669985999,-0.6958943796485308
892198,11.282303058491868,-1.0555768687716647
892499,12.274148037172422,-1.0644655420991844
892798,12.52657195276733,-0.9989603681750441
893099,14.034443794840165,-0.9470692731779624
893398,12.500632028245256,-0.9395690806458834
893699,11.07551021104387,-0.9911572618070681
893999,13.257724429080907,-0.9279408483329412
894298,12.876471243791553,-0.8637877128964642
894599,10.432111057539238,-0.8807441923752655
894898,10.235219932300813,-0.8447143297046209
895199,9.908089711129515,-0.8987799960002081
895498,10.829736629099422,-0.8920326931384936
895799,12.161498861229052,-0.83783579358977
896098,12.28747054385405,-0.868386810418585
896399,13.21961585940083,-0.9236445120309531
896699,13.446797770141574,-0.7280962578974581
896998,11.435243735518405,-0.9528550997355134
897299,15.902707544152662,-0.9274222192347734
897598,14.381118502335536,-0.8929658840434844
897899,16.380081916333225,-0.783287713848714
898198,16.67041414993739,-0.8134838090346319
898499,13.847357032249887,-0.7569912033920843
898798,44.74323897709761,-0.5100481059054547
899099,57.96351179372493,-0.6300548513632322
899399,37.86764403472351,-0.5236220557604463
902398,4.403285892881753,-0.9823712393844535
902699,13.397388439943928,-0.9020234176310722
902998,21.87787382814085,-0.880924101218004
903299,26.43045175144408,-1.0378184851984442
903598,12.594416840542035,-0.8684625558956456
903899,12.08527031513231,-1.0811544758374074
904198,10.337190431548978,-1.1024604528177582
904499,10.272091142859162,-1.0258126161479448
904799,10.769993709870736,-0.9426177013190982
905098,8.136135046944489,-1.3616646535469101
905399,12.08569978340083,-0.9651202894205977
905698,12.41169616995407,-0.9973680588814311
905999,9.581945138500366,-1.241552847534955
906298,11.180774046912083,-1.182351346886537
906599,10.468492546206061,-1.2969053219956743
906898,13.952581251849905,-0.9151538582519116
907199,13.216549827463007,-1.1218770968296772
907499,11.876400332102218,-1.0995009173704866
907798,15.175688686807916,-1.124085517817221
908099,13.583616007173976,-1.1261957238336118
908398,23.113034594588004,-0.8101009554284355
908699,41.31484311673616,-0.7701216887826667
908998,14.312339196819813,-0.7664057199133216
909299,9.31589045085298,-1.3071276335675908
909598,10.461139139297423,-1.155870433574405
909899,24.937743959489225,-0.4937478420610901
910199,7.231177980236719,-1.0262436820381726
910498,12.929249574655145,-0.8754614120443072
910799,8.684961991086773,-1.2253506779968482
911098,14.096015464364555,-1.1750116984154517
911399,24.00635123601817,-1.0749129689995192
911698,30.549249114737904,-1.3940882040855178
911999,8.16188593262844,-0.929273213493544
912298,8.30049181094094,-0.8861248696596853
912599,8.483188779515016,-0.8000036808793636
912899,9.01662018659372,-0.6756629516263493
913198,10.20243396147335,-0.5805780043599016
913499,11.12000805186687,-0.5227514733721101
913798,10.41989266907057,-0.570002943943279
914099,9.40069138170946,-0.4417331953473622
914398,9.388842972681683,-0.38701953419005686
914699,10.137604153114552,-0.39233354299096135
914998,11.410163296487239,-0.3830439620686297
915299,11.59658900358909,-0.3746771791880179
915599,12.04210245807057,-0.36133780634463886
915898,12.642605230716406,-0.37250421767746844
916199,13.459471379100666,-0.36593193657744316
916498,11.438927597278905,-0.3157816728465421
916799,12.068289469781218,-0.3607260464468409
917098,12.668939991781222,-0.35674689011281857
917399,12.939414203746495,-0.35310239278949584
917698,13.568660261945572,-0.3504806744571791
917999,13.698555510994183,-0.3401556810158801
918299,14.43053111674187,-0.3459585850770288
918598,16.96397463356594,-0.2944088199291557
918899,16.993229006931685,-0.29756091220376857
919198,19.2095604272712,-0.7181582138855114
919499,15.630893856607592,-0.5162835280040761
919798,17.480661308375367,-0.6136013857155538
920099,17.531291911715645,-0.592707108283445
920398,18.452377877363794,-0.5260777787605662
920699,18.739083151032773,-0.4466870125115281
920999,23.665163284770873,-0.5851918686956452
921298,21.744354477854213,-0.6743829305617337
921599,21.109407967819813,-0.5148458796878337
921898,24.062580615277824,-0.5999882020826479
922199,1.0732649361842714,-0.6158463051182934
922498,15.044642946893882,-0.5966617615496805
922799,4.242226180661846,-0.6103333012010999
923098,1.8452650127169257,-0.670413029163385
926099,50.90109365397158,-0.2569347735600298
926399,57.90221443030847,-0.20421399694491638
926698,5.336409277168868,-0.8465877081711939
926999,6.172959044777666,-0.7204286696752087
927298,6.796253286938626,-0.8026887665262903
927599,6.496732009542793,-0.7296682043695963
927898,7.026289990748811,-0.9527026065980799
928199,6.841168180153904,-0.8319844838778059
928498,7.165053948433997,-0.9655673894914347
928799,7.022918829876127,-1.0168149220492424
929099,7.116786590866868,-1.064296098525435
929398,7.306229735244183,-1.0362325850848908
929699,7.413668796802053,-1.0278209534249187
929998,20.284255047976487,-0.3518783008973976
930299,7.288687108947887,-1.090780931375805
930598,7.741008004670109,-1.0928962340756083
930899,7.855065842563625,-1.050323716494677
931198,8.490218168285848,-1.0604568244997772
931499,8.545906751211776,-1.0898042309096536
931799,9.617308867894645,-1.0285543778095763
932098,9.023875954533533,-1.080395380639215
932399,8.749585726505758,-1.063486903376011
932698,8.402385341276592,-1.0711122977523457
932999,8.636130643704831,-1.1003036649918903
933298,9.206680924783534,-1.0364909254720915
933599,9.004886560322886,-1.063729519582441
933898,9.043332914216405,-1.0206500041655513
934199,9.119735350593718,-0.9652822648475148
934499,9.349948277163163,-0.8787943530721309
934798,9.778564031487239,-0.8703153537242307
935099,10.457979170859922,-0.820263330842147
935398,10.62825985334835,-0.7838323224274795
935699,10.943517515320572,-0.7113889487553011
935998,11.690521355177053,-0.6972032038097875
936299,12.287819750334462,-0.7184349973762705
936598,12.918804231596033,-0.6796114914188709
936899,14.01135436046409,-0.7035774535303845
937199,14.550024925086777,-0.7086928098827057
937498,30.058271990933235,-0.6225219446628751
937799,13.677325468140019,-0.8940860156815782
938098,32.516289073741866,-0.40905674260067015
938399,39.97373124416934,-0.4977076409949517
938698,47.006181034331064,-0.5679464331772406
938999,37.00927304229742,-0.5449738406921425
945899,8.283781175294347,-1.2856335430977825
946198,8.082411474342958,-1.1330148148857138
946499,6.589948974778145,-0.9817181506677615
946798,6.338534784060562,-0.9482927758317483
947099,7.859982008301649,-0.9956693912007337
947398,8.293650534495736,-1.085517100172995
947699,6.432298651623053,-0.7906175781075513
947999,7.019045124660089,-0.9211697937859942
948298,14.165529027650507,-1.1111108256944333
948599,26.163037128474578,-0.8416440386095339
948898,27.902915540104214,-0.8126662436254892
949199,20.387204816706063,-0.9476655687893338
949498,13.044915979567174,-0.9717028309755884
949799,1.6540281503301044,-0.539379348978593
950098,11.851243750109518,-1.1105145219336405
950998,17.082195577965322,-1.2944784511950171
951299,8.789000328994184,-0.826344786380371
951598,8.039736394477575,-1.0548696978939391
951899,13.475221483210694,-0.4498369480539439
952198,10.420751438457144,-0.5096037160600082
952499,2.4334188218208452,-0.49711343402583563
952798,5.766275822974425,-0.7972789246049674
953099,1.4641551461545104,-0.8673931923000233
965399,14.204704995342476,-0.5687451022215599
965698,21.523588925923978,-0.7009692987581932
965999,6.576836322480293,-0.6504129165480717
966298,7.504975459121496,-0.655820233291271
966599,6.9490387213298295,-0.5879044800068607
966899,8.010995329413163,-0.7786640869781714
967198,8.447010288799737,-0.7755923706838439
967499,8.382863712795107,-0.6955323085263687
967798,8.469281504227979,-0.7331299556015369
968099,8.472991522540479,-0.6129067813108384
968398,8.03837326385298,-0.6005497184453126
968699,7.84716571615159,-0.6034768953988352
968998,8.149027000130754,-0.5514934100175115
969299,8.118430750769644,-0.5399369060568837
969599,10.023400566415074,-0.9319234927216966
969898,7.033136534512701,-0.6387158158701782
970199,8.093000972151591,-0.8438294032915998
970498,7.645677724489553,-0.7193770182500729
970799,6.793819684545108,-0.6350019172496684
971098,7.515032279774276,-0.6821397783331209
971399,7.501025790334459,-0.6637480571998169
971698,7.06869300115159,-0.6299284823797515
971999,7.348122448866866,-0.9186745193473063
972299,7.233301560663163,-0.6003984130301157
972598,7.474816103906219,-0.638758868263736
972899,7.111666685996498,-0.6421391904823344
973198,7.389602568401589,-0.613223998059905
973499,7.609158454394645,-0.5946824435059017
973798,8.016155522151589,-0.7224470286554276
974099,8.069156835098347,-0.6255646691304739
974398,7.833425888683997,-1.0010924888377577
974699,6.6044002620011275,-1.0145514862212113
974999,8.554458278931682,-1.136957756328945
975298,7.652161261961775,-0.9678718087412528
975599,7.827195068346033,-0.999655291827724
975898,8.083648570239554,-0.9957028013522746
976199,8.48554316963307,-1.0269094996769694
976498,8.709850900163163,-0.9750536309865845
976799,8.35747347225113,-0.9697067826386161
977098,8.584425555672423,-0.8916147386051918
977399,8.59745445583909,-0.8718279705494831
977699,14.079378313980293,-0.8558444316825617
977998,27.39404009486687,-0.36434542815786775
978299,19.779468563468722,-0.515207663816982
978598,73.31996741052072,-0.3533734916850879
978899,28.02420488873384,-0.46210745446497836
979198,9.840940347619183,-0.8354965775316621
979499,8.87787236117474,-0.9219515646533156
979798,9.18583408373724,-0.8959638552536895
980099,9.702622130288164,-0.9079341763006255
980399,9.961364655815942,-0.9146488441605607
980698,10.500276648820572,-0.9094505568452516
980999,11.137949657734923,-0.9071796843721363
981298,11.502545676771959,-0.8803124679766126
981599,12.124181622512701,-0.8696749368948009
981898,12.803868518223348,-0.8371282468466563
982199,12.477524302795109,-0.8195031941957069
982498,12.382092662092969,-0.8113253347127769
982799,12.489047761653154,-0.7784609177532493
983099,24.681736905294024,-0.5618292648234087
983398,11.1175215493337,-0.8239481646347402
983699,10.66377254569018,-0.8701339368011465
983998,11.572234897940183,-0.8940773037361971
984299,12.21851177551657,-0.786341437556509
984598,13.338126681090655,-0.743370792244785
984899,13.620965019683247,-0.7084797676153844
985198,14.456465038613793,-0.6821330515534432
985499,15.209313065863471,-0.6290939620716844
985799,15.733054521092637,-0.6834366109467096
986098,16.433292314759303,-0.6813366233961593
986399,17.602504522983843,-0.6555869417923241
986698,20.100802253682915,-0.6935147268967252
986999,21.308532673574113,-0.6346053670629941
987298,20.038902207370416,-0.6251281026527058
987599,19.177202798085695,-0.5313323772498939
987898,30.220556285837606,-0.6696014069454896
988199,40.476805798705215,-0.715526370936163
988499,41.0865473124127,-0.7456795796313924
988798,30.501010878483434,-0.7816527907825106
989099,1.5549641002655366,-0.9828764567302
992698,20.623503030798652,-1.3350555804066815
992999,18.462073656541712,-1.2295302643069368
993298,13.002120032951433,-0.8991091325145508
993599,23.78291500318276,-0.9569973375769949
993899,13.616822142157453,-0.9932187373207013
994198,14.137996851486156,-0.9218373519249021
994499,18.823375191793872,-1.0620970258574718
994798,15.573483177358842,-0.931194305570016
995099,13.97126110672921,-1.044286345951583
995398,13.151656509157451,-0.8828142534897054
995699,15.88306098263893,-0.9966816488801482
995998,12.674323008988468,-1.0186317707636632
996299,11.643969273752358,-1.0058753182910332
996599,11.562389063622728,-1.1172993001097322
996898,10.752880090590322,-0.9434796044871334
997199,8.484151466644635,-0.9494187837965244
997498,12.801795229159767,-0.921457492694806
997799,17.82115009154171,-1.1266756077986257
998098,17.84262588173153,-1.1202776007462898
998399,15.79785480367134,-0.8829141130452076
998698,20.06414318708338,-0.9727733403071943
998999,30.725220350333228,-1.315131885284115
999299,5.460399451023757,-1.3243006155807695
999598,13.75932371904171,-0.8923066957161812
999899,34.3942728518143,-0.7862175173093104
1000198,20.69767847750236,-1.0895863793548455
1000499,27.672753909053284,-1.0567231382994327
1000798,13.42565116671069,-0.6627339840047684
1001099,25.150067981821806,-0.845636961400815
1001398,21.61324839127782,-0.7690065247967399
1001699,28.086406830495417,-0.6975154267463926
1001999,36.83066423199294,-0.8802317972719234
1002298,4.48689531677077,-0.7672823078668478
1002599,20.838573386396554,-0.8942972632832267
1002898,4.913793662210584,-0.7603054865183234
1003199,3.2057974262865696,-0.8049844172935503
1003799,16.952125342805036,-0.7098513331352636
1004098,25.943659582099023,-0.7275366663990868
1005299,30.55832995817581,-0.8494537790136478
1005598,32.143073982719805,-0.6308745583317552
1005899,23.837690520071803,-0.7233660510992901
1006198,19.124159627381985,-0.5020604714617645
1006499,20.8307054514769,-0.540932095775605
1006798,19.667327716481523,-0.5620466282247467
1007099,21.629422257854213,-0.5179320203376234
1007399,21.201606532750045,-0.47353887547378415
1007698,62.03112010782169,-0.42370037078942446
1007999,23.96073713626585,-0.6254155599160383
1008298,48.47540754201523,-0.541637344737333
1008599,18.797638098733845,-0.44654440752285707
1008898,18.981323138018563,-0.6115089727715293
1009199,33.75223125542119,-0.5182799574094592
1009498,32.900563860557355,-0.568084502430541
1009799,57.0499741332644,-0.5212650689241256
1010099,39.05058416662188,-0.5926500435226332
1010398,7.367168657700794,-0.558784820858049
1019399,6.191301874714325,-0.5040008623077956
1019999,8.320007638480295,-0.7814457965066086
1020298,8.539719019214088,-0.7253141290334646
1020599,8.504885716283532,-0.7214239251272725
1020899,8.794134124924737,-0.7556038883179674
1021198,9.48391567956363,-0.8470331977640897
1021499,8.615403809971035,-0.7945492729164847
1021798,9.1699638653252,-0.885228208994042
1022099,9.297579215100663,-0.7730025873996094
1022398,9.6017949886215,-0.841823380368875
1022699,9.974236432931683,-0.8753598468493067
1022998,10.418450101179367,-0.8778067342536688
1023299,10.802279718815944,-0.8825044666179798
1023599,10.963466854707145,-0.8933497004224293
1023898,12.000025140324453,-0.9705807264214625
1024199,12.59622639350237,-0.9471871442421722
1024498,12.212924481461775,-0.8426095189865528
1024799,12.317905905181682,-0.9056143240994501
1025098,12.741757386186315,-0.8909393354760158
1025399,12.767141057135387,-0.8530600571018245
1025698,21.946478890687544,-0.8743238736030685
1025999,19.003181637775505,-0.7852166761060184
1026299,15.985168040951443,-0.8447017782190978
1026598,18.133953025122732,-0.8049952110827281
1026899,20.075241959125044,-0.8809450603561015
1027198,28.844016000729205,-0.4214991728716755
1027499,35.12249751983322,-0.38869954569000753
1027798,47.206244912100345,-0.3359337065017711
1028099,29.798861583046182,-0.5085193206534333
1028398,37.66705218419435,-0.4350692952676025
1028699,21.286191906713004,-0.5691473167617951
1028999,26.639907061187543,-0.5168396564755358
1029298,27.150377389550968,-0.5385445577451575
1029599,79.8755062919431,-0.6676531307630926
1029898,11.445542642611718,-0.6728906085442654
1030199,11.673863838298546,-0.65308605406794
1030498,41.70065138341192,-0.6357112930640565
1030799,63.32857663714109,-0.9903091363294465
1034999,1.625510182918399,-0.8366509544045082
1035298,29.166055754761615,-0.7335739299048809
1035599,21.784309118694487,-0.8071737539713395
1035898,11.280024746763944,-1.0654095851207694
1036199,11.724627170280472,-0.8646163599722287
1036498,9.81549608136347,-0.8396232693829877
1036799,9.443131351111154,-1.0019799626367427
1037099,9.77419379572458,-1.1061602137493192
1037398,9.1690465145556,-1.0389168331998633
1037699,10.036550415502358,-0.9582984939003716
1037998,10.89513475214819,-1.0508128911639174
1038299,10.039166834652823,-0.873547312963634
1038598,12.10245833987736,-0.9616528541598288
1038899,20.06505911790745,-1.0505258226062124
1039198,14.115067478094952,-0.9436312299315475
1039499,32.893384910710694,-1.2189800740768524
1039799,41.513398769453744,-1.0983768667995513
1040098,20.735411367861154,-0.8725942261382709
1040399,33.83543467492366,-0.9866095903745258
1040698,15.399608192502358,-0.7953599502575475
1040999,16.32221255926162,-0.9397758923577921
1041298,21.861562898740786,-0.6105993741125699
1041599,11.217670942023203,-0.7315957033149654
1041898,29.95531338358569,-1.0513275396281512
1042199,13.83989963991209,-0.7502993677243288
1042499,26.662569233627362,-0.9024654865811723
1042798,12.659649430370425,-0.6516014442493168
1043099,22.267352346761225,-0.6747083721355966
1043398,11.671596056986164,-0.6346299507711104
1043699,11.217861279314867,-0.5668206241066172
1043998,11.581871658416722,-0.5782137786108685
1044299,13.157050246382001,-0.5334607202255623
1044598,12.880326749206073,-0.605786281540418
1044899,22.29632302740937,-0.8598180647168423
1045199,15.348009104902822,-0.5489677985424806
1045498,16.112627937324117,-0.5098356421650383
1045799,16.16694428431717,-0.46325907479817396
1046098,15.961458832463016,-0.44444921726305786
1046399,16.477873666597265,-0.4599271588717535
1046698,16.696762814868098,-0.4459781344553835
1046999,17.385033489618102,-0.4343940877090666
1047298,17.87264271474078,-0.4113873466930529
1047599,17.95382785414356,-0.3953646128875723
1047899,18.59453784207412,-0.39812720322831896
1048198,18.255503980856528,-0.4130377760653774
1048499,18.768650997321803,-0.4039454128492921
1048798,18.886341402509306,-0.427519435213507
1049099,19.425193614703744,-0.4155502501713504
1049398,18.66710184804634,-0.4181413005564234
1049699,18.479334592682918,-0.41875130627809787
1049998,17.88698254306024,-0.4022746137386448
1050299,19.00565929175699,-0.4074587446318738
1050599,18.519716985331073,-0.41267496498074996
1050898,19.040645519638943,-0.40621474344466013
1051199,19.73324775474773,-0.4034717971112307
1051498,19.87657618957413,-0.3770300455038518
1051799,19.642237915134313,-0.3993573584426824
1052098,20.267176888759316,-0.4448012680345408
1052399,20.765169223226906,-0.44845898563988307
1052698,20.084635131979216,-0.4325818580237424
1052999,20.27581715134959,-0.440982403534695
1053299,23.607690245115787,-0.5151209977143634
1053598,19.3882733628357,-0.4817033503458259
1053899,13.733435701149277,-0.5875372973421997
1054198,16.436672563258078,-0.545574035007437
1054499,16.691849075964093,-0.5136950372590574
1054798,15.91725090620946,-0.49233964898242455
1055099,16.810431049750377,-0.5049934106637664
1055398,14.278957379093718,-0.5347151892028741
1055699,17.04536806160298,-0.5900205346043983
1055999,16.216497947945573,-0.5372679221566592
1056298,16.20083945156131,-0.5265472795593955
1056599,15.56525606093863,-0.4738245843152793
1056898,14.81511298617011,-0.46498867138851097
1057199,13.04367761510761,-0.6311272803884171
1057498,13.802599339366868,-0.632186899726596
1057799,14.57016937822798,-0.7034706432194968
1058098,13.579924795033534,-0.5253989541239408
1058399,12.468874379957144,-0.541484284803877
1058699,10.251876026954822,-0.634538755403633
1058998,10.647836573450201,-0.5253749294281354
1059299,9.276913754556682,-0.649580127169447
1059598,10.024998268933999,-0.49104512246480025
1059899,10.309221745859924,-0.4872147410177823
1060198,10.88273110686224,-0.8394350185733757
1060499,9.862512872521961,-0.5072298208426733
1060798,10.464012549959458,-0.5256919338648753
1061099,8.013861909065941,-0.5866275680415087
1061399,11.453598580077516,-0.6610662555408258
1061698,10.761489088563629,-0.7758126000727257
1061999,10.354674133542792,-0.633469329434518
1062298,10.17358761572798,-0.7150742801717731
1062599,10.655669306326756,-0.9015031066713324
1062898,10.730879942994184,-1.0100562161583082
1063199,11.044781566554368,-0.9991160438388018
1063498,11.415267646384303,-0.999709609203925
1063799,9.5507001610127,-0.7411763967929839
1064099,10.652586333524276,-0.8388488705912949
1064398,10.285571516498813,-0.7244773767089019
1064699,10.178207644797421,-0.6887962479604874
1064998,10.228390882422424,-0.7761277444793191
1065299,9.600190912732607,-0.6878046092975181
1065598,10.063538727033537,-0.6469776887184633
1065899,10.466648225230294,-0.5590247513603714
1066198,12.439725712461774,-0.5852343200647698
1066499,12.697248391763944,-0.6821805175551705
1066799,22.095505888946803,-0.5770495415406758
1067098,11.786463243019643,-0.6279885262532363
1067399,12.51783092867399,-0.6459378002070104
1067698,12.449550007139266,-0.6341823903229713
1067999,13.536392505014266,-0.5688852549759256
1068298,12.84815888622723,-0.5875720041777892
1068599,13.108855896169358,-0.5787085266762058
1068898,17.870036910370736,-0.4562964372729379
1069199,14.189555222632322,-0.5892675391209956
1069499,21.648987381548977,-0.38489575786799834
1069798,16.8525981928337,-0.4918304761206522
1070099,18.076163236521197,-0.5234624155770311
1070398,20.6428134820212,-0.4321115052978981
1070699,17.71209069373847,-0.539829620427414
1070998,20.502382845405137,-0.4934044006415974
1071299,19.637904826861153,-0.5288684667728734
1071598,27.3350797663056,-0.45494346081565373
1071899,20.021480689196807,-0.5357580383613696
1072199,136.01537353777587,-0.2523205212546049
1072498,96.4254844286457,-0.21764262755108565
1072799,55.86088865374989,-0.3568110505612889
1073098,72.7036686607383,-0.3328005493501154
1073399,94.35046273096872,-0.2273259637729459
1073698,33.94456778671517,-0.2860060796756776
1073999,42.580793615638775,-0.2562795815541472
1074298,72.38562676025514,-0.26576196905897254
1074599,51.27671605390266,-0.2570890647536692
1074899,35.41731429026146,-0.2643052873244025
1084199,38.56533593719948,-1.0336920770702647
1084498,22.462234312171187,-0.9624546706836961
1084799,34.399870572451285,-1.0203329834799906
1085098,24.83642013035869,-0.9842258176373175
1085399,17.777875767029983,-1.325499665813691
1085699,19.12619200330313,-1.274420569517115
1085998,22.512157924624898,-0.9217819690647682
1086299,17.819161478884304,-1.1695442735639374
1086598,16.856572772840323,-0.9884125452472767
1086899,18.591306679286927,-1.11242928308407
1087198,22.116153710919026,-1.0386456068926764
1087499,16.95665254961075,-1.200294025113569
1087798,20.461684514854056,-1.0242125957810693
1088099,18.828378943576283,-1.0523860220729575
1088399,21.018015774564702,-1.1888004509747256
1088698,22.747874144046186,-1.2595454548675313
1088999,24.727090438724428,-1.0949305807148293
1089298,19.57307644991656,-1.2431386488913918
1089599,15.134016729213009,-1.2700046198248374
1089898,21.005093490115634,-1.0083025025206585
1090799,21.543927725812544,-0.8728969128341229
1091398,4.795539903631476,-1.0677948805829014
1112998,22.273376161430594,-0.7389913917172919
1113299,20.93900029450004,-0.7374827090228562
1113598,19.660743662687548,-0.7295876352336743
1113899,32.590754888296345,-0.953013559280038
1114198,22.292543303759302,-0.702905693835782
1114499,22.324855699122725,-0.6952774472767325
1114798,31.360653735451436,-0.6865010653617543
1115099,57.606514967544385,-0.6442813022987606
1115399,80.7891580503457,-0.5470380695406551
1115698,1.6266721910062774,-0.7085624749898782
1115999,7.886493233960536,-0.3682063247998981
1116298,17.935134999342083,-0.39260798891232995
1116599,13.32478274683445,-0.5042736495434879
1124998,32.46030807140514,-0.8122642954376034
1125299,57.05939441136794,-0.9429678285422769
1125598,28.753228832048503,-0.9708151166625012
1125899,30.026400241131835,-1.015212043904799
1126199,22.70414609962273,-0.8758744246860961
1126498,14.126946817004672,-0.8930388451532412
1126799,22.10062255528477,-1.2185545178588342
1127098,10.289629021083378,-0.7198805171355549
1127399,10.55928211553245,-0.6804744052227136
1127698,14.48653461950236,-0.9225568695570083
1127999,19.094821783029733,-0.7755340836494533
1128298,11.515190467240785,-0.9772493383614318
1128599,15.654579041067175,-1.02599728093583
1128899,14.923335689569083,-0.7986573834008803
1129198,19.771163155918625,-1.0354648643357183
1129499,10.138226856346872,-1.0473338269598083
1129798,15.206913064636618,-1.1234580633481963
1130099,18.125541632920935,-0.9202741345810685
1130398,14.836268324779732,-1.092484945366004
1130699,8.551552990862238,-1.0389165298206748
1130998,14.73124996618986,-1.067573945851957
1131299,15.831158780289396,-1.0009240025433273
1131599,18.076830910789397,-1.0286789707928699
1131898,13.504032487891246,-1.032462645050364
1132199,14.61603241707643,-0.987788190943995
1132498,18.393614058224188,-1.0166401103027458
1132799,17.04617968213158,-1.0840957379524014
1133098,19.75603430628899,-1.1140923665115912
1133399,18.165373440192173,-1.0748513099561259
1133698,20.779612763523193,-1.0418342325994407
1133999,14.806625456078747,-1.032748492809115
1134299,9.524794222350259,-0.9904600819502323
1134598,18.39941188450236,-1.1139898736941962
1134899,28.367369908622734,-1.1202663640061785
1135198,15.798841817226892,-0.855869280275481
1135499,16.3974901245394,-0.879609886696568
1135798,16.80030540235653,-0.7866646119814489
1136099,16.254841576560224,-0.812123456446749
1136398,16.51517542023384,-0.7542378367005986
1136699,19.680545419944487,-0.8291919697421366
1136999,21.560804732280136,-0.8512395942975479
1137298,16.23461127389588,-0.704336668482632
1137599,17.359563956224584,-0.6749839251776242
1137898,17.373918445541715,-0.6934847385041267
1138199,18.388758342125044,-0.679936604549559
1138498,18.94623277300236,-0.6759876989840181
1138799,18.78863652952782,-0.6552975041673723
1139098,19.684625225131988,-0.5956343059642535
1139399,20.101054619006987,-0.5930045929720573
1139699,24.11736499179866,-0.7360084079641165
1139998,19.370913277500044,-0.596698729054667
1140299,26.874647021745414,-0.5797063450423972
1140598,19.91350846558106,-0.5395242569494199
1140899,33.45765230377319,-0.7982979764121396
1141198,24.411720124185226,-0.6915797350886987
1141499,20.453574326375044,-0.6031201030267723
1141798,20.246487156298656,-0.5819760167217372
1142099,20.099713666960692,-0.5428757522394347
1142399,21.249684061312546,-0.5699097229871737
1142698,21.198712004664394,-0.6221389404604134
1142999,20.09124424735421,-0.6679293376914963
1143298,19.125125679810232,-0.6013215061352464
1143599,42.63670667738878,-0.6463642180192832
1143898,32.73740050173616,-0.8381909321026184
1144199,26.553500816588006,-0.7478158715392274
1144498,18.297830723576446,-0.5817091969559482
1144799,18.06192756261348,-0.679731484665477
1145099,19.770248034963018,-0.6241679856975983
1145398,19.54934441468987,-0.6021357457569514
1145699,19.75566899824311,-0.5490786223617299
1145998,23.222477104629675,-0.6379603256462922
1146299,19.529975942250054,-0.7146797517383656
1146598,19.65009173611347,-0.7839538243365662
1146899,15.054731479980298,-0.7534169099298518
1147198,16.881285066632,-0.8663429794082322
1147499,17.66789727893061,-0.8326923122638521
1147799,15.87999692964589,-0.8260623940019833
1148098,15.81422434116548,-0.823649902653866
1148399,16.8560469209726,-0.8688694852809413
1148698,16.29243335191399,-0.8484698318971566
1148999,13.848505101442182,-1.0070391036475859
1149298,13.798840634745247,-0.5418467656942911
1149599,5.303792541006832,-0.7657342458638252
1149898,14.730011282778147,-0.953647081346684
1150199,17.072572507619093,-0.2696734515662904
1150499,12.044237047482607,-1.0797418257644726
1150798,14.170176298517319,-0.8264366706103186
1151099,16.143780581495736,-0.746881332126091
1151398,15.577403465118099,-0.7719136008093979
1151699,15.070091883810228,-0.7255006611140307
1151998,15.894249606879997,-0.7866541955024313
1152299,13.939734556194812,-0.9002331796840908
1152598,15.76425952603245,-0.7665210699614198
1152899,15.047122697077517,-0.8644600379687899
1153199,13.325511817695572,-0.7567841988916362
1153498,22.771771612148516,-0.6000981187581949
1153799,23.912243658669027,-0.8538749985196008
1154098,24.14927600548847,-0.5704395852193631
1154399,14.74097478541547,-0.7173600102116422
1154698,66.77756334917441,-0.4648480308812979
1154999,41.43376080576609,-0.33259965327316143
1155298,15.465776921243112,-0.6778785995137331
1155599,16.70277783392597,-0.6382384442055524
1155899,17.71463222165284,-0.7167619878934108
1156198,16.85236975599543,-0.7038835777898633
1156499,20.55420489671532,-0.7528861736932329
1156798,16.840861159939873,-0.8402520244875544
1157099,17.532930369118112,-0.8515553611084754
1157398,15.83641580534835,-0.7425568603270705
1157699,17.633307568229224,-0.6434925047101134
1157998,16.165203739625802,-0.761660355337564
1158299,16.60670803694094,-0.5715490875371534
1158599,16.866879427855295,-0.6298696365374223
1158898,17.739463156938626,-0.8518392272222675
1159199,26.777668335361152,-0.9465114265674703
1159498,26.06357413107412,-0.9350575758230102
1159799,24.660947091581065,-0.9926376703526818
1160098,20.669375649289403,-0.9061850714297619
1160399,2.0659794025966405,-0.26884850258341264
1160698,61.048329822113814,-0.46800407719255466
1160999,4.391004782006348,-0.3918620551317884
1161899,1.6255574287308994,-0.4137146242209824
1174198,15.041627773798503,-1.3519225330768476
1174499,25.34003320330313,-1.577768382793741
1174799,10.176652050261616,-1.3279346832361094
1175098,13.084345986296341,-1.491266475870869
1175399,26.742749722666556,-1.3455506630185612
1175698,27.92184822834017,-1.2717082977239635
1175999,25.6862372597823,-1.2978855044597042
1176298,25.570462918979057,-1.325475341105708
1176599,24.997767484657302,-1.643079999510019
1176898,21.33262081139109,-1.6667227388293346
1177199,23.804638952311986,-1.5495685628267122
1177499,20.90716216255082,-1.3490378957630917
1177798,24.373307849229057,-1.2881051911137154
1178099,19.780826662083225,-1.1943338260362735
1178398,22.798898657736004,-1.3070095542238138
1178699,7.199100415927366,-1.0321650930088206
1178998,26.21012712684711,-1.282244476764204
1179299,25.296067170154984,-1.2463914028387713
1179598,23.124535426965167,-1.0931885343056704
1179899,36.65073288026841,-1.0555282659923284
1180199,39.31563370385868,-1.647558537246658
1180498,8.956211692335703,-1.2939534474747179
