,rmse,skill
299,0.20752393744551453,0.4405698604273458
598,0.2555121293264077,0.21481497806162986
899,0.14169894752555467,0.5814265673064506
1198,0.15091671498424789,0.6144546409705998
1499,0.15076060002520095,0.6962263424558109
1798,0.16110078539792827,0.6688509809299747
2099,4.0844320325943535,-0.10776723277821909
2398,2.4812137871780497,-0.15793802480750685
2699,1.3068211477176443,-0.08693956451245821
2999,0.11507370402440158,0.8164952901621387
3298,0.5581041354234083,0.36333846520121815
3599,1.3196770316066573,0.033670464488734675
3898,0.12087615929674615,0.8182021828299836
4199,2.9023660933410897,-0.11436391163218351
4498,0.2060663018507302,0.5267988319534487
4799,0.09076907883096647,0.8922246200604477
5098,0.057984591966590844,0.9353656378468074
5399,0.07979312341945738,0.8777413119018226
5699,0.07196968083563304,0.906527021354259
5998,0.38485686379542455,0.1891226404951838
6299,0.13402705336404078,0.890972596683148
6598,0.08211495613069539,0.9067976295519327
6899,0.07455053594562058,0.9288599720053742
7198,0.058443559213715274,0.9398091831478725
7499,0.08085119941604559,0.927130233596472
7798,0.07131500978823255,0.9303007619734204
8099,0.0867864558408456,0.9246507236254142
8399,0.09911209579293287,0.9026328449316636
8698,0.06786872740382104,0.9399806523201051
8999,0.051171224012920895,0.9595579940420434
9298,0.04757996206634645,0.9708949144838306
9599,0.0593151103357878,0.9598600663159108
9898,0.16929331145293322,0.8030822727013511
10199,0.2677585917595995,0.278781710784209
10498,0.3949099626818057,-0.7580299573695577
10799,0.4995151413551064,-2.4721202471613553
11099,,
11398,,
11699,,
11998,,
12299,,
12598,,
12899,,
13198,,
13499,,
13799,,
14098,,
14399,,
14698,,
14999,,
15298,,
15599,,
15898,,
16199,,
16499,,
16798,,
17099,,
17398,,
17699,,
17998,,
18299,,
18598,,
18899,,
19199,,
19498,,
19799,,
20098,,
20399,1.7784451308809845,-4.647335426357448
20698,0.9847998631564031,-8.611040056217128
20999,0.9864385943896039,-6.3329500327928665
21298,0.6484883817039425,-2.7884374369097227
21599,0.45725670556882103,-0.7956261610685071
21899,0.46958050671016316,-0.6722724638832263
22198,0.47371731518948806,-0.7368371033389998
22499,0.47485425855044117,-0.819125604104572
22798,0.5185854423082075,-1.3928622505558357
23099,0.5018992442473584,-0.8765403131302993
23398,0.5097111386670039,-1.236953048409768
23699,0.46190216435033044,-0.448811703197354
23998,0.550261530278115,-1.4064240513741142
24299,0.5061110984925707,-0.09040821753332096
24599,0.5961402721348747,-2.1055708395597486
24898,0.5893969761045037,-1.7446147384548363
25199,0.6260385389751525,-2.2819414992244
25498,0.6215134740006154,-1.8993098124192151
25799,0.6245721330608005,-1.8229168982177097
26098,0.688273196567745,-3.049283153503433
26399,0.6410464462876524,-1.835840081057241
26698,0.6714405127876524,-2.3255795773452643
26999,0.691928453868671,-2.78632783892396
27299,0.6837718408154303,-2.7653951049267356
27598,0.6634196041001524,-1.8763865812352432
27899,0.6858151447344116,-2.3956510742241255
28198,0.7252930324149672,-3.1568305299331243
28499,0.7120973124288562,-3.0431813230262383
28798,0.7492685677228378,-4.309528891357161
29099,0.6300763146614577,-1.4757153863216055
29398,0.6879490818408932,-2.1481831693760527
29699,0.6862308317621895,-2.1288888232813306
29999,0.6944091884762725,-1.5454805370155138
30298,0.7253694688640412,-2.4517805840020994
30599,0.6916903296707171,-1.5753214078329485
30898,0.7077282896429392,-1.3656243621627588
31199,0.7774467699033932,-3.5015402257872106
31498,0.7232424430469118,-2.1975673249172636
31799,0.7820324397506153,-3.646798492507096
32098,0.8110875801858007,-3.967922085072659
32399,0.8135573367645043,-5.470607169064608
32699,0.7889374614080228,-3.783579777635815
32998,0.773095965044597,-2.77227153888432
33299,0.7715959377228376,-3.0369159293730323
33598,0.8745406912667567,-0.045287667723223235
33899,0.8010928511140414,-3.6720163934969294
34198,0.7359859496742266,-2.286787136308613
34499,0.5605445725741754,0.6512780355393244
34798,0.6872686986163561,-2.058129521201969
35099,0.8468647129820969,-6.048169693023778
35399,,
35698,0.7963982005349012,-1.7928086553425753
35999,4.708967367168441,-0.0358506794769895
36298,1.3449481278550068,0.34419645596253323
36599,1.001143199087036,0.31531988765920216
36898,,
37199,7.655231402230748,-0.12935577049299662
37498,0.6535723669946414,-0.7959138424757375
37799,0.9243129561075855,0.23636668385034354
38099,1.3105187548563055,0.17758477395223027
38398,0.7722367041451043,-2.1665709959000714
38699,0.8433404184496894,-6.198446605905499
38998,0.6754606262586885,-1.2056098679815022
39299,97.02873904936642,-0.47798860911951113
39598,,
39899,,
40198,,
40499,0.8574570756348746,-7.022003347806775
40799,,
41098,,
41399,,
41698,0.8378831073871894,-8.766242916508237
41999,0.8204393382506154,-8.385775951945114
42298,0.833507583993671,-9.401543271895317
42599,0.678715620809648,-3.5669373478474933
42898,0.7972082672412398,-7.734393389373601
43199,0.807713030301425,-8.383448616500068
43499,0.7924796032911294,-7.844886112022213
43798,0.8021868327286293,-8.75085497164945
44099,0.5336601218255919,0.0053126809582804135
44398,40.00823356370201,-0.14932341602561583
44699,,
44998,0.7420207441313798,-6.790298535871571
45299,,
45598,,
45899,,
46199,0.7855105004641081,-8.39557870869228
46498,0.8013562282713829,-9.434355867465358
46799,0.7833652671602718,-8.400711378674258
47098,0.7844639710822926,-8.632576150330204
47399,0.7396409417587052,-8.544275304677475
47698,0.6955708830309504,-5.904982438474859
47999,0.7264833178511688,-8.005575960120302
48298,0.6053923247560302,0.17808852872023473
48599,0.6591820747405354,-3.500284123503004
48899,0.6514489419181901,0.48924389891322884
49198,0.6560779706080976,0.5734609672355937
49499,0.6311476408970942,0.02911245730388523
49798,0.8205105345707062,0.5197588365561405
50099,1.9892995262108748,0.18380411324070922
50398,2.6176143070395788,0.10312940295903206
50699,5.092709160801557,-0.016020670392582703
50998,5.5811994788385935,-0.04616720758942083
51299,7.909723434310872,-0.06984159216222241
51599,6.471493938465964,-0.06700884908096594
51898,2.7751742928311156,0.042791602164796605
52199,8.710664979171986,-0.10953086118209132
52498,8.475485886537724,-0.11488787457382799
52799,10.318828891750549,-0.1755317150082396
53098,12.76755459922754,-0.19751107206209806
53399,9.013246429954814,-0.14149084249996235
53698,22.376424556831704,-0.22383931870764817
53999,41.05914194517198,-0.1656332745638769
54299,64.50865353435947,-0.23924298524838084
54598,88.65027299477615,-0.19985548126492292
54899,,
55198,1.2666883977971253,0.15759321353244082
55499,1.3049385349580649,0.2543055899877914
55798,77.48889425981781,-0.24271188926902632
56099,52.168457931743745,-0.2639696523394741
56398,22.67966319626497,-0.24302010826406573
56699,9.21039089740476,-0.2550367897490109
56999,29.12986353849956,-0.6288851200494987
57298,1.4947747110938954,-0.17773533419188992
57599,1.656416023174011,-0.17529508386209192
57898,1.773484658785122,-0.16091777709012844
58199,1.778821344498085,-0.1600487545979441
58498,1.8492050503846589,-0.14534774850276522
58799,1.7631029647666034,-0.1455715755932192
59098,1.775277356060585,-0.12877947221277486
59399,1.7944890929240112,-0.17397973245655107
59699,1.639950033660122,-0.2196969295386828
59998,1.4037608311115113,-0.18538779693405094
60299,1.252068606331842,-0.2597611717429895
60598,1.1342710750195824,-0.3328343050138882
60899,0.9744699903274525,-0.7081545533163645
61198,0.7838135895632755,-0.1961124534989085
61499,0.8458739666887036,-0.4879576770760701
61798,0.851291425161142,-2.7124343531643444
62099,0.8469965486356789,-2.394240897693363
62399,0.8506775524179507,-3.3694899847378545
62698,2.532027205669254,0.01233612433860476
62999,0.8684973241055863,-2.9610727662772796
63298,15.586374162117883,-0.30080922544738353
63599,2.4834426580411386,-0.1239961300879926
63898,0.8481992267261217,-2.0306540683571095
64199,0.8347307596427882,-2.6512984788714595
64498,0.8416458969980664,-3.333357290205237
64799,0.7780461225383211,-2.807018520389562
65099,0.7856542622420247,-3.2112686965431125
65398,0.7840193350452654,-3.5020359572113886
65699,0.7576533995892242,-3.4937718128325406
65998,0.7399314827399714,-3.54281709835524
66299,0.7209082524483048,-3.78423105417259
66598,0.7243643974005302,-4.485704218084408
66899,0.6956246596450115,-4.0946663538315065
67198,0.31312383295269464,0.7781095244208703
67499,0.6624615693973392,-3.823480106011714
67799,0.6726612357386389,-4.250397622999203
68098,0.69102681603187,-4.867832218282947
68399,0.7284227432170555,-5.26059613129805
68698,0.7298121791893938,-4.766485373005375
68999,0.6740914200786173,-2.9200143040227
69298,0.6517079073943671,-2.7965911766918805
69599,0.6510916931883484,-3.0939657030848435
69898,0.639345051381858,-2.8602487727082764
70199,0.6491657738309321,-3.260015798800877
70499,0.6436261909350987,-3.255923446939173
70798,2.1479053188059556,-0.7887178404300221
71099,0.5727684403689041,-2.349422237687489
71398,0.5369146318381093,-1.6857969989480281
71699,0.5364469424542739,-1.761804933767059
71998,0.5327527046524132,-1.6127469410904944
72299,0.5276177642936167,-1.4315422381362422
72598,0.5563561830918934,-1.787173050554995
72899,0.5322272237873742,-1.3362325563541875
73199,0.5333787836783377,-1.1732487512160112
73498,1.8361172477700052,-0.03418247916563799
73799,0.5679031200883001,-1.6733482439370402
74098,0.5455162562566177,-1.3002788086001673
74399,0.6200134551640252,-1.056597334118952
74698,0.6110016757080066,-0.6883734379953164
74999,0.5862369397959696,-0.7257060905401094
75298,0.5907658396223584,-0.6828693951295979
75599,0.6046676136882932,-0.4885400477561661
75899,0.6436516567867102,-0.6045158740129049
76198,0.5934029053607844,-1.2447656512842125
76499,0.6767986606026452,-0.33744161358035174
76798,3.9294554506284394,-0.07225644529102349
77099,1.1521165957259134,0.02835770317460229
77398,11.424032877149989,-0.16707522353262538
77699,1.4517494227696544,0.01961417161102419
77998,3.0670040034933876,-0.05234412740553629
78299,1.744722241063922,0.006174280960773437
78599,7.702843830914737,-0.110477954992376
78898,19.477485078236676,-0.15564175949207315
79199,8.765550926223675,-0.11968996605839566
79498,45.35753653489871,-0.1734079845147798
79799,40.664389264259825,-0.16497674871512302
80098,45.037060113460974,-0.24815898356060373
80399,28.415348557162705,-0.3435780247372715
80698,1.2928176357867733,0.05907069876282711
80999,15.729644704924432,-0.3233498978381659
81299,101.97041902368356,-0.2800546504555699
81598,7.875634069781494,-0.06918659603918953
81899,0.7063447005059414,-0.9955219737269423
82198,0.7293909958552383,-0.5266697160470095
82499,0.746120371575386,-1.677972587423028
82798,0.7521729094114576,-1.7843966688472488
83099,0.7803490186348747,-2.588025233730828
83398,0.7670339215469117,-2.313775154481627
83699,0.7963988189242265,-3.072893663664381
83999,0.7885520518640414,-2.5864578662021134
84298,0.8536001226001525,-5.389108115248043
84599,0.7962678149010785,-3.040505551136663
84898,0.8713666224033934,-6.104294699832841
85199,0.8616672547158931,-5.590810140061699
85498,0.9285578402760782,-9.47750807655417
85799,,
86098,,
86399,,
86699,,
86998,,
87299,,
87598,,
87899,,
88198,,
88499,,
88798,,
89099,,
89399,,
89698,,
89999,,
90298,,
90599,,
90898,,
91199,,
91498,0.8491357091112481,-8.982020306896864
91799,0.5715582671774124,0.37004615811311325
92099,0.7954053371968963,-7.627949612995618
92398,0.7484418135603224,-5.269650440253472
92699,0.7431531212617113,-6.546755597990773
92998,0.8334017757964334,-8.419598513172264
93299,0.8255779745639155,-7.660322477198969
93598,5.652372438120134,-0.09786551661913889
93899,0.9601515272183444,-0.15581966540990178
94198,1.7940336719347099,-0.0013401408934299308
94499,1.4520812425724297,0.2163505260979014
94799,0.9716003280260439,-0.06560793351799865
95098,6.838327283399958,-0.08181333794479895
95399,2.068417441540265,0.09915176519308155
95698,2.8096198758226723,0.0720531199817992
95999,5.658080834459291,0.00045653036460124863
96298,5.778117110440758,-0.0008858693749862478
96599,4.740207850214862,0.011090976818154297
96898,5.536669559707763,-0.0009289557566491968
97199,4.73152246861381,0.011406125196953831
97499,2.3750099619325424,0.08267317408925212
97798,0.7467561938036783,0.2805445415443645
98099,0.7775159341976106,0.3299639982667917
98398,1.6795269795743546,0.22025290335541248
98699,2.8981368748085696,0.014097964140526775
98998,0.7827725137223593,-7.074340434917088
99299,0.7841609397756001,-7.368747669121234
99598,0.7616874269515262,-6.418621889470736
99899,0.7828624005325446,-6.998478651082816
100199,0.7614299734283779,-6.274684548305549
100498,0.7914857977987482,-7.239334922097063
100799,0.7644947008681927,-6.593043706009094
101098,0.7574151849746742,-6.099675292502889
101399,0.7334468456495638,-5.32648426812431
101698,9.275625552044646,-0.14733118015451518
101999,0.7367062176611378,-4.938172081415717
102298,0.7720651179690081,-5.855010356837456
102599,0.5868060803612518,-0.5812551789994236
102899,0.7945840814600834,-6.787804884232581
103198,0.7899872549438797,-5.911648475626778
103499,0.8195920334577687,-7.698894590209193
103798,0.816508075916102,-6.890709924172257
104099,0.812783475916102,-6.983709508343164
104398,0.7295117311244353,-5.126704900001833
104699,0.7854212271961944,-6.295518291570332
104998,0.7375799929180823,-4.799380733939616
105299,0.7277794890754897,-5.057446038862816
105599,0.7899121085315082,-6.488591169084472
105898,0.7109426769412304,-4.414029053909132
106199,0.7992027620510631,-6.731127087488822
106498,0.7868953111575445,-6.362922092060155
106799,0.7751310560256002,-5.9775061657121435
107098,0.7953240554343874,-6.662677900588315
107399,0.7560419817805918,-5.068180318744774
107698,0.7541021270028141,-5.1501207810631024
107999,0.7499187935583695,-4.806317169401684
108299,0.6697764045533163,-1.0485327805978164
108598,0.6859384227714488,-3.2733007830691534
108899,0.6986306898663561,-3.335391290606191
109198,0.6842213252228375,-2.999439008052133
109499,0.6773452077089487,-2.920184929826796
109798,0.7097610147367265,-3.420128140747356
110099,0.6777045955654302,-2.7524637687847853
110398,0.6464975467899673,-2.2164386126223365
110699,0.711703447269134,-3.426781802676122
110999,0.6936659952529304,-2.9222000602813303
111298,0.6948685544867265,-2.790370732366978
111599,0.7462849644728377,-3.6633246649936657
111898,0.745902506905708,-3.5902885042250947
112199,0.6858358973545039,-2.2759475772780244
112498,0.7597493527251525,-3.672436753588438
112799,0.7481851728524673,-3.0280832513513154
113098,0.7467810967182081,-2.754003744151992
113399,0.7245908278293193,-2.30195110919686
113699,0.7349332098941338,-2.247469050607495
113998,0.677748223026775,-1.1373937727304324
114299,0.7076984336047821,-2.473222432051204
114598,0.6386554398323305,-1.0755431763239156
114899,0.615430081808904,-1.044414871793046
115198,0.6277844180793192,-1.46878659004753
115499,0.6176805656874136,-1.202956841216667
115798,0.6161212313161267,-0.8221913593008747
116099,0.654973937623997,-0.8898231956786629
116399,0.6987040195406637,-1.014458890919164
116698,0.706574869192745,-1.803452775044974
116999,0.692920758059606,-1.4913851976048544
117298,0.7092687388929392,-1.321844389956063
117599,0.7884113226765413,-3.3309669163007314
117898,0.7890930934658932,-2.773671907949416
118199,0.8245893898802451,-3.6085942294897695
118498,0.8521203513270044,-4.533832962620388
118799,0.8345848161996895,-3.805152538729822
119099,0.8546844688293191,-3.9555699700680504
119398,0.8833373151140412,-6.355495716169905
119699,0.8181251273672359,-1.4961697991391585
119998,0.9348087669566338,-8.251685665761586
120299,0.8083879993929393,-2.031589986133177
120598,0.8798461158640414,-4.381470874732829
120899,0.9395068512598745,-8.133582888376404
121198,0.8843022898802451,-5.048608252746526
121499,,
121799,0.9655923810168192,-9.084150118324935
122098,,
122399,,
122698,0.9855767786395044,-7.348803915644989
122999,,
123298,,
123599,,
123898,,
124199,,
124499,,
124798,,
125099,,
125398,,
125699,,
125998,,
126299,,
126598,,
126899,,
127199,,
127498,,
127799,,
128098,,
128399,,
128698,,
128999,1.6018107893848943,0.02732475917257149
129298,1.9999204815847382,0.015584598037160058
129599,1.0022864165522378,-0.1721868771542736
129899,0.6997225833118548,0.5107942095219614
130198,1.0075701760492266,-7.415972737990598
130499,,
130798,,
131099,0.9198829373015412,-5.800511784719348
131398,,
131699,,
131998,4.055680040243926,-0.04182901988638177
132299,7.35031172067548,-0.10638212500798483
132599,0.9191638739200528,-0.0724828637906536
132898,0.8168185548506087,0.017336769384012074
133199,1.4550730469978996,0.3112461621786914
133498,0.8347372788373837,-0.9893355936209298
133799,,
134098,,
134399,1.4682056485546315,0.1690212240183021
134698,0.9463826425395436,-1.1840141103417343
134999,,
135299,1.4399830924747639,0.2632289501523041
135598,1.1616173268248282,0.3882160196121007
135899,0.9504728554218078,0.3377845912284001
136198,1.0048833425748234,0.541872822898574
136499,0.8307973262205341,0.25192825795640095
136798,,
137099,,
137398,0.8123540623413008,-0.1122897764913644
137699,,
137999,9.236309952247097,-0.1647915930645496
138298,125.74120837270554,-0.299481350542794
138599,0.8686125052601392,-8.139909286292362
138898,0.8681335825239346,-7.049727297428944
139199,0.8542509690806339,-5.5595464359470315
139498,0.791227143690537,-0.4954144583628788
139799,1.1602005632546752,0.07602947881447664
140098,4.791632144497769,-0.06967395317047664
140399,8.645323352125086,-0.11696238230583633
140699,22.756494387498734,-0.22246699950869053
140998,1.404932783554563,0.5004988469336709
141299,1.509870621659035,
141598,1.509870621659035,
141899,1.509870621659035,
142198,,
142499,,
142798,,
143099,,
143399,,
143698,,
143999,,
144298,,
144599,25.64336218236643,-0.21929597732858097
144898,1.9495153028187535,0.11498411292036737
145199,60.430963547609494,-0.5492175893412294
145498,12.570018245644206,-0.4540157748745186
145799,4.37175263270439,-0.2620040220930193
146099,1.1522047740181705,-0.3611317904150446
146398,1.1167586719762634,-0.3000198264647569
146699,1.175219258237175,-0.26828806822880247
146998,1.1266092336142493,-0.28222961773396604
147299,1.0922568801660784,-0.2537065120511093
147598,1.1013246990864716,-0.28340340622296
147899,1.0778468663850826,-0.2984983390296101
148198,1.023725155429064,-0.3062602580505509
148499,0.9701032932901755,-0.3784289151914697
148799,0.7952702659947819,-0.5473762034691751
149098,0.5443142563116004,0.36982545971958414
149399,0.6591538245103911,-1.52697572173417
149698,0.6583732854615084,-1.3881957212617393
149999,0.72515679772842,-2.9559866378987176
150298,0.6995888908438767,-2.3630746003781375
150599,0.7349840330244322,-2.6215664990270233
150898,0.6823912883437342,-1.5840233748249593
151199,0.7899598265835994,-3.6235310810847148
151499,10.07867285853902,-0.20764215183705725
151798,0.7603905961021178,-3.2183606072056916
152099,0.7753707203068024,-0.9916464575227877
152398,0.7948801948570319,-4.180651989111617
152699,0.7848042021176709,-4.417308323617981
152998,0.7791400601570229,-4.233516259364287
153299,0.6381540842507344,-1.6803743672278162
153598,0.6784166786290965,-2.493606127779613
153899,0.7387194295958102,-4.298025766641449
154199,0.6966354915592754,-4.246312883163717
154498,0.7188478344299857,-0.045656384814238615
154799,0.7612066311521926,-6.694814129611173
155098,0.7921251766140414,-7.752664501612582
155399,0.9059269839385722,0.06362281273136916
155698,0.7891834967135783,-7.319608553052225
155999,0.7812753067344117,-7.219713543159923
156298,0.5265546477067113,-0.6524891729581059
156599,0.7827623897228376,-6.703728156447733
156899,0.7921021206441339,-6.698288970877669
157198,0.7567623888792087,-5.477268414296682
157499,0.7191259861532918,-3.9788097397981668
157798,0.6795743405726076,-2.892248609996082
158099,0.680533242236625,-3.1569414063934573
158398,0.6271758062065325,-2.543456774104775
158699,0.573855138596523,-1.9734320165255292
158998,0.6075400692208284,0.09507460829489744
159299,0.4768569599919413,-0.6234054068298507
159599,0.5759831514856582,-0.5759723739051434
159898,0.6561128023720967,-0.39926883136599534
160199,0.6677024500938953,-0.10397215667557602
160498,0.5380198156500647,-0.3935524059917872
160799,0.5412774009029078,-0.5618423281647029
161098,0.49205013869766645,-0.8471427666300366
161399,0.5274708572056203,-0.3955600083034627
161698,0.5828650984798885,-0.04262673645898474
161999,0.7793050705061507,0.07601101488071527
162299,0.9517761134830026,0.12028147095117225
162598,0.9580552482466511,0.1671146430430971
162899,1.405806108560343,0.042916270855220096
163198,0.6434973051602562,-0.029467883762332114
163499,0.5012511232224429,-0.26798814588045494
163798,0.47765494098933975,-0.3618730654494473
164099,0.5026746474637558,-0.0774994361397836
164398,0.48432359264476776,-0.24465388545699618
164699,0.49639047123639735,-0.004013550694369705
164999,0.5184998015053651,-0.18569288323116107
165298,0.8404323090374762,0.17841777111833168
165599,0.5521057918525776,0.10005173678800783
165898,0.5143549393870104,-0.06548580051284536
166199,0.9298838929429293,0.47212096118141744
166498,0.5114887944219713,-0.2536177586753723
166799,0.530027997091683,-0.05383187325055849
167098,0.4538626187577753,0.06681566014238205
167399,0.5212684080340406,-0.033968770745132604
167699,0.8288260301748558,0.33448565458257784
167998,0.4553606014310094,-0.10490422401880539
168299,4.071199683083829,-0.01376447367038014
168598,4.491838473933449,-0.02860291987652519
168899,8.011654207838651,-0.13209420768642266
169198,46.47758159064883,-0.33160282244492345
169499,84.69753126005394,-0.413702443482028
169798,42.61121240456319,-0.44590719948310986
170099,,
170399,14.614864012641894,-0.2870380452783077
170698,0.6915847160130693,-0.845823742417473
170999,0.724542196345979,-0.3052586008355933
171298,0.7263997704554394,-1.357284679305946
171599,0.7282553628232545,-1.0201907213032793
171898,0.7112922878718402,0.4125517134508322
172199,0.7682842863070508,-1.093594060499652
172498,0.8019166014566339,-3.5684069324566963
172799,0.7926548546256152,-3.170270878759097
173099,0.7892951111719115,-3.1753395000551548
173398,0.7997829377413561,-3.7127077440083767
173699,0.794329625658023,-3.6747057014471176
173998,0.8795358986441338,-9.968045071722525
174299,0.8577163044635783,-7.002268430426229
174598,0.8457795058455227,-6.3717122084932205
174899,0.7237065401172358,-0.35229624572649554
175198,0.8453497957807081,-7.5099003395233765
175499,0.8228727749774672,-6.916989348748911
175799,0.8386092452830227,-8.376354333351705
176098,0.7975632640121895,-6.7183925986926685
176399,0.7691421421441339,-5.519267523071491
176698,0.7258069467158933,-4.509704582197293
176999,1.1038636658092371,0.054128768689472584
177298,0.7374324922783932,-5.287573196596556
177599,0.770593004468208,-6.140421652288625
177898,0.7695225843200598,-5.963020214444583
178199,0.7025651463385784,-4.124566488974704
178499,0.7307792738685547,-5.20827838266227
178798,0.6821930051541935,-3.8404650987146507
179099,0.6516823618671563,-3.472542807431549
179398,1.8716038226045957,-0.024276892073237244
179699,2.2001586922784284,-0.0450658004726725
179998,0.6844280140994283,-0.15372457500794234
180299,0.6251365787286018,-3.147730723187462
180598,1.9352142815874254,0.002483612577397154
180899,0.8736590073022188,0.24959676355483218
181199,0.5541543410037078,-1.596596099856872
181498,0.8886152679025348,-0.20949260214987486
181799,0.7293165135366997,-0.6149312754460374
182098,0.5953463618793309,-1.6890189813534002
182399,1.2250937526516588,0.16478695019970535
182698,0.8162071452821642,-0.0034693364012283734
182999,0.7870287367312481,-0.40917024457559337
183298,0.5476463125175184,0.5142086269860596
183599,0.6329860653001084,0.0661693085127294
183899,8.105236570370693,-0.3430182471742893
184198,3.480786240901233,-0.06990032202070462
184499,4.371477650267149,-0.3042567023690246
184798,0.6772306599554301,0.4496105239495123
185099,0.6308261851330533,-1.2655462981283048
185398,0.5363702908112334,-0.8284193778432025
185699,1.1209914431757477,0.351944479788048
185998,0.7178357862587172,-4.717226022215676
186299,0.7421289355920506,-5.425918146092943
186599,0.5091776529700349,-0.8133058405145388
186898,0.39380636933328245,0.4509504609085567
187199,0.4712020617594566,0.40334346221826467
187498,0.519402006925314,0.7006490568362085
187799,0.8065394690969845,0.4823907019989331
188098,0.8081121567443357,0.5490836844743481
188399,0.7758238661313798,-5.993647645750394
188698,0.7771332702514157,-6.117989417377185
188999,0.7598499400642501,-6.120796538118204
189299,0.7688742223717859,-6.697282580736546
189598,0.750668843254065,-5.654684438081763
189899,0.7327504907586947,-5.417683183321417
190198,0.7359607891466804,-5.10204479364442
190499,0.7091641346698287,-4.4869869209262525
190798,0.6848471174892731,-3.753682105810366
191099,0.6705675740101064,-3.4353143655172937
191398,0.6611848396952917,-3.3559038617901997
191699,0.42320556179795576,-0.5080991561216661
191999,0.4483110631439648,-0.35624286166571495
192298,0.515695539979563,-1.6609490053098828
192599,0.5070227656329502,-1.5321813057228884
192898,0.42428558248262,-0.2052488244435544
193199,1.0331227359084414,-0.05090428821720838
193498,0.6698189891084482,-0.5986312485672094
193799,0.7755093701619049,0.18865378166448976
194098,0.7246670632355228,-0.29369426581598557
194399,0.7454249568142265,-0.3123677585034419
194699,0.6935769198327448,-0.37727997011796166
194998,0.7003342857771894,-0.3778824252468358
195299,0.6927887023462102,-0.04373204812114739
195598,0.6605085273142266,-0.38270396833521714
195899,0.8420535564739486,0.11602622871329094
196198,0.6442122045938954,-0.2497082209716357
196499,0.6062604633165412,-0.43155705936415134
196798,0.6008081014644012,-0.2709842882196227
197099,0.5368035106685058,-0.5145226436761114
197399,0.5000687785805776,-0.7886608086407574
197698,0.6091830362382687,0.040695299437109256
197999,0.46593764124101766,-0.5849119890072951
198298,0.4580588060610786,-0.5480600013785035
198599,0.4498934621523348,-0.6941276497421145
198898,0.5321392317687393,-1.371965105091998
199199,0.578520923111332,-1.9237795987340172
199498,0.5787877939817023,-1.745521378851636
199799,0.6354834298592954,-2.613828892399871
200099,0.6745271435051288,-2.899529539928535
200398,0.7145662225167028,-3.493925078735807
200699,0.7292992350329066,-3.737895638314501
200998,0.7380012179009622,-3.7958999621796803
201299,0.68912897606952,-1.7570158725688847
201598,0.7286418582204066,-2.893343748366433
201899,0.7661384632620732,-4.233388161902553
202198,0.7078820115097584,-2.4820168970011363
202499,0.7126922091879991,-2.4760223642445456
202799,0.7666569094008998,-0.055317863052102956
203098,0.6353796855143881,-1.6941383533218777
203399,0.6308761625602607,-1.3666465390213616
203698,0.6250812569622674,-1.0713713164342549
203999,0.6124040492048993,-1.0752854422963702
204298,0.6240489244136562,-1.211774284478102
204599,0.6222186922001457,-0.35594359661171326
204898,0.6478127684202933,-0.7755766703883096
205199,0.6753565417922821,-1.8657920073893504
205499,0.6657735923744207,-1.191220498494368
205798,0.6979157461702933,-1.4244530059302032
206099,0.7238844131776615,-1.9290332723333976
206398,0.694136211871442,-0.578773699832323
206699,0.740158549482553,0.12775788286499812
206998,0.7932716839360164,-0.3158765839110991
207299,0.7434294145318281,-1.6543850610053386
207598,0.6854506538533471,-0.9994969240389129
207899,0.7613757640825136,-0.8529793531846177
208199,0.7467369757561247,-0.8057753406839927
208498,0.7298407058255693,-0.14437097722497572
208799,0.7845165883790504,-2.3709974215460865
209098,0.7612679566797359,-0.3035981987878511
209399,0.7735243791726751,0.34604706683568387
209698,1.898595487117844,0.2752371952224947
209999,1.3732426162235778,0.39799962734693073
210298,0.8848815423630881,0.4538366960805046
210599,1.878942196716058,0.2750495967959916
210899,4.831798189036346,-0.06339475082441126
211198,0.8260423892228377,-2.731845559674942
211499,1.016254059081669,0.4136714455180911
211798,0.8238507648083204,0.29690145170049087
212099,0.9254659348963563,0.4325550231627542
212398,0.814074075492236,0.24696409110812856
212699,0.9097410532584396,0.17351135672200113
212998,0.9623290453547819,-8.663602604636223
213299,,
213599,,
213898,0.9354133175206587,0.3991080655602228
214199,0.931143864655708,-7.252466066626203
214498,0.8926468365416608,-6.810711349711203
214799,0.8474528494728376,-4.649216693982169
215098,0.8865997890537399,-5.351933257036419
215399,5.241088712350039,-0.21010007029158873
215698,,
215999,,
216299,,
216598,,
216899,,
217198,,
217499,1.1238625288746624,0.02053872794151379
217798,0.9320160706321364,-2.64590687224928
218099,0.8113421284229795,-4.81452104803463
218398,,
218699,,
218999,,
219298,,
219599,,
219898,,
220199,,
220498,,
220799,,
221098,,
221399,0.602960877051301,0.4775386615384103
221699,,
221998,,
222299,11.430241649363118,-0.13369430116012548
222598,47.22058379863264,-0.28036854349099904
222899,37.936021748470566,-0.26518240458937026
223198,58.827218505046986,-0.2237110081656748
223499,29.94265200573116,-0.20209616353691762
223798,33.34764980209354,-0.20449748220986863
224099,40.80353376576688,-0.23735221442477883
224399,43.63307574914898,-0.2291261410703611
224698,60.40441575270685,-0.23369553921614128
224999,108.08124068761872,-0.2603751800027474
225298,161.03809404734793,-0.27738933110640507
225599,112.54832637092659,-0.27246356918966574
225898,108.82810357175778,-0.22585507616303557
226199,111.06475205074838,-0.2695342245900745
226498,65.082915134584,-0.2624861893597912
226799,1.509870621659035,
227099,1.509870621659035,
227398,1.509870621659035,
227699,1.509870621659035,
227998,1.509870621659035,
228299,1.509870621659035,
228598,1.509870621659035,
228899,1.509870621659035,
229198,,
229499,1.509870621659035,
229799,1.509870621659035,
230098,1.509870621659035,
230399,1.509870621659035,
230698,1.509870621659035,
230999,1.509870621659035,
231298,1.509870621659035,
231599,1.509870621659035,
231898,1.509870621659035,
232199,1.509870621659035,
232499,1.509870621659035,
232798,1.509870621659035,
233099,1.509870621659035,
233398,1.509870621659035,
233699,1.509870621659035,
233998,1.509870621659035,
234299,1.509870621659035,
234598,5.578758799400027,-0.28723315164870433
234899,57.12925375395207,-0.3367481357446507
235199,10.059861686588595,-0.34634113500350105
235498,17.178891825995432,-0.29767845370217727
235799,14.126346776866427,-0.3249084811402898
236098,12.601543243473477,-0.30172340677609877
236399,1.6445392292477932,-0.0639438984404963
236698,1.4926768824133398,-0.04428606637265231
236999,1.8072587582848303,-0.08605495877677027
237298,1.5770104781968675,0.009536177919047928
237599,9.010984317213648,-0.27439760440806715
237899,1.2503491229165344,0.21898647878369115
238198,1.1673496125429694,-0.08859322489472943
238499,1.0138562320800066,0.024584286245675213
238798,11.417664989494106,-1.256967694504667
239099,32.83188930199375,-0.48338922368866766
239398,5.807890885463052,-0.20079248080066914
239699,4.074938119197445,-0.1581940331990519
239998,19.211464229178926,-0.3123491853011642
240299,7.103100345261239,-0.4883646386859364
240599,1.9330407105253866,0.17527514850038728
240898,3.861528562928353,-0.2439568168932118
241199,12.295321845249669,-0.23704534424513768
241498,3.4254474526909533,-0.0027821128563370046
241799,2.6393057849528154,0.09225398496630699
242098,1.0365992677711509,-0.7198617131111769
242399,8.524939912002505,-0.4265564007160827
242698,13.847379119762401,-0.5785021102402432
242999,17.624292932585305,-0.4169415378238359
243299,21.108530090764717,-0.5505681923662755
243598,22.527210815956984,-0.4963689211689146
243899,13.76055068642013,-0.3397211139125389
244198,15.35847493689203,-0.4912307635507107
244499,23.366759477815506,-0.3942048628477657
244798,41.80527198591159,-0.273682134351815
245099,34.0497848115227,-0.602592300258586
245398,34.50496608321469,-0.5405671113506718
245699,28.366332257471765,-0.3164944429246077
245999,23.9865720279926,-0.38235577413979405
246298,57.21362703441608,-0.32605971899762376
246599,58.74247982201431,-0.39843655118574484
246898,88.39103595235588,-0.2439723850390001
247199,49.14897927613031,-0.38606386835859396
247498,34.88251704163147,-0.5661389747416599
247799,3.150770976143231,0.0859607635038605
248098,44.46435649369051,-0.21283621124192376
248399,18.859466160152447,-0.21880880871927055
248699,12.294480070053929,-0.2623509419780876
248998,4.972541827794781,-0.2824428514112689
249299,6.064220716987079,-0.2726582099064585
249598,5.927138519755598,-0.2256601950545878
249899,8.017830296485812,-0.2482259507339808
250198,7.257906461204865,-0.30599187391991434
250499,8.853113181035749,-0.33078338616740055
250798,9.292127325940507,-0.3173349996472352
251099,11.41096392564421,-0.33969334226988335
251399,10.574031108909368,-0.3036901768999447
251698,9.332768545065976,-0.27836222992732185
251999,11.955051141269545,-0.18931455724494706
252298,11.082319359991551,-0.2605093128265701
252599,13.436157525106454,-0.219158822533287
252898,4.260358045778608,-0.11139504646055487
253199,1.0273062874748264,-0.28990756331696854
253498,1.200203607442721,-0.7087811294714208
253799,1.5271256099063202,0.2672940476016944
254099,1.0043707958119201,-0.2834757535955601
254398,1.509870621659035,
254699,1.509870621659035,
254998,1.0992708158628464,-0.757353173824719
255299,1.509870621659035,
255598,1.509870621659035,
255899,1.509870621659035,
256198,1.509870621659035,
256499,1.509870621659035,
256799,1.509870621659035,
257098,1.509870621659035,
257399,1.509870621659035,
257698,1.509870621659035,
257999,1.509870621659035,
258298,1.509870621659035,
258599,1.509870621659035,
258898,1.509870621659035,
259199,1.509870621659035,
259499,0.6244863708822552,0.2214891131769795
259798,0.6053712977513528,0.06233232159990554
260099,0.6357398205077701,0.005122857298530015
260398,0.5968460140778572,-0.01038988819517872
260699,1.0056792460263009,0.40438357179938955
260998,0.5978162063698022,0.17827017987672944
261299,0.5660046939156638,-0.8686595073085737
261598,0.5881441447636596,-0.6170947261152409
261899,0.5464261956402008,-0.6232876076344795
262199,0.579843220468208,-1.4831780891028195
262498,0.5263117832977536,-0.7926839747168546
262799,0.5921517710631155,-1.495888410750804
263098,0.6290018193245732,-1.963683615911504
263399,0.6074878491185547,-2.082226636269217
263698,0.5175531769960466,0.23075000511307653
263999,0.6410319088546658,-2.6523180782927422
264298,0.6545312309958695,-3.3190775721061945
264599,0.6681521752319806,-3.2881687465230423
264899,0.624800301076888,-2.4931073488394526
265198,0.6403035542852212,-2.843988865549428
265499,0.6509727174356843,-3.0044479211045605
265798,0.6220797966694807,-2.6498464842483993
266099,0.6640547504542028,-3.4076256902523934
266398,5.949072955584475,-0.1565214244003197
266699,0.4871040945176372,-0.8803513686071889
266998,0.5262813858176364,-0.6722035569937832
267299,0.5145147480715624,-1.6626999354149192
267599,0.5096148983261404,-1.6983253615839335
267898,0.5146425807356475,-1.4185949417783
268199,0.5470148866992512,-0.5605989704236449
268498,1.2453230800857564,0.031141547978845607
268799,0.5436295326096372,0.529327717893177
269098,1.0416752872271442,0.4227012265154182
269399,0.5263859716192935,-1.2039397355699664
269698,0.5290034660776269,-1.300363573182611
269999,0.6247489924623745,0.2536295254009724
270299,0.9500687067498677,0.352499498721191
270598,0.48327897640011475,0.056269083014666155
270899,0.5319949506237943,-1.2382767334498572
271198,0.6630391247311334,0.30389726687711605
271499,0.9174332011595899,0.16632589351412796
271798,38.814025595773835,-0.3391128254872624
272099,0.6035043488190963,-0.5511652824901141
272398,2.080888274919582,-0.03526655393135747
272699,0.54144908793891,-1.4094647588614246
272999,0.5659083060430767,-1.8284291574876033
273298,0.5970375868069655,-1.7965456592787086
273599,0.5640230655752059,-1.451296440860935
273898,0.5868911544015947,-1.3236343875701113
274199,0.5656553661168725,-1.1936562295676314
274498,0.5841748490152989,-1.5829220070551346
274799,0.5724770279409467,-1.549832032170598
275098,0.5682425264779836,-1.299423433259935
275399,0.6957732383975598,-0.20022556158470572
275699,0.5238391263817319,-0.44730495286158334
275998,0.31787677828120026,0.5538533961347971
276299,0.3582559525546311,0.6456876899725077
276598,0.5567603940067318,-0.8400490815134694
276899,0.4271395804349494,0.655932376251682
277198,0.35264408117222273,0.7248391939385288
277499,0.5612709926285141,-1.081759394716367
277798,1.1322395082762857,0.3972526849573218
278099,0.5506954481699405,-0.8836974300666129
278399,0.5731266600426257,-0.633302976308201
278698,0.5666077358141555,-0.09363013754730987
278999,0.6269703062898873,-0.37910986330456
279298,0.6241828771150815,-0.16467472639373248
279599,0.785594673212168,-0.05276106277746151
279898,0.7725622870290333,0.4796764723199548
280199,1.0990985693186495,-0.005109934496538182
280498,1.023532724323279,-0.043566702407553004
280799,1.257669680274668,0.02592057356605848
281099,1.4074188872593671,-0.008933471280981209
281398,1.4787318080001082,-0.04424404991209441
281699,1.7089690740255712,-0.07315569849572112
281998,1.7297645713427003,-0.07909861754216774
282299,1.9479982392452382,-0.1104373350610095
282598,2.862042887066095,-0.19750507366159376
282899,1.9593337435322755,-0.10409379458519452
283198,2.2467775730832007,-0.15208694374709042
283499,2.082515844634367,-0.13909904850594645
283799,2.6011130393169974,-0.21402991053057452
284098,2.560507113499868,-0.22247363277253984
284399,2.496710033208201,-0.22287708673942297
284698,3.07054041022672,-0.27257656322124246
284999,2.597794750701256,-0.21194937695020455
285298,3.156578531821627,-0.2659742479576057
285599,3.1819459811410713,-0.30553657868221884
285898,3.950174788319312,-0.3604142235969898
286199,3.788002042532275,-0.3304668839942868
286499,3.327836601016072,-0.2958185690842534
286798,3.567889886932738,-0.28955125050995245
287099,3.0185631286526458,-0.22107365199665052
287398,2.494084582224405,-0.14609066376057567
287699,2.151448796763757,-0.09489151471864377
287998,2.1118134322822755,-0.07177151918671987
288299,1.625738406838071,-0.002667843830683969
288598,1.2502620339190897,0.04721309402918161
288899,1.2135383619304232,0.08416691656988828
289199,1.1409506492637567,0.10433424619166343
289498,0.8573211918450155,0.06854819446729743
289799,0.9796072635510112,0.05367515238818443
290098,0.7429330582591991,0.22736273800236895
290399,0.7286456348228423,0.05596726952934972
290698,0.6982243841223243,0.13761358931279488
290999,3.4419154857555587,-0.12108220088012511
291298,0.5856284545369576,0.02808505963975405
291599,0.5595085610442079,-0.12040632419970687
291899,0.5456943475071709,-0.08070883103085236
292198,0.5516863324504867,0.04557450864667267
292499,0.6432378220636724,0.22288506961585852
292798,0.6543962676301913,0.45018302300778046
293099,0.6568289551909656,0.17020546011234683
293398,0.7106888834453108,0.17516268118887623
293699,2.4973030169086687,0.019844772281195078
293998,0.8291095914464394,0.2641978028898494
294299,0.725829324868922,0.15542091822273307
294599,0.7528365995379035,0.2632414149302089
294898,0.8526888673008446,0.2779467102579276
295199,0.6781409690818849,0.0963992697695546
295498,0.7137094620536019,0.26789343445986125
295799,0.9229155308925354,0.2947371695742208
296098,0.7210195794852214,0.11341918824049146
296399,0.5764918298000362,0.2706675431845944
296698,0.5865183626935547,0.170053344215074
296999,0.6247599057745732,0.279880851547037
297299,0.6708435767899289,0.396858139350419
297598,0.5797664306634622,0.2725712852056843
297899,0.56273923952102,0.44532417335250873
298198,0.5408264378017474,0.1945764105523351
298499,0.5377579023480438,0.20478713997950826
298798,0.5827194676974645,0.23804852273289856
299099,0.5828478970858348,0.23476348419706816
299398,0.5555621333869794,-0.22364139474901767
299699,0.5308367388661677,-0.22609568402219793
299999,0.5341290998016094,0.01350713557806138
300298,0.5067578793036461,-0.34687748366585147
300599,0.6149440607653757,0.04065965772736335
300898,0.5685569895225604,-0.12471374515782885
301199,0.545986437408239,-0.5946325835030435
301498,0.5382489529169897,-0.6275315029786206
301799,0.5174952840080452,-0.32251344997022025
302098,0.47788744626526786,-0.25023302743555553
302399,0.5899688036140414,-1.484266151216589
302699,0.6172229231907701,0.5010445443712546
302998,0.6008843972852214,-2.3192044294831153
303299,0.6522655452992265,-2.8109447946774293
303598,9.665256881176486,-0.23588837401853135
303899,3.599384044524801,-0.045685085299012274
304198,0.6827763177483006,-3.434666907638806
304499,0.6685756845862636,-3.0799807591159825
304798,0.6901678231858006,-3.7274864725400185
305099,0.6584354820930918,-3.0827250615917423
305399,0.6646733185004992,-3.083266493813994
305698,0.6996702213546658,-3.7868379757654154
305999,0.6487513716741102,-2.8683140283217794
306298,0.6994268883500362,-3.712097594776906
306599,0.6558881600236474,-3.157209210797647
306898,0.6600787005560547,-3.2386278670563584
307199,0.6498731792134621,-3.1613748727179356
307498,0.6089971353917029,-2.4950889693942178
307799,0.6022897407528139,-2.518548636409199
308099,0.5671754040318702,-2.3704253705447083
308398,0.5285524303669101,-1.9430443289536936
308699,0.5270119923274978,-1.5972311957197793
308998,0.538553597710499,-2.0451105293502017
309299,0.53462150819729,-1.9243134214589448
309598,0.5501514745514566,-2.085061098440522
309899,0.5786824322978489,-2.470293420791485
310198,0.5265263445119758,-2.007312960346454
310499,0.5744167156044393,-2.5004311225261993
310799,0.5914436406022535,-2.7954654750589714
311098,0.6287559222401867,-3.5490371461082626
311399,0.6402023531313904,-3.613103321439225
311698,0.6483954035897237,-3.7018912541854387
311999,0.6528691860637741,-3.874767360829771
312298,0.6643021924597273,-3.987175517743692
312599,0.6374317115966681,-3.5734084495425753
312898,0.6650875689230465,-3.9420318707498305
313199,0.6640471840017501,-3.962991795552659
313499,0.6543348513373766,-4.105435832982443
313798,0.6691747020017502,-3.8018403014959468
314099,0.6955228825248766,-4.7465706171380795
314398,0.6209200535667315,-3.3438712492459564
314699,0.6430438170243159,-3.5446815452258598
314998,0.5509757822682867,-2.247392499274273
315299,0.5879272844759834,-2.6629470907630326
315598,0.4470987910498103,0.08971936653643264
315899,2.053194764528282,-0.023602184766862377
316199,2.31271326081041,-0.07185971452121676
316498,0.6781684578974364,-0.6184984059332228
316799,1.7733037127252111,0.06251071158082
317098,109.84372310323594,-0.2406099879454704
317399,73.52793020210864,-0.2492629604396568
317698,94.08890137820084,-0.1427463573568455
317999,101.29763067060937,-0.22015272791739182
318298,51.76375608296908,-0.26281067745906106
318599,63.74649361979222,-0.20554756148659736
318899,38.631231669669546,-0.24129619281040005
319198,1.509870621659035,
319499,,
319798,1.509870621659035,
320099,1.5277046137392496,-0.20007928817525733
320398,13.551597328820131,-0.6094489956838398
320699,19.318318895588654,-0.919595753523593
320998,14.195150680823016,-0.8236220557242473
321299,39.59939336776921,-0.8415141060523474
321599,14.664193457044613,-0.9654884513233306
321898,22.462408482630316,-1.1438743406487473
322199,9.717495835590965,-0.8586546255558227
322498,5.070380725516603,-0.47876126542879005
322799,6.201184513401742,-0.5907945217478958
323098,6.225484653718872,-0.5316275002721693
323399,8.081531157741399,-0.67510485340125
323698,10.970984098163317,-0.691364895726682
323999,12.145943139659284,-0.7744796307258848
324299,13.27102032372813,-0.7217167944725265
324598,10.64601149307304,-0.6924992818980098
324899,11.000759257744336,-0.6980610026110454
325198,10.369099334061465,-0.6633711979754677
325499,9.093691549204983,-0.633977084652231
325798,6.707224949920261,-0.5589713982983378
326099,7.599253053110674,-0.8620237059977827
326398,13.300578363031347,-0.7070349573621315
326699,5.202060972414384,-0.7068435178615011
326999,9.320706894264575,-0.8431881208162171
327298,10.678371682882632,-0.9604819161587799
327599,8.109302200822448,-0.9319543147631202
327898,19.06318135224606,-0.8912821897003147
328199,44.58127046582476,-1.3106801151785565
328498,10.65215249684328,-0.5746179624470955
328799,12.880913909132632,-0.8027505273591986
329098,7.073750033024877,-0.4555827586948684
329399,3.5731976598414437,-0.42022462689198736
329699,27.954490048195133,-1.0722446274834456
329998,30.167285501213648,-1.1375091364294394
330299,9.72765171623321,-0.6047633392195204
330598,,
330899,0.9355756079675284,-0.41100940235725436
331198,0.9718646322759906,0.18077255957161675
331499,1.8521521508119874,0.07601944635482816
331798,,
332099,0.859646395661462,-1.9067542334102425
332399,1.298688204522608,0.34311142843321996
332698,14.88308708011078,-0.4279445387396814
332999,7.902637313930086,-0.4189993455770513
333298,17.587604843856145,-0.8281787835216219
333599,10.50162234384097,-0.4152769563386851
333898,14.986570104038996,-0.5063396862530578
334199,29.948090502854857,-0.7050040836716402
334498,37.65871002797986,-0.9100537199211736
334799,39.25489091885023,-0.6676030318221342
335099,23.548611358618743,-0.5864414726289251
335398,18.995777627491425,-0.6760401115447587
335699,13.672211907785409,-0.7738964299604121
335998,6.662822423843256,-0.65944474685771
336299,1.024021805556578,-0.5830882666488082
336598,2.383399030310181,-0.13352867665697477
336899,1.509870621659035,
337198,1.509870621659035,
337499,1.509870621659035,
337799,1.509870621659035,
338098,1.509870621659035,
338399,0.9793960649144958,-1.2582584339100618
338698,1.509870621659035,
338999,1.509870621659035,
339298,1.509870621659035,
339599,1.509870621659035,
339898,1.509870621659035,
340199,,
340499,0.958907915675948,-0.23077161154754067
340798,1.509870621659035,
341099,1.509870621659035,
341398,,
341699,1.509870621659035,
341998,1.509870621659035,
342299,1.509870621659035,
342598,,
342899,1.509870621659035,
343199,,
343498,1.509870621659035,
343799,1.509870621659035,
344098,1.509870621659035,
344399,1.509870621659035,
344698,1.509870621659035,
344999,1.509870621659035,
345298,1.509870621659035,
345599,1.509870621659035,
345899,2.795901258418142,-0.028386650290294524
346198,2.4968897043178124,-0.003891308932749249
346499,0.9495884274171483,0.24190888322720216
346798,0.8654148139471052,0.22249602618527575
347099,0.6800082349566584,0.3126636930465445
347398,0.7049117809705471,0.1791471264918425
347699,0.7216584753667189,0.20777416715834707
347998,0.7839640392011796,0.1792403118107524
348299,0.5692507246071555,0.2772181268607906
348599,0.6206850389690746,0.3109286933595051
348898,0.6728067572224111,0.3218987338092265
349199,1.0406007054182775,0.39513166512819053
349498,0.6670271373520409,0.1879250602712147
349799,0.5825208337016918,0.011075255019869168
350098,0.5487475993549983,0.04529184481211235
350399,0.5700957711640324,-0.0744931706279397
350698,0.5991569129070881,-0.03185009996614507
350999,0.5760432320760694,-0.08640064149083027
351299,0.5227086993263097,-0.5875838196633085
351598,0.5111684271052386,-0.586709353953285
351899,0.5577414365698737,-0.27851889265729257
352198,0.5138777485728312,-0.5796463090716337
352499,0.4408222562156096,0.5805057689360842
352798,0.5409146856388407,-0.7185952468147423
353099,21.30162049841144,-0.20968753835860565
353398,0.49183440887775887,-0.6929848028238619
353699,0.48079465769038177,-0.7547100744017217
353999,2.1040847103912306,0.1840351058607541
354298,0.5151369233754097,-0.4064414331341868
354599,0.5744439927016824,-0.33242591178343783
354898,0.7091622574642704,-0.14677962183589544
355199,0.8078587024169515,-0.12087502382117621
355498,0.8598908498670434,-0.06520815940559688
355799,0.9018770736425064,-0.04369043301407549
356098,0.6722537364699632,0.3890923870952595
356399,0.9841986466263027,-0.04589501710136035
356699,1.0395834222628766,0.013048165630826336
356998,0.92635212972121,-0.08744357785277157
357299,1.0303468434156544,0.08345276578309868
357598,1.1157927096679696,0.0097897022657355
357899,1.1568025921216731,-0.026835698441618705
358198,1.299497354121673,-0.03313220823898666
358499,1.3725484634110248,-0.021894558724457003
358798,1.2905086366795435,-0.027097004181514173
359099,1.4483432444931632,-0.03307189367646446
359399,1.4003996999931636,-0.02968555866683298
359698,1.3865461586089043,-0.018646797727750686
359999,3.4916399208918905,-0.03932452358681937
360298,1.2728528543612192,-0.013000462819062752
360599,1.9337465492591268,-0.06238943628905602
360898,1.5254025719697752,0.1346419146826866
361199,1.3112780102223303,-0.025576716208332684
361498,1.2591035021540806,-0.05406476555908557
361799,2.273558464834269,-0.262357162630634
362099,1.5083658181552009,-0.028296097859415337
362398,1.4638267567177006,-0.06018968606645991
362699,1.6474953301783488,-0.06894153572656281
362998,1.7983152124376085,-0.11682286351406046
363299,2.4429522306943126,-0.27577228573621326
363598,1.9496347048401457,-0.1502255584077954
363899,2.0145721035325153,-0.17070639992717518
364198,2.2674330160924603,-0.12487653045688485
364499,1.9117085827685512,-0.1165256614026624
364799,1.7509247921852935,-0.12788800689638213
365098,2.3052867182662364,-0.18188268157020127
365399,1.8053039258733148,0.0693372556096351
365698,1.8023813589017428,-0.1390932943454124
365999,1.679081794175131,-0.12469853258633279
366298,2.138481852453736,-0.15265686602978112
366599,1.900421433397113,-0.11502350630035219
366898,1.7581664917885569,-0.12529146465717012
367199,1.9088505800197977,-0.13653472095944053
367499,2.2401588865684094,-0.20481050233687315
367798,2.1641530255802235,-0.1836776791341621
368099,3.2332039415088207,-0.33095030460442243
368398,2.783406992973502,-0.2925933414645805
368699,2.6379401756031315,-0.25277831222291103
368998,2.425686558642483,-0.20583033211314494
369299,2.228557566640169,-0.14332006553922705
369598,2.871586196209613,-0.20723087654920147
369899,4.077443738420238,-0.23298653944027792
370199,3.0893777983045205,-0.2850115228578176
370498,10.230260290345594,-0.17649320257312429
370799,4.995007232460493,-0.2097115367789737
371098,6.608607496100223,-0.23552565852475804
371399,5.856780874571603,-0.3141570737367916
371698,3.5178798450244275,-0.38776896892361123
371999,3.834609113120238,-0.4317073973156589
372298,12.563836980063188,-0.14808028147906094
372599,13.872327043211335,-0.17055692462255778
372899,8.126483803123373,-0.2151005989768715
373198,10.285307405956706,-0.16779933328796903
373499,9.057755100086334,-0.29327513887535606
373798,11.789327873239111,-0.19009300223561998
374099,7.192241907255318,-0.4636367935780614
374398,6.9258053951881875,-0.5236252515113706
374699,10.440676883368743,-0.4182355728453391
374998,6.353908847505316,-0.6116894725072775
375299,5.346906699702647,-0.5882310789737066
375599,5.590355503306242,-0.5299104960275769
375898,7.531387872572446,-0.4977465175735081
376199,5.7883877604798535,-0.4962566633833565
376498,3.586451261817162,-0.3444470310160286
376799,5.442734952394775,-0.25685558120899676
377098,3.0002855997614417,-0.20178459884483302
377399,3.058299006354035,-0.19050297307665587
377698,2.2893157068100525,-0.08429291629939528
377999,1.704132110661905,0.008136942549923365
378299,2.0047411827591275,-0.0219572213505419
378598,1.7103779215253307,0.0043039747855073696
378899,1.8060357979443122,0.0013213372991927042
379198,1.8041295124697752,-0.0015287156736907281
379499,1.8102709472197753,-0.009584690939540286
379798,1.824365279886442,-0.01446216942756795
380099,2.1640106977267193,-0.051200201367892495
380398,1.943922787335516,-0.023915992744682146
380699,2.005771045679405,-0.022735153308058198
380999,2.0657793225034795,-0.02899860450531455
381298,2.040872812046164,-0.027953998497101784
381599,1.7854199901307943,-0.008731181340914773
381898,1.7198334832974609,0.01884510587665389
382199,2.0337120018553314,-0.02454400062050155
382498,2.0816313551179233,-0.03836151521269948
382799,2.054772541687368,-0.023005974696804987
383098,2.2754816508761646,-0.050213306340547215
383399,2.1555761573159793,-0.04456340144908677
383699,2.322275501184036,-0.05631681996699123
383998,2.2083579243461893,-0.038304546196521905
384299,2.2504734272466522,-0.029827250382616022
384598,2.4777362926731756,-0.02073907837052702
384899,1.9780454950336883,-0.012993162603033959
385198,1.8835554463531337,0.03729997196255763
385499,1.7306888321008187,0.0726874285358261
385798,1.5378442938415589,0.08641793469593029
386099,1.3972069500003457,0.12349496337690569
386399,1.2214385744578966,0.19268555209428728
386698,1.1732750502273335,0.2054756223633658
386999,3.504163148331484,-0.01624927881032101
387298,1.8208534633073183,0.11101365047792833
387599,5.4762597768259536,-0.3235022539673904
387898,13.963996395320075,-0.13226200922020315
388199,0.8527276276867269,0.23072614066999064
388498,1.0940664389529307,0.1879904781967211
388799,0.9901164540339491,0.2030320095242112
389099,0.7766439612029306,0.08099654693332703
389398,0.7279544475223754,0.2280039801853866
389699,0.8399363314965549,0.2753647879411202
389998,0.8393146017303512,0.22577225530842615
390299,0.7576827848077765,0.13262529804971712
390598,1.0303356008149391,0.1498758732837444
390899,0.7694751308274235,0.22113809235526805
391198,0.782659861033568,0.11786017846889718
391499,0.7451840714386607,0.1488747562554389
391799,0.797653529709494,0.10106550659000757
392098,0.8732908321193209,0.09465932211802375
392399,0.8213658304176916,0.11107483837516596
392698,0.7849847951841358,0.03898318647239374
392999,0.8072219765383024,0.01996869594402695
393298,0.7107218836518573,-0.024538183043110395
393599,0.7063986367803667,-0.04340721434142236
393898,0.6457907319317775,-0.15464220420405272
394199,0.7439911958174039,-0.04497321162143075
394499,0.6630615216215923,-0.08121022003323297
394798,0.6416347190234223,-0.16121743286863843
395099,0.6776996463208809,-0.1738082272601973
395398,0.7503113247178774,0.04151156722286076
395699,0.686359007322044,-0.22531756855365592
395998,0.6302812396414885,-0.2324892713815241
396299,0.6889399179341731,-0.18121749676818077
396598,0.8202282672651917,-0.02858847098729389
396899,0.8941261557628768,-0.05360554113877791
397199,0.87235516031047,-0.04385673461987927
397498,0.9356678574434323,-0.009140593560615029
397799,0.9026344009424143,-0.037616742934820646
398098,0.9029476765452844,-0.06807095369102756
398399,0.8823031925499137,-0.09874271933519418
398698,0.8196822575846361,-0.11628501639508171
398999,0.865164976964266,-0.17792016082237372
399298,0.7191590788369508,-0.02238482598757585
399599,0.7363053173485249,-0.009151834771758516
399899,0.6232434395457079,-0.3574724722695848
400198,0.5979112862428428,-0.6846738155499603
400499,0.8594708014469505,0.05410415160910742
400798,0.5296951299829198,-0.25006416577087287
401099,0.5055135252542813,-0.6103966329742163
401398,0.5010248611733985,-0.6825135926583499
401699,0.49103317850868033,-0.6059904544260566
401998,0.5266723129073434,-0.8599593407341171
402299,0.5946093869231582,-0.5747619205777932
402599,0.5253272236153924,-0.8346919996232525
402898,0.4672292331660781,-0.4767456922530342
403199,0.49874375216925515,0.4542892049977786
403498,0.4680808010874446,0.593456081754624
403799,0.7357885008034842,-0.08785062354156659
404098,0.5073698836971909,0.4608865558615247
404399,0.48896885174656973,0.30065924996348925
404698,12.167523214785279,-0.36145745687187136
404999,41.758368358337805,-0.20114742887866965
405299,,
405598,,
405899,1.509870621659035,
406198,1.509870621659035,
406499,1.509870621659035,
406798,1.509870621659035,
407099,1.509870621659035,
407398,1.509870621659035,
407699,1.509870621659035,
407999,1.509870621659035,
408298,1.509870621659035,
408599,1.509870621659035,
408898,1.509870621659035,
409199,1.509870621659035,
409498,1.509870621659035,
409799,1.509870621659035,
410098,1.509870621659035,
410399,1.509870621659035,
410699,1.509870621659035,
410998,1.509870621659035,
411299,1.509870621659035,
411598,1.509870621659035,
411899,,
412198,2.2297333619859896,0.008185975370698095
412499,46.7345301521766,-0.5292654707804207
412798,51.176318962734484,-0.7389208247924002
413099,33.29599077036643,-0.7043459026547545
413399,38.38042255541735,-0.5504028023084602
413698,14.069951639163914,-0.6724424174404178
413999,11.156973741345542,-0.7040637747812695
414298,12.987205116564375,-0.6826380205384848
414599,12.914778428397714,-0.7018448131916026
414898,10.415158665575355,-0.5937923825248677
415199,11.329373593843222,-0.5744604406150531
415498,11.82135174257132,-0.6671427310757467
415799,15.237068801820133,-0.9183701358503704
416099,61.83061588966504,-0.5830764813731812
416398,6.985808580402307,-0.9553073265393275
416699,,
416998,1.509870621659035,
417299,2.558068350374102,0.1439508061621857
417598,56.60906793549606,-0.6221474506559765
417899,1.0434073359504987,0.24462253004301904
418198,,
418499,1.551864902136738,0.3071477332266044
418799,1.0373955059004134,-0.10273309100242889
419098,15.81548578209607,-0.9635136658279899
419399,3.859233004296858,-0.44377697335023614
419698,,
419999,,
420298,1.0658246726397322,-1.1433198757096794
420599,0.9304666347739915,-1.1402562980869604
420898,,
421199,,
421499,,
421798,0.9791557131296238,-3.831102189959359
422099,1.509870621659035,
422398,1.509870621659035,
422699,1.509870621659035,
422998,0.9562757284616641,0.038282273102313025
423299,1.509870621659035,
423598,1.1837962756840708,0.17337605924432564
423899,2.080302344736399,0.19273697644982846
424199,21.072599484063065,-0.46711789888354893
424498,10.7396736890925,-0.3836565016720901
424799,24.34308483510105,-0.5237752466703411
425098,22.399943174353364,-0.4970760370478309
425399,24.194443197638087,-0.5263142622038417
425698,28.93983241746679,-0.4865124251061761
425999,24.43573400755938,-0.6378831864036643
426298,25.180203704959844,-0.7333479795265114
426599,21.69717031877929,-0.6678837445801662
426899,19.08692523774513,-0.6075961800931369
427198,22.81225022376077,-0.5563111616657788
427499,24.813742827893282,-0.5687249029655728
427798,22.708350158456582,-0.7012190097592192
428099,25.09766646656169,-0.5766627929085151
428398,24.785854631670492,-0.6674938932291326
428699,14.337022949652685,-0.45969784318215834
428998,23.940087874693642,-0.5836092588882251
429299,27.110349020664913,-0.5887394890190301
429599,21.028202324260768,-0.5821917470056279
429898,29.498272722793175,-0.612036518313656
430199,33.66918975532327,-0.5884097277689064
430498,34.15648652097618,-0.4705894160867681
430799,29.26160627567757,-0.46052571938937636
431098,35.764965630411695,-0.5093507343393011
431399,32.59654326982464,-0.5390341603914304
431698,27.34260577719132,-0.48169959042331034
431999,24.867164247399657,-0.5380252588642509
432299,4.3194453445943415,-0.13091853114817553
432598,7.479989397725242,-0.22399384603359884
432899,1.0887409770053404,-2.026563309719506
433198,1.655593963183158,0.24685084586038475
433499,,
433798,1.012318233475845,-0.4110906218561403
434099,1.509870621659035,
434398,1.509870621659035,
434699,1.509870621659035,
434999,1.509870621659035,
435298,3.762819739343174,-0.21926365312459795
435599,2.8267357946772074,-0.15164486199817406
435898,5.147400777949539,-0.23853848316171056
436199,2.258505065492022,-0.06861391395940108
436498,2.513223323052207,-0.10377562981965016
436799,1.9323350355985032,-0.03972593503252719
437098,2.2352224660555393,-0.0573759506899425
437399,1.9020083210568361,-0.0016089332251523203
437699,2.511051337235675,-0.03383995997738176
437998,2.2501153889467447,-0.03604532877312239
438299,2.057163366666651,-0.018019718652531713
438598,1.895401668672577,0.002578226773821246
438899,3.0493683031997616,-0.017427552961511994
439198,1.8767751273495215,0.0044443373169019695
439499,2.130615180436466,-0.047769377518774414
439798,1.8755081932961641,0.0069510767396154804
440099,1.9261472661410717,-0.010931399359170202
440399,2.5324327720822994,-0.15652997236300314
440698,1.847218283974405,-0.002052660540781792
440999,1.8756973790230158,-0.00042190592558299933
441298,1.6871605111110952,0.0253978678010931
441599,4.4182522917917,-0.22290389755714757
441898,2.3887015784535715,-0.035540754625158044
442199,2.0551097966967435,-0.06895546157026722
442498,10.131756407027341,-0.17128946239224985
442799,8.609471550791229,-0.12126459877609741
443099,9.93163869677821,-0.1340787324553867
443398,1.9892130214814654,-0.06499399606353418
443699,1.9741672748632935,-0.06526101826389796
443998,1.879045453492923,-0.054049621295099604
444299,1.8931363906505707,-0.06688061134131962
444598,1.649741728252423,-0.021319408216522007
444899,1.821452769254497,-0.0388182842672562
445198,1.7363589203264973,-0.04929866974825026
445499,1.5806598363403856,-0.030059900677773976
445799,1.4526287554839046,-0.01172787996899527
446098,1.412085983088071,-0.005333880101262345
446399,1.3112527468624136,-0.01025008464344146
446698,1.4451086321320525,-0.023114812382333483
446999,1.4301684612477934,-0.024452068509130953
447298,1.4801980821008398,-0.04085396283613307
447599,1.435849497707321,-0.04106012551595595
447898,1.4552044209897288,-0.06015456270274333
448199,1.5442880629376081,-0.06546441694429861
448499,1.451998748127423,-0.05219742099824298
448798,1.507956072498988,-0.08937176283706028
449099,1.760643036311488,-0.11735383819023415
449398,1.852351136136682,-0.13758090971915005
449699,1.8456732625394596,-0.12969911199553108
449998,1.83415004498159,-0.1448033978724952
450299,1.9229991861065896,-0.16555573186390937
450598,2.6118200991595897,-0.2687358607700683
450899,2.1497245281173023,-0.19624201228343896
451199,3.7312830469582017,-0.2520066867444539
451498,2.327611080437608,-0.2712714251271229
451799,2.3963485114977936,-0.28422788862285
452098,2.469700963666775,-0.30288918832144973
452399,2.3667090092128302,-0.2747567782505598
452698,2.487799816578571,-0.29469286729414623
452999,2.6811750948031086,-0.29052538109236403
453298,2.3317071873809097,-0.2752593793991427
453599,2.6209629950822984,-0.3119501262906319
453899,2.35153918406378,-0.2744154928732272
454198,2.505899896959613,-0.30387028724899734
454499,2.5995335170892426,-0.3177636612611918
454798,3.667575883285979,-0.2850792464417309
455099,2.7367367355099175,-0.2981032438256568
455398,4.523574698634946,-0.10411818127033756
455699,2.621902014267483,-0.3167452809302014
455998,3.2305048511540573,-0.39753970198152233
456299,3.211463722019149,-0.33027764581864294
456599,2.6463808938525104,-0.28623929674834425
456898,2.786979656259292,-0.29973465245603714
457199,3.1282064070389146,-0.3709738769638373
457498,3.3014175312535943,-0.3930819919218522
457799,3.526501969962526,-0.4162941356743226
458098,3.5453028136031315,-0.45398518472616667
458399,3.363234410908687,-0.38398550131494935
458698,3.759598758309126,-0.4381741964656496
458999,3.7271356691795208,-0.43342179965820504
459299,3.5345436211250334,-0.43731547591736164
459598,3.9981995977697986,-0.45002222586640483
459899,3.7162018948392426,-0.44593397094706866
460198,3.807867219017483,-0.446805895662884
460499,4.080461034994334,-0.4733859837718324
460798,4.201990155133224,-0.49234486326965277
461099,4.427368405695723,-0.5170951973453939
461398,4.788883356823037,-0.5504003008786906
461699,5.2233266342072975,-0.5525541151729858
461999,5.563491359790632,-0.610074939046807
462298,5.352716928397113,-0.5762510796414777
462599,6.160960614927205,-0.6117772125419121
462898,6.040069824796164,-0.6566408524990233
463199,6.14247560286239,-0.6237780318690687
463498,6.134759209665632,-0.6559252674436642
463799,6.783964433478131,-0.6407439225642582
464098,6.503847608357762,-0.6364128371102558
464399,6.032626610913316,-0.6551231043938073
464699,6.729375544700353,-0.6390224830262494
464998,20.016044106259947,-0.3337746612696786
465299,5.797915462186465,-0.58471431859704
465598,5.779782290788316,-0.5705896587466859
465899,11.364946797477538,-0.4511443882149948
466198,7.765381445970593,-0.6303555629873681
466499,4.184211277004662,-0.34079847571954613
466798,6.982135627474489,-0.07876281260384266
467099,11.638750543996057,-0.3227822589195284
467399,22.878301921669667,-0.3237763393707025
467698,27.764224180132633,-0.4152648466639657
467999,8.44290436121365,-0.40004237266389353
468298,8.054033714975224,-0.26186124709645253
468599,9.905001598778464,-0.3516731298890603
468898,17.825519771959016,-0.3264473219819206
469199,40.30369484997059,-0.4194872410938104
469498,50.18042271813957,-0.4658519458626931
469799,24.26374491625995,-0.5099255303727976
470099,19.61816828979698,-0.5063378026663692
470398,8.521568367829392,-0.49508984044241755
470699,21.341941937023833,-0.6536938218560908
470998,16.230246444081708,-0.36961293615892443
471299,8.64800782953598,-0.4925234166282182
471598,6.776345455431022,-0.42905028339524054
471899,3.1502519338793227,-0.0618426504783669
472198,12.857040966956705,-0.34838887028939247
472499,1.509870621659035,
472799,1.509870621659035,
473098,1.509870621659035,
473399,1.509870621659035,
473698,1.509870621659035,
473999,1.509870621659035,
474298,1.509870621659035,
474599,1.509870621659035,
474898,1.509870621659035,
475199,1.509870621659035,
475499,1.509870621659035,
475798,1.509870621659035,
476099,1.509870621659035,
476398,0.9160043660509198,-1.5474887445125747
476699,,
476998,13.101684328140871,-0.5025759616573384
477299,4.771049485369932,-0.13011827875670923
477598,5.352666825028859,-0.14617469513903547
477899,2.0713318449679385,-0.024561722678799747
478199,2.012974868018864,-0.02179617520457322
478498,1.870710954352198,0.01280043979026646
478799,1.907915947588309,-7.93757795456429e-05
479098,1.7749779818244198,0.02016118987050497
479399,1.6503323267711794,0.043631095887597726
479698,1.5943988121716421,0.06374780484886033
479999,1.5169063681276609,0.06378106068179534
480298,1.5542841460998829,0.06006113493383025
480599,1.5967140658684018,0.041872652032043156
480899,1.3200485066693275,0.10064989805226165
481198,1.6907378387040497,0.0281746053106795
481499,2.10501381881259,-0.02341969563302171
481798,1.735084181896179,-0.0019376276181819474
482099,1.84137155011021,0.04354521704866787
482398,1.8059479405975682,-0.02854047631055301
482699,1.774884515037267,-0.01813569295107942
482998,1.7333897870607715,-0.02530403388457292
483299,4.120926643566578,-0.21540316181588737
483599,1.9573555779956,-0.06247168194451569
483898,2.64048727352629,-0.14548475008179862
484199,1.8912108607408489,-0.07994926165749616
484498,1.957803016007603,-0.022615421193831864
484799,1.6297787496818108,0.168823512139878
485098,1.9632246391685446,0.11237472606222598
485399,24.910306861838624,-0.2635590553174445
485698,2.2428744738378796,0.2509360193828978
485999,58.39207473622985,-0.4436635121104546
486299,53.195111666271515,-0.5231107882919424
486598,28.291326579195132,-0.5041776259631923
486899,40.573454489794806,-0.20931934557652832
487198,38.036417537422125,-0.20535909696124577
487499,29.21399846870222,-0.24040047370032247
487798,29.025367168516905,-0.258064875806175
488099,36.58652770027152,-0.32087267359439275
488398,43.77150178166273,-0.38587997820140085
488699,49.906347878921956,-0.3226339143088901
488999,59.66233529275067,-0.2799471317408866
489298,40.218553926141894,-0.32847673236239294
489599,41.68841906849604,-0.3560026509169576
489898,54.66069544175067,-0.33254504330184886
490199,55.68401865748448,-0.2856390002194369
490498,47.60285289458399,-0.34283306830374793
490799,48.01944521718585,-0.33224351924775664
491098,57.154164894713645,-0.348169001559022
491399,45.29654284817661,-0.4002594356634688
491699,42.26853602518356,-0.37729650354658784
491998,65.32830488361644,-0.3714807397783033
492299,75.3736705598456,-0.4804334997901041
492598,94.95446453629467,-0.3382015784776984
492899,71.17083779514883,-0.3961617805188784
493198,18.85365570390115,-0.37446339107250415
493499,23.654155977311802,-0.4874388759050141
493798,1.509870621659035,
494099,1.509870621659035,
494399,1.509870621659035,
494698,1.509870621659035,
494999,1.509870621659035,
495298,1.509870621659035,
495599,1.509870621659035,
495898,1.509870621659035,
496199,1.509870621659035,
496498,1.509870621659035,
496799,1.509870621659035,
497099,1.509870621659035,
497398,1.509870621659035,
497699,1.509870621659035,
497998,1.509870621659035,
498299,1.509870621659035,
498598,1.509870621659035,
498899,1.509870621659035,
499198,1.509870621659035,
499499,1.509870621659035,
499799,1.509870621659035,
500098,1.509870621659035,
500399,1.509870621659035,
500698,1.509870621659035,
500999,1.509870621659035,
501298,1.509870621659035,
501599,1.509870621659035,
501898,1.509870621659035,
502199,1.509870621659035,
502499,12.932092078898835,-0.5334036832509967
502798,5.025654958607736,-0.4795660422455754
503099,5.731912834417946,-0.5050666741808352
503398,7.504438420262853,-0.6825397936925686
503699,5.394241848941094,-0.5800734720168284
503998,5.550473235577669,-0.5468229194229075
504299,8.484351073595594,-0.6563262429572452
504598,13.81856290246947,-1.076584123480893
504899,40.87799925874838,-0.7701802717317883
505199,30.819880594185875,-0.5884931738104187
505498,1.509870621659035,
505799,,
506098,,
506399,1.509870621659035,
506698,1.9833856680116755,-0.06969935881481115
506999,,
507298,,
507599,,
507899,1.509870621659035,
508198,1.509870621659035,
508499,1.509870621659035,
508798,1.509870621659035,
509099,1.509870621659035,
509398,1.509870621659035,
509699,1.509870621659035,
509998,1.509870621659035,
510299,1.509870621659035,
510599,1.509870621659035,
510898,1.509870621659035,
511199,1.509870621659035,
511498,1.509870621659035,
511799,1.509870621659035,
512098,1.509870621659035,
512399,1.509870621659035,
512698,1.509870621659035,
512999,1.509870621659035,
513299,1.509870621659035,
513598,1.509870621659035,
513899,1.509870621659035,
514198,1.509870621659035,
514499,1.509870621659035,
514798,1.509870621659035,
515099,1.509870621659035,
515398,1.509870621659035,
515699,1.509870621659035,
515999,1.509870621659035,
516298,1.509870621659035,
516599,1.509870621659035,
516898,1.509870621659035,
517199,1.509870621659035,
517498,1.509870621659035,
517799,1.509870621659035,
518098,1.509870621659035,
518399,1.509870621659035,
518699,1.509870621659035,
518998,1.509870621659035,
519299,1.509870621659035,
519598,1.509870621659035,
519899,1.509870621659035,
520198,1.509870621659035,
520499,1.509870621659035,
520798,1.509870621659035,
521099,1.509870621659035,
521399,1.509870621659035,
521698,1.509870621659035,
521999,1.509870621659035,
522298,1.509870621659035,
522599,1.509870621659035,
522898,1.509870621659035,
523199,1.509870621659035,
523498,1.509870621659035,
523799,1.509870621659035,
524099,1.509870621659035,
524398,1.509870621659035,
524699,1.509870621659035,
524998,1.509870621659035,
525299,1.509870621659035,
525598,1.509870621659035,
525899,4.707774475588546,-0.3232393480793676
526198,4.5260465051291945,-0.22108598105042176
526499,5.247990692062344,-0.17828897188705595
526799,4.372258237218059,-0.1809021326708593
527098,3.6707017916208367,-0.24952169494850351
527399,3.0545146587916516,-0.1918364227977869
527698,2.9375570329225784,-0.16648262752013387
527999,4.214054932205887,-0.3456132979417619
528298,2.80618385669804,-0.154049403986811
528599,2.6746633775753548,-0.15053275986419923
528898,4.552414733154058,-0.4291389530354546
529199,18.079689910952073,-0.3786661743047002
529499,15.105832064190501,-0.3886746280666946
529798,3.1695917403967693,-0.1859866327924784
530099,8.94190834396701,-0.44340086000400736
530398,17.815840981866433,-0.31406244337407174
530699,3.1896698647803308,-0.15669326077993784
530998,2.112477276554522,-0.05658035883713475
531299,2.88395806725348,-0.23289241998499421
531598,2.5374915543368126,-0.21835128276562998
531899,3.8091268040816493,-0.28846191910134933
532199,3.0756644868216267,-0.0898598015716583
532498,3.062434425387853,-0.08321398590421647
532799,2.841029371974177,-0.049345366164913695
533098,13.753900812211334,-0.19950546332116637
533399,2.1127742949976027,0.007621433982429648
533698,1.7557298695170283,0.024913972216310865
533999,1.7299774903880951,0.030183664951786704
534298,1.828231625333618,0.027796180648936852
534599,1.9164116224782566,0.022966606571116488
534899,1.7028048618405627,0.03480581767935709
535198,1.925933185175794,0.03440618667531059
535499,1.78328954564756,0.04128104557074952
535798,1.6657936117424674,0.03976889015839313
536099,1.5941565964160782,0.018299135700111546
536398,1.673495886321171,0.020018900947975427
536699,1.761489818312608,-0.029500510748923237
536998,1.6056853461656546,0.01152288538184787
537299,2.4120278629629954,-0.2106613670683979
537599,7.582180179734741,-0.46355484183514273
537898,47.44629739092661,-0.805667316144735
538199,61.75291443391966,-0.7590737111354093
538498,65.56685450853078,-0.7307189642478373
538799,74.55146227447753,-0.630571897365318
539098,66.1081090245493,-0.635143830434177
539399,41.39093085480162,-0.784052587142033
539698,44.765014126931234,-0.8634441970252744
539999,63.94818743977383,-0.7298276000113757
540299,2.3530223310729976,0.09715376853771862
540598,1.509870621659035,
540899,0.8719692404768382,-1.7667103009667677
541198,0.99759686757465,-3.0683781659428533
541499,21.091098114115155,-0.6371983559393468
541798,16.85342987572291,-0.6036181453339762
542099,54.08656401983402,-0.5240654020314892
542398,32.29052320871597,-0.48413108533384364
542699,9.282516056697425,-0.2928760208237777
542999,4.737819257176438,-0.12143543932185241
543298,2.9504663293853706,-0.0435631806367045
543599,6.08639441909791,-0.14512520686573138
543898,5.931319161519205,-0.04873435066668441
544199,1.4059933413672607,-0.07554011858105092
544498,2.279229836174891,-0.1214849157884259
544799,1.290858894718848,0.33091684245390696
545098,1.7105484684735022,-0.051660641125122586
545399,1.3524019577489408,0.17322364804987156
545699,2.333772547350224,0.12471920292399485
545998,2.0602019121262565,0.17893644653444296
546299,3.063820344632632,0.06090242299689219
546598,1.1829259921786406,-0.12580658117593346
546899,2.1683147952333592,0.11468604663241533
547198,1.2959942155012796,0.06236144402935695
547499,1.5763386968432798,0.253571137713265
547798,1.849792660885516,0.0382646746413462
548099,0.9259356947306867,0.10420522753861439
548399,1.0570898064758165,0.23432354974423564
548698,0.9177793176091961,0.06244998197865825
548999,1.111468192463236,0.14168744652353737
549298,1.0673873479637863,0.030961008642420684
549599,5.97691527395439,-0.031528244288582696
549898,1.2635434734983435,0.23508533063602288
550199,1.3030559314564183,0.013932492347575653
550498,1.3402601251091961,0.02740449608050033
550799,1.2555739839207078,0.03616136246734858
551099,1.321582970679544,0.04179303488288044
551398,1.4171462573878768,0.018242260783152275
551699,1.4658693949329782,0.058576792601885974
551998,1.5450776205927008,-0.013655742978404106
552299,1.7956213927431637,-0.07097201626298166
552598,2.0396105794376087,-0.10284070181019112
552899,2.27400980666422,-0.13825392695106342
553198,2.5737395362058866,-0.18571804710701523
553499,2.6525641891017195,-0.19145371096462704
553799,2.6696331440091274,-0.19546184844018177
554098,2.8493961419929237,-0.21951116789961866
554399,2.891653689117923,-0.2227151231230322
554698,2.927874322893386,-0.22092587872662928
554999,3.07524438002996,-0.24932640111516946
555298,3.156315530898016,-0.2559819203372842
555599,3.4824669554373675,-0.29542255583784205
555898,3.4505182782578796,-0.3066655663686515
556199,3.4644230350739416,-0.29249161467247364
556499,21.006955529694114,-0.1954213003332108
556798,1.509870621659035,
557099,1.509870621659035,
557398,1.509870621659035,
557699,1.509870621659035,
557998,1.509870621659035,
558299,1.509870621659035,
558598,1.509870621659035,
558899,1.509870621659035,
559199,,
559498,1.0949008506805495,-5.056943703908101
559799,23.373321443031145,-0.49241494020500975
560098,13.342575611156036,-0.3451851334094258
560399,1.509870621659035,
560698,1.0563575360039035,0.1384275394608786
560999,0.9711538796302208,-0.09045570469945563
561298,1.509870621659035,
561599,1.509870621659035,
561899,1.509870621659035,
562198,1.509870621659035,
562499,1.509870621659035,
562798,23.94927056145555,-0.38670151298781974
563099,70.89331936249873,-0.46869906778829695
563398,1.509870621659035,
563699,1.509870621659035,
563998,1.509870621659035,
564299,1.509870621659035,
564599,1.509870621659035,
564898,1.509870621659035,
565199,1.509870621659035,
565498,1.1239809095297335,0.42171144162045815
565799,3.292100857501879,-0.1547206966048762
566098,2.6685144460489583,-0.1107126806980312
566399,2.684184491123967,-0.11850798856352118
566698,2.6424454467040506,-0.09298380530036487
566999,2.813225735886139,-0.09980233474840672
567299,2.5296947208452543,-0.06463636438971587
567598,4.547061746242724,-0.09009358765085618
567899,3.532644690968849,-0.03648701561953738
568198,2.184528305551272,-0.05703271890390993
568499,2.1308991772434016,-0.036666275104315416
568798,2.0479184992109944,-0.029244762519385237
569099,1.9439651961207163,-0.01397765348790414
569398,2.00655357765773,0.08110667153855988
569699,8.10429833700063,-0.17511044974234213
569999,3.4599957576831004,-0.12762482059071245
570298,3.1716555083587137,-0.174951903170109
570599,2.2959206446841516,-0.10636259691867322
570898,2.198640154472568,-0.08891773217666499
571199,2.2228689519621696,-0.10832989462165532
571498,2.367911994834854,-0.13917979414665882
571799,5.735895677158094,-0.3295188265531195
572098,2.5227670045787374,-0.1867632908027046
572399,2.839300645791905,-0.2699324444086164
572699,2.536092195031614,-0.16982120438918957
572998,3.6741650770428316,-0.2883837558429736
573299,2.664136114261491,-0.24219664265465934
573598,2.568952406283548,-0.23636740361154485
573899,2.6688377423810157,-0.19858471809225509
574198,2.109891416675392,-0.09383956312287012
574499,2.1634500699508554,-0.08370702844019107
574798,1.8959990361337253,-0.05410801047548919
575099,1.9028729995295588,-0.06689196094316552
575399,2.1537058881788274,-0.13897917893337675
575698,2.073524114366142,-0.08924464839621837
575999,1.7754281460226142,-0.03701155532403644
576298,1.7527179491785256,-0.035929065369445956
576599,1.7601325789967754,-0.0495012550915892
576898,1.5314474665674143,-0.002516580785977496
577199,1.65653278300372,-0.03271026077415895
577498,1.4568661288396274,0.003916825997651419
577799,1.3707061636113957,0.021169831014659524
578099,16.26380714192428,-0.3019917648215129
578398,10.614301356582645,-0.24854882088406605
578699,8.444479124308707,-0.2729032489391434
578998,75.57074488229468,-0.33180575195373874
579299,58.50585984535482,-0.2948253934857088
579598,1.509870621659035,
579899,1.509870621659035,
580198,1.509870621659035,
580499,1.509870621659035,
580799,1.509870621659035,
581098,1.509870621659035,
581399,1.509870621659035,
581698,1.509870621659035,
581999,1.509870621659035,
582298,1.509870621659035,
582599,1.509870621659035,
582898,1.509870621659035,
583199,1.509870621659035,
583499,1.509870621659035,
583798,1.509870621659035,
584099,1.509870621659035,
584398,1.509870621659035,
584699,1.509870621659035,
584998,1.509870621659035,
585299,1.509870621659035,
585598,1.509870621659035,
585899,1.509870621659035,
586199,1.509870621659035,
586498,1.509870621659035,
586799,1.509870621659035,
587098,1.509870621659035,
587399,1.509870621659035,
587698,1.509870621659035,
587999,1.509870621659035,
588298,1.509870621659035,
588599,1.509870621659035,
588899,1.509870621659035,
589198,1.509870621659035,
589499,6.858698213669668,-0.5106495243943732
589798,11.14047390062337,-0.9349828514477516
590099,25.595419227206705,-1.1499350476970975
590398,22.010409219479854,-1.1900006525035076
590699,18.620277212709023,-1.267811588795821
590998,5.631550894362367,-0.8057015993740133
591299,5.531897652387205,-0.454433581579218
591599,3.6199119230166037,-0.3083466885897086
591898,3.472926563773547,-0.281530195973992
592199,3.618688928586927,-0.382315275330916
592498,3.2964874474890564,-0.35944214532329166
592799,15.077770393390766,-0.8923203338318157
593098,15.760417805199763,-1.231550157738599
593399,3.561634658220677,-0.3584591445243359
593698,32.25186647476226,-1.0951548138829708
593999,,
594299,1.509870621659035,
594598,1.509870621659035,
594899,1.509870621659035,
595198,1.509870621659035,
595499,1.509870621659035,
595798,1.509870621659035,
596099,1.509870621659035,
596398,1.509870621659035,
596699,1.509870621659035,
596999,1.509870621659035,
597298,1.509870621659035,
597599,1.509870621659035,
597898,1.509870621659035,
598199,1.509870621659035,
598498,,
598799,,
599098,,
599399,,
599699,,
599998,,
600299,,
600598,1.509870621659035,
600899,1.509870621659035,
601198,1.509870621659035,
601499,1.509870621659035,
601798,1.509870621659035,
602099,1.509870621659035,
602399,1.509870621659035,
602698,1.509870621659035,
602999,1.509870621659035,
603298,1.509870621659035,
603599,1.509870621659035,
603898,1.509870621659035,
604199,1.509870621659035,
604498,1.509870621659035,
604799,1.509870621659035,
605099,1.509870621659035,
605398,1.509870621659035,
605699,1.509870621659035,
605998,1.509870621659035,
606299,1.509870621659035,
606598,1.509870621659035,
606899,1.509870621659035,
607198,1.509870621659035,
607499,1.509870621659035,
607799,1.509870621659035,
608098,1.509870621659035,
608399,1.509870621659035,
608698,1.509870621659035,
608999,1.509870621659035,
609298,1.509870621659035,
609599,1.509870621659035,
609898,1.509870621659035,
610199,1.509870621659035,
610499,1.509870621659035,
610798,1.509870621659035,
611099,1.509870621659035,
611398,1.509870621659035,
611699,1.509870621659035,
611998,1.509870621659035,
612299,1.509870621659035,
612598,1.509870621659035,
612899,1.509870621659035,
613199,1.509870621659035,
613498,0.6877838327146985,-0.7008942377949121
613799,5.085201319722852,-0.49296939359352665
614098,11.299469177753004,-1.0605213959848316
614399,3.0483520963670214,-0.2009967002117108
614698,2.9409012403392434,-0.18702239206617688
614999,3.0659539528461885,-0.1833519668178074
615298,2.992506132508226,-0.17013098116904124
615599,3.0154289644711882,-0.18371281835662212
615899,2.773310637522114,-0.15479693609850398
616198,2.6626864039094755,-0.0034197825204862475
616499,2.694994890436466,-0.1579036581782607
616798,2.540318400246651,-0.12678909045910913
617099,2.412085321363459,-0.09089586964612062
617398,3.31478938940336,-0.04617636795642577
617699,2.1761599615290583,-0.09101574083094044
617998,3.748714062031349,-0.14456879034100045
618299,2.227449231172577,-0.0825213851135791
618599,2.2751000778524344,-0.05473859023583194
618898,2.2291595727489657,-0.09751543404551799
619199,2.2771754130452626,-0.09490202540733916
619498,7.776466850435873,-0.32948961374677266
619799,2.135019890594114,-0.11666602217387334
620098,2.2039534251612434,-0.1284698946577889
620399,2.396068049848503,-0.14947075418631894
620698,2.054383833756978,-0.09254064107995075
620999,2.1790986907070438,0.16943392011031488
621299,2.001646089312901,-0.07632815328085552
621598,1.956633730773549,-0.07293289471177755
621899,2.0299211750593913,-0.09269957217531877
622198,1.9925706455570769,-0.06243107339786791
622499,7.225921791400026,-0.4063409865414369
622798,1.9113296461333635,-0.06082912235075688
623099,6.0142619572797615,-0.7235684996820073
623398,1.88754083503371,-0.041147479764037875
623699,1.8406908069310215,0.14632072811550312
623999,1.8551038766772285,-0.07518860013630846
624298,1.9549392203869753,-0.09443208117657775
624599,2.082358264699182,-0.12567390056365468
624898,2.00983331622233,-0.11993293913374115
625199,2.089328847661024,-0.11940751396787763
625498,2.1288203227452382,-0.1166861755305042
625799,2.05558148196658,-0.11115348307464945
626098,1.943518498082321,-0.0776691835319323
626399,1.9177895833276917,-0.06947897577721585
626699,1.7831770260927007,-0.04751350259123699
626998,19.931097091694006,-0.2752182945699453
627299,23.659814443396517,-0.44052086434533844
627598,59.29924811901919,-0.8349549294829874
627899,1.509870621659035,
628198,1.509870621659035,
628499,1.509870621659035,
628798,29.018172653100223,-0.44318087711274745
629099,11.435631325231043,-0.09445367539459082
629399,7.459935926797552,-0.31931069314554694
629698,25.147708275516894,-0.8437294240728244
629999,27.304513833827077,-0.701325553677792
630298,24.494249368887257,-0.6126954235087576
630599,0.8425185107171883,-0.9574458212579273
630898,,
631199,1.509870621659035,
631498,18.08332724549143,-0.5699675570159908
631799,25.687909021181245,-0.5056319409668659
632099,13.264013619331706,-0.7282440125671636
632398,25.942790639718282,-0.3427188394794676
632699,21.401208986519208,-0.34294857135780044
632998,16.326322992095594,-0.6119849358670924
633299,7.329949924827076,-0.6588355692210475
633598,4.560319080551556,-0.808076094258805
633899,24.29488357622059,-1.1737535857978427
634198,3.9815121577506307,-0.3868331077391767
634499,2.737832309997248,-0.24265108675493763
634799,2.427989986123315,-0.46300711957988017
635098,3.7278855760342853,-0.09327074825441772
635399,2.646878017784285,-0.23275097016159219
635698,2.2839120909494732,-0.34333643970468164
635999,4.0649239484903035,-0.4746621874625241
636298,3.8744409483398408,-0.40601656388230434
636599,8.05712421789709,-0.8773598607913802
636898,4.048333608364706,-0.6525241558434591
637199,6.549982132840964,-0.6853320673737173
637499,4.38434744452271,-0.614400380857899
637798,4.831866827928871,-0.5736113169056807
638099,3.63413355289189,-0.579934510234303
638398,6.049066327206706,-0.7276404877345384
638699,52.034169442482174,-0.3746663226391935
638998,128.4196821276743,-0.10842294053363677
639299,4.200291791850793,-0.012519629977881364
639598,0.9010434974992789,-1.9231681794540516
639899,0.6957010602338873,0.6308432697749293
640199,2.771337173927804,-0.07135640383591202
640498,4.992376351684127,-0.3093195797994348
640799,6.807384464535978,-0.24015061927705617
641098,4.047448297754192,-0.1993048857709916
641399,3.155102478920261,-0.3136783576211182
641698,5.829629392073637,-0.37046877113443455
641999,3.997332014644686,-0.001236443539437193
642298,2.3531398980179112,0.16757214320723668
642599,43.12525589213726,-0.5261714889664317
642899,81.16956441662337,-0.5581971057461115
643198,3.503842890378007,-0.3236805181396667
643499,4.276758739136443,-0.45082560455147314
643798,5.136271766856044,-0.5040901974773533
644099,6.453928158462525,-0.5149206130702251
644398,4.677818930529961,-0.41129042521033865
644699,4.535391310467461,-0.37549774404077385
644998,4.6940160335207,-0.4034058932648241
645299,4.785784386115609,-0.37415363053963535
645599,5.72616166171283,-0.3265018984796273
645898,4.589858429490608,-0.35200108642940453
646199,5.736830715062369,-0.3349341416442315
646498,6.15258576724665,-0.3630941529464893
646799,6.835201299953266,-0.37452039117217195
647098,7.829685992515767,-0.36865259279340035
647399,7.511339835911599,-0.3811577478623869
647698,7.36854516327734,-0.36375446801130584
647999,6.9940542566616,-0.35466562986228745
648299,8.702894189578267,-0.3813236563842486
648598,12.718053655190502,-0.36469853973312283
648899,11.296479276921982,-0.37994501312644036
649198,9.407195286810872,-0.4736085632844018
649499,23.191950061104855,-0.24240045639112306
649798,38.15169072437105,-0.38821541026725415
650099,26.18433782708633,-0.4356033703272668
650398,52.06920315197985,-0.4138682215185354
650699,39.299706257169674,-0.3724802238137972
650999,44.78296615641503,-0.26809770412485556
651298,37.30694677954003,-0.35641991760828073
651599,3.9507042010380236,-0.021586079515868883
651898,1.509870621659035,
652199,1.509870621659035,
652498,1.509870621659035,
652799,1.509870621659035,
653098,1.509870621659035,
653399,1.509870621659035,
653699,1.509870621659035,
653998,1.509870621659035,
654299,1.509870621659035,
654598,1.509870621659035,
654899,1.509870621659035,
655198,1.509870621659035,
655499,1.509870621659035,
655798,8.426643113699704,-0.25558451112899205
656099,6.869471050641834,-0.1881760324409254
656399,6.454067044794668,-0.2023332800061477
656698,3.615356265478731,-0.22889750923018148
656999,3.3468905983166937,-0.21397678906699946
657298,3.217969179371535,-0.23139253497721213
657599,2.9883652783577626,-0.17163601819651952
657898,2.5818346400799843,-0.10874911590850633
658199,4.10260339459986,-0.3293178708856883
658498,7.396923729859846,-0.371169047548368
658799,7.7106181432807785,-0.4754034173464943
659099,7.5902007609949225,-0.31999691544094766
659398,12.324946406101184,-0.3537693018842585
659699,8.784099725262307,-0.323492633694475
659998,6.106729180938883,-0.4013408876614999
660299,6.407725663271661,-0.4655964074059409
660598,6.163805803674439,-0.4683346067008194
660899,5.3972551064963135,-0.4657520028298183
661198,5.0756634453134435,-0.46479196395664757
661499,5.046523010417013,-0.4547272256213297
661799,7.922638820109654,-0.5854354111822389
662098,7.108886209942957,-0.5404340476496159
662399,13.514226711915036,-0.5416333441502239
662698,9.77926616938032,-0.5721959888288468
662999,10.745532784442815,-0.5730580256293527
663298,12.240173206621057,-0.544191251513876
663599,18.998853232746058,-0.5142532070789394
663898,19.61508514540311,-0.5766754321163237
664199,20.89755103658631,-0.5772053012621463
664499,24.40426782535912,-0.5469403552279086
664798,26.870751717511908,-0.5206804649688013
665099,21.37128770846932,-0.5842369171821029
665398,35.283163829948485,-0.4802624124860435
665699,50.075804927978716,-0.6319930202231048
665998,63.421191481193965,-0.5343011215219378
666299,64.42354048405625,-0.485861470965542
666598,52.67188531818228,-0.5152938111250025
666899,59.26238746104572,-0.3896208158760408
667199,28.224112728207874,-0.3798694647465575
667498,32.46419357001343,-0.44044295076434925
667799,1.509870621659035,
668098,,
668399,1.509870621659035,
668698,1.509870621659035,
668999,1.509870621659035,
669298,1.509870621659035,
669599,1.509870621659035,
669899,1.509870621659035,
670198,1.509870621659035,
670499,1.509870621659035,
670798,1.509870621659035,
671099,1.509870621659035,
671398,1.509870621659035,
671699,1.509870621659035,
671998,1.509870621659035,
672299,1.509870621659035,
672599,1.509870621659035,
672898,1.509870621659035,
673199,1.509870621659035,
673498,1.509870621659035,
673799,1.509870621659035,
674098,1.509870621659035,
674399,1.509870621659035,
674698,1.509870621659035,
674999,1.509870621659035,
675299,20.037950555324766,-0.706384219320056
675598,7.80028963687106,-0.9650412170945306
675899,,
676198,4.276942215435873,-0.6051745266802131
676499,9.606933885824704,-0.8898053997578397
676798,17.049423292442818,-0.8550362633374373
677099,20.59591694936643,-1.1476465691683329
677398,12.388932197433556,-1.3846210079925707
677699,11.296410789445076,-0.9244769466748115
677999,8.632123387558556,-1.191025196785906
678298,14.07888737775532,-0.9195381721557041
678599,20.310410430857107,-0.9413513455953875
678898,3.419447707651742,-0.6985335176042748
679199,3.0732308322318813,-0.5250697098202939
679498,2.920419714508225,-0.49891304358799027
679799,4.325094779089243,-0.551699800422077
680098,3.124017423789752,-0.3705794465533776
680399,3.1913916459517893,-0.34857546552402674
680699,3.3972427433255943,-0.3608464542083538
680998,3.698067600892484,-0.3985338411031236
681299,9.830484660884945,-0.5156690530838766
681598,5.6902978930799835,-0.7439445961203188
681899,15.131354693748372,-1.0142388830748708
682198,14.862984399019204,-1.0984297900317768
682499,4.145370622844605,-0.2999391991594713
682798,9.68538766685254,-1.0289602530820687
683099,2.6718850271160712,-0.0851918885888383
683399,17.484906498577075,-1.328864235869852
683698,1.509870621659035,
683999,1.509870621659035,
684298,1.509870621659035,
684599,1.509870621659035,
684898,1.509870621659035,
685199,1.509870621659035,
685498,1.509870621659035,
685799,1.509870621659035,
686099,1.509870621659035,
686398,1.509870621659035,
686699,1.509870621659035,
686998,1.509870621659035,
687299,1.509870621659035,
687598,,
687899,1.509870621659035,
688198,11.134782192929498,-0.39108970607083626
688499,,
688799,,
689098,1.509870621659035,
689399,1.509870621659035,
689698,1.509870621659035,
689999,,
690298,,
690599,,
690898,,
691199,,
691499,,
691798,,
692099,,
692398,,
692699,,
692998,,
693299,1.509870621659035,
693598,1.509870621659035,
693899,1.509870621659035,
694199,1.135994465564809,-5.232261301839522
694498,1.509870621659035,
694799,1.509870621659035,
695098,1.509870621659035,
695399,1.509870621659035,
695698,1.509870621659035,
695999,1.509870621659035,
696298,1.5824635419075348,0.13186258663541606
696599,1.509870621659035,
696899,1.509870621659035,
697198,8.61366330144976,-0.8780504032041474
697499,23.35999416918565,-1.17896714064097
697798,10.094258016234377,-0.7899557091380769
698099,3.5698692327429233,-0.3240349611978861
698398,3.919544580807738,-0.3694917103195485
698699,4.214493707928109,-0.3290417495843829
698998,4.374881140604034,-0.40500382053734985
699299,5.212046784620402,-0.515970946114144
699599,4.375845622705887,-0.3639451357763417
699898,3.931514393439682,-0.3024933365478586
700199,4.095796026661905,-0.30528049563213977
700498,4.616505951241676,-0.383385425888495
700799,4.846111287286904,-0.37241715641300854
701098,4.748002531270701,-0.3832268210766272
701399,4.9477020786595896,-0.40767939407633813
701698,6.994845227057738,-0.619646870237635
701999,7.292472729555588,-0.6717943184792563
702299,4.695436868954639,-0.4261745727527422
702598,7.303456472136607,-0.6470355869081059
702899,3.9102805859804235,-0.4083329480482041
703198,5.037991412296762,-0.5405937715735742
703499,4.224287823191997,-0.4748409088703125
703798,12.145348006396521,-0.8084743359892128
704099,6.739184857141861,-0.7745077726608449
704398,6.993113206872553,-0.7295934037131064
704699,3.2334826738656086,-0.28490337326387105
704999,3.421260113712831,-0.3447554548015115
705298,3.6455657015901455,-0.36239073305234903
705599,3.456032230548479,-0.31667062108921407
705898,3.3501669165970904,-0.2794206246868167
706199,3.297193841448942,-0.263975846024338
706498,3.096986061085516,-0.22059405469304139
706799,3.2324673653077385,-0.24163663161861137
707098,3.1505445972845902,-0.20689484554142257
707399,3.2584258534257935,-0.22032030197852648
707699,3.392245190948942,-0.2457946587896902
707998,3.2086251766318123,-0.21801480048566813
708299,3.452441540610979,-0.24743337870876614
708598,3.1448898354975534,-0.20408240334149097
708899,2.7194839335114422,-0.19823356302993922
709198,2.819597006814682,-0.2133178297492213
709499,2.861076377050794,-0.209797584456082
709798,2.919759298983664,-0.20694523632138573
710099,3.0001647627452384,-0.1985951455462276
710399,2.990039403689683,-0.18248598335685173
710698,3.163073169110979,-0.1951575802888792
710999,3.152788186583201,-0.20146560409663783
711298,3.1703064749535717,-0.19826347640345765
711599,3.2227667074767203,-0.2010369116938382
711898,3.295088316073942,-0.1913464590270113
712199,9.797286538832898,-0.38705738574227677
712498,3.487404904356349,-0.21761110597483446
712799,3.5909100968771828,-0.23166199190140202
713099,3.6599105754304233,-0.22635348645457287
713398,3.9053260721433865,-0.23463880619061483
713699,4.119466285891072,-0.25401897648144556
713998,4.252632044319312,-0.25583990816181257
714299,4.132790413909591,-0.24697694274414062
714598,4.053236679330887,-0.229540432355682
714899,3.851717253782276,-0.1947659089842344
715198,3.9629348373481585,-0.23810004151512554
715499,3.5768565704443125,-0.18699627802528385
715799,3.5638481399975532,-0.14957760078693827
716098,3.5388884870068122,-0.10585873360680154
716399,3.4760939908936264,-0.13252905848120422
716698,4.40729226562857,-0.2748993373683102
716999,3.4119949889373675,-0.19880666244759237
717298,3.2079339369373674,-0.14968266722934254
717599,3.516815418918849,-0.2206188701279843
717898,3.2326899040808867,-0.1806960035725964
718199,3.5242332235994045,-0.23745848131651992
718499,3.4412428405021824,-0.17703629476612637
718798,3.4127188439234786,-0.18187106888476112
719099,3.431753057170261,-0.1959726376875679
719398,3.763464644056835,-0.24026330767567528
719699,9.658261241104853,-0.35152245612323574
719998,13.634837089713649,-0.44818212104291755
720299,4.1287376511903044,-0.04040189543653727
720598,41.40520561541041,-0.2291051921051266
720899,4.109914188426612,-0.36509436431946285
721199,3.7965141629566492,-0.42431217122052556
721498,3.387403462702669,-0.32183621975486454
721799,3.5950121215244284,-0.3047113637721388
722098,3.622277607533927,-0.25805306943230133
722399,8.097034027846785,-0.41014325978345756
722698,4.042315260478372,-0.29575150625497515
722999,5.034583932536003,-0.4415525794859976
723298,8.94095447613263,-0.38070904318127186
723599,4.667892115158687,-0.48365454007291575
723899,8.56033910310373,-0.37138706477860417
724198,3.484105835539441,-0.3714123571902075
724499,5.337880905528465,-0.20483991760230325
724798,6.287685120610673,-0.22145992194117614
725099,4.345496757830581,-0.4473348236811172
725398,4.126647224184748,-0.3949918438401401
725699,4.168894057596187,-0.38490439729033965
725998,7.934247596704391,-0.5811102613499555
726299,3.843876210941094,-0.33893731768569824
726599,3.8787126480660947,-0.3430999630457938
726898,3.6718377476471127,-0.32077852232758763
727199,3.5704366914966505,-0.30016062235902763
727498,3.3334120236586866,-0.2520097456935899
727799,3.513504275237391,-0.2723984709159555
728098,3.416566654098502,-0.24862099554506667
728399,3.695120958232139,-0.3063584783500841
728698,19.405572627630313,-0.2905296233589534
728999,3.642401931348502,-0.27736656873494314
729299,3.77578178074665,-0.28389143382083404
729598,4.110437445600818,-0.308969397219486
729899,5.376031066972852,-0.5453953200791919
730198,4.511245274379662,-0.31465670208683516
730499,4.318153378237392,-0.30346056168721725
730798,4.624053503612391,-0.2917471437148258
731099,4.624137480704983,-0.30476122451543564
731398,4.8180246696772056,-0.34513273009593837
731699,5.171311514452668,-0.3511789021361045
731999,5.184621315664219,-0.347465462296743
732298,5.493035405779057,-0.3517784615859205
732599,5.720790307273016,-0.32952074399483
732898,5.535422901196627,-0.3286215586188199
733199,5.535533788303109,-0.3024067609033938
733498,5.79623618073135,-0.31458797729543164
733799,5.792415080307738,-0.31190100041760616
734098,5.831830067127184,-0.2878802563212499
734399,5.824871106504497,-0.2866378605038018
734699,6.115023462629497,-0.28868516391141474
734998,6.176729265712831,-0.2800627953649102
735299,6.432644194939682,-0.28493230893941646
735598,6.759953572773017,-0.3033297562607997
735899,6.792875541104035,-0.30440497685920964
736198,6.94854281527996,-0.29799426672360063
736499,7.43247801777996,-0.3114257195829844
736798,7.677537639019797,-0.3173205079351913
737099,7.876406541144799,-0.3245163970039533
737399,8.184207811371648,-0.3417259614863908
737698,8.3389956657073,-0.3375646134323962
737999,8.609639255480447,-0.33709405435831874
738298,8.54749563786239,-0.3172236170297704
738599,8.431537336529056,-0.3072118288278429
738898,8.32508940942489,-0.30799184185326367
739199,8.25204740236239,-0.30564555504394186
739498,8.07611218761239,-0.2839552168336581
739799,8.000391781451256,-0.2842465394694018
740099,7.980768933775333,-0.2816994508652726
740398,8.096651701696626,-0.2979940079643144
740699,8.107229361298478,-0.2902978203566766
740998,7.971692906585513,-0.29324802526049565
741299,8.284773196752182,-0.3109993847991894
741598,8.068307460544446,-0.3074505099394482
741899,7.833561067210515,-0.27424332439871124
742198,8.007806999430425,-0.2741253395644532
742499,7.703710112560054,-0.26620641516753585
742799,7.923774074969775,-0.26209925501097375
743098,7.8335168484657425,-0.28117546374151403
743399,7.894914474319312,-0.25866698679784306
743698,7.673374118328571,-0.235390708642359
743999,7.628607831421162,-0.24393948677831245
744298,7.647216550648131,-0.24369586158701773
744599,7.857313080570027,-0.2704892378156005
744898,7.908870057181021,-0.2931412064818151
745199,15.567929816530778,-0.5113117989230171
745499,8.758889789965743,-0.3753586917047933
745798,5.47481487241036,-0.07131421119696668
746099,7.6753566116610035,-0.3324658127474349
746398,6.925847997898614,-0.33192800610456574
746699,5.714447111766785,-0.28946652221875846
746998,5.380956679613892,-0.3013067313076079
747299,3.63062752107454,-0.26665354399610597
747598,3.782574220444911,-0.270980465495521
747899,3.8961969032018544,-0.2798537126319631
748199,4.026934530674078,-0.2903380003884275
748498,4.1453395251902805,-0.29973583521463887
748799,4.054336101539817,-0.30139859360615784
749098,3.9372172087412056,-0.29564911424888773
749399,3.9068725403291698,-0.2746153376667797
749698,4.744570591140145,-0.343658911600768
749999,4.59284597114167,-0.29571943886964314
750298,4.631721562014356,-0.3094998177829671
750599,4.746597608062965,-0.30117698071542254
750899,4.81286916557454,-0.30468069684299937
751198,5.157129859176392,-0.3203875087963941
751499,5.205722393282874,-0.3168664099542724
751798,5.373120720350004,-0.33317715054429087
752099,5.40018248225741,-0.3359107114212234
752398,5.1756476718361135,-0.30486270407301164
752699,5.217103685910189,-0.3095717348075122
752998,5.160264833991207,-0.27647219197120143
753299,5.229573017618521,-0.27777085374406507
753599,5.978168093082275,-0.3604807188299317
753898,4.470753832020396,-0.21895762973685473
754199,4.480076236830582,-0.22087742484682305
754498,4.722340750544564,-0.22376473557695342
754799,4.8586687578361145,-0.23153279474999966
755098,4.561486089173456,-0.2922359847581961
755399,4.23055360326204,-0.2921932020600855
755698,4.212240229306137,-0.23060955938281102
755999,4.225097811657872,-0.24835622122850087
756299,4.2583581539078725,-0.23920265428537646
756598,4.3068057991277815,-0.2299017775897383
756899,4.449116520037504,-0.23396578762858145
757198,4.441949929271299,-0.2375556273267092
757499,4.2726482010259295,-0.19740511777756775
757798,4.374767366100002,-0.1843164416905383
758099,4.323605891796762,-0.17473546108127436
758398,4.611715590625466,-0.21525203689750882
758699,28.525649609329392,-0.6017668389266748
758999,33.308118642440505,-0.6016623377071926
759298,1.2221151890620774,-1.0557025370677589
759599,,
759898,1.509870621659035,
760199,1.509870621659035,
760498,1.509870621659035,
760799,1.509870621659035,
761098,1.509870621659035,
761399,1.509870621659035,
761699,1.509870621659035,
761998,1.509870621659035,
762299,1.509870621659035,
762598,1.509870621659035,
762899,1.509870621659035,
763198,1.509870621659035,
763499,1.509870621659035,
763798,1.509870621659035,
764099,1.509870621659035,
764399,1.509870621659035,
764698,1.509870621659035,
764999,1.509870621659035,
765298,1.509870621659035,
765599,1.509870621659035,
765898,1.509870621659035,
766199,1.509870621659035,
766498,1.509870621659035,
766799,1.509870621659035,
767099,1.509870621659035,
767398,1.509870621659035,
767699,1.509870621659035,
767998,1.509870621659035,
768299,1.509870621659035,
768598,1.509870621659035,
768899,1.9429386716941421,0.09332961743125501
769198,9.606939256992616,-0.42075726509397615
769499,9.677835953190502,-0.5180081130580181
769799,8.62125062345558,-0.3887694262136068
770098,7.841207796806188,-0.3980359675529068
770399,7.005950359425489,-0.3687574112787553
770698,6.5170107506725765,-0.32575100785696276
770999,20.845516185354853,-0.8972858817528022
771298,12.689373814876877,-0.8906241178821301
771599,32.39349673901514,-1.3083272322648134
771898,,
772199,,
772499,,
772798,,
773099,,
773398,,
773699,1.509870621659035,
773998,,
774299,,
774598,,
774899,,
775199,1.509870621659035,
775498,1.509870621659035,
775799,1.509870621659035,
776098,1.509870621659035,
776399,1.509870621659035,
776698,1.509870621659035,
776999,1.509870621659035,
777298,1.509870621659035,
777599,1.509870621659035,
777899,1.509870621659035,
778198,1.509870621659035,
778499,1.509870621659035,
778798,1.509870621659035,
779099,1.509870621659035,
779398,1.509870621659035,
779699,1.509870621659035,
779998,1.509870621659035,
780299,1.509870621659035,
780599,1.509870621659035,
780898,1.509870621659035,
781199,1.509870621659035,
781498,1.509870621659035,
781799,1.509870621659035,
782098,1.509870621659035,
782399,1.509870621659035,
782698,1.509870621659035,
782999,1.509870621659035,
783299,1.509870621659035,
783598,1.509870621659035,
783899,1.509870621659035,
784198,1.509870621659035,
784499,1.509870621659035,
784798,1.509870621659035,
785099,1.509870621659035,
785398,1.509870621659035,
785699,1.509870621659035,
785999,1.509870621659035,
786298,1.509870621659035,
786599,1.509870621659035,
786898,1.509870621659035,
787199,1.509870621659035,
787498,1.509870621659035,
787799,1.509870621659035,
788098,1.509870621659035,
788399,1.509870621659035,
788699,1.509870621659035,
788998,1.509870621659035,
789299,1.509870621659035,
789598,1.509870621659035,
789899,1.509870621659035,
790198,2.1890859438506913,-0.1288169842779967
790499,6.134822843813187,-0.39789036906785236
790798,4.020969976023614,-0.28770349167894893
791099,4.103569440638108,-0.3079588772706561
791399,4.413232938298456,-0.37427524966201364
791698,4.169598709124868,-0.34266627799949156
791999,5.999977847810872,-0.26823423248920464
792298,4.986413997917133,-0.30415333847191994
792599,7.270647577374218,-0.25720373675662556
792898,5.3538782442350525,-0.3157971623332321
793199,3.6932298056619057,-0.28448079308238694
793498,5.024104200443663,-0.375210350064475
793799,5.463403629700331,-0.444875455148128
794099,5.904262353491371,-0.33124875755226824
794398,4.401745958481946,-0.3686260705110851
794699,4.372518583431021,-0.3668825035742984
794998,4.598448387153243,-0.37997973416083397
795299,4.880040840912503,-0.37786760242851547
795598,4.328040744285188,-0.33895837763793124
795899,5.075614405450608,-0.3634290549766124
796198,4.243150480102317,-0.34167837777305654
796499,4.505892913120836,-0.35417453201117244
796799,4.2219122176549595,-0.3222756504452149
797098,42.36784486296596,-0.37018060378371187
797399,6.4200852488016125,-0.25176136947795746
797698,6.552602614500687,-0.27361305637498523
797999,6.681268278215964,-0.21914464363502306
798298,7.8607871192090215,-0.29824706976630266
798599,3.822474292865608,-0.3307523566621009
798898,4.001789486139355,-0.33486568621995816
799199,4.176285645759726,-0.3357939590479957
799499,4.333677208323291,-0.34617145921781245
799798,4.419245523231947,-0.3242177239200934
800099,5.020600933671141,-0.38574179073275694
800398,4.5039157211781085,-0.29480303784590056
800699,4.900624761725002,-0.29985169177252047
800998,4.933875769993522,-0.30193502781928183
801299,5.347266914810651,-0.2998398224823835
801598,4.951869845597091,-0.22982798389430226
801899,5.390963233053108,-0.2667179808656863
802199,5.535077882576257,-0.26201749153458787
802498,5.687717698615609,-0.2940041326091303
802799,5.573700794810651,-0.444740317449003
803098,4.844329294186718,-0.41995259553343334
803399,4.066846194432737,-0.3485193728200111
803698,4.144726704021299,-0.33624737126305826
803999,3.945010087683335,-0.2513347142646625
804298,4.13323043910172,-0.23997344705009316
804599,4.306788206981947,-0.2534982884904895
804899,4.619208642456485,-0.27005919276567414
805198,5.008554281373152,-0.3103385334640265
805499,5.458986834788293,-0.4365181462791352
805798,15.122102916866428,-0.46538300391631626
806099,100.01760357880393,-0.4588288419274906
806398,50.71486730333865,-0.4098035609227648
806699,1.509870621659035,
806998,0.841349553199096,-0.38616489780501095
807299,1.509870621659035,
807599,1.509870621659035,
807898,1.509870621659035,
808199,1.509870621659035,
808498,1.509870621659035,
808799,1.509870621659035,
809098,1.509870621659035,
809399,1.509870621659035,
809698,1.509870621659035,
809999,1.509870621659035,
810299,1.509870621659035,
810598,1.509870621659035,
810899,1.509870621659035,
811198,1.509870621659035,
811499,1.509870621659035,
811798,1.509870621659035,
812099,1.509870621659035,
812398,1.509870621659035,
812699,1.509870621659035,
812999,11.00966765453541,-0.7367129868262068
813298,9.483467623046925,-0.8658090703562491
813599,9.810532736515764,-0.3981246515359935
813898,4.731411730476414,-0.20044798922145057
814199,4.760428679177803,-0.5014267086828705
814498,6.84948457421484,-0.5232117697266623
814799,5.240929078490304,-0.5142692922542922
815098,5.398465026015766,-0.48482384223228103
815399,5.2123519832171565,-0.45305465980288195
815699,9.137261336382632,-0.5529120158989316
815998,6.420529332148836,-0.6515527413125399
816299,5.836025556225195,-0.4152290855104419
816598,7.061116776204391,-0.6614166785988351
816899,8.535852718871057,-0.7760310225722074
817198,7.476366418354853,-0.7222019276962717
817499,6.595900829394205,-0.594581115155969
817798,7.083875005021464,-0.7534046282235707
818099,6.0722236188491,-0.582199861766143
818399,12.842202926940502,-0.6992323558118188
818698,5.827613904496651,-0.41309500517167597
818999,5.8382261083044975,-0.45416553173398855
819298,6.948577400491428,-0.4625215633657047
819599,5.115129087336929,-0.360260449061903
819898,6.575993172831706,-0.5793496532672264
820199,8.39798365676345,-0.42670581284847287
820498,8.971180945232113,-0.43863174639639313
820799,6.238049154147712,-0.4331331496342101
821099,30.3596627762067,-0.6137796840454504
821398,19.986877681646515,-0.6084516321819211
821699,36.561856307769204,-0.5455653839050856
821998,5.819278702052802,-0.2938513032042771
822299,5.8821810687072995,-0.26990724974911173
822598,6.9921536052142415,-0.30001451913735844
822899,7.3988601545366,-0.30479165168892797
823198,12.640387099836333,-0.41415742933083655
823499,13.97957636519976,-0.31751233506471754
823799,29.504969047352535,-0.5058805981922148
824098,30.856756604968282,-0.4699511849306137
824399,21.091372878378007,-0.4984649362927416
824698,18.859847265912723,-0.42693547271888965
824999,17.342738716067814,-0.40621718547576857
825298,19.240180914903465,-0.4577493639400101
825599,20.338141200743745,-0.46082327441777116
825898,56.758577358581704,-0.6443808075116875
826199,71.70909692813264,-0.6470924385879397
826499,61.691053814912735,-0.6051576649419566
826798,102.15573445834096,-0.6207880010526114
827099,114.84772022343357,-0.4440165391015647
827398,131.13412124445207,-0.5249622213564142
827699,103.8976507940817,-0.5325138057439256
827998,119.18902107185947,-0.4976824372672477
828299,99.2642355461882,-0.5815233132129425
828598,82.14422719894281,-0.4792214518765634
828899,103.847682556628,-0.5835912879864953
829199,72.11073098325299,-0.5232325552710144
829498,31.14752133265809,-0.4517709306426647
829799,56.81146413696134,-0.6431849137221439
830098,55.10503466343587,-0.5645526466692297
830399,68.42977529591735,-0.4635208409370435
830698,58.80260085157013,-0.4918129377126088
830999,62.62825594039652,-0.5345720505553582
831298,70.33562698360254,-0.4388509712694393
831599,53.34495809817893,-0.5084587436783896
831899,65.50259351680855,-0.4981861299004311
832198,48.61653196173449,-0.5633465849284756
832499,44.203863890505325,-0.571278579746469
832798,50.609477723595596,-0.5008872483434681
833099,48.04077162896597,-0.5089291158355997
833398,31.488527895979846,-0.4166723654446467
833699,1.509870621659035,
833998,1.509870621659035,
834299,1.509870621659035,
834599,1.509870621659035,
834898,1.509870621659035,
835199,1.509870621659035,
835498,1.509870621659035,
835799,10.487883090886264,-0.3054161449653914
836098,12.379189691220851,-0.24219122011811312
836399,10.605951371455582,-0.21128070246270503
836698,10.252408302800491,-0.25584282165543826
836999,9.006237111002896,-0.23410258078755053
837299,7.799878664197341,-0.23053595334653632
837598,7.561518631345373,-0.2631578379239321
837899,8.482451082489682,-0.31282595882344855
838198,6.904293325215743,-0.3443876646056019
838499,6.222706411725002,-0.34012156360666723
838798,6.131694542836113,-0.34865349505023735
839099,6.350481261773614,-0.39588793042922754
839398,6.2455532829703735,-0.37250623380799275
839699,6.461616858039817,-0.3871887385629247
839999,6.477191132243522,-0.3942376448423701
840298,6.546680640345375,-0.4080383423783145
840599,6.65080393695417,-0.43172438995900086
840898,6.923515077731946,-0.4387643681722124
841199,7.0799131335629655,-0.43538930276320764
841498,6.8976280592365775,-0.40629202712353574
841799,7.1797269970236135,-0.40028263348017457
842098,9.665162561813185,-0.28875352856103764
842399,8.138908806219469,-0.3115013508517457
842699,7.7223485993646825,-0.34282209125297647
842998,12.710295629810815,-0.29103249444013346
843299,8.821876782586113,-0.3509066758075563
843598,1.509870621659035,
843899,1.1045734992378506,-5.174316698685292
844198,1.0406987928516345,0.3383314020807233
844499,9.66860165212676,-0.3885578286444251
844798,9.796213565947225,-0.34930410228442454
845099,9.943233559239959,-0.3450920434537459
845399,10.170302336905557,-0.32040694015911053
845698,11.059146583000464,-0.3439702607787303
845999,20.409739721787723,-0.3378928110930588
846298,24.771741948132632,-0.20653596083862213
846599,37.65954109096364,-0.21074529034887313
846898,61.086501654433555,-0.2574898431696959
847199,72.1701370780377,-0.26627841425534826
847498,1.5892747642985636,0.23085274841638093
847799,1.509870621659035,
848099,,
848398,,
848699,,
848998,7.702596005687951,-0.21598828668347791
849299,1.509870621659035,
849598,1.509870621659035,
849899,1.509870621659035,
850198,1.509870621659035,
850499,1.509870621659035,
850799,1.509870621659035,
851098,1.509870621659035,
851399,1.509870621659035,
851698,1.509870621659035,
851999,1.509870621659035,
852298,1.509870621659035,
852599,1.509870621659035,
852898,1.509870621659035,
853199,1.509870621659035,
853499,1.509870621659035,
853798,1.509870621659035,
854099,1.509870621659035,
854398,1.509870621659035,
854699,1.509870621659035,
854998,1.509870621659035,
855299,1.509870621659035,
855598,1.509870621659035,
855899,1.509870621659035,
856199,1.509870621659035,
856498,1.509870621659035,
856799,1.509870621659035,
857098,1.509870621659035,
857399,1.509870621659035,
857698,1.509870621659035,
857999,1.509870621659035,
858298,20.111030385886632,-0.5117594212679599
858599,11.136812175779035,-0.8471336121604933
858899,24.0561244827993,-0.7142607369580247
859198,20.33890941492193,-0.7438064610116419
859499,,
859798,0.9971959846467732,-6.20745831655195
860099,,
860398,0.8597129582911642,-4.165972020584506
860699,0.7767509882216076,-2.6398269877763423
860998,,
861299,,
861599,0.8742481533351456,-3.126265123472348
861898,23.764491734572445,-1.337964575188194
862199,17.198916657475223,-1.3340250825772633
862498,13.657822183764939,-0.9959812837384268
862799,0.8975351690353768,0.41845382297826605
863098,0.86118782099711,-1.2042738054070528
863399,22.2999053312993,-0.9710148015780047
863698,1.509870621659035,
863999,1.509870621659035,
864299,,
864598,1.509870621659035,
864899,1.509870621659035,
865198,1.509870621659035,
865499,1.509870621659035,
865798,1.509870621659035,
866099,1.509870621659035,
866398,1.509870621659035,
866699,1.509870621659035,
866999,1.509870621659035,
867298,1.509870621659035,
867599,1.509870621659035,
867898,1.509870621659035,
868199,1.509870621659035,
868498,1.509870621659035,
868799,1.509870621659035,
869098,1.509870621659035,
869399,1.509870621659035,
869699,1.509870621659035,
869998,1.509870621659035,
870299,1.509870621659035,
870598,1.509870621659035,
870899,1.509870621659035,
871198,1.509870621659035,
871499,1.509870621659035,
871798,1.509870621659035,
872099,1.509870621659035,
872399,1.509870621659035,
872698,1.509870621659035,
872999,1.509870621659035,
873298,1.509870621659035,
873599,1.509870621659035,
873898,1.509870621659035,
874199,1.509870621659035,
874498,1.509870621659035,
874799,1.509870621659035,
875099,1.509870621659035,
875398,1.509870621659035,
875699,1.509870621659035,
875998,1.509870621659035,
876299,1.509870621659035,
876598,1.509870621659035,
876899,1.509870621659035,
877198,1.509870621659035,
877499,1.509870621659035,
877799,6.301775806789817,-0.4571221033078998
878098,8.03415001659554,-0.5632902476021062
878399,7.601554793722689,-0.5048175367318759
878698,7.965371495468059,-0.5218504979515923
878999,7.647108873424078,-0.4840294739960216
879298,7.435039026731946,-0.4360225021962816
879599,7.3665159530213,-0.45156639176733115
879898,7.645822136238891,-0.471119851257499
880199,6.791153456123942,-0.4675433612855058
880499,5.354585071389355,-0.43152085295433884
880798,5.877232407977318,-0.4250398151858792
881099,5.250248653461114,-0.4227181244628686
881398,5.768918515035188,-0.41838808165267594
881699,6.787647055139355,-0.4008042111144938
881998,10.414470104183557,-0.32168187705377504
882299,4.876135431558335,-0.3932195288660121
882598,4.917977699850003,-0.42717080271963215
882899,5.042801498625465,-0.4184970116869047
883199,5.028777778803706,-0.39360945767652633
883498,5.835294988198015,-0.4404668096395974
883799,8.252748353239113,-0.4969983332996084
884098,10.054522375589219,-0.28233960499376587
884399,5.60870516570417,-0.3967429808695717
884698,8.786219634766832,-0.3305407144521595
884999,7.9809152391046325,-0.25446924163502227
885298,7.956740219093059,-0.24760616941057623
885599,8.056001699638735,-0.22005909524764466
885899,7.9148549330791695,-0.24561456444746588
886198,8.071644097116206,-0.28787658099847824
886499,7.987851696750466,-0.3258000199778419
886798,8.266778193414817,-0.3030880540023764
887099,8.45913216207917,-0.3250559163518958
887398,8.34513476500741,-0.28880299217950833
887699,8.60609155793102,-0.3696116137196608
887998,9.276994591264355,-0.32218767997812137
888299,10.618569059157872,-0.36324321486383804
888599,13.158339053931243,-0.3249263675210632
888898,7.924779767822226,-0.41652936120569173
889199,7.36077374596343,-0.36425950212846914
889498,8.2837894077713,-0.2690652664095028
889799,8.505327110792132,-0.2608203321702738
890098,8.875020248961114,-0.3126977942303304
890399,9.196037561863893,-0.2731560303293319
890698,9.643392305239058,-0.32276250889130775
890999,10.70290734809328,-0.45328007794306124
891299,10.294135323340907,-0.37899690823505594
891598,9.04576915821947,-0.2722686206274627
891899,12.42789167909791,-0.42392610847935375
892198,9.932746379204335,-0.6148438769165596
892499,10.924685109307433,-0.6765857712453274
892798,11.181809112854799,-0.6422401377222198
893099,12.70907524637337,-0.6443397616075053
893398,11.165950741671983,-0.5928518587805032
893699,9.714539333410407,-0.5638957869029133
893999,11.928542723243744,-0.6007368100677606
894298,11.529880447884945,-0.535529260948671
894599,9.079312087840966,-0.4547453065290741
894898,8.905408958912723,-0.4233821771066222
895199,8.53704197823217,-0.4473507972410238
895498,9.470343074530723,-0.4793971146870002
895799,10.793167287734427,-0.48005617420523694
896098,10.941778703378002,-0.5274718404428513
896399,11.905263535490304,-0.5841789864457239
896699,12.170951158104852,-0.4700349012746923
896998,10.059249990417353,-0.5497559487704273
897299,14.573099537338651,-0.6495999521470182
897598,13.03244445878541,-0.5901119533223451
897899,15.051050280898838,-0.5599904121523906
898198,15.339316357479854,-0.5819953922909342
898499,12.492091058500685,-0.46258132077241787
898798,43.54094068711643,-0.45064146502933955
899099,56.84003476797753,-0.5705023268207581
899399,36.6715451273456,-0.4550229935364445
899698,,
899999,1.509870621659035,
900298,1.509870621659035,
900599,1.509870621659035,
900898,1.509870621659035,
901199,1.509870621659035,
901498,1.509870621659035,
901799,1.509870621659035,
902099,1.509870621659035,
902398,2.9649682627890237,-0.09504119010257073
902699,12.073324726196429,-0.5708402490972944
902998,20.70624458214421,-0.6905640705877742
903299,25.202663885412722,-0.8481077100841736
903598,11.287468015921926,-0.5541878396201461
903899,10.783316328026094,-0.6731674251690474
904198,9.024559455888452,-0.613336405215716
904499,8.976475286138452,-0.5353616272117254
904799,9.470507885798174,-0.5066870123741534
905098,6.832282922293544,-0.6683651912012176
905399,10.789377255365304,-0.5752333129912581
905698,11.118247999275024,-0.6187860011980071
905999,8.27380259099725,-0.6714418546904248
906298,9.8768974264741,-0.6938339973115064
906599,9.167131445894775,-0.7446824224238522
906898,12.64758711729123,-0.6216315893014313
907199,11.912247717921925,-0.7546286556114441
907499,10.567892547126874,-0.688818340189943
907798,13.88082705153078,-0.7941798297257754
908099,12.279371784035412,-0.7509438802243495
908398,21.834728402546986,-0.6419952468484906
908699,40.0653423345655,-0.6743899316139623
908998,13.000075920079334,-0.5066945864494112
909299,7.985659715798174,-0.6877200951267681
909598,9.13447350382939,-0.6432784499409958
909899,23.614507640952077,-0.39479244425099314
910199,5.845840839829368,-0.4258140695054833
910498,11.61910398161762,-0.5463931887434539
910799,7.332409538154033,-0.6319845106762796
911098,12.750349602934746,-0.8136230319967206
911399,22.758157058336334,-0.8755180239627744
911698,29.363017894077082,-1.1911538937604718
911999,6.807510993976415,-0.4695510020767355
912298,6.940962789788915,-0.44440199016990367
912599,7.122325811742619,-0.41892126710128363
912899,7.65326036383984,-0.35515161279275054
913198,8.845538371847688,-0.3412763564567616
913499,9.765221476361576,-0.3191341284498539
913798,9.083077773352318,-0.3422775170188441
914099,8.352085266512853,-0.24652942947610668
914398,8.351259179020701,-0.21141954565395915
914699,9.056861685379495,-0.22615518219080277
914998,10.288033613011443,-0.23586401050197758
915299,10.42980597890959,-0.2323605330222751
915599,10.817913503298477,-0.2275869855664827
915898,11.275607931137042,-0.23829625482707217
916199,12.09725761750419,-0.24142145826055028
916498,10.37150756792489,-0.19250891773615986
916799,10.9384178265832,-0.22789306400901577
917098,11.628515824694313,-0.23207073474739226
917399,11.859336735085513,-0.2318279849946363
917698,12.524343954489707,-0.23598631945344595
917999,12.6919640112235,-0.22984064596591836
918299,13.368190199563777,-0.23882116989564306
918598,15.91670010411934,-0.21504771231589737
918899,15.989992843827666,-0.21759071962431742
919198,17.888995884701856,-0.5554518039488945
919499,14.437245020226722,-0.3754496731324366
919798,16.16365772413936,-0.4610527746301769
920099,16.227248186846783,-0.44840804899840414
920398,17.143092712346785,-0.4024657098304232
920699,17.605958495040632,-0.34275791794445465
920999,22.38586260099956,-0.4728407633607479
921298,20.45576100787919,-0.5328261843971769
921599,19.804422724094472,-0.40527164101121027
921898,22.781273720395397,-0.4856144333228476
922199,0.8997903525752461,-0.4150921144867492
922498,13.741548143585211,-0.4191922061541129
922799,2.984146869234485,-0.02920657313956454
923098,0.8959355438122274,0.4739066987066355
923399,1.509870621659035,
923699,1.509870621659035,
923998,1.509870621659035,
924299,1.509870621659035,
924598,1.509870621659035,
924899,1.509870621659035,
925198,,
925499,1.509870621659035,
925798,,
926099,49.64439176844027,-0.23282450078102523
926399,56.580663374144166,-0.18833830286141096
926698,3.9120581734635453,-0.17700236691226623
926999,4.840638045859377,-0.24531821507464135
927298,5.39764642252373,-0.31187466086212656
927599,5.191958430933451,-0.2740957480823798
927898,5.6337014917298545,-0.3667914694739731
928199,5.446354739507526,-0.33476379515312904
928498,5.768405294667248,-0.396176569573339
928799,5.628097704370835,-0.4092244270989316
929099,5.718262156544564,-0.40197046824770144
929398,5.91702620001667,-0.4445788531315462
929699,6.017999589331601,-0.45277712005996684
929998,19.041754003908093,-0.2432361901843263
930299,5.899049279275928,-0.45129849601590166
930598,6.356705641664818,-0.48733407055299893
930899,6.471410305947225,-0.48219208253631307
931198,7.1100144634350295,-0.5145295561904351
931499,7.160379484687965,-0.5247531721251855
931799,8.238057571741205,-0.5247937038722668
932098,7.644203343981947,-0.5343380148648356
932399,7.361156260722688,-0.5088969997967869
932698,7.013061621326855,-0.5017839832526187
932999,7.244751675606947,-0.5189242136166596
933298,7.817859331222688,-0.5167930652325317
933599,7.615348854725004,-0.5207931601946361
933898,7.6545041877851885,-0.49667564601802106
934199,7.7326972973106525,-0.47691333593982854
934499,7.967648919250465,-0.4498353843132725
934798,8.396843161537502,-0.45485447002559143
935099,9.079975182854632,-0.4464531796528479
935398,9.25091700006528,-0.43511788743680313
935699,9.566046967593058,-0.40231551353273387
935998,10.315570925968057,-0.40950168969960954
936299,10.913727194273612,-0.4312091734161412
936598,11.548370020442595,-0.4231835954292975
936899,12.656792967876878,-0.4582254269341879
937199,13.18518567027734,-0.46446552952342834
937498,28.81534778546133,-0.5256686710184155
937799,12.313836118700952,-0.5802952995438408
938098,31.207684824477536,-0.3499064953380786
938399,38.69629849796596,-0.438949715362436
938698,45.73951774243356,-0.5109654204452072
938999,35.69624515869976,-0.47441974554487043
939298,1.509870621659035,
939599,1.509870621659035,
939899,1.509870621659035,
940198,1.509870621659035,
940499,1.509870621659035,
940798,1.509870621659035,
941099,1.509870621659035,
941398,1.509870621659035,
941699,1.509870621659035,
941998,1.509870621659035,
942299,1.509870621659035,
942599,1.509870621659035,
942898,1.509870621659035,
943199,1.509870621659035,
943498,1.509870621659035,
943799,1.509870621659035,
944098,1.509870621659035,
944399,1.509870621659035,
944698,1.509870621659035,
944999,1.509870621659035,
945299,1.509870621659035,
945598,1.509870621659035,
945899,6.968555443697389,-0.611865992747848
946198,6.772884090014576,-0.4900253238299712
946499,5.314231850110051,-0.4181045463595101
946798,5.016417869860674,-0.3617212422847038
947099,6.532631575847909,-0.3852250231892407
947398,6.998676383704391,-0.47712886122984477
947699,5.259227865112391,-0.32945949279095776
947999,5.793463603779057,-0.42150133517437993
948298,12.856544585832896,-0.7977577134103353
948599,24.883369913752997,-0.6915171384276972
948898,26.634811856104854,-0.6712475521572807
949199,19.107016512836335,-0.7439355743226588
949498,11.736800393203268,-0.683474668456411
949799,1.217045670367087,-0.04024217852111733
950098,10.568124796678926,-0.7704264159725096
950399,1.509870621659035,
950699,1.509870621659035,
950998,15.79805098676226,-1.0086657504991154
951299,7.806972209870237,-0.47356694339829986
951598,6.704547525931242,-0.5009074455268954
951899,12.246869586972311,-0.3183030926448187
952198,9.089510758465966,-0.3237080403604502
952499,1.6732704603937105,0.03179074809834248
952798,4.584592479713053,-0.317025284372888
953099,0.8554016283702383,-0.059716520395379113
953399,1.509870621659035,
953698,1.509870621659035,
953999,1.509870621659035,
954298,1.509870621659035,
954599,1.509870621659035,
954898,1.509870621659035,
955199,1.509870621659035,
955498,1.509870621659035,
955799,1.509870621659035,
956099,1.509870621659035,
956398,1.509870621659035,
956699,1.509870621659035,
956998,1.509870621659035,
957299,1.509870621659035,
957598,1.509870621659035,
957899,1.509870621659035,
958198,1.509870621659035,
958499,1.509870621659035,
958799,1.509870621659035,
959098,1.509870621659035,
959399,1.509870621659035,
959698,1.509870621659035,
959999,1.509870621659035,
960298,1.509870621659035,
960599,1.509870621659035,
960898,1.509870621659035,
961199,1.509870621659035,
961499,1.509870621659035,
961798,1.509870621659035,
962099,1.509870621659035,
962398,1.509870621659035,
962699,1.509870621659035,
962998,1.509870621659035,
963299,1.509870621659035,
963598,1.509870621659035,
963899,1.509870621659035,
964199,1.509870621659035,
964498,1.509870621659035,
964799,1.509870621659035,
965098,1.509870621659035,
965399,12.880343086148835,-0.41895186784655514
965698,20.257775775470595,-0.5545010309621867
965999,5.721155990074181,-0.28018878334561137
966298,6.585104980696868,-0.3214960561626641
966599,6.228493069767506,-0.2692611932331881
966899,6.714284061678108,-0.3864973172992565
967198,7.172532781249867,-0.40535183275972453
967499,7.317222511263757,-0.3668234609182315
967798,7.189336304085517,-0.3805863551941413
968099,7.425462545777645,-0.3230869340762277
968398,7.149737511030202,-0.30896962609069556
968699,6.912067811333201,-0.3010175030889626
968998,7.3207313468913116,-0.28420320312779523
969299,7.294827922298719,-0.275751401648201
969599,8.689504710331706,-0.4877296603133243
969898,6.141559221134368,-0.2919665622620806
970199,6.725524914050769,-0.40578447099570614
970498,6.666677479300794,-0.3559192571530838
970799,5.908190431768627,-0.2781013495169047
971098,6.516713539215144,-0.32672553941636506
971399,6.5511513798216265,-0.3214906748497106
971698,6.078445189578812,-0.28400437981079185
971999,5.973170350306022,-0.37288052011737816
972299,6.349203589507052,-0.27780839693366377
972598,6.512431623902646,-0.30510322800059786
972899,6.270178651020942,-0.29742246405943606
973198,6.542457424185293,-0.2922395713037471
973499,6.7671590679607565,-0.2901982258643143
973798,6.927786251722089,-0.3669656045012586
974099,7.102077974242923,-0.32012957207280945
974398,6.470191135461335,-0.4164339746287675
974699,5.2511347284327385,-0.4169013387174276
974999,7.199793747574761,-0.5472732974297603
975298,6.29666825513241,-0.4699562182207693
975599,6.457158044229633,-0.4949951648090818
975898,6.714101816956484,-0.5052452909372964
976199,7.1203167307018544,-0.5428371959699414
976498,7.346728139009725,-0.5241054050879344
976799,7.055942625812367,-0.5175965617178064
977098,7.4019806921040345,-0.48894563281491465
977399,7.424354030233663,-0.48239189762171786
977699,12.734336893498373,-0.5795909916979352
977998,26.028861271446328,-0.2862007881484232
978299,18.43173193944044,-0.3877297735512373
978598,72.12685892929467,-0.32791342998136197
978899,26.740850870438187,-0.3593273008597859
979198,8.4894706545213,-0.4867648315832327
979499,7.526743079187966,-0.516790484805103
979798,7.836677974435649,-0.5144396966208766
980099,8.355731585663914,-0.5334601522581965
980399,8.618287436515766,-0.5435780576392437
980698,9.162344619381507,-0.5513560204952663
980999,9.8104212140366,-0.5717558505362337
981298,10.172824206638449,-0.5629406853608834
981599,10.797429932471786,-0.5681347403344428
981898,11.479080425913912,-0.555981059008501
982199,11.155843579698635,-0.5436143919031884
982498,11.061678878541228,-0.536632965114868
982799,11.169822520369934,-0.5178689399196632
983099,23.42821288721133,-0.46445841623557294
983398,9.829646871968281,-0.5209352485697378
983699,9.38574269135254,-0.539907594509615
983998,10.30331953400995,-0.5731009447042197
984299,10.92514964485948,-0.5183586946704557
984598,12.022661530270392,-0.5063907425832055
984899,12.30585882835373,-0.4864118689824999
985198,13.146515518962525,-0.47966235931167933
985499,13.900601586212526,-0.4499516029512618
985799,14.425490574775024,-0.4898175955351598
986098,15.126911660015768,-0.49043503024572366
986399,16.297174109119933,-0.4805110160670172
986698,18.803951744840965,-0.5342997843964763
986999,20.00886323702503,-0.4956429049532822
987298,18.73987744063026,-0.481131715067046
987599,17.8761278665366,-0.40499122331606974
987898,28.994333946482172,-0.5673060473226026
988199,39.33151008681319,-0.6327436942174127
988499,39.967629320540034,-0.6584551052962002
988798,29.36795788088726,-0.6526827110845428
989099,0.5287610688381903,0.6916284785683673
989398,1.509870621659035,
989699,1.509870621659035,
989998,1.509870621659035,
990299,1.509870621659035,
990598,1.509870621659035,
990899,1.509870621659035,
991199,1.509870621659035,
991498,1.509870621659035,
991799,1.509870621659035,
992098,1.509870621659035,
992399,1.509870621659035,
992698,19.378766001521523,-1.049197944215377
992999,17.21114467207476,-0.9633210405230646
993298,11.700184698624561,-0.6216765711990628
993599,22.51767520654004,-0.7798970970688632
993899,12.395915446897114,-0.7122420452648577
994198,13.012806030651744,-0.667664191175362
994499,17.559094348021517,-0.8194462412138017
994798,14.288742012970598,-0.692303290397146
995099,12.688777365574134,-0.740006679531082
995398,11.873483531458962,-0.6161340633797621
995699,14.609903432269148,-0.7376240935519429
995998,11.384522647670861,-0.7010026366574524
996299,10.355237378962528,-0.6513512959334677
996599,10.277047087999563,-0.7174098938941607
996898,9.453089206217157,-0.5869924499247541
997199,7.136135714757575,-0.4231641900073839
997498,11.542142946188186,-0.6418947347164743
997799,16.53780793360423,-0.8622437275999961
998098,16.55307490596947,-0.8594903135720877
998399,14.514552587167353,-0.6608440628346608
998698,18.786681236533095,-0.7755561196816516
998999,29.484423918185875,-1.1282839202964325
999299,4.054918703312145,-0.447367896280892
999598,12.62180878817833,-0.6449116129743278
999899,33.2162088458618,-0.6976137820586739
1000198,19.43974856986411,-0.8759147574703701
1000499,26.423987081137263,-0.8993994547475932
1000798,12.273345645601939,-0.4657248134456464
1001099,23.905334094016894,-0.7000693640317472
1001398,20.330450872431243,-0.6169120952134699
1001699,26.82210554904698,-0.5897430611354428
1001999,35.62085306430393,-0.7784513656722969
1002298,3.104791001883951,-0.07428815096940711
1002599,19.583048040461335,-0.6990231320710008
1002898,3.5104729615160113,-0.06110847957781651
1003199,1.8617012574166192,0.1478672862582482
1003498,,
1003799,15.641107825343276,-0.5244701668974345
1004098,24.659617496804287,-0.5901752085800429
1004399,,
1004699,1.509870621659035,
1004998,1.509870621659035,
1005299,29.326092241361795,-0.7190840397050724
1005598,30.901104108947443,-0.5213769355454008
1005899,22.559827869962582,-0.5828116115615487
1006198,17.832354688240304,-0.38606700251023707
1006499,19.538454373353726,-0.43003893182594677
1006798,18.367350239284285,-0.4388659168294462
1007099,20.336868344836333,-0.4120153940515714
1007399,19.993220835221187,-0.3774391345066499
1007698,60.91424186896596,-0.3904086760733403
1007999,22.75318084729004,-0.5186474487835138
1008298,47.343946946880315,-0.4865030303501743
1008599,17.838728473851884,-0.3448799201288737
1008898,17.694042192959017,-0.47309575649440583
1009199,32.5249643806905,-0.45126737372342807
1009498,31.695076816391893,-0.49269654403403007
1009799,55.93514318760023,-0.48202831975208893
1010099,37.92437156121134,-0.52648642671063
1010398,5.95281791024586,-0.20430109326408075
1010699,1.509870621659035,
1010998,,
1011299,1.509870621659035,
1011598,1.509870621659035,
1011899,,
1012198,,
1012499,,
1012799,,
1013098,1.509870621659035,
1013399,1.509870621659035,
1013698,1.509870621659035,
1013999,1.509870621659035,
1014298,1.509870621659035,
1014599,1.509870621659035,
1014898,1.509870621659035,
1015199,1.509870621659035,
1015499,1.509870621659035,
1015798,1.509870621659035,
1016099,1.509870621659035,
1016398,1.509870621659035,
1016699,1.509870621659035,
1016998,1.509870621659035,
1017299,1.509870621659035,
1017598,1.509870621659035,
1017899,1.509870621659035,
1018199,1.509870621659035,
1018498,1.509870621659035,
1018799,1.509870621659035,
1019098,1.509870621659035,
1019399,4.747261464165882,-0.06780728086380239
1019698,,
1019999,7.073864848060052,-0.40060327815163466
1020298,7.412974471849405,-0.384410090013124
1020599,7.502796665678106,-0.38851149749014224
1020899,7.71315762612487,-0.416535958622124
1021198,8.116527147113892,-0.48273493559085856
1021499,7.3515426575137575,-0.42424401083951957
1021798,7.8049101754680565,-0.49350491699323573
1022099,8.065853420513756,-0.43735275050094136
1022398,8.247008252468056,-0.48497289017186374
1022699,8.624980001870835,-0.5174437343952483
1022998,9.074902150211114,-0.5298495522639219
1023299,9.465441138681022,-0.5435534905467585
1023599,9.63379215975741,-0.5663035264307847
1023898,10.682677862331705,-0.6315813964609418
1024199,11.281593403512831,-0.6350362811634949
1024498,10.88693964730049,-0.5608635610238437
1024799,10.985865592038913,-0.6002858390707306
1025098,11.407286734571322,-0.5993831071514135
1025399,11.430156154038915,-0.5727143293528592
1025698,20.687953514780776,-0.6986063450611673
1025999,17.722555328340963,-0.6155381226143317
1026299,14.675796873458966,-0.6235216884105483
1026598,16.84132918173448,-0.6183609470772351
1026899,18.784154634769205,-0.6877503467091819
1027198,27.58584033251689,-0.358048800724053
1027499,33.897180074611796,-0.34118075660905456
1027798,46.03395099378773,-0.3049251276847462
1028099,28.57051472019513,-0.43488124377952597
1028398,36.46918772275069,-0.38503653821195005
1028699,19.996737177459025,-0.4535582356315597
1028999,25.380384699836334,-0.43394481005104213
1029298,25.86986438675069,-0.45410074027993375
1029599,78.75475670088726,-0.6244362006262758
1029898,10.119631408935847,-0.4572864383498729
1030199,10.26585633947731,-0.399041851476007
1030498,40.47351342214421,-0.568412819941545
1030799,62.0822117182774,-0.9203629797378168
1031098,1.509870621659035,
1031399,1.509870621659035,
1031699,1.509870621659035,
1031998,1.509870621659035,
1032299,1.509870621659035,
1032598,1.509870621659035,
1032899,1.509870621659035,
1033198,1.509870621659035,
1033499,1.509870621659035,
1033798,1.509870621659035,
1034099,1.509870621659035,
1034399,1.509870621659035,
1034698,1.509870621659035,
1034999,0.7782749554647648,0.4632969986719224
1035298,27.88877713218819,-0.6252175985215513
1035599,20.49125145807013,-0.6371081529455396
1035898,9.964478477379192,-0.6578183226605796
1036199,10.410586894972852,-0.5438560234258576
1036498,8.68925423420498,-0.5055322575401022
1036799,8.131141898423174,-0.5787040991504406
1037099,8.462486139638452,-0.6505858876389496
1037398,7.857464248648778,-0.5911155040936309
1037699,8.725257599740305,-0.5744000487860215
1037998,9.587806151663917,-0.665280860960473
1038299,8.891542930873966,-0.5361382483102621
1038598,10.801094574300489,-0.6478061695744124
1038899,18.780297655384945,-0.8312007748355732
1039198,12.823711328971784,-0.6809518824391154
1039499,31.6389965688317,-1.061374371439014
1039799,40.23922246981087,-0.9862757629815286
1040098,19.460121362190502,-0.6843651462002183
1040399,32.60814621447985,-0.8634643976200018
1040698,14.109682986067817,-0.5915554499740954
1040999,15.021150291114115,-0.713690761833095
1041298,20.565683963209022,-0.48243066704485815
1041599,10.188690795922575,-0.47716080687552576
1041898,28.67820448067893,-0.9049203372586299
1042199,12.523756531632632,-0.518925456915855
1042499,25.36080512322986,-0.7538425302344114
1042798,11.539114952648237,-0.4442501096411453
1043099,21.016475815209024,-0.5210359994434322
1043398,10.627709488519798,-0.4154077119702402
1043699,10.332186259367019,-0.36501167942981905
1043998,10.70066313188723,-0.37936898109674555
1044299,12.180652344023807,-0.36608194659952176
1044598,11.683676078100817,-0.4092892626921787
1044899,21.018680976278468,-0.679893662340137
1045199,14.11682504334619,-0.39772161439198017
1045498,14.891209476230443,-0.37478413737589067
1045799,15.158932757162123,-0.3407430984161073
1046098,15.085979930663317,-0.3259465939610082
1046399,15.50182029953137,-0.34013990790253046
1046698,15.762890874144798,-0.33072049351374844
1046999,16.428182144867023,-0.3257326958446658
1047298,17.018163507397112,-0.3113342572673048
1047599,17.127541104531375,-0.29951787505646976
1047899,17.757854301165633,-0.30490420651703953
1048198,17.425746959809146,-0.31486823117709406
1048499,17.930567582431838,-0.31020369086877375
1048798,18.01424448484156,-0.32948996022519017
1049099,18.581020165924887,-0.3229561949976416
1049398,17.84660712431378,-0.32089942994148446
1049699,17.636803758209613,-0.31991298493486275
1049998,17.154380272746888,-0.30413746529663
1050299,18.184592438024428,-0.31405705690532537
1050599,17.688807454925136,-0.3154758710395196
1050898,18.218105673533685,-0.31277908059884885
1051199,18.889696354904057,-0.3136827182850839
1051498,19.06237222370523,-0.29299440323668713
1051799,18.79826690152906,-0.3096763610691444
1052098,19.34153726000929,-0.34941190878417694
1052399,19.817690732630908,-0.3546865708966429
1052698,19.18513752101286,-0.33836207224295434
1052999,19.33126919718878,-0.34543158876671276
1053299,22.307479747852536,-0.42004292434369916
1053598,18.45582344659156,-0.37415691339963364
1053899,12.627750788011607,-0.4074221939675542
1054198,15.43103430436702,-0.40393205397719867
1054499,15.714700335823043,-0.382073704031606
1054798,14.951625696207296,-0.35877482652569537
1055099,15.806557015681834,-0.37526053821694916
1055398,13.26572360580452,-0.37481538694752103
1055699,15.72064690420902,-0.4389706267305591
1055999,15.120312834748963,-0.3955592685363041
1056298,15.109089440448038,-0.3866434992668044
1056599,14.624303764825356,-0.34154590257555717
1056898,13.910757497833202,-0.32852759795862707
1057199,11.740014377659755,-0.42488060446087106
1057498,12.657718343391071,-0.438876503895286
1057799,13.237829556513109,-0.48343323463103105
1058098,12.489331630539219,-0.35872803724775926
1058399,11.356298220555422,-0.3563668714118873
1058699,8.959385215600001,-0.37281124274728916
1058998,9.743507774932977,-0.32164966420943486
1059299,7.914462621903464,-0.3474375940286232
1059598,9.23070258171307,-0.2892874185031753
1059899,9.501525194750108,-0.29142148919238653
1060198,9.5435346932582,-0.4964353001801285
1060499,9.133984285671406,-0.2976097084035976
1060798,9.618766128942239,-0.31906811584273775
1061099,6.997545255543849,-0.2900241888172874
1061399,10.114350756933336,-0.41514289278749295
1061698,9.41576966447672,-0.4674411562855574
1061999,9.242365972434435,-0.3794413138531989
1062298,9.052558797992923,-0.4291467773721349
1062599,9.352305971806835,-0.5536349675345882
1062898,9.402312439438187,-0.588788708837648
1063199,9.705830571942819,-0.6069450127805256
1063498,10.119188280241431,-0.6437440872959788
1063799,8.588117399759126,-0.43662738637464416
1064099,9.509412991622554,-0.5260675498317295
1064398,9.281575255847093,-0.4448411365207665
1064699,9.261144665951257,-0.42176970191156804
1064998,9.154220563761442,-0.47758887255913884
1065299,8.693167053330885,-0.41034458505624927
1065598,9.168190980039222,-0.39680015671960667
1065899,9.715828839259368,-0.3494823546548973
1066198,11.404610422411904,-0.3905862287409385
1066499,11.605427778291755,-0.46669800413592855
1066799,20.81299686466967,-0.47544696778681295
1067098,10.835056949880288,-0.42017992979247953
1067399,11.566910208460683,-0.45125493164143293
1067698,11.518626995842624,-0.44064102902380076
1067999,12.543436430066095,-0.4057622021602876
1068298,12.006660337580223,-0.40894772709330063
1068599,12.285124712290873,-0.4062815066823413
1068898,16.751996432590364,-0.3530371656708722
1069199,13.193766769304519,-0.42541893962711286
1069499,20.388291884925493,-0.31244486446028885
1069798,15.76211501030452,-0.3739198471591323
1070099,16.77121215066623,-0.4050181219692268
1070398,19.402790869332893,-0.3466449002613117
1070699,16.538473141944472,-0.4164080049600807
1070998,19.207271986899453,-0.3938917488183078
1071299,18.36102954543124,-0.4182139561343532
1071598,26.06509112805161,-0.3843465069482561
1071899,18.727637270438187,-0.4249381947455786
1072199,134.87154461532475,-0.2435247794632922
1072498,95.19465137644744,-0.20754831017048136
1072799,54.62612207310254,-0.3260521924905926
1073098,71.49298864528078,-0.3108407187831346
1073399,93.18297166144745,-0.21655550605915508
1073698,32.692582662822446,-0.24975538353865767
1073999,41.34181536954699,-0.22985370673479943
1074298,71.27079581459095,-0.25001119834055974
1074599,50.07663509553541,-0.23579561747033373
1074899,34.212851258991435,-0.23288980254047909
1075198,1.509870621659035,
1075499,1.509870621659035,
1075798,,
1076099,,
1076398,,
1076699,,
1076998,,
1077299,1.509870621659035,
1077599,1.509870621659035,
1077898,1.509870621659035,
1078199,1.509870621659035,
1078498,1.509870621659035,
1078799,1.509870621659035,
1079098,1.509870621659035,
1079399,1.509870621659035,
1079698,1.509870621659035,
1079999,1.509870621659035,
1080299,1.509870621659035,
1080598,1.509870621659035,
1080899,1.509870621659035,
1081198,1.509870621659035,
1081499,1.509870621659035,
1081798,1.509870621659035,
1082099,1.509870621659035,
1082398,1.509870621659035,
1082699,1.509870621659035,
1082999,1.509870621659035,
1083298,1.509870621659035,
1083599,1.509870621659035,
1083898,1.509870621659035,
1084199,37.401545967053934,-0.9206274774165779
1084498,21.227591903338652,-0.7928106894651501
1084799,33.178197350697445,-0.8967508716577344
1085098,23.58341705482708,-0.8189022567766344
1085399,16.51129222036117,-0.9940278161434837
1085699,17.861585728617047,-0.9680651851173465
1085998,21.24466987789539,-0.7147299992855487
1086299,16.55368976038032,-0.8826633126167462
1086598,15.581431567819006,-0.7414253337957997
1086899,17.32819349339883,-0.851912185849268
1087198,20.843905534595596,-0.8066996869600089
1087499,15.700342020986799,-0.881703346072626
1087798,19.198730144405783,-0.8011200105207628
1088099,17.565689895313184,-0.8055634614828635
1088399,19.757505799046985,-0.9317490814632139
1088698,21.496458647806246,-1.022188535923457
1088999,23.471511182109484,-0.9007375975100691
1089298,18.318553918602536,-0.9844354653638465
1089599,13.871813439218279,-0.9072643862088345
1089898,19.745495862662725,-0.7969867334137308
1090199,,
1090498,,
1090799,20.300146558359486,-0.6872524374822571
1091099,1.509870621659035,
1091398,3.3876547426118027,-0.30249139415944937
1091699,,
1091998,1.509870621659035,
1092299,1.509870621659035,
1092598,1.509870621659035,
1092899,1.509870621659035,
1093198,1.509870621659035,
1093499,1.509870621659035,
1093799,1.509870621659035,
1094098,1.509870621659035,
1094399,1.509870621659035,
1094698,1.509870621659035,
1094999,1.509870621659035,
1095298,1.509870621659035,
1095599,1.509870621659035,
1095898,1.509870621659035,
1096199,1.509870621659035,
1096499,1.509870621659035,
1096798,1.509870621659035,
1097099,1.509870621659035,
1097398,1.509870621659035,
1097699,1.509870621659035,
1097998,1.509870621659035,
1098299,1.509870621659035,
1098598,1.509870621659035,
1098899,1.509870621659035,
1099199,1.509870621659035,
1099498,1.509870621659035,
1099799,1.509870621659035,
1100098,1.509870621659035,
1100399,1.509870621659035,
1100698,1.509870621659035,
1100999,1.509870621659035,
1101298,1.509870621659035,
1101599,1.509870621659035,
1101899,1.509870621659035,
1102198,1.509870621659035,
1102499,1.509870621659035,
1102798,1.509870621659035,
1103099,1.509870621659035,
1103398,1.509870621659035,
1103699,1.509870621659035,
1103998,1.509870621659035,
1104299,1.509870621659035,
1104599,1.509870621659035,
1104898,1.509870621659035,
1105199,1.509870621659035,
1105498,1.509870621659035,
1105799,1.509870621659035,
1106098,1.509870621659035,
1106399,1.509870621659035,
1106698,1.509870621659035,
1106999,1.509870621659035,
1107299,1.509870621659035,
1107598,1.509870621659035,
1107899,1.509870621659035,
1108198,1.509870621659035,
1108499,1.509870621659035,
1108798,1.509870621659035,
1109099,1.509870621659035,
1109398,1.509870621659035,
1109699,1.509870621659035,
1109999,1.509870621659035,
1110298,1.509870621659035,
1110599,1.509870621659035,
1110898,1.509870621659035,
1111199,1.509870621659035,
1111498,1.509870621659035,
1111799,1.509870621659035,
1112098,1.509870621659035,
1112399,1.509870621659035,
1112699,1.509870621659035,
1112998,20.967478936733357,-0.589964272929107
1113299,19.63126348151577,-0.5824410298416203
1113598,18.34994220789771,-0.5667485152847382
1113899,31.334647972727534,-0.8180340295810185
1114198,20.986642339287663,-0.5603464323690832
1114499,21.020525991508823,-0.5547835521173277
1114798,30.08561100057245,-0.5832383405023787
1115099,56.46165277992662,-0.5889787753032745
1115399,79.61801085535717,-0.5135107251696422
1115698,0.812849354305409,0.42211868654073104
1115999,6.541268181989537,-0.14331176718952698
1116298,16.739034279852536,-0.2850820275174253
1116599,12.089377951049295,-0.30979162896570256
1116898,1.509870621659035,
1117199,1.509870621659035,
1117498,,
1117799,,
1118099,,
1118398,,
1118699,,
1118998,,
1119299,,
1119598,,
1119899,,
1120198,,
1120499,,
1120799,1.509870621659035,
1121098,1.509870621659035,
1121399,1.509870621659035,
1121698,1.509870621659035,
1121999,1.509870621659035,
1122298,1.509870621659035,
1122599,1.509870621659035,
1122898,1.509870621659035,
1123199,1.509870621659035,
1123499,1.509870621659035,
1123798,1.509870621659035,
1124099,1.509870621659035,
1124398,1.509870621659035,
1124699,,
1124998,31.188819177118734,-0.6889414441925903
1125299,55.807363410391886,-0.8625216859255969
1125598,27.491605731840966,-0.8203406944363849
1125899,28.763747890350228,-0.8626443142171059
1126199,21.412311691239054,-0.7052778331413732
1126498,12.824435986011137,-0.6322983139278526
1126799,20.820989361757633,-0.9733979270660091
1127098,9.304972626656372,-0.45046763308214244
1127399,9.635596662221428,-0.4311493251646725
1127698,13.208055808188186,-0.6230047537578065
1127999,17.854475987053924,-0.5665835955821721
1128298,10.254027229801613,-0.6037913475731433
1128599,14.387827800975222,-0.7229218928587535
1128899,13.710001198546983,-0.5849815440275352
1129198,18.532838257965967,-0.7929553822554432
1129499,8.846974125197445,-0.6120247736203437
1129798,13.924634632498371,-0.7787318991064631
1130099,16.873256949871056,-0.6812040045156258
1130398,13.576618459160407,-0.7499092578062798
1130699,7.215115791457276,-0.5508284764670861
1130998,13.431667499000687,-0.7701680247620526
1131299,14.52779828546128,-0.7440088610140436
1131599,16.781170029864118,-0.7623897940113977
1131898,12.195284568147711,-0.7263832216290056
1132199,13.308220354601414,-0.7163185488554515
1132498,17.137984027630313,-0.7543578366457049
1132799,15.764762376915039,-0.8090067709749762
1133098,18.482699078257628,-0.864607816176943
1133399,16.87646041064652,-0.8016140669510039
1133698,19.507744848889573,-0.8264772205048556
1133999,13.521014136426611,-0.7096579380404888
1134299,8.160700994586335,-0.49907530319380755
1134598,17.11210000892893,-0.8451724923963946
1134899,27.101065475549298,-0.955462839066423
1135198,14.631803691133221,-0.6475346789516825
1135499,15.163425358214242,-0.6711976480073651
1135798,15.735279904781367,-0.6017475901674105
1136099,15.220133466809152,-0.6172211624553492
1136398,15.524588753908692,-0.5749175761951395
1136699,18.378996012654657,-0.6595722616092092
1136999,20.258660073832893,-0.6926076354702879
1137298,15.327664547570723,-0.5362557147635871
1137599,16.43503072226054,-0.5229145843569694
1137898,16.438914803753594,-0.536548258386355
1138199,17.409461323762855,-0.5322227916568623
1138498,17.917819054362393,-0.5318622983808827
1138799,17.86692071607304,-0.5151042185108616
1139098,18.835823658158684,-0.4732349956153614
1139399,19.2688192505985,-0.47349031975945977
1139699,22.832859913206708,-0.6087502284167676
1139998,18.534034615619333,-0.4741659041900548
1140299,25.6355058903618,-0.49621063292569256
1140598,18.964627569487394,-0.430833223770658
1140899,32.18476771928772,-0.6774030897253169
1141198,23.137361387301613,-0.5752755663806317
1141499,19.45361376801285,-0.48476939969594457
1141798,19.28062683144448,-0.46872325227927747
1142099,19.256000515218872,-0.43530531402885675
1142399,20.358281678135537,-0.46163554981946553
1142698,20.13505157926517,-0.5025135621878107
1142999,18.86124401106779,-0.5330492555111439
1143298,18.185410037975817,-0.4759971757315584
1143599,41.419479370759944,-0.5767907031224302
1143898,31.47513966484328,-0.7115112487321475
1144199,25.25032953809447,-0.6208365108238627
1144498,17.37173675992489,-0.45378297319354455
1144799,16.9660156764237,-0.5277989126921716
1145099,18.664638457839246,-0.4975845724458492
1145398,18.528842307149425,-0.4790555501692124
1145699,18.886099337415633,-0.43818897855695793
1145998,21.947868773266293,-0.5236126579976121
1146299,18.209504003516837,-0.5581952656106766
1146598,18.34746114296596,-0.6186503084112638
1146899,13.739632561671165,-0.5461158147500718
1147198,15.56575973257132,-0.6539996670079287
1147499,16.358774583817816,-0.6304362974606956
1147799,14.554981568315279,-0.6108817936393993
1148098,14.480717436030554,-0.607164962052829
1148399,15.534595804121627,-0.6399767843388184
1148698,15.021993774651147,-0.5906807066919455
1148999,12.540501871491427,-0.650529300223045
1149298,12.461640520765478,-0.3418278649272797
1149599,3.88992621574795,-0.10288396507869946
1149898,13.417121729869313,-0.671900452649403
1150199,15.841008209384945,-0.16849015763517916
1150499,10.729476859533094,-0.666106699693821
1150798,12.849702443347908,-0.5338502067486555
1151099,14.816586934898615,-0.5353133297105779
1151398,14.265999381627779,-0.5567014431177946
1151699,13.760425480731946,-0.503633980422947
1151998,14.58083876644028,-0.555772655468074
1152299,12.620044998995835,-0.6348255884762213
1152598,14.464619568538915,-0.548035300585624
1152899,13.712019385137037,-0.6226124604234025
1153199,12.199235973571628,-0.529975197657369
1153498,21.459425544372248,-0.4866446440277352
1153799,22.63463519772522,-0.6889007707815629
1154098,22.850228570350225,-0.46796383260485297
1154399,13.425953389320133,-0.5086297897108685
1154698,65.5932001984729,-0.4309043854423018
1154999,40.20502088867893,-0.2965838665881093
1155298,14.147261746229034,-0.5107660394852214
1155599,15.395370372468275,-0.49467826465682974
1155899,16.404012205910405,-0.5580488006014857
1156198,15.531417715752942,-0.5417820618397977
1156499,19.284170141160406,-0.6073636065835069
1156798,15.539433814382628,-0.6412770402794292
1157099,16.21053912533521,-0.6578909930141585
1157398,14.531921966656373,-0.5575166929427426
1157699,16.523000584340313,-0.5023845567683984
1157998,14.835565511529657,-0.575921522790511
1158299,15.359419510409587,-0.4375776820360453
1158599,15.528327995869935,-0.4827015446000269
1158898,16.39728523504586,-0.6540043562251818
1159199,25.506064096033093,-0.798937095005952
1159498,24.81908195633865,-0.7854973776104104
1159799,23.379028645831706,-0.812136565256536
1160098,19.369019560218284,-0.724128691764353
1160399,1.8084274779903171,0.30013454099248005
1160698,59.88467853317661,-0.42886725871536635
1160999,3.3966640946365256,-0.002548889813906996
1161299,,
1161598,,
1161899,1.1602030860551311,0.3296033215809233
1162198,,
1162499,,
1162798,1.509870621659035,
1163099,,
1163398,,
1163699,,
1163999,1.509870621659035,
1164298,1.509870621659035,
1164599,1.509870621659035,
1164898,,
1165199,,
1165498,1.509870621659035,
1165799,1.509870621659035,
1166098,1.509870621659035,
1166399,1.509870621659035,
1166699,1.509870621659035,
1166998,1.509870621659035,
1167299,1.509870621659035,
1167598,1.509870621659035,
1167899,1.509870621659035,
1168198,1.509870621659035,
1168499,1.509870621659035,
1168798,1.509870621659035,
1169099,1.509870621659035,
1169399,1.509870621659035,
1169698,1.509870621659035,
1169999,1.509870621659035,
1170298,1.509870621659035,
1170599,1.509870621659035,
1170898,1.509870621659035,
1171199,1.509870621659035,
1171498,1.509870621659035,
1171799,1.509870621659035,
1172099,1.509870621659035,
1172398,1.509870621659035,
1172699,1.509870621659035,
1172998,1.509870621659035,
1173299,1.509870621659035,
1173598,1.509870621659035,
1173899,1.509870621659035,
1174198,13.779338320646522,-1.026020593328146
1174499,24.09015536151226,-1.3317315481962773
1174799,8.901409736688187,-0.7917940052561441
1175098,11.814632888616428,-1.0611395071261072
1175399,25.488495231037724,-1.1503270608986513
1175698,26.67450884573448,-1.0954349559614993
1175999,24.43415759867786,-1.1040706990499696
1176298,24.31917521711073,-1.1266408278326585
1176599,23.74387995700995,-1.3794687290067538
1176898,20.092010170090962,-1.3492740387496713
1177199,22.57696048861874,-1.2825629842365687
1177499,19.657267693931242,-1.053227020492285
1177798,23.12889150401226,-1.0572428910222298
1178099,18.546365260139577,-0.9044668569331331
1178398,21.55292189457939,-1.057914241778271
1178699,5.900681334016891,-0.4170098979199883
1178998,24.956956521301613,-1.068563360476006
1179299,24.03848087614189,-1.0406639820464774
1179598,21.882015610072447,-0.8950852326934484
1179899,35.436727573435874,-0.9318530645932721
1180199,38.0762522998456,-1.4772731238145078
1180498,7.686486984301611,-0.7218900757670792
1180799,1.509870621659035,
1181098,1.509870621659035,
1181399,1.509870621659035,
1181698,,
1181999,1.509870621659035,
1182298,1.509870621659035,
1182599,1.509870621659035,
1182899,1.509870621659035,
1183198,1.509870621659035,
1183499,1.509870621659035,
1183798,1.509870621659035,
1184099,1.509870621659035,
1184398,1.509870621659035,
1184699,1.509870621659035,
1184998,1.509870621659035,
1185299,1.509870621659035,
1185599,1.509870621659035,
1185898,1.509870621659035,
1186199,1.509870621659035,
1186498,1.509870621659035,
1186799,1.509870621659035,
1187098,1.509870621659035,
1187399,1.509870621659035,
1187698,1.509870621659035,
1187999,1.509870621659035,
1188299,1.509870621659035,
1188598,1.509870621659035,
1188899,1.509870621659035,
1189198,1.509870621659035,
1189499,1.509870621659035,
1189798,1.509870621659035,
1190099,1.509870621659035,
1190398,1.509870621659035,
1190699,1.509870621659035,
1190999,1.509870621659035,
1191298,1.509870621659035,
1191599,1.509870621659035,
1191898,1.509870621659035,
1192199,1.509870621659035,
1192498,1.509870621659035,
1192799,1.509870621659035,
