,rmse,skill
299,0.3856545535815328,-0.6476895967170522
598,0.4091887321877849,-0.8126177786333799
899,0.3128414426677921,-0.21910965742128052
1198,0.32841891491108227,-0.27781611364963
1499,0.2799911129579294,0.18026282204929933
1798,0.3640430704751553,-0.2506526901016466
2099,4.4358016801914,-0.1325747019152539
2398,2.709346909457388,-0.20840300439103054
2699,1.3638872023237891,-0.11583974580788348
2999,0.2902154046083487,0.38430310386464006
3298,0.8759546744224438,-0.2076694387307756
3599,1.4341773495567396,-0.09005056782253718
3898,0.4989921987148694,-0.10655596298755365
4199,3.030163915214656,-0.19362644674916685
4498,0.27015652049770184,0.38356465931362993
4799,0.17860380440748605,0.7614844439880953
5098,0.15583075668391644,0.7644293296808113
5399,0.16914989471846734,0.7438084113905509
5699,0.28697395997365943,0.4354375709992172
5998,0.5295628774699973,-0.047963166416201686
6299,0.28091196925042206,0.7133092446572538
6598,0.16370573442454092,0.8253112044926948
6899,0.10582896783607681,0.9556168121152855
7198,0.14083408850174822,0.9213277295254299
7499,0.15171686775165966,0.8520948746055774
7798,0.17152674952354524,0.8736552741107166
8099,0.17592831960314767,0.9004751135228672
8399,0.14746946691121288,0.8638651147728951
8698,0.11484124906637441,0.9143008443189716
8999,0.10161909576273455,0.9186541196364575
9298,0.08763494222594496,0.9627345204175387
9599,0.1552395747685532,0.8473445222194116
9898,0.18339747964406916,0.7811849376516168
10199,0.1513623761886148,0.836972846282472
10498,0.18035858650665168,0.7612710105935526
10799,0.18255808589852135,0.786980981384229
11099,0.2011248685724501,0.741797185173104
11398,0.2105098713239656,0.7807784519480493
11699,0.20365478330323272,0.7973836131346265
11998,0.19709861864292366,0.8301716237004857
12299,0.27295838368433023,0.6985716605145726
12598,0.32017969291617965,0.7312813820236088
12899,0.33010418229730126,0.7015605694092673
13198,0.5285451533619029,0.48393585409401363
13499,0.988376383921168,0.01181322621937586
13799,0.5448079897555116,0.4957105616329993
14098,0.4047110705193126,0.7629866677527163
14399,0.38826221298460556,0.7854664091842617
14698,0.3910191466400157,0.8017002342349753
14999,0.7520967172005343,0.5846759998459423
15298,0.5680057297768818,0.7462739462414056
15599,0.5464466495224543,0.7297735477770206
15898,0.6279670500254679,0.7270164312054928
16199,0.49088087681375137,0.7716902197866042
16499,0.6177319469036219,0.6677283185622078
16798,0.5574286265276233,0.7433950557971385
17099,0.5404836804834667,0.7920789146360999
17398,0.5062717942959448,0.7785267811965718
17699,0.3563375578650744,0.9013728011543403
17998,0.463914508394905,0.7906879891906325
18299,0.19936254245036453,0.9347624182281584
18598,0.18386386470203875,0.9452862299242022
18899,0.40948747047325745,0.8582787013441664
19199,0.3090576295488356,0.8195665680902697
19498,0.17699639302843517,0.962350907059118
19799,0.16177393111460592,0.9499438206394402
20098,0.34943561128723244,0.7099147951407563
20399,0.7684229414780629,0.3575479967822922
20698,0.11750239239598598,0.9691034748150514
20999,0.201271295240684,0.8658918213452212
21298,0.12257717550548379,0.9143369180543267
21599,0.09147392843868268,0.9465058606408221
21899,0.10822394276271073,0.9645876707669044
22198,0.10764563977845965,0.9467534446376572
22499,0.129340724329999,0.9424861746141511
22798,0.10402743451459548,0.948498023233038
23099,0.15208947661070454,0.9086550414989184
23398,0.1737562692800709,0.8442328016548181
23699,0.1707411325000296,0.8509486010203143
23998,0.14788252048573683,0.9023279794079869
24299,0.24927546466883566,0.8296429481998012
24599,0.07259052611580824,0.9741567028865421
24898,0.08598837485898285,0.9564449318012035
25199,0.1607631038742059,0.785019112042183
25498,0.1256836321881655,0.8629168992789579
25799,0.10749602069030034,0.929254326139779
26098,0.15406152224450245,0.7263778520590105
26399,0.09499098056483898,0.9609168672464741
26698,0.09559032133360101,0.9387746415868184
26999,0.08068948319542008,0.9433582088577877
27299,0.17049042314713908,0.737024218995764
27598,0.17112567067175044,0.8332060099968501
27899,0.09322213431773878,0.9113621142410497
28198,0.1302188054370031,0.8166371082169797
28499,0.12205910380560334,0.8659894658140348
28798,0.21210956808656983,0.4678519405449003
29099,0.25083758715830445,0.542552492156771
29398,0.13524981625937113,0.8031794105317738
29699,0.16370702183778593,0.7755217555100398
29999,0.13374408905072468,0.8759391457209965
30298,0.28297265041236824,0.30660925149336304
30599,0.16688206506538053,0.7824628009521213
30898,0.20198072246079243,0.7209368845002914
31199,0.2699507547268006,-0.09638184494592306
31498,0.17112262566124997,0.7628284853102268
31799,0.16398195133547344,0.5859207885665625
32098,0.1298869342458405,0.881922239116927
32399,0.2045680848961009,0.2864493254113071
32699,0.11321269717888639,0.9017334673457891
32998,0.26716860186621455,0.28628405147549096
33299,0.3166051160384382,0.40539913478060563
33598,0.6747138434312958,0.0032461066065003763
33899,0.25475768882694677,0.43830047509016423
34198,0.5086637911489182,0.08158353440557686
34499,1.193746265874524,-0.1738883542928238
34798,0.3006691325830539,0.30174119693584445
35099,0.20397920669831804,0.41029511046183975
35399,0.20999870861013858,0.46463836020439064
35698,0.6940254314337533,-0.27651855807520276
35999,5.466219035341004,-0.1715025173322935
36298,2.0387456615859687,-0.30501022128258315
36599,1.201289788496978,-0.21644696440313416
36898,0.5048617586625498,-1.7685632086865666
37199,8.529581529550342,-0.258226850257961
37498,0.6132189857192906,-0.1926768268218091
37799,1.0375996020968385,-0.21432569549377023
38099,1.2362226855774858,-0.05036961052033462
38398,0.3697169116078979,0.1782055992175089
38699,0.2747750070352001,0.30264278312826565
38998,1.3403968326824438,-2.113264626309717
39299,98.01494484721906,-0.504369860900763
39598,0.14427608530549652,0.7345485564652505
39899,0.13686806423725267,0.7541481546851319
40198,0.11610194156410837,0.7553780861333784
40499,0.15947849811245507,0.6485650084573392
40799,0.05813988048555885,0.9634771671191013
41098,0.07323776309352922,0.9072720243176258
41399,0.07799200228943177,0.9372045464706412
41698,0.054761047307705354,0.967395906440617
41999,0.04836217486476302,0.9758141156095166
42298,0.09151347331248899,0.9234623122043997
42599,0.16270015025562642,0.7776396822975663
42898,0.04721150912018656,0.9752808557179201
43199,0.05508546717068254,0.980733444828346
43499,0.060398517975393404,0.9688024368637769
43798,0.101977962005843,0.9006244207773988
44099,0.9818111031508031,-1.2708844339776837
44398,40.51895732834193,-0.1795646980130141
44699,0.07937090172031316,0.9384316141364815
44998,0.16106794463952134,0.47965879567768865
45299,0.06778900853173461,0.9475902430857142
45598,0.06167831824273687,0.9623604521892293
45899,0.08478006172831426,0.939423765834522
46199,0.07188378892599308,0.9252687892579479
46498,0.07215878827879053,0.9417805863730264
46799,0.04348151752788803,0.9820515969191486
47098,0.05986215038351101,0.9710955966751006
47399,0.08233704021552472,0.8818655689040136
47698,0.13652883023119855,0.5185231773658072
47999,0.14382152185930008,0.7101908866839024
48298,0.45376588089405473,-0.14765927116428346
48599,0.203952495136882,0.3437714963915057
48899,0.7447384084432508,-0.2660789654266096
49198,0.8752657143786443,-0.21603336076672153
49499,0.4396459948817895,-0.0041243944042894665
49798,0.9412473781428078,-0.17733636103209482
50099,2.116673946264852,-0.1893899519854485
50398,2.7609396704647415,-0.19156805271658084
50699,5.1327800105966,-0.18475665001536634
50998,5.481285850041086,-0.18248016662506106
51299,7.543343317058374,-0.1540876353876588
51599,6.171967377194779,-0.16120035369301844
51898,2.859800401040781,-0.16020888357188934
52199,7.958032598391934,-0.1728534886263262
52498,7.958263908996774,-0.17448966255611809
52799,9.54461100788515,-0.1439855234039873
53098,11.151047993473462,-0.20439229418833782
53399,7.694155039132168,-0.16890048980181938
53698,20.34863120549547,-0.22343172367541797
53999,38.96867494563924,-0.1753542131521726
54299,62.196720556322994,-0.24267198773258403
54598,90.08329659529119,-0.2181449191489402
55198,1.3224031946642991,0.10439314075615003
55499,1.920012415718542,0.012751963256662613
55798,76.86274051988472,-0.2460186728762288
56099,51.63022903478578,-0.2730685021220165
56398,22.587161607745756,-0.2614817167796071
56699,9.08714022884426,-0.27024922316505884
56999,28.37376074433203,-0.6130413319746617
57298,0.20466254076763166,0.9643841601251106
57599,0.14548508559420853,0.9884291664344106
57898,0.13830018609939917,0.9809188776171993
58199,0.1169192142260449,0.990151608673685
58498,0.26244056419250633,0.9382624890641655
58799,0.2860321746690443,0.919636190174605
59098,0.437045233191514,0.8513561941330139
59399,0.46269819806074364,0.7955576589154421
59699,0.4684001677599754,0.859822453727336
59998,0.3127767539937781,0.8791834770333887
60299,0.24144021048127465,0.9133913543497268
60598,0.3026558381989991,0.9101131379031071
60899,0.31212282681813713,0.8352097009210392
61198,0.5730524138260311,0.3390548558035421
61499,0.5717497430676582,0.003841950376722081
61798,0.11996652834699845,0.942778348519182
62099,0.20229853942511639,0.7740237100031856
62399,0.21918460956136232,0.8618266943007096
62698,2.878043740986292,-0.3568559252185475
62999,0.3464452422364755,0.5503439046441698
63298,15.814994228503046,-0.3764992567167995
63599,2.4062601642014925,-0.22170302472648884
63898,0.16136084757594876,0.881373739997569
64199,0.11850350047776459,0.9396023326270241
64498,0.10358196539111722,0.9542529543017235
64799,0.08517971048497992,0.9698004444297358
65099,0.07490987516517435,0.9774352748475303
65398,0.0503830243679697,0.9916139123262628
65699,0.07686094255224549,0.9780322648935822
65998,0.0676782772232905,0.9858233314703223
66299,0.08401668024653507,0.9692038707665007
66598,0.058330076370948475,0.9766879990732836
66899,0.14827716830644827,0.8601082595813891
67198,0.6276069918018242,-0.2163168621240228
67499,0.09445494373430671,0.9265376488278081
67799,0.08762764621656724,0.9625375860258931
68098,0.08995743271327877,0.9496904189117523
68399,0.0854975101587783,0.9589199236740625
68698,0.07298820572638168,0.9554161725217344
68999,0.16355213757723447,0.7649472370188056
69298,0.11993858492095533,0.9064897566736149
69599,0.1266180144385068,0.8766520362016551
69898,0.09931994196690258,0.9222301425675659
70199,0.07183501898736123,0.9704701899597199
70499,0.585753880138065,-0.24244975064899088
70798,2.0204018411003464,-0.5885221806650807
71099,0.18770980108183843,0.8629183488147154
71398,0.15512966157949037,0.9291204890938148
71699,0.10673804530932605,0.9386170535542352
71998,0.08188158203618578,0.9687102393804078
72299,0.06258213410510952,0.9874587756781475
72598,0.0726804420215163,0.9734300843948741
72899,0.0975832025514268,0.9505927274203947
73199,0.3598407175035756,0.7114599342826395
73498,2.2096133182738154,-0.09930767454359923
73799,0.10367412573079411,0.94086626894502
74098,0.11966611590149083,0.8716702330675999
74399,0.2028364731912665,0.8310699550171199
74698,0.18960947083811586,0.8452574769669049
74999,0.19772870392750005,0.8278237518870949
75298,0.20273581404385788,0.817168500232865
75599,0.16335863544187343,0.8694971270397155
75899,0.19152858690534783,0.7968363479248765
76198,0.16281861865026376,0.8666303863066394
76499,0.4536393502612749,0.5779765372511569
76798,3.9244948481501236,-0.058998546596170875
77099,1.059641324120589,0.2774503470340327
77398,11.460859121283116,-0.14082298976232233
77699,1.1333761799453637,0.38325871783609355
77998,2.6489234307637806,0.12260716843393649
78299,1.5001416719952512,0.312242307747318
78599,7.272984765820701,-0.03187894585818918
78898,18.486480132678263,-0.10381515937832919
79199,7.9386539374283664,-0.010669236854611963
79498,43.158604848015415,-0.1492905392966266
79799,38.706465632161624,-0.1425002745868713
80098,42.94624560535634,-0.2234753185426952
80399,26.98994667220094,-0.28696370389426296
80698,2.30406403632017,-1.4015119443745836
80999,14.709114219078193,-0.22553461868711833
81299,101.50044249870763,-0.27206840807593546
81598,7.974668519298948,-0.14981049373413935
81899,0.3313471917916939,0.3426883695442964
82198,0.5001003157540573,-0.0894404030665259
82499,0.4195956234053517,-0.16528640395651206
82798,0.4215661232374729,-0.18056971081288076
83099,0.3696023152633668,-0.08846877260858288
83398,0.38743367609054746,-0.16570057102075486
83699,0.3849957956531525,-0.3012525867920579
83999,0.3990565333154763,-0.2616052261070414
84298,0.272708952851462,0.10056761667053371
84599,0.33651814666438995,-0.055597781738705
84898,0.22164637602171683,0.16930047657985348
85199,0.259083601393024,0.15337455739757022
85498,0.19564147807976462,0.254975525078468
85799,0.18552030103390477,0.40145609533862736
86098,0.09221496122292139,0.8058566957104509
86399,0.157915742759507,0.4121735522526426
86699,0.10731592014883017,0.7684560189341769
86998,0.12050819396954325,0.6723902731855467
87299,0.09177475420330464,0.8423934068480815
87598,0.09050284199184408,0.7831237880918869
87899,0.08215846456957848,0.8827595488472652
88198,0.08073017957884983,0.8923934923610489
88499,0.06515684654454229,0.9460276631125986
88798,0.06696022074050699,0.9114465051492928
89099,0.058923827428202236,0.9398981804531032
89399,0.0569275880545009,0.9404631106557939
89698,0.057256433863648044,0.9206063618017212
89999,0.08578977067010579,0.9281910154154536
90298,0.06845493976343181,0.9177031842109016
90599,0.08034787892507572,0.919231947946111
90898,0.05839483069153106,0.9601830952474338
91199,0.0859093799917582,0.9415204397877148
91498,0.21854218829392524,0.5673837720184373
91799,0.6836749409923139,0.057218301406223304
92099,0.09750221546029171,0.9233330465082472
92398,0.0882217831508164,0.9346063629988546
92699,0.13986850186250432,0.7379500491221436
92998,0.06630616536483709,0.9633899372883157
93299,0.3081672712242932,0.3868077541640641
93598,6.435848790464887,-0.1789228222709951
93899,0.7995825086707348,-0.13296934401340876
94198,1.7053012388291877,-0.1418568731833112
94499,1.990997329045319,-0.3528216138573743
94799,1.2693742056258979,-0.2890033689825504
95098,7.526165313912031,-0.22016426578453907
95399,2.47201230188966,-0.10380152425192768
95698,3.17313025814514,-0.10937350394903866
95999,6.096285818860837,-0.08014271512899906
96298,6.191721325699513,-0.08241575647582522
96599,5.145010013997569,-0.09357422486454303
96898,5.876200119801955,-0.09617714182913395
97199,5.0701146081777715,-0.09342208923813944
97499,2.5621177312835934,-0.0956902856493278
97798,0.9762743626613813,-0.13519516920573826
98099,1.1029542058220494,-0.17833575013297165
98398,2.3255784821745875,-0.2180149879323834
98699,3.504591577757545,-0.13383158432252928
98998,0.11211787621588454,0.8461894069580994
99299,0.1066711582246485,0.8720094483448337
99598,0.12977853704572956,0.8201417163855089
99899,0.11624773293077616,0.8251427995606228
100199,0.13018646087962915,0.8200315367737931
100498,0.1777423003953962,0.657288734242756
100799,0.15630339426665293,0.7292768263247951
101098,0.15207406061608977,0.761423333231614
101399,0.5430248909244777,-0.3041782754384974
101698,10.112780190759004,-0.2098690420155167
101999,0.1920716329849732,0.6134670835667193
102298,0.39345886598959345,0.11016124725365595
102599,0.4826522305390814,0.4430685195173115
102899,0.12620746222560622,0.8183011424249244
103198,0.1813290264002463,0.5510892109046384
103499,0.1005223480589653,0.8841851946509148
103798,0.10830901340160788,0.8168927698015166
104099,0.1113933729807832,0.9103867269156523
104398,0.13528523044447202,0.8226030643127977
104699,0.11126433635393829,0.9136377803862933
104998,0.11300032258517205,0.8752288471835354
105299,0.14991458199010316,0.8391587731229394
105599,0.14152483202058397,0.7771863725974242
105898,0.14368674305790463,0.8176722936374753
106199,0.05327148278284736,0.9731075882470044
106498,0.05827295553015799,0.9648399268367004
106799,0.06045661361058949,0.9727611754313645
107098,0.06773521402359223,0.9607888789847858
107399,0.06435347649547692,0.967014437729924
107698,0.056655428782764555,0.9794785084437694
107999,0.17779655908857356,0.766625115379709
108299,0.3117776558063032,0.3783151202154881
108598,0.08334269006992981,0.9596729707590277
108899,0.11486457652842735,0.8872494057495495
109198,0.05909423805832242,0.9782909425273845
109499,0.11206399958256913,0.8922840699657875
109798,0.09329517884611895,0.9409034665620256
110099,0.14125863190268997,0.8110394339043425
110398,0.12042686868231112,0.933859070428416
110699,0.04911353857601333,0.9870504198553098
110999,0.0677119940168859,0.9716646745017459
111298,0.1347502605576177,0.8648498569700739
111599,0.12936690257774464,0.8455368596566994
111898,0.1270321572277161,0.8661293214097272
112199,0.15311484663807437,0.8206772360137082
112498,0.09094408929061304,0.9137376027962364
112799,0.15088086450286922,0.784820943764173
113098,0.11708635310713365,0.8818093751319475
113399,0.07537135657930392,0.9434936908953327
113699,0.1841927255603941,0.8395096074494747
113998,0.18490347901525483,0.7983904799311896
114299,0.18748121162340434,0.748443394488669
114598,0.1720470743704105,0.8137629714829668
114899,0.13432243950425968,0.8869988768934178
115198,0.11230514609014243,0.9253611152319021
115499,0.21635773881657144,0.7131465493983961
115798,0.2701572477846818,0.593035696324228
116099,0.3202314669910249,0.4224827972662204
116399,0.23862278461006683,0.7218565890123455
116698,0.14806746007676416,0.8419730636679528
116999,0.1706253361737286,0.7994702217817071
117298,0.10951202694559514,0.8969042098388603
117599,0.08011885075593542,0.9564078157474538
117898,0.1229155205051952,0.8754025482171158
118199,0.1250250276526364,0.8703300937433224
118498,0.1290479096716507,0.8212313152157772
118799,0.12426372751132202,0.850109828706351
119099,0.16872905198515264,0.7009919524587673
119398,0.1520838870376306,0.6395847527452795
119699,0.16550771505408812,0.7824963301438238
119998,0.24470166233420965,-0.03881753536467336
120299,0.17569379912063543,0.705084156010508
120598,0.21733599914630958,0.39381932926227325
120899,0.2289772754909637,0.30686323774321955
121198,0.25997195224006203,0.25153066310483196
121499,0.1522337898802143,0.5786706841198577
121799,0.16590025538689937,0.32365203662076014
122098,0.17686938818508555,0.3001754031940691
122399,0.153611803328688,0.3328895158237605
122698,0.24989778214856484,-0.1093660062520041
122999,0.1902870467867355,0.0539859626410214
123298,0.16480674507372098,0.19507863209292464
123599,0.13811177853204765,0.46227016725877546
123898,0.14634823237971734,0.3114871694281409
124199,0.10925237131269468,0.4789910609486654
124499,0.17325773529451535,0.07664103814032353
124798,0.17343345943184338,0.0646663118501779
125099,0.13930082526217435,0.4133369793406614
125398,0.12654907236768356,0.3596470534278342
125699,0.18207527538741738,0.003673104598008403
125998,0.13378375668309805,0.39667204100796005
126299,0.14346476285664164,0.346014855580007
126598,0.1264893768684102,0.3483481294377281
126899,0.09272691643897547,0.6289462442804816
127199,0.13626694792610825,0.25774470875879607
127498,0.10875618935961155,0.478441899663121
127799,0.12678651436683946,0.41209000260733053
128098,0.10878564917994843,0.5075740054471455
128399,0.1348907856925757,0.3259570360531169
128698,0.18728561788914033,-0.1329389910508334
128999,1.7200662557268969,-0.2341127149982667
129298,2.6605827419127497,-0.2800193827469464
129599,0.971725471551077,-0.41656023840524314
129899,0.956616651506931,-0.4671049349208163
130198,0.31174157605409836,-0.3183488395531382
130499,0.13107339562133646,0.5279102344208659
130798,0.20949413517786297,-0.2977114314541245
131099,0.28912963097340316,-0.32635974917799726
131398,0.12286834125988182,0.5607774917856031
131699,0.32775044675956755,-1.2572216066056496
131998,4.641937067317098,-0.2910191852995452
132299,7.744584100022111,-0.26378979600795094
132599,0.7734727312008359,-0.38127682627931114
132898,0.7686869178683112,-0.3966094382235166
133199,1.6552572719639964,-0.304147227495001
133498,0.47642650691554905,-0.40271171588584953
133799,0.20042465830380815,-0.11523885576205051
134098,0.2916852241471401,-0.7423556241396696
134399,1.7745622470413875,-0.3198494305543651
134698,0.5204710175616141,-0.2802959067310229
134999,0.35288254348853326,-1.9350211362866117
135299,1.655133071953565,-0.33610426211648403
135598,1.3421769076011931,-0.3616329763874879
135899,1.2889312915206779,-0.4181676411554278
136198,1.6667169588597142,-0.5575602383315612
136499,1.0105632966997602,-0.383328283896784
136798,0.05294857702697633,0.9731699100223808
137099,0.15375120883536283,0.6189823846575963
137398,0.771027042509607,-0.33603052920676446
137699,0.34114963551287214,-0.405617382253217
137999,9.659253909070902,-0.24027516678031002
138298,126.50977784760529,-0.31217975344915216
138599,0.0694011714596552,0.9781319654984449
138898,0.0819992385260634,0.9728316150178732
139199,0.13152658521359303,0.9395225130969348
139498,0.719708925357324,-0.3342141006365007
139799,0.9896935566565129,-0.08419494409125994
140098,4.997663056649395,-0.20255654333586626
140399,8.784914324188728,-0.1809874787664736
140699,23.50101646005228,-0.289457429520934
140998,1.4170447155003094,-0.1783250430838681
144599,27.12193644360387,-0.29548603492036385
144898,3.137313243288835,-0.5537190422034934
145199,61.93225638984432,-0.6006645756922213
145498,14.018694274228245,-0.6894013334069109
145799,5.256079731671719,-0.7001987004834687
146099,0.8689355891306954,-0.2179245768752054
146398,0.8723090267545899,-0.21588969290886517
146699,0.7817649359119454,0.06845918009326912
146998,0.8459866818741157,-0.13952879552596165
147299,0.8554828656746719,-0.1801995406695478
147598,0.8193625170707619,-0.1271811056669616
147899,0.7134906073092007,0.10734787226587139
148198,0.5940636547758128,0.2982933046695617
148499,0.5698537066740792,0.4153276026588205
148799,0.5850185968092979,0.22704042117056744
149098,0.7145318792682991,-0.25587717310131675
149399,0.25521951560913597,0.7079689219794651
149698,0.25888392041679925,0.5157924811775665
149999,0.0845980521665676,0.9716925807349797
150298,0.09288157566449677,0.9531004312978993
150599,0.17251389824293806,0.8974081804420944
150898,0.2950028171099808,0.5839064333107804
151199,0.21957610383318402,0.754894313139327
151499,10.587211775298591,-0.3753440507474157
151798,0.09711929034932525,0.9577380507581487
152099,0.40876394980428116,0.042307366646988975
152398,0.07108874157181204,0.9784731012230182
152699,0.06119111106890359,0.9788720473292672
152998,0.10446625601178035,0.9057434922819309
153299,0.2783419741097741,0.635675102250268
153598,0.23550009813045594,0.6408842434341175
153899,0.12706513928622193,0.9288510431563365
154199,0.17049482303426772,0.8763145798474985
154498,0.606888049439211,0.25024710802875294
154799,0.06438150931824121,0.9818665461732391
155098,0.1112441724855237,0.8968423039352305
155399,0.9558594670059857,-0.27885148592896036
155698,0.0404252168696041,0.982876505821425
155999,0.1326560003649246,0.8169561568547223
156298,0.43047969157091315,0.4436097517702853
156599,0.06474570901517973,0.9645731140963163
156899,0.06664292522357068,0.9686162695770844
157198,0.12104571118726909,0.8616591252424272
157499,0.10585687011639304,0.9144988747918141
157798,0.09471108116477196,0.9376739916260405
158099,0.13819676836022465,0.8997755573301214
158398,0.11747481603707256,0.9306904080007744
158699,0.38356435912843356,0.5338571512925396
158998,0.5303682284550313,0.5233065584163996
159299,0.2772344446929742,0.7705875946560847
159599,0.2301285784216867,0.8620989973029817
159898,0.18542158837544823,0.8879537380272635
160199,0.39331301559918475,0.7205981655120836
160498,0.2193003087011342,0.8744871509655756
160799,0.1509713803291612,0.9549149129737674
161098,0.15092994391309375,0.9337766316603902
161399,0.14798389787991093,0.9475014228327784
161698,0.31193487403852616,0.8333230990162935
161999,0.2997715739455319,0.873899724286458
162299,0.41989925334618955,0.8132386029456876
162598,0.5276196476300954,0.6844891518123266
162899,1.07615847357222,0.11461321319667939
163198,0.3599020542239886,0.7920677190842975
163499,0.21238402466683157,0.8354512955116989
163798,0.2860105706916497,0.7446646235909237
164099,0.23404585327006286,0.876005477096905
164398,0.22524294056107813,0.8559773587592721
164699,0.19464664265890705,0.8995088591665841
164999,0.31013290262017235,0.8343614143267097
165298,0.49631362136988044,0.7308212289107853
165599,0.1887285114110423,0.9426853353932476
165898,0.4446876940911124,0.7492340929939378
166199,1.1402097944791818,0.14296320643708427
166498,0.21126132068558423,0.87255980702856
166799,0.337841995515632,0.7657462144782894
167098,0.2482257085351061,0.8596287163726241
167399,0.34280935308536375,0.8037089797298482
167699,0.5382450967044508,0.6256140140883456
167998,0.5924851666248752,0.42277434378365264
168299,3.7213576240911976,-0.011483166495002806
168598,4.264804000668233,-0.030730864503527133
168899,7.770498892155609,-0.12053817689096857
169198,44.92067012506646,-0.3176747752015763
169499,82.9675346922813,-0.4004808893801106
169798,44.04585766080365,-0.5062994312574849
170399,15.291080288459758,-0.39606125780902435
170698,0.3079192164930523,0.39030511700113213
170999,0.4397700793759586,0.11997235377213378
171298,0.35770866311571026,0.060538343999868016
171599,0.42661891090754445,-0.00936120550887165
171898,0.7153784931909983,-0.21488178093596821
172199,0.3698647793500255,0.07636108566173694
172498,0.26842245626781747,0.16224299945747678
172799,0.28427014115414745,0.09004663407610591
173099,0.2579395349099459,0.3404499729591087
173398,0.22448759578608765,0.29108525659619555
173699,0.26597778821429713,0.22195591915749946
173998,0.13742835899735195,0.5593561267460427
174299,0.11555010893230122,0.8157536446938826
174598,0.30277981927915376,0.09559771261830374
174899,0.5321693314627154,-0.19656059390047065
175198,0.18613835237249166,0.46031088053739666
175499,0.2141237066693554,0.4303279380269758
175799,0.13536904567426833,0.7323067573821669
176098,0.1761672133540096,0.6565150977081391
176399,0.12112083591675954,0.9007611194762568
176698,0.21603535576318342,0.5710259716046673
176999,1.1357313983421455,-0.02144775131738852
177298,0.09664257350411458,0.8888546238730313
177599,0.10110939862365755,0.8982458842813016
177898,0.08065569597758582,0.961262516019897
178199,0.0881721215131846,0.9249571492484285
178499,0.10951683461142436,0.9242024297444822
178798,0.0707340896974538,0.9752331009866564
179099,0.2138317161001938,0.7423164916512379
179398,1.7626761102851733,-0.07719618245136672
179699,2.6852978494844177,-0.20552416645015215
179998,0.5894985586788813,-0.04421442729447955
180299,0.3132527027651322,0.5176656301024318
180598,2.5293017932294055,-0.2110464060062196
180899,1.2665924067759349,-0.20055523128414277
181199,0.25629628496800105,0.6784272031591201
181498,0.6227858513631144,0.1872038393797587
181799,0.4133401096017464,0.32288718210287626
182098,0.3790478736935974,0.5503696812265735
182399,1.6943474122315239,-0.2671203193493439
182698,0.7538005440993254,-0.01816062197623647
182999,0.6864966792822909,0.022794679815866137
183298,0.9398900208325939,0.007259904902105041
183599,0.9397428746050862,0.035216864244008494
183899,8.104246284497997,-0.42537936839089063
184198,3.268636035232702,-0.12349169702003371
184499,4.520514602127254,-0.5448486167981925
184798,0.9348869494392821,0.0699643607243513
185099,0.29958485316900935,0.46836806489390026
185398,0.3546039623882539,0.674206042236458
185699,1.5215100379684303,-0.021212562049383266
185998,0.06238275419946308,0.9630057234581456
186299,0.18649008997528405,0.7706822599929867
186599,0.4599449168944844,0.41924657498309925
186898,0.7556481086877933,-0.24037253129314928
187199,0.4945877236501715,-0.2197663973797317
187498,0.7911746552153045,-0.2314916147016426
187799,1.3886078032470752,-0.23141018386974332
188098,1.1943619201025255,-0.28247095998461047
188399,0.05833290808009931,0.9684693940428881
188698,0.06806970462729486,0.9584532844238854
188999,0.11975215366163974,0.8775423801924478
189299,0.15111837712742882,0.7565723990392998
189598,0.17200147164726057,0.6825087187405383
189899,0.21015112039941075,0.5226836278463449
190198,0.1836195996694,0.621620892605483
190499,0.2203666100956705,0.5118047408655246
190798,0.21465302088416538,0.5405475179148445
191099,0.22729738406092748,0.548942043194415
191398,0.30679196705716066,0.50778166776889
191699,0.4836733404590472,0.1075757103599927
191999,0.46411023676157626,-0.007013661671161353
192298,0.24742833485398508,0.6805366594704679
192599,0.26877063415328206,0.7546126331297848
192898,0.5325205040283546,0.08191928405715443
193199,0.8509308886106068,0.02644805675650752
193498,0.31103090059271143,0.7548703583401242
193799,0.5847405259987792,0.3137911283801822
194098,0.21163073290173856,0.8701559764988892
194399,0.21165459180285073,0.8914804241694838
194699,0.09600809265869732,0.9721037418815632
194998,0.16870377261287692,0.9501759084343054
195299,0.26700084026157617,0.8707813932617479
195598,0.25986015883435315,0.833408858375547
195899,0.3914423212983037,0.7686523496919911
196198,0.24739576511871236,0.7937717450491386
196499,0.10316787230441245,0.9723419388402046
196798,0.2226763956176132,0.853105480360296
197099,0.1472651692936113,0.9374156223857036
197399,0.25662765843318275,0.7934778853426255
197698,0.4572954360977353,0.5812966607194524
197999,0.17984572772862634,0.8674095757854791
198298,0.1673282873256471,0.9309140225752123
198599,0.1572689662319203,0.8908870986460281
198898,0.09981648274376756,0.9604880689470974
199199,0.11385464442960005,0.946763056051728
199498,0.08980065342163661,0.9445393298563849
199799,0.11445085790958008,0.924480181609291
200099,0.07796390149526587,0.975042542237718
200398,0.07137673741696124,0.9590548720463251
200699,0.0945465595961375,0.9338655638947897
200998,0.09643246174566168,0.9183456173304072
201299,0.21994156276390908,0.6034326226043435
201598,0.13152223305318025,0.7927259488333479
201899,0.11989180114662318,0.8804602920371232
202198,0.14480904970609584,0.8183907531842963
202499,0.22457281487854758,0.6872687998725253
202799,0.5531058138669185,0.19178744003468473
203098,0.1844470505851742,0.7142996189207006
203399,0.17243012892067971,0.852698584251748
203698,0.1445709395002847,0.8449118645502464
203999,0.15823831472725877,0.870883448796551
204298,0.18494094729486898,0.7694930262395943
204599,0.2863014906782472,0.5809982272148425
204898,0.1856637721756011,0.8295176664685373
205199,0.0722264502326455,0.9750526778454703
205499,0.1226954138763589,0.8864828998072048
205798,0.12420177450665267,0.9076734665305098
206099,0.1455195641752146,0.7772289313794549
206398,0.13821783538072036,0.9150306455945371
206699,0.23816367940443278,0.8394467060764961
206998,0.24453797151478815,0.8304131968507366
207299,0.1385891794079312,0.8749404616837622
207598,0.17649625722111464,0.7429964389919432
207899,0.2023652763945372,0.7631746894615266
208199,0.16960415079195626,0.8195476705051694
208498,0.1250094462663848,0.946984709496271
208799,0.193692166740595,0.6867866269271035
209098,0.2408603623446338,0.6747430977012565
209399,0.36889105169833947,0.7080391653201887
209698,1.4364553588350928,0.2751586541968043
209999,1.0645149137071053,0.2748856584320709
210298,0.6504822571397244,0.5642987423787719
210599,1.8141405507068677,0.22807593738556342
210899,5.402279114842952,-0.084476224557271
211198,0.31032925651450316,0.38045423754534935
211499,0.9008774602495984,0.276580274071478
211798,0.7067093289482895,0.506798158954061
212099,1.130879477174599,0.12543702851098681
212398,0.355685739061347,0.6050653798677198
212699,0.4730904392395503,0.3685510956152085
212998,0.07378689734556577,0.9221814237781218
213299,0.139274330985428,0.5446471825443071
213599,0.4841051047641343,-1.372962334038807
213898,0.9898506373119554,-0.006036419363329326
214199,0.19783920242269354,0.5570734460538215
214498,0.19861888772935163,0.5104967812439698
214799,0.26248154609394114,0.09318125768876395
215098,0.5742389350360437,-0.4872377249197344
215399,6.1278248899102,-0.46712925242182823
215698,0.07953659458122193,0.8628687044003733
215999,0.06944327766319086,0.8672643885571685
216299,0.04581550003747428,0.9586112280193381
216598,0.05692441696855793,0.9003394699543374
216899,0.04706419450060662,0.9582794468199652
217198,0.290928941151745,-1.727060169004241
217499,0.9905424945640952,-0.13473761792928163
217798,0.4653615532875483,-0.0074095758763490505
218099,0.24973239951448153,0.3686672859414345
218398,0.0407156347171635,0.9694203548815941
218699,0.04803739519267022,0.951287424149537
218999,0.057409888793408775,0.945521092933308
219298,0.06720099804468355,0.9352190875337085
219599,0.050651464159665954,0.9533449792426896
219898,0.03837189715076882,0.9719724545862651
220199,0.0692231251713417,0.9234256582120627
220498,0.08032333377960849,0.9223566010090122
220799,0.030909046974984384,0.98608044509295
221098,0.052795827058525965,0.9608999528031896
221399,0.4506133647096515,-0.17491554040209167
221699,0.07154186878956612,0.9221444246312358
221998,0.2929536193329547,-0.0015601236173650168
222299,12.02151496476904,-0.2143590490063907
222598,47.55705424752885,-0.3119901393193796
222899,38.30029520478527,-0.299417139179615
223198,58.891878233594575,-0.23958021580291522
223499,29.71671048781611,-0.22943203124689493
223798,33.22656761128774,-0.2298310315285388
224099,40.49033759647862,-0.2637908130466853
224399,43.18564772786752,-0.25355750480833406
224698,59.591583821301356,-0.24750311422644988
224999,107.16674534921304,-0.2692681695210368
225298,159.61331351052183,-0.28318454471888943
225599,111.13640725259404,-0.2810386760694008
225898,107.24086197651042,-0.23453443755507575
226199,109.30544552744392,-0.2763112452026122
226498,66.5145139704044,-0.2828773276835532
234598,7.1479398463345865,-0.70459824113915
234899,58.63064029124713,-0.3758754930429402
235199,11.577545274375105,-0.6185655580580498
235498,18.76225602715758,-0.409030224010821
235799,16.284115873348046,-0.5786320987844775
236098,,
236399,3.2440243175116423,-2.9109700271302836
236698,,
236999,4.250857099585485,-6.3401821975235855
237298,,
237599,15.53226276601907,-4.255390387376535
237899,,
238198,,
238499,,
238798,13.69335324039633,-2.298516565120959
239099,34.36825156476521,-0.5821746703100315
239398,7.206232748448116,-0.429430353450897
239699,5.499890254978792,-0.4341690928750539
239998,20.691743011874728,-0.396747771809284
240299,8.492783623858012,-0.8825601172364375
240599,2.627423452134458,-0.48838809287652896
240898,4.979226697802732,-0.8052409588848772
241199,13.766733099183698,-0.394584738686079
241498,4.7203554424089695,-0.5773273640392302
241799,3.6731796108205015,-0.5167672145029467
242098,0.727927610617654,-0.4190246871937995
242399,9.721948030618275,-0.7397298769397944
242698,15.238182169714419,-0.7978360866402021
242999,18.971735245450652,-0.557888260218272
243299,22.445688082736954,-0.6837087711701253
243598,23.81067786621055,-0.615619652659833
243899,14.954938945644809,-0.5112481773487558
244198,16.63022800763255,-0.6713918959495491
244499,24.707612344626888,-0.4814976297798521
244798,43.0924096199696,-0.305657174168225
245099,35.3484844364932,-0.6977103325838319
245398,35.82330121309218,-0.6367485641554693
245699,29.679018625397735,-0.3946006954222361
245999,25.3004754580722,-0.489098711183658
246298,58.512938505218926,-0.3644148614101248
246599,60.04522253201901,-0.44069755758036977
246898,89.68834538815683,-0.26309493662819405
247199,50.50592931608558,-0.4380133699854627
247498,36.23125872640305,-0.6676320395737128
247799,3.745492214514849,-0.3830398859513702
248098,45.78929999910244,-0.24880626588855015
248399,20.134369878445238,-0.3169538661755693
248699,13.521040817978628,-0.45340717385461704
248998,6.2237978683436,-0.7144899201495618
249299,7.25943205985745,-0.5650315266150558
249598,7.13230367023297,-0.6048630740037626
249899,9.154597662971518,-0.5141733651563309
250198,8.495286357210095,-0.5816809010079718
250499,10.052387137352435,-0.5926107924152864
250798,10.507196568496138,-0.547391341761829
251099,12.666776237579567,-0.5490488975343351
251399,11.769399664132727,-0.5366992641560653
251698,10.55101124231721,-0.5163680645329047
251999,13.245126446621322,-0.3398449705936273
252298,12.343626568315194,-0.4475450126835727
252599,14.452872477952731,-0.3514699262989194
252898,5.235753422580717,-0.5004013591911756
253199,0.8643347503136359,-0.444408565311488
253498,0.5509145393372452,-0.19327860912579964
253799,2.015904835136025,-0.4128814293017298
254099,0.7812691513374161,-0.40135517916181085
254998,0.6456591965217585,-0.3420601825746079
259499,2.165095682943437,-4.24561477504149
259798,,
260099,,
260398,,
260699,,
260998,,
261299,,
261598,,
261899,,
262199,,
262498,,
262799,,
263098,,
263399,,
263698,,
263999,,
264298,,
264599,,
264899,,
265198,1.0255023295767138,-2.325341604552765
265499,1.0084188824657259,-2.404621307010421
265798,0.8098453170894305,-1.339910844438152
266099,0.7468658107834805,-1.1488714953651642
266398,6.914484020980932,-0.2999225631396194
266699,0.6634431383856059,-0.3942980012675261
266998,0.6054431368550626,-0.05414305275254461
267299,0.3104549170258223,0.500909458926472
267599,0.24487285402592013,0.7083450846401973
267898,0.2145284705946524,0.8300878022128862
268199,0.5763998841029164,0.3148332190845431
268498,1.3134845279238925,-0.1318497840574302
268799,1.0478375393904722,-0.28043222698012293
269098,1.4870909430653358,-0.2197453332644168
269399,0.18538198174434373,0.8335481141974481
269698,0.3591437756670726,0.6613829469472714
269999,0.7326924396129226,0.16848253002918723
270299,1.2793313116126106,-0.21308199010282936
270598,0.40332226740575944,0.5549579571183263
270899,0.25885753121538396,0.7907737573398269
271198,0.6159456817124013,0.5335889599058536
271499,1.277834372854786,-0.15869302115652362
271798,39.250910020485655,-0.3819201631209901
272099,0.29285097872340266,0.8115455536670815
272398,2.330318779336349,-0.10918324474688301
272699,0.07455094326236807,0.9709149323254609
272999,0.08510336822564439,0.9786935532079135
273298,0.06148489739856741,0.9861403034501832
273599,0.12671844312779515,0.9513874193554732
273898,0.07314947849224201,0.981279848199178
274199,0.08260987632032707,0.9665555800242359
274498,0.08575000642123395,0.967760998617641
274799,0.10326546935901335,0.9638471709314426
275098,0.22272714192331206,0.8679558020108198
275399,0.35988681147459034,0.7336324692065634
275699,0.29010227239385966,0.7024762357472643
275998,0.5149096509933977,-0.01572236345594269
276299,0.5194714791377399,0.08627062870526236
276598,0.2162884220762127,0.8277733408122141
276899,0.7652958240368349,-0.20164694927998372
277198,0.5423354712637918,-0.029626860317013337
277499,0.4141333272479711,0.6913827879818801
277798,1.4910149039759881,-0.33085046845671195
278099,0.22176452644142242,0.7622836870646656
278399,0.3184950437617846,0.6326616278163552
278698,0.5710586653299626,0.07332962378845664
278999,0.3966836594458681,0.45389716365231103
279298,0.5456346603585414,0.25271799199698897
279599,0.7631022542685664,-0.050823328683680336
279898,1.1675081126161224,-0.39859004850345325
280199,0.6817427167130556,0.3377163771577534
280498,0.49085830731738894,0.6750864126345655
280799,0.5793387174683207,0.6422833585716652
281099,0.38152182216113745,0.8545081941058629
281398,0.26427469711287466,0.952012364895639
281699,0.32332514835831166,0.9290797027902739
281998,0.2146301510668163,0.9743305948687218
282299,0.5159592074408573,0.8919034278061391
282598,1.260582468062927,0.6692337303121327
282899,0.2700394078491257,0.9706322293226388
283198,0.373501181080575,0.9212277059542413
283499,0.30115739321658774,0.9662880751617278
283799,0.39050370760735026,0.9282840452700579
284098,0.2843971896044421,0.952745454994316
284399,0.37548401405157855,0.9605094075669536
284698,0.529417560403141,0.9407253347974426
284999,0.3273050843497921,0.9740866814946458
285298,0.511492297854976,0.9376649054031815
285599,0.48199347751744476,0.9656510877424787
285898,0.6475191611055708,0.9408285714876914
286199,0.7167445286990347,0.8903250501310029
286499,0.23366175633378702,0.9918299931135969
286798,0.7401985907892995,0.916129361222503
287099,0.6278273240777582,0.9421406473511601
287398,0.32720686869935733,0.9757577781643719
287699,0.21986925465489915,0.9845752655540215
287998,0.31548715113073256,0.9737232783710015
288299,0.3321268999743141,0.9626831040898439
288598,0.15965796040832958,0.9857283968974471
288899,0.26238539723009974,0.9585617599086833
289199,0.34112646469444674,0.9132406860985302
289498,0.20775521940836728,0.936420350874867
289799,0.45148320130300224,0.6725622099221318
290098,0.38980081291386753,0.7800211090555592
290399,0.32662826846290866,0.8260382625929124
290698,0.46491832089002116,0.7964487589761241
290999,3.5399600120171804,-0.14615154981357592
291298,0.19943532026946995,0.8707012791198318
291599,0.09577199985174636,0.9686620090451353
291899,0.16172527369182724,0.9266554558376512
292198,0.22358092529856594,0.8586748705022311
292499,0.389308273266736,0.7563485976211479
292798,0.6182244051857824,0.4280013495486614
293099,0.2994713817394741,0.8116238310343695
293398,0.5493780078568588,0.6430423191007844
293699,2.420276497215494,0.09669160687661116
293998,0.38717558460012125,0.7246990447723537
294299,0.21057775040397447,0.9187624362708142
294599,0.34860738367910715,0.8477234483971074
294898,0.48919413355800107,0.7383149987171269
295199,0.16388005631298488,0.9548086451999475
295498,0.321839542905413,0.8543540685389234
295799,0.5095691566946028,0.754991477809501
296098,0.13654894671017476,0.9656670599712165
296399,0.2441089558232069,0.8020810482880187
296698,0.13210526593294802,0.9378524984184827
296999,0.33324452590398346,0.7270485518075878
297299,0.43374735930439795,0.6564268432229157
297598,0.2860771480058053,0.7473401450406965
297899,0.29449713148822987,0.8085652283695081
298198,0.20026069111910327,0.8810909421076868
298499,0.21741160442985386,0.8271576965305267
298798,0.2902415769567328,0.7111912771137399
299099,0.30964781513086703,0.7451150223704605
299398,0.22337427733164336,0.7773454724776164
299699,0.2936578285159074,0.6368772984989615
299999,0.33923898106730105,0.5089355202533927
300298,0.2713170385863355,0.6423081443089462
300599,0.3682046591107049,0.48172438128192097
300898,0.2580347828227368,0.692463246891613
301199,0.20375531240254505,0.7932982410133838
301498,0.1453213694464006,0.9189277587065625
301799,0.22007559984440722,0.7647527853654155
302098,0.19626467802633316,0.7399425391494512
302399,0.1465162687207943,0.8410716907191109
302699,0.5607445693369721,0.30924886759875103
302998,0.0939705227345154,0.9667622901079276
303299,0.4968968931938283,-0.04134057260136359
303598,9.76836089741993,-0.3590974979986179
303899,4.100907806312099,-0.27134733630763064
304198,0.06529191381700375,0.9661581177587685
304499,0.10297190254868631,0.9031768301370495
304798,0.0715519566786238,0.9583209013667524
305099,0.06891460381270996,0.9647149355331195
305399,0.06572929838184824,0.9722297990081099
305698,0.0768008657440936,0.9717017412755095
305999,0.12834434424769817,0.8766576588229751
306298,0.08357255053084092,0.9597413398409064
306599,0.06143346303349336,0.9804951524797093
306898,0.06368824739501279,0.9629333720539347
307199,0.09305791989285772,0.956392018358186
307498,0.08154639611110608,0.9572920857424904
307799,0.09061720809741303,0.9662289672389628
308099,0.07614029704347271,0.9801122376194981
308398,0.10834176957689046,0.9713970302746687
308699,0.10764092693545041,0.9721952115512538
308998,0.09387802213751942,0.9556154475215843
309299,0.08214783313519175,0.9665835018615484
309598,0.07949673963407958,0.9641272996908058
309899,0.07972824539192563,0.9717874269019999
310198,0.08020877962305374,0.9533721549949359
310499,0.08663599343389257,0.9621111795025736
310799,0.08447729396884571,0.9720850639288514
311098,0.06335422326398601,0.9793468232417222
311399,0.07403765085367345,0.9455025370842269
311698,0.046470970472453854,0.9868706152537203
311999,0.05555317506552054,0.979647324191463
312298,0.06197643212442139,0.9810732553219517
312599,0.08599215037755134,0.9668730021118017
312898,0.045032449816301195,0.9854491538465945
313199,0.05826815078152776,0.9778959364248362
313499,0.07262544505646074,0.9545376766682705
313798,0.06578786097240712,0.974524912213258
314099,0.08574168444828474,0.9635517026726566
314398,0.06814177821437398,0.9701328098900596
314699,0.11244540809191429,0.9525939070318521
314998,0.10127064257494317,0.9535240461679801
315299,0.2751356675499653,0.7235794763494985
315598,0.43371068407161506,0.46063881614119073
315899,1.9388944356588478,-0.13665559051185872
316199,2.38469128568708,-0.19550668788998204
316498,0.48420276501924264,0.5032407587843541
316799,2.1704767449790308,-0.42686306247497807
317098,109.52051734106084,-0.2488926382350709
317399,73.36670760271308,-0.26071092448861766
317698,93.8262985314826,-0.14665688845889968
317999,100.76613146260699,-0.2250277633899349
318298,51.07852571665396,-0.27639181676919633
318599,62.99867190143388,-0.2111576674419664
318899,39.94904057622825,-0.27233207861980047
320099,1.9708366496274725,-0.9268261776780282
320398,14.289296119921804,-0.7751218617460316
320699,19.748282407466363,-1.1381987416995303
320998,14.669337161552129,-1.0022006723519206
321299,39.87302402476592,-0.9270661572085759
321599,14.787405995613746,-1.1270233814733484
321898,22.50708617200405,-1.3011486899887448
322199,9.93101185106999,-1.2239356496128506
322498,4.078301491103473,-0.3612841709611412
322799,3.7719812091974245,0.10787730297368547
323098,3.549929995928744,0.23972142051788314
323399,5.924310740000716,-0.18150785698935978
323698,8.791181459979041,-0.4569051603917491
323999,8.954357918198536,-0.35348554825152
324299,9.535544694696931,-0.25717463590204814
324598,7.128424320692432,-0.17918172645620678
324899,7.5546575625860015,-0.14776369561545
325198,7.510407765069235,-0.255589684733871
325499,6.42429368834357,-0.153727449190596
325798,4.454744422329309,-0.0539665362124333
326099,5.763780874383347,-0.3661006799733284
326398,11.397711689415146,-0.5679773632773137
326699,3.5258638159787954,-0.0718868315648018
326999,7.948966278955325,-0.507964010159826
327298,9.099918139257706,-0.576597388832496
327599,6.407879760645815,-0.4035321356313475
327898,17.51361506167946,-0.7205567670424455
328199,42.69134301673903,-1.1976069017945163
328498,9.037006219646731,-0.3980327726242945
328799,11.265438474289306,-0.5841452563387943
329098,6.030139333686829,-0.4018027001745912
329399,2.7379708803705793,0.1282435015262805
329699,26.001074695791374,-0.900781519143202
329998,28.447178352288418,-0.9962991866004971
330299,11.08248848261561,-0.9535950817464607
330899,0.7990139432968768,-0.034289722673596534
331198,1.0265762347260814,0.1315308396767878
331499,2.9614646981056754,-1.1074127839555885
332099,0.7453236997532484,-1.097712578970599
332399,1.9201602920475276,-0.23641727843602278
332698,14.991634925450093,-0.5596944979756455
332999,8.026902645278295,-0.6657711880595063
333298,17.277207435179047,-0.9423364344126617
333599,10.434382792833182,-0.5797590779063728
333898,14.920078610312437,-0.623937267685569
334199,29.280537435402508,-0.755758490471969
334498,36.97339343427408,-0.9453255920531305
334799,38.26970965661901,-0.6999479338725234
335099,22.729144831420253,-0.638269124607421
335398,18.064893449902605,-0.7278789530796084
335699,12.748283208829898,-0.7670572270397833
335998,6.018251245193837,-0.662743896452217
336299,1.6967606435434375,-2.4488028001057622
336598,3.4728356647840637,-1.1541899272162306
338399,0.6941263713738692,-0.5619961332904737
340199,0.25555892884920317,-0.7570641839750172
340499,0.7890904594083403,-0.4405212303477404
341398,0.17313190789067576,-3.1999186588857693
342598,0.195389522425187,-3.849125716186572
343199,0.2643946057160242,-0.4878541081069814
345899,3.429925456502245,-0.27474643240113505
346198,2.7348598791722027,-0.2990150657523427
346499,1.7849055056724785,-0.7933791904939822
346798,1.574381807623231,-0.7900561529061991
347099,1.3600334859686067,-0.8409153464194015
347398,1.2213873595122395,-0.7482624848517674
347699,1.1547008486409558,-0.625481637042574
347998,1.165841289521107,-0.5202741616138715
348299,0.9864813949454179,-0.6374675521791686
348599,1.0387478619065174,-0.6055309102228257
348898,1.1925276795258515,-0.6647386887014843
349199,1.8070343475559452,-0.4659949807717392
349498,1.009547767795337,-0.6466949689167389
349799,0.8935231948298777,-0.6693169826752192
350098,0.8166347580165886,-0.669642244321939
350399,0.7484128017305899,-0.514653370908597
350698,0.719267150322209,-0.4202445176330567
350999,0.6199114371524295,-0.18266003066788183
351299,0.47190022672949106,-0.019338812976478437
351598,0.4776826307974004,-0.021134326067173248
351899,0.5343956089493926,0.02083135918180634
352198,0.40824700945321746,0.2776485326111844
352499,0.6666229852060904,-0.14590122388589832
352798,0.6233057476699649,0.04607930141737371
353099,21.81186475853069,-0.2776145967486294
353398,0.29147527027075787,0.585957498000574
353699,0.3380202776325947,0.6016485049494539
353999,2.5121107523999266,-0.1985001815928138
354298,0.22137056415133144,0.8497553283585988
354599,0.2302892194258315,0.8692587042119924
354898,0.22630519980773517,0.9022549843650024
355199,0.13944031211981972,0.9722996839334821
355498,0.16634054410966367,0.9601358052378078
355799,0.17052276873623454,0.9663551604131778
356098,0.3643332544422837,0.7415657405355439
356399,0.11259804322789331,0.985935064346427
356699,0.29863348028530606,0.9100442923088029
356998,0.19022053552276466,0.9653095408748906
357299,0.22137136094090953,0.9450901384306002
357598,0.16707404406071052,0.9588036233217789
357899,0.2236452558483002,0.9634170096492743
358198,0.19844633449578308,0.9624499930883996
358499,0.2619099665934842,0.9493284855249461
358798,0.2557886919801119,0.9549262993480594
359099,0.22713776596136656,0.9434443941615691
359399,0.1616428841691505,0.9730471006115526
359698,0.3923304410539859,0.8864765191976491
359999,2.9782337909615415,-0.11617097634727358
360298,0.2953268593308913,0.920206860192738
360599,1.2661422663153037,0.24490835615734308
360898,0.6683096368646706,0.699684692553741
361199,0.2046841239160625,0.9500719466611176
361498,0.2740320614220004,0.946679994296604
361799,1.3555050262640411,0.3854705775957453
362099,0.29777504587262715,0.8919305372734909
362398,0.33734724991547016,0.9017071008558313
362699,0.2781072489654096,0.9415664449700613
362998,0.4421090401816867,0.879600986430913
363299,0.799058415313594,0.7206262570280414
363598,0.32179492839968227,0.9246599388639978
363899,0.38513836801694845,0.9002715546014134
364198,0.6023518243291248,0.8229309792000068
364499,0.34747580112803933,0.9331668222692081
364799,0.3966629701669349,0.9087450529749657
365098,1.041307624753557,0.5557432697958655
365399,0.9573759270046072,0.37899940389334985
365698,0.4272159408472585,0.8485119083036848
365999,0.4486368489006465,0.9102844270771413
366298,1.1877618984483775,0.29815109471098433
366599,0.6192023503714674,0.7442022993550279
366898,0.30137158978947065,0.9164834914338399
367199,0.4723144028944754,0.8896030047297223
367499,0.43941121856651677,0.8806430565831954
367798,0.47223740190623087,0.9127546429346564
368099,1.3482918402665325,0.5095538986817401
368398,0.4222944429044716,0.9209907103903129
368699,0.5065034248011745,0.9230717065488077
368998,0.5740119542598601,0.8762164203287777
369299,0.3589636342506788,0.9376105773302525
369598,1.230162848382394,0.5253139608548654
369899,2.4072526088958517,0.053588937001759485
370199,1.3659007514365062,0.5745682453539813
370498,8.572986050326195,-0.2424263182341515
370799,3.362939215302244,-0.1606588660851498
371098,4.521431745661915,-0.23516248999689338
371399,3.3796631199618434,-0.11604367778031022
371698,0.4657334176247232,0.9354794302173498
371999,1.1792217853704203,0.7835985888335057
372298,10.802594221540112,-0.19204837956023946
372599,11.301162320200234,-0.19278451578329903
372899,5.671789624940572,-0.20754528953315998
373198,8.112110221043952,-0.21200085630518428
373499,6.28483114739849,-0.22887419708354284
373798,8.980344196688367,-0.2059506754565621
374099,3.880214520282906,-0.02652217527621037
374398,4.1966037217973655,-0.08900477139453034
374699,6.913243394196584,-0.19558157928979725
374998,3.012730955676818,0.29012798749864244
375299,2.3955767886821913,0.3501598551920937
375599,2.6554481830135765,0.42166059254964605
375898,4.41904982536304,0.011139414642460488
376199,3.1893415237997043,0.29857757627725034
376498,0.9367538825250359,0.8373862484312102
376799,3.0873461654963577,0.1595443234173496
377098,0.512641498007685,0.943348663320699
377399,0.9199967629161233,0.8458741390118919
377698,0.48426079807482736,0.9418121435403264
377999,0.2938882441020484,0.9504568435892212
378299,0.3123877323651848,0.9479348315708385
378598,0.1755761464300497,0.9820263056704172
378899,0.12656501006267337,0.9922538294615845
379198,0.17809064388006263,0.9910698356235186
379499,0.19209731922409676,0.981366461626139
379798,0.2910038519716859,0.9469998672159686
380099,0.302898793746685,0.951804173909779
380398,0.26706924495834355,0.9726344264410175
380699,0.22796442721982377,0.9795387382093838
380999,0.22406151007060338,0.9792486378338182
381298,0.29184335643450066,0.9499862818658237
381599,0.2275442138474184,0.9778318138519411
381898,0.24869367784121613,0.965085206094974
382199,0.4306810556055207,0.9225942932621845
382498,0.2890603878029633,0.9606270606021133
382799,0.3653845893926083,0.9256158105396127
383098,0.4940343824824159,0.8899173834113326
383399,0.4317882235057387,0.8912732688129916
383699,0.6124894786532781,0.8715181829486822
383998,0.4808170101655709,0.9123829938546788
384299,0.635840210613891,0.8672590271643423
384598,0.9022716169837468,0.7275222972628674
384899,0.5539883252261067,0.8962681122545666
385198,0.6924520142240803,0.7943249593786522
385499,0.5972335411252443,0.8557194774136643
385798,0.3915442618897928,0.9239302531922708
386099,0.30155244680488935,0.9475716138703607
386399,0.22887459677925126,0.9572791398270843
386698,0.3661062745714729,0.945092101296077
386999,2.609950924552075,0.3192001958973131
387298,1.1248185248768483,0.7319529520037926
387599,4.273665313064138,0.03672243801922681
387898,13.480170910245349,-0.09896123612146623
388199,0.33485956902533814,0.8441494707232335
388498,0.48405185326580685,0.7718095550623928
388799,0.2813605810105963,0.9025471385363736
389099,0.16677703899707041,0.9504524814328752
389398,0.15962027337573506,0.9590251291741673
389699,0.20056043104490995,0.954092873291331
389998,0.16617661277910642,0.9521378220323352
390299,0.25528870639981915,0.9271166975455607
390598,0.4208434417063416,0.8300646020736049
390899,0.23320634977123106,0.9146258889584393
391198,0.16831388051557947,0.9526697372464786
391499,0.08813476728715257,0.9886318933644043
391799,0.20779148356379643,0.9331930334049454
392098,0.12916079972062866,0.977131419820443
392399,0.16314073254580738,0.9642458948063851
392698,0.15214377645107657,0.9677820005029124
392999,0.13786970696383055,0.9732289520263752
393298,0.11475979242112194,0.9691840939670617
393599,0.13055848245115867,0.9682365948351463
393898,0.20101828797955965,0.934528982061675
394199,0.16951063282130413,0.9601359693467552
394499,0.10465015785054138,0.9781406649507658
394798,0.1017637717796982,0.9778056770087321
395099,0.17204053523048574,0.9553818346195931
395398,0.15296438441319132,0.9682449997658739
395699,0.13500953370166513,0.9719487722750799
395998,0.1157927753494644,0.9815132186593143
396299,0.2463684570874428,0.9167909211715376
396598,0.10777869110497934,0.9853142741337487
396899,0.08213845255432646,0.9925455916008293
397199,0.16979034590925382,0.9701153005015836
397498,0.10458868514132252,0.9842835474680851
397799,0.0989415820892941,0.9908847248123308
398098,0.10991340077010903,0.9780486429036865
398399,0.1278243887463874,0.9809273242210836
398698,0.12096177442347537,0.9856683757472274
398999,0.2951813321282763,0.8874851961344866
399298,0.2397391634495366,0.8978035115658822
399599,0.21166477665484906,0.9416527582167169
399899,0.09995121998551498,0.9820320293200183
400198,0.32763869105804044,0.7570047179034045
400499,0.4678356772793904,0.5140279077594989
400798,0.2323693795123965,0.8398951775194704
401099,0.16737054811253163,0.8381295155366618
401398,0.15428027071881556,0.8869973429189039
401699,0.1090074283517105,0.9692238136063183
401998,0.22802754689452037,0.8388005067784708
402299,0.13691596265655312,0.9721185621284053
402599,0.17018931276473656,0.8971125570766668
402898,0.2258016137298504,0.7884138443882625
403199,0.4012312784133942,0.6606196889777542
403498,0.5556140959264309,0.513805066939159
403799,0.41092596520577673,0.7728144174042899
404098,0.3572849708482274,0.7982704497000377
404399,0.36318901108512563,0.7816629376050029
404698,11.755339890864967,-0.39772186167029444
404999,42.91739764363418,-0.22462270224517944
412198,3.344190088303992,-0.749630571784367
412499,48.281274669733605,-0.5851144119629281
412798,52.66646051271177,-0.8177025567462828
413099,34.66179868184303,-0.8181181514846725
413399,39.229912904192396,-0.6191264465383937
413698,14.9804907922429,-0.9127550234877801
413999,11.455025008449512,-0.9539115754598526
414298,13.16732908935705,-0.8854730368838375
414599,11.833289053020334,-0.7214504337315055
414898,8.642282243709552,-0.43621213439592554
415199,9.678025830942367,-0.4599153865796486
415498,10.019834042443689,-0.48747692000438514
415799,13.51719497088186,-0.7385833282338556
416099,60.22638848945038,-0.5661180737809681
416398,8.363206502785157,-1.7427488360091368
417299,3.2298971515341197,-0.3865870248927865
417598,57.43581149536403,-0.6720073782868268
417899,1.465072171366402,-0.6456830139399043
418499,2.030658780447476,-0.5463869222194075
418799,1.2406735675099623,-0.4456611701009692
419098,16.69898444374151,-1.195665837042596
419399,5.175324179273011,-1.3416191016423147
420298,0.7609198539528018,-0.46821798519632485
420599,0.8500331542694229,-0.7695496861965778
421798,0.607845178556675,-0.8695046620190592
422998,0.9410250051546016,-0.6120201318350478
423598,1.4923833960692083,-0.5443736220866102
423899,2.766337067752863,-0.7060303709025191
424199,22.632013028113672,-0.5873049419399834
424498,12.007992616952835,-0.6096584726434968
424799,25.688241827233167,-0.632160739495029
425098,24.720501093932725,-0.7630380428396846
425399,25.583459979018713,-0.6563682693599457
425698,30.358734739832794,-0.5936830596971931
425999,25.767505732100478,-0.7707117509663999
426298,26.54211551980807,-0.8718095155046168
426599,23.442244100591548,-0.860476145545513
426899,20.484060150069368,-0.7727207624939023
427198,24.169895642685137,-0.6833245752393953
427499,26.314572614613862,-0.7096725577964575
427798,24.268887786661576,-0.8644125271460752
428099,26.616398817288133,-0.7107195171748479
428398,26.197774024478836,-0.8050104905290341
428699,15.57957873166457,-0.640909587870341
428998,25.29024494299534,-0.6999900134882155
429299,28.457271273696577,-0.6969760699569922
429599,22.35079961581975,-0.7104477892848182
429898,30.90726998984205,-0.7237353418326837
430199,35.0360799400718,-0.6737649548956361
430498,35.51992589042805,-0.5482823618122112
430799,30.563965405656276,-0.5451256062561449
431098,37.15894455718691,-0.5865421263921471
431399,33.93805826517721,-0.6261433609669678
431698,28.656598063485806,-0.5733608871060101
431999,26.19139265465248,-0.649417819812345
432299,5.194768305275886,-0.5846070513197898
432598,8.48735548084548,-0.5152977954201972
432899,0.7277835992440065,-0.5731598547838415
433198,2.3278865903483226,-0.558476175367774
433798,0.9840039996930806,-0.5793200875830107
435298,5.2571197861161645,-0.8542607079885924
435599,4.227359991447183,-0.9645314381254202
435898,6.6422277915536645,-0.6938093010892203
436199,3.588527529623109,-1.0557394435542307
436498,3.8695239724147763,-0.9245281186966468
436799,3.1242976856555162,-1.2266294211879476
437098,3.6360121204749607,-1.0358143571572436
437399,3.214475432178664,-1.1154570441696037
437699,4.004991637007368,-0.8101808764629814
437998,3.725660439819868,-0.9441691197001678
438299,3.45232059673422,-1.0545868093824158
438598,3.21706163497959,-1.1495606110565308
438899,4.543862297633135,-0.7600331008879291
439198,3.195217716074498,-1.084100779196144
439499,3.4775290104934786,-1.0573146399417421
439798,3.1105503023707946,-1.2178526312201816
440099,3.1571824648916276,-1.1787819534294912
440399,3.7597335414772752,-1.2137020121812672
440698,3.0531607453638494,-1.3628159059284792
440999,3.0930032982828313,-1.253113002349755
441298,2.8556261071971836,-1.3309494073550359
441599,5.838494744323044,-0.5949213193967335
441898,3.850632337852276,-1.207471997956401
442199,3.1594015648198686,-1.2610131969324119
442498,11.626949344165633,-0.27789299890328323
442799,10.104664487929526,-0.18310430421560508
443099,11.416931830676683,-0.20506796881288292
443398,3.056469443724961,-1.31177558538716
443699,3.0597652162527385,-1.3465412942727961
443998,2.937699463030517,-1.362339592524095
444299,2.90970895323885,-1.345668085971587
444598,2.650587260886998,-1.399094135236986
444899,2.8824688199494983,-1.3746541301646635
445198,2.7283261688869977,-1.4000802248029691
445499,2.5430214010582946,-1.4167433842713364
445799,2.4164451533036644,-1.4590113971316425
446098,2.362717295120794,-1.4445737965670733
446399,2.2159370095328312,-1.4484041516134663
446698,2.407564792961072,-1.4970241353525338
446999,2.3841931838360733,-1.4900874787900888
447298,2.3921487117157016,-1.4414571418122901
447599,2.3295737778777386,-1.4532149361152453
447898,2.383482113799035,-1.53140724802486
448199,2.493173624646257,-1.518636451889786
448499,2.4165798674286645,-1.5805019884289293
448798,2.431551411373109,-1.5481137300846557
449099,2.703487206759683,-1.479401898232462
449398,2.8234116009008865,-1.5101566912338114
449699,2.7948341717481093,-1.461567465646982
449998,2.816724119930979,-1.5722375500297452
450299,2.9156019956378585,-1.5819923932556934
450598,3.8926401233392465,-1.6069524208497965
450899,3.3760488810906772,-1.849838184460178
451199,5.161807923563783,-0.817965466283407
451498,3.3579135805105427,-1.6087874546350602
451799,3.4203741431309136,-1.5947445626159036
452098,3.4978511628924873,-1.5962348681442715
452399,3.4629770542767466,-1.6915603778197448
452698,3.536743485022116,-1.5899697996553743
452999,4.120683183811469,-1.733157732760152
453298,3.414244877026747,-1.707909116408139
453599,3.7148249054688756,-1.5869566375408053
453899,3.4254317327373944,-1.678673887749341
454198,3.597231231327672,-1.665441519136337
454499,3.707471043494339,-1.6500479319253785
454798,5.1621666212457695,-1.2858801020332575
455099,4.140149639459617,-1.670609806276453
455398,6.01806869306832,-0.6814852776972418
455699,3.9670489819688757,-1.8236339267149835
455998,4.57976915084619,-1.576187911162159
456299,4.706531557149431,-1.504267987202868
456599,4.065385097611511,-1.7227491016061096
456898,4.024399110586932,-1.5407306183623484
457199,4.50718146716795,-1.5502985050270226
457498,4.52150458978832,-1.4873560176798755
457799,5.0216949071008194,-1.5674874105318808
458098,4.87082705699897,-1.559425509432086
458399,4.562424602360079,-1.4487779516130552
458698,5.254602743431839,-1.5166709716659206
458999,5.081243417297581,-1.4642900104404535
459299,4.799638429387858,-1.5026237216785776
459598,5.150439707230451,-1.3435752826630516
459899,4.834484066799896,-1.411204179422958
460198,4.941566789589246,-1.3897230299387524
460499,5.193943025010543,-1.3567378978672866
460798,5.352655820149432,-1.3705314163523323
461099,5.611418169786006,-1.3703207080527093
461398,5.966244512579987,-1.349873599883932
461699,6.39654859042721,-1.2658294354183068
461999,6.912387466473508,-1.3292000072969445
462298,6.556905836931838,-1.2903410205162245
462599,7.440992770684153,-1.237619805737284
462898,7.314910093128598,-1.3359942077763192
463199,7.3186711947304515,-1.249534781421918
463498,7.414932021904061,-1.311793907194517
463799,7.975071556364709,-1.2040823814506747
464098,7.689208985873969,-1.2257825069167887
464399,7.195676741670265,-1.311252411713923
464699,7.963403578698041,-1.213736649147191
464998,21.51053810069332,-0.4637528990573172
465299,6.993223530906376,-1.2351855970281882
465598,7.045140968304524,-1.2244730539119892
465899,12.859524698032168,-0.7291399863919772
466198,9.259875440403967,-1.2856657676502619
466499,5.554455367827673,-1.0869689264141935
466798,8.175247552033598,-0.3107794248542064
467099,13.13324453842943,-0.5827432876815468
467399,24.37279591610304,-0.43613673323055346
467698,29.258718174566,-0.5183261300135211
467999,9.937398355647025,-0.8117276892794607
468298,9.548527709408596,-0.6416909189900148
468599,11.399495593211839,-0.6754774564692678
468898,19.320013766392393,-0.4703845379042615
469199,41.79818884440397,-0.4873047556434591
469498,51.674916712572944,-0.5247080379954945
469799,25.758238910693322,-0.6490084273073418
470099,21.112662284230353,-0.6762609128826864
470398,10.016062362262764,-0.9184578208648719
470699,22.83643593145721,-0.852403296480521
470998,17.724740438515077,-0.5217960388603482
471299,10.143007071968876,-0.9230372157763183
471598,8.271172469035147,-0.9192899417560896
471899,4.546558441496654,-0.6521282836455309
472198,14.35200858565122,-0.5573147170940123
476398,0.5876278681939842,-0.5444801366693106
476998,14.593240825804429,-0.7829338492563902
477299,6.2662424225082285,-0.47485614898399
477598,6.702101508690237,-0.3583088580410685
477899,3.4255414987481094,-0.9849268275401155
478199,3.34733236698422,-0.9357476221999506
478498,3.2684085084564423,-0.9255309833170084
478799,3.2680440838684794,-0.974332644615497
479098,3.0714901077342205,-1.0364418913286944
479399,2.8875328641161646,-1.162047219296125
479698,2.817483744886998,-1.2444711947713127
479999,2.6640310675559795,-1.3629032779044263
480298,2.689264522287461,-1.3980887563980535
480599,2.724203751268942,-1.3662323361895523
480899,2.396505088782831,-1.4265509676540704
481198,2.8245538250305167,-1.393614442625176
481499,3.3082564068067457,-1.2653835403595486
481798,2.8260440716022757,-1.4055599951573443
482099,3.0755894656555167,-1.4011123410393984
482398,2.9178663803499614,-1.4401721799950207
482699,2.954574229305979,-1.5339968789734955
482998,2.7584952581045905,-1.3723060039681627
483299,5.614547965010543,-0.7654141180660574
483599,3.055457579764313,-1.3245146787220956
483898,4.078715284452673,-1.0652998427783502
484199,3.005991214642487,-1.515169383641684
484498,3.2750178097666036,-1.5530615473192357
484799,3.1113314342535983,-1.5794621036598802
485098,3.458417576306839,-1.424780280744875
485399,26.402305999172484,-0.348556256940445
485698,3.4036228952280414,-0.4346496924884866
485999,59.88656873066322,-0.49571105143954086
486299,54.6896056607049,-0.5870039840660004
486598,29.785820573628502,-0.6101041823297735
486899,42.03939737912156,-0.23465886848498618
487198,39.49838085029516,-0.2324697287958768
487499,30.647334542223412,-0.2864571046556619
487798,30.44710679785536,-0.30950298730548
488099,38.081021694704894,-0.37487955175448096
488398,45.2659957760961,-0.43566536464867833
488699,51.39492111810767,-0.35662231208582873
488999,61.15352710276971,-0.31099945246487337
489298,41.71304792057527,-0.3781332323004325
489599,43.182166720644716,-0.4024219970653089
489898,56.148899376306744,-0.36732593794755375
490199,57.17851265191786,-0.30985546335273284
490498,49.09622771154747,-0.3792452853204906
490799,49.51356935544564,-0.36798539458185275
491098,58.64865888914702,-0.38190371461456496
491399,46.791036842609984,-0.45708133224888337
491699,43.763030019616934,-0.43351808801662295
491998,66.82279887804981,-0.40918895772246566
492299,76.86816455427896,-0.5199083710105183
492598,96.44895853072804,-0.363622964367444
492899,72.66533178958221,-0.4340149478783659
493198,20.348744077354922,-0.504567214689007
493499,25.114442090283696,-0.6032544651125293
502499,14.42658607333221,-0.815072552756974
502798,6.3467409118720886,-1.1304145259971108
503099,6.828260489295265,-1.0700726521362651
503398,8.759984257501284,-1.1995406756376457
503699,6.551717865762857,-1.2486890189271156
503998,6.6602531130938765,-1.1665396617255568
504299,9.979494501035479,-1.1438242001489707
504598,15.313755839607763,-1.4728813602697857
504899,42.37249325318175,-0.8522521745408913
505199,32.314374588619245,-0.6739787669417967
506698,3.310208037255819,-1.2716327780057357
525899,6.202451851620794,-0.9324433198325777
526198,6.01927619888237,-0.7675708065892792
526499,6.742740964325358,-0.6177517607551564
526799,5.867085250822185,-0.6901614295642275
527098,5.165528805224961,-0.9835631289841023
527399,4.504637260498109,-1.0285001694209477
527698,4.3963150713314425,-0.991172684286711
527999,5.68936722523422,-1.1208266849765596
528298,4.251341090134684,-1.0891536324026805
528599,4.015022071243479,-1.159861399077037
528898,5.944349440873109,-1.2143491786936722
529199,19.574183905385453,-0.5335849061120721
529499,16.600326058623875,-0.5853405946712558
529798,4.4602976707350805,-0.8905587294734121
530099,10.436330588568318,-0.6940821557027959
530398,19.310334976299806,-0.4101041769212215
530699,4.6840376183823444,-1.3464227463194671
530998,3.2482157511948686,-1.3397905038732065
531299,4.125093218169404,-1.0877260762792313
531598,3.7371820091725803,-1.3730534829392544
531899,5.304300242262858,-0.8564447734986849
532199,4.359576596501283,-0.7742738393258384
532498,4.497549523274432,-0.774495428133015
532799,4.1715676508160975,-0.68807171850227
533098,15.248394806644708,-0.30563834065761064
533399,3.204445865367025,-0.831067664733786
533698,2.6558994370907016,-0.9993572744496035
533999,2.7440247074772754,-1.066491088500527
534298,2.8007275777619975,-0.952484775749465
534599,2.9136220382967197,-0.8712885783888635
534899,2.6719179457967197,-1.0611475289292271
535198,3.024027404003599,-0.9495604882133024
535499,2.717665817556839,-0.9317834677939976
535798,2.5739736573615346,-1.0475983438850176
536099,2.416381199442553,-1.0850271921356014
536398,2.5420084255976456,-1.0617357930839537
536699,2.7617914849749607,-1.3373323334849405
536998,2.5321533881416283,-1.2212330784745506
537299,3.781903506133229,-1.270435323968269
537599,9.058173042873108,-0.7539849141660147
537898,48.94079138535998,-0.903609691316086
538199,63.24740842835305,-0.8283734355731707
538498,67.06134850296417,-0.7931373346779544
538799,76.04620404436099,-0.6786563009520548
539098,67.60260301898266,-0.6891420694515451
539399,42.88566735285261,-0.8858682264059623
539698,46.25950812136462,-0.9652390544313454
539999,65.4430515256952,-0.7925701868187778
540299,3.22536031999656,-0.8779368305897943
540899,0.7486379077457941,-0.7659995345435411
541198,0.6352450021864404,-0.7510296954542202
541499,22.540933795482673,-0.7865448920156721
541798,18.34792387015628,-0.7913354366435796
542099,55.58105801426739,-0.583947284841918
542398,33.78501720314934,-0.5814317712725552
542699,10.774587035234987,-0.5374189055272534
542999,6.184742283283597,-0.432644059981361
543298,4.425172330156283,-0.659823751992002
543599,7.580888413531282,-0.3795576178324218
543898,7.425813155952579,-0.3076874162216501
544199,2.5081350640776723,-1.7826180471464839
544498,3.736027826441099,-1.6110007982750685
544799,2.760448116632344,-1.806617099451064
545098,2.8216748337211914,-1.684173190038242
545399,2.704878681009659,-1.9684743852353108
545699,3.828266541783597,-0.36009079868397964
545998,3.5550196430814185,-0.8382820678474527
546299,4.558729903285478,-0.489602340538257
546598,2.0085833905591546,-1.6300707354200106
546899,3.663507732371654,-0.8564225093861528
547198,2.432893268943413,-1.9726739448119495
547499,3.0708326912766526,-1.19352413020333
547798,3.344900774133228,-1.1964923700300467
548099,1.9991763825660986,-1.8654435248389531
548399,2.1750959861679506,-1.4377126606602655
548698,1.885341878721191,-1.6735225796340472
548999,2.2243883337304506,-1.7698823306363503
549298,1.9586994384133207,-1.5081028375482912
549599,7.471409268387763,-0.2434864145840807
549898,2.571764001285122,-1.7088359399171065
550199,2.2385369065035987,-1.5105151915027175
550498,2.3116178298323025,-1.4982445171632026
550799,2.179828729788321,-1.4585541172529575
551099,2.281140273820728,-1.4317424945570871
551398,2.36345412942721,-1.4069542616907365
551699,2.593682152908691,-1.529295745550947
551998,2.5625706283369323,-1.4710176689553864
552299,2.8390234758114685,-1.4724702052425789
552598,3.102592464496654,-1.3861316188977488
552899,3.3564213906633205,-1.3356543869080562
553198,3.6914928522651724,-1.329651309335215
553499,3.742705959287461,-1.258624222939547
553799,3.7740529336393127,-1.2786333886887822
554098,3.9827215783823684,-1.2765131010575614
554399,3.984096891248109,-1.2176217572039576
554698,4.019903317616165,-1.1941680418428646
554999,4.190976085400886,-1.221282411160781
555298,4.292241564046721,-1.2187187548389669
555599,4.606152338586072,-1.1594148388954069
555898,4.587398024577673,-1.213656369335121
556199,4.616803566833757,-1.1828319645821872
556499,22.254604530112303,-0.2705573045487142
559498,0.535319522026414,-0.6659023094549583
559799,24.852983051964156,-0.605816052964731
560098,14.760890423607671,-0.490544752518544
560698,1.242036122774338,-0.4867197572407791
560999,0.7782568682967528,-0.35444576459841315
562798,25.36833218048268,-0.4851767071325952
563099,72.37427983666322,-0.5069001662249175
565498,2.4685374069558907,-0.9282961919873918
565799,4.781766674079127,-0.9193427122931719
566098,4.124458121977277,-1.1298133178302
566399,4.15529448967172,-1.0938450059375793
566698,4.12375147786385,-0.9951488518217071
566999,4.306833985102276,-0.9091579171943465
567299,4.0198571262180165,-0.957590922442112
567598,6.04052206381369,-0.5688288185829073
567899,5.027150606336047,-0.7166501538915406
568198,3.4576922047481093,-1.1684298241539985
568499,3.441691226486535,-1.234343182696895
568798,3.259285423778201,-1.286743745871175
569099,3.1184256405027386,-1.333980296076322
569398,3.495970970126855,-1.4099930330194494
569699,9.59948845828832,-0.3532986442797732
569999,4.638646148201813,-0.4721637567449122
570298,4.379695046723506,-0.7978494924329318
570599,3.4324370958522756,-1.310038011488333
570898,3.2642017891925534,-1.2288667014728922
571199,3.3002236377087573,-1.284870343047273
571498,3.3968864342388496,-1.2427364235348115
571799,7.2303896715914675,-0.7277515349447521
572098,3.6736304623916283,-1.3617125583657956
572399,4.332560399856881,-1.58709276592048
572699,3.4749913942967194,-1.1744123699167792
572998,4.831685172356905,-0.9719721094837461
573299,3.797510839005913,-1.369663271950928
573598,4.019871741248968,-1.5719695627381016
573899,3.784721436128071,-1.2649857032945468
574198,2.950837499005053,-1.1738584620734245
574499,3.01105285098422,-1.1378577996554853
574798,2.7410079150837574,-1.1885112402352371
575099,2.7687770606092204,-1.2311287700268059
575399,3.093494276954128,-1.2235048113197835
575698,2.94498281829672,-1.181456849155794
575999,2.6123587873800536,-1.20409828440184
576298,2.6048293689680166,-1.2329307458926375
576599,2.7518898042860056,-1.3892089047494505
576898,2.3828143117272753,-1.2832158690141697
577199,2.6605552243577653,-1.401887869753128
577498,2.274254562031376,-1.2635149440165603
577799,2.2028243229596165,-1.279649415753167
578099,17.752820977406284,-0.4417422535773037
578398,12.094083916785912,-0.4638922685113094
578699,9.881949547045172,-0.5779258315864588
578998,77.06523887672803,-0.3571494020651347
579299,59.991959423429435,-0.3276505982889226
589499,8.35319220810304,-1.1676562521074128
589798,12.634967895056745,-1.4290484660593505
590099,27.08991322164008,-1.376199417775776
590398,23.50490321391323,-1.4809878518777921
590699,20.114771207142393,-1.6105791244268417
590998,7.126548732119338,-1.717680003796369
591299,7.0270730516841535,-1.2716974506027743
591599,4.514389269174895,-1.0304454378887198
591898,4.310603229871654,-0.994739634732696
592199,4.857815415149433,-1.2526497356813264
592498,4.791679088707302,-1.5460761041788849
592799,16.57296333052906,-1.2072538374009119
593098,17.25536947755631,-1.606597900675793
593399,4.727306337588387,-1.2098853404875278
593698,33.746360469195636,-1.2832838122624048
613498,0.9441275590420903,-1.135046689082447
613799,6.575766724255053,-1.209891366237978
614098,12.793963172186375,-1.5683971628860434
614399,4.372928259433294,-1.1084785600159228
614698,4.2427373526647765,-1.1150406183883588
614999,4.466325948180978,-1.025053983472418
615298,4.429057826176351,-1.0078291387029363
615599,4.3566017584170895,-1.034455196562189
615899,4.110529635449498,-1.0965012031884056
616198,4.149113640327579,-0.812185297003895
616499,3.924804576697184,-1.132419043998044
616798,3.9033626677573685,-1.2815530229059298
617099,3.8290239585559798,-1.2845925017416726
617398,4.809570496731904,-0.7312349329393857
617699,3.2291930974657017,-1.2307222662837125
617998,5.243542022259659,-1.007986177766627
618299,3.346672917942554,-1.27515015051396
618599,3.769895979255053,-1.4273415992039475
618898,3.3395559148893126,-1.3249742256881318
619199,3.416457638055979,-1.317631484347209
619498,9.270960844869244,-0.7358639417443127
619799,3.1755280294425536,-1.33422451563084
620098,3.2414980640096833,-1.3198999892354988
620399,3.5237425956925534,-1.390589938157159
620698,3.1944267423383863,-1.447167114865474
620999,3.662125265210188,-0.9573654134350373
621299,2.964317190419405,-1.2407649112583035
621598,2.862403630537461,-1.2292077190955286
621899,3.0118869337689422,-1.2940239568374832
622198,3.100585617136998,-1.3538489584097033
622499,8.721114728538321,-0.8319103020534071
622798,2.8499497937782015,-1.2457949322359303
623099,7.507341828829461,-1.4795109290075623
623398,2.8167103587226463,-1.1988876248823113
623699,3.3357786488438763,-1.563053140641558
623999,2.7576136372180162,-1.2982064007491703
624298,2.8789300422805173,-1.297296734681738
624599,3.0771835675189423,-1.338498990167226
624898,3.001665231727276,-1.3721328177604364
625199,3.0557927237110722,-1.2966596741647756
625498,3.189630646218016,-1.3506589078969755
625799,3.033085997368479,-1.3193637045842443
626098,2.882688770474961,-1.2651645559897524
626399,2.919678094748109,-1.3074842600742227
626699,2.8898563621994975,-1.495285473087074
626998,21.4262900288323,-0.3641657400525182
627299,25.154870571322515,-0.5485681385166583
627598,60.793742113452566,-0.9006293014470876
628798,30.5126666475336,-0.5381014213291082
629099,12.930824262369338,-0.190093607505754
629399,8.955029196656376,-0.7443749893666436
629698,26.642417140150336,-1.0256414975856631
629999,28.799007828260454,-0.8281966110953505
630298,25.988743363320634,-0.7737440253830812
630599,0.7125408366152804,-0.6016563714246321
631498,19.577821239924802,-0.7683622767338107
631799,27.182403015614618,-0.6325728196686187
632099,14.758507613765078,-1.0937131987489863
632398,27.437284634151652,-0.4303118011462308
632699,22.895702980952578,-0.45288983325231147
632998,17.821015819211404,-0.8538452928222984
633299,8.824862458072516,-1.2556380108257463
633598,6.0554956990846165,-1.9619200813926816
633899,25.789377570653965,-1.4344624798724759
634198,5.476666778691099,-1.5893932426475064
634499,4.233025247135543,-1.6498800581128474
634799,3.864164048596192,-2.2953426775892947
635098,5.223078513172579,-0.8223414597189982
635399,4.1420709549225805,-1.8981582204731189
635698,3.338630620487395,-1.6655308397901525
635999,5.560116885628598,-1.7025551372236905
636298,5.369633885478136,-1.6572192408071893
636599,9.552276777816099,-1.4920710870880218
636898,5.370173291529061,-1.764935638153447
637199,8.044476127274338,-1.2607091184182235
637499,5.8795403816610055,-1.6950171183514229
637798,6.327051082003599,-1.3318694892152667
638099,5.112543773371561,-1.7574232160470236
638398,7.543895865461404,-1.6427177800717416
638699,53.528663436915544,-0.4240852950015197
638998,129.91417612210768,-0.11619201937567736
639299,5.695414816894802,-0.4924001204245305
639598,0.696244027663227,-0.7247247918185751
639899,1.635372456248875,-0.742128724224081
640199,4.266530111066099,-1.3232702093960729
640498,6.487439243070728,-1.083236675289728
640799,8.302487992320728,-0.643191302298483
641098,5.5426412348924865,-1.049439990730653
641399,4.596884900880912,-1.5219494972983032
641698,7.324822329211931,-0.9103551494306674
641999,5.2898153835613755,-0.34880567862288414
642298,3.5481858287928567,-0.5656382658935761
642599,44.61974988657064,-0.5945672859795579
642899,82.66405841105674,-0.5974936150833301
643198,4.987549476156282,-1.4230385565798738
643499,5.73048984130221,-1.3490046424654616
643798,6.631464703994339,-1.3116402285037596
644099,7.9491210956008205,-1.1422706111892178
644398,5.910060777214247,-1.115602794912102
644699,5.684103270161006,-1.0537238356272187
644998,5.910720040945727,-1.091234685797056
645299,5.9561243711795235,-1.0020723383989663
645599,6.969021249934155,-0.7800917817089101
645898,5.678558219031377,-0.9782190323474949
646199,7.01575305906147,-0.787970394053854
646498,7.4953220581887825,-0.8013802886095756
646799,8.33039423709156,-0.7854845044452121
647098,9.32487892965406,-0.7067946808678889
647399,9.006532773049896,-0.7536782840497105
647698,8.863738100415636,-0.7317733486511975
647999,8.489247193799894,-0.7434797535662294
648299,10.198087126716564,-0.7281585983703747
648598,14.21312837045909,-0.5839594325966622
648899,12.790973271355355,-0.6285376020532278
649198,10.901689281244247,-0.8539991863449354
649499,24.68699991385955,-0.30861425665523123
649798,39.64618471880442,-0.4500299700745094
650099,27.67883655696041,-0.5314016171635076
650398,53.563697146413226,-0.4633001127221339
650699,40.794200251603044,-0.43570207664060856
650999,46.277675837799364,-0.31258649095005353
651298,38.8018744219614,-0.41367274668889875
651599,4.835211036068412,-0.30761658122058266
655798,9.921829217936468,-0.5142523576318216
656099,8.364660475489709,-0.46292541107228846
656399,7.9489814526465885,-0.5286166672597485
656698,5.107353645991164,-1.0023804872338409
656999,4.8395553159124605,-1.0634169713271882
657298,4.68256993380598,-1.1656709724283916
657599,4.412263689572183,-1.091863330169177
657898,3.861205354859219,-1.1737305506885334
658199,5.587309932674895,-1.0016940499683078
658498,8.883149121340146,-0.7136097722589081
658799,9.205112137714153,-0.8199113390919976
659099,9.067017041459524,-0.5292487195060478
659398,13.795586881352275,-0.5346589321570083
659699,10.257776701944868,-0.5153851509295264
659998,7.5573368377157015,-0.7644312134695448
660299,7.898150947924894,-0.9410725711779147
660598,7.653061113318413,-0.9684564563687272
660899,6.886630081253598,-1.0114040470857861
661198,6.564580144086073,-1.0673219288724614
661499,6.487079027530517,-1.0232275841475027
661799,9.416033403070728,-1.0771651733220287
662098,8.599042724818412,-1.030324549711937
662399,15.008761353247444,-0.7604944118766661
662698,11.27442044448687,-0.8978215808226577
662999,12.24064513849844,-0.8917513382156577
663298,13.735023872630386,-0.7955888780074039
663599,20.49351972341742,-0.6699355594393153
663898,21.10315972413545,-0.7554063630966108
664199,22.387183330401648,-0.7418495996334193
664499,25.888797418443314,-0.6746174430847676
664798,28.3567376605961,-0.6208928506379978
665099,22.82197236483684,-0.7323904787674471
665398,36.73822592751971,-0.5649764299117774
665699,51.47522861419332,-0.7057617551180295
665998,64.81324028736462,-0.584749323158694
666299,65.88537399895489,-0.529721277229138
666598,54.08963244792944,-0.5746681499439015
666899,60.6776439913623,-0.43180273992306395
667199,29.606272959579897,-0.4707457481324293
667498,33.893576483329895,-0.530773408088238
675299,21.532444549758136,-0.8781368441758295
675598,9.294783631304432,-1.6989321535952575
676198,5.771489147365611,-1.6783115568447005
676499,11.102111280450357,-1.4583378658754955
676798,18.54391728687619,-1.1470157764336943
677099,22.090410943799796,-1.4307573285546602
677398,13.883426191866931,-1.9097057160060102
677699,12.791592894732766,-1.4061396586091477
677999,10.126617381991931,-1.9013021285126084
678298,15.57370990803316,-1.197669629681175
678599,21.80558189143184,-1.1880289413775302
678898,4.727267855353136,-1.9291098897375987
679199,3.985248597742024,-1.5245536796830317
679498,4.043101923579986,-1.6374238440716145
679799,5.675659357471191,-1.3891197631798944
680098,4.180702382401746,-1.3147378673557824
680399,4.117039622804524,-1.23304774762346
680699,4.394228145049896,-1.2334388008692176
680998,4.799124052251284,-1.2726867405920976
681299,11.325584728523905,-0.855085542122487
681598,6.890017729392486,-1.4824023723802924
681899,16.6264971427114,-1.3933780316781426
682198,16.357478393452578,-1.5018175796433626
682499,5.625418979343877,-1.0878746240473443
682798,11.179881661285911,-1.5365202315330833
683099,4.050543052519803,-0.954290019396389
683399,18.979400493010452,-1.7100747803007765
688198,12.629944406816097,-0.6138806449053817
694199,0.4542395778422254,-0.4893788112104511
696298,2.4223633073985478,-0.6932534845765772
697198,10.075060045167424,-1.3498259623814182
697499,24.85498459004295,-1.40895595878236
697798,11.588184222683294,-1.2033545072261975
698099,4.6185980404286635,-1.1593396293422535
698398,4.987629998910146,-1.1603205844283533
698699,5.276092691539776,-1.008204370609644
698998,5.47601823023422,-1.1282606132481097
699299,6.383019628508228,-1.1796278701913296
699599,5.505582581834617,-1.0533993978198302
699898,4.985035062236536,-1.0134389416275282
700199,5.159465766267487,-0.9805344206968811
700498,5.736396938718876,-1.0425741545757523
700799,6.02314280793561,-0.9926371829338649
701098,5.932127078751284,-1.028161922051369
701399,6.08717811736385,-1.0320872159291206
701698,8.341876781200357,-1.137061414825053
701999,8.754336789429523,-1.1763726902832823
702299,5.8549206999411,-1.1155141459740476
702598,8.77145407067721,-1.1218120114957952
702899,5.405095539597622,-1.4648836756284833
703198,6.532818425900888,-1.4147949672430702
703499,5.421486484025886,-1.351286989622197
703798,13.64002083837807,-1.13909447623969
704099,8.209944652191531,-1.3848926574494889
704398,8.377206311549035,-1.335973832620132
704699,4.459839192708757,-1.311353519885892
704999,4.600333733898571,-1.3425897024515199
705298,4.899195166683295,-1.3153692627525206
705599,4.624783273743478,-1.2541037905231254
705898,4.513752364930979,-1.208708719170268
706199,4.480608438023573,-1.2009007226911188
706498,4.253589457660146,-1.1581191017043286
706799,4.417220474382368,-1.1622465384428207
707098,4.287269302192554,-1.0773332586961426
707399,4.424758448611534,-1.080593382038257
707699,4.573913965301349,-1.1018590252556302
707998,4.368813866724961,-1.0901732432475675
708299,4.69323705292635,-1.1078360657457447
708598,4.299173431146258,-1.0768520680516187
708899,3.8965897675860726,-1.3057285603712954
709198,4.0068335668152395,-1.2965709026793837
709499,4.0646299351994974,-1.2747811907193185
709798,4.11850105898422,-1.2252485752726603
710099,4.180019041264313,-1.1374891680001715
710399,4.1600078539680165,-1.0817162833376517
710698,4.318350941611535,-1.030012769773767
710999,4.320969210935609,-1.063121951640733
711298,4.389973111805979,-1.067548194917118
711599,4.448144746643942,-1.050340271570973
711898,4.494998256630053,-0.976440224736536
712199,11.29247947597119,-0.6020048783813066
712498,4.687950870838386,-0.9865270304186129
712799,4.84785415548885,-1.0016017006488998
713099,4.89422622756061,-0.9544869336014137
713398,5.151258486773573,-0.9046821608968831
713699,5.400967534780517,-0.9001096521297554
713998,5.506534013116164,-0.8686881742473374
714299,5.379248890001284,-0.8691482996661408
714598,5.338224530228136,-0.8521202014464102
714899,5.106979946082301,-0.803648718362777
715198,5.304246355473506,-0.8969480404926571
715499,4.712086392443414,-0.8473129983198182
715799,4.688993983214247,-0.7349504907916775
716098,4.652098065033691,-0.5833613153056232
716399,4.499773980434154,-0.6875404820136721
716698,5.902286423362394,-1.004220220021728
716999,4.699057547380913,-0.9730792667753785
717298,4.331244599269803,-0.8386690524697502
717599,4.86197801229758,-1.020907943721348
717898,4.336214998714246,-0.9228553136998312
718199,4.672411724774431,-0.9949647325514928
718499,4.603772085612396,-0.8542243625105328
718798,4.613255151024433,-0.8875732212659737
719099,4.640314204723506,-0.9261207794383874
719398,5.009406821573043,-0.9278540780161848
719699,11.152755235538226,-0.5469697854324729
719998,15.129331084147022,-0.6145951970104231
720299,4.987985729267392,-0.44346446334961875
720598,42.90029426544288,-0.25533344299631655
720899,5.604408182859985,-1.2305217730525322
721199,5.291703301443413,-1.4806049390828853
721498,4.717903177718877,-1.3357687617647236
721799,4.771589180522118,-1.1491390276214122
722098,4.67967548435082,-0.9715897900176311
722399,9.59222696498508,-0.8365947436803953
722698,5.11887489923971,-0.9508869968743925
722999,6.509137978709618,-1.129563599814825
723298,10.435448470566007,-0.7719009737578217
723599,6.024963968461932,-1.2696176233431866
723899,10.055532040242024,-0.7336656687690852
724198,4.828934953495242,-1.3635439467192971
724499,6.832560094542423,-0.7666307100490297
724798,7.782878057748969,-0.6341790691978662
725099,5.8406896949688765,-1.453723611816736
725398,5.621840161323043,-1.3976078609117497
725699,5.426125615204988,-1.1752005789539082
725998,9.429144654385016,-1.113786128838452
726299,5.0607350430869324,-1.1524697094522187
726599,5.20949789086008,-1.17881926023888
726898,4.928507455718877,-1.175962414561559
727199,4.799094158827672,-1.1687912822018753
727498,4.507271539600821,-1.0990254722669395
727799,4.713498537938785,-1.10451122197418
728098,4.542445030225821,-1.0430177152233044
728399,4.922070026468877,-1.1307277613843913
728698,20.900066622063694,-0.3692716527483779
728999,4.772758881086933,-1.046127224782479
729299,4.908011600392488,-1.0185601080333435
729598,5.227150167098506,-0.9866913655595886
729899,6.866373615292951,-1.2569351663947166
730198,5.657612768753598,-0.9168573479929878
730499,5.415600730290635,-0.9202254263862581
730798,5.7220309491841554,-0.8357229302175624
731099,5.727134508221191,-0.8664041709792036
731398,5.953554741637858,-0.9246318166548022
731699,6.33868195817258,-0.8878965060933637
731999,6.335420541746654,-0.8726013791463649
732298,6.658743075887858,-0.8402033260967046
732599,6.872433724373969,-0.7706701794431114
732898,6.670103100797579,-0.7879406372750981
733199,6.686011832718876,-0.7360963825890441
733498,6.981200556026746,-0.7379932280542629
733799,6.969186147408691,-0.7324177734576327
734098,6.985869483024431,-0.680027386982059
734399,6.958223405040637,-0.6784942767024182
734699,7.302230525517487,-0.6599326046933887
734998,7.321811523600821,-0.6359169010000774
735299,7.568496894355452,-0.62441423686285
735598,7.939465951401748,-0.6375369862014946
735899,7.977278292047582,-0.6363855467816457
736198,8.19513063316795,-0.6172134972837964
736499,8.732224476130916,-0.6126214984604905
736798,8.960270270702672,-0.6082959981414136
737099,9.127899423290636,-0.6093931603068274
737399,9.504449333332305,-0.6245344617859467
737698,9.657585145075357,-0.6103566760494954
737999,9.962314599663321,-0.5980574377073029
738298,9.835903018156374,-0.5675491408502213
738599,9.68381372886008,-0.55569866741245
738898,9.65357154805221,-0.562298596970028
739199,9.570922838674896,-0.5614974626759428
739498,9.352685105406378,-0.5321611532388568
739799,9.314161916237394,-0.5363938574164824
740099,9.296221692079989,-0.5338173532442154
740398,9.445871684029061,-0.5560639512726071
740699,9.439184671269803,-0.5435755484514293
740998,9.332743379473506,-0.5546432491325868
741299,9.744746594917949,-0.569582911933596
741598,9.563213421758228,-0.5759079744444708
741899,9.214912923107764,-0.5289800702707119
742198,9.436047028661006,-0.5211798634267417
742499,9.139381875957303,-0.5204311809478757
742799,9.304164965062924,-0.5031741525399578
743098,9.328343862069866,-0.5466218454831411
743399,9.324012823671719,-0.4981401644899577
743698,8.987008669532832,-0.46520061114148326
743999,9.0705153354032,-0.4839099021126312
744298,9.076235510669404,-0.48421593104919225
744599,9.351808449657831,-0.5256426824394933
744898,9.403697070785148,-0.5678755005500524
745199,17.062423810964148,-0.7163442173947421
745499,10.253716803569866,-0.698275295128745
745798,6.838102599762858,-0.4736291216861379
746099,9.14188708016246,-0.6376145274117366
746398,8.420675011502738,-0.7071611863780749
746699,7.208136438910147,-0.7124230214051857
746998,6.875783693218016,-0.8300720294939177
747299,5.125454534678664,-1.1699864565106406
747598,5.277401234049035,-1.1353490829328061
747899,5.391023916805979,-1.1378308633059109
748199,5.521761544278202,-1.1189448003513225
748498,5.640166538794405,-1.1214997922430392
748799,5.5491631151439424,-1.106923174034916
749098,5.432023078669406,-1.0959903345740476
749399,5.37860937784996,-1.0495582275781157
749698,6.239607132915636,-1.1069089050262102
749999,6.087672984745794,-1.0667830832523189
750298,6.12654857561848,-1.0765644886183101
750599,6.2414246216670906,-1.0348661982666822
750899,6.307696179178664,-1.030020284137668
751198,6.6519568727805165,-1.0069212218939323
751499,6.700549406886998,-0.9877286033175328
751798,6.867947733954128,-0.9565831171579293
752099,6.895009495861534,-0.9362832337177223
752398,6.6704746854402375,-0.9040988281136824
752699,6.711930699514313,-0.9163393664338442
752998,6.655091847595331,-0.8303680313363355
753299,6.724400031222647,-0.8037767283215824
753599,7.473212213441098,-0.9630746475988925
753898,5.964740751375424,-0.7749314859601182
754199,5.97443367340783,-0.7970535309171849
754498,6.216909061530515,-0.7556871714468223
754799,6.353495771440238,-0.7571416577788348
755098,6.056112490622224,-1.0309673120539915
755399,5.725380616866165,-1.0085288181397623
755698,5.706936281310608,-0.8529381977758761
755999,5.719924825261999,-0.8979729572633794
756299,5.753185167511999,-0.8902951434202169
756598,5.801632812731906,-0.8889271448399441
756899,5.943943533641627,-0.9380859245802833
757198,5.936776942875424,-0.9395229433725107
757499,5.7674752146300525,-0.850318922391887
757798,5.869632756526746,-0.7548741381209179
758099,5.818484415714247,-0.7596719875326674
758398,6.106768083413321,-0.7862252675973036
758699,30.020143603762765,-0.7284223331943447
758999,34.802612636873874,-0.6880894309355674
759298,0.6750400680770888,-0.2715934963779836
768899,2.8580865854980844,-0.6807615054321081
769198,11.102132194130913,-0.6958826483263958
769499,11.172329947623876,-0.8951318056050406
769799,10.116443560593874,-0.7004873920924493
770098,9.336363000755915,-0.7727281731739173
770399,8.501143296563784,-0.7464250364059581
770698,7.838980412911007,-0.6927706360707666
770999,22.34035855307626,-1.1181575761643803
771298,14.18456675201517,-1.2509313475838448
771599,33.88864558230452,-1.4893557507637674
790198,3.4343710576932533,-1.410285194285494
790499,7.629316838246559,-1.0713956244847376
790798,5.515796989627738,-1.0868843119908456
791099,5.598372493692554,-1.1698479692019328
791399,5.907909488021257,-1.220243799717963
791698,5.537167686718017,-1.1221961181308377
791999,7.494471842244246,-0.8353378887712624
792298,6.4812410115212575,-1.0046791739289649
792599,8.76546866437311,-0.6241646310929871
792898,6.848659757407807,-1.0387585384835867
793199,5.180979585264313,-1.1973217980543298
793498,6.518871717711072,-1.0979108720241806
793799,6.9579993209101225,-1.1943523342032445
794099,7.399453411820728,-0.9198179911334352
794398,5.896572972086072,-1.1553454979007585
794699,5.867345597035147,-1.1567304608231788
794998,6.093275400757368,-1.1392815368640927
795299,6.374867854516627,-1.0546451285751584
795598,5.822867757889313,-1.1312528340252013
795899,6.570433970486535,-1.1042225325897932
796198,5.737977493706442,-1.172426063202061
796499,6.000719926724961,-1.1433844276502474
796799,5.643453110525886,-1.0397399847083069
797098,43.86233885739933,-0.4284093266625404
797399,7.914579243234987,-0.6039531424449596
797698,8.047096608934062,-0.658473887299164
797999,8.175762272649337,-0.5109273065150006
798298,9.35548521055168,-0.5187536363533043
798599,5.249613443143941,-1.1983234415165591
798898,5.496616499743479,-1.2292161752955963
799199,5.671112659363851,-1.1648968434060771
799499,5.8123287972512845,-1.0836254768171671
799798,5.914072536836072,-1.0474749848808407
800099,6.515425016966561,-1.1358408149847525
800398,5.880550306178663,-0.9177078012145006
800699,6.395451775329128,-0.88033911542531
800998,6.428702783597646,-0.891090300945591
801299,6.842093928414776,-0.795565345123491
801598,6.214176327356906,-0.6764695675278687
801899,6.750957068979591,-0.7045443804595031
802199,6.874445621529062,-0.6760437642505033
802498,7.063555290097646,-0.7259883359507442
802799,7.068584630857765,-1.0560970811316786
803098,6.339218756317529,-1.239700183731831
803399,5.453973987964248,-1.1610341372208088
803698,5.639564496980451,-1.1462514119037057
803999,5.369239596383228,-0.9574089428587087
804298,5.414164167620795,-0.8595446282696466
804599,5.801615220586072,-0.895224687595906
804899,6.1140544954295235,-0.9154901510610229
805198,6.503458329549894,-0.929180431796496
805499,6.954049220336931,-1.1380844444035811
805798,16.6165969112998,-0.6776022382830644
806099,101.51209757323731,-0.48570591475133273
806398,52.20936129777201,-0.4492051229572198
806998,0.8039185311614011,-0.5897987892989722
812999,12.504161648968783,-1.1054320178931278
813298,10.97864836005221,-1.3578145958644927
813599,11.30572567365406,-0.6944424268517118
813898,6.226604667614709,-0.8934711489749494
814199,6.255621616316098,-1.3878567981594983
814498,8.344677511353135,-1.2062350055081206
814799,6.736122015628598,-1.2519757168650099
815098,6.893657963154061,-1.141818816748184
815399,6.70754492035545,-1.1427074056126223
815699,10.631755330816004,-1.0500537176119615
815998,7.915023326582207,-1.351779730778114
816299,7.285991801684154,-0.935206015889497
816598,8.55576161853691,-1.2585974251760903
816899,10.03034671330443,-1.2814776481563492
817198,8.970884702942,-1.335537763515771
817499,8.090394823827578,-1.1478567497822372
817798,8.579058521637858,-1.4176172555160704
818099,7.5674165559873945,-1.2391492328435882
818399,14.336696921373877,-1.036711052329005
818698,7.254987326457303,-0.929681269773998
818999,7.333130525154061,-1.0523789804600843
819298,8.4430713949248,-0.9693901672513581
819599,6.600288698806839,-0.9468287149692203
819898,8.070908258118811,-1.2126349676527859
820199,9.893176593901748,-0.8801821659800755
820498,10.46636582044573,-0.8468997891487722
820799,7.733242091286006,-1.0153071948820522
821099,31.854297845933623,-0.7309063670826805
821398,21.481371676079892,-0.7897360935709068
821699,38.056350302202574,-0.6370589467223704
821998,7.264059467737393,-0.6907588016144053
822299,7.164365345760542,-0.6334120250354998
822598,8.410812546619338,-0.6048452305317344
822899,8.834491916517486,-0.5912858465482278
823198,14.135506341114182,-0.6303162787875298
823499,15.474106476907163,-0.4562323246812148
823799,30.999463041785912,-0.6019512054239415
824098,32.35125059940165,-0.5533151823679094
824399,22.585979961206775,-0.6376371278008124
824698,20.35462764392205,-0.5579545082650657
824999,18.837620851845664,-0.5426883756597107
825298,20.735127282722978,-0.6087616615708868
825599,21.832950065942885,-0.5954775132408188
825898,58.25307135301508,-0.7038884053506249
826199,73.20359092256601,-0.6972857645273414
826499,63.185547809346104,-0.6588315614463296
826798,103.65022845277433,-0.6545476209969445
827099,116.34221421786694,-0.4694646426537419
827398,132.62861523888543,-0.5497625635200756
827699,105.39214478851507,-0.5650369306075098
827998,120.68351506629286,-0.5240809862785563
828299,100.75872954062157,-0.6181861518362373
828598,83.63872119337618,-0.5176512378051927
828899,105.34217655106137,-0.6184026037022523
829199,73.60522497768639,-0.5681821067292501
829498,32.642015327091464,-0.5483284829028272
829799,58.3059581313947,-0.7075946536824063
830098,56.59952865786924,-0.6226442582371969
830399,69.92426929035074,-0.5073064169909802
830698,60.29709484600351,-0.5442710163300457
830999,64.12274993482988,-0.5839683311369825
831298,71.8301209780359,-0.47870691568812407
831599,54.8394520926123,-0.5677618530359163
831899,66.99708751124193,-0.5454109185112295
832198,50.111025956167865,-0.6331567776019165
832499,45.6983578849387,-0.6513412178125186
832798,52.10397171802897,-0.555587824203355
833099,49.53526562339934,-0.5704227548448435
833398,32.98302189041323,-0.49264633374010414
835799,11.982900428029064,-0.5477746424917489
836098,13.862687554808293,-0.382851329610544
836399,12.098847419884684,-0.35884476525255726
836698,11.74579428899348,-0.4436615228821523
836999,10.500676419396255,-0.4400221794765735
837299,9.294403530090701,-0.471163059758928
837598,9.056345644949497,-0.5493441775226939
837899,9.977206813773547,-0.6052273466171949
838198,8.39912033881987,-0.7954091293920658
838499,7.717533425329129,-0.853172507814643
838798,7.626521556440238,-0.8767739259937084
839099,7.845308275377739,-0.9378119455780938
839398,7.7403802965744966,-0.9224542174642689
839699,7.956443871643941,-0.9231609420891458
839999,7.972018145847646,-0.945559325165902
840298,8.041507653949498,-0.9459826495986261
840599,8.145665825390173,-0.9799459429646944
840898,8.418369620242025,-0.979855785573347
841199,8.574804149323043,-0.9436798964925217
841498,8.392483334876284,-0.8997546000646837
841799,8.674583283561468,-0.8876720894665582
842098,11.16023107137344,-0.5580851340539796
842399,9.634101743357766,-0.665229188943282
842699,9.217454499797578,-0.7596288943143947
842998,14.205485467450359,-0.5147363716130515
843299,10.316784649725822,-0.7368121585447274
843899,0.4168658536028822,-0.4809190977038238
844198,0.7279010428761522,-0.17705289708337624
844499,11.163323681461073,-0.6921680150114466
844798,11.29104057955135,-0.6347913924977966
845099,11.438053343312925,-0.6318619214367847
845399,11.665129350509682,-0.5855078330132883
845698,12.553973596604592,-0.5956853240391615
845999,21.904647996718353,-0.4519687303140172
846298,26.26659690314196,-0.26327961016412815
846599,39.15445611543594,-0.24658509842876253
846898,62.580995648866924,-0.28377714051486813
847199,73.66463107247108,-0.2882505316201389
847498,1.7703321574965603,-0.23609618672267052
848998,9.183013565366497,-0.44585358163044586
858298,21.60621622974149,-0.6669301978287603
858599,12.631597278877713,-1.2891767978730342
858899,25.551272553956775,-0.8729090975791205
859198,21.834102223501283,-0.9033681166792631
859798,0.6758485173326574,-1.2228697455477455
860398,0.7259048345057538,-1.458107486384483
860699,0.836981091433294,-1.5444333787398508
861599,0.6895750713321427,-1.073172013668966
861898,25.25898572900582,-1.6310521850467188
862199,18.693410651908597,-1.7417752716056287
862498,15.139509132466467,-1.4028797721457886
862799,1.7080439607951716,-0.8922069460436253
863098,0.7327337425374169,-0.7833250216226577
863399,23.79439932573267,-1.21344177539586
877799,7.796602820393943,-0.9770468415585609
878098,9.529323683230452,-1.0287940415027128
878399,9.096381807326814,-0.977468227053143
878698,9.460198509072182,-0.9928228512610879
878999,9.141935887028204,-0.9433206076223963
879298,8.929866040336073,-0.8526925378387102
879599,8.861342966625422,-0.89337687413547
879898,9.140649149843014,-0.9304769877752896
880199,8.285654509082736,-1.0939376760863513
880499,6.84941208499348,-1.1072832607910055
880798,7.372059421581442,-1.1037583293841848
881099,6.7450756670652385,-1.0859516907232458
881398,7.264014008809154,-1.065894330835747
881699,8.282474068743477,-0.9452441772020121
881998,11.90896409861693,-0.610942239320414
882299,6.37096244516246,-1.1283242508839861
882598,6.41286000611008,-1.1438408687126644
882899,6.537628512229591,-1.078890978167132
883199,6.523714193082302,-1.0602385544357542
883498,7.3297960411568095,-1.1038652650388516
883799,9.747242347672486,-0.9726705360105754
884098,11.549206704257344,-0.5507794417518237
884399,7.103532179308294,-1.1090451357909066
884698,10.281401259563784,-0.6865137800754766
884999,9.475742252708757,-0.6285470167238918
885298,9.451567232697181,-0.6172970229434478
885599,9.55024197522394,-0.5526675127719209
885899,9.409681946683296,-0.6169787509470912
886198,9.56647111072033,-0.686674611978777
886499,9.48267871035459,-0.757977325580333
886798,9.761605207018942,-0.6990788550397082
887099,9.953959175683293,-0.7279088631347328
887398,9.839961778611535,-0.6693848017981601
887699,10.100918571535148,-0.790969076709281
887998,10.77182160486848,-0.6747845667742802
888299,12.113595668529063,-0.676544318646763
888599,14.652833048364613,-0.5453716092324263
888898,9.419606781426351,-0.9156056309147693
889199,8.855600759567553,-0.8768053584798761
889498,9.778616421375425,-0.6381748841352672
889799,10.000154124396257,-0.611164912990561
890098,10.370125263323043,-0.6782882099783927
890399,10.690922957133228,-0.5929116586617298
890698,11.138581652012858,-0.6554079929495138
890999,12.197401342526653,-0.799965595575459
891299,11.789324283434153,-0.7095165223670572
891598,10.540962095357765,-0.5984870631130979
891899,13.922385673531283,-0.6988694580964041
892198,11.427919769931838,-1.066113169817228
892499,12.419878046445726,-1.0754448333365763
892798,12.67699903009619,-1.0085808915844194
893099,14.203569240806747,-0.9544699255613343
893398,12.660444736105356,-0.9467448525312441
893699,11.20924233187344,-0.9994040996199194
893999,13.423036717677114,-0.934571258266162
894298,13.02437444231832,-0.8692837700548799
894599,10.573991720665108,-0.8869561127033434
894898,10.399902953346096,-0.8506231217105815
895199,10.031535972665543,-0.9056591836178836
895498,10.965511456443414,-0.898226891615868
895799,12.28834818496193,-0.8422048233758126
896098,12.436272697811374,-0.8741623387937592
896399,13.4004564726286,-0.930235092621412
896699,13.665575091567884,-0.7324308211980497
896998,11.553988564375757,-0.9605718941665216
897299,16.067593531772022,-0.9330860151514191
897598,14.526938453218783,-0.8982461249625788
897899,16.545544275332208,-0.7875841251936755
898198,16.83381035191323,-0.8177676742943887
898499,13.98658505293406,-0.7606243128878245
898798,45.035434681549795,-0.5107507260678499
899099,58.33452876241092,-0.6309149916135648
899399,38.16603912177898,-0.5244999417017624
902398,4.417361340116164,-1.0060484266664185
902699,13.564510878906283,-0.9143663938952558
902998,22.20073857657758,-0.8893993973699004
903299,26.6971578798461,-1.0451142452734645
903598,12.782660045751282,-0.8777368855551559
903899,12.278505464748967,-1.0935803213311468
904198,10.519752393026746,-1.1180616844954159
904499,10.471668223276746,-1.0386941450490417
904799,10.965700822936467,-0.9532856989217082
905098,8.327475859431837,-1.393946511500964
905399,12.284570192503597,-0.9754018533551123
905698,12.61344093641332,-1.008416142775526
905999,9.768995528135543,-1.262386460223909
906298,11.372090363612394,-1.1981383675097965
906599,10.662244951378598,-1.316851982243184
906898,14.142780054429526,-0.9238249245810106
907199,13.407419110644803,-1.1355937923174162
907499,12.063085484265173,-1.1130822628727595
907798,15.375640640868815,-1.1353080084221374
908099,13.774295189100293,-1.1380816102395497
908398,23.329222396980352,-0.8142068187655962
908699,41.55983632899888,-0.7722612767134462
908998,14.495262677316097,-0.7724263771475914
909299,9.48085265293647,-1.3299971662823777
909598,10.629526348116496,-1.1710848997199106
909899,25.10900163538545,-0.4978289313422115
910199,7.333493141052115,-1.0489748750849888
910498,13.114296918755912,-0.8849937189362154
910799,8.827524703512857,-1.24926229518229
911098,14.245542540073043,-1.190077771450368
911399,24.252651052769707,-1.0845312968214031
911698,30.857511888510444,-1.40318565999636
911999,8.30270393111471,-0.9498155662049919
912298,8.43615572692721,-0.9035431043698348
912599,8.617518748880915,-0.8150707392616039
912899,9.148453300978137,-0.688110032488515
913198,10.340581724603133,-0.5916094479459977
913499,11.260242213672578,-0.5315187944300108
913798,10.560151922760545,-0.5808611309691145
914099,9.533494918103134,-0.4502571132134119
914398,9.518256545533692,-0.3937006766456923
914699,10.272716173670265,-0.3983323536811809
914998,11.544814195371654,-0.3880421939651404
915299,11.72741999495036,-0.37935915639963724
915599,12.172868152445728,-0.36558453611310937
915898,12.770636438137858,-0.37648590391331327
916199,13.592450554642488,-0.36949782700077916
916498,11.569480786737394,-0.3199443275149103
916799,12.198275555383226,-0.36526536575586555
917098,12.804531277860079,-0.3610579808038643
917399,13.06756094178369,-0.35718784991664676
917698,13.70133377228369,-0.35440910088325106
917999,13.832524512258228,-0.3439479689785405
918299,14.567673544209619,-0.34957353433919947
918598,17.114866901913324,-0.29704918223325905
918899,17.142202119492026,-0.3001824742465169
919198,19.383872037809155,-0.7255334764377668
919499,15.798617910735082,-0.5223813441604479
919798,17.65883410540406,-0.6199894550691907
920099,17.72244112398508,-0.5992893190252477
920398,18.638285649485077,-0.5312904207933313
920699,18.91940639598276,-0.4507718468737707
920999,23.881055538137858,-0.589579698602029
921298,21.95095394501749,-0.6795927018514172
921599,21.299615661232767,-0.5188104002614888
921898,24.276466657533696,-0.6041417663916027
922199,0.8873187891578311,-0.5366098563982535
922498,15.236741080723505,-0.6027950310094743
922799,4.233706679487394,-0.624145632022324
923098,1.7039709995953312,-0.6590483215899219
926099,51.12438206708452,-0.257086077479562
926399,58.072260145274335,-0.20435012455431
926698,5.406156234218018,-0.8654099212649458
926999,6.267739927382369,-0.7374263244779924
927298,6.891831283000425,-0.8186376746431754
927599,6.593059316299034,-0.7458911005670943
927898,7.128198873715151,-0.9704321772978497
928199,6.938766364687924,-0.8488389618126333
928498,7.26282429968098,-0.9829778846528265
928799,7.12292471797496,-1.0356098287470452
929099,7.212570766326812,-1.0818189669538771
929398,7.411853213620794,-1.056170618627291
929699,7.512706075641627,-1.0457918940604438
929998,20.536247998341466,-0.35249563757151603
930299,7.393876292880053,-1.1109197411269656
930598,7.851532655268944,-1.1119809096865745
930899,7.966237319551349,-1.0688265867307445
931198,8.604749856025864,-1.07687048328898
931499,8.655206498292092,-1.1062401539248317
931799,9.732884585345332,-1.0407243138774018
932098,9.139030357586073,-1.095179896239602
932399,8.85598327432681,-1.0791545582726387
932698,8.507888634930978,-1.0880345511341316
932999,8.73957868921107,-1.1169409350998571
933298,9.312686344826812,-1.0509047749987324
933599,9.110175868329128,-1.0790051138672325
933898,9.149331201389312,-1.0347204810121906
934199,9.227524310914776,-0.9784805925534856
934499,9.462475932854593,-0.8908291179296925
934798,9.891670175141627,-0.8809587390014193
935099,10.574844592818414,-0.8293439880758822
935398,10.745817079978137,-0.7922686971625561
935699,11.060961225056841,-0.7186537171017635
935998,11.810564706024431,-0.7035623266883386
936299,12.408767506042953,-0.724333013530208
936598,13.043512092073046,-0.6849689090964637
936899,14.151985905015174,-0.7088841387319444
937199,14.680378607415637,-0.7135072622763636
937498,30.309841779894708,-0.624521120780883
937799,13.809029055839245,-0.9014015986925505
938098,32.702178818910916,-0.4099804295339933
938399,40.19079249239933,-0.49872892921641987
938698,47.23401173686693,-0.5691550353207897
938999,37.1909486677739,-0.5463008340873263
945899,8.463724297647117,-1.3096261076477722
946198,8.267378084447948,-1.153263851478453
946499,6.773777703241141,-1.0130905669693098
946798,6.51161080699897,-0.9772791829538698
947099,8.027125570281282,-1.009253100222594
947398,8.493170378137764,-1.1038481509821452
947699,6.609274240313784,-0.8171316442995
947999,7.1973376113878595,-0.948540723273366
948298,14.35173752297119,-1.126504684562705
948599,26.377928773077144,-0.8465178639149671
948898,28.129305850538223,-0.8172925649860465
949199,20.60151050726971,-0.9540463011528062
949498,13.231993330341563,-0.9851849465590079
949799,1.469760924599961,-0.5257387648458605
950098,12.0626187911123,-1.1304116234408115
950998,17.292544981195633,-1.3122972499599808
951299,8.940011787049894,-0.8471976055512846
951598,8.199041520364615,-1.0755475666674479
951899,13.682043842802114,-0.45412765233912267
952198,10.58400475289934,-0.5152994438010436
952499,2.323499049012764,-0.5045679684595394
952798,5.862884349848412,-0.8162757371647145
953099,1.2947447224803568,-0.8308303917003792
965399,14.37483708058221,-0.5744152163268037
965698,21.752269769903968,-0.7045245911283813
965999,6.688931265856906,-0.6695707137678666
966298,7.613568857868482,-0.6722775970750019
966599,7.061161796216215,-0.6046833455294662
966899,8.124886214271257,-0.7946576176349087
967198,8.561240417176348,-0.7907552170928698
967499,8.500398621264315,-0.7096842400236598
967798,8.59066744695644,-0.747473056358706
968099,8.588623681704128,-0.6251179480703448
968398,8.154306599174033,-0.6133066363448438
968699,7.964949580639312,-0.617023213572057
968998,8.263884541007368,-0.5634076715693936
969299,8.23546928099811,-0.5517331429833763
969599,10.183998704765079,-0.9412514421972846
969898,7.159159102241164,-0.6562482091616901
970199,8.220439631508228,-0.8602945243639879
970498,7.762817951014313,-0.7352337109158162
970799,6.911557279125423,-0.6523157737596805
971098,7.648485794678663,-0.6986928141834416
971399,7.619194644636997,-0.6792998097247793
971698,7.1877512573059805,-0.6464032631144052
971999,7.468194834038321,-0.9341911698623189
972299,7.352310719132366,-0.6153612726291762
972598,7.598543744643944,-0.6539591964933393
972899,7.230071946780516,-0.6586126875280527
973198,7.5102003088152385,-0.6282969302671193
973499,7.733210227678662,-0.6088241654747104
973798,8.138664308398573,-0.7381617003476371
974099,8.19471212736385,-0.6392819196132147
974398,7.964685129894709,-1.0155162731243248
974699,6.708060127785145,-1.0380574859135288
974999,8.694287742008134,-1.1545380354147166
975298,7.772060722282831,-0.9893750575906675
975599,7.951985057833759,-1.0213717422582111
975898,8.208928830560607,-1.0165100013500932
976199,8.615143744305978,-1.0470130246029283
976498,8.84155515261385,-0.9938267174858524
976799,8.485380622387,-0.9894558891055221
977098,8.713444236826811,-0.909240608717006
977399,8.731106893274431,-0.8890408342768668
977699,14.228830887931744,-0.862512255408151
977998,27.524054208584616,-0.36482420258160775
978299,19.926923971630906,-0.5171634669516973
978598,73.62135292372804,-0.35354016672863486
978899,28.235344864871564,-0.46305745319591374
979198,9.984612329670263,-0.8493603277569814
979499,9.02182988711471,-0.9396199067775479
979798,9.33187089051054,-0.9124844341441829
980099,9.85092452280221,-0.9236285107609254
980399,10.113480373654061,-0.9298649891034432
980698,10.657537556519804,-0.923786470745698
980999,11.305614151174893,-0.9205235252722543
981298,11.668017143776748,-0.8925878921917214
981599,12.29262286961008,-0.8809551407268272
981898,12.97427336305221,-0.8471525562820985
982199,12.65103651683693,-0.8294933166820215
982498,12.556871815679523,-0.8215159592074537
982799,12.665015457508229,-0.7882105089368374
983099,24.92270688164471,-0.5644065721037326
983398,11.324140866401654,-0.835373555938776
983699,10.880693340306314,-0.8832370088350892
983998,11.79783625224976,-0.9060653639505007
984299,12.419893679053997,-0.7962890283247688
984598,13.517854467408691,-0.7516576260963996
984899,13.801051765492026,-0.7159521565447164
985198,14.641708456100822,-0.6887497979156343
985499,15.395794523350819,-0.6347723830960663
985799,15.920683511913317,-0.6892028244734241
986098,16.622104597154063,-0.6865838759349012
986399,17.792367046258224,-0.6600430697762643
986698,20.298812894202143,-0.6977383817243394
986999,21.504056174163324,-0.637951875499317
987298,20.235062464996656,-0.6287951383182422
987599,19.37132080367489,-0.5348645226457553
987898,30.48882794091555,-0.6721974148861534
988199,40.826004081246566,-0.7176179398285245
988499,41.46212331497341,-0.7477649688611996
988798,30.862451875320637,-0.7844718910019794
989099,1.4194507088854489,-0.9370666053562673
992698,20.873259995954893,-1.3472122837810887
992999,18.705638666508133,-1.2432184811930767
993298,13.195377635762858,-0.9137837364626133
993599,24.012851136910477,-0.9638402815390013
993899,13.813632345061471,-1.0094152295711054
994198,14.34035428265869,-0.9365096476977905
994499,19.05413562375307,-1.072359531441216
994798,15.783831949266961,-0.9429084060443218
995099,14.183961052507701,-1.059225515086312
995398,13.355231017617022,-0.8968110450093296
995699,16.10509115165406,-1.0081409519483175
995998,12.879715584809155,-1.0342995313720325
996299,11.85043031610082,-1.0234791126139067
996599,11.772240025137858,-1.1370007589977593
996898,10.948282143355451,-0.9615449674162388
997199,8.631278186202671,-0.9638713078764565
997498,13.006910942030848,-0.9387106186771068
997799,18.032983304861872,-1.1398967103169309
998098,18.048267843107766,-1.1335849670069198
998399,16.009558506773903,-0.8956301231042569
998698,20.2816569850702,-0.983862671579421
998999,30.978917912619245,-1.3255680148533595
999299,5.54273078600582,-1.3723878100932891
999598,13.958801932837837,-0.9079980592246708
999899,34.71070284029517,-0.7909965473871456
1000198,20.934242564297485,-1.1001683315918291
1000499,27.91848107557064,-1.0642913298548833
1000798,13.637022235413227,-0.6738737869389879
1001099,25.399828088450263,-0.8510986531348148
1001398,21.825425628125757,-0.775490364042096
1001699,28.316599543480354,-0.7013898427635628
1001999,37.115347058737306,-0.8842179117332865
1002298,4.470301208723411,-0.7845473237238783
1002599,21.07754203489471,-0.9015491640635687
1002898,4.888895571616931,-0.7731823877695698
1003199,3.131382828596097,-0.8235332585091686
1003799,17.135601819776653,-0.7163219570162294
1004098,26.149404982079894,-0.73290632796344
1005299,30.820586235795172,-0.8527382002223374
1005598,32.39559810338082,-0.6318022555567566
1005899,24.054978622776222,-0.7272715544846562
1006198,19.327547625378596,-0.5059872634971543
1006499,21.033647310492025,-0.5451179408993232
1006798,19.862543176422577,-0.5663111267418914
1007099,21.831940157831767,-0.521444041952017
1007399,21.396051267367024,-0.4768738676348827
1007698,62.40873586339933,-0.42430639253373825
1007999,24.247674841723413,-0.6309377669671219
1008298,48.838440941313685,-0.5425503878394873
1008599,18.991206772424892,-0.4502271889161271
1008898,19.188536187392394,-0.6156789132075433
1009199,34.019458375123875,-0.5201942655515921
1009498,33.189570810825266,-0.5704615937097064
1009799,57.4296371820336,-0.522590348104345
1010099,39.418865555644715,-0.5947606045051799
1010398,7.369210226941004,-0.5622141633075406
1019399,6.156222173526219,-0.5074958835866943
1019999,8.445238974727275,-0.7967878712449301
1020298,8.665330058701812,-0.7394887143111362
1020599,8.633207526141629,-0.736125359731453
1020899,8.920262320847648,-0.7702562671395083
1021198,9.611354160718015,-0.8610544679105365
1021499,8.74347752168098,-0.8098318320378679
1021798,9.299737189072182,-0.90102556436508
1022099,9.433945248106903,-0.7868671946112094
1022398,9.741835266072183,-0.8563811145702898
1022699,10.11980701547496,-0.8898273829906391
1022998,10.569760039841562,-0.8913288515940987
1023299,10.960437431005913,-0.8955479263068364
1023599,11.128948106526748,-0.9064437822435234
1023898,12.177171856765078,-0.9831252753798465
1024199,12.776456759496655,-0.9592511331304772
1024498,12.382132584438786,-0.8536477258533988
1024799,12.48105852917721,-0.9172605897498141
1025098,12.902479671709617,-0.9018318770067064
1025399,12.92534909117721,-0.863553382088998
1025698,22.182447509214153,-0.8792959875421238
1025999,19.21704932277434,-0.7910552996467748
1026299,16.170985883473506,-0.8525727878148524
1026598,18.335850554483557,-0.8111513427544288
1026899,20.278672141328467,-0.8866283816507936
1027198,29.080334326950265,-0.4230301629740745
1027499,35.391674069045166,-0.38986450446383647
1027798,47.52844498822109,-0.33657023477037273
1028099,30.065008714628497,-0.5104859849699144
1028398,37.96368171718406,-0.4362859231038003
1028699,21.491231171892398,-0.5727000115040097
1028999,26.8748786942697,-0.5191907601450627
1029298,27.36463682122761,-0.5412622421911963
1029599,80.24925069532064,-0.6684558664348323
1029898,11.611245136084525,-0.6824006860591809
1030199,11.745434682566003,-0.657971852574273
1030498,41.96800741657758,-0.6376068345475385
1030799,63.57724612813734,-0.9930373159515034
1034999,1.440571334849961,-0.7944893980130017
1035298,29.383271126621555,-0.7373863785428323
1035599,21.985745452503508,-0.8114884539785838
1035898,11.459671414517487,-1.0800391117380017
1036199,11.905776775015172,-0.8761731806832707
1036498,9.998940528387857,-0.8556257723955718
1036799,9.626334835561469,-1.021062837270664
1037099,9.95767907677675,-1.1261933398371484
1037398,9.352635177181838,-1.0601787301711774
1037699,10.2204505368786,-0.9754590900225091
1037998,11.08299908880221,-1.069063267762111
1038299,10.226507610704987,-0.8909812915372151
1038598,12.296287511438784,-0.9776786454703523
1038899,20.275363357213717,-1.0601988058378553
1039198,14.308006358545262,-0.9578436631891045
1039499,33.13349056326508,-1.2258385650927628
1039799,41.73438868688965,-1.104060997008653
1040098,20.954615356623876,-0.8791013555419525
1040399,34.10264020891323,-0.9920067243563204
1040698,15.604176980501194,-0.8055991774105136
1040999,16.516212591072517,-0.9524871062836942
1041298,22.060856139750754,-0.6140969857995384
1041599,11.394636058623968,-0.7447478360386268
1041898,30.172698475112302,-1.0581652758491589
1042199,14.018250526066003,-0.7603112836781807
1042499,26.855825795915102,-0.9079144113076758
1042798,12.832798688848412,-0.661097382541693
1043099,22.510969809642397,-0.6789113634170836
1043398,11.8419361573786,-0.645157726372277
1043699,11.390001866512856,-0.5768236259866373
1043998,11.755444470461049,-0.5880316971845627
1044299,13.337564783579987,-0.5410499084947951
1044598,13.0561157458948,-0.6140763084054242
1044899,22.513174970711837,-0.8653044076293461
1045199,15.531876837529062,-0.5548941235010452
1045498,16.29729753522814,-0.5149881202318412
1045799,16.353296861178112,-0.46805213112149
1046098,16.143183125309154,-0.44896853917148705
1046399,16.66135562982536,-0.4643194341751833
1046698,16.880907252586933,-0.4500861484346139
1046999,17.570911585346188,-0.4381921935261235
1047298,18.059995221024433,-0.4148518967138588
1047599,18.14184077973276,-0.3986879574920985
1047899,18.782088916598507,-0.40130831540928735
1048198,18.442706543482768,-0.41641651009984004
1048499,18.95476556457767,-0.40707383562195654
1048798,19.07310208782073,-0.4308727382453206
1049099,19.612637697607763,-0.41873512010620595
1049398,18.851967529144797,-0.4215189245901634
1049699,18.66437211910545,-0.4222000577432472
1049998,18.070142007711937,-0.40579609763566715
1050299,19.190915185911006,-0.4108114440181099
1050599,18.70333155743647,-0.41616515966832135
1050898,19.2240799847536,-0.4094895946970645
1051199,19.91826106214249,-0.4065605234928342
1051498,20.060540713438783,-0.37985349023140236
1051799,19.826795788582302,-0.40239015292475333
1052098,20.45266825660545,-0.44809277488476673
1052399,20.95058153144341,-0.45167853617815523
1052698,20.266536582788316,-0.43578875312951904
1052999,20.456626558501284,-0.4441532586992587
1053299,23.80197374228591,-0.5182241856175358
1053598,19.567946834292954,-0.4854876137162396
1053899,13.879912328015173,-0.5938581538913568
1054198,16.604132939753597,-0.5506073754508394
1054499,16.855497989728136,-0.518408236897469
1054798,16.082034407056838,-0.49703459984038
1055099,16.982416746438787,-0.509530548802015
1055398,14.438466857857764,-0.5408303794244753
1055699,17.215140898642392,-0.5952110358701266
1055999,16.3777884330985,-0.5424345729877926
1056298,16.365252358704986,-0.5316140966410623
1056599,15.727828022434153,-0.47860138726683643
1056898,14.97683337408693,-0.46994146739995735
1057199,13.186017161154062,-0.6381679347837947
1057498,13.955924683130913,-0.639246867413747
1057799,14.732905163084617,-0.7100606722700642
1058098,13.735452929538322,-0.5318292387053636
1058399,12.618839314929524,-0.5485205811622698
1058699,10.417575881786005,-0.6446395360963943
1058998,10.788980067567552,-0.5340741389617139
1059299,9.408956616336837,-0.6602354545050184
1059598,10.162543294532831,-0.49971683172508574
1059899,10.447828114977275,-0.49542129502105725
1060198,11.038692752450359,-0.8499155023428973
1060499,10.00392493330598,-0.5163013432773733
1060798,10.603844185280519,-0.5339795066493835
1061099,8.122185054942552,-0.5977603222825831
1061399,11.609192041188784,-0.6697651121523451
1061698,10.90355442213323,-0.7865062540179832
1061999,10.492236663630031,-0.6433351520377975
1062298,10.313908365400884,-0.7267666530679415
1062599,10.847355248091562,-0.9150198299809631
1062898,10.896806433871562,-1.0235360534640447
1063199,11.20032456637619,-1.012343461830803
1063498,11.6136822746748,-1.0147098673872414
1063799,9.692829348202672,-0.7548084953177023
1064099,10.791319471524432,-0.8518940092017981
1064398,10.422597132637858,-0.7365950472020086
1064699,10.318324208515172,-0.7006581548745714
1064998,10.383577964728138,-0.7890028911997269
1065299,9.73696482999811,-0.700276128818722
1065598,10.206080597076813,-0.6581891529721786
1065899,10.60667040607767,-0.5688646647191571
1066198,12.585959885790635,-0.5934431488290535
1066499,12.87682892075307,-0.6917831006709811
1066799,22.307490859103037,-0.581363339483812
1067098,11.958516152292951,-0.6373221666914424
1067399,12.700425111982767,-0.655055500137683
1067698,12.628907531836933,-0.643028405111179
1067999,13.718891877952673,-0.5756700811451534
1068298,13.028355008378599,-0.5954411227603778
1068599,13.287371546515171,-0.5863379941225411
1068898,18.0595163789915,-0.4599835579257774
1069199,14.36883590052443,-0.5961509099016005
1069499,21.841174907091563,-0.3872358463880976
1069798,17.038012312357765,-0.4962344379149666
1070099,18.26640508780452,-0.5277553252083282
1070398,20.835750012332298,-0.434968194342112
1070699,17.905895815161003,-0.5446275611944125
1070998,20.70245786551233,-0.4967946810127801
1071299,19.838360304607242,-0.533010462385282
1071598,27.559585122484986,-0.45717590989094425
1071899,20.22276593155862,-0.5398010752310525
1072199,136.36603860975814,-0.25239794553700734
1072498,96.68915348803449,-0.21776997101846174
1072799,56.12061606753591,-0.35723113140054075
1073098,72.98748263971416,-0.3331006826973848
1073399,94.67746565588082,-0.2275144605020245
1073698,34.18715641800207,-0.2870203021152504
1073999,42.836309363980355,-0.2569624874744809
1074298,72.76528980902434,-0.2661192059815647
1074599,51.57112908996878,-0.2576079372428177
1074899,35.7073452534248,-0.26512602308877575
1084199,38.896039961487304,-1.0391388294896
1084498,22.722085897772025,-0.9712446035046727
1084799,34.67269134513082,-1.0257117384699868
1085098,25.077911049260443,-0.9925996298881623
1085399,18.006473718933634,-1.3390202700242324
1085699,19.35677160722992,-1.2856996661648474
1085998,22.739862815033696,-0.926895693723309
1086299,18.048183754813685,-1.1819966858951587
1086598,17.0766245049573,-1.0000103855276792
1086899,18.822997370195203,-1.1233552198051981
1087198,22.338776238354924,-1.0440781006397093
1087499,17.194836015420172,-1.2111715333114446
1087798,20.693638413373442,-1.032146278088014
1088099,19.06071708427622,-1.0621943123724336
1088399,21.252414782635014,-1.198225819494576
1088698,22.990952642239613,-1.2701792895360478
1088999,24.966129216854924,-1.102643926329891
1089298,19.813047913035916,-1.2559815723202719
1089599,15.366307433651656,-1.2846370012790493
1089898,21.240034072578467,-1.0163922902616904
1090799,21.794640552792856,-0.8782923657622195
1091398,4.859860867278968,-1.0982679097684342
1112998,22.462671873871656,-0.743848371366213
1113299,21.126456418654058,-0.7428455129471563
1113598,19.845135145036004,-0.7350422601692312
1113899,32.82914196716091,-0.9579708694162115
1114198,22.481833257311465,-0.7074398016077244
1114499,22.515718928647118,-0.6998832169021241
1114798,31.58014000543263,-0.689555781529493
1115099,57.95614677436,-0.6460661941404644
1115399,81.11250484979054,-0.5479970840482762
1115698,1.486127062589153,-0.6814470908727428
1115999,8.018038610482671,-0.3736887598743057
1116298,18.233528274285913,-0.39581002495931905
1116599,13.58387194548267,-0.509142147260973
1124998,32.68338228422893,-0.8152034316722154
1125299,57.30199364782152,-0.9451644936220414
1125598,28.986387527368816,-0.9761487632515571
1125899,30.25875066079937,-1.020938942515135
1126199,22.907492486230453,-0.8822612317093443
1126498,14.319628923149432,-0.9045474555030144
1126799,22.315483356191002,-1.2272396928286788
1127098,10.48100137588554,-0.73567570519999
1127399,10.749029638853138,-0.6948908283486319
1127698,14.70254980262156,-0.930685866278046
1127999,19.3489699814873,-0.7796678777661226
1128298,11.748521224234985,-0.9893586383808857
1128599,15.882321795408599,-1.0352356311590096
1128899,15.204495192980355,-0.8109878716403949
1129198,20.02733225239934,-1.0438462154897672
1129499,10.34146811963082,-1.0633519484055367
1129798,15.419128626931744,-1.1341915402685743
1130099,18.367750944304433,-0.9273383163273887
1130398,15.071112453593779,-1.1030562669711275
1130699,8.709616844416068,-1.057745270635988
1130998,14.926161493434064,-1.0804872215088492
1131299,16.022978684304526,-1.0118564030266741
1131599,18.27566402429749,-1.0363723739062323
1131898,13.690477505286005,-1.0467774167464596
1132199,14.80341329173971,-1.0000950551223382
1132498,18.63247802206369,-1.0244787771980088
1132799,17.25925637134841,-1.094367722546949
1133098,19.977193072691005,-1.1232040880039214
1133399,18.370954405079896,-1.0831250859878292
1133698,21.00223884332295,-1.0506757308495112
1133999,15.015508130859985,-1.042044388907259
1134299,9.655194989019707,-1.0014806468823596
1134598,18.606594003362304,-1.1233895230400632
1134899,28.595818380387325,-1.1278862936806897
1135198,15.995120644112395,-0.866632232967242
1135499,16.5945309838786,-0.8900935690090084
1135798,16.99773579803832,-0.7957803439646782
1136099,16.45046429664017,-0.8218460953317401
1136398,16.708212601332306,-0.763201676194265
1136699,19.87418894979295,-0.8369942128685235
1136999,21.75385301097119,-0.858494526612775
1137298,16.421470510735077,-0.7125452576825599
1137599,17.547032693295264,-0.6824623383598376
1137898,17.56027475765869,-0.7007760004417065
1138199,18.575706166556834,-0.6866330697579639
1138498,19.132935884193415,-0.6823478465100021
1138799,18.975527400070728,-0.6614676465236764
1139098,19.87246442548971,-0.601052887277604
1139399,20.291744480568415,-0.5982445526161937
1139699,24.32758767695215,-0.741127201424461
1139998,19.560712200079987,-0.602373749094123
1140299,27.099959069822955,-0.5835698389958572
1140598,20.102962203948042,-0.5442620238917106
1140899,33.679559868338714,-0.8011043415299597
1141198,24.631855381734983,-0.6966267233993515
1141499,20.643538524232767,-0.6085526392166936
1141798,20.43899026860082,-0.5872242803472192
1142099,20.28906240616101,-0.5477945896645005
1142399,21.44392111185545,-0.5747998869818447
1142698,21.387270085485078,-0.627451663469881
1142999,20.280355967897115,-0.6735928363118551
1143298,19.309719115954987,-0.6068819028755239
1143599,42.91397336519333,-0.6484288949855217
1143898,32.969633659276646,-0.841630895748142
1144199,26.745522475232768,-0.7515867974352928
1144498,18.47087250503369,-0.5874036324263512
1144799,18.24548604317943,-0.686452289927312
1145099,19.94522904831841,-0.6292914338170987
1145398,19.72436869438786,-0.6071993238204505
1145699,19.92630912928369,-0.5536444969744787
1145998,23.413987982824832,-0.6422701727821611
1146299,19.704679656531372,-0.7197903761311593
1146598,19.841955137399335,-0.790533530752618
1146899,15.221128475096192,-0.7612516064452415
1147198,17.060952669709614,-0.8748728498344125
1147499,17.85326857825119,-0.8394197486037318
1147799,16.05012763619573,-0.8343346334948283
1148098,15.975731768123966,-0.8316769994734445
1148399,17.029522124586933,-0.8757063829323268
1148698,16.51648776908452,-0.8540765214083894
1148999,14.034995865924802,-1.0151364059489167
1149298,13.955995307186374,-0.5446829131169444
1149599,5.383612463022116,-0.775799984565325
1149898,14.912272380547575,-0.9631263628526618
1150199,17.33550220381832,-0.26887472207515595
1150499,12.223970853966469,-1.0917655481468493
1150798,14.344196437781282,-0.8315568755803808
1151099,16.311413948502736,-0.752057665886287
1151398,15.760826395231906,-0.7783403273390825
1151699,15.25525249433607,-0.7311412384806086
1151998,16.075807721061466,-0.7923747573700803
1152299,14.11487201259996,-0.9100806111208983
1152598,15.959812505677213,-0.7724473035225898
1152899,15.207048901420267,-0.8727623759811753
1153199,13.478560858098508,-0.7660669396786652
1153498,22.95461848151054,-0.6031450863951924
1153799,24.1291291921586,-0.858441413526241
1154098,24.345198518757705,-0.5729961904800172
1154399,14.920447383753507,-0.7226648492108501
1154698,67.08769419290628,-0.4654625853328187
1154999,41.6995148831123,-0.3332500059791721
1155298,15.635165640107765,-0.6845757157589516
1155599,16.88986436690165,-0.6441317122551002
1155899,17.898506200343782,-0.7228229619553748
1156198,17.02661014861008,-0.7102135632510622
1156499,20.778664135593782,-0.7586089001981529
1156798,17.033927808816,-0.8480639965195476
1157099,17.7057320624735,-0.8594694544571508
1157398,15.998119398959618,-0.7505763895472073
1157699,17.805419943019803,-0.6496851749561383
1157998,16.330758448667954,-0.769835881507537
1158299,16.749710907973505,-0.5771291482546395
1158599,17.02352093300823,-0.6359661657621598
1158898,17.892478172184152,-0.8595533378796549
1159199,27.000558090466466,-0.9526135443594659
1159498,26.313575950772023,-0.9408376565223191
1159799,24.87352264026508,-0.9991629267413296
1160098,20.863513554651654,-0.9136221656201089
1160399,1.8319851123345232,-0.24904363460743695
1160698,61.37917252760998,-0.46850367011718386
1160999,4.31389410124656,-0.3902913753845536
1161899,1.4038759889780417,-0.3619132581530402
1174198,15.274312878327144,-1.37353604430445
1174499,25.58464935594564,-1.5932521305873113
1174799,10.395903731121559,-1.3522993989730305
1175098,13.309439243722977,-1.5187108672804617
1175399,26.983470899264645,-1.3583162267703184
1175698,28.169069943474298,-1.2833628964908028
1175999,25.92912384147298,-1.3106987473674558
1176298,25.814133840253067,-1.338912457528092
1176599,25.23869395440353,-1.6596722723238275
1176898,21.586504164524335,-1.6849426259997542
1177199,24.07145448305211,-1.5645533708804042
1177499,21.15176168836462,-1.3596402403324315
1177798,24.623385498445636,-1.2978531589423068
1178099,20.040859254572947,-1.2031424900759924
1178398,23.04741588901276,-1.3175134950977005
1178699,7.395580356239181,-1.048452504527718
1178998,26.4516752584452,-1.2911723227158407
1179299,25.533405009762326,-1.2560589499336339
1179598,23.376509604505824,-1.1020393133102662
1179899,36.931221567869244,-1.0608390319924146
1180199,39.57074629427897,-1.6574901085874965
1180498,9.180980978734986,-1.3203399201005817
