,rmse,skill
299,0.44799033494299156,-1.0895594667883195
598,0.5546732652894988,-1.5783855805413123
899,0.4639325888349656,-1.2012258405078073
1198,0.49899824872798465,-1.360258214661723
1499,0.5011183134538957,-1.125398229487618
1798,0.519723300896584,-1.1505496099461676
2099,4.558518793041621,-0.1460281298155175
2398,2.9577254529369092,-0.24684456296884005
2699,1.7495957739649943,-0.2336783936297011
2999,0.5330385306228107,-0.9895893454996272
3298,1.0494636604454588,-0.7496834333786511
3599,1.8075778359011778,-0.501456559038119
3898,0.5709299141470778,-1.1202945656013896
4199,3.3966501409298635,-0.40438406883566747
4498,0.655005158471909,-1.3584919352891656
4799,0.5568860854464676,-0.9299428364405642
5098,0.5016097225802223,-0.822651347866771
5399,0.5110941120563854,-0.9004124303859649
5699,0.5081884309929757,-0.7939219805210791
5998,0.8362542082513369,-1.2801242163333142
6299,0.6693131588494753,-0.845247681199607
6598,0.5257208225068354,-0.7458487703505827
6899,0.5724141133820423,-0.6926816885249971
7198,0.504340269628541,-0.5901660374883517
7499,0.5884753156244583,-0.6499718200587976
7798,0.5930109222356402,-0.6224785161461555
8099,0.6567585469310879,-0.6367363125892553
8399,0.5661851745720261,-0.6230583963298504
8698,0.5530951782525855,-0.5365068876367445
8999,0.5176354749362851,-0.47083698115205563
9298,0.5179925845151341,-0.6969352875119685
9599,0.6866561250590859,-1.2482719812573375
9898,0.8345950234383392,-1.6217933450984034
10199,0.8396562576614266,-1.793498785760709
10498,0.8576079173532647,-1.742255138385262
10799,0.8855373309049042,-1.811945376913211
11099,0.9751827418252197,-1.8705189929384547
11398,0.9784353731880925,-1.848894335815689
11699,1.082912086836531,-1.8535835125640343
11998,1.0887355175105757,-1.849454197723594
12299,1.2095523866696218,-1.795633723983939
12598,1.2521606243974563,-1.6984856504962509
12899,1.4084090603950772,-1.6630133251956236
13198,1.3485383454896747,-1.6438281870307323
13499,2.196716478565228,-1.4070517442999573
13799,1.72373833084601,-1.4803056476193417
14098,1.525572474090871,-1.55659428249293
14399,1.7987633792679836,-1.4866905289167964
14698,1.8132892723959289,-1.4928563770374774
14999,2.0716964951271986,-1.3972618922216364
15298,2.5063663990488982,-1.2679819629572524
15599,2.445945995576573,-1.366789904757388
15898,2.5181313898554234,-1.3655553136914795
16199,2.2719336153281366,-1.3618404989812993
16499,2.5128330709639344,-1.2854606632760155
16798,2.4695192765467993,-1.2210007308728508
17099,2.5049909204788436,-1.3873840232621517
17398,2.4016375101809615,-1.2657329096544974
17699,2.2787649851286997,-1.2495657646638016
17998,2.2716287319382085,-1.2774147614692977
18299,1.935432850802084,-1.341326241126556
18598,1.8873263558630708,-1.3677792185678288
18899,1.9763044988108942,-1.3596922276123418
19199,1.7246242473993059,-1.3716424123968207
19498,1.5758330327442132,-1.383242840205932
19799,1.5242936802959064,-1.5275440847019985
20098,1.435840920051454,-1.526478792353184
20399,1.939408954205767,-0.9773755521737979
20698,1.2551740480005282,-1.5384150430917214
20999,1.3685066565645636,-1.6549203996386268
21298,1.2039555850861765,-1.6057052006791754
21599,1.1749237691208987,-1.5849978563476381
21899,1.2015919904241397,-1.55740901456244
22198,1.1853086527597876,-1.6126794550037475
22499,1.1659521433755284,-1.5868822806448506
22798,1.06013573504451,-1.671098868892758
23099,1.144302839905621,-1.5916881221502228
23398,1.079075017926454,-1.7145086500883822
23699,1.2109140450468245,-1.6168514330419468
23998,1.052120555116269,-1.6472073942073346
24299,1.2803904430129045,-1.4775412654275026
24599,0.9830589731286451,-1.8802118092538804
24898,1.006935853433399,-1.7195630883114452
25199,0.9541320603292321,-1.777750323860734
25498,0.9856691209658062,-1.7965204189732278
25799,0.9861140369009911,-1.9002148691277836
26098,0.899930231042997,-1.9458589302004836
26399,0.9777474002304969,-1.8779031574208522
26698,0.9411753119943859,-1.807345849731901
26999,0.9094502244912691,-1.873169287447118
27299,0.9181835186602506,-2.061313413299702
27598,0.9696746648107134,-1.63168243182951
27899,0.9280160632505283,-1.757258169870708
28198,0.8906281227690468,-1.81341023292648
28499,0.8971268513940467,-1.842911476106576
28798,0.8439911008879043,-2.142096186700591
29099,1.0133482206972877,-1.7362845760139067
29398,0.9322214486255285,-1.8698593522425182
29699,0.943541585667195,-1.7068697843808298
29999,0.9738523413176579,-1.53098231525999
30298,0.9079835892644174,-1.6752156150577129
30599,0.9653441171046951,-1.5779491653863102
30898,0.9628221747482137,-1.4660517274572569
31199,0.8406343396169346,-1.9159037409903816
31498,0.9130905739750654,-1.663652565268694
31799,0.837359248502843,-1.8753790655550127
32098,0.8156771852280456,-1.7485879418321941
32399,0.780868284766732,-2.206992481637517
32699,0.8268352702158059,-1.806996932892377
32998,0.8587777002859158,-1.6681023257289938
33299,0.8581876723824728,-1.6852704856183296
33598,1.334615581219656,-0.7875193198413357
33899,0.8251949833923974,-1.7272682229814036
34198,0.8944457852783061,-1.6090688761493763
34499,1.8923861087889833,-0.9541772866496065
34798,0.9101284690289714,-1.806284717812066
35099,0.7361898815066255,-2.0619775585236644
35399,0.6593783254340642,-2.41687472937656
35698,0.8544696108508675,-1.1658587091278605
35999,5.8461270467077115,-0.22998917205578806
36298,2.5639071488213907,-0.5934392595929039
36599,1.6627240151031821,-0.6959076616751267
36898,0.5929290039201752,-2.5150903088422756
37199,8.894494807833796,-0.3052870282633624
37498,0.9375794121810839,-1.1317166923952096
37799,1.3890150540630284,-0.5685484143820778
38099,1.6723588765097877,-0.3151106785980309
38398,0.8113703607490156,-1.133841151035322
38699,0.6894331012204358,-1.8764967809570172
38998,0.9178645651039152,-1.373498506868171
39299,98.360006334308,-0.5093577163278526
39598,0.5721025070769171,-2.398046748929779
39899,0.6234764301070098,-2.2834268904873327
40198,0.5878772220398801,-2.5048203197784766
40499,0.6488949916139543,-1.5674194525009408
40799,0.5840720342467006,-2.3804135972001004
41098,0.623452282457349,-2.2883709278023403
41399,0.6408878896286452,-2.5430866738213096
41698,0.6723747380939228,-2.0868802957207992
41999,0.6899455603092006,-2.180378964883036
42298,0.6721864616590448,-2.2599518374132406
42599,0.8353637273511745,-1.9829998240420346
42898,0.7075541960710819,-2.1921587933010005
43199,0.6959161307886746,-2.2202160955576766
43499,0.699533438758582,-2.0929986065182247
43798,0.6931737767747858,-2.2934684908401093
44099,1.0670407206829262,-1.522901218365456
44398,40.81732701096479,-0.18237550884561382
44699,0.6373353198673782,-2.05306895759498
44998,0.7618163747423783,-2.86343145244503
45299,0.6284236548411483,-2.144458373589926
45598,0.6385546357948519,-2.2851192409312984
45899,0.6621699890894998,-2.448759401716268
46199,0.6914217672029256,-2.1182606653348373
46498,0.6773428158533885,-2.22963099029759
46799,0.6952740589367218,-2.144382498380159
47098,0.6962186376913516,-2.2229484833206805
47399,0.7620189260316292,-3.09900325063209
47698,0.8080882183256107,-3.0834551884014463
47999,0.7819451911473699,-3.208100711695609
48298,1.0849261236288514,-1.0695850487115268
48599,0.9011024571793285,-2.7450874302224517
48899,1.302834572651551,-0.791885750761782
49198,1.7198422648439888,-1.2219575010635175
49499,1.2311098149499768,-1.7920533270276824
49798,1.7787460931004395,-0.7471193737890436
50099,3.249485154695676,-0.38126066907325806
50398,3.9110879364822875,-0.3285553794558098
50699,6.443741888324762,-0.2457612509372087
50998,6.925197084603984,-0.2679636788921316
51299,9.250011453006763,-0.21054632291986697
51599,7.814436484939632,-0.24437629635185143
51898,4.092936876709445,-0.36228557799459504
52199,10.046642826571578,-0.256173400581444
52498,9.809821974678059,-0.2690874554781406
52799,11.56682769860892,-0.3582820325818181
53098,14.098821884169105,-0.36136686117780825
53399,10.325859790622808,-0.3575617961936619
53698,23.70769184177327,-0.3119424673913209
53999,42.39040923011355,-0.2029431149983385
54299,65.83992081930104,-0.2690036005579317
54598,89.98154027971772,-0.21845926294559415
54899,,
55198,1.1056143855185077,-0.23610692875564543
55499,1.5346591722688148,-0.33055743179718267
55798,78.82016154475937,-0.26145506545531694
56099,53.499725216685306,-0.29694183771037763
56398,23.845754255134736,-0.32173912807598315
56699,10.567099926566717,-0.5092266979935454
56999,30.460871746991288,-0.7573035205622907
57298,2.130291701105991,-1.5262168488542196
57599,2.319065928703213,-1.536786744789043
57898,2.4988892109161767,-1.5244198122677575
58199,2.4539424611291394,-1.465371092510249
58498,2.561517444640714,-1.4220835219296823
58799,2.4360925179439543,-1.4283483272467334
59098,2.4519028462333057,-1.389669280488179
59399,2.478240949230991,-1.4888371586224283
59699,2.263976914096732,-1.5612456193251205
59998,2.007171386136084,-1.5043046302085052
60299,1.8125438022726579,-1.5330081800925113
60598,1.6622210047372228,-1.594646896924
60899,1.4071893573497067,-1.5855943456950294
61198,1.7047713166930323,-2.5895137596521995
61499,1.5382845251645212,-1.915744603419431
61798,0.9827578148821138,-1.7244020793230233
62099,1.1060336111760953,-2.169054293095749
62399,0.9036797030469147,-1.6606511214541042
62698,3.817179648991219,-0.5127314477419607
62999,0.9477816089932253,-1.6575697777699405
63298,16.964854686683168,-0.43121451074026496
63599,3.423630974277308,-0.5536348992606446
63898,1.1405782657842525,-2.020030977790152
64199,1.0540966741638824,-2.3200512776496534
64498,0.9564227367476406,-1.9287148686107654
64799,1.0404778259374552,-2.321388448412784
65099,0.9764535452522698,-2.086796552593752
65398,0.9190837894714442,-1.8754048376510255
65699,0.9023554107261744,-1.7982040749939059
65998,0.9020282351474707,-1.8515027544743008
66299,0.8713490908095078,-1.7959622024218094
66598,0.8475719171891375,-1.9595742900667372
66899,0.8680771251821933,-1.947215879104319
67198,1.3786671205509817,-1.4675672076286075
67499,0.8745287999946931,-1.922349053873389
67799,0.8354296929113596,-1.872875693504457
68098,0.8074371220363598,-1.9589944206445957
68399,0.7724571215641374,-1.8873913581099226
68698,0.777040898071082,-1.8214817795596412
68999,0.8612265281217008,-1.6096859644301578
69298,0.8799768260754044,-1.7401987923542928
69599,0.880375459118584,-1.9234475995552787
69898,0.8861954952999415,-1.749531103279189
70199,0.8666127116741393,-1.7926093685801696
70499,0.8683996847227505,-1.7901805282578676
70798,2.8088631350584183,-2.0488968772998946
71099,0.9604676642582748,-1.871292343502025
71398,1.0326887403570097,-1.7190833009860818
71699,1.0136384146648805,-1.749624344375151
71998,1.0231982392250654,-1.6687499297717951
72299,1.0410048273894172,-1.6466127978736447
72598,1.0036829835121022,-1.7029781060747982
72899,1.0506009899357134,-1.6843908850482934
73199,1.0727734214519171,-1.5879690163528322
73498,3.1922144764178455,-0.5232546906837217
73799,1.0142169651949728,-1.7028346527844898
74098,1.0655283928408061,-1.6397962694273334
74399,1.0895987316093245,-1.3954567151502437
74698,1.1766545435653433,-1.3485336489999438
74999,1.1619595768894173,-1.4129665570772665
75298,1.1603997898176577,-1.4221219991543848
75599,1.1951142497783058,-1.3735697697528484
75899,1.1820516929596638,-1.2692999733364023
76198,1.0566467741533059,-1.5885207261407803
76499,1.2491087435908057,-1.1490298395885632
76798,5.067710084888945,-0.21790139698438393
77099,1.960422330034471,-0.5118905356236065
77398,12.856933067724832,-0.25280566117092573
77699,2.3722089336343157,-0.3818199657117911
77998,4.189731777838017,-0.24870033436304628
78299,2.7294556235826564,-0.3418281090802411
78599,9.138899166495326,-0.1967262651746433
78898,20.90643922237453,-0.1982204206737428
79199,10.201986968397678,-0.20072354936935266
79498,46.76930678875879,-0.19237217495711811
79799,42.08983287136064,-0.1857636897947217
80098,46.4312395869994,-0.27850331369124937
80399,29.79797476604095,-0.4133946490819036
80698,1.4237262774632595,-0.4079624006954694
80999,17.146242211692428,-0.4581663921515864
81299,103.30168630862514,-0.292947032054782
81598,8.883659728819971,-0.2405791915649389
81899,1.017947870657936,-1.2397355229708764
82198,1.071360254775991,-1.0989681721782971
82499,0.9265564052505282,-1.3103858421940018
82798,0.916665368942658,-1.3264639278855759
83099,0.8568731434195098,-1.4556729825190602
83398,0.8656017549472874,-1.470679840520614
83699,0.8260107994727505,-1.5972185066847921
83999,0.8463379853107135,-1.4462849241138809
84298,0.745610181647027,-1.844287843655032
84599,0.8160676199309697,-1.559122300139609
84898,0.7233179647743418,-1.8836704207049362
85199,0.7370848376146196,-1.9047780551976383
85498,0.6592551458970272,-2.1773864477301093
85799,0.6472636242280456,-2.1865375901272905
86098,0.6243488606192492,-2.359201246556081
86399,0.6464196113877677,-2.3084620394036564
86699,0.605071941510453,-2.5168401736632395
86998,0.6224096685405458,-2.4724775720279757
87299,0.5787110590382308,-2.450874758029278
87598,0.5809252585984159,-2.48327980973234
87899,0.5654679552581382,-2.3172004279962017
88198,0.6053034761423974,-2.3603851996663243
88499,0.5849469660961012,-2.467151510487798
88798,0.609713463059064,-2.278396051795636
89099,0.5801308523229529,-2.28251805453087
89399,0.5884832400752679,-2.4524133731497866
89698,0.5617376420428604,-2.3369571632017543
89999,0.5915289124896197,-2.05785433523865
90298,0.6001585554357134,-1.9902191644041163
90599,0.5949547578315468,-2.2699434599132724
90898,0.6053365448708986,-2.0073913672476746
91199,0.6021697109449726,-2.065559076269763
91498,0.6449146059511501,-1.9145697200646086
91799,1.334197839498864,-1.074032808768853
92099,0.7008914266293909,-2.1469886271127137
92398,0.745474288366269,-1.7579421761237515
92699,0.7444843252528429,-2.4328290488224975
92998,0.6540201266116394,-1.8504505900590051
93299,0.6563125773886501,-1.7252169884682806
93598,7.033820100983325,-0.20664887251071629
93899,1.3462329711548415,-0.5211568994835876
94198,2.3161194062627524,-0.28418490359830706
94499,2.5595506406366297,-0.5086050510553639
94799,1.5621887164622519,-0.5859235779049718
95098,8.235962039720592,-0.2538846876779881
95399,3.0326082222485558,-0.1279182944072801
95698,3.763824149362647,-0.12661807912433232
95999,6.7601692269446145,-0.08692778083847674
96298,6.856768118186272,-0.08874755304047421
96599,5.9053700474987725,-0.10575985035307633
96898,6.707912349832106,-0.1092157100018949
97199,5.874122330431643,-0.10651511933322166
97499,3.336785753043203,-0.12607957029333527
97798,1.6854302145934632,-0.2922987665824066
98099,1.7713668509545741,-0.3447103764291297
98398,2.977452882705307,-0.5277333186032624
98699,4.151598590179844,-0.2844390950848854
98998,0.7098602252052406,-1.8839306222827266
99299,0.7115966999066292,-1.9751853183147219
99598,0.7378060952307034,-1.9313526993037131
99899,0.7172703127469071,-1.9298031382571423
100199,0.7440800567029257,-1.9703650878408387
100498,0.7154950702445921,-2.008276096117783
100799,0.7352821411149627,-1.9533508745456363
101098,0.7480221647399625,-1.9542712927734316
101399,0.7725106607654256,-1.8892657925163565
101698,10.69817613621899,-0.23753598296680356
101999,0.7963027090316293,-2.0572780086473843
102298,0.7569251548811662,-2.053345258830146
102599,1.1167484370895,-1.2312066992346313
102899,0.7239969519552404,-2.1576354658945136
103198,0.7354027694547914,-1.9933443065245968
103499,0.6891553640427543,-2.153948416949027
103798,0.6956818980196063,-1.941899302502725
104099,0.6969936619436663,-1.9830337179662352
104398,0.7928208531705182,-2.241450719678448
104699,0.7293571025617219,-2.016633222934087
104998,0.7685617341050371,-1.7832756917213044
105299,0.7789318366976297,-1.951908655788884
105599,0.7200834015008705,-1.950156691156793
105898,0.8043723350247857,-2.048552423051105
106199,0.697919598446082,-1.7970598056013842
106498,0.7122141396173783,-1.8048051607458588
106799,0.7345649725271006,-1.8818869552368267
107098,0.712047968769354,-1.8655922657263213
107399,0.7627705208315468,-1.7689622035207138
107698,0.7654061572204358,-1.820165669102194
107999,0.7789270547528431,-1.808815442151428
108299,1.0806451773423411,-1.3358082122319948
108598,0.8548486631718245,-1.7236857591445434
108899,0.865053619863954,-1.8258202278569522
109198,0.8686840882065469,-1.6596199394227416
109499,0.8903674903315467,-1.7624967206546995
109798,0.8457440849426578,-1.71160844839103
110099,0.8942653835259912,-1.72877028234354
110398,0.9376517607844708,-1.6481921802585662
110699,0.8558212347119785,-1.7891769776713433
110999,0.8838695226818858,-1.7621768698117548
111298,0.8963861175445097,-1.779416502283778
111599,0.8360300583593244,-1.7679683236389194
111898,0.8348251701886937,-1.7748479462997135
112199,0.9063865191632308,-1.670831415744729
112498,0.8291309638923976,-1.735663373992422
112799,0.861246398650144,-1.6660395693415042
113098,0.8774826113908847,-1.674116015720084
113399,0.9003607232002678,-1.6657680718730963
113699,0.9001285947010699,-1.6167602497992166
113998,1.0143550170814328,-1.3991147714276395
114299,0.915454995917997,-1.7115858509677104
114598,1.0539408907582746,-1.4378887390888049
114899,1.068259111556886,-1.4868362324835873
115198,1.0185464326193856,-1.6285644014540992
115499,1.052103006826917,-1.519570298034488
115798,1.0898888415560837,-1.458806820468041
116099,1.0581829929565467,-1.411445972414192
116399,1.0404021607490155,-1.2971712223350664
116698,0.9373465665152193,-1.5796759155804585
116999,0.9691387382482135,-1.5379868349921963
117298,0.9628487774426578,-1.464060188191875
117599,0.8422069379295709,-1.7465388796578032
117898,0.8456390697673974,-1.620497363197464
118199,0.813354449372366,-1.6956164172699824
118498,0.7797221565775827,-1.7715818878669518
118799,0.8035635333816254,-1.693121471472757
119099,0.7681513569418106,-1.7035314582428036
119398,0.7292832133090642,-2.011205644507047
119699,0.8499611212164715,-1.211132847881117
119998,0.6717335409988789,-2.1000051845255445
120299,0.8375384493761937,-1.3830726725603975
120598,0.7384029571146198,-1.7197062420490794
120899,0.6743999812419347,-2.1480549225110535
121198,0.7412702190336011,-1.75201120111636
121499,0.6246177827303604,-2.0372422314049445
121799,0.6462475338229531,-2.115950694421033
122098,0.6217862306933234,-2.1234284771910765
122399,0.581579674461842,-2.192650896010802
122698,0.6379911291308233,-1.7194266471205952
122999,0.5840847762396196,-2.1637467448431686
123298,0.565656668262768,-2.1611458952468503
123599,0.5537185642025827,-2.4792693106770107
123898,0.5689516202118419,-2.5495448296107934
124199,0.526163599973416,-3.0430386239580436
124499,0.5525880915035085,-2.535138581665009
124798,0.5707827308576752,-2.226113841815133
125099,0.5178557326516567,-2.7894977091051327
125398,0.5313619046447122,-3.2679864174737796
125699,0.543555908061379,-2.757331864638919
125998,0.5302527973044344,-3.0623612154056428
126299,0.5396223681146197,-3.175202268195342
126598,0.5208134240173974,-3.2363448843220874
126899,0.49265611148267524,-2.831939408965616
127199,0.48738417072804563,-3.6505787798798517
127498,0.46565148460073075,-3.4772857441360623
127799,0.46734730797804563,-3.383635290003097
128098,0.4338268837257308,-3.380078080954986
128399,0.4775395232396197,-3.543523759117625
128698,0.4780667417303604,-3.334947589945142
128999,2.0124760334147656,-0.30616479757542026
129298,2.973772738690536,-0.31752174227523744
129599,1.2274761427874514,-0.5475439550735233
129899,1.229866352326803,-0.645100829287073
130198,0.652659232711842,-1.4435896457731623
130499,0.48556755063313833,-3.1469742319885237
130798,0.537193034602266,-3.289353983647742
131099,0.6948846181825514,-1.8916350890758613
131398,0.530690909522027,-3.2219935644834576
131699,0.463447635524342,-2.4376489676856754
131998,5.034016349055852,-0.32016626267994996
132299,8.240218251494019,-0.2801981087498264
132599,1.1765087510613792,-0.6434777302891872
132898,1.1402800276879141,-0.7108542968186506
133199,2.11695690418097,-0.4145319200783084
133498,0.8673866064464403,-1.0125660919091501
133799,0.5722929994094031,-2.956609205875187
134098,0.5298704120004143,-3.4924820802371173
134399,2.2290793220863696,-0.4251958913935183
134698,0.9539403662229436,-0.7619451449436758
134999,0.5526577924209772,-3.2092463714763166
135299,2.13216558520211,-0.4605430747791748
135598,1.85933978738663,-0.5145176220971919
135899,1.646691511013945,-0.6057481593067529
136198,2.1653073560945386,-0.946101482867008
136499,1.4950582926389446,-0.6287249761535545
136798,0.5213046696497856,-1.889355532728651
137099,0.5440801807724709,-1.839602813897034
137398,1.3279547851940754,-0.7336307360250229
137699,0.5704946389044152,-1.8353207919847079
137999,10.644279208740251,-0.2743331053317648
138298,127.11207750527988,-0.3138746624502078
138599,0.6520305340733967,-1.5371827690821571
138898,0.6832411926474706,-1.5155370778421862
139199,0.7487404823002487,-1.5723256302908903
139498,1.3578471603062752,-1.4642694604897084
139799,1.721760946848555,-0.8167192820500913
140098,5.988043156079048,-0.30029431588016897
140399,9.882390563558216,-0.22786956353595333
140699,24.099256874866754,-0.3024974052686671
140998,1.5752680432099717,-0.2108475935045766
141299,0.1786033367174697,
141598,0.1786033367174697,
141899,0.1786033367174697,
142198,,
142499,,
142798,,
143099,,
143399,,
143698,,
143999,,
144298,,
144599,27.008220355481964,-0.2954570621022401
144898,3.2048691633746307,-0.5589594178365291
145199,61.762230832551055,-0.6005054327821384
145498,13.901285530585772,-0.6904797679363401
145799,5.710956953252133,-0.7713542937909501
146099,1.6622444467843513,-1.5297262505903926
146398,1.7104921670434914,-1.6545110719619673
146699,1.72653006818238,-1.5375382811969756
146998,1.7095259300583685,-1.573134500000902
147299,1.6958034262686879,-1.5744158253508025
147598,1.680048668321929,-1.5414891135641828
147899,1.6442198270881325,-1.5235203187318151
148198,1.6138536329978548,-1.5484233815396378
148499,1.5602286215719288,-1.624435250000194
148799,1.4183222797918362,-1.7690147266881837
149098,1.6161104815997065,-2.083374170529707
149399,1.111561625303193,-1.7878419405145713
149698,1.1660402946604416,-1.8411055197249877
149999,0.943058705489145,-1.8456925549549648
150298,1.0050998254960897,-1.846085241622467
150599,0.97060553424146,-1.7794343091264238
150898,1.154878465181275,-1.935062853356622
151199,0.8753837823132192,-1.710337104087904
151499,11.443716575140463,-0.43002558075971975
151798,0.9040600686743304,-1.7103786017826925
152099,1.2525347149576558,-1.2469553527864434
152398,0.8489506406636746,-1.7587939155846826
152699,0.8383509753280265,-1.8040859839483954
152998,0.8431476533534893,-1.7672207485537403
153299,1.0150034532238594,-1.6272849265388536
153598,1.0290014141451558,-2.0872586644299207
153899,0.8252848716243227,-1.7089298030367965
154199,0.8842485860780265,-2.135902647824215
154498,1.2940062054602792,-0.8820166932515505
154799,0.7193193254321931,-1.8310850937768666
155098,0.6935331833905264,-1.9330073496700328
155399,1.48674200620102,-0.7259732522273927
155698,0.6939090827354337,-1.8004342232126715
155999,0.7068402380386746,-1.874238468654084
156298,1.1028146377146006,-1.4544009999077767
156599,0.7080674923187672,-1.7779160513848122
156899,0.7011469791289524,-1.7506855986887464
157198,0.7481462254646005,-1.8292054627364633
157499,0.7899492661217006,-1.6534747315787843
157798,0.8330651364897563,-1.4941331282289898
158099,0.8290031992520634,-1.5670875805929678
158398,0.8970632344434599,-1.6476819864217953
158699,0.9673772433693859,-1.671665314939788
158998,1.3958987337450013,-1.1175485861618286
159299,1.2325495573346636,-1.7206724818022048
159599,1.2695372876232134,-1.600358233347074
159898,1.353551792358119,-1.5453113974030095
160199,1.5015545620294153,-1.63454383916705
160498,1.3138987956741393,-1.594473051374512
160799,1.2118786598994786,-1.4365015994018462
161098,1.1541331233222876,-1.5294408635029342
161399,1.290956880456547,-1.4635948162454029
161698,1.4761323489634912,-1.4776257040231657
161999,1.6720092209712378,-1.3649487855698168
162299,1.8824393637982213,-1.2808146610526987
162598,1.9400485934379121,-1.2566395473602534
162899,2.3361532694880567,-0.6459070981587827
163198,1.5081131711454643,-1.373721162736362
163499,1.3226951857296951,-1.4511669305301882
163798,1.2753340024079358,-1.5249483921415026
164099,1.3747696932181208,-1.3802810136268273
164398,1.3163874830421947,-1.4829811600705267
164699,1.3965352993176579,-1.4416635957561033
164999,1.3576670812204354,-1.4556352044685332
165298,1.8124926516316933,-0.9881906365034843
165599,1.4804180645406821,-1.3306544584791573
165898,1.3742405294866393,-1.4312031171497517
166199,2.306185086399176,-0.9261289073021721
166498,1.2849031501000652,-1.469671221888972
166799,1.355976653556886,-1.363386654111785
167098,1.3588079722968247,-1.448316576823796
167399,1.3123836727551579,-1.3728726205714183
167699,1.6295839720532967,-0.7812201386750444
167998,1.226431258154108,-1.5826214563666738
168299,5.2914167149301194,-0.3530228898086285
168598,5.67858503564863,-0.3241866922345027
168899,9.351905806077502,-0.3246362173913089
169198,47.8088488755904,-0.3808207772511203
169499,86.04045261443909,-0.4426861299160667
169798,43.95155255802241,-0.5078833429915408
170099,,
170399,15.946131297583456,-0.45387925622211434
170698,1.0321962198871022,-1.3477370436076486
170999,1.1057969297389543,-1.1017577001436636
171298,0.9678735077273802,-1.3464414421639712
171599,0.9761021953176579,-1.3205304563139522
171898,1.2807412336430488,-0.7653179989569459
172199,0.9463699337505282,-1.2140086346024885
172498,0.8115236611494785,-1.7964751396041514
172799,0.8308620785869785,-1.6812762240846357
173099,0.8265047134295711,-1.720829475180162
173398,0.8074647011749415,-1.8285989410662387
173699,0.8107731932073488,-1.9157777198111874
173998,0.6912697008740154,-2.732106884438506
174299,0.7274967143138303,-2.2032919757241523
174598,0.7446092563485525,-2.2005770684871013
174899,1.0851725119967006,-1.126840095726069
175198,0.7303773558855896,-2.364634192681569
175499,0.7486014769249415,-2.3593630098394813
175799,0.7061095626101267,-2.2943286833531475
176098,0.7581526550560838,-2.3569055374201984
176399,0.7820178686741395,-2.109306463713125
176698,0.8164080989171949,-1.982844901522543
176999,1.8722472829421852,-0.5478696113166837
177298,0.7998633342343245,-2.180699480023933
177599,0.7667502235167319,-2.1810462608138015
177898,0.7509287959333986,-1.9679463564553714
178199,0.8190128089611765,-1.8590401240794296
178499,0.7880741956602505,-2.026939449529181
178798,0.8244028396764542,-1.733506061736931
179099,0.859023772784045,-1.8022807016841282
179398,2.6011897304879557,-0.3162881661152832
179699,3.4570133768722147,-0.39063099843876903
179998,1.3922518969342006,-0.9371788619650616
180299,0.8858231071579358,-1.8686857479137418
180598,3.3172670355185745,-0.3902942590684906
180899,2.0953050388345122,-0.9643112445199908
181199,1.0639781666412593,-2.053303184076986
181498,1.437784279151793,-0.7942103217475136
181799,1.2647814760872855,-1.102621039599819
182098,1.0052903488766376,-1.492210860227007
182399,2.5209157500446673,-0.6388501036242273
182698,1.5338362395101297,-0.8891985312755923
182999,1.249399058496241,-0.90845438608922
183298,1.7349404927473162,-1.468763335404458
183599,1.3662962893773707,-1.121662004006669
183899,9.448066253324418,-0.6534455473189305
184198,4.672637234843803,-0.49180632414357595
184499,5.709833650523491,-1.0830723404807832
184798,1.7171865569587452,-1.6366323170436594
185099,1.0176079738226298,-1.461472575776615
185398,1.0877759649823522,-1.6105647079639978
185699,2.3345694590693995,-0.8597217828941406
185998,0.7887893427022594,-1.9263376874811944
186299,0.7610239799015506,-1.9561946957881857
186599,1.0847511677510875,-1.623372922542214
186898,1.4529758960685255,-1.5470028992926053
187199,1.1399427989805628,-1.4751140543031371
187498,1.3068986087652847,-0.8875671214464873
187799,2.124681198696368,-0.7596691633623116
188098,1.905327742529174,-0.535377696622741
188399,0.7192789783135878,-1.7509056867271622
188698,0.7215270503876619,-1.8026299034637288
188999,0.7457769423436803,-2.0149899419640724
189299,0.7349701312765506,-2.061037291449074
189598,0.7545810339223842,-1.9165171984401015
189899,0.801291672436273,-2.217557894570592
190198,0.7811022975682174,-1.9301086542458883
190499,0.8258412610728469,-2.0846406689872286
190798,0.8537635313089581,-1.9570276698528968
191099,0.881115069186273,-2.021411950768781
191398,0.8764721618344211,-2.0033819113701288
191699,1.157235399090756,-2.1271143751108275
191999,1.179760725360617,-2.041403731516038
192298,1.0346026496529472,-1.8887075346480127
192599,1.0634571208867436,-1.8261798789938855
192898,1.297100402076867,-2.22089957421876
193199,1.8620181275051075,-0.7672070224080794
193498,1.291092165465447,-1.6024957126905814
193799,1.7969998428635954,-1.795839101114761
194098,1.4509495163473918,-1.7079363819577695
194399,1.4512108422131325,-1.6526306135364588
194699,1.3974896370649845,-1.6768914392855456
194998,1.3940585263471743,-1.592830183045281
195299,1.5355072288490403,-1.766532692163652
195598,1.384827051476804,-1.6746295336917223
195899,1.6319061333957858,-1.1376196772137006
196198,1.4224005381883704,-1.5894422601156428
196499,1.3282742629985556,-1.559063140450009
196798,1.3910777203951559,-1.532176822461063
197099,1.2758807772863596,-1.5799189546150054
197399,1.1970203693511747,-1.66254751217022
197698,1.5372210072130188,-1.385356959585717
197999,1.2377037536150635,-1.6272955207650321
198298,1.248558701047934,-1.6566967084401623
198599,1.1890715917817303,-1.7016001575510815
198898,1.0606013950409896,-1.6797507405728087
199199,0.994511138420619,-1.750129703943117
199498,1.011748586068767,-1.7951464385494642
199799,0.9393206564622856,-1.900352129551778
200099,0.9093932761497858,-1.8983385541173967
200398,0.8820104530641376,-2.0352553656259293
200699,0.8592128674923782,-1.9436098300478846
200998,0.8588567911058043,-2.035513851227566
201299,0.9749990452377487,-1.5194264549758443
201598,0.8939896753233967,-1.8043671987173142
201899,0.8297988374113597,-1.980044852813704
202198,0.9169155373581191,-1.8147230767308509
202499,0.9108955882446931,-1.914490631868468
202799,1.3623970469252484,-0.9341940062716017
203098,1.002317253584971,-1.8034517934671417
203399,1.0349828272655264,-1.57826073570337
203698,1.0620553911544155,-1.555311562385651
203999,1.0645086902400633,-1.584418085685678
204298,1.042844959675249,-1.6189926994375559
204599,1.1196766246729337,-1.3838525184146069
204898,1.0748786239206192,-1.4274427319052077
205199,0.9753143858974709,-1.7271890572628985
205499,1.0056161184213521,-1.6108300851098174
205798,1.0027004623280265,-1.4675324309970623
206099,0.9450273153812672,-1.5695207498359651
206398,1.085747114770156,-1.2636582223538282
206699,1.2108613522979337,-0.9386844281446867
206998,1.1982396106775635,-0.9383215295231018
207299,0.9513433879560069,-1.4600714278474096
207598,0.9765794085833216,-1.5143139478425587
207899,0.9860869841411921,-1.2216832693369724
208199,0.9700275895462843,-1.264034464659507
208498,1.064619167814803,-1.068020778405684
208799,0.879927787025451,-1.5424032547969282
209098,1.0369747387797734,-1.0713425350460923
209399,1.1784762694421178,-0.7214160950553159
209698,2.567366483150759,-0.30696695069452984
209999,1.927428451567426,-0.3315586987087009
210298,1.403020897403499,-0.5009579865555713
210599,2.6554412816461315,-0.363988648725432
210899,6.156202141411645,-0.2835181490574121
211198,0.8154346393865622,-1.506920789673912
211499,1.638898882930852,-0.5192001117576845
211798,1.294100072339909,-0.693329136336867
212099,1.970437386788983,-0.5687887089567389
212398,1.1612570280482422,-0.7191711839478878
212699,1.138189731724525,-0.6168608687951003
212998,0.6632821281157291,-2.101866127256252
213299,0.5865574370532292,-3.00701883058815
213599,0.63016707728934,-2.6871588958414496
213898,1.6452273260535373,-0.47148636114126674
214199,0.6918449679351734,-2.117120162392868
214498,0.7064974001206669,-2.293622421622013
214799,0.750681079428962,-2.0433148771293252
215098,0.7434233490671178,-1.8995211502845901
215399,6.640086085066659,-0.5809783383127114
215698,0.5419741045092473,-3.08397755351983
215999,0.5312664223958214,-3.0643080387937935
216299,0.5565981835810067,-2.987620823204881
216598,0.5191625006064696,-2.905886238896296
216899,0.5250999490671178,-3.0113235547827353
217198,0.5397464420876439,-3.015516005191733
217499,1.666349330180852,-0.5108075679726733
217798,0.8237991023757214,-1.0322290627290438
218099,0.7512652660188149,-2.049713786274884
218398,0.5119329043098662,-2.542508933138124
218699,0.50338499570107,-2.6760209354185407
218999,0.5045627690112551,-2.52499122465729
219298,0.5247933552381069,-2.4875745168707533
219599,0.5435671424024586,-2.2594637462587603
219898,0.5393798161316254,-2.4322230652477916
220199,0.5680171547823957,-2.5614618091035677
220498,0.5657042314692302,-2.1746798529089277
220799,0.5675993819507116,-2.0844738192163588
221098,0.5775288654877486,-2.143463016669613
221399,0.9608210368882116,-0.6342810997001656
221699,0.631809599707656,-2.1790537551278564
221998,0.5937069155062672,-1.9857434041407762
222299,12.271965305594538,-0.2232790329055998
222598,48.61998962902101,-0.31837457994348806
222899,39.323178945845406,-0.30808587782890706
223198,60.225193057287214,-0.24450316587155752
223499,31.316680886592888,-0.2396448015649384
223798,34.742752857921595,-0.24004367806694482
224099,42.008578500127996,-0.27385417765988995
224399,44.930792858264574,-0.26288851833644955
224698,61.73920943123912,-0.2565194592188942
224999,109.45767247073218,-0.27522128837490056
225298,162.3693613322895,-0.2876224549385049
225599,113.9232509632993,-0.28764983239762354
225898,110.14863614621598,-0.24003606095778807
226199,112.42362435485023,-0.285221834341592
226498,66.45930101538264,-0.283578880109449
226799,0.1786033367174697,
227099,0.1786033367174697,
227398,0.1786033367174697,
227699,0.1786033367174697,
227998,0.1786033367174697,
228299,0.1786033367174697,
228598,0.1786033367174697,
228899,0.1786033367174697,
229198,,
229499,0.1786033367174697,
229799,0.1786033367174697,
230098,0.1786033367174697,
230399,0.1786033367174697,
230698,0.1786033367174697,
230999,0.1786033367174697,
231298,0.1786033367174697,
231599,0.1786033367174697,
231898,0.1786033367174697,
232199,0.1786033367174697,
232499,0.1786033367174697,
232798,0.1786033367174697,
233099,0.1786033367174697,
233398,0.1786033367174697,
233699,0.1786033367174697,
233998,0.1786033367174697,
234299,0.1786033367174697,
234598,6.920026846641021,-0.6788317243499273
234899,58.46052103889364,-0.37596074284333647
235199,11.394560936816948,-0.6116459623191883
235498,18.510154023754758,-0.4020352899584694
235799,15.463824476117875,-0.4617654138362999
236098,13.932724000189937,-0.45134931777360476
236399,2.434274412015713,-1.3758011745033913
236698,2.1990099432663737,-1.3394134216252374
236999,2.6382266197918356,-1.3290049392895655
237298,2.4784218245339034,-1.4126194189116097
237599,10.34734601368732,-0.5861616816825912
237899,2.399280993873588,-1.8078167342633131
238198,1.9433871744219147,-1.6488366016940876
238499,1.8892503176309812,-1.7644414567703914
238798,12.755425325010268,-1.8125127988755199
239099,34.1631565869353,-0.5781241857609605
239398,7.073508795808229,-0.42938592251318886
239699,5.364717339517012,-0.43322470375180555
239998,20.569385990225225,-0.39719701166558186
240299,8.48182024259442,-0.8857866048064285
240599,2.7465281192287976,-0.5020198875452364
240898,4.990689535617687,-0.8113107041047865
241199,13.645240665904234,-0.3957141800671111
241498,4.760266997886204,-0.5903676074152249
241799,3.7251368886269467,-0.5279587437824054
242098,0.8908475036206668,-0.5708960292851537
242399,9.665168563910228,-0.743196415496753
242698,15.205270358346732,-0.8004365125231576
242999,19.037261083177754,-0.5600023793265181
243299,22.482355328083507,-0.6867134847076306
243598,23.837817916026918,-0.6190742147283599
243899,14.942493859233243,-0.5143383631118923
244198,16.712172196479344,-0.6764078474086248
244499,24.774456259592778,-0.48319205232934515
244798,43.23009156976583,-0.30609436280066626
245099,35.4606792200048,-0.6993080328349297
245398,35.914149133358976,-0.6381576302953966
245699,29.777226665953876,-0.39547694306592884
245999,25.398741155693955,-0.49061484427118085
246298,58.618528991504796,-0.36492310646583825
246599,60.146482737780275,-0.4413437030515608
246898,89.78746945527796,-0.26328113242984674
247199,50.51187810081993,-0.4386126291602612
247498,36.28004250657128,-0.6689028571639972
247799,3.9077866093382596,-0.3936692264486754
248098,45.86216234546777,-0.24912451138242941
248399,20.22505914491625,-0.3181714545459289
248699,13.657024301470594,-0.45706918781541983
248998,6.364852956621177,-0.7325440237151037
249299,7.4348483430284045,-0.5774574547130946
249598,7.269446914626574,-0.6167524592782443
249899,9.33396094444639,-0.5218822515742676
250198,8.642685463653402,-0.5905674595014287
250499,10.246121647615581,-0.6017857561229947
250798,10.684553997020673,-0.5541575470257256
251099,12.800692366163865,-0.5544542409201627
251399,11.959513703286627,-0.5426317954078022
251698,10.713165490374589,-0.521872624573011
251999,13.336650180573663,-0.3419607913956806
252298,12.478225707582848,-0.4515244857230316
252599,14.562801112684696,-0.35403586097301676
252898,5.405019061863056,-0.5118867853551161
253199,1.0503413136874893,-0.5734486176793694
253498,0.7250673316242692,-0.32371687349016853
253799,2.17741893168286,-0.43688386706350957
254099,0.9531544084467485,-0.5371439652121692
254398,0.1786033367174697,
254699,0.1786033367174697,
254998,0.8158570710902672,-0.49362854088239017
255299,0.1786033367174697,
255598,0.1786033367174697,
255899,0.1786033367174697,
256198,0.1786033367174697,
256499,0.1786033367174697,
256799,0.1786033367174697,
257098,0.1786033367174697,
257399,0.1786033367174697,
257698,0.1786033367174697,
257999,0.1786033367174697,
258298,0.1786033367174697,
258599,0.1786033367174697,
258898,0.1786033367174697,
259199,0.1786033367174697,
259499,1.5595717999967007,-1.154696652633688
259798,1.3577796391494785,-1.2354112436272993
260099,1.3524671569342008,-1.1878814252422445
260398,1.3369155885097876,-1.272562720068096
260699,2.1391939198166603,-0.5544235162226521
260998,1.3795540722778337,-1.1669129861494136
261299,1.1180103940271005,-1.6363431681669183
261598,1.1752332248820005,-1.495606599510269
261899,1.1384076509136742,-1.6379272472313677
262199,1.0357309164808042,-1.8865823329286577
262498,1.1093695043604341,-1.7472967526657106
262799,1.0297716050525636,-1.7910797562147356
263098,0.9895045832007114,-1.8826238970687705
263399,0.9838762631289524,-2.204686431442057
263698,1.3897459397545817,-1.437943118183226
263999,0.9428269853372857,-1.9345889531994107
264298,0.9068553224553413,-2.205375956751934
264599,0.9090784717377487,-2.0859087129908844
264899,0.9556807190409895,-2.000422004488796
265198,0.9230572297215449,-1.9506578821174938
265499,0.9080415855525634,-1.965295501053602
265798,0.9380160585872857,-1.9275682034363908
266099,0.8791067016081189,-1.8755370991135254
266398,7.317315239933028,-0.32108977195187105
266699,1.1540039652817302,-1.6165607065901995
266998,1.2154207508650634,-1.6420262833104973
267299,1.026126390057193,-1.65400683420479
267599,1.0360858747053414,-1.8112389264374493
267898,1.0765723677979337,-1.718979134933463
268199,1.250450016654415,-1.4968488337290662
268498,2.25981947162124,-1.1677582071491188
268799,1.8110578223164522,-1.7458613653153847
269098,2.4127331708039264,-1.1347502615523717
269399,1.1262224239136747,-1.809395173786268
269698,1.0935209978920744,-1.6813806162069675
269999,1.5399143733465452,-1.2229539000712633
270299,2.185770823189104,-1.0018868529244167
270598,1.3652042955394077,-1.6637371557473872
270899,1.107425531591148,-1.6916699367606305
271198,1.5656969191682704,-1.2140502515463765
271499,2.032634533968463,-1.4424053853193914
271798,40.1452928807154,-0.40346461893966623
272099,1.2071118649869816,-1.4432533357617956
272398,3.4005577908356033,-0.3798321978395882
272699,1.0776504498096913,-1.8796718745166472
272999,1.0329344025242362,-1.8421664977452492
273298,1.0300080201159103,-1.7362796594907506
273599,1.0848272440117435,-1.7662692921999108
273898,1.115603607916836,-1.7837883178149188
274199,1.1449379905071142,-1.796627088935523
274498,1.067611107629799,-1.7517162700035853
274799,1.0872356397941507,-1.8460692422946354
275098,1.1335728982015585,-1.9694293362012245
275399,1.460717721046466,-1.56667331906195
275699,1.3365890430210028,-2.124891550533341
275998,1.4461892803847372,-2.1208558823604995
276299,1.4774556961671443,-1.7837025441117245
276598,1.2374314788219287,-2.000099150113715
276899,1.7633245019638657,-1.2026524350521988
277198,1.5931178068916816,-1.577093295389929
277499,1.180099097655262,-1.8944911533012037
277798,2.4776373449073454,-0.7378140938678881
278099,1.2260991275858175,-1.8496305133746005
278399,1.2721770372409105,-1.7148304914071741
278698,1.486070031722392,-1.7333077393182905
278999,1.39039995853985,-1.7221146397915779
279298,1.4806628892319798,-1.755491758706925
279599,1.6532108684449427,-1.597137577742385
279898,2.055040864808677,-1.6074146873046278
280199,1.9404559275343516,-1.577900835403372
280498,1.8272398889542016,-1.5361476731152326
280799,2.158954008476482,-1.5358390667973083
281099,2.2500036383422226,-1.488029050619244
281398,2.297419261582963,-1.5026333724338667
281699,2.5945485711268246,-1.475667616372676
281998,2.6195558603983913,-1.5077919451101565
282299,2.854376602893028,-1.4254126352257162
282598,3.86454343238377,-1.181044002756305
282899,2.8587410134208056,-1.3755603264034164
283198,3.191832674147658,-1.3657592376598635
283499,2.9305851282958058,-1.3779142810356464
283799,3.557671180136084,-1.3468145386812007
284098,3.5207577092359257,-1.400154694409006
284399,3.3922782617498144,-1.369150249509243
284698,4.037429817138705,-1.2386803191554518
284999,3.5172440530530555,-1.3055137655301987
285298,4.147163152488241,-1.191615726092317
285599,4.156219543461194,-1.2648514057160396
285898,4.982663945990556,-1.1486936133712846
286199,4.814997422796111,-1.1157215277341792
286499,4.335922050423426,-1.2132405677447213
286798,4.6551539043215735,-1.0983212067684844
287099,4.035300715800436,-1.1293179975485548
287398,3.481706096487936,-1.1755325395347986
287699,3.106710614818954,-1.2317232119572576
287998,3.101724742096523,-1.1885413411049535
288299,2.535820363831188,-1.2665397312815614
288598,2.14436147749091,-1.3128298475842817
288899,2.17459016405804,-1.2988244759071756
289199,2.1307613176395073,-1.2071991973436926
289498,1.7771212200408883,-1.3110150951589832
289799,1.9764952572862586,-1.0162694319092531
290098,1.8243807852618714,-1.4026991512263947
290399,1.6682520447588904,-1.2183592416664681
290698,1.6686784632176481,-1.2392007828917047
290999,4.85068320927223,-0.559817361910913
291298,1.523856044946082,-1.3444102678155079
291599,1.420099590672934,-1.4141043555430377
291899,1.4380669569877487,-1.4396162221024063
292198,1.4942701915340448,-1.398177566343854
292499,1.651956001221545,-1.203094732048866
292798,2.000184844275519,-1.0137616132816776
293099,1.6396447290803413,-1.2373022961425435
293398,1.7300192751058043,-1.2034718398719746
293699,3.9292635700088905,-0.7556375445616399
293998,1.9541159716891374,-1.0263976543427478
294299,1.7245361248858968,-1.1841196139725167
294599,1.8430809474391374,-1.0682344201321134
294898,2.0516755687030264,-0.884263248536798
295199,1.639405587617378,-1.2646373960242525
295498,1.758320135920619,-1.135219225628655
295799,2.061773645138212,-1.0541348196748546
296098,1.6307153861081187,-1.1567347436967141
296399,1.5315132875525637,-1.3664377930892244
296698,1.5172738354923785,-1.4176525712815864
296999,1.6062280847724706,-1.1955450100342788
297299,1.7620452956613597,-0.9558206261194127
297598,1.5283129634573491,-1.2950603253985733
297899,1.570046526250056,-1.117983555456334
298198,1.4190139745525636,-1.3791413652215154
298499,1.4113904650016373,-1.3865910389122176
298798,1.437876214256267,-1.2368011795436478
299099,1.4483144151335818,-1.2820656289931844
299398,1.3122232153187672,-1.5319365694206923
299699,1.2826222849183044,-1.5975233612346909
299999,1.3341910370733967,-1.565571194650265
300298,1.245855817642841,-1.7361797336035645
300599,1.3430906576775634,-1.2484223965218755
300898,1.2697965137724712,-1.4458182787444964
301199,1.1850199915016377,-1.652673227418353
301498,1.1725541918858968,-1.6439315046964524
301799,1.1919372921382116,-1.5913909728914568
302098,1.196519500087286,-1.7172213559324736
302399,1.045062968797934,-1.8824776419434937
302699,1.458594156341915,-0.8352954951251788
302998,0.9913071242215451,-2.104474168876547
303299,0.9479519646127486,-2.1224020464653766
303598,11.101254993832864,-0.4806400482643223
303899,4.98716822102576,-0.49697004538981004
304198,0.9038118349414526,-2.0962372927483286
304499,0.9183961378257117,-1.975863647918569
304798,0.8790555214483967,-2.045449388430773
305099,0.914393198209971,-1.9877621917465098
305399,0.9118082965247856,-2.0256574087504693
305698,0.8637453274669155,-2.009154292272409
305999,0.9153620526104338,-1.866780050314984
306298,0.8523601544530266,-1.8464535793824566
306599,0.8991836258349709,-1.933388045904607
306898,0.886224126506267,-1.8471098089287494
307199,0.8959662094229337,-1.8648093328097586
307498,0.9461065620409895,-1.9118242016019114
307799,0.9382032807539523,-1.7630511202608048
308099,0.9616752213974711,-1.8546763651833835
308398,0.9972161415294154,-1.729064831618834
308699,1.04975026246923,-1.7425149071963628
308998,0.988271843494693,-1.7510172218490374
309299,1.0084140218141373,-1.7802072203719361
309598,0.9785542776821933,-1.6935923045841879
309899,0.9376409421104339,-1.6978452518328062
310198,1.000505327170619,-2.030291341160913
310499,0.9435387770456192,-1.7890000175917806
310799,0.9331620782562671,-1.9393148675695464
311098,0.872616807258582,-1.9208706371183824
311399,0.8699096509044153,-1.8621716338568581
311698,0.842213235168304,-1.763564594164675
311999,0.8374706859460819,-1.8065886101042143
312298,0.8235442759553413,-1.7590351974741552
312599,0.8581806280872857,-1.8248628630488155
312898,0.8277702146837408,-1.8010238522640813
313199,0.8289421112717039,-1.82991030322713
313499,0.8377676762584811,-2.0852907173922035
313798,0.8205215729413516,-1.7274976014077295
314099,0.794353709885796,-1.888472036820298
314398,0.885692655223759,-1.9953876601866067
314699,0.850932961922833,-1.8040627214939873
314998,0.9632984541242217,-1.9441125813086324
315299,0.9363809584436663,-1.9086023723537329
315598,1.2792974351457884,-2.051383117301958
315899,2.8865383348004565,-0.3486332456024903
316199,3.4010445406888965,-0.45350514485990967
316498,1.3295955345884407,-1.6725021440236398
316799,3.1122163023490668,-1.4225385887497461
317098,110.94611324071778,-0.25244826225816963
317399,74.76460599472935,-0.2674111772374663
317698,95.1563132541523,-0.14943248791347918
317999,102.7065940259647,-0.2308399756072146
318298,53.17024502015681,-0.28967232409303567
318599,65.15545697514754,-0.22155295770051042
318899,40.04019502502487,-0.2739592531666257
319198,0.1786033367174697,
319499,,
319798,0.1786033367174697,
320099,2.2766824262780205,-1.6761169127078754
320398,14.882864613761695,-0.8309279803641318
320699,20.649586180530214,-1.2098660985506942
320998,15.526221456858918,-1.1186856685917221
321299,40.93066065271078,-0.9560629696017493
321599,15.995112216777898,-1.301783419443408
321898,23.79367576757188,-1.4073081344871432
322199,11.048763120532533,-1.4117788509195588
322498,5.817917031115555,-1.0418243803600884
322799,7.197483391141018,-1.149847410900645
323098,7.139483495051475,-1.0461561045813261
323399,9.2869033472154,-1.147437963397413
323698,12.081106631935,-1.0181167886558358
323999,13.476719983377862,-1.1060918179764339
324299,14.503338753745917,-0.9988770028234348
324598,11.756647698275279,-1.0360069950193083
324899,12.231199361891017,-1.0353197460689887
325198,11.529230308782221,-1.0094954909931606
325499,10.19416683756,-1.023332575379884
325798,7.756754045039167,-1.07656407102129
326099,8.929966021361658,-1.4965534601695918
326398,14.631791027794103,-0.9898099537034892
326699,6.316636996044104,-1.4909962956354232
326999,10.65197417920614,-1.2916947156639091
327298,12.009638967824197,-1.4060638043902567
327599,9.44056948576401,-1.548794664737568
327898,20.394448637187622,-1.1010237564510237
328199,45.912537750766326,-1.456974882362669
328498,11.983419781784844,-0.8403477802882937
328799,14.212181194074198,-1.0991225067901005
329098,8.482409900258771,-1.026348811668449
329399,4.953469300911549,-1.5373906769178833
329699,29.28629839321848,-1.250731007791773
329998,31.498552786155212,-1.3189557398466305
330299,11.128264595081195,-0.9713348998350615
330598,,
330899,1.1202379344030744,-0.8981114697707597
331198,1.6987419532340928,-1.163009385165887
331499,3.1266388663885203,-1.2000490045624055
331798,,
332099,0.864081225229156,-1.3050753245608546
332399,2.0981570948167607,-0.3289188980495634
332698,16.216285418179133,-0.6392906602643287
332999,9.288127397851362,-0.8903691254014554
333298,18.922918025154118,-1.123193226576677
333599,11.886875852562675,-0.7454254836422873
333898,16.344715560823662,-0.7534982028599668
334199,31.27935778779642,-0.8506074904683558
334498,38.98997731292141,-1.0440055381387112
334799,40.58615820379179,-0.7700509179419899
335099,24.883824027577383,-0.7485168958312858
335398,20.33074001404266,-0.9042072115877491
335699,15.009143011929233,-1.1014262969471655
335998,8.034000499086336,-1.3226754156650649
336299,1.4546724358491683,-1.5030753093908098
336598,3.5318046849632605,-1.2092164295118977
336899,0.1786033367174697,
337198,0.1786033367174697,
337499,0.1786033367174697,
337799,0.1786033367174697,
338098,0.1786033367174697,
338399,0.8749810404262225,-0.8058533393925815
338698,0.1786033367174697,
338999,0.1786033367174697,
339298,0.1786033367174697,
339599,0.1786033367174697,
339898,0.1786033367174697,
340199,0.43365409395600785,-2.865458274210854
340499,0.9391398228104819,-0.5656929976162861
340798,0.1786033367174697,
341099,0.1786033367174697,
341398,0.2975008917168618,-6.545894985850896
341699,0.1786033367174697,
341998,0.1786033367174697,
342299,0.1786033367174697,
342598,0.29673211311269504,-6.2900434653226345
342899,0.1786033367174697,
343199,0.4353818649228803,-1.7330993258025047
343498,0.1786033367174697,
343799,0.1786033367174697,
344098,0.1786033367174697,
344399,0.1786033367174697,
344698,0.1786033367174697,
344999,0.1786033367174697,
345298,0.1786033367174697,
345599,0.1786033367174697,
345899,3.5666235592294635,-0.2774943943907413
346198,2.923634817981471,-0.32087266072024123
346499,2.133671484525992,-0.9383605667867367
346798,1.967788155576917,-0.9793264457932462
347099,1.7916215782551577,-1.1327487108018368
347398,1.7196225810375652,-1.1469347530101528
347699,1.7247533482621025,-1.0734715339575693
347998,1.7792502368037688,-0.9577724971865986
348299,1.5828490054588618,-1.2850491719751571
348599,1.6235285933246024,-1.1492205683965446
348898,1.6449962006070098,-1.018942634534309
349199,2.3261442507102794,-0.6068684176300323
349498,1.53724217550596,-1.1251099610966535
349799,1.4149769000097876,-1.3429572882656156
350098,1.3479516824681208,-1.378817164761832
350399,1.3351185395352507,-1.353368098344562
350698,1.3502162883858966,-1.2866540323195643
350999,1.341025879897164,-1.3365054909580474
351299,1.1926114626926578,-1.6256808045346816
351598,1.1907292950294153,-1.7022213097551013
351899,1.3096897529365155,-1.4309632892966961
352198,1.209535610135897,-1.6459947214741577
352499,1.4521368593862052,-1.2294263658279214
352798,1.200669255395156,-1.5477041711794737
353099,22.719071488572055,-0.2969836143881286
353398,1.2219192097794154,-1.6425802402044867
353699,1.2188087223488597,-1.740258825129727
353999,3.466636343231779,-0.37105041057792953
354298,1.3245534676821933,-1.6917097099735483
354599,1.3776258014784892,-1.6390348589336932
354898,1.5067162560406822,-1.4728899233899422
355199,1.5675361049472876,-1.4366192385443588
355498,1.6325610617933042,-1.4298204514972679
355799,1.69688777690673,-1.4734485370214712
356098,1.818243533661668,-1.8002744041691123
356399,1.743378744002267,-1.449078144015171
356699,1.8616464734582854,-1.4538819543463593
356998,1.661784530351804,-1.4471472575096938
357299,1.9136501833240267,-1.5938613583653019
357598,1.9451468110531935,-1.502759596559316
357899,1.9080217187233797,-1.4185260830987478
358198,2.0719357983698736,-1.4445600542558519
358499,2.1634493302842257,-1.4339334480071666
358798,2.0690806977564473,-1.4493214526311862
359099,2.254879747432373,-1.4489854432883047
359399,2.194804068848238,-1.4376845218966494
359698,2.2032344870149054,-1.4568107746676398
359999,4.835038472458152,-0.6094098410188757
360298,2.0975777573728545,-1.5501931984653359
360599,3.0482800093935523,-1.0369124733030084
360898,2.6773143143997635,-1.6731363006939781
361199,2.1372916553650416,-1.5602992598615648
361498,2.015942196915967,-1.5014562800213915
361799,3.421374586066948,-1.6667553284992422
362099,2.396798065423121,-1.5620798469046684
362398,2.3000004384346955,-1.6080242186518627
362699,2.5286580586777507,-1.5537515858035782
362998,2.620417622529602,-1.4780334062560825
363299,3.350782498699317,-1.4609563482231414
363598,2.8377900229462694,-1.533789327408353
363899,2.872648085138399,-1.494355808665154
364198,3.245802552939629,-1.4294159085483393
364499,2.8497028646062996,-1.6176655861059115
364799,2.636706236763399,-1.615335177696489
365098,3.288669788224355,-1.4753841647284496
365399,3.141998095467411,-1.5546055506249123
365698,2.694631155460158,-1.5953538836182983
365999,2.518372035145343,-1.5822960691787809
366298,3.362149792805678,-1.7730358694653625
366599,2.7708689249184912,-1.3816527235006908
366898,2.5885690490133992,-1.5148417545206372
367199,2.7993289167495097,-1.4806094942278594
367499,3.1524926432521294,-1.4933966983960483
367798,3.0503392032729626,-1.471654574323686
368099,4.553186144185734,-1.3896785706720949
368398,3.6931715937914813,-1.3902041934554297
368699,3.5650617009303707,-1.4035854144985338
368998,3.358879117103981,-1.4009532286798718
369299,3.1504730701291397,-1.3733055005301233
369598,3.952566656828519,-1.2057596849429744
369899,5.408387530275585,-1.0487459576051394
370199,4.150771729720455,-1.2673518679294342
370498,11.56152757528716,-0.35996013464668053
370799,6.325770251428363,-0.8081498609867424
371098,7.939874781041788,-0.6727125140516896
371399,7.1877787021968835,-0.9250978590907151
371698,4.4377722268331485,-1.3234909742336471
371999,4.798367242022962,-1.3337369961853898
372298,13.896131135631402,-0.2771256968296214
372599,15.203594328152898,-0.2960299743566881
372899,9.457751088064938,-0.525274181023168
373198,11.616574690898272,-0.35341600600971934
373499,10.389022385027902,-0.6183052346887004
373798,13.120595158180679,-0.3600367892649454
374099,8.523509192196883,-1.0577157292123935
374398,8.25707268012975,-1.1706622023799342
374699,11.771944168310307,-0.7579891449034373
374998,7.685176132446882,-1.3231679122620301
375299,6.678171590886697,-1.4227144913175733
375599,6.8963737806829934,-1.1637184003456889
375898,8.862655157514011,-1.0577859812046908
376199,7.11965504542142,-1.2102426283153327
376498,4.790843918460771,-1.2633854546335654
376799,6.773956681083457,-0.8709107024993328
377098,3.9815276173768246,-1.0583835833121493
377399,4.181734542728677,-1.0172166098337652
377698,3.3047522485872634,-1.104323659756791
377999,2.670918951437669,-1.253166488293863
378299,3.05316904180043,-1.097319774404578
378598,2.6635766766453366,-1.1761538183209237
378899,2.806722298548563,-1.1393424523719218
379198,2.8113557201342108,-1.1429339582370686
379499,2.7926514899104418,-1.1910560667367607
379798,2.8139060882622933,-1.1756303045469667
380099,3.2487752560701635,-1.034328282598664
380398,2.9606064451650713,-1.1298184623877119
380699,3.0919160835909967,-1.0622919066022298
380999,3.1695271623224786,-1.0420890881375775
381298,3.1335579598062746,-1.078073604108178
381599,2.7739243215470153,-1.166113348606335
381898,2.776736914793304,-1.1847628612600638
382199,3.1913720204706264,-0.9596125925011563
382498,3.2125889653456268,-1.041714973315726
382799,3.263910829239146,-1.0041150095212568
383098,3.5747201547831273,-0.8852258800284998
383399,3.364574770565534,-0.9419567870575059
383699,3.6729791496882194,-0.8450708102048543
383998,3.559324027880041,-0.8526522351365389
384299,3.6229992702342084,-0.8079090040506292
384598,3.863582115134671,-0.7058779160829658
384899,3.2453183969240227,-0.8539017529976727
385198,3.26119576971106,-0.7976747674032507
385499,3.11468171527356,-0.7940696918748349
385798,2.829175659380042,-0.8980682914086697
386099,2.690410607656423,-0.9304164921555345
386399,2.615929911993468,-0.9637557419524629
386698,2.554132423374016,-0.8997759239860355
386999,4.8824975624320075,-0.5106378582786129
387298,3.224491749952109,-0.6727171156786171
387599,6.81201005458148,-0.9012311435094094
387898,15.307578215090095,-0.24146555259756464
388199,1.96499921466951,-1.065221984120825
388498,2.3442921155059597,-0.7124753792117313
388799,2.148289013679571,-0.9018155731655668
389099,1.7295250810097873,-1.1723410495981192
389398,1.7806320846633672,-1.2614776762022069
389699,1.9749620896636746,-1.0357389631830856
389998,1.9370314678095077,-1.1303842315323789
390299,1.7591582598647562,-1.2735828254221744
390598,2.1377269216544152,-1.0138786336219647
390899,1.8316891996058047,-1.2970097330246952
391198,1.786333089017534,-1.4361728333415096
391499,1.7655575797883671,-1.5049391170294455
391799,1.796006266429878,-1.4262914659752668
392098,1.8364461038940467,-1.4367421770833704
392399,1.8184945415082747,-1.498674338188433
392698,1.703590020807193,-1.4799708796581097
392999,1.7122274728789524,-1.4718763794802712
393298,1.6129132207608965,-1.5878852272241564
393599,1.5758787554206188,-1.503214038381294
393898,1.4672062108257116,-1.5152051659157855
394199,1.5651925522169152,-1.4363097067676396
394499,1.5006585242377488,-1.4863161199639938
394798,1.461336443872008,-1.5355512827659874
395099,1.4578312323233966,-1.4716938591903066
395398,1.6130296971382114,-1.501942490347819
395699,1.429705298793304,-1.4389459729128884
395998,1.4013937484183046,-1.503530383073881
396299,1.4615788020595077,-1.5401147581238694
396598,1.624541921709971,-1.4934232064829618
396899,1.6612378074474785,-1.4639455423690464
397199,1.6474086425641377,-1.4454081743423397
397498,1.7379873624055047,-1.461147623222872
397799,1.661717825080341,-1.4157799352010914
398098,1.6562613348132191,-1.4885124025937282
398399,1.6259934276048855,-1.4922941333120452
398698,1.5675527778479414,-1.4956388580529971
398999,1.5827719894868304,-1.6033566127270955
399298,1.5622460518048784,-1.6937260882932077
399599,1.6222618623673783,-1.6464788843355205
399899,1.3645395690733968,-1.642221258829088
400198,1.2416794071034896,-1.651425013590353
400499,1.782193270587594,-1.081566195054675
400798,1.3966273747470082,-1.8598591914544045
401099,1.2378601071968154,-1.8494843117269832
401398,1.2252261043951558,-1.774186883396844
401699,1.246116885946082,-1.8163124984107175
401998,1.1549311097045742,-1.640120331982863
402299,1.2879051460485633,-1.8405722733607193
402599,1.1783893992022592,-1.705269930054219
402898,1.2526000878087409,-1.939135306172504
403199,1.7299054594879562,-1.5613801203495892
403498,1.8359288287314364,-1.3363137272686831
403799,1.5919993571055182,-1.544216829684999
404098,1.6604660542101783,-1.9486414579234137
404399,1.5072085719036803,-2.4157184211283353
404698,13.539697771500178,-0.5947868085040555
404999,42.99954671993999,-0.22546711017322174
405299,,
405598,,
405899,0.1786033367174697,
406198,0.1786033367174697,
406499,0.1786033367174697,
406798,0.1786033367174697,
407099,0.1786033367174697,
407398,0.1786033367174697,
407699,0.1786033367174697,
407999,0.1786033367174697,
408298,0.1786033367174697,
408599,0.1786033367174697,
408898,0.1786033367174697,
409199,0.1786033367174697,
409498,0.1786033367174697,
409799,0.1786033367174697,
410098,0.1786033367174697,
410399,0.1786033367174697,
410699,0.1786033367174697,
410998,0.1786033367174697,
411299,0.1786033367174697,
411598,0.1786033367174697,
411899,,
412198,3.3479169411183523,-0.6542787561229213
412499,48.06579743711818,-0.5836121412766697
412798,52.50758624767605,-0.8178400605118366
413099,34.62725805530798,-0.8197383327461001
413399,39.71168984035892,-0.623492460157252
413698,15.400701677993602,-0.9322921061994032
413999,12.488031124639013,-1.0408605034515324
414298,14.318037826565362,-0.9648957879124733
414599,14.245693070648697,-0.9893888676656852
414898,11.633103812870917,-0.9112248977889681
415199,12.660568497530216,-0.8508944457404617
415498,13.152212307595455,-0.9757521787878407
415799,16.568336086761697,-1.2476814389950746
416099,63.1618831746066,-0.6235780757130982
416398,8.36928034950877,-1.7689865362378216
416699,,
416998,0.1786033367174697,
417299,3.415539628390527,-0.4832849540817934
417598,57.94033522043762,-0.6832820090638556
417899,1.6535333826021483,-0.7698132152710746
418198,,
418499,2.3976778807565755,-0.7640989121172248
418799,1.4956165191825015,-0.9773767274205534
419098,17.15562652713349,-1.2814500235265198
419399,5.2718820088259015,-1.3775748946886655
419698,,
419999,,
420298,0.9493170641064709,-0.7022988206521792
420599,1.0233228961481378,-1.0162586083256078
420898,,
421199,,
421499,,
421798,0.7596974834768413,-1.2155944234308889
422099,0.1786033367174697,
422398,0.1786033367174697,
422699,0.1786033367174697,
422998,1.081284816567119,-0.5445922922104836
423299,0.1786033367174697,
423598,1.6288603630416558,-0.5232424227801475
423899,2.861167921506934,-0.6131283262295353
424199,22.511823057744692,-0.5708360799854146
424498,12.060352931422935,-0.5868184556229645
424799,25.78306200012432,-0.6298739857118261
425098,23.83992033937664,-0.6097496827134219
425399,25.634420362661363,-0.6456269767339893
425698,30.37980958249007,-0.5778952119650316
425999,25.87571117258266,-0.7712339495008491
426298,26.620180869983116,-0.8686594613798797
426599,23.13714748380256,-0.8069260698121061
426899,20.52683547684423,-0.7583583676560792
427198,24.252227388784046,-0.6759807578482389
427499,26.253636890510897,-0.682697946913956
427798,24.147842570054877,-0.8404435804547352
428099,26.537643631584967,-0.688813151095744
428398,26.225831796693768,-0.7952778190695811
428699,15.710502702862748,-0.6398742583694534
428998,25.380065039716914,-0.698460943632133
429299,28.54830785920333,-0.6971689367312421
429599,22.468179489284044,-0.7105609525356968
429898,30.93824988781645,-0.7114516062089731
430199,35.109166920346546,-0.6709737725297165
430498,35.592156971633585,-0.5415113485890419
430799,30.687714506890522,-0.5453298199050587
431098,37.197975101268156,-0.5820293617875596
431399,34.03614534761768,-0.6261226131314994
431698,28.782774623668615,-0.5746684169549066
431999,26.30740415873806,-0.6509289482106022
432299,5.359003471513877,-0.5955570037781239
432598,8.632627055878954,-0.5212368223478534
432899,0.9049584283842486,-0.7761495639594871
433198,2.4928013948842485,-0.5922147375097071
433499,,
433798,1.161105746425915,-0.7201437372670283
434099,0.1786033367174697,
434398,0.1786033367174697,
434699,0.1786033367174697,
434999,0.1786033367174697,
435298,5.118693371719449,-0.8519417034426391
435599,4.10290836643248,-0.960627557643577
435898,6.493696715441827,-0.6933045813252374
436199,3.471674642478776,-1.0497930209246085
436498,3.750576550910134,-0.9200141778256146
436799,3.0071505644371097,-1.2159022221087268
437098,3.516100660738036,-1.030206454460469
437399,3.1039986315158132,-1.1079313479535289
437699,3.8959184945389618,-0.8082772422156066
437998,3.6059308613329426,-0.9398662484946336
438299,3.3398538793121095,-1.0489722414240519
438598,3.106166221631554,-1.1420532622161854
438899,4.400480129698017,-0.7606475401965802
439198,3.0907008734209063,-1.0779643378551742
439499,3.373996496803653,-1.052527121189037
439798,3.0062205083283136,-1.2101907333536905
440099,3.053048089984208,-1.1715032497003057
440399,3.635744861985721,-1.2066654891876105
440698,2.9438654050351336,-1.352595728361364
440999,2.9872518290088688,-1.2447030971456927
441298,2.7561107712565547,-1.321107728618991
441599,5.710404970301854,-0.594033916386379
441898,3.723077739709786,-1.2025092299704845
442199,3.0492019778291155,-1.2517017262513939
442498,11.532945966955971,-0.278195365048467
442799,10.017392944340232,-0.18314650798163146
443099,11.356095378758791,-0.20520921095186906
443398,2.932748382599147,-1.2987321706880328
443699,2.938288833413962,-1.3337813021685574
443998,2.8143092065953197,-1.3473834018743722
444299,2.78164168696569,-1.3294506788482292
444598,2.5311914800389617,-1.3804989253908477
444899,2.754336757055968,-1.3583565041902128
445198,2.6001809787797026,-1.3807051419626575
445499,2.4188040472009984,-1.3946694076988342
445799,2.2999112516222953,-1.4362456932502847
446098,2.246649575847634,-1.421045324684513
446399,2.1016991311300415,-1.4217204935531522
446698,2.281660921012732,-1.4704669150995002
446999,2.256715140128473,-1.4623468333728882
447298,2.2600672673240267,-1.413102908492037
447599,2.1971327322731002,-1.4227572121443632
447898,2.244497466687003,-1.4985422745095511
448199,2.350303793414499,-1.4872413137172682
448499,2.2755387435773384,-1.546717371115518
448798,2.2844208608966627,-1.5119716656867963
449099,2.5505825540286073,-1.4476699484457285
449398,2.666971778883103,-1.4780996791638552
449699,2.6379766895573806,-1.429371932551653
449998,2.658880478411547,-1.537029619971395
450299,2.7547023729346947,-1.54636606232171
450598,3.727990130387122,-1.5865670201289528
450899,3.212021946254753,-1.8167863553653465
451199,4.997126206810733,-0.8117156380229837
451498,3.19320978836787,-1.573686288549545
451799,3.2556736934187964,-1.5604008344979907
452098,3.3331509542127775,-1.5618762445841257
452399,3.298284096393333,-1.6546661859112466
452698,3.3720517742127774,-1.5558588540967224
452999,3.955999079228981,-1.7079394452153798
453298,3.2495661203562967,-1.6684310683782138
453599,3.5501476653863886,-1.5554848078891865
453899,3.2607641861734256,-1.6392536366861203
454198,3.4325683022127773,-1.6284958189431915
454499,3.5428028894905554,-1.6146484723784669
454798,4.998629846525586,-1.273462443266041
455099,3.9761681299191043,-1.6444379298783312
455398,5.854841983576511,-0.6813199903182456
455699,3.802441830012122,-1.791866580265311
455998,4.415172095759807,-1.5535600535493361
456299,4.542330459081142,-1.4870114816395192
456599,3.90148734447003,-1.6947699201474893
456898,3.859824321569567,-1.515718141434974
457199,4.342540779381759,-1.529835894526562
457498,4.3568817506649,-1.4660084748071003
457799,4.857046444985927,-1.5503118959118871
458098,4.706206648833882,-1.5396307103539897
458399,4.397776315532221,-1.429117596991894
458698,5.090690161919104,-1.502170963247635
458999,4.916597974123233,-1.4484541417539738
459299,4.635313487814939,-1.4829558642082517
459598,4.985797702559999,-1.3271515324723424
459899,4.669849678129445,-1.3918689425792206
460198,4.776938289228981,-1.3717636626504017
460499,5.029300652557684,-1.3398489617882463
460798,5.188021586076204,-1.3546604199382974
461099,5.446773496347037,-1.3554742661174135
461398,5.801596168182685,-1.3362885004248963
461699,6.2319011207058335,-1.2544520181589283
461999,6.747750857220456,-1.3194563943591517
462298,6.392238659293796,-1.2795388738395768
462599,7.276343504893333,-1.229347825817702
462898,7.150246531041481,-1.325638359401324
463199,7.154019695430368,-1.239837016882896
463498,7.2502790063586104,-1.301725892483248
463799,7.81043274953685,-1.1956016174498747
464098,7.524567659286851,-1.2165080834489523
464399,7.031029249786851,-1.2999631710333919
464699,7.798744190560001,-1.2055407243913052
464998,21.34731139120151,-0.46493847685580647
465299,6.828565397324621,-1.2257600968220457
465598,6.880495032056103,-1.2159634315206307
465899,12.696214082419106,-0.7278905213550415
466198,9.09664873091216,-1.2833933893170553
466499,5.390136820995493,-1.0784642435436709
466798,8.249802484367686,-0.31537892464020656
467099,12.970017828937623,-0.5840444374012852
467399,24.20956920661124,-0.43723828373595297
467698,29.095491465074197,-0.5185720927719086
467999,9.794032934759947,-0.8136143996850493
468298,9.388103765152596,-0.6435753168091904
468599,11.23626888372003,-0.6763350418565026
468898,19.168819982079388,-0.47192119921505093
469199,41.63849159115146,-0.48818896170217774
469498,51.511690003081135,-0.5254155411917327
469799,25.607975677306243,-0.6503138683657257
470099,20.973513001306245,-0.677945820407833
470398,9.865371059431244,-0.9198932271793434
470699,22.6732092219654,-0.8530765467755212
470998,17.561513729023275,-0.52171436855068
471299,9.979236060409844,-0.9220603247503838
471598,8.1097630585227,-0.9172269586074266
471899,4.545926287277833,-0.6545669204961029
472198,14.188308251898272,-0.5569994297730521
472499,0.1786033367174697,
472799,0.1786033367174697,
473098,0.1786033367174697,
473399,0.1786033367174697,
473698,0.1786033367174697,
473999,0.1786033367174697,
474298,0.1786033367174697,
474599,0.1786033367174697,
474898,0.1786033367174697,
475199,0.1786033367174697,
475499,0.1786033367174697,
475798,0.1786033367174697,
476099,0.1786033367174697,
476398,0.7429905309354817,-0.813196850462129
476699,,
476998,14.460517148446018,-0.7839609908201748
477299,6.131821368051288,-0.4750003518308059
477598,6.6829870887615535,-0.3585671962370969
477899,3.3286808858167394,-0.9804551974142115
478199,3.2558117337065466,-0.9318936371795341
478498,3.1795843672621023,-0.9220021599708454
478799,3.1752835111222955,-0.9702281916713891
479098,2.9813518725121018,-1.0310108889640963
479399,2.8023286105144174,-1.1556487459822224
479698,2.7336829332397556,-1.237457959810507
479999,2.5801847572976264,-1.353523373814936
480298,2.6030873390383675,-1.388231848698286
480599,2.636188338978182,-1.356420575535049
480899,2.328609050297626,-1.4171731737397506
481198,2.7304304566613595,-1.3835004508390765
481499,3.1954483343019535,-1.2574442222470559
481798,2.728603880449486,-1.3942274889995945
482099,2.973306529257972,-1.3925874645627894
482398,2.8243627661567303,-1.4307172507213788
482699,2.8596667375710823,-1.5255743702048603
482998,2.6610184124298777,-1.3603669622468693
483299,5.499370042059322,-0.7661674793037143
483599,2.9494460039551558,-1.3141949906701123
483898,3.9729993942056487,-1.0637721873645507
484199,2.8627162568392963,-1.4944629222421666
484498,3.166119668663065,-1.5453957877587121
484799,2.9987791997186206,-1.5729165712598636
485098,3.3364011990900817,-1.4193271433891526
485399,26.286125025507634,-0.34957474703886837
485698,3.5048531712658346,-0.447150779894002
485999,59.72334202117142,-0.4961281788843692
486299,54.5263789512131,-0.5873637044825122
486598,29.63971976663032,-0.6110080064354306
486899,41.897258757771525,-0.23479502378615957
487198,39.35208397848217,-0.23261340024150146
487499,30.50274068198448,-0.2867198983569512
487798,30.301067005209013,-0.3097928111944952
488099,37.948116769188196,-0.375332889143823
488398,45.13440641539421,-0.436074078506403
488699,51.29014197638727,-0.35690974461928837
488999,61.041241341604845,-0.31138352955472004
489298,41.590690240891895,-0.37861688301973273
489599,43.06363707290578,-0.40284098024639947
489898,56.04622412695729,-0.3676791941059756
490199,57.0571739805678,-0.3100217314066722
490498,48.979918405012256,-0.3795066875507829
490799,49.39498764335487,-0.36826918217612437
491098,58.51467229094513,-0.38220872422150554
491399,46.627810133118174,-0.45761959809601227
491699,43.599803310125125,-0.4340198626376748
491998,66.65957216855799,-0.40959270779714063
492299,76.70493784478715,-0.5201864045504967
492598,96.28573182123624,-0.36382753906364873
492899,72.5021050800904,-0.43426726543207494
493198,20.22680480129989,-0.5051807927334568
493499,25.04169368780076,-0.6033517104190869
493798,0.1786033367174697,
494099,0.1786033367174697,
494399,0.1786033367174697,
494698,0.1786033367174697,
494999,0.1786033367174697,
495298,0.1786033367174697,
495599,0.1786033367174697,
495898,0.1786033367174697,
496199,0.1786033367174697,
496498,0.1786033367174697,
496799,0.1786033367174697,
497099,0.1786033367174697,
497398,0.1786033367174697,
497699,0.1786033367174697,
497998,0.1786033367174697,
498299,0.1786033367174697,
498598,0.1786033367174697,
498899,0.1786033367174697,
499198,0.1786033367174697,
499499,0.1786033367174697,
499799,0.1786033367174697,
500098,0.1786033367174697,
500399,0.1786033367174697,
500698,0.1786033367174697,
500999,0.1786033367174697,
501298,0.1786033367174697,
501599,0.1786033367174697,
501898,0.1786033367174697,
502199,0.1786033367174697,
502499,14.263359363840399,-0.8150864196965044
502798,6.183328930356605,-1.1214921577043495
503099,6.663723984491288,-1.0620091318662417
503398,8.595477090127865,-1.1934392392185167
503699,6.387162787643333,-1.2385258274628255
503998,6.4957208314334185,-1.1575795166009697
504299,9.815618358537158,-1.1406604214936773
504598,15.149292006276012,-1.4690591872976482
504899,42.20926654368994,-0.852099191337162
505199,32.151147879127436,-0.6741561657343784
505498,0.1786033367174697,
505799,,
506098,,
506399,0.1786033367174697,
506698,3.309527588293613,-1.2870531768644518
506999,,
507298,,
507599,,
507899,0.1786033367174697,
508198,0.1786033367174697,
508499,0.1786033367174697,
508798,0.1786033367174697,
509099,0.1786033367174697,
509398,0.1786033367174697,
509699,0.1786033367174697,
509998,0.1786033367174697,
510299,0.1786033367174697,
510599,0.1786033367174697,
510898,0.1786033367174697,
511199,0.1786033367174697,
511498,0.1786033367174697,
511799,0.1786033367174697,
512098,0.1786033367174697,
512399,0.1786033367174697,
512698,0.1786033367174697,
512999,0.1786033367174697,
513299,0.1786033367174697,
513598,0.1786033367174697,
513899,0.1786033367174697,
514198,0.1786033367174697,
514499,0.1786033367174697,
514798,0.1786033367174697,
515099,0.1786033367174697,
515398,0.1786033367174697,
515699,0.1786033367174697,
515999,0.1786033367174697,
516298,0.1786033367174697,
516599,0.1786033367174697,
516898,0.1786033367174697,
517199,0.1786033367174697,
517498,0.1786033367174697,
517799,0.1786033367174697,
518098,0.1786033367174697,
518399,0.1786033367174697,
518699,0.1786033367174697,
518998,0.1786033367174697,
519299,0.1786033367174697,
519598,0.1786033367174697,
519899,0.1786033367174697,
520198,0.1786033367174697,
520499,0.1786033367174697,
520798,0.1786033367174697,
521099,0.1786033367174697,
521399,0.1786033367174697,
521698,0.1786033367174697,
521999,0.1786033367174697,
522298,0.1786033367174697,
522599,0.1786033367174697,
522898,0.1786033367174697,
523199,0.1786033367174697,
523498,0.1786033367174697,
523799,0.1786033367174697,
524099,0.1786033367174697,
524398,0.1786033367174697,
524699,0.1786033367174697,
524998,0.1786033367174697,
525299,0.1786033367174697,
525598,0.1786033367174697,
525899,6.052472425843529,-0.930439569568732
526198,5.876541464632882,-0.7664790898701566
526499,6.59872754834738,-0.6183486914578398
526799,5.726481930928057,-0.6897008748571385
527098,5.009006116781252,-0.979176306585581
527399,4.370208946455628,-1.0243601635566173
527698,4.274068706525874,-0.9878156909598883
527999,5.546387564886866,-1.1175610476611464
528298,4.124819411323685,-1.0847645534347565
528599,3.8903258358036528,-1.1543495195533917
528898,5.791692210907136,-1.207790195775265
529199,19.41095719589364,-0.5340664937243609
529499,16.43942803032939,-0.5859963260819965
529798,4.333852254510287,-0.8872237383088506
530099,10.355556462423909,-0.6948412722939474
530398,19.179014302931037,-0.41064086799934696
530699,4.53555532266439,-1.3442965816395307
530998,3.1350835592596713,-1.3297093639819506
531299,4.00807244721673,-1.0836897913240708
531598,3.6099357279574713,-1.3648543424820456
531899,5.173384984630657,-0.8549478936257164
532199,4.219538065707352,-0.7697630729399387
532498,4.358442269795313,-0.7708318872563107
532799,4.037261538234705,-0.6841784354746137
533098,15.085168097152897,-0.30539902452689605
533399,3.074324674331927,-0.8223862106163642
533698,2.5318204936647635,-0.9844391719486267
533999,2.620075505394238,-1.052079129226704
534298,2.675893097146553,-0.9400814165007056
534599,2.787600337598674,-0.8607195794388833
534899,2.5465249560246006,-1.0460111963901335
535198,2.8920848255801563,-0.9388125601581625
535499,2.5883266335030344,-0.9185142001539355
535798,2.444818516019238,-1.030738881741983
536099,2.2924132961604413,-1.0655922819846397
536398,2.412695539125719,-1.0438546153965884
536699,2.635525332017656,-1.3201613088418913
536998,2.4057319114891453,-1.20148542182964
537299,3.652276945450001,-1.264960804649364
537599,8.965463864888092,-0.7541422078289732
537898,48.777564675868184,-0.9038564072779114
538199,63.08418171886123,-0.8284640273113828
538498,66.89812179347234,-0.7932548327631357
538799,75.88272955941912,-0.6786476970129562
539098,67.43937630949085,-0.6891927100636228
539399,42.722198139743185,-0.885841657867287
539698,46.0962814118728,-0.9652414402282381
539999,65.27945472471541,-0.7925524280153831
540299,3.3541462571454645,-0.897277177683304
540598,0.1786033367174697,
540899,0.8994881499169632,-0.9686079060870925
541198,0.811577083018815,-1.0897875022349326
541499,22.495615034629807,-0.7873241010907375
541798,18.186565746935848,-0.7911207380278342
542099,55.41783130477559,-0.5839462091190037
542398,33.62179049365753,-0.5817828350169405
542699,10.656760265575679,-0.5379555588241267
542999,6.02151557379179,-0.4309284775993101
543298,4.274137293991427,-0.6564098568317469
543599,7.417661704039475,-0.3786481115082938
543898,7.297879796533214,-0.3099680902777535
544199,2.3750000222805907,-1.7514706586502844
544498,3.571398214775278,-1.5896466985351054
544799,2.6154819356527157,-1.7882969665695718
545098,2.6780964379348147,-1.6560599834859677
545399,2.558366403863244,-1.937501186554282
545699,3.7108003670864544,-0.36795644969816066
545998,3.4271407093685333,-0.837919723728759
546299,4.434788863442936,-0.49428047534576525
546598,1.8813914508315166,-1.57933839041468
546899,3.53553714664012,-0.8541683459306846
547198,2.3056529398083687,-1.9355268063757856
547499,2.9247027598772526,-1.1797548813462475
547798,3.2326553359753434,-1.1928305845909168
548099,1.8916594720190172,-1.8231528349379142
548399,2.067743963217762,-1.4117084310003616
548698,1.7784232035348917,-1.631018884556577
548999,2.1063103547342745,-1.73645486784573
549298,1.8420333733335024,-1.4684659253209764
549599,7.339567736746176,-0.24692258324628602
549898,2.4443220009148297,-1.6881063038417543
550199,2.110903881044884,-1.4777083824322523
550498,2.1771216934885955,-1.4656124549799863
550799,2.055386498439984,-1.4270259449120761
551099,2.1546808929631327,-1.4030967513966375
551398,2.2323653530140586,-1.3795285649771252
551699,2.4544008387138656,-1.5041175417421586
551998,2.4186561464792162,-1.4427609837389035
552299,2.688424752811681,-1.446502350381305
552598,2.949032401825898,-1.3645492640450394
552899,3.2019386637147873,-1.317953090046455
553198,3.536774747498515,-1.3153413452115612
553499,3.5873382816397186,-1.2450201388253084
553799,3.6194421040471263,-1.2653114369214409
554098,3.8283813302080643,-1.2647233112927871
554399,3.8274988395645457,-1.205516405831406
554698,3.86341680393723,-1.182454567360447
554999,4.033246480596954,-1.2101698506256593
555298,4.135850962599267,-1.2084490573757312
555599,4.447335781507776,-1.1509202503773408
555898,4.426517312343731,-1.2042527128342129
556199,4.455087566582616,-1.1736002992521462
556499,22.29119821832602,-0.2720254364258583
556798,0.1786033367174697,
557099,0.1786033367174697,
557398,0.1786033367174697,
557699,0.1786033367174697,
557998,0.1786033367174697,
558299,0.1786033367174697,
558598,0.1786033367174697,
558899,0.1786033367174697,
559199,,
559498,0.7118705882036932,-1.132454611888806
559799,24.72412802466193,-0.6067401523303209
560098,14.732011626788866,-0.49194944524761186
560399,0.1786033367174697,
560698,1.398807956166963,-0.5428639360042005
560999,0.956298400229156,-0.505131815697401
561298,0.1786033367174697,
561599,0.1786033367174697,
561899,0.1786033367174697,
562198,0.1786033367174697,
562499,0.1786033367174697,
562798,25.33527445556201,-0.4864131117041224
563099,72.2306302221495,-0.5073339687775968
563398,0.1786033367174697,
563699,0.1786033367174697,
563998,0.1786033367174697,
564299,0.1786033367174697,
564599,0.1786033367174697,
564898,0.1786033367174697,
565199,0.1786033367174697,
565498,2.5271210582195383,-0.9490601308859898
565799,4.655078271065872,-0.9169816106789501
566098,4.00719514987924,-1.1254707965048096
566399,4.039222431319857,-1.0901406489737608
566698,4.014793009469518,-0.9922871548687073
566999,4.185376721862257,-0.9065729576109087
567299,3.914205478677071,-0.9549903364214578
567598,5.927621777975564,-0.5721422279136894
567899,4.917577705741768,-0.7212800332271412
568198,3.3562550951092085,-1.162725118731084
568499,3.3431300532504125,-1.229191214553015
568798,3.1597533761709062,-1.279615979103502
569099,3.019629837895443,-1.3258947704079311
569398,3.400018742503342,-1.4136443128146676
569699,9.50798164824953,-0.35408308168262415
569999,4.542519278805612,-0.4712622319186168
570298,4.268307896975566,-0.795434097786677
570599,3.3104878545844785,-1.300231551108228
570898,3.1444422418129125,-1.218319170630044
571199,3.1751213388291157,-1.2735105622624605
571498,3.2628282079801925,-1.2309434938194581
571799,7.091745256270093,-0.728415670910342
572098,3.536050399675965,-1.350761800291008
572399,4.195287505174518,-1.5833828102029033
572699,3.3375797759647012,-1.162505298726694
572998,4.692034650019118,-0.9675505136721139
573299,3.6552763098009655,-1.3588714635458752
573598,3.8824399483990555,-1.5652951367253451
573899,3.650776148718501,-1.2558857335601483
574198,2.8315843843198567,-1.1604424565396085
574499,2.893503290975989,-1.1259195255872312
574798,2.629898019991153,-1.1741766308051904
575099,2.655001844869508,-1.2162017264259992
575399,2.975837483200527,-1.2115122304737524
575698,2.8240766589266455,-1.1677757121324541
575999,2.498987242820897,-1.1875974733032897
576298,2.4939861802607117,-1.2169126394709116
576599,2.6399399881310823,-1.374279333694528
576898,2.2811062050014517,-1.266157188904553
577199,2.5624154471065372,-1.389777101617975
577498,2.182009346622741,-1.2472585345418405
577799,2.109283021685241,-1.2622415492273542
578099,17.641489307746973,-0.4436880626608317
578398,12.007299673988603,-0.4668456766027427
578699,9.812547417210826,-0.581876682477581
578998,76.90201216723622,-0.3574191020983799
579299,59.87966974127013,-0.32812159887404735
579598,0.1786033367174697,
579899,0.1786033367174697,
580198,0.1786033367174697,
580499,0.1786033367174697,
580799,0.1786033367174697,
581098,0.1786033367174697,
581399,0.1786033367174697,
581698,0.1786033367174697,
581999,0.1786033367174697,
582298,0.1786033367174697,
582599,0.1786033367174697,
582898,0.1786033367174697,
583199,0.1786033367174697,
583499,0.1786033367174697,
583798,0.1786033367174697,
584099,0.1786033367174697,
584398,0.1786033367174697,
584699,0.1786033367174697,
584998,0.1786033367174697,
585299,0.1786033367174697,
585598,0.1786033367174697,
585899,0.1786033367174697,
586199,0.1786033367174697,
586498,0.1786033367174697,
586799,0.1786033367174697,
587098,0.1786033367174697,
587399,0.1786033367174697,
587698,0.1786033367174697,
587999,0.1786033367174697,
588298,0.1786033367174697,
588599,0.1786033367174697,
588899,0.1786033367174697,
589198,0.1786033367174697,
589499,8.189965498611235,-1.1684323620416457
589798,12.472109428097017,-1.428988339680008
590099,26.926686512148272,-1.3755901175747076
590398,23.341676504421418,-1.480890978468985
590699,19.951544497650588,-1.6092489294816903
590998,6.962767636208457,-1.7078195477235059
591299,6.863024607601975,-1.269025606152748
591599,4.349790400198889,-1.0152710592832181
591898,4.146011517728982,-0.9793658418551874
592199,4.693218970354715,-1.23940154643737
592498,4.627220408032532,-1.5340370340869103
592799,16.408539067701938,-1.2054665440675443
593098,17.09168509014133,-1.5989352048129861
593399,4.591917081650191,-1.1964735010035366
593698,33.58313375970383,-1.2826414894298517
593999,,
594299,0.1786033367174697,
594598,0.1786033367174697,
594899,0.1786033367174697,
595198,0.1786033367174697,
595499,0.1786033367174697,
595798,0.1786033367174697,
596099,0.1786033367174697,
596398,0.1786033367174697,
596699,0.1786033367174697,
596999,0.1786033367174697,
597298,0.1786033367174697,
597599,0.1786033367174697,
597898,0.1786033367174697,
598199,0.1786033367174697,
598498,,
598799,,
599098,,
599399,,
599699,,
599998,,
600299,,
600598,0.1786033367174697,
600899,0.1786033367174697,
601198,0.1786033367174697,
601499,0.1786033367174697,
601798,0.1786033367174697,
602099,0.1786033367174697,
602399,0.1786033367174697,
602698,0.1786033367174697,
602999,0.1786033367174697,
603298,0.1786033367174697,
603599,0.1786033367174697,
603898,0.1786033367174697,
604199,0.1786033367174697,
604498,0.1786033367174697,
604799,0.1786033367174697,
605099,0.1786033367174697,
605398,0.1786033367174697,
605699,0.1786033367174697,
605998,0.1786033367174697,
606299,0.1786033367174697,
606598,0.1786033367174697,
606899,0.1786033367174697,
607198,0.1786033367174697,
607499,0.1786033367174697,
607799,0.1786033367174697,
608098,0.1786033367174697,
608399,0.1786033367174697,
608698,0.1786033367174697,
608999,0.1786033367174697,
609298,0.1786033367174697,
609599,0.1786033367174697,
609898,0.1786033367174697,
610199,0.1786033367174697,
610499,0.1786033367174697,
610798,0.1786033367174697,
611099,0.1786033367174697,
611398,0.1786033367174697,
611699,0.1786033367174697,
611998,0.1786033367174697,
612299,0.1786033367174697,
612598,0.1786033367174697,
612899,0.1786033367174697,
613199,0.1786033367174697,
613498,1.0892054171485626,-1.3317704624061162
613799,6.423925652021177,-1.2063920369086563
614098,12.630736462694564,-1.5653541610792794
614399,4.239808937901519,-1.1028975339786955
614698,4.112017709095962,-1.1094435872251323
614999,4.3418244339996095,-1.0213966067432727
615298,4.3064762093560915,-1.004313453512784
615599,4.228679776596832,-1.030001211023304
615899,3.988404399555165,-1.0915306957338404
616198,4.071528601453335,-0.8137284349347309
616499,3.806835129784332,-1.126782769875204
616798,3.761271172044918,-1.2728032462939907
617099,3.714560134764609,-1.2797939926958035
617398,4.69234957741473,-0.7310954476367835
617699,3.1148440042102576,-1.220772892298859
617998,5.079702571428363,-1.0044074280403583
618299,3.233181758020444,-1.2662484325376142
618599,3.6451261843946634,-1.4216629949733943
618898,3.2179146699672025,-1.3143917748770444
619199,3.2918792889672024,-1.307333864412524
619498,9.107734135377436,-0.7292167818330033
619799,3.05055223618711,-1.3211432590435819
620098,3.1099652462172025,-1.306579360954495
620399,3.387494890086704,-1.3780318720651943
620698,3.0655221590284985,-1.433837820899913
620999,3.596736620642842,-0.9632722838104133
621299,2.831566045034332,-1.225085993092506
621598,2.7255522676768624,-1.2114345248867986
621899,2.875179986856091,-1.2778194706604373
622198,2.9607630435819545,-1.337737871069565
622499,8.56525018256901,-0.8315866886911467
622798,2.710375515274887,-1.2273101073575372
623099,7.369624746017111,-1.4782678225371337
623398,2.6763040149971093,-1.1805706811002508
623699,3.2046711448756855,-1.5551557655413317
623999,2.615885057372109,-1.2761714674280893
624298,2.734840086564238,-1.2753496446761594
624599,2.925825198696929,-1.3174677540031916
624898,2.8514084184608173,-1.3495957354990464
625199,2.9033942459187023,-1.2752690512035993
625498,3.0379389561579297,-1.3309182654426457
625799,2.880923770873515,-1.2977209305672583
626098,2.73217363531333,-1.242926656975472
626399,2.7714947838642554,-1.2867959498839916
626699,2.743648415733044,-1.4738959352830179
626998,21.261781695532953,-0.3647244828171967
627299,25.018569410354523,-0.5493305226678016
627598,60.640485849088954,-0.901065121631331
627899,0.1786033367174697,
628198,0.1786033367174697,
628499,0.1786033367174697,
628798,30.38045140303541,-0.5389769415749863
629099,12.766394697852398,-0.19010851776257054
629399,8.79088015216216,-0.7433953827858912
629698,26.478975560458455,-1.0248452608222105
629999,28.64049698750794,-0.8287394184771464
630298,25.825516653828824,-0.7747561215196708
630599,0.8644787000512225,-0.7957940204884588
630898,,
631199,0.1786033367174697,
631498,19.414594530432993,-0.768262017019739
631799,27.01917630612281,-0.6326126170319639
632099,14.595280904273274,-1.092265300711786
632398,27.27405792465984,-0.4300407520125782
632699,22.73247627146077,-0.4526010487932186
632998,17.65759027703716,-0.8539710581514974
633299,8.661217209768644,-1.2518413434112716
633598,5.891042992108918,-1.9464952631915442
633899,25.62615086116216,-1.4339103911883253
634198,5.312436665757067,-1.5805956212685324
634499,4.068366973725085,-1.6270596847238026
634799,3.699917574764012,-2.260669780921515
635098,5.058630188850085,-0.8223590433613595
635399,3.977686663854714,-1.8712382432651795
635698,3.1740613857382405,-1.6232645636097045
635999,5.395662290921844,-1.6934168068804292
636298,5.205077274373233,-1.6479474347262753
636599,9.388262732483918,-1.4874643296844106
636898,5.205684912877863,-1.7465794266283257
637199,7.881249417782532,-1.2552710239577323
637499,5.7151058487181405,-1.685294033337584
637798,6.162794856389012,-1.3241313379117328
638099,4.949317063879753,-1.7447199098623671
638398,7.380333612148271,-1.637815863569899
638699,53.365436727423734,-0.42448159482656145
638998,129.75094941261588,-0.11631052550228871
639299,5.558915784444802,-0.49473459079850235
639598,0.8266296443891856,-0.945653448355263
639899,1.6916541989533347,-0.7816451260603874
640199,4.107504073450899,-1.3142518402476617
640498,6.32351781047466,-1.080615283583389
640799,8.138471090956141,-0.6427473864900388
641098,5.378038552690361,-1.0447648383603
641399,4.4323209685904015,-1.5073034189717505
641698,7.160263192028326,-0.9066614166184552
641999,5.3108900253399085,-0.35121513938008286
642298,3.610404160386205,-0.5735937728808518
642599,44.45652317707883,-0.5945216347143978
642899,82.50083170156495,-0.5974928565632374
643198,4.906485010527409,-1.427717517169075
643499,5.565837139460462,-1.340273411689612
643798,6.466852616412584,-1.3058771366097544
644099,7.784560127028325,-1.1389700696949876
644398,5.745402176465093,-1.1083876661378107
644699,5.519430503472036,-1.0463834253984063
644998,5.746059754492871,-1.0844356561394206
645299,5.791469578709797,-0.995946460523442
645599,6.804580015612574,-0.7756336711662379
645898,5.514142202001462,-0.9708457187555413
646199,6.851101785002863,-0.7834153780447326
646498,7.330703591764437,-0.7973840900645015
646799,8.165793987296844,-0.7824586000729734
647098,9.16032615853064,-0.7044377628259066
647399,8.841974283792215,-0.7511019518949826
647698,8.699194206009809,-0.7293689280809295
647999,8.324718370125547,-0.7407409952596666
648299,10.033697026111657,-0.7265280843904642
648598,14.049320940132066,-0.5833341026647005
648899,12.627746561863551,-0.6277743118320906
649198,10.738462571752436,-0.852853726804601
649499,24.523217346046415,-0.30833512232742755
649798,39.482958009312625,-0.4497546216240129
650099,27.5156051120279,-0.5310419316174904
650398,53.40047043692142,-0.4632800566882296
650699,40.630973542111235,-0.435706150544076
650999,46.114233441356596,-0.3126505225150573
651298,38.6382140644816,-0.4135450655365178
651599,4.866662619368011,-0.3086962428435083
651898,0.1786033367174697,
652199,0.1786033367174697,
652498,0.1786033367174697,
652799,0.1786033367174697,
653098,0.1786033367174697,
653399,0.1786033367174697,
653699,0.1786033367174697,
653998,0.1786033367174697,
654299,0.1786033367174697,
654598,0.1786033367174697,
654899,0.1786033367174697,
655198,0.1786033367174697,
655499,0.1786033367174697,
655798,9.797785530056034,-0.5150409900385804
656099,8.222833332970714,-0.46363808891703795
656399,7.7853343297362345,-0.5282231284105174
656698,4.9684840820572935,-0.9992348235494588
656999,4.7071977359543045,-1.0603851179210504
657298,4.537942563673341,-1.1604785351583606
657599,4.279172094693988,-1.0874303692374871
657898,3.7457885423908133,-1.1685397632881855
658199,5.479465177149056,-1.0005046326452196
658498,8.777277778640714,-0.7147096575875043
658799,9.10952669908055,-0.8208176235669549
659099,8.996343269501946,-0.5296767945208711
659398,13.719360387409473,-0.5354171002145511
659699,10.173340040955651,-0.5156771190867084
659998,7.467466591286051,-0.7644766499319673
660299,7.78021248601522,-0.9413443175633853
660598,7.539657605274481,-0.9689244803554415
660899,6.7697935409642955,-1.011160502743127
661198,6.446201690202722,-1.0667703544176486
661499,6.369168720647166,-1.0223037932551144
661799,9.294879217909406,-1.0788432699191337
662098,8.482343125918,-1.0312410363688147
662399,14.8792506415934,-0.7614420325959042
662698,11.15097496989201,-0.8986324098534133
662999,12.115224267721482,-0.8929156423463558
663298,13.60338365713275,-0.7965704618164196
663599,20.37534444588554,-0.6709745090753478
663898,21.001131777563778,-0.7567622486180681
664199,22.28036504170035,-0.7431471123202738
664499,25.792391615390166,-0.6756811528572373
664798,28.25925891049478,-0.6216310223391752
665099,22.774127230835823,-0.7336032699810917
665398,36.68464659259277,-0.5661206743185492
665699,51.488256673096735,-0.7066365435103741
665998,64.82431211141154,-0.5852903641623921
666299,65.79071260494956,-0.530072608531273
666598,54.065251505045815,-0.575270998571414
666899,60.66480110352034,-0.4324908152708622
667199,29.636167600538858,-0.47222442679170706
667498,33.87508797849554,-0.5320262494818906
667799,0.1786033367174697,
668098,,
668399,0.1786033367174697,
668698,0.1786033367174697,
668999,0.1786033367174697,
669298,0.1786033367174697,
669599,0.1786033367174697,
669899,0.1786033367174697,
670198,0.1786033367174697,
670499,0.1786033367174697,
670798,0.1786033367174697,
671099,0.1786033367174697,
671398,0.1786033367174697,
671699,0.1786033367174697,
671998,0.1786033367174697,
672299,0.1786033367174697,
672599,0.1786033367174697,
672898,0.1786033367174697,
673199,0.1786033367174697,
673498,0.1786033367174697,
673799,0.1786033367174697,
674098,0.1786033367174697,
674399,0.1786033367174697,
674698,0.1786033367174697,
674999,0.1786033367174697,
675299,21.369217840266327,-0.8778120916057388
675598,9.131556921812624,-1.6928709246580245
675899,,
676198,5.623493856645421,-1.6756489511812025
676499,10.938021593789474,-1.4583564444244224
676798,18.38069057738438,-1.1464172050192505
677099,21.92718423430799,-1.4294798324899922
677398,13.720199482375124,-1.9020286476765054
677699,12.627542351497807,-1.4039122846174825
677999,9.963390672500122,-1.8918484775893352
678298,15.410154662696884,-1.195084516082626
678599,21.641613978261702,-1.1871158897157077
678898,4.5627695989195285,-1.8951004873621433
679199,3.8207125825260113,-1.4853741011217183
679498,3.87856005566027,-1.5967033487753866
679799,5.511091332491288,-1.3707547561519258
680098,4.0161503851664815,-1.2864249136487302
680399,3.9524976660600006,-1.2061583156559337
680699,4.229700428921844,-1.2102701258980626
680998,4.634595174715092,-1.253163977361083
681299,11.161751945826511,-0.8536849118410716
681598,6.725521662380178,-1.4704044560731453
681899,16.46262197868994,-1.3907643500973137
682198,16.194251683960772,-1.498773622982187
682499,5.516893699837475,-1.0868055197453739
682798,11.016654951794104,-1.5323042850914743
683099,4.041052566323705,-0.9575137392234303
683399,18.816173783518636,-1.7057615201922567
683698,0.1786033367174697,
683999,0.1786033367174697,
684298,0.1786033367174697,
684599,0.1786033367174697,
684898,0.1786033367174697,
685199,0.1786033367174697,
685498,0.1786033367174697,
685799,0.1786033367174697,
686099,0.1786033367174697,
686398,0.1786033367174697,
686699,0.1786033367174697,
686998,0.1786033367174697,
687299,0.1786033367174697,
687598,,
687899,0.1786033367174697,
688198,12.46599964358114,-0.612972565360639
688499,,
688799,,
689098,0.1786033367174697,
689399,0.1786033367174697,
689698,0.1786033367174697,
689999,,
690298,,
690599,,
690898,,
691199,,
691499,,
691798,,
692099,,
692398,,
692699,,
692998,,
693299,0.1786033367174697,
693598,0.1786033367174697,
693899,0.1786033367174697,
694199,0.6325155003101747,-1.0183823178469273
694498,0.1786033367174697,
694799,0.1786033367174697,
695098,0.1786033367174697,
695399,0.1786033367174697,
695698,0.1786033367174697,
695999,0.1786033367174697,
696298,2.472532915596853,-0.7034338548714629
696599,0.1786033367174697,
696899,0.1786033367174697,
697198,9.911690682530216,-1.3323435041000642
697499,24.69037330412323,-1.4031798762380427
697798,11.427675261182786,-1.1957950999097244
698099,4.4553702418877315,-1.1477925524481551
698398,4.823986687498346,-1.1499804093697321
698699,5.112680810146188,-1.0003589781914033
698998,5.312043437661918,-1.1207121993640698
699299,6.218551472449196,-1.1735660089005862
699599,5.341992913851734,-1.0466902826890512
699898,4.821779713612268,-1.005357491600932
700199,4.995989448173493,-0.9733827687575147
700498,5.572553924596679,-1.036697986609529
700799,5.859305360408871,-0.987112680253788
701098,5.768345966374882,-1.0230698285227415
701399,5.922855104698956,-1.027080929036401
701698,8.177201568701937,-1.1338504588814278
701999,8.589957903018641,-1.1736336440588646
702299,5.690366148363548,-1.1098181863497252
702598,8.607229967307994,-1.1193535363278038
702899,5.242115557867874,-1.4593714908278232
703198,6.3696161840081,-1.410519670773117
703499,5.258496397007772,-1.343722988457484
703798,13.476615291338085,-1.1379393291769166
704099,8.046566242143642,-1.3807180739167335
704398,8.212462530507493,-1.3295490083904338
704699,4.296340739282456,-1.299745653535787
704999,4.436300810375354,-1.3301041739281891
705298,4.735228337974892,-1.3050979170597015
705599,4.460554950743717,-1.2426567575399292
705898,4.349928481685539,-1.1980342971594333
706199,4.318102906588011,-1.1908824328441443
706498,4.092315601915203,-1.147577269291486
706799,4.253880854105325,-1.1521418585614533
707098,4.125358953627363,-1.0675009206779427
707399,4.261824365524307,-1.0712921633599901
707699,4.410131650686343,-1.0929050648905947
707998,4.2066499154664365,-1.08070367612188
708299,4.529162073246528,-1.0993662563923063
708598,4.138638414934029,-1.0675822682203697
708899,3.736843167846066,-1.2920223062693963
709198,3.845089502413196,-1.2831037636856433
709499,3.9047509784733814,-1.2626986983927049
709798,3.959377477836806,-1.214222412500607
710099,4.019957083056714,-1.1272891867730372
710399,4.000146971278936,-1.071964381595441
710698,4.157742047061344,-1.0212301137755166
710999,4.160773900885418,-1.0542317260529517
711298,4.229239956959492,-1.059011670739669
711599,4.287498767954863,-1.0422638371881523
711898,4.334350417228011,-0.9690621504542747
712199,11.127984000199197,-0.6013053367421637
712498,4.526345851167826,-0.9794599272079874
712799,4.68453616790625,-0.9948324890098403
713099,4.730140649117204,-0.9478877807056254
713398,4.987214544533871,-0.8990484291848819
713699,5.236824203008408,-0.8949731459640275
713998,5.342272910320908,-0.8635464960919637
714299,5.214552570400278,-0.8638775824755365
714598,5.17361771234637,-0.8471714874797591
714899,4.943505311967102,-0.7988339732277976
715198,5.14142086404843,-0.8923227136719585
715499,4.549839438823584,-0.841070500207812
715799,4.526258203952548,-0.7293663878215346
716098,4.487863850503778,-0.5785599541727096
716399,4.3353976621291395,-0.681333794161668
716698,5.738382328655216,-0.9999664334510465
716999,4.534377350942678,-0.9648762433361366
717298,4.166554689462111,-0.8300638564590075
717599,4.697318693757492,-1.0115227429685336
717898,4.171529962173427,-0.9135162967490316
718199,4.507756133395649,-0.9863171089591154
718499,4.43911031186324,-0.8463744210499411
718798,4.44860857186787,-0.8792109937658283
719099,4.476703271136085,-0.9184215603584398
719398,4.847642261018028,-0.9217067998089201
719699,10.996636935726668,-0.5469234005909445
719998,14.9670601176688,-0.6146970445236812
720299,5.050482542792629,-0.4493856253852224
720598,42.73647290035197,-0.25541837636805176
720899,5.441181473368179,-1.220252977903166
721199,5.127311319324196,-1.4695062155988392
721498,4.553333512970456,-1.3208806508724824
721799,4.606969049884807,-1.134660543664023
722098,4.5150548662266665,-0.9576999917930855
722399,9.427570917269067,-0.8336458294996099
722698,4.954269979948889,-0.9379300766799272
722999,6.344580137905641,-1.119748462678638
723298,10.272221761074197,-0.7730373818443248
723599,5.860364433236659,-1.2578378082546906
723899,9.89102802789638,-0.7331340633558523
724198,4.665638143544104,-1.3465182566521965
724499,6.670939486261393,-0.7679355851547003
724798,7.622199683528022,-0.6346582265918799
725099,5.676209911359344,-1.4442534517737928
725398,5.4573069151486955,-1.3882435759366212
725699,5.261570897563049,-1.1634663288552605
725998,9.265514881645958,-1.111837542796485
726299,4.896181371333148,-1.139485890712646
726599,5.04496115223203,-1.167572677307252
726898,4.7640350845445285,-1.163821157056974
727199,4.634544317412584,-1.1563906372087547
727498,4.342709080328518,-1.0865655615744907
727799,4.548928446712777,-1.092919335699916
728098,4.37785751604611,-1.0311655908492257
728399,4.758129055270956,-1.1203402185997344
728698,20.73683991257188,-0.3695511782317966
728999,4.608142583333147,-1.0354927788714732
729299,4.743388714675741,-1.0083976169384075
729598,5.062527193062315,-0.9776875703508294
729899,6.702027726863549,-1.2510068004616537
730198,5.493093961921419,-0.9093953226156466
730499,5.250965817370185,-0.9122084976175517
730798,5.557391090004445,-0.8291273867328945
731099,5.562495141708148,-0.8596815362751613
731398,5.7889156454211115,-0.9177137642418169
731699,6.174054382836196,-0.8820473763335956
731999,6.170772605682684,-0.8665986088953639
732298,6.494098386448888,-0.8349927787998535
732599,6.707786156203518,-0.7661865812647832
732898,6.50545508311324,-0.7832109316632248
733199,6.521354579803056,-0.731866778498425
733498,6.81653841931926,-0.7342621122626316
733799,6.804525448909536,-0.7288171374035235
734098,6.821208906071575,-0.6768975055089272
734399,6.793565207434999,-0.675606099808209
734699,7.137566117513703,-0.6574122568212395
734998,7.157143473226666,-0.6335442893030199
735299,7.4038359532590725,-0.6221219310140629
735598,7.7748102032035185,-0.6355289214318975
735899,7.812640829779907,-0.6343436042812454
736198,8.030485748196574,-0.6152673764107053
736499,8.567581415141019,-0.6108968492395264
736798,8.79564166269889,-0.6065314312445826
737099,8.963274647055371,-0.6075199625772891
737399,9.339825456087777,-0.6227730072790802
737698,9.492962623048426,-0.6087305799794827
737999,9.797692227812313,-0.5966479778273757
738298,9.671278260337779,-0.566249890190869
738599,9.51919024694889,-0.5544291147261144
738898,9.488946546799161,-0.561066455176894
739199,9.406284678522963,-0.5602699690368198
739498,9.188049803643334,-0.5309734393953485
739799,9.149522461654907,-0.5352456557598033
740099,9.131570990812314,-0.5326866058713837
740398,9.281224366409539,-0.5549619109391701
740699,9.274524994307683,-0.5425324588386653
740998,9.168085770779905,-0.5535755120374766
741299,9.580084243127862,-0.5686985738206212
741598,9.39862483817739,-0.574984832541664
741899,9.050473661966741,-0.5280182186868965
742198,9.271801813080167,-0.5202558803531936
742499,8.975156696709796,-0.5195671252940353
742799,9.140283334300072,-0.5023103032282688
743098,9.16466113729313,-0.5457896721342195
743399,9.160516645598687,-0.4973005573273592
743698,8.823429381682018,-0.46438238575598456
743999,8.90725844312646,-0.4831146083270934
744298,8.913495860294338,-0.4833018569560339
744599,9.189314984097576,-0.5247465262380224
744898,9.240971503511181,-0.5670660129777503
745199,16.899197101472346,-0.7164337807080969
745499,10.090394296713319,-0.6978542236395746
745798,6.880115086820065,-0.47890776827978754
746099,8.987000914071016,-0.6359530353698375
746398,8.25867698095224,-0.706324704340834
746699,7.0464490152943355,-0.7106476101044508
746998,6.722750854190646,-0.8290987873833571
747299,4.976995275229996,-1.166676592730831
747598,5.127974583090306,-1.1323926199638388
747899,5.242065775973052,-1.1352726080191395
748199,5.371066279056385,-1.1165371815444702
748498,5.489506026669811,-1.1194650717510228
748799,5.398165576246199,-1.1045066282471203
749098,5.2839331707677655,-1.093479080456997
749399,5.226705209627344,-1.0464782619974762
749698,6.087348709265355,-1.1055232662625523
749999,5.9390194821073115,-1.0658068018553526
750298,5.97638212782611,-1.075398468468844
750599,6.089626163925953,-1.0338286403970907
750899,6.1555746728596255,-1.0291919484943146
751198,6.497450269133102,-1.0063635273906675
751499,6.54451982854514,-0.9870742552344256
751798,6.7092577487002325,-0.9554494447741655
752099,6.734202767811344,-0.935037951694343
752398,6.511600132399306,-0.9029976879961366
752699,6.552911434528936,-0.9153481539015391
752998,6.50066093731333,-0.8296644659111532
753299,6.57136771686885,-0.8029991969602739
753599,7.320020512336786,-0.9633224572663959
753898,5.8188838341166775,-0.7739467625023817
754199,5.828336585686121,-0.7963848981477051
754498,6.065977840614362,-0.7548816284636755
754799,6.197796232607419,-0.7563004866110148
755098,5.902139841066719,-1.0299940052324499
755399,5.565771730578008,-1.0055557493634248
755698,5.546950944262391,-0.8502220884071567
755999,5.563088039672893,-0.8958429540345665
756299,5.597063337677522,-0.8885565136086364
756598,5.646647771610392,-0.8875918189143508
756899,5.7878686274575815,-0.9375156148290147
757198,5.783222622140452,-0.9389795081917236
757499,5.615231574908238,-0.8497719649727851
757798,5.716568488537866,-0.7542723078012106
758099,5.665404301267033,-0.7590785332816197
758398,5.953216258471469,-0.7856663126903101
758699,29.885514536337105,-0.7297677563606979
758999,34.663287882653464,-0.6884964100342161
759298,0.8385841239678892,-0.3746166268999971
759599,,
759898,0.1786033367174697,
760199,0.1786033367174697,
760498,0.1786033367174697,
760799,0.1786033367174697,
761098,0.1786033367174697,
761399,0.1786033367174697,
761699,0.1786033367174697,
761998,0.1786033367174697,
762299,0.1786033367174697,
762598,0.1786033367174697,
762899,0.1786033367174697,
763198,0.1786033367174697,
763499,0.1786033367174697,
763798,0.1786033367174697,
764099,0.1786033367174697,
764399,0.1786033367174697,
764698,0.1786033367174697,
764999,0.1786033367174697,
765298,0.1786033367174697,
765599,0.1786033367174697,
765898,0.1786033367174697,
766199,0.1786033367174697,
766498,0.1786033367174697,
766799,0.1786033367174697,
767099,0.1786033367174697,
767398,0.1786033367174697,
767699,0.1786033367174697,
767998,0.1786033367174697,
768299,0.1786033367174697,
768598,0.1786033367174697,
768899,2.858452601756576,-0.6851558006397067
769198,10.937631896678052,-0.6943789519003971
769499,11.009103238132065,-0.8934959604009425
769799,9.951903072020649,-0.6989494311482518
770098,9.172020267233918,-0.7713187717939032
770399,8.336591962486658,-0.7437315351334803
770698,7.674427459749817,-0.689722364300339
770999,22.176783470296417,-1.1181425852612943
771298,14.020125145127864,-1.248491919039977
771599,33.724680442444566,-1.4883389300331569
771898,,
772199,,
772499,,
772798,,
773099,,
773398,,
773699,0.1786033367174697,
773998,,
774299,,
774598,,
774899,,
775199,0.1786033367174697,
775498,0.1786033367174697,
775799,0.1786033367174697,
776098,0.1786033367174697,
776399,0.1786033367174697,
776698,0.1786033367174697,
776999,0.1786033367174697,
777298,0.1786033367174697,
777599,0.1786033367174697,
777899,0.1786033367174697,
778198,0.1786033367174697,
778499,0.1786033367174697,
778798,0.1786033367174697,
779099,0.1786033367174697,
779398,0.1786033367174697,
779699,0.1786033367174697,
779998,0.1786033367174697,
780299,0.1786033367174697,
780599,0.1786033367174697,
780898,0.1786033367174697,
781199,0.1786033367174697,
781498,0.1786033367174697,
781799,0.1786033367174697,
782098,0.1786033367174697,
782399,0.1786033367174697,
782698,0.1786033367174697,
782999,0.1786033367174697,
783299,0.1786033367174697,
783598,0.1786033367174697,
783899,0.1786033367174697,
784198,0.1786033367174697,
784499,0.1786033367174697,
784798,0.1786033367174697,
785099,0.1786033367174697,
785398,0.1786033367174697,
785699,0.1786033367174697,
785999,0.1786033367174697,
786298,0.1786033367174697,
786599,0.1786033367174697,
786898,0.1786033367174697,
787199,0.1786033367174697,
787498,0.1786033367174697,
787799,0.1786033367174697,
788098,0.1786033367174697,
788399,0.1786033367174697,
788699,0.1786033367174697,
788998,0.1786033367174697,
789299,0.1786033367174697,
789598,0.1786033367174697,
789899,0.1786033367174697,
790198,3.4784682290205824,-1.4199837130533077
790499,7.466515867835105,-1.0694766988916204
790798,5.356606893553764,-1.0831411907571553
791099,5.440716836086807,-1.1661029649327985
791399,5.744792920233616,-1.216180815155293
791698,5.376309910838013,-1.117078516926529
791999,7.331245132752438,-0.8268920374931648
792298,6.320704977785245,-1.0036266337660553
792599,8.60922231582259,-0.6250651385203501
792898,6.692082315293799,-1.0397073151344545
793199,5.0252090534679486,-1.1924432251443782
793498,6.356697594114892,-1.095816890171002
793799,6.794335413930678,-1.1926491665925592
794099,7.23562819856232,-0.9192513347225348
794398,5.740026007790509,-1.1519436663666975
794699,5.711804795804398,-1.1534975151786946
794998,5.935596870664709,-1.136205394016879
795299,6.218039707340328,-1.0519442273771302
795598,5.6667111123059115,-1.1282210984604841
795899,6.407016994205474,-1.101483064659595
796198,5.583804231077546,-1.1696985335877659
796499,5.846391782572116,-1.1411558136970155
796799,5.488321821326745,-1.036415461298557
797098,43.69911214790753,-0.4285629435186167
797399,7.7541914486295695,-0.6028299461377888
797698,7.883869899442252,-0.6571787714767512
797999,8.012535563157531,-0.5098720813127744
798298,9.202316382812318,-0.518751760984397
798599,5.092138807722578,-1.1932561677494635
798898,5.340950224636931,-1.225558870321505
799199,5.516421328035079,-1.1618427232809876
799499,5.656702409401929,-1.0806723199566934
799798,5.7561367999995765,-1.044590890848418
800099,6.3555351201912815,-1.1339493405075767
800398,5.721757903327547,-0.9146859472694395
800699,6.2337960485435575,-0.8783419935829637
800998,6.268845512019677,-0.8894145134543785
801299,6.681751790314391,-0.7939506022359648
801598,6.054585141871529,-0.674383070476245
801899,6.588266334971066,-0.7026464174486862
802199,6.709779660410271,-0.6739122717370065
802498,6.899068960654242,-0.72399463381427
802799,6.903879229969721,-1.0523701813409145
803098,6.174961009264012,-1.2369089035151148
803399,5.29273608984978,-1.1558982988425157
803698,5.4781955525689545,-1.1423981463722925
803999,5.211511241709491,-0.9539956771729787
804298,5.258762398366898,-0.8564343145598843
804599,5.647627142623843,-0.8933920976076415
804899,5.962150999218421,-0.9146344476254864
805198,6.352647245023978,-0.9285891001463418
805499,6.805056414509077,-1.1381374993779483
805798,16.496884714889248,-0.6797723665382718
806099,101.34887086374549,-0.48601434879389616
806398,52.04613458828022,-0.4493094728971503
806699,0.1786033367174697,
806998,0.9789767867225186,-0.7980086821483399
807299,0.1786033367174697,
807599,0.1786033367174697,
807898,0.1786033367174697,
808199,0.1786033367174697,
808498,0.1786033367174697,
808799,0.1786033367174697,
809098,0.1786033367174697,
809399,0.1786033367174697,
809698,0.1786033367174697,
809999,0.1786033367174697,
810299,0.1786033367174697,
810598,0.1786033367174697,
810899,0.1786033367174697,
811198,0.1786033367174697,
811499,0.1786033367174697,
811798,0.1786033367174697,
812099,0.1786033367174697,
812398,0.1786033367174697,
812699,0.1786033367174697,
812999,12.340934939476975,-1.1040109716023552
813298,10.814371675303363,-1.3536227635128375
813599,11.141090129451936,-0.6931843664308972
813898,6.1073819321605285,-0.8962438380327233
814199,6.091060808938048,-1.3801073787656
814498,8.180149075442676,-1.205893646007819
814799,6.571588423157956,-1.245449907271496
815098,6.729203088049158,-1.1359423220405338
815399,6.543089678574623,-1.136975144129134
815699,10.468528621324197,-1.0500815541192208
815998,7.7517966170904,-1.3472092208507611
816299,7.121815723500124,-0.9302802901005531
816598,8.392384061145957,-1.2556148587291744
816899,9.867120003812623,-1.2782364220163736
817198,8.807633703296418,-1.3321626128165973
817499,7.927168114335769,-1.1441076409986741
817798,8.414715000514015,-1.412462090862188
818099,7.402884211752861,-1.2351809670605625
818399,14.17347021188207,-1.0366137080842823
818698,7.090499647611234,-0.9253921472051769
818999,7.169334222261698,-1.0483242953231269
819298,8.279844685432993,-0.9682160289158619
819599,6.435636422053056,-0.9414500182037273
819898,7.907260457773272,-1.2105897814929492
820199,9.728605618310732,-0.8802640507591302
820498,10.303626856298429,-0.8475738610144985
820799,7.574826372690058,-1.0147630759665858
821099,31.690930061148272,-0.7311418016782163
821398,21.318144966588086,-0.7906195514496899
821699,37.89312359271077,-0.6376339374784008
821998,7.103842645405335,-0.6893157239623198
822299,7.005070953400707,-0.631924083632744
822598,8.25097748717154,-0.6039349592686685
822899,8.670274919449314,-0.5903942255591037
823198,13.9716543847779,-0.6306262818599655
823499,15.318723399394205,-0.4564031843859837
823799,30.836236332294114,-0.6022544349951462
824098,32.18802388990984,-0.5535554485990333
824399,22.42264016331957,-0.637786446676393
824698,20.191114550854294,-0.5580790076245363
824999,18.674006001009378,-0.5428535787066069
825298,20.571448199845022,-0.6092251403457349
825599,21.66940848568531,-0.5957898835659723
825898,58.089844643523264,-0.7041126375449946
826199,73.04036421307418,-0.6975796203045783
826499,63.02232109985429,-0.659101116587437
826798,103.48700174328252,-0.6547135130490982
827099,116.17898750837513,-0.46967427584120447
827398,132.46538852939364,-0.5499634790991041
827699,105.22891807902327,-0.5653150699448817
827998,120.52028835680105,-0.52428027008665
828299,100.59550283112975,-0.6183800376850312
828598,83.47549448388439,-0.5178750567511785
828899,105.17894984156956,-0.6185852383583634
829199,73.44199826819457,-0.5683502375995217
829498,32.478788617599655,-0.5486759534559846
829799,58.142731421902894,-0.7076559054191369
830098,56.436301948377434,-0.6227077649997719
830399,69.76104258085891,-0.5074954240771143
830698,60.1338681365117,-0.544429286283209
830999,63.95952322533809,-0.5840355303459526
831298,71.66689426854411,-0.47882104808590764
831599,54.676225383120496,-0.5679022843834665
831899,66.83386080175012,-0.5455859742567839
832198,49.947799246676055,-0.6332875400129503
832499,45.535131175446885,-0.6515983740475806
832798,51.940745008537164,-0.5556518870754723
833099,49.37203891390753,-0.5705923670779831
833398,32.83306664615722,-0.49282714581104403
833699,0.1786033367174697,
833998,0.1786033367174697,
834299,0.1786033367174697,
834599,0.1786033367174697,
834898,0.1786033367174697,
835199,0.1786033367174697,
835498,0.1786033367174697,
835799,11.912060309668489,-0.5491431545283694
836098,13.719948165693369,-0.38267843390076894
836399,11.940323273191389,-0.35872432273702537
836698,11.586752306619625,-0.44353719423862437
836999,10.341053494940631,-0.43990102619970495
837299,9.137684648135075,-0.47090352366270216
837598,8.899221890586466,-0.5491058584609838
837899,9.814026969295751,-0.6050345523751979
838198,8.236164038741897,-0.795205707299699
838499,7.558839966584492,-0.8529111115862242
838798,7.468142340565974,-0.8763910529030414
839099,7.68313497579514,-0.937135691481503
839398,7.579183364320603,-0.9219769227777335
839699,7.793534611936344,-0.9226815249027567
839999,7.809110964584493,-0.9452304266401412
840298,7.8777523337974555,-0.9454392940184044
840599,7.981315806212111,-0.9794420287810941
840898,8.254426154786183,-0.9796773774035499
841199,8.41088549152041,-0.9433984792960499
841498,8.228678598239583,-0.8993258322565825
841799,8.510735608600694,-0.8878046986882977
842098,10.996429846754753,-0.5585884030175161
842399,9.470884184665001,-0.6655130032047314
842699,9.05485475574328,-0.7602635998987388
842998,14.041369955357371,-0.5162247202721635
843299,10.153800128083981,-0.7383251890466342
843598,0.1786033367174697,
843899,0.5931057982965928,-1.0466017403633465
844198,0.9036209475555448,-0.27076242437974773
844499,11.002671717813149,-0.6917289469382548
844798,11.127840122552817,-0.6347030787424008
845099,11.275159140303465,-0.631986198933681
845399,11.502655848171944,-0.5856671059398246
845698,12.390567640273028,-0.5959004926464602
845999,21.741007006729287,-0.4519726619159643
846298,26.103009233074193,-0.2631545694602557
846599,38.99080837590522,-0.2464382321046783
846898,62.417768939375115,-0.2836977757402326
847199,73.50140436297927,-0.28817933047361644
847498,1.875454280756576,-0.24545377789871048
847799,0.1786033367174697,
848099,,
848398,,
848699,,
848998,9.055700509233056,-0.44559697025998224
849299,0.1786033367174697,
849598,0.1786033367174697,
849899,0.1786033367174697,
850198,0.1786033367174697,
850499,0.1786033367174697,
850799,0.1786033367174697,
851098,0.1786033367174697,
851399,0.1786033367174697,
851698,0.1786033367174697,
851999,0.1786033367174697,
852298,0.1786033367174697,
852599,0.1786033367174697,
852898,0.1786033367174697,
853199,0.1786033367174697,
853499,0.1786033367174697,
853798,0.1786033367174697,
854099,0.1786033367174697,
854398,0.1786033367174697,
854699,0.1786033367174697,
854998,0.1786033367174697,
855299,0.1786033367174697,
855598,0.1786033367174697,
855899,0.1786033367174697,
856199,0.1786033367174697,
856498,0.1786033367174697,
856799,0.1786033367174697,
857098,0.1786033367174697,
857399,0.1786033367174697,
857698,0.1786033367174697,
857999,0.1786033367174697,
858298,21.442269836349663,-0.6669809743364781
858599,12.4677797704029,-1.2880485269364144
858899,25.387391767740862,-0.8731039248870405
859198,21.669623886062627,-0.9027378367776493
859499,,
859798,0.7727197647823966,-1.5121162698752775
860099,,
860398,0.8656115882152671,-1.8524980965668383
860699,0.9566824596087857,-1.8250240822136323
860998,,
861299,,
861599,0.8262670935185079,-1.3900380900264513
861898,25.09575901951401,-1.6300204533508325
862199,18.530183942416784,-1.7402529170525711
862498,15.00155700613647,-1.4027953910732767
862799,1.8175680701662975,-0.9433631649951031
863098,0.8935616246854816,-1.0720461668880583
863399,23.631172616240868,-1.2131718378976828
863698,0.1786033367174697,
863999,0.1786033367174697,
864299,,
864598,0.1786033367174697,
864899,0.1786033367174697,
865198,0.1786033367174697,
865499,0.1786033367174697,
865798,0.1786033367174697,
866099,0.1786033367174697,
866398,0.1786033367174697,
866699,0.1786033367174697,
866999,0.1786033367174697,
867298,0.1786033367174697,
867599,0.1786033367174697,
867898,0.1786033367174697,
868199,0.1786033367174697,
868498,0.1786033367174697,
868799,0.1786033367174697,
869098,0.1786033367174697,
869399,0.1786033367174697,
869699,0.1786033367174697,
869998,0.1786033367174697,
870299,0.1786033367174697,
870598,0.1786033367174697,
870899,0.1786033367174697,
871198,0.1786033367174697,
871499,0.1786033367174697,
871798,0.1786033367174697,
872099,0.1786033367174697,
872399,0.1786033367174697,
872698,0.1786033367174697,
872999,0.1786033367174697,
873298,0.1786033367174697,
873599,0.1786033367174697,
873898,0.1786033367174697,
874199,0.1786033367174697,
874498,0.1786033367174697,
874799,0.1786033367174697,
875099,0.1786033367174697,
875398,0.1786033367174697,
875699,0.1786033367174697,
875998,0.1786033367174697,
876299,0.1786033367174697,
876598,0.1786033367174697,
876899,0.1786033367174697,
877198,0.1786033367174697,
877499,0.1786033367174697,
877799,7.633133218798491,-0.9752359023520318
878098,9.365085948685307,-1.0273933608810943
878399,8.932538023517667,-0.9761287338411446
878698,9.29665995679464,-0.9919353274241258
878999,8.978137920668129,-0.9421040886110925
879298,8.765923693286187,-0.851237704916916
879599,8.697150675330166,-0.8920366968728823
879898,8.97620463840887,-0.929422087776606
880199,8.125740665113243,-1.095488548443761
880499,6.690570220386083,-1.1051456860633664
880798,7.207855170835158,-1.1026601048457731
881099,6.581127420318151,-1.0830603822483837
881398,7.100397525180799,-1.063972266434841
881699,8.118593931686208,-0.9450418754252199
881998,11.745737389125122,-0.6126698027684954
882299,6.209854449105992,-1.1254996783672473
882598,6.254465217171539,-1.1408802299744267
882899,6.375987583950097,-1.0757289974423299
883199,6.362419418588206,-1.0573511335401284
883498,7.16649064970614,-1.1017150025584073
883799,9.584015638180679,-0.9728480526834615
884098,11.386243091430373,-0.5515218169476044
884399,6.941123505257302,-1.1080786577566157
884698,10.122249301152596,-0.687310159229362
884999,9.312984714204863,-0.6310083079724726
885298,9.288172581498042,-0.6200398927126498
885599,9.398299274195912,-0.555584902410841
885899,9.245563589776124,-0.6196829060130542
886198,9.40247907620205,-0.6893245688985012
886499,9.318774657123345,-0.7599820224548999
886798,9.597903145181217,-0.7016642768359242
887099,9.790154211882298,-0.7301644923087149
887398,9.676142443899614,-0.6717818447985207
887699,9.936814342194326,-0.7928361156592492
887998,10.60784532736489,-0.6771589675054772
888299,11.948916481007492,-0.6771440766364469
888599,14.48960633887281,-0.5473017132375586
888898,9.255469023029242,-0.9173351106015324
889199,8.691527720813962,-0.8787049574537833
889498,9.614787726963625,-0.64058893772731
889799,9.836203787003779,-0.6136145071671433
890098,10.205499627380176,-0.6808322764311521
890399,10.526224543985926,-0.595351282128749
890698,10.974196742967713,-0.6575914680381674
890999,12.034174633034844,-0.8016882157831671
891299,11.624972440990865,-0.71184192237429
891598,10.376392027632066,-0.600893966996279
891899,13.759158964039473,-0.7008316282494969
892198,11.26385566309503,-1.0666677054458744
892499,12.255554461326934,-1.0760645146081131
892798,12.512815097986234,-1.009398296318175
893099,14.042167465995187,-0.9560178249337914
893398,12.501488162219726,-0.9486222010526943
893699,11.049987820161855,-1.0017017903134922
893999,13.268015337310002,-0.9365183731102633
894298,12.868827091580837,-0.8714662601666523
894599,10.417806206536856,-0.8895807221823873
894898,10.240168810016023,-0.8528797061555253
895199,9.873072396928059,-0.9076664305810576
895498,10.801292121129752,-0.9000335720235013
895799,12.124085501500124,-0.8442769710826208
896098,12.275404718833151,-0.8753624012120143
896399,13.236102344514439,-0.9310540042714373
896699,13.50221844304642,-0.733111042645813
896998,11.390517275358919,-0.9619661003097146
897299,15.904366822280215,-0.9343191223752603
897598,14.363711743726977,-0.8996908848426397
897899,16.382317565840403,-0.7885159359035421
898198,16.67058364242142,-0.8189983476410996
898499,13.823358343442251,-0.7623889882529282
898798,44.872207972058,-0.5112345737889574
899099,58.171302052919096,-0.6313822762969328
899399,38.02082693283634,-0.5251014105793566
899698,,
899999,0.1786033367174697,
900298,0.1786033367174697,
900599,0.1786033367174697,
900898,0.1786033367174697,
901199,0.1786033367174697,
901498,0.1786033367174697,
901799,0.1786033367174697,
902099,0.1786033367174697,
902398,4.387701202983852,-1.0091157274593159
902699,13.406523064264778,-0.9155057900860588
902998,22.03751186708577,-0.8898539771735945
903299,26.533931170354286,-1.0449030071266199
903598,12.618227701812623,-0.8762043445505532
903899,12.114358383703825,-1.092118222871771
904198,10.355255809782955,-1.1156582952623735
904499,10.307306265319994,-1.0384442964714697
904799,10.801213722215826,-0.9535873493418627
905098,8.162959374863973,-1.3877968742031506
905399,12.11999969961166,-0.9746747202367705
905698,12.448858270914165,-1.0072008353217576
905999,9.604420418586194,-1.2588252002123617
906298,11.20753629063712,-1.1961492873096566
906599,10.498250811333456,-1.3140573297917384
906898,13.97839168897277,-0.9225847638272568
907199,13.243296545354289,-1.1332148552882417
907499,11.898584583234344,-1.1110011015992596
907798,15.212094336472347,-1.1342707684283528
908099,13.610639068976974,-1.13712201676341
908398,23.16599568748855,-0.8141181082786195
908699,41.39660961950706,-0.772019721823415
908998,14.330935124701512,-0.772079732775772
909299,9.316300551919529,-1.3265145371085758
909598,10.465740788770956,-1.1698461541680198
909899,24.945774925893645,-0.4959712491467063
910199,7.236822677767928,-1.0512791645540633
910498,12.949970638225086,-0.8844362139960318
910799,8.663470457629751,-1.245472157162029
911098,14.081332209069991,-1.1890823825793118
911399,24.0894243432779,-1.0847949889278476
911698,30.694285179018646,-1.4033964192190096
911999,8.138164006931103,-0.9463858847350286
912298,8.271586703155641,-0.9007109946908056
912599,8.452918153548424,-0.8121540970891592
912899,8.983860469632493,-0.6856887566757441
913198,10.175917054460463,-0.589601983322618
913499,11.095579084437315,-0.5299805491371936
913798,10.395497950103982,-0.578786822644743
914099,9.368867473576206,-0.44846664874701925
914398,9.353591931215092,-0.39215464074454665
914699,10.108066334578519,-0.39703211947659467
914998,11.380148537053788,-0.38692176251951405
915299,11.562743785970456,-0.378359573128197
915599,12.00820216434472,-0.3647037678495124
915898,12.605965718087777,-0.37572106492856183
916199,13.427844897556103,-0.3688665560115785
916498,11.404840512266018,-0.3191709469816484
916799,12.033610980889437,-0.3643767115788654
917098,12.639868616097038,-0.36023603778500823
917399,12.902895352465091,-0.3564483496187483
917698,13.53669057898824,-0.3537246011549211
917999,13.667886013180368,-0.34329753199034196
918299,14.403037649191942,-0.3489733133206363
918598,16.950239773478984,-0.2965725513628945
918899,16.977537555761387,-0.2997124753881788
919198,19.219166348333875,-0.7245517823759164
919499,15.633906515472038,-0.5214274461173125
919798,17.494134888572308,-0.6190892969083057
920099,17.557765914754448,-0.5983925521278373
920398,18.47359324128222,-0.5305726997836555
920699,18.754700741965095,-0.4501895588623306
920999,23.716443671560004,-0.5891178483234067
921298,21.786318138893336,-0.6790886916838643
921599,21.134930942955833,-0.5183672052873136
921898,24.11186281764175,-0.6037242898262567
922199,1.0234405794719033,-0.6348418189793843
922498,15.072144943974353,-0.6022899549538434
922799,4.235669728939038,-0.6268813578900267
923098,1.8111974898214405,-0.6934861227620055
923399,0.1786033367174697,
923699,0.1786033367174697,
923998,0.1786033367174697,
924299,0.1786033367174697,
924598,0.1786033367174697,
924899,0.1786033367174697,
925198,,
925499,0.1786033367174697,
925798,,
926099,51.04909397648552,-0.25724570596495955
926399,57.961799784813785,-0.2044265156584011
926698,5.266979724372962,-0.8643555545726072
926999,6.1053458520073,-0.7349455966809328
927298,6.729648326051279,-0.8162843011294494
927599,6.43084300097026,-0.7432760307923987
927898,6.966517852473993,-0.9673678664953933
928199,6.776401605840631,-0.8464418723885381
928498,7.100407198194798,-0.9811349352188374
928799,6.959900859416241,-1.033839038786874
929099,7.050264060072113,-1.0810457123745971
929398,7.248737317875353,-1.053431556782222
929699,7.3500014928591515,-1.0435701282021475
929998,20.373021288849657,-0.3531185929288909
930299,7.230536553616095,-1.1088171198281485
930598,7.687534324664234,-1.1098195595013838
930899,7.802282164533872,-1.0663551016103914
931198,8.440597977798069,-1.075172369870259
931499,8.491395572367205,-1.1046566663522017
931799,9.568561024680438,-1.0399995654916117
932098,8.974250259369517,-1.093912322549547
932399,8.692711953581373,-1.077696632460993
932698,8.34464591769097,-1.085942970018944
932999,8.576617341613778,-1.115365522744682
933298,9.149171652698955,-1.0495850733884167
933599,8.946690516102207,-1.0776305562302233
933898,8.98570918090344,-1.0336900341387074
934199,9.063824984669642,-0.9773399823144502
934499,9.298124138267665,-0.8895031864450773
934798,9.727244439962114,-0.8800172011291867
935099,10.410148336277594,-0.8285885981417627
935398,10.581129042678056,-0.7914512676378651
935699,10.896277339039166,-0.717950943375812
935998,11.645896531590093,-0.7031677138234722
936299,12.244113696617871,-0.7240737482396362
936598,12.878870932948889,-0.6846570166153734
936899,13.987360382784537,-0.708398151536596
937199,14.515749980198889,-0.7132864321629582
937498,30.146615070402895,-0.6247154781945365
937799,13.64441966862713,-0.9012553106852914
938098,32.53895210941911,-0.41018211682027217
938399,40.02756578290753,-0.4989462268274345
938698,47.07078502737513,-0.5693696675340798
938999,37.02751244364132,-0.5465714519464484
939298,0.1786033367174697,
939599,0.1786033367174697,
939899,0.1786033367174697,
940198,0.1786033367174697,
940499,0.1786033367174697,
940798,0.1786033367174697,
941099,0.1786033367174697,
941398,0.1786033367174697,
941699,0.1786033367174697,
941998,0.1786033367174697,
942299,0.1786033367174697,
942599,0.1786033367174697,
942898,0.1786033367174697,
943199,0.1786033367174697,
943498,0.1786033367174697,
943799,0.1786033367174697,
944098,0.1786033367174697,
944399,0.1786033367174697,
944698,0.1786033367174697,
944999,0.1786033367174697,
945299,0.1786033367174697,
945598,0.1786033367174697,
945899,8.299335321689936,-1.3065675227876006
946198,8.10415137495614,-1.1515860957871107
946499,6.610132731465401,-1.0058099304733492
946798,6.347030702787585,-0.971216879940572
947099,7.863898860789474,-1.0103807161921656
947398,8.329943668645955,-1.1020194869919187
947699,6.444644726282223,-0.8110458820424331
947999,7.032722654171111,-0.9419313661431181
948298,14.187205916083881,-1.1243691218517986
948599,26.214637198694568,-0.8461938390367181
948898,27.966079141046418,-0.8160551090740502
949199,20.4382837977779,-0.9537804183614331
949498,13.067592892787157,-0.9827660244295866
949799,1.6072843460257593,-0.5640253261284722
950098,11.899392081620494,-1.130147049485588
950399,0.1786033367174697,
950699,0.1786033367174697,
950998,17.129318271703827,-1.3111100310010038
951299,8.775316798204251,-0.8420580376091364
951598,8.03581481087281,-1.0704893664096948
951899,13.518817133310307,-0.45351138912534883
952198,10.431424624384075,-0.5150680555252012
952499,2.3984823055535376,-0.515011768381106
952798,5.741014995984603,-0.8154190929126548
953099,1.4077592984655742,-0.8952521637578199
953399,0.1786033367174697,
953698,0.1786033367174697,
953999,0.1786033367174697,
954298,0.1786033367174697,
954599,0.1786033367174697,
954898,0.1786033367174697,
955199,0.1786033367174697,
955498,0.1786033367174697,
955799,0.1786033367174697,
956099,0.1786033367174697,
956398,0.1786033367174697,
956699,0.1786033367174697,
956998,0.1786033367174697,
957299,0.1786033367174697,
957598,0.1786033367174697,
957899,0.1786033367174697,
958198,0.1786033367174697,
958499,0.1786033367174697,
958799,0.1786033367174697,
959098,0.1786033367174697,
959399,0.1786033367174697,
959698,0.1786033367174697,
959999,0.1786033367174697,
960298,0.1786033367174697,
960599,0.1786033367174697,
960898,0.1786033367174697,
961199,0.1786033367174697,
961499,0.1786033367174697,
961798,0.1786033367174697,
962099,0.1786033367174697,
962398,0.1786033367174697,
962699,0.1786033367174697,
962998,0.1786033367174697,
963299,0.1786033367174697,
963598,0.1786033367174697,
963899,0.1786033367174697,
964199,0.1786033367174697,
964498,0.1786033367174697,
964799,0.1786033367174697,
965098,0.1786033367174697,
965399,14.246952008306245,-0.5748014861210959
965698,21.589043060412163,-0.7050085970786801
965999,6.5248652574262795,-0.6655329370624106
966298,7.450299794530447,-0.6686647491278339
966599,6.895547114146188,-0.6011784138095622
966899,7.960231123577052,-0.7918081881947538
967198,8.396874884856835,-0.787984408156452
967499,8.335840801444798,-0.7069840054327539
967798,8.425881283947422,-0.7447834059843996
968099,8.424427673227207,-0.6226159070973842
968398,7.9898563566693355,-0.6107775842328842
968699,7.800634183504984,-0.6142711687375522
968998,8.09999136424341,-0.5609313655425494
969299,8.071378132937852,-0.5492542710914914
969599,10.020771995273272,-0.9412504240102162
969898,6.994302946745185,-0.6523783906506262
970199,8.056170100222348,-0.857307351410896
970498,7.598210359519675,-0.7321747640039351
970799,6.747039711157761,-0.6488225540955885
971098,7.483587691572115,-0.6950442522105007
971399,7.4545512522766195,-0.6760848985149541
971698,7.023202970356835,-0.6430916589292297
971999,7.303527130090826,-0.9328390838311897
972299,7.187962824775815,-0.6122173614140705
972598,7.433892309222576,-0.6507239517145047
972899,7.0656711093684095,-0.6552327726166922
973198,7.345872024643872,-0.6250625894622301
973499,7.568543913414708,-0.6058210526608918
973798,7.974197113579058,-0.7349438734517277
974099,8.03006906309989,-0.6364909129865508
974398,7.801458420402899,-1.014464100874393
974699,6.5439723047634635,-1.034259535808245
974999,8.531061032516327,-1.1526941756574693
975298,7.607588979778132,-0.9853459647338569
975599,7.78716484625827,-1.0173358586541452
975898,8.0440846408879,-1.0126674413651164
976199,8.450328042193458,-1.0433310356158576
976498,8.676785304196573,-0.9904278631673575
976799,8.320644765431883,-0.9857289245666077
977098,8.548705496677254,-0.9059077898452292
977399,8.566407530928057,-0.885735134441122
977699,14.065604178439935,-0.8628032143634901
977998,27.35949777432231,-0.3652150245461776
978299,19.7624678553404,-0.5172781626415746
978598,73.45812621423623,-0.3537647974087612
978899,28.072118155379755,-0.46347969642961995
979198,9.819946133144065,-0.8469927877848542
979499,8.857145627444261,-0.9362043215725684
979798,9.16721150210398,-0.9093427369428497
980099,9.686277798145646,-0.9207652412459733
980399,9.94884130039565,-0.9270898009477739
980698,10.492904932391019,-0.9211759838963478
980999,11.141000539217409,-0.9180117019191292
981298,11.503408103513703,-0.8903057870994016
981599,12.128032514254445,-0.8789677421282434
981898,12.809692613914166,-0.8454683437838768
982199,12.486447589064628,-0.8277935536435184
982498,12.392286580499814,-0.8197366123878216
982799,12.50042852029148,-0.7864475587331876
983099,24.759480172152898,-0.5643745024631821
983398,11.160914156909845,-0.8334702553842033
983699,10.717009976294102,-0.8812324833790393
983998,11.634586818951512,-0.9042559966037162
984299,12.256416929801048,-0.7946297612006739
984598,13.353303260127863,-0.7502397108204706
984899,13.63650880440564,-0.7146907944823946
985198,14.47718419856536,-0.6876493465315303
985499,15.231287585097038,-0.6338176055611098
985799,15.756193930793797,-0.688375637916615
986098,16.45766471769731,-0.6859785598942532
986399,17.627954017343143,-0.6596124113094122
986698,20.13521902978253,-0.6974207870088516
986999,21.34006586490101,-0.6377998813446648
987298,20.071108616835765,-0.6284450382688429
987599,19.20704791770425,-0.5344243969071623
987898,30.325601231423736,-0.6723687480875105
988199,40.66277737175475,-0.7180957938957926
988499,41.2988966054816,-0.7482301731408061
988798,30.699225165828825,-0.7850623169426278
989099,1.5295919839447412,-1.0270974870080174
989398,0.1786033367174697,
989699,0.1786033367174697,
989998,0.1786033367174697,
990299,0.1786033367174697,
990598,0.1786033367174697,
990899,0.1786033367174697,
991199,0.1786033367174697,
991498,0.1786033367174697,
991799,0.1786033367174697,
992098,0.1786033367174697,
992399,0.1786033367174697,
992698,20.71003328646309,-1.3451482406351638
992999,18.542411957016327,-1.2418765425550191
993298,13.030874025431103,-0.9097991022914347
993599,23.84894249148161,-0.962468995425033
993899,13.649099137336194,-1.0055805924589096
994198,14.17586413892416,-0.9325624655537026
994499,18.89036163296309,-1.0702179328603822
994798,15.620009297912155,-0.9403027618882664
995099,14.020004863333456,-1.0560419382767234
995398,13.191079284817253,-0.8935075319748518
995699,15.941122192632072,-1.0058742253725081
995998,12.715496174926475,-1.0306700825778785
996299,11.685949250213511,-1.0196354483793053
996599,11.607719790130178,-1.1329586758551247
996898,10.783738300185,-0.9576004664714011
997199,8.467040592569568,-0.9614212179515658
997498,12.843019920324199,-0.9348869132993689
997799,17.869060423636697,-1.136832886676248
998098,17.883969596248235,-1.1304314155150248
998399,15.845819872108914,-0.8928527039668528
998698,20.117948521474663,-0.98163842816523
998999,30.81569120312744,-1.3236609503468157
999299,5.445629660694742,-1.3735330236040677
999598,13.795422779701513,-0.9046077314864409
999899,34.54747613080336,-0.7904638978723344
1000198,20.77101585480568,-1.0982010774878432
1000499,27.755254366078827,-1.0631187453866353
1000798,13.47379552592142,-0.6711826742009022
1001099,25.236601378958454,-0.8503234866680853
1001398,21.661718157372807,-0.7742979656855953
1001699,28.15337283398855,-0.7008264302232288
1001999,36.95212034924549,-0.8836466857715504
1002298,4.466408081666845,-0.7893358472738305
1002599,20.9143153254029,-0.9007567870927831
1002898,4.900296838964788,-0.7798614431557425
1003199,3.2156121050505577,-0.8404020858289742
1003498,,
1003799,16.972375110284844,-0.7157734783535059
1004098,25.99692835645504,-0.7324120573441426
1004399,,
1004699,0.1786033367174697,
1004998,0.1786033367174697,
1005299,30.657359526303367,-0.8527977308962416
1005598,32.23237139388901,-0.6327575351496977
1005899,23.89109380671351,-0.7269304851678171
1006198,19.163568664426474,-0.5053252382629874
1006499,20.869656547576938,-0.5444280191007471
1006798,19.698152795141752,-0.5655004563893715
1007099,21.668135629777897,-0.5208670478101516
1007399,21.23171466452138,-0.4762156931430679
1007698,62.245509153907534,-0.4244200288176254
1007999,24.0844481322316,-0.6302195472980168
1008298,48.67521423182188,-0.542807599689366
1008599,18.82711149491679,-0.44951058996266435
1008898,19.025309477900585,-0.6152271258766386
1009199,33.856231665632066,-0.5200802027015479
1009498,33.02634410133345,-0.5703976826445047
1009799,57.26641047254179,-0.5226459252618214
1010099,39.25563884615289,-0.5949687888222293
1010398,7.391269083111407,-0.5668478213336414
1010699,0.1786033367174697,
1010998,,
1011299,0.1786033367174697,
1011598,0.1786033367174697,
1011899,,
1012198,,
1012499,,
1012799,,
1013098,0.1786033367174697,
1013399,0.1786033367174697,
1013698,0.1786033367174697,
1013999,0.1786033367174697,
1014298,0.1786033367174697,
1014599,0.1786033367174697,
1014898,0.1786033367174697,
1015199,0.1786033367174697,
1015499,0.1786033367174697,
1015798,0.1786033367174697,
1016099,0.1786033367174697,
1016398,0.1786033367174697,
1016699,0.1786033367174697,
1016998,0.1786033367174697,
1017299,0.1786033367174697,
1017598,0.1786033367174697,
1017899,0.1786033367174697,
1018199,0.1786033367174697,
1018498,0.1786033367174697,
1018799,0.1786033367174697,
1019098,0.1786033367174697,
1019399,6.181512868398446,-0.5115125379028089
1019698,,
1019999,8.28140093870406,-0.7934879975181304
1020298,8.50147954536378,-0.7362631604728427
1020599,8.469079546599893,-0.7327875359659548
1020899,8.756387056167021,-0.766851324015438
1021198,9.447400184265044,-0.8581950394660445
1021499,8.579568189361465,-0.8065552730281655
1021798,9.135713521104519,-0.8976049868910716
1022099,9.269103624463625,-0.7837006120047216
1022398,9.576988353297624,-0.8531564390937891
1022699,9.955039128431885,-0.8867207316041397
1022998,10.405046442995184,-0.8885087702748344
1023299,10.795743036469723,-0.8928652021266201
1023599,10.964282138541481,-0.9037693432740952
1023898,12.01394514727327,-0.9809362441500955
1024199,12.612695094928362,-0.9569800706578631
1024498,12.217492665505178,-0.8514580525484565
1024799,12.316411181600085,-0.9150626217431206
1025098,12.737826514469722,-0.8997861151525919
1025399,12.760702912965094,-0.861575810530727
1025698,22.019220799722348,-0.8792435769606199
1025999,19.05382261328253,-0.7904156237726643
1026299,16.006716278960774,-0.85132453177218
1026598,18.172596466676048,-0.8103962383618244
1026899,20.115421919710766,-0.8861054840921736
1027198,28.91710761745846,-0.42298658361725017
1027499,35.22844735955336,-0.3898586487213258
1027798,47.36521827872929,-0.33663274988187597
1028099,29.9017820051367,-0.5104303327784585
1028398,37.80045500769225,-0.43631610156953315
1028699,21.328004462400585,-0.5722560586787702
1028999,26.7116519847779,-0.5190424556359221
1029298,27.20113167169225,-0.5410542556609368
1029599,80.08602398582883,-0.6686662374025729
1029898,11.50165941936411,-0.6829059896639706
1030199,11.676269665980563,-0.6598310408012344
1030498,41.80478070708577,-0.6378054195663343
1030799,63.41347765502834,-0.9928876527221575
1031098,0.1786033367174697,
1031399,0.1786033367174697,
1031699,0.1786033367174697,
1031998,0.1786033367174697,
1032299,0.1786033367174697,
1032598,0.1786033367174697,
1032899,0.1786033367174697,
1033198,0.1786033367174697,
1033499,0.1786033367174697,
1033798,0.1786033367174697,
1034099,0.1786033367174697,
1034399,0.1786033367174697,
1034698,0.1786033367174697,
1034999,1.5640849000447035,-0.8533521127904866
1035298,29.220044417129753,-0.7369508867322212
1035599,21.822518743011695,-0.8112788850115149
1035898,11.295031676754444,-1.077348516682786
1036199,11.741441577502437,-0.8737808876734678
1036498,9.834314627467407,-0.8517466653763399
1036799,9.461701462826937,-1.0165290565070393
1037099,9.793049281639435,-1.1214532233871126
1037398,9.188130709187623,-1.055040306059491
1037699,10.055821245643333,-0.9713621112892563
1037998,10.918394258549156,-1.0648114613171806
1038299,10.061913479748233,-0.8865110848122808
1038598,12.131816155741289,-0.9741220899749727
1038899,20.11156494032651,-1.0587125007673053
1039198,14.143660288852399,-0.9547877395084297
1039499,32.970263853773275,-1.225225480608794
1039799,41.57048975475243,-1.103425316851622
1040098,20.791388647132067,-0.8781175945685276
1040399,33.93941349942142,-0.9915232131595118
1040698,15.440950271009383,-0.8034912816535318
1040999,16.35241757605568,-0.9499010189994899
1041298,21.896951248150586,-0.6136049483614532
1041599,11.2299901741024,-0.7411899088674816
1041898,30.00947176562049,-1.0574355549812346
1042199,13.8550238165742,-0.7577058604490214
1042499,26.692072408171416,-0.9070254787467549
1042798,12.669571979356604,-0.6584931573378352
1043099,22.347743100150588,-0.6785479783960213
1043398,11.677273240745185,-0.6422053499406608
1043699,11.225353203940363,-0.5740218614346648
1043998,11.59155037691216,-0.5852343350450686
1044299,13.173504060567254,-0.5390546663043616
1044598,12.891481075238243,-0.6117394468313242
1044899,22.34994826122003,-0.8653842026467704
1045199,15.367306423835462,-0.5534767661390247
1045498,16.132740261321576,-0.5138215314705203
1045799,16.190047566277897,-0.46699334747529564
1046098,15.978593034573887,-0.4479432957768279
1046399,16.49676109408546,-0.4633538352685007
1046698,16.71631173979611,-0.44920273719330917
1046999,17.406338821990555,-0.43740649709138446
1047298,17.89544977512323,-0.41415388900155525
1047599,17.97729921070583,-0.3980498482197994
1047899,18.617544560228982,-0.40071371577103565
1048198,18.278168298035265,-0.41579404493415817
1048499,18.790204182342407,-0.40648423981829396
1048798,18.90857225261787,-0.4302447606072177
1049099,19.44813057005305,-0.4181522615383162
1049398,18.687406049673427,-0.42090038072553826
1049699,18.499809416657218,-0.42157629386154283
1049998,17.90556832518037,-0.40515441616777825
1050299,19.026359411055367,-0.4102043069172492
1050599,18.53879006169731,-0.41555050726393117
1050898,19.059507076009073,-0.408890334270285
1051199,19.753706613435,-0.406019175758223
1051498,19.896017630866293,-0.37936634728882224
1051799,19.66223326005074,-0.40187692089449856
1052098,20.288254773745493,-0.4475629410382014
1052399,20.786049782235928,-0.45115123284189873
1052698,20.10198056839102,-0.43525531090842695
1052999,20.292060906891024,-0.4436273955089738
1053299,23.638747032794104,-0.5177929860320651
1053598,19.403380827812313,-0.4848331458146513
1053899,13.715507287567254,-0.5929393753474976
1054198,16.43954991565333,-0.5497924732306447
1054499,16.690895749228982,-0.5176060463167058
1054798,15.917413716668793,-0.496213906720979
1055099,16.817829141453522,-0.5087637252902346
1055398,14.27382265535861,-0.5397263831235739
1055699,17.051914189150583,-0.5944905163800529
1055999,16.213169039284537,-0.5415332691976849
1056298,16.20063019353917,-0.5307143278414377
1056599,15.563200061939632,-0.47772483791259535
1056898,14.812178426754448,-0.4690007152185791
1057199,13.021670098608917,-0.6370949811766085
1057498,13.791261269159538,-0.6380021594436713
1057799,14.568524807710771,-0.7092867487504635
1058098,13.570767643585462,-0.53071897754014
1058399,12.454143137828519,-0.5471649120671691
1058699,10.252893223051473,-0.6428455137489328
1058998,10.624190615982808,-0.5322957607533716
1059299,9.245729906845034,-0.6586222436713352
1059598,9.997694645948087,-0.4979473825109477
1059899,10.282966590318456,-0.49373009678040236
1060198,10.87456165407651,-0.8486141129163158
1060499,9.839053912096235,-0.514391519348167
1060798,10.439009350570771,-0.5322900773247397
1061099,7.95865951793013,-0.5957744980892887
1061399,11.444478411921109,-0.6681586863235229
1061698,10.73886845284777,-0.7845252030139738
1061999,10.328181640405214,-0.6414348702509536
1062298,10.149077993320772,-0.724306858092131
1062599,10.682649214634074,-0.9122012569996705
1062898,10.733579724379751,-1.0214798163170125
1063199,11.03709785688438,-1.010155759959587
1063498,11.450455565182994,-1.01146603146571
1063799,9.528157119407958,-0.7518466406498583
1064099,10.626641277655642,-0.8492356172577782
1064398,10.257882048370185,-0.7339724324084231
1064699,10.153610859099352,-0.6981948530484683
1064998,10.218862323789166,-0.7861267970000765
1065299,9.572191217612437,-0.6974006769068168
1065598,10.04133559824207,-0.6556368068155858
1065899,10.441956786490556,-0.5666586818488719
1066198,12.421271582282957,-0.5915808020369135
1066499,12.713336293379752,-0.6899794736134925
1066799,22.14426414961123,-0.5811649194193242
1067098,11.794905583196881,-0.6354636313897719
1067399,12.536067455682993,-0.6534467139768008
1067698,12.464590273976974,-0.6414677201051491
1067999,13.554444973611659,-0.5745448573967384
1068298,12.863785308694993,-0.5940275300752116
1068599,13.122835464132493,-0.584976494834045
1068898,17.895677150039475,-0.45950506453497053
1069199,14.204298929697307,-0.5950162792125517
1069499,21.67682848201907,-0.38697988021403384
1069798,16.87360468577601,-0.4956308412772723
1070099,18.102032542324622,-0.5271644071975916
1070398,20.67150489771351,-0.4346360108517804
1070699,17.741737427689934,-0.5439377766901694
1070998,20.538490371856607,-0.49641670867445353
1071299,19.674475208919105,-0.5324664190024697
1071598,27.396358412993173,-0.45701441242114615
1071899,20.058904555379755,-0.5392691583921847
1072199,136.20281190026634,-0.2524462202264117
1072498,96.525918661389,-0.21780142372357036
1072799,55.957389358044104,-0.35733012929601693
1073098,72.82425593022235,-0.3331715059270841
1073399,94.514238946389,-0.22755231369011275
1073698,34.02384994776401,-0.2869741579195133
1073999,42.67308265448855,-0.25694398287113906
1074298,72.60206309953251,-0.26615523934209295
1074599,51.40941539412367,-0.2576502950937851
1074899,35.553351254296985,-0.26516723209565307
1075198,0.1786033367174697,
1075499,0.1786033367174697,
1075798,,
1076099,,
1076398,,
1076699,,
1076998,,
1077299,0.1786033367174697,
1077599,0.1786033367174697,
1077898,0.1786033367174697,
1078199,0.1786033367174697,
1078498,0.1786033367174697,
1078799,0.1786033367174697,
1079098,0.1786033367174697,
1079399,0.1786033367174697,
1079698,0.1786033367174697,
1079999,0.1786033367174697,
1080299,0.1786033367174697,
1080598,0.1786033367174697,
1080899,0.1786033367174697,
1081198,0.1786033367174697,
1081499,0.1786033367174697,
1081798,0.1786033367174697,
1082099,0.1786033367174697,
1082398,0.1786033367174697,
1082699,0.1786033367174697,
1082999,0.1786033367174697,
1083298,0.1786033367174697,
1083599,0.1786033367174697,
1083898,0.1786033367174697,
1084199,38.73281325199549,-1.03869785613833
1084498,22.558859188280213,-0.9699377132681435
1084799,34.50946463563902,-1.0251847050228586
1085098,24.91468433976864,-0.9907663663305366
1085399,17.842511380875123,-1.336753640861767
1085699,19.19283319327832,-1.2843493805765593
1085998,22.57582427041953,-0.9267171808211094
1086299,17.88495704532188,-1.1797208955524705
1086598,16.912603992486662,-0.9975789633189145
1086899,18.6594607783404,-1.1214747879659268
1087198,22.17517281953716,-1.0439618049775055
1087499,17.031609305928363,-1.2098485695366534
1087798,20.529997429347347,-1.030841907451161
1088099,18.896957180254756,-1.0603567350555059
1088399,21.088773083988553,-1.1969073605762892
1088698,22.82772593274781,-1.2683065048404782
1088999,24.802778467051052,-1.1013119678940155
1089298,19.649821203544107,-1.2535613015590545
1089599,15.203080724159845,-1.2826670163284946
1089898,21.07676314760429,-1.0150222380418739
1090199,,
1090498,,
1090799,21.631413843301047,-0.8779526964088067
1091099,0.1786033367174697,
1091398,4.8027397045284035,-1.1015617901724664
1091699,,
1091998,0.1786033367174697,
1092299,0.1786033367174697,
1092598,0.1786033367174697,
1092899,0.1786033367174697,
1093198,0.1786033367174697,
1093499,0.1786033367174697,
1093799,0.1786033367174697,
1094098,0.1786033367174697,
1094399,0.1786033367174697,
1094698,0.1786033367174697,
1094999,0.1786033367174697,
1095298,0.1786033367174697,
1095599,0.1786033367174697,
1095898,0.1786033367174697,
1096199,0.1786033367174697,
1096499,0.1786033367174697,
1096798,0.1786033367174697,
1097099,0.1786033367174697,
1097398,0.1786033367174697,
1097699,0.1786033367174697,
1097998,0.1786033367174697,
1098299,0.1786033367174697,
1098598,0.1786033367174697,
1098899,0.1786033367174697,
1099199,0.1786033367174697,
1099498,0.1786033367174697,
1099799,0.1786033367174697,
1100098,0.1786033367174697,
1100399,0.1786033367174697,
1100698,0.1786033367174697,
1100999,0.1786033367174697,
1101298,0.1786033367174697,
1101599,0.1786033367174697,
1101899,0.1786033367174697,
1102198,0.1786033367174697,
1102499,0.1786033367174697,
1102798,0.1786033367174697,
1103099,0.1786033367174697,
1103398,0.1786033367174697,
1103699,0.1786033367174697,
1103998,0.1786033367174697,
1104299,0.1786033367174697,
1104599,0.1786033367174697,
1104898,0.1786033367174697,
1105199,0.1786033367174697,
1105498,0.1786033367174697,
1105799,0.1786033367174697,
1106098,0.1786033367174697,
1106399,0.1786033367174697,
1106698,0.1786033367174697,
1106999,0.1786033367174697,
1107299,0.1786033367174697,
1107598,0.1786033367174697,
1107899,0.1786033367174697,
1108198,0.1786033367174697,
1108499,0.1786033367174697,
1108798,0.1786033367174697,
1109099,0.1786033367174697,
1109398,0.1786033367174697,
1109699,0.1786033367174697,
1109999,0.1786033367174697,
1110298,0.1786033367174697,
1110599,0.1786033367174697,
1110898,0.1786033367174697,
1111199,0.1786033367174697,
1111498,0.1786033367174697,
1111799,0.1786033367174697,
1112098,0.1786033367174697,
1112399,0.1786033367174697,
1112699,0.1786033367174697,
1112998,22.29812205434472,-0.743084520555557
1113299,20.961881476830836,-0.7419253908721513
1113598,19.68053681697667,-0.734108940676347
1113899,32.66591525766911,-0.9577520886393429
1114198,22.317441365354295,-0.7066924512621022
1114499,22.35125495277833,-0.6990871544996706
1114798,31.416878285514017,-0.6891463003744092
1115099,57.792920064868184,-0.6460269194621018
1115399,80.94927814029874,-0.5479177397736239
1115698,1.6102051385743705,-0.7326759358944432
1115999,7.876033282651148,-0.3734025002822243
1116298,18.070301564794107,-0.3954430473106947
1116599,13.420645235990863,-0.509043235766178
1116898,0.1786033367174697,
1117199,0.1786033367174697,
1117498,,
1117799,,
1118099,,
1118398,,
1118699,,
1118998,,
1119299,,
1119598,,
1119899,,
1120198,,
1120499,,
1120799,0.1786033367174697,
1121098,0.1786033367174697,
1121399,0.1786033367174697,
1121698,0.1786033367174697,
1121999,0.1786033367174697,
1122298,0.1786033367174697,
1122599,0.1786033367174697,
1122898,0.1786033367174697,
1123199,0.1786033367174697,
1123499,0.1786033367174697,
1123798,0.1786033367174697,
1124099,0.1786033367174697,
1124398,0.1786033367174697,
1124699,,
1124998,32.5200864620603,-0.8149838034708499
1125299,57.138630695333454,-0.9450246958206998
1125598,28.82287301678253,-0.975570733425327
1125899,30.095015175291785,-1.0201745647874376
1126199,22.74352565143531,-0.880640037829143
1126498,14.155084052488974,-0.9017908644419479
1126799,22.152256646699197,-1.2262275623285888
1127098,10.316394746975083,-0.7313234261924173
1127399,10.584410551461197,-0.6907820738984405
1127698,14.539323093129756,-0.929358263750321
1127999,19.18574327199549,-0.7798932603578121
1128298,11.585294514743177,-0.9869794794638715
1128599,15.719095085916791,-1.0337607909024484
1128899,15.041268483488544,-0.8067212300059938
1129198,19.864105542907524,-1.0418849083964226
1129499,10.178241410139012,-1.0607940075796707
1129798,15.25590191743994,-1.132773074293016
1130099,18.204524234812627,-0.925792814805972
1130398,14.907885744101975,-1.1008337892191045
1130699,8.54630992285429,-1.054021146090724
1130998,14.762934783942253,-1.0773577602509197
1131299,15.858685290676046,-1.0095381083333184
1131599,18.11243731480568,-1.0353750106355832
1131898,13.525863267713511,-1.043313134078642
1132199,14.638828870935733,-0.9970689586953794
1132498,18.469251312571885,-1.0225929636576758
1132799,17.096029661856605,-1.0922224554903361
1133098,19.813966363199192,-1.1213728510366177
1133399,18.207727695588087,-1.0821504583577117
1133698,20.83901213383114,-1.0487549050944525
1133999,14.85228142136818,-1.0410675465888475
1134299,9.492089047311955,-1.0016218375254353
1134598,18.44336729387049,-1.1219123780757214
1134899,28.432332760490862,-1.1266772991640535
1135198,15.830588913826205,-0.8640055482362008
1135499,16.430016445865554,-0.8876166412323678
1135798,16.83324408378916,-0.7935993302145581
1136099,16.285930610988974,-0.819526896588088
1136398,16.54367687287092,-0.7611134282066057
1136699,19.709692621627863,-0.8353769764558048
1136999,21.589409054167213,-0.857079639386106
1137298,16.256870564564633,-0.7106622456398923
1137599,17.382468098439627,-0.6807390099362398
1137898,17.39568563365954,-0.6990639792689199
1138199,18.41114202411324,-0.6851346387835671
1138498,18.968369385828524,-0.6809378389428224
1138799,18.810954085321576,-0.6600945458022123
1139098,19.707917167495182,-0.5998564540724112
1139399,20.127271811736662,-0.5971635814019574
1139699,24.16412719814827,-0.7404283874324338
1139998,19.396230325372496,-0.6012901004562279
1140299,26.936732360331145,-0.5830393201394515
1140598,19.938487051134807,-0.5433505038421964
1140899,33.51603500422929,-0.8010702703493005
1141198,24.468628672243174,-0.6958330817181102
1141499,20.479067523674157,-0.607468745922517
1141798,20.274844644296422,-0.5861950314818545
1142099,20.124598923351666,-0.5468137788563612
1142399,21.27951771021814,-0.5737433362697397
1142698,21.222776242592406,-0.6263765742986247
1142999,20.116281787500125,-0.6724719759353033
1143298,19.145170490609342,-0.6057245736360759
1143599,42.75074665570151,-0.6484322342496971
1143898,32.80640694978485,-0.8415309816197287
1144199,26.58139651872971,-0.7510639939334132
1144498,18.3062632179975,-0.5862330244650973
1144799,18.082259333687617,-0.6851180481522314
1145099,19.78060702375518,-0.6282168915443114
1145398,19.559738550032222,-0.6061152659237146
1145699,19.761681348886388,-0.5526730166286218
1145998,23.250266408928358,-0.6414391500794978
1146299,19.540456187615867,-0.7188063264921407
1146598,19.67872842790753,-0.7893095035690956
1146899,15.056414168823888,-0.7595651835764357
1147198,16.89642079911355,-0.8731978402510439
1147499,17.690041868759383,-0.8382353470972517
1147799,15.885462210604718,-0.8327124851111365
1148098,15.811041846527594,-0.8300477281992316
1148399,16.865649432365863,-0.8745390074950046
1148698,16.353261059592718,-0.8537433623644326
1148999,13.871769156432995,-1.0149208217341577
1149298,13.792768597694568,-0.5449707136185158
1149599,5.296594240471728,-0.777921519167794
1149898,14.748076865132068,-0.9613231087257348
1150199,17.20848949023229,-0.2707009674808003
1150499,12.060744144474661,-1.0902232976120398
1150798,14.180969728289474,-0.8318409958385968
1151099,16.14661504826139,-0.7512869589590503
1151398,15.595928541726355,-0.7768725324606733
1151699,15.090436648168797,-0.7300259201337653
1151998,15.91112862656768,-0.791491882560039
1152299,13.949997640848549,-0.9078701522201793
1152598,15.795207913368605,-0.7713255465032325
1152899,15.042346072097038,-0.8711139941460804
1153199,13.313862568160268,-0.7640680039878129
1153498,22.79009953012323,-0.6026928212189571
1153799,23.965902482666788,-0.8580792433696789
1154098,24.181495855291793,-0.5727419013236554
1154399,14.7572206742617,-0.7226754684395365
1154698,66.92446748341447,-0.4655467669935429
1154999,41.5362881736205,-0.3333704943068805
1155298,15.470491474960463,-0.683147207924854
1155599,16.726637657409846,-0.6429638083696172
1155899,17.735279490851976,-0.7216969520502508
1156198,16.86210845604642,-0.7090073619816346
1156499,20.61543742610197,-0.7578925568055865
1156798,16.870701099324194,-0.84684146686629
1157099,17.54117635092416,-0.857939634740486
1157398,15.833504127729718,-0.748943344753098
1157699,17.6409465303867,-0.6485311600300034
1157998,16.166135354918797,-0.7681845227238788
1158299,16.585054569270646,-0.5759706848353854
1158599,16.858897826982027,-0.6347319261915101
1158898,17.7278517576063,-0.8580893597527464
1159199,26.837331380974657,-0.9522236500931627
1159498,26.150349241280217,-0.9404803482921038
1159799,24.71029593077327,-0.998589640881892
1160098,20.700286845159848,-0.9126186553913351
1160399,1.9960383873938154,-0.2686707112090523
1160698,61.21594581811818,-0.46876984842995695
1160999,4.3937415351547235,-0.39803112558691955
1161299,,
1161598,,
1161899,1.5602741760743704,-0.4126135239069193
1162198,,
1162499,,
1162798,0.1786033367174697,
1163099,,
1163398,,
1163699,,
1163999,0.1786033367174697,
1164298,0.1786033367174697,
1164599,0.1786033367174697,
1164898,,
1165199,,
1165498,0.1786033367174697,
1165799,0.1786033367174697,
1166098,0.1786033367174697,
1166399,0.1786033367174697,
1166699,0.1786033367174697,
1166998,0.1786033367174697,
1167299,0.1786033367174697,
1167598,0.1786033367174697,
1167899,0.1786033367174697,
1168198,0.1786033367174697,
1168499,0.1786033367174697,
1168798,0.1786033367174697,
1169099,0.1786033367174697,
1169399,0.1786033367174697,
1169698,0.1786033367174697,
1169999,0.1786033367174697,
1170298,0.1786033367174697,
1170599,0.1786033367174697,
1170898,0.1786033367174697,
1171199,0.1786033367174697,
1171498,0.1786033367174697,
1171799,0.1786033367174697,
1172099,0.1786033367174697,
1172398,0.1786033367174697,
1172699,0.1786033367174697,
1172998,0.1786033367174697,
1173299,0.1786033367174697,
1173598,0.1786033367174697,
1173899,0.1786033367174697,
1174198,15.110605605588084,-1.3683609376427532
1174499,25.421422646453827,-1.5892249410952388
1174799,10.232677021629755,-1.348140329971324
1175098,13.145900173557996,-1.5120115362381594
1175399,26.81976251597929,-1.3549014829014956
1175698,28.00577613067605,-1.2803525398728945
1175999,25.765424821456143,-1.307272984011901
1176298,25.65044115386166,-1.3353880361559152
1176599,25.075147241951512,-1.6555206965516023
1176898,21.423277455032533,-1.680735655934111
1177199,23.90822777356031,-1.5611169539650995
1177499,20.988534978872806,-1.3582229048777124
1177798,24.460158788953827,-1.2960352042060612
1178099,19.87763254508114,-1.2025824084612116
1178398,22.88418917952096,-1.3154568080709663
1178699,7.253382199935002,-1.0496175102234928
1178998,26.288223806243177,-1.2895708641711678
1179299,25.369748161083454,-1.2540049529662616
1179598,23.21328289501401,-1.1004887703992203
1179899,36.767994858377435,-1.0601190257488873
1180199,39.40751958478716,-1.6559003521943758
1180498,9.017754269243177,-1.3184438753623704
1180799,0.1786033367174697,
1181098,0.1786033367174697,
1181399,0.1786033367174697,
1181698,,
1181999,0.1786033367174697,
1182298,0.1786033367174697,
1182599,0.1786033367174697,
1182899,0.1786033367174697,
1183198,0.1786033367174697,
1183499,0.1786033367174697,
1183798,0.1786033367174697,
1184099,0.1786033367174697,
1184398,0.1786033367174697,
1184699,0.1786033367174697,
1184998,0.1786033367174697,
1185299,0.1786033367174697,
1185599,0.1786033367174697,
1185898,0.1786033367174697,
1186199,0.1786033367174697,
1186498,0.1786033367174697,
1186799,0.1786033367174697,
1187098,0.1786033367174697,
1187399,0.1786033367174697,
1187698,0.1786033367174697,
1187999,0.1786033367174697,
1188299,0.1786033367174697,
1188598,0.1786033367174697,
1188899,0.1786033367174697,
1189198,0.1786033367174697,
1189499,0.1786033367174697,
1189798,0.1786033367174697,
1190099,0.1786033367174697,
1190398,0.1786033367174697,
1190699,0.1786033367174697,
1190999,0.1786033367174697,
1191298,0.1786033367174697,
1191599,0.1786033367174697,
1191898,0.1786033367174697,
1192199,0.1786033367174697,
1192498,0.1786033367174697,
1192799,0.1786033367174697,
