,rmse,skill
299,0.4437679816806596,-1.0786231972034082
598,0.5572827122922169,-1.5971839491319897
899,0.46343671633786987,-1.2046908848398155
1198,0.4988131550810736,-1.3645173797358212
1499,0.505478428070242,-1.1455794956587608
1798,0.526831010226057,-1.1921928154920813
2099,4.564736698344852,-0.1462256593791782
2398,2.9586000124240344,-0.2472457929280838
2699,1.7516155641128865,-0.23465666764116522
2999,0.5318280484582893,-1.016874701719312
3298,1.0470639911399584,-0.7566653428346306
3599,1.8050825898575458,-0.5034440358574381
3898,0.5650197550352225,-1.1512652485672032
4199,3.4003440251690753,-0.4071446180054368
4498,0.6446907243566078,-1.3935602216251128
4799,0.5449981381497202,-0.9700472184448354
5098,0.49066910242083317,-0.8867519721661088
5399,0.5020544021391892,-0.9785769735995378
5699,0.496472584944979,-0.8598105663399824
5998,0.8268039922015781,-1.326481738103333
6299,0.6642057792584889,-0.8937609404118783
6598,0.5105415678101477,-0.7856395843653012
6899,0.5509430111435161,-0.6967467369737905
7198,0.48515340547384966,-0.6124580390069523
7499,0.5608644773566562,-0.636790293045409
7798,0.564813709261841,-0.6150321180288445
8099,0.6214364016036531,-0.5856659839290472
8399,0.5251441300041337,-0.5416566079296461
8698,0.5024462650132726,-0.398619021031444
8999,0.44818779523742375,-0.19622244861988092
9298,0.4164976133731852,-0.10280468058242187
9599,0.4233195932981701,-0.07073009969911359
9898,0.49584983968104596,-0.4216470326678041
10199,0.5100808417191468,-0.6314447740988991
10498,0.5485691037612206,-0.7450057764675964
10799,0.634643861698111,-1.0079486905960242
11099,0.7336595576808396,-1.2040656212693932
11398,0.7936437420986903,-1.3615868398608169
11699,0.8819545425170437,-1.4105746465099207
11998,0.9283983898245436,-1.506662118288821
12299,1.0175134767544758,-1.4579573750617834
12598,1.0696145498485654,-1.4306349676124115
12899,1.178551967482453,-1.360124707248394
13198,1.1402348557765136,-1.3040117117180832
13499,1.9962126086841638,-1.2512133761951305
13799,1.4787285689290148,-1.243646097738039
14098,1.2559607662296024,-1.203167619307124
14399,1.5090305252241867,-1.1783408319092463
14698,1.5084925617519669,-1.1647051434217603
14999,1.777198548331758,-1.1841737965865846
15298,2.077939540735018,-1.0204625878963807
15599,2.060774623080076,-1.1208667901021867
15898,2.0557219892514853,-1.0960851317397302
16199,1.8939701509479872,-1.1088403394887023
16499,2.09594936239022,-1.065378268898943
16798,2.1370798110620655,-1.050877705365929
17099,2.073594932583687,-1.1367631592657097
17398,2.0280087354149368,-1.0534407574987052
17699,1.8416078154002333,-0.985670097822533
17998,1.821285891064483,-0.9816587944589097
18299,1.5159279128745344,-0.9606745801016221
18598,1.4755393097383613,-0.9708883444024177
18899,1.5537833969046269,-0.9933596031032588
19199,1.38072920212262,-0.9876722767537913
19498,1.256208250597602,-0.9574111973867057
19799,1.240966906586028,-1.0863092612370218
20098,1.170911761317509,-1.0657627644131176
20399,1.6690274888352576,-0.7843232684873416
20698,1.0490974188962128,-1.059323199357665
20999,1.1438466565003798,-1.200043683383977
21298,1.0208032763522314,-1.1329314492476796
21599,1.0092426802943613,-1.1335521853595147
21899,1.0383446543753798,-1.1377081432509972
22198,1.0301165134702872,-1.1914356485958488
22499,1.0041789429749166,-1.1445679932380077
22798,0.9185333327920462,-1.1771783404657845
23099,1.004959080708713,-1.192886928053265
23398,0.9420984707665833,-1.2397679994494508
23699,1.0771962812202869,-1.2722671040935998
23998,0.9317320079563979,-1.2315570797121311
24299,1.1525081477642687,-1.197610971002237
24599,0.8760642863753797,-1.4145104961255726
24898,0.9038606567364909,-1.326748806849742
25199,0.862135277521213,-1.3810420778074093
25498,0.9065258625464215,-1.4748757826992223
25799,0.9123542395927176,-1.592441854924905
26098,0.8359867037663287,-1.6246998413173142
26399,0.9116721577084582,-1.6098621261613313
26698,0.8862777369954954,-1.5639489786032295
26999,0.8538793595904027,-1.6037661243701247
27299,0.859064805148273,-1.7549353351343604
27598,0.9159002952802177,-1.426300846567223
27899,0.8793983580718842,-1.5408113813496094
28198,0.8312452939792917,-1.5420724045542569
28499,0.8391390151968843,-1.5687151151699834
28798,0.7897507706251249,-1.837059747712785
29099,0.9229932997779028,-1.436519023167743
29398,0.8852124013172548,-1.6704785365818617
29699,0.8895532540996621,-1.4987456148459528
29999,0.9347024430834582,-1.399047702661997
30298,0.8738538299191065,-1.5375969165491643
30599,0.9286097202593842,-1.4512223161442623
30898,0.9417754917917917,-1.4036161311417867
31199,0.8320088252316065,-1.8907024295603345
31498,0.8921007285186435,-1.5816212270689496
31799,0.8271423002686435,-1.8381733242442753
32098,0.8095816051019769,-1.7452621517978795
32399,0.776950103199199,-2.2141699705826134
32699,0.8189992997593842,-1.7848098489521265
32998,0.8569747238635509,-1.6865287135781921
33299,0.8531803912779028,-1.6740522230994026
33598,1.3033600112061436,-0.7469658066305587
33899,0.8257020713218842,-1.7545565841514708
34198,0.8926331439885511,-1.606057952340128
34499,1.7432025527915314,-0.8385124577458627
34798,0.885583024551051,-1.687538117112667
35099,0.7725588435556805,-2.3675554663566913
35399,0.7008560883635508,-2.97694104871468
35698,0.8812254590451885,-1.266983983038385
35999,5.672598953216802,-0.2206977704001316
36298,2.4583046058636895,-0.5494594700913282
36599,1.6768004451135508,-0.6711191746042293
36898,0.6512016742570694,-3.459519837902185
37199,8.773312124175872,-0.2976768670598029
37498,1.0005172833913287,-1.208917573377084
37799,1.4095143974954951,-0.5496929761746912
38099,1.701835278936392,-0.2989904901107556
38398,0.868441570051051,-1.2786344803151368
38699,0.7438870840047547,-2.2623381836879153
38998,0.9642641395542744,-1.4554122305170814
39299,97.91027306796086,-0.5073460536073116
39598,0.6150611981945694,-3.1023444415437806
39899,0.6206873448357731,-2.3704487156236373
40198,0.6078941626945693,-2.930500242120968
40499,0.6620186522223472,-1.672685221560652
40799,0.5990751526505881,-2.7063908160176915
41098,0.6231897763149399,-2.3726748197744727
41399,0.6311703666806806,-2.5325873144355784
41698,0.644132498761699,-1.8823315094286146
41999,0.6531099463141695,-1.905276494212163
42298,0.6349099676220399,-1.9776802968600924
42599,0.7770614011058363,-1.6562023507027317
42898,0.6536616395340769,-1.7894425911548724
43199,0.6363888407146325,-1.766138183097345
43499,0.6207939489067621,-1.5314015519098905
43798,0.6179432806035214,-1.7093101075227133
44099,0.9693548593083856,-1.2867901911599349
44398,40.37389983327425,-0.18195585538547254
44699,0.5749941665387066,-1.5861526376783774
44998,0.6823843340627608,-2.279524769942242
45299,0.5569518686877608,-1.5864726166626992
45598,0.5566134084377609,-1.6286392598561537
45899,0.5559220491923904,-1.5629717039239308
46199,0.5448552080097746,-1.0753880555878652
46498,0.539074964530608,-1.1655304086569331
46799,0.5536964863176451,-1.1147517477389974
47098,0.5508484641463488,-1.1468168898606401
47399,0.5997826501718118,-1.6941416483673732
47698,0.6438716531139412,-1.835878877785467
47999,0.6140434564912561,-1.7788210174052672
48298,0.8949635070282932,-0.7762104514357948
48599,0.6787320476972747,-1.4348713975115763
48899,1.0328104677991266,-0.5631355251507804
49198,1.3511337245714692,-0.9139528193428443
49499,0.8851883380123436,-1.0234325047988424
49798,1.3788098973058807,-0.5547779104615864
50099,2.772873353284531,-0.33615868558271056
50398,3.4342618841612715,-0.29812708321477066
50699,5.9758967335866835,-0.23412482702732795
50998,6.462668597884573,-0.2556407259135154
51299,8.791257452905286,-0.20396087522004613
51599,7.35302795706038,-0.23431968003905213
51898,3.626720014389736,-0.32202777253147086
52199,9.592198997766397,-0.24787197598470057
52498,9.35701990513214,-0.25998166707149584
52799,11.117094432261768,-0.3467485962618102
53098,13.649088617821953,-0.3503147253953678
53399,9.876126524275657,-0.34258733190603374
53698,23.257958575426123,-0.3071918828970033
53999,41.940675963766395,-0.20152037672513679
54299,65.39018755295389,-0.26812633008756825
54598,89.53180701337057,-0.21798390893736586
54899,,
55198,1.426365029821794,-0.32366627958969585
55499,1.7828514104937474,-0.36242183955741725
55798,78.37042827841222,-0.2604747659622433
56099,53.04999195033816,-0.29524791150811946
56398,23.53823397613546,-0.3181885910297877
56699,10.107146757048731,-0.48704786024548263
56999,30.011142593692437,-0.7444620022520971
57298,1.674639766424458,-0.9043313941989537
57599,1.8644088597624215,-0.9671236926947624
57898,2.0457078364198287,-1.0181850941394512
58199,2.0001102995957547,-0.9648685981842589
58498,2.1067595469962175,-0.9731037823736493
58799,1.979576310114273,-0.945097634249839
59098,1.9942992772925134,-0.933597713928769
59399,2.0237723571420507,-0.9820574772900528
59699,1.8105358729337173,-0.9341210163927844
59998,1.5451760718249212,-0.8666784830107088
60299,1.3476217379614954,-0.7954933716728505
60598,1.1945132393156621,-0.7425299611837348
60899,0.9318217018648709,-0.5764451213228579
61198,1.2269778749048628,-1.3759274554869871
61499,1.0750906710329367,-1.0729501315803716
61798,0.5457698978316917,-0.222108923469714
62099,0.6638079315898083,-0.5741847768756372
62399,0.4946446998902398,-0.14412167727187164
62698,3.3401713841236766,-0.46475564038789297
62999,0.5164311849624935,-0.13402999312828112
63298,16.496376690931694,-0.41444869125238215
63599,2.966068815200915,-0.4400949191632
63898,0.6941950545613774,-0.5157308894458412
64199,0.6250002499780439,-0.5202303345632839
64498,0.5367830673791602,-0.2506565495638997
64799,0.6307130866578476,-0.6196463712036391
65099,0.5839240139638476,-0.46858607733466306
65398,0.5508071281050513,-0.36884074518118704
65699,0.5634860664912561,-0.417812808517674
65998,0.5792415168384784,-0.49598282967720797
66299,0.5898935451857006,-0.5535634231337159
66598,0.5894514502690338,-0.6705473629999681
66899,0.6269446846509783,-0.7679213173400605
67198,1.138483985583849,-1.0773641957927005
67499,0.6716015566857005,-0.9314836304989735
67799,0.6542793842782957,-0.9290412452338583
68098,0.6582214187681278,-1.0969222567724772
68399,0.6671083973051649,-1.2626442112917138
68698,0.7128911631174103,-1.4382820178344198
68999,0.8071264447933361,-1.3495808813499308
69298,0.825545095909847,-1.4475823823048004
69599,0.8096070415883427,-1.535394139857873
69898,0.8003610995235277,-1.3314600323713077
70199,0.7656614538661203,-1.2818407744268936
70499,0.7573392120999167,-1.2421890797083739
70798,2.3591448557601065,-1.0686401331231443
71099,0.8220000582642686,-1.2723345875259358
71398,0.8305980043082499,-1.0421050193572934
71699,0.8703151559309351,-1.2121126686883863
71998,0.8759619138244538,-1.1482440809547363
72299,0.9049259283776946,-1.178955713398428
72598,0.8729869349633427,-1.2110919139613623
72899,0.9306611450906573,-1.268740690437534
73199,0.9509193215142686,-1.2058735817618471
73498,2.9403550308906214,-0.4692020315057843
73799,0.895880926368435,-1.2683555399602233
74098,0.9443182049401947,-1.249455136766806
74399,0.9654071386161203,-1.0708378579065259
74698,1.0455013700165834,-1.0504568981055287
74999,1.035812510285102,-1.113536965269319
75298,1.0421073181207499,-1.1418292320517636
75599,1.0789110961369537,-1.1227242239238544
75899,1.0647527760628797,-1.0298987491681668
76198,0.9535412219008426,-1.2714090447764463
76499,1.143762412634639,-0.9649883152836156
76798,4.962351606028294,-0.21073997613809814
77099,1.8561694341315536,-0.4636527514102631
77398,12.407454308288877,-0.24841081195046355
77699,2.256734067708851,-0.3535335620151274
77998,4.048985939356997,-0.23754152852737564
78299,2.631259567726461,-0.3217601119713325
78599,8.897516869578242,-0.192660204633873
78898,20.44150805219024,-0.19635394637582815
79199,9.915802041302655,-0.19676773641326673
79498,46.29866862527027,-0.19159707920910285
79799,41.61476911399437,-0.18498297909640593
80098,45.96340832201565,-0.27744778857111285
80399,29.332168474675047,-0.4097904779714159
80698,1.593902951462573,-0.46520159450572374
80999,16.699449150162533,-0.4513281620171934
81299,102.85195304227798,-0.29184737046701015
81598,8.552854821825125,-0.23491925738497277
81899,1.0017492289052177,-1.1974688963665958
82198,1.060640890338088,-1.0780471326073449
82499,0.9260397815533659,-1.32465742321557
82798,0.9192796748751252,-1.3505968232179004
83099,0.8726775424075324,-1.53867460453566
83398,0.8936857270834584,-1.593459317971373
83699,0.8537443804052175,-1.7500555992635203
83999,0.8748231435579954,-1.5804006885357977
84298,0.7817526630950322,-2.1175665557824352
84599,0.8539832421876251,-1.7599330365681132
84898,0.7699244091853102,-2.2493318267118605
85199,0.7858945301737361,-2.2811404778997963
85498,0.7175996512928735,-2.8441189648544625
85799,0.7003257635464215,-2.815980047810027
86098,0.6780025064191064,-3.0761323344034244
86399,0.7021494747802175,-2.996087001348512
86699,0.6562088947177176,-3.3141346896145736
86998,0.6776519990626251,-3.2331207466786767
87299,0.6366213446529029,-3.3665181493151186
87598,0.6400735395834583,-3.4237770249760153
87899,0.6174578487431805,-3.126502534237419
88198,0.6518515381459582,-2.9897931589421733
88499,0.6264708554144769,-3.118126593528724
88798,0.6445544065441066,-2.719599593271167
89099,0.6128943490487361,-2.757453141708037
89399,0.6208642539306806,-2.9366773089087856
89698,0.5962286873797547,-2.8759520186188445
89999,0.6233911976413288,-2.421283429828553
90298,0.6072600659978102,-2.0667424815309636
90599,0.6105321707084583,-2.4929512812429593
90898,0.6093632234885509,-2.0538029667212765
91199,0.598895751599662,-2.0594803385518983
91498,0.6180759173357732,-1.6865232158307868
91799,1.253767160101462,-0.9328899770020027
92099,0.6519086741251251,-1.736482003898102
92398,0.6756969544839212,-1.2991965904633025
92699,0.6771202163704954,-1.8810948127657054
92998,0.6049295191181806,-1.471962409369712
93299,0.6142142059029028,-1.4008549701338642
93598,6.801543338402196,-0.2004906641337152
93899,1.2850294605852575,-0.47006115989505504
94198,2.235302566874862,-0.25763619537397453
94499,2.4950930324185907,-0.48625708715646176
94799,1.5139905746037763,-0.5291504521570312
95098,7.828178731915571,-0.2440746332126602
95399,2.937494246937107,-0.12432601352815231
95698,3.6449440368705592,-0.12390062308014205
95999,6.624651300324354,-0.08612717033238027
96298,6.690614207245648,-0.08787052912097426
96599,5.72518307856278,-0.10426297218835678
96898,6.5182797316600025,-0.10793008165854379
97199,5.6803661470280575,-0.10492015761845486
97499,3.171148047441736,-0.1217931743446512
97798,1.5317734824255327,-0.25912931453957033
98099,1.6094194144070142,-0.3070807844318686
98398,2.837995035157923,-0.49449082140362566
98699,3.9909363292065345,-0.2691576756521996
98998,0.5813400334185883,-1.0384433303406682
99299,0.5837801055282932,-1.1148791699630594
99598,0.6085605077968117,-1.1224286587838752
99899,0.6013631547942423,-1.175243217941028
100199,0.6342168575465571,-1.2774745180622205
100498,0.6190386446993348,-1.3505704451309413
100799,0.6063566143292192,-1.135523221053087
101098,0.6408224373428533,-1.2906315998598523
101399,0.6549260728685711,-1.2211354419352198
101698,10.411177529386666,-0.2329116885940321
101999,0.7298680983011868,-1.664028779615124
102298,0.7094195927618346,-1.7513842144103862
102599,0.9846358098407931,-0.8932186720265467
102899,0.7003636502230655,-1.986672259182206
103198,0.7267575026188987,-1.9240024821494912
103499,0.6841341888170642,-2.1210086118518414
103798,0.691423885006879,-1.901483234775645
104099,0.6890111229513233,-1.9148306482856543
104398,0.7392197707725003,-1.888131946610644
104699,0.6998003153211114,-1.8022476901950157
104998,0.708177045163704,-1.4080938072802303
105299,0.701250976409329,-1.4634013804951742
105599,0.6825264939021299,-1.6544924103376792
105898,0.7565626544785187,-1.7077836176596422
106199,0.6475752068488917,-1.4132467065158858
106498,0.6570785194461138,-1.4038627528539909
106799,0.6848739439484288,-1.5119179512614007
107098,0.659781462196114,-1.4645211800791764
107399,0.7106458494491991,-1.4027874276348018
107698,0.7096220404252807,-1.4322107313176144
107999,0.7326627282779028,-1.4743932228771652
108299,1.0180675233422019,-1.1206409432882403
108598,0.7940255910119538,-1.3680327681508127
108899,0.816321117926051,-1.5325288591211828
109198,0.816957567750125,-1.3602042375511236
109499,0.834575308301051,-1.45123772378843
109798,0.8027559635603101,-1.4397261957178271
110099,0.8535886218658658,-1.4749214498733103
110398,0.8861388239471389,-1.3766037309254342
110699,0.8151008669584584,-1.5224016642427927
110999,0.8493138274885509,-1.5362941629696651
111298,0.864660584588088,-1.5761166962287514
111599,0.8213094906806805,-1.6358685310909156
111898,0.8296167858959584,-1.6794896518991278
112199,0.898519739963088,-1.5796024343311315
112498,0.8286929870070695,-1.675953409870385
112799,0.8676146985695694,-1.6427318345115425
113098,0.8844142784353104,-1.6704738634232048
113399,0.9112062402964212,-1.6739427267130704
113699,0.9118669292038286,-1.6403347834177833
113998,1.0024745259584584,-1.3330989713875456
114299,0.8870738860950325,-1.5636318663133828
114598,1.0040247831806803,-1.2784171598115281
114899,1.0014183934191063,-1.2832549925209347
115198,0.9521356415186434,-1.393244462961758
115499,0.977417692389014,-1.2884597577945285
115798,1.0279568748033656,-1.2783734880081594
116099,1.012259197037162,-1.2779613009002824
116399,1.0106400686297548,-1.206324720313253
116698,0.9259244204376249,-1.5290474648215286
116999,0.9510212196436435,-1.462013235668489
117298,0.9485521782825322,-1.4187068535386902
117599,0.8417710889584582,-1.761280452720798
117898,0.8597458350116991,-1.7060918319107858
118199,0.835677209287162,-1.8388068354993696
118498,0.8156404926552177,-2.002273548002753
118799,0.836457343412162,-1.8891910771825255
119099,0.8193608083936436,-2.053231152113382
119398,0.7757746674422547,-2.3987089206378642
119699,0.914670241553366,-1.4467901934867364
119998,0.7472493843576883,-2.8860775303953132
120299,0.9007693650834584,-1.6490536008494834
120598,0.809676664951514,-2.2218712497145834
120899,0.7610998107118552,-3.0328949428444734
121198,0.7961079801112361,-2.1541654297969832
121499,0.7319057057187995,-3.218446683162658
121799,0.7532182457002808,-3.265092692686184
122098,0.7338496856262069,-3.4211276069533127
122399,0.7083253696725031,-3.9180818865356466
122698,0.765387243322966,-2.864582935484132
122999,0.7111142529317623,-3.8506995985687764
123298,0.7034611560660218,-4.082628205041472
123599,0.6862888195984291,-4.673665169911673
123898,0.6998471010706513,-4.6604976004360426
124199,0.6541047919433365,-5.944556055992484
124499,0.6830839927326884,-4.759464485787718
124798,0.704741444586855,-4.109159693361828
125099,0.6518998662882438,-5.628920288933621
125398,0.6497601109664846,-6.101082824603434
125699,0.6589834000312995,-5.010958279275604
125998,0.6337758152002808,-5.416459706556197
126299,0.636377800825281,-5.4339891754980245
126598,0.6234503011725031,-5.8124862796575
126899,0.6024665381748179,-5.434959461504456
127199,0.6016877302905588,-7.259164929339212
127498,0.5816406501817624,-7.247452572362404
127799,0.5806978462442625,-6.951163473016411
128098,0.5615359261586144,-7.853212404540336
128399,0.588784906413244,-7.072395725541195
128698,0.5905181688854662,-6.659471945240521
128999,2.1055971513195693,-0.3012699042045408
129298,3.0028909224056104,-0.3081962800841531
129599,1.3110505989191064,-0.5867934390563934
129899,1.2956632363289673,-0.6922887869550896
130198,0.7318259317524398,-2.0003784149438126
130499,0.5862308996737361,-5.921830753599774
130798,0.6261420722061435,-5.459662214916593
131099,0.7700430302640139,-2.520509586476174
131398,0.6081942895811435,-5.099148704280143
131699,0.5499330919723473,-4.467936009003369
131998,4.855982412156826,-0.30759944017524066
132299,7.9986994082419,-0.27329286377414785
132599,1.210631539916792,-0.667468846005268
132898,1.1871905884167917,-0.7496254633161994
133199,2.1317016034926652,-0.40308209389762717
133498,0.9416801247223471,-1.2022684915567643
133799,0.6425747763010509,-4.313932339026757
134098,0.6035456293774399,-5.536992942475272
134399,2.172789955005145,-0.4010641832783124
134698,0.9378679830444994,-0.7193821853081768
134999,0.608777039775588,-4.559325641654031
135299,1.9956297544074806,-0.4150669976586814
135598,1.698978091132018,-0.44789183031749724
135899,1.4964259506486661,-0.5182349677011786
136198,1.7041567728068694,-0.6717601158021966
136499,1.3749158916810733,-0.5494168014270089
136798,0.4604758233303732,-1.4372557886284296
137099,0.4445096561660214,-1.0339240252391573
137398,1.177477092159587,-0.6215059764098934
137699,0.437490647400981,-0.7822740834468753
137999,10.179671185457197,-0.26606662933539527
138298,126.67086247171584,-0.31339744959691007
138599,0.4168943604347945,-0.14010003689653283
138898,0.4170562164218144,-0.06607403662054168
139199,0.4392053607042217,-0.08441711371436322
139498,0.9837235612366005,-0.9247309507366122
139799,1.2986130108269083,-0.5089565100746443
140098,5.568371516334167,-0.2768085584101181
140399,9.434562727985634,-0.21729732217736175
140699,23.659693683462773,-0.29872730129555647
140998,1.859158195794016,-0.2508583656418357
141299,0.6283366030646209,
141598,0.6283366030646209,
141899,0.6283366030646209,
142198,,
142499,,
142798,,
143099,,
143399,,
143698,,
143999,,
144298,,
144599,26.568048869146374,-0.29158148352283275
144898,2.7723581262854506,-0.49577343994093637
145199,61.3124975662039,-0.5967956016639291
145498,13.451712464750067,-0.6695620125921511
145799,5.253286651298807,-0.7037364967396464
146099,1.1942729640610326,-0.7166413762179897
146398,1.2436079314360322,-0.8465802219168175
146699,1.2590087029452917,-0.7666814535877939
146998,1.2360891684945008,-0.8111471796565239
147299,1.2187276420801487,-0.8323872459321349
147598,1.2020321813556116,-0.7888721021683047
147899,1.1654931780847786,-0.77148867471471
148198,1.1345390753262927,-0.8053310179925532
148499,1.0853264707410846,-0.8209394360014151
148799,0.9681202645491402,-0.8947093931858596
149098,1.2067376825483203,-1.420237247002774
149399,0.7311625966860699,-0.7543423759412469
149698,0.8155959470236636,-0.956294305585826
149999,0.5987523267875551,-0.5757436737274597
150298,0.6421696774764325,-0.6509450021410879
150599,0.6010043363514325,-0.5273331358537505
150898,0.7564114193831339,-0.8403145142280493
151199,0.5211198194251371,-0.3419748549709798
151499,10.98692234642373,-0.40870075470482625
151798,0.5553855187820167,-0.4222350159615058
152099,0.8971612707009695,-0.7347061050890187
152398,0.5146767308537761,-0.3341649166446101
152699,0.5255418393190537,-0.3905833578448643
152998,0.5262029676315536,-0.38438676845954856
153299,0.7012295959602576,-0.689860682503096
153598,0.7272483470158131,-0.9504859027702879
153899,0.5627802563097946,-0.5162044738532618
154199,0.659781638967202,-0.9493150745553742
154498,1.0857235744628277,-0.6384146906303092
154799,0.5806258281408131,-0.9709869494246317
155098,0.5865487247935908,-1.195841485352322
155399,1.3940966158838692,-0.6666073051410779
155698,0.5771231806199797,-1.0466712050318585
155999,0.5869196311222946,-1.1047669362151495
156298,0.9706346369232204,-1.0917462054051157
156599,0.6113717822634981,-1.159354913631926
156899,0.6239501989023871,-1.2339090296945692
157198,0.68962931562204,-1.4292163642724605
157499,0.7488428449970399,-1.3570387203422616
157798,0.7954768391066064,-1.245137332673424
158099,0.7737705369509982,-1.2444136118556655
158398,0.8177978887688981,-1.2462705973682273
158699,0.8627342546022315,-1.2161323265430388
158998,1.2307553443199626,-0.8515584056904382
159299,1.0145534225165835,-1.1490111464667452
159599,1.0021569812040834,-0.9967111184635014
159898,1.0405624145806278,-0.9459983910843079
160199,1.1737682594834056,-1.091427212000938
160498,1.0729494610142685,-1.0649683228324633
160799,1.0026851798684353,-0.9420968098073723
161098,0.9699927423661203,-1.0158069843022006
161399,1.0780244129263055,-1.0074566291269966
161698,1.2328514971739906,-1.0795215935670295
161999,1.3754264884540832,-1.0121550720287114
162299,1.5465692410142686,-0.9829301639493004
162598,1.625125633792046,-0.9943170413866529
162899,2.052442168120235,-0.5490037186807251
163198,1.2597739869072724,-1.0110714765916873
163499,1.1466299422735278,-1.1054206064417897
163798,1.1080234733036203,-1.1541262406490227
164099,1.2078159164286204,-1.0729126058988787
164398,1.1454317770860278,-1.1378856434424356
164699,1.2223947229911203,-1.1349678729991286
164999,1.168175181282787,-1.1138071622001817
165298,1.6118212664371094,-0.8257052400800153
165599,1.2972659285142687,-1.0653728267308442
165898,1.1967042138082502,-1.1348625517634137
166199,1.9685720455183835,-0.7931164136134554
166498,1.126400494606861,-1.1686293282302973
166799,1.2022254880767684,-1.1155010106642673
167098,1.202588998748065,-1.1650347977150104
167399,1.175968602910102,-1.1443063792626451
167699,1.4637852972062817,-0.6647723064548758
167998,1.0960026683172546,-1.3067073515541385
168299,5.01321937951976,-0.3335945915322991
168598,5.371343623547539,-0.30643414713402883
168899,8.924689688867478,-0.31311499985642754
169198,47.359115609243254,-0.37827588100803067
169499,85.59780686993598,-0.44097459850800647
169798,43.507051585741536,-0.5034523508580291
170099,,
170399,15.496398031236303,-0.4459958398640025
170698,0.967049144801051,-1.2093063512649271
170999,1.0536800666899397,-1.0229465129231246
171298,0.9258226062524398,-1.2601314674749955
171599,0.9442935813427176,-1.264573901960139
171898,1.2450752412889594,-0.7420824383905771
172199,0.9347907790348471,-1.2208677820023226
172498,0.8082971135718844,-1.8666282870813578
172799,0.8212481872223473,-1.7120242913643957
173099,0.8243396195371621,-1.7861503039189497
173398,0.8090012326529027,-1.9109957284373915
173699,0.8091496025695695,-1.9892897624719192
173998,0.698704115287162,-2.9817951757256744
174299,0.7423045247223474,-2.4074621601714505
174598,0.7587824863126249,-2.3797747067761996
174899,1.067808938687625,-1.0890341320631634
175198,0.7375106511413287,-2.4645138566339515
175499,0.7415646549029027,-2.3292434513880806
175799,0.6891420374769769,-2.1597545940469196
176098,0.7293652133033657,-2.1257426593181954
176399,0.7430011037732732,-1.8147976152240424
176698,0.7517275071644769,-1.5612503729791496
176999,1.8270610784834058,-0.49840531659024556
177298,0.7309741623890137,-1.6928426264425118
177599,0.7137823100047548,-1.7756474945619356
177898,0.6907184398288287,-1.5260814940955694
178199,0.7417320011531574,-1.387413190913294
178499,0.7073988031300092,-1.4788585285522102
178798,0.7255101536276943,-1.1813477237937886
179099,0.7434291270204427,-1.1797607206961405
179398,2.4928119692498623,-0.2872920543324995
179699,3.347657752180418,-0.36529321449560515
179998,1.2692719512688981,-0.7873970557411818
180299,0.7702548252758427,-1.2466608200360807
180598,3.116744551671814,-0.3639798075656955
180899,1.9640847330021773,-0.8410589506601112
181199,0.9281192396408129,-1.437277863495546
181498,1.3139347906940537,-0.6289090338760996
181799,1.1404953380134981,-0.8409771214244999
182098,0.8783708191269243,-1.0127189743924738
182399,2.359939243690004,-0.5878770196586116
182698,1.4283754779162734,-0.7397054635436267
182999,1.1518887963468316,-0.7234938499251977
183298,1.5789901236943067,-1.2168135716890403
183599,1.2693871481463512,-0.91927814343715
183899,8.999721235432686,-0.5946474712920664
184198,4.228838275959388,-0.41350913840125525
184499,5.263403014027955,-0.9388771812879706
184798,1.2904143616302475,-1.0557795803819112
185099,0.9502301688491437,-1.2254035122113467
185398,1.0155547398190512,-1.3538297909127475
185699,2.2203076486876894,-0.7739461207201717
185998,0.7072762566298187,-1.4284494049017868
186299,0.6808835525974115,-1.4388803372713173
186599,0.9812528325488002,-1.2771030735149838
186898,1.2961066959310905,-1.265335784201846
187199,1.0298880678246092,-1.2318083616746938
187498,1.2241138535352571,-0.7970930409867696
187799,1.962392728297782,-0.6817889872041445
188098,1.787808417854702,-0.4965179319547477
188399,0.6345254600601198,-1.2267059957810011
188698,0.6402429997554726,-1.2856436671672835
188999,0.6544499349410029,-1.4129934133950397
189299,0.6327309747742459,-1.339122585595243
189598,0.6585669843900771,-1.3190212039543665
189899,0.708967473366929,-1.6224878170195427
190198,0.6888082577581328,-1.3864061689707068
190499,0.7381349934849846,-1.571535681231396
190798,0.7646421266840586,-1.4744882375220918
191099,0.794640533542855,-1.555064660736813
191398,0.7858524970243363,-1.5176815723595691
191699,1.0183861756440538,-1.6264436070559025
191999,1.0526822778599843,-1.6051104908203828
192298,0.8782593791261883,-1.2873683143889845
192599,0.8806946096192438,-1.1858642227066385
192898,1.054191078630165,-1.5246941422490923
193199,1.5938185338269242,-0.6087724823764527
193498,0.9694936490812981,-0.9173244721683089
193799,1.425205876799355,-1.2940330469121721
194098,1.0822388447683537,-1.0294112398742996
194399,1.080026378254465,-0.986554573211013
194699,1.050050908239903,-1.0024920571103908
194998,1.0586153573421995,-0.9680116686206337
195299,1.1768676556889772,-1.1433702532467818
195598,1.058981418532014,-1.0255485285512442
195899,1.3296813334278474,-0.8074234868827828
196198,1.1338894841685883,-1.0510902080121265
196499,1.0594207252287733,-0.9907450545637146
196798,1.1413030973676648,-1.0485519518327657
197099,1.0475596012218316,-1.0440697605505576
197399,0.9846537569810909,-1.0745947437973915
197698,1.341940533916273,-1.068613171949063
197999,1.0557492540690536,-1.1570876287704444
198298,1.0565487822704425,-1.1771807512287347
198599,1.0360853530459053,-1.254821830757169
198898,0.9310589257959057,-1.2142928230830843
199199,0.8818312268375723,-1.274915835080987
199498,0.9119750701060908,-1.3746480106611636
199799,0.843842864254239,-1.4293634593261735
200099,0.8402871126312991,-1.5379205040590622
200398,0.8277459400641695,-1.7176708650724595
200699,0.8142897434646325,-1.6573578040570083
200998,0.8197474466761893,-1.7998001287271075
201299,0.9390823810618547,-1.3695482347779784
201598,0.8689050762641524,-1.6535367327889494
201899,0.806828129555819,-1.8117692502971448
202198,0.8880190026507263,-1.6637665167990896
202499,0.8889127720558189,-1.7876143325863008
202799,1.2943478285699626,-0.8373548353215199
203098,0.9271837651738744,-1.5117831608295944
203399,0.9681673096877633,-1.3398631861296866
203698,0.983663050891467,-1.3229373078984046
203999,0.9858974351623002,-1.3421536958008318
204298,0.9697652254308188,-1.380673239848548
204599,1.05854838536741,-1.2358108530759733
204898,1.0107010924391695,-1.257486057211675
205199,0.9172921499623177,-1.4998934026801232
205499,0.9514495580465595,-1.4350140367847035
205798,0.953640716707688,-1.3100198180006215
206099,0.9113695899331338,-1.4496694203846823
206398,1.026444187932225,-1.135443602926249
206699,1.1651879648127634,-0.8781889795233224
206998,1.1207695083775782,-0.8356667012358456
207299,0.9153728536752808,-1.3545427419285279
207598,0.9472262956498176,-1.4269472118546829
207899,0.9686052365234116,-1.1927758675593143
208199,0.9572105230664842,-1.2472411006215745
208498,1.0356544993636891,-1.0249109560791596
208799,0.8713024734530582,-1.5321172143105914
209098,1.0246444666243548,-1.0536417444928432
209399,1.1669171009910042,-0.7169747769868129
209698,2.55656390668711,-0.3045502942656746
209999,1.9201880320482212,-0.3301577258560888
210298,1.4060065415303558,-0.505058289375617
210599,2.578495664719515,-0.3579881949667596
210899,5.9834489893808005,-0.2779425156676907
211198,0.839485908494725,-1.6733499569729204
211499,1.6419552415159298,-0.5172933155150825
211798,1.3091079675829436,-0.7049604500075186
212099,1.8591693699949805,-0.5391951311814258
212398,1.1704121053035041,-0.7461311057455788
212699,1.1902229873474854,-0.6697905464418483
212998,0.7385970243531971,-2.9520357299362034
213299,0.6621140633832897,-4.543880536157411
213599,0.7027732142675489,-3.8335676973472816
213898,1.667732859775073,-0.4746830766146828
214199,0.7563226295766523,-2.806052102111036
214498,0.7600536287496101,-2.894650184974434
214799,0.8033774052317448,-2.475711592216382
215098,0.8011023801530411,-2.3411071424803698
215399,6.239359850958073,-0.5374995823274917
215698,0.6045101111637066,-4.577224547851499
215999,0.6187898378268256,-5.110116060614939
216299,0.6405812000780585,-4.723427551096239
216598,0.6037458629646324,-4.839471943411651
216899,0.6094257797863917,-4.974167123483867
217198,0.6176206582516697,-4.746550750089375
217499,1.6094053469211613,-0.45522174096003454
217798,0.855674286951907,-1.0987316031062813
218099,0.7758487145551657,-2.213914826769855
218398,0.592224427886699,-4.1533714265099
218699,0.5814782706760507,-4.397174059697574
218999,0.5702558581382436,-3.92733589059743
219298,0.5765114416019768,-3.506287344055714
219599,0.5709124822339212,-2.7592109967200154
219898,0.565875548281762,-2.982630128441997
220199,0.588446864233151,-2.9792965352773035
220498,0.5726878342562992,-2.3550737833018354
220799,0.5496581127516695,-1.9844179698204676
221098,0.5608279434507435,-2.0535737514325314
221399,0.9392570972678731,-0.6150142481404446
221699,0.5799630290780584,-1.739006036756468
221998,0.5341507218164843,-1.498223002581058
222299,11.97422172498972,-0.2215845806072465
222598,48.1559451027878,-0.3160716359319917
222899,38.86190411019983,-0.3060467509986837
223198,59.76112095516784,-0.24351972906568187
223499,30.845376292091018,-0.2374931694518616
223798,34.27144826341972,-0.23820689163731767
224099,41.54233269589899,-0.2721660708527107
224399,44.458386693589404,-0.2617022283763817
224698,61.27281830410046,-0.2556589528642552
224999,108.99135320281624,-0.27438567444838724
225298,161.91962806594233,-0.28706605063613666
225599,113.45473832185725,-0.2866147037124023
225898,109.68567634731806,-0.23926062831373374
226199,111.96004991521157,-0.2840307075793611
226498,65.98773056968894,-0.28161142785756166
226799,0.6283366030646209,
227099,0.6283366030646209,
227398,0.6283366030646209,
227699,0.6283366030646209,
227998,0.6283366030646209,
228299,0.6283366030646209,
228598,0.6283366030646209,
228899,0.6283366030646209,
229198,,
229499,0.6283366030646209,
229799,0.6283366030646209,
230098,0.6283366030646209,
230399,0.6283366030646209,
230698,0.6283366030646209,
230999,0.6283366030646209,
231298,0.6283366030646209,
231599,0.6283366030646209,
231898,0.6283366030646209,
232199,0.6283366030646209,
232499,0.6283366030646209,
232798,0.6283366030646209,
233099,0.6283366030646209,
233398,0.6283366030646209,
233699,0.6283366030646209,
233998,0.6283366030646209,
234299,0.6283366030646209,
234598,6.459834473204015,-0.6271749023085118
234899,58.0107877725465,-0.3744548737606139
235199,10.94118271912288,-0.5931052280732274
235498,18.060420757407602,-0.3954363558149785
235799,15.007880795460839,-0.4489013574526539
236098,13.482990733842785,-0.4412024013276843
236399,1.9672397643712176,-0.9864670668388369
236698,1.7286772118201652,-0.9040818047925077
236999,2.1673088860308134,-0.9906802767889498
237298,2.0117247107947023,-1.022286173060618
237599,9.892518335808063,-0.561768014286522
237899,1.9244205614713528,-1.3522039262412164
238198,1.4716252259429017,-1.0557390774954842
238499,1.420625134118145,-1.1428937700656938
238798,12.309774038518041,-1.6351890466112668
239099,33.713423320588156,-0.5705816077806858
239398,6.609391159882153,-0.3987428278152345
239699,4.894663127348014,-0.39370510179435847
239998,20.10060744179027,-0.38683820884508613
240299,8.016704593246551,-0.7644670140514997
240599,2.3105657590458257,-0.36419054755196845
240898,4.518341393887314,-0.6428717386959073
241199,13.194204665055892,-0.3743711868538344
241498,4.287918856155833,-0.49289312295403476
241799,3.2527887468965733,-0.4254813936584405
242098,0.9367558541467971,-0.6344994144989109
242399,9.203893728264648,-0.6632091611833542
242698,14.741949439398686,-0.7378901758036764
242999,18.57214543382988,-0.5346797400704648
243299,22.01828322596414,-0.6509199147520364
243598,23.38859239464595,-0.5906481680395641
243899,14.495528981028112,-0.486144733315397
244198,16.248100094359973,-0.6333928858487752
244499,24.310384157473393,-0.4677133563812941
244798,42.75869034284101,-0.3023270987315949
245099,34.99660711788544,-0.682554103913867
245398,35.4500770312396,-0.6246306657208363
245699,29.313154563834512,-0.387005198670352
245999,24.93362550634609,-0.4754468109687555
246298,58.15445688938544,-0.36096454822849466
246599,59.682410635660894,-0.4364346321761854
246898,89.32339735315857,-0.262165798882684
247199,50.0727625326853,-0.43384799176878475
247498,35.814926857223405,-0.6532180782946799
247799,3.4948034630967513,-0.32944787025655864
248098,45.3980902433484,-0.24692724836699753
248399,19.76806636613901,-0.31127673060376404
248699,13.190350251259595,-0.4409780616215897
248998,5.890183291676335,-0.6530749444053605
249299,6.966341015000319,-0.5262698439806399
249598,6.799299795870689,-0.5651246862473462
249899,8.86540483396141,-0.48984622514317877
250198,8.177557256817888,-0.5471315022594119
250499,9.784530721570203,-0.5671096719484912
250798,10.222235614146596,-0.5260651019162768
251099,12.338249938350298,-0.5302315507679796
251399,11.496330672572519,-0.5187457669027689
251698,10.251328975308631,-0.49694359692246626
251999,12.874313980878071,-0.3307758731540269
252298,12.013110058234977,-0.4305645157507074
252599,14.097685463336827,-0.3427447643684203
252898,5.077726147255792,-0.464706131346011
253199,1.110829835343874,-0.6122816266065869
253498,0.9504222941567302,-0.613981634724337
253799,2.0816670135395423,-0.3756130794177015
254099,1.0528802363038758,-0.6673292654337017
254398,0.6283366030646209,
254699,0.6283366030646209,
254998,0.9805495220850674,-0.708326817202283
255299,0.6283366030646209,
255598,0.6283366030646209,
255899,0.6283366030646209,
256198,0.6283366030646209,
256499,0.6283366030646209,
256799,0.6283366030646209,
257098,0.6283366030646209,
257399,0.6283366030646209,
257698,0.6283366030646209,
257999,0.6283366030646209,
258298,0.6283366030646209,
258599,0.6283366030646209,
258898,0.6283366030646209,
259199,0.6283366030646209,
259499,1.3727658304841759,-0.9439258080661712
259798,1.1942948350489908,-1.0092868814255835
260099,1.192345829046676,-0.9764216890267694
260398,1.1800929445906574,-1.0414896315534419
260699,2.002749903999862,-0.5151308783799149
260998,1.2199511948653499,-0.9637267050229203
261299,0.978696777189424,-1.2842873098264307
261598,1.0183155062519242,-1.1692942913000786
261899,1.0116992395111835,-1.3246779483618898
262199,0.9135205922866463,-1.4720191811996242
262498,0.9868195978746096,-1.3965766447455432
262799,0.9172041788812992,-1.4266200006803107
263098,0.8846968166544473,-1.502567634121573
263399,0.8691210503604659,-1.7100296880980141
263698,1.226208683407017,-1.19114112193368
263999,0.8255061461428733,-1.4480212626616376
264298,0.7958073565111835,-1.631403781634325
264599,0.8007828570664842,-1.5637622237599058
264899,0.8478456942357205,-1.5167837607642563
265198,0.8168538373236834,-1.4465882251042275
265499,0.8057823838812991,-1.4746990321804745
265798,0.8251513355968315,-1.397553721207876
266099,0.7693319707102575,-1.3166040169126068
266398,6.981362259622764,-0.31001272573705685
266699,0.9721612173236834,-1.0715371759914074
266998,0.9930736342634984,-1.034328011041863
267299,0.8431263270111834,-1.0037542408562432
267599,0.8597868566547019,-1.1422493251796118
267898,0.8756436896963685,-1.038958165678983
268199,1.0446948327565537,-1.0010898771713639
268498,1.8965080377815724,-0.9055962591502311
268799,1.4471831278116651,-1.2768527291461904
269098,1.9699081474043665,-0.8587729015127874
269399,0.9014019199648872,-1.0749278801778965
269698,0.8825993387380352,-1.001025124952574
269999,1.2811868837820166,-0.8857204183740282
270299,1.945320951122292,-0.8653659518501531
270598,1.133419427780608,-1.1760708898754042
270899,0.8853639339185883,-1.0023301328465952
271198,1.309386082083849,-0.8857368207997984
271499,1.6464706548602737,-1.0606423548561414
271798,39.69555961436825,-0.39872475988836253
272099,0.9663619083514585,-0.8942964464735053
272398,3.1181712137616446,-0.348979906066915
272699,0.8526448938983373,-1.084325524011902
272999,0.8203935162641683,-1.0528163271379776
273298,0.7990712911021316,-0.9239914671965248
273599,0.8497329144979647,-1.006385474800465
273898,0.8602776291437981,-0.9910220443075721
274199,0.897257814146113,-1.059888868475673
274498,0.826412392157687,-0.9681361466552201
274799,0.8438798472155573,-1.0446412700506311
275098,0.8762560036831499,-1.1306532973256367
275399,1.133541294831788,-1.0185456544259446
275699,1.0331742399544732,-1.3593093142827812
275998,1.176520118379746,-1.5440683912186666
276299,1.2287027781436344,-1.3498490573095534
276598,0.9513720456628066,-1.2046109685897157
276899,1.5009500649104919,-0.9799444536387485
277198,1.3433770296089127,-1.2486978280409566
277499,0.9093154112553994,-1.1392015786502916
277798,2.1072461306095915,-0.6464207254292453
278099,0.9644651310007695,-1.1848776391596183
278399,1.0171979258410475,-1.146539623704459
278698,1.2277478689336399,-1.2985492869961375
278999,1.1101739706905844,-1.177227276834917
279298,1.1940165944382697,-1.2601247061489644
279599,1.3205224213364177,-1.1646965167723895
279898,1.692421824965394,-1.30084657293542
280199,1.4931324716763896,-1.1270453677589543
280498,1.3953939107531357,-1.0756748054921768
280799,1.6938142544025092,-1.131099817102562
281099,1.7788626463596435,-1.0735080743832563
281398,1.8310515936744582,-1.0658435550919343
281699,2.1326834790378846,-1.0978313605451655
281998,2.1583211216374214,-1.11649520130596
282299,2.396293598767051,-1.0935311149110838
282598,3.4142823171466805,-0.9979130493078869
282899,2.399473458368903,-1.05978894792008
283198,2.7358607857624215,-1.0880249574253211
283499,2.476172712132791,-1.041013175059196
283799,3.1076510324915882,-1.090090642326861
284098,3.071053823123533,-1.1253882583900672
284399,2.942574375637421,-1.0756844482314785
284698,3.5877259310263097,-1.0352347897919212
284999,3.067540166940662,-1.0484890593344192
285298,3.6974592663758474,-1.0085888250533643
285599,3.7065126443295515,-1.0565196254451692
285898,4.532960059878161,-0.9975697549338953
286199,4.365293536683718,-0.9696267631412909
286499,3.8862181643110327,-1.0296543733412173
286798,4.205450018209181,-0.960474469281374
287099,3.5805721607485332,-0.9642985111990132
287398,3.020980041436032,-0.9791871435806268
287699,2.6418683468040873,-0.999271955475145
287998,2.6322880946189025,-0.976059512974701
288299,2.055818131957464,-0.9782228533843118
288598,1.696980453885638,-0.9818159660187853
288899,1.757898808555996,-1.004008200445064
289199,1.7599849257107192,-0.9564727605376828
289498,1.4647675488107006,-0.9890086280959243
289799,1.660902488370886,-0.8109986446853501
290098,1.4860000070484736,-1.0722096065200457
290399,1.421668193900325,-0.9454533408356003
290698,1.4307262365977378,-0.9778864470228839
290999,4.450501744644634,-0.5100712258848239
291298,1.3116015511741266,-1.0413323340981933
291599,1.2091536681972748,-1.0536452609596854
291899,1.2262393668732032,-1.079620945126412
292198,1.2839545764194993,-1.0802313864654045
292499,1.4483122865699622,-0.9811530671885855
292798,1.7746978957991293,-0.8722407679418431
293099,1.4142582635028331,-0.9854338889305434
293398,1.4814705729542217,-0.9570440954916721
293699,3.5035343991516217,-0.689873819631835
293998,1.6957148579634809,-0.8558172661717833
294299,1.4677368894009808,-0.938022382787864
294599,1.5882879596394068,-0.8769376094929011
294898,1.7924609984958881,-0.7540437155791455
295199,1.374120552566739,-0.9731251152891607
295498,1.4953212374727403,-0.9119040852726976
295799,1.7885731899903499,-0.8865397715625465
296098,1.3789126430759981,-0.9084664253012924
296399,1.2884592028861834,-1.0528457640626385
296698,1.2702738305852574,-1.0778649014251678
296999,1.3656317474394242,-0.9455630232774894
297299,1.5362009536949623,-0.7995063452187037
297598,1.2888432310883429,-1.0020299173951948
297899,1.361546577787555,-0.9123114528187697
298198,1.2098403483121094,-1.070006982816993
298499,1.1992366308722946,-1.0694637591082459
298798,1.2338269142843314,-0.9771716309537737
299099,1.2403680490320168,-1.013583242960575
299398,1.0909999610690537,-1.1262301502028684
299699,1.0744882752704428,-1.1809717343236437
299999,1.1078716224218144,-1.1622037531416303
300298,1.036730373824592,-1.2603699986400736
300599,1.1524301647852404,-0.9867296102149914
300898,1.082137566713481,-1.110419791776688
301199,1.007583462961166,-1.2338653042561405
301498,1.0095292888083884,-1.248869868268799
301799,1.050187437671814,-1.266689505776124
302098,1.0559023141394068,-1.3580208087229009
302399,0.914975083313018,-1.4355211235558727
302699,1.3446621588199623,-0.7405650150522911
302998,0.8522421604958884,-1.4809428348406346
303299,0.8317781268130182,-1.5699272223224816
303598,10.631647490107618,-0.4672847102708271
303899,4.564929478904618,-0.4634805062319869
304198,0.8004771763083884,-1.55514987096443
304499,0.8150436694704255,-1.463133468851963
304798,0.7766217044819993,-1.4843498523986622
305099,0.8101515703306279,-1.4535446835798753
305399,0.8186585304843144,-1.5469304900851846
305698,0.7817531604903502,-1.541179085740421
305999,0.8198709523977574,-1.3814331665063886
306298,0.7719029706523872,-1.3900327915236823
306599,0.8013378684371093,-1.4094328393432414
306898,0.7839544718306278,-1.305207627561162
307199,0.7832819777658131,-1.2878562605175419
307498,0.8364039675227577,-1.3687178425166162
307799,0.8065538327820166,-1.1741012001274855
308099,0.8079442153329426,-1.1761312025804456
308398,0.8244629687519242,-1.062977184363433
308699,0.8366613341685907,-1.01288556757393
308998,0.8109380972866462,-1.0644797330981173
309299,0.8124224680134984,-1.0533884797825857
309598,0.7870849491315538,-0.9790131836364473
309899,0.7502366524347946,-0.9468558890559275
310198,0.8099917768708884,-1.2231305697782777
310499,0.7614464194440537,-1.033588910986464
310799,0.7378158663824624,-1.0594067732141155
311098,0.706765221092202,-1.0914381899704697
311399,0.7074884876880154,-1.0691232872670677
311698,0.6806985281361833,-0.9814851278963526
311999,0.6797737392009955,-1.0115248689607577
312298,0.6756500045435883,-1.0063351826148352
312599,0.6947946907968118,-1.0322614299410469
312898,0.6912295346972747,-1.0941401027124362
313199,0.6917857099889413,-1.1150798254384555
313499,0.702306246231997,-1.310144860839313
313798,0.6926381998593117,-1.0945063133394326
314099,0.6597788201370896,-1.1411532371049176
314398,0.735880146493571,-1.2450731294922148
314699,0.6963587879148673,-1.0677812445993409
314998,0.7874735870607006,-1.1992793937678337
315299,0.7440480381394042,-1.0877947549833502
315598,0.9991360202898671,-1.2861972958825096
315899,2.5195665342217577,-0.3045484290939644
316199,2.9941270755439824,-0.4015145922699326
316498,0.9699944823194249,-0.9752678728453441
316799,2.6431192394521474,-1.0203675695884877
317098,110.48204113859839,-0.2517859333341035
317399,74.30053389260998,-0.26614624026665457
317698,94.68560073001565,-0.1489998896329674
317999,102.23876276098093,-0.22983298011229558
318298,52.70241375517306,-0.28740668495599353
318599,64.68762571016379,-0.220270779663005
318899,39.57236376004111,-0.2710544418197596
319198,0.6283366030646209,
319499,,
319798,0.6283366030646209,
320099,1.8166732059985324,-0.9272296558386042
320398,14.433131347414546,-0.7821364049935604
320699,20.199852914183065,-1.159610987170805
320998,15.076488190511766,-1.0404562584219383
321299,40.48092738636362,-0.9411259865629213
321599,15.545378950430749,-1.2128674396281514
321898,23.34394250122473,-1.3577637406306255
322199,10.59902985418538,-1.3087804827330283
322498,5.368213145003162,-0.8361697801253261
322799,6.747779505028625,-0.9906991245706667
323098,6.689777332989273,-0.9040080088854114
323399,8.837170080868248,-1.0376205229892732
323698,11.631402745822605,-0.9378624079100402
323999,13.027012982639738,-1.0320787053515694
324299,14.053632879183716,-0.9393572438585454
324598,11.306943812162883,-0.9576795087767129
324899,11.781495475778623,-0.9663483298785212
325198,11.079526422669828,-0.9397313917825203
325499,9.744462951447607,-0.9428138844208847
325798,7.3070501589267725,-0.959493939245422
326099,8.480237137313345,-1.340113588759797
326398,14.182057761446952,-0.9389618828946109
326699,5.866903729696954,-1.2481972372403338
326999,10.20224091285899,-1.1607297344353298
327298,11.559905701477046,-1.2802054630665967
327599,8.99083621941686,-1.3745418066595558
327898,19.94471537084047,-1.039953347062597
328199,45.46280448441917,-1.4199491387752072
328498,11.533686515437694,-0.7861537842563209
328799,13.762447927727045,-1.0205137871245835
329098,8.01781609679053,-0.9182728843913173
329399,4.497117732667208,-1.235984630694722
329699,28.84032428973573,-1.1980135253158481
329998,31.048819519808067,-1.2753070200069367
330299,10.664192492961826,-0.8832512249777584
330598,,
330899,0.8679670540347888,-0.3835009854837874
331198,1.3213780577769376,-0.4502631390301466
331499,2.657116579427064,-0.7706410869168019
331798,,
332099,0.8358306132714683,-1.2234467900023742
332399,1.6910923110159937,-0.25839633236882875
332698,15.77031131469637,-0.6074263333128618
332999,8.832291412940355,-0.8014712246839373
333298,18.477716214527298,-1.0636034682849895
333599,11.426964854694981,-0.6920797496711841
333898,15.90511259500938,-0.7147132426672775
334199,30.82962452144927,-0.8232718568465991
334498,38.54024404657427,-1.0134797443810712
334799,40.136424937444644,-0.7508026048422582
335099,24.434908062602187,-0.7202912724737063
335398,19.88001597297314,-0.861587479680737
335699,14.558418970859716,-1.016208412495189
335998,7.572726944479377,-1.1173982535927287
336299,1.0191151914069367,-0.3977272995991279
336598,3.0605000904613857,-0.7934709106862923
336899,0.6283366030646209,
337198,0.6283366030646209,
337499,0.6283366030646209,
337799,0.6283366030646209,
338098,0.6283366030646209,
338399,0.9058478418887537,-0.8206258403435724
338698,0.6283366030646209,
338999,0.6283366030646209,
339298,0.6283366030646209,
339599,0.6283366030646209,
339898,0.6283366030646209,
340199,0.5642736474857879,-6.451562786402436
340499,0.9515681086646084,-0.6213575924472823
340798,0.6283366030646209,
341099,0.6283366030646209,
341398,,
341699,0.6283366030646209,
341998,0.6283366030646209,
342299,0.6283366030646209,
342598,,
342899,0.6283366030646209,
343199,0.7331342168493094,-5.680326059063374
343498,0.6283366030646209,
343799,0.6283366030646209,
344098,0.6283366030646209,
344399,0.6283366030646209,
344698,0.6283366030646209,
344999,0.6283366030646209,
345298,0.6283366030646209,
345599,0.6283366030646209,
345899,3.3541341780081058,-0.24460494708303715
346198,2.5203350870234478,-0.23972258111817335
346499,1.8505764484772316,-0.7960248859417713
346798,1.709249811657787,-0.8227307763769995
347099,1.550565866743435,-0.9343535709670048
347398,1.4857866996184352,-0.9326647436864208
347699,1.5017388177688984,-0.8861467740814202
347998,1.5633442734401943,-0.8032279485173979
348299,1.3761326022804723,-1.0400942848442196
348599,1.4248381484795463,-0.9506660365964328
348898,1.462460867798991,-0.865062258466682
349199,2.138274281749865,-0.5574631045443306
349498,1.3548354645026945,-0.9328477574552989
349799,1.2193564815536204,-1.0567022361449974
350098,1.1818561269749166,-1.106552143811732
350399,1.1737567798753794,-1.0875087798829464
350698,1.1869246346176647,-1.0394047546220198
350999,1.177857013527387,-1.0731817731710205
351299,1.0336609490736834,-1.2406995642907286
351598,1.0286139450158132,-1.286000896089842
351899,1.132295996691739,-1.1014493076097738
352198,1.0396567285250724,-1.230101150119257
352499,1.3011406538517167,-1.0331373770154997
352798,1.0280577289602575,-1.133024524114369
353099,22.247766894070182,-0.29468498518494823
353398,1.020403202589887,-1.1283227500050437
353699,1.00563719255285,-1.1618147847134073
353999,3.253746921962825,-0.35324083799199424
354298,1.0685865236871093,-1.1139360697463987
354599,1.1007410261547017,-1.0605372250882352
354898,1.1933429914579425,-0.9683397390795001
355199,1.2183982904899058,-0.9147590195194004
355498,1.2686194521172203,-0.9264137158872494
355799,1.306916484735276,-0.9546960801111615
356098,1.446479549256365,-1.2784540421032586
356399,1.3223735360319417,-0.9257929945236278
356699,1.4292650219833307,-0.9736781218446213
356998,1.2565785255593505,-0.9104327556087073
357299,1.4614657697134357,-1.0629281596702485
357598,1.478704290647996,-0.990811556944138
357899,1.4385049997040176,-0.9180237413557402
358198,1.5930505116902967,-0.9518300866100313
358499,1.6849796709165303,-0.9638544855310938
358798,1.589902831351694,-0.9639971034870085
359099,1.7775234868834895,-1.0000264621918666
359399,1.7164812857446003,-0.9874323819462676
359698,1.7245626328169419,-1.0156301317561582
359999,4.373173939486304,-0.5626021920362259
360298,1.6193300334072198,-1.0566491548839885
360599,2.572249084141142,-0.8692080990933118
360898,2.2052485029512017,-1.2802369881664704
361199,1.6620081603865127,-1.0786843352740116
361498,1.5402636684791053,-1.0007943377872484
361799,2.9561482253173237,-1.2231144691845626
362099,1.932020655282346,-1.1220109280844461
362398,1.836856515367994,-1.1178921905888273
362699,2.069149229661976,-1.1241609401994825
362998,2.163538479592531,-1.0718985064307431
363299,2.899185867794829,-1.1279374765353207
363598,2.384832613259198,-1.1474644754732513
363899,2.421881066275402,-1.115963877506989
364198,2.7961017896828095,-1.139766670228631
364499,2.397176702467787,-1.218364925185846
364799,2.1805857696744586,-1.1825690513381693
365098,2.835625545530286,-1.1888739837044007
365399,2.683601738884453,-1.2819517653722499
365698,2.2391106883712175,-1.1855441399506055
365999,2.061966406019366,-1.1496710153634195
366298,2.9124169026646642,-1.4145680246975743
366599,2.3136504531999216,-1.0641839825158508
366898,2.1323089522948284,-1.1130345215732178
367199,2.3449966441050143,-1.1245326923166057
367499,2.702788757139736,-1.159539273359993
367798,2.6006353171605694,-1.1217593600842002
368099,4.1034800681790875,-1.193741328395737
368398,3.2434677076790877,-1.1141808246681082
368699,3.1153578148179766,-1.1225294850696748
368998,2.909175230991588,-1.1176967828991353
369299,2.6984231956327918,-1.0930548281470207
369598,3.502862770716125,-1.037775377706077
369899,4.958654263928435,-0.9574088125672451
370199,3.701054270028625,-1.0760615610917053
370498,11.111794308940008,-0.35111962184464063
370799,5.876036985081212,-0.7462496984260643
371098,7.490141514694638,-0.6342709994564233
371399,6.738045435849731,-0.8581664917600609
371698,3.9880683407207544,-1.0804034679933294
371999,4.3486633559105705,-1.1149708047345706
372298,13.44796894321489,-0.27124889495451643
372599,14.75729477217785,-0.28982585893939894
372899,9.008017821717786,-0.5007106192913195
373198,11.169429779251926,-0.3421344649899465
373499,9.93928911868075,-0.5909303453207928
373798,12.670861891833527,-0.3497655154652892
374099,8.07377592584973,-0.9877576738272336
374398,7.807339413782602,-1.086747474931291
374699,11.322210901963153,-0.727419539704727
374998,7.235442866099731,-1.2112465211909376
375299,6.228438324539545,-1.272169104202916
375599,6.446640514335843,-1.0488560852574742
375898,8.41292189116686,-0.9937474748392676
376199,6.669921779074269,-1.1106774851925505
376498,4.34111065211362,-1.0933121514104154
376799,6.324223414736305,-0.8145772414195833
377098,3.5230270490879017,-0.9066947311492006
377399,3.719979731143457,-0.8931247465690317
377698,2.832429688821697,-0.9318625366551438
377999,2.1907084988797263,-0.9987019609647205
378299,2.572701257284236,-0.9240462528541746
378598,2.1856425550490934,-0.9380409967301131
378899,2.3306176161671486,-0.9296838023385836
379198,2.336586990229649,-0.9320899312096502
379499,2.3188741275259477,-0.949858570975064
379798,2.340523654187985,-0.9433247260976754
380099,2.774753442347707,-0.8769810127852158
380398,2.487456690215762,-0.9242551802905299
380699,2.619332293146318,-0.8895490496658125
380999,2.6968663288268733,-0.8813017521312645
381298,2.660609815755114,-0.9051474977598319
381599,2.3011229190699285,-0.9317779855699337
381898,2.3044295976440026,-0.9580792162765328
382199,2.718422207558355,-0.8208859510505024
382498,2.7386551731509474,-0.8812498777892055
382799,2.790430002035207,-0.8584346996760319
383098,3.1009074975606694,-0.7753600596737358
383399,2.890852451861596,-0.8101791780283125
383699,3.199294748553725,-0.743488883111614
383998,3.0853819942782628,-0.7475579742253504
384299,3.1490936984518734,-0.7126851127628762
384598,3.38908371831144,-0.6346816119906369
384899,2.7712699129017175,-0.7382348286498237
385198,2.7938474733876584,-0.6986179626729783
385499,2.6553744651538613,-0.6923631705233282
385798,2.385109032554484,-0.7669876253504924
386099,2.2538203709726954,-0.7865947082169138
386399,2.195240535507249,-0.8169316217517091
386698,2.1500565482194416,-0.7651720145953818
386999,4.407408908146085,-0.47777201319644025
387298,2.8207998946407375,-0.6053166440924913
387599,6.365753571303279,-0.8139810760353359
387898,14.845065284222535,-0.23860162748205416
388199,1.6559169587133424,-0.8702340186818018
388498,2.037350233498065,-0.620922016773034
388799,1.828110692329083,-0.7569806828423462
389099,1.4365717088499168,-0.9133021558926093
389398,1.4762563050767685,-0.9872072688985134
389699,1.6575911781454427,-0.8444837114266268
389998,1.609012364092202,-0.9035457091912766
390299,1.438367741569054,-0.9725573009361688
390598,1.791586219274628,-0.825137885290971
390899,1.4924742928514612,-0.9946448437683266
391198,1.42538780081398,-1.0486596967340724
391499,1.410499446432035,-1.090671552987494
391799,1.4350225063000908,-1.0364480951059933
392098,1.4580661335570353,-1.0260516220082163
392399,1.4441449609621282,-1.0697581401152871
392698,1.3477986243255535,-1.0223750963483513
392999,1.348025656337128,-1.012343504493967
393298,1.2635545025431465,-1.051859609617897
393599,1.255848489860276,-1.0046209287388237
393898,1.1755424662797018,-0.9903620959015718
394199,1.2472373374065724,-0.9466357436077597
394499,1.2099874635297019,-0.9915153836316131
394798,1.1650536134324796,-0.9990338268101047
395099,1.1563098174533128,-0.9416257119016884
395398,1.2848624939667577,-1.0128195283118568
395699,1.130244531200998,-0.9153005328809687
395998,1.1208736476963688,-0.9743124302080703
396299,1.1390299556292391,-0.988578467410153
396598,1.2558894079088874,-0.9829980801030531
396899,1.2609405035871282,-0.9446723364812761
397199,1.2593849447908316,-0.9385875923163463
397498,1.3244726763861083,-0.9660909326963658
397799,1.260555126834813,-0.9117110112654738
398098,1.2343300856499972,-0.9359746018658113
398399,1.2099165033444415,-0.9291365840727948
398698,1.1810262358440724,-0.9342999277758142
398999,1.1389432252856613,-0.9411247427605893
399298,1.1939780150315724,-1.0950438097917266
399599,1.2617754892190727,-1.1071113037302145
399899,1.0401025175320169,-1.0048340333638284
400198,0.9368470698676651,-0.9429458451219557
400499,1.455229091737846,-0.8103301557152103
400798,1.1144349716084057,-1.2498056791735417
401099,0.9700463371602377,-1.1534063542394457
401398,0.982293280530608,-1.1445896371540862
401699,1.002356363933386,-1.1901790683823381
401998,0.9230099547181081,-1.0261982749802074
402299,0.9546745534009783,-1.078402123758377
402599,0.9350837599565338,-1.0597608086292563
402898,1.0074710717111635,-1.2764267249811572
403199,1.444357474150534,-1.1880153645041807
403498,1.5430331906759969,-1.0591288945455468
403799,1.2348918370556268,-1.075505100773027
404098,1.3205651246962955,-1.3562057207866784
404399,1.0912767585886574,-1.5192419146484522
404698,13.075625669380807,-0.562717285067563
404999,42.535474617820626,-0.22309636811297562
405299,,
405598,,
405899,0.6283366030646209,
406198,0.6283366030646209,
406499,0.6283366030646209,
406798,0.6283366030646209,
407099,0.6283366030646209,
407398,0.6283366030646209,
407699,0.6283366030646209,
407999,0.6283366030646209,
408298,0.6283366030646209,
408599,0.6283366030646209,
408898,0.6283366030646209,
409199,0.6283366030646209,
409498,0.6283366030646209,
409799,0.6283366030646209,
410098,0.6283366030646209,
410399,0.6283366030646209,
410699,0.6283366030646209,
410998,0.6283366030646209,
411299,0.6283366030646209,
411598,0.6283366030646209,
411899,,
412198,2.998666119735271,-0.524909988768804
412499,47.61606417077103,-0.5755108912807188
412798,52.05785298132889,-0.8074302562208278
413099,34.177524788960845,-0.8052869781981546
413399,39.26195657401176,-0.6154349729003203
413698,14.95099538695918,-0.8930580401914636
413999,12.038297858291862,-0.9691154525169241
414298,13.868326747660568,-0.9164653210262528
414599,13.795972890767048,-0.936458216714873
414898,11.18339695178557,-0.8551389908507459
415199,12.210835231183063,-0.8075245374064282
415498,12.702492701287882,-0.9242186286807408
415799,16.118602820414548,-1.1860379080767678
416099,62.71214990825945,-0.6143068118903394
416398,7.915462679412578,-1.5070016418072933
416699,,
416998,0.6283366030646209,
417299,3.000149789972522,-0.37743459101156107
417598,57.49060195409048,-0.6720615322027323
417899,1.326373289916087,-0.5311765298324167
418198,,
418499,1.9448107613143444,-0.49227318294652167
418799,1.023268377452129,-0.30389109577673823
419098,16.71293009040218,-1.1804287540585472
419399,4.806766359478032,-0.9946631309016556
419698,,
419999,,
420298,0.9443551454140287,-0.6069790757630704
420599,0.9074983638009696,-0.6848655501428793
420898,,
421199,,
421499,,
421798,0.6953695567043388,-1.0730498826117634
422099,0.6283366030646209,
422398,0.6283366030646209,
422699,0.6283366030646209,
422998,1.0295821485957126,-0.4703323250544853
423299,0.6283366030646209,
423598,1.5077469534904673,-0.4439439214453049
423899,2.456754847423002,-0.4209116551159009
424199,22.03944606277929,-0.5405886647381053
424498,11.58797593645753,-0.5330603109030008
424799,25.31068500515892,-0.6008386688745984
425098,23.36754334441123,-0.5810423609904785
425399,25.16204336769595,-0.6191247971813936
425698,29.907432587524664,-0.5591034026791606
425999,25.40333417761725,-0.7346645815840096
426298,26.147803875017715,-0.8212930987597697
426599,22.66477048883716,-0.756054206913249
426899,20.05445848187882,-0.7084482731338808
427198,23.77985039381864,-0.6414117952543947
427499,25.78125989554549,-0.6489394541052036
427798,23.67546557508947,-0.7885089464832111
428099,26.065266636619565,-0.6559075424359069
428398,25.75345480172836,-0.7523615025737183
428699,15.24562763905515,-0.5915391253071944
428998,24.90768804475151,-0.6625886896084536
429299,28.07595971747297,-0.6668466395863144
429599,21.99580249431864,-0.6663774456220259
429898,30.465872892851046,-0.680229050280311
430199,34.636789925381144,-0.6464332104903567
430498,35.11977997666818,-0.5248452400500068
430799,30.215337511925117,-0.5265936745023381
431098,36.72562695953778,-0.5645220692780515
431399,33.56379720588731,-0.6046629548967686
431698,28.310426481938237,-0.5529541745364159
431999,25.835056017007688,-0.6221780494674147
432299,4.943572774389654,-0.48952703507270057
432598,8.180665661052835,-0.46861902024482305
432899,0.7410321553026399,-0.4030930595868403
433198,2.1195583498957635,-0.44480892836696184
433499,,
433798,0.9711719069739362,-0.4637747220251811
434099,0.6283366030646209,
434398,0.6283366030646209,
434699,0.6283366030646209,
434999,0.6283366030646209,
435298,4.652768650453616,-0.7756177407431606
435599,3.6287036597487403,-0.8436568453425384
435898,6.032488842990918,-0.6474291941624173
436199,2.9954973178432076,-0.8959606482506823
436498,3.2743648525793185,-0.8028517858690292
436799,2.531746559708948,-0.9882615311000309
437098,3.04002318656543,-0.8847560316055552
437399,2.6315724087505106,-0.9252034164476532
437699,3.4221193217736583,-0.7193192629376912
437998,3.1295572251233,-0.8148440992267569
438299,2.8642151217211618,-0.8936538842985786
438598,2.630798012188755,-0.9507917789367148
438899,3.934682576661434,-0.6906172953184864
439198,2.6184131844518994,-0.9026904348250582
439499,2.900066651035977,-0.8861196592133873
439798,2.532794973525973,-0.9951015579319076
440099,2.5791196602489403,-0.9670646968891807
440399,3.167726525672352,-1.0051641377584009
440698,2.4696568990544954,-1.0809534331157713
440999,2.513034306394003,-1.0150741445950011
441298,2.285851882750511,-1.0456368174525212
441599,5.2416271965815575,-0.5451965894411244
441898,3.2510579217734326,-1.0210405292354183
442199,2.574269113047551,-0.9907564121277113
442498,11.05788632263801,-0.2725356615583645
442799,9.544098745126789,-0.1783287550698036
443099,10.885359324068848,-0.19908846273756398
443398,2.4600090342487406,-0.9886149841163174
443699,2.4642134336746664,-1.0216132121103843
443998,2.341284104341333,-1.005969799493942
444299,2.3100205344107776,-0.9823473634273987
444598,2.0560803474292957,-0.9847377086846931
444899,2.281689044454759,-1.000513816887545
445198,2.1279404211700363,-0.9817606179318294
445499,1.9446550474617028,-0.9607537790621883
445799,1.824242094031348,-0.9791708058909709
446098,1.7710489099680773,-0.9525292713685787
446399,1.626279692390144,-0.92616698731367
446698,1.8057085901692664,-0.9861476272106193
446999,1.7808689914470444,-0.9733355085115094
447298,1.7866533781275997,-0.9314492326758894
447599,1.723452476437785,-0.9223966755071569
447898,1.7729715558116395,-0.9695843723426654
448199,1.8808665128464526,-0.9878158468696203
448499,1.8042075046427486,-1.0138773452593037
448798,1.8174978431797852,-0.9638183098850386
449099,2.088989322594846,-0.9691370956458725
449398,2.2089245346758646,-1.0091131162354752
449699,2.180398509097161,-0.9690648436153158
449998,2.2022932329744758,-1.0503083091924523
450299,2.3012061030948456,-1.0700212822285033
450598,3.2782726300564025,-1.2562480786395054
450899,2.7622886799076016,-1.358000092403243
451199,4.547420311049458,-0.7111356159203077
451498,2.7435176879675316,-1.1410667855524799
451799,2.8059782505879016,-1.141035579275611
452098,2.883455270349475,-1.1564885290467446
452399,2.848581161733735,-1.2366530831944242
452698,2.9223478881003846,-1.173479592212093
452999,3.5062951931165878,-1.405173978161029
453298,2.7998622342439026,-1.256873699644426
453599,3.1004437792739954,-1.2178215733793163
453899,2.811060300061032,-1.2495318604995305
454198,2.9828644161003837,-1.2622884676562336
454499,3.0930990033781622,-1.2690434579003869
454798,4.548896580178434,-1.124551497121868
455099,3.5264348635719527,-1.365031154355555
455398,5.4051087172293615,-0.6282479069694216
455699,3.352735285426773,-1.4473909686607627
455998,3.965465837368904,-1.3085851795328614
456299,4.092597192733991,-1.2794535772160156
456599,3.4517540781228795,-1.39712619700693
456898,3.4101036467948287,-1.2436256615450176
457199,3.8928368932693656,-1.2888858568397188
457498,3.907176173602698,-1.2233681436220971
457799,4.407342558873532,-1.3304533730187442
458098,4.256499345290198,-1.2941622001845174
458399,3.9480724294198293,-1.1825191849432937
458698,4.640956895571954,-1.2992404346510669
458999,4.466893102500846,-1.2375775240633224
459299,4.185580221467786,-1.23029227461604
459598,4.5360938164476075,-1.119098008839086
459899,4.2201457920170515,-1.148166906779072
460198,4.327234403116588,-1.1375939404394093
460499,4.579596766445293,-1.117888860129415
460798,4.738317699963811,-1.1387681544469253
461099,4.997069610234643,-1.1526717353538487
461398,5.351892282070291,-1.1422037863226078
461699,5.78219723459344,-1.0850105665848941
461999,6.2980457508249215,-1.161454883713359
462298,5.942534773181403,-1.1134628943328218
462599,6.8266396187809395,-1.0941850250519134
462898,6.7005426449290875,-1.1686001885990605
463199,6.7043158093179755,-1.0863004533462903
463498,6.800575120246217,-1.1437316902360948
463799,7.360728863424457,-1.0611486553251925
464098,7.074863773174458,-1.0717110137402024
464399,6.581325363674458,-1.1275364143552187
464699,7.349040304447606,-1.072896769549184
464998,20.89757812485436,-0.44870388588266596
465299,6.378861198831866,-1.0703502938961398
465598,6.43078669815131,-1.0742175568337862
465899,12.246480816071951,-0.687829620421341
466198,8.646915464565007,-1.1712044572284586
466499,4.940403554648342,-0.9298036311769946
466798,7.777454342637315,-0.2923561279894791
467099,12.520284562590472,-0.5576879444029106
467399,23.759835940264086,-0.42852171979565323
467698,28.645758198727044,-0.5074730732912167
467999,9.3299168812324,-0.7562331063873109
468298,8.935567733569638,-0.6065095730885142
468599,10.78653561737288,-0.6379665027009602
468898,18.71010867994073,-0.46122141893256896
469199,41.18776755008193,-0.48148216331252147
469498,51.061956736734,-0.5193600639453346
469799,25.151368689519437,-0.6345486603426485
470099,20.509724689445363,-0.6581548119334164
470398,9.403819747570362,-0.8634927385315696
470699,22.223475955618248,-0.82841105844299
470998,17.111780462676123,-0.5062247712735344
471299,9.529502794062692,-0.8641378744101009
471598,7.656713299221173,-0.8542178108795486
471899,4.132468199551108,-0.6014738355093083
472198,13.738574985551118,-0.5385696391215753
472499,0.6283366030646209,
472799,0.6283366030646209,
473098,0.6283366030646209,
473399,0.6283366030646209,
473698,0.6283366030646209,
473999,0.6283366030646209,
474298,0.6283366030646209,
474599,0.6283366030646209,
474898,0.6283366030646209,
475199,0.6283366030646209,
475499,0.6283366030646209,
475798,0.6283366030646209,
476099,0.6283366030646209,
476398,0.8925206441604142,-1.2480369355595369
476699,,
476998,14.011557842877433,-0.747502588830196
477299,5.651978803836496,-0.44954309213687393
477598,6.310199935055598,-0.34785074191784804
477899,2.855986007855422,-0.8354550083911509
478199,2.78586857638014,-0.7944678972627253
478498,2.712110065954214,-0.7823218273851638
478799,2.7060506003940294,-0.8204750970659263
479098,2.5130631059264363,-0.8556017831553653
479399,2.336662752725048,-0.9393290073022231
479698,2.267325743218103,-0.9928803212091641
479999,2.113986009729677,-1.049555316002833
480298,2.134126479821499,-1.0685676277633385
480599,2.16670224668724,-1.0509931984047722
480899,1.8697770043449513,-1.0487105006877049
481198,2.258127767076873,-1.0675293508674906
481499,2.7224373598993283,-0.9929827847556967
481798,2.2559380787458547,-1.049059113820622
482099,2.5001488058849994,-1.0798423438244718
482398,2.352055926025948,-1.0753626056388765
482699,2.387350607519003,-1.145687999363211
482998,2.1887126395583554,-0.9847904305012776
483299,5.030087097207211,-0.6994539603254462
483599,2.477410458095832,-1.0058715068191764
483898,3.502814449777297,-0.9052619082735389
484199,2.401388394000051,-1.1072466898393225
484498,2.6937268211585845,-1.2076700376013645
484799,2.525650793417844,-1.2309615340113025
485098,2.866424266149979,-1.1540681062975073
485399,25.819075302499115,-0.3437863699983972
485698,3.06277396893638,-0.40296257561049087
485999,59.27360875482427,-0.49173050789247696
486299,54.07664568486594,-0.5813891832000484
486598,29.178359286713878,-0.5959448586009377
486899,41.4325303838736,-0.2327746797806607
487198,38.88958903375092,-0.23090444384457065
487499,30.038770171049535,-0.284251753455512
487798,29.83974208686666,-0.30710533333275647
488099,37.48025415043135,-0.37187745178799303
488398,44.66873706469293,-0.4315759198788798
488699,50.82329252606393,-0.3533566115898781
488999,60.57110075933709,-0.3095404678377225
489298,41.124287376301716,-0.3752367941487842
489599,42.59652896332319,-0.3979296649916566
489898,55.57928424583708,-0.36466670631500686
490199,56.587004267281515,-0.30704324727794696
490498,48.511787701448185,-0.3752053800652573
490799,48.927158545809306,-0.36441016047874775
491098,58.05181520968829,-0.37919738214943854
491399,46.17807686677103,-0.45402165593808763
491699,43.15007004377797,-0.430519167853485
491998,66.20983890221083,-0.4074012373023488
492299,76.25520457844,-0.5173623577331428
492598,95.83599855488907,-0.36230976495327516
492899,72.05237181374325,-0.4321141970831224
493198,19.760088972711856,-0.4935680785853882
493499,24.576438441964733,-0.5873634271323229
493798,0.6283366030646209,
494099,0.6283366030646209,
494399,0.6283366030646209,
494698,0.6283366030646209,
494999,0.6283366030646209,
495298,0.6283366030646209,
495599,0.6283366030646209,
495898,0.6283366030646209,
496199,0.6283366030646209,
496498,0.6283366030646209,
496799,0.6283366030646209,
497099,0.6283366030646209,
497398,0.6283366030646209,
497699,0.6283366030646209,
497998,0.6283366030646209,
498299,0.6283366030646209,
498598,0.6283366030646209,
498899,0.6283366030646209,
499198,0.6283366030646209,
499499,0.6283366030646209,
499799,0.6283366030646209,
500098,0.6283366030646209,
500399,0.6283366030646209,
500698,0.6283366030646209,
500999,0.6283366030646209,
501298,0.6283366030646209,
501599,0.6283366030646209,
501898,0.6283366030646209,
502199,0.6283366030646209,
502499,13.813626097493248,-0.7782663013709981
502798,5.733595664009453,-0.9517697774594229
503099,6.2140192542022366,-0.9119153662880959
503398,8.145773157098068,-1.0686290832495433
503699,5.93745890153094,-1.0351141262419348
503998,6.046016203959181,-0.9662500759839037
504299,9.365885092190009,-1.0417135654150287
504598,14.699566227834177,-1.3640437229222573
504899,41.75953327734278,-0.830449873179286
505199,31.70141461278028,-0.6544863425624892
505498,0.6283366030646209,
505799,,
506098,,
506399,0.6283366030646209,
506698,2.838158518286635,-0.9320969225502655
506999,,
507298,,
507599,,
507899,0.6283366030646209,
508198,0.6283366030646209,
508499,0.6283366030646209,
508798,0.6283366030646209,
509099,0.6283366030646209,
509398,0.6283366030646209,
509699,0.6283366030646209,
509998,0.6283366030646209,
510299,0.6283366030646209,
510599,0.6283366030646209,
510898,0.6283366030646209,
511199,0.6283366030646209,
511498,0.6283366030646209,
511799,0.6283366030646209,
512098,0.6283366030646209,
512399,0.6283366030646209,
512698,0.6283366030646209,
512999,0.6283366030646209,
513299,0.6283366030646209,
513598,0.6283366030646209,
513899,0.6283366030646209,
514198,0.6283366030646209,
514499,0.6283366030646209,
514798,0.6283366030646209,
515099,0.6283366030646209,
515398,0.6283366030646209,
515699,0.6283366030646209,
515999,0.6283366030646209,
516298,0.6283366030646209,
516599,0.6283366030646209,
516898,0.6283366030646209,
517199,0.6283366030646209,
517498,0.6283366030646209,
517799,0.6283366030646209,
518098,0.6283366030646209,
518399,0.6283366030646209,
518699,0.6283366030646209,
518998,0.6283366030646209,
519299,0.6283366030646209,
519598,0.6283366030646209,
519899,0.6283366030646209,
520198,0.6283366030646209,
520499,0.6283366030646209,
520798,0.6283366030646209,
521099,0.6283366030646209,
521399,0.6283366030646209,
521698,0.6283366030646209,
521999,0.6283366030646209,
522298,0.6283366030646209,
522599,0.6283366030646209,
522898,0.6283366030646209,
523199,0.6283366030646209,
523498,0.6283366030646209,
523799,0.6283366030646209,
524099,0.6283366030646209,
524398,0.6283366030646209,
524699,0.6283366030646209,
524998,0.6283366030646209,
525299,0.6283366030646209,
525598,0.6283366030646209,
525899,5.59435221766902,-0.8534035015220747
526198,5.415483327754669,-0.7087112410526144
526499,6.13540941384906,-0.5829712365417568
526799,5.260033278096781,-0.6388328735137243
527098,4.55207782162667,-0.8741162443001016
527399,3.903565497606813,-0.8990012937003651
527698,3.803119881863711,-0.867689903182085
527999,5.089742094231043,-0.9911871671210972
528298,3.654976455356767,-0.9438105413674147
528599,3.4190087748544515,-0.9845351408313789
528898,5.344810860245702,-1.0471990068086985
529199,18.962535646261642,-0.5252890437618793
529499,15.990519675461437,-0.5712559650043265
529798,3.8631500098222995,-0.7737537363475271
530099,9.884251867922034,-0.6338645393258049
530398,18.706038534341072,-0.40013682753925894
530699,4.079882874957857,-1.1632931769735504
530998,2.662699840981767,-1.0454550493472996
531299,3.53545167799797,-0.9110709394298433
531598,3.144023216234987,-1.095018403177522
531899,4.705655394618594,-0.756735747796786
532199,3.760424760443321,-0.6596117449325669
532498,3.8991554319896173,-0.6653960753105825
532799,3.5778452276070194,-0.5798963836711253
533098,14.635434830805748,-0.2962575766795523
533399,2.612322342500541,-0.6379166733773423
533698,2.06572032088223,-0.6880703550165876
533999,2.1525832955049147,-0.7561591329976094
534298,2.2091206354377855,-0.685343904117705
534599,2.3205643012225075,-0.6484822947299715
534899,2.0772066715419513,-0.7405777613387647
535198,2.4271058786632302,-0.713611512511561
535499,2.121259352846101,-0.6575848772242616
535798,1.976717448578989,-0.709834187387941
536099,1.8215135856461184,-0.7035496115015403
536398,1.9441748701900994,-0.7087016879431871
536699,2.1646125361609156,-0.9478536513373839
536998,1.9359579257396196,-0.8095976797692126
537299,3.1822423136278526,-1.0153383123706954
537599,8.504478078267397,-0.6474180138872361
537898,48.327831409521025,-0.8858055316723008
538199,62.63444845251408,-0.8156432144018202
538498,66.4483885271252,-0.7838600635166089
538799,75.43299629307197,-0.6720511212563858
539098,66.98964304314372,-0.6808732532977941
539399,42.272464873396025,-0.8654027617159865
539698,45.64654814552566,-0.9426476548010962
539999,64.82972145836824,-0.7815716872227889
540299,2.891052687776601,-0.5979765956050231
540598,0.6283366030646209,
540899,0.8556752493071349,-0.8085884325030743
541198,0.8125262348718026,-1.0552804539046674
541499,22.031542932510437,-0.7480352406913671
541798,17.739727627236178,-0.7441434489008449
542099,54.96809803842843,-0.5772170320614625
542398,33.172057227310376,-0.5715654364558256
542699,10.192995822703914,-0.502456479009644
542999,5.571782307444638,-0.39028619991848834
543298,3.8122123543173236,-0.5591605926978604
543599,6.967928437692324,-0.353506433956122
543898,6.827785384851541,-0.3009744722350347
544199,1.8953997232167228,-1.2104934116603006
544498,3.121694328662884,-1.229583490002133
544799,2.146750444453898,-1.325957854449554
545098,2.207340914933718,-1.2242751868961874
545399,2.0911795310765826,-1.4214723164982015
545699,3.234528611989991,-0.33095870517624437
545998,2.9460128940025823,-0.7317748737038123
546299,3.952931714207137,-0.4525287382587797
546598,1.3995945763234041,-0.9778439486166406
546899,3.054324853301973,-0.755155229593562
547198,1.824418709281737,-1.3465576418909735
547499,2.4722031403833373,-1.0058783870253807
547798,2.753134054380621,-0.9936537922773738
548099,1.4501253387636737,-1.2797270654877448
548399,1.6213173321984609,-1.0350193473090554
548698,1.3398854393215438,-1.0864547544940422
548999,1.6275003616259915,-1.187184017946458
549298,1.377701321979696,-0.9414700716459226
549599,6.86569741531792,-0.23168890820657073
549898,1.9670327609435614,-1.236225002082806
550199,1.6333158682567146,-0.9557223228746141
550498,1.7029401167074636,-0.957236109224092
550799,1.5768705609256959,-0.9033459312984384
551099,1.6765870767451405,-0.9167447626032872
551398,1.757355575769964,-0.8996571392136812
551699,1.9837217699644083,-1.0402032609476595
551998,1.9503690723695009,-0.9720596481051627
552299,2.2246635075425143,-1.011302379855152
552598,2.488210888440662,-0.9914453355046948
552899,2.7425750880905424,-0.9901835009482378
553198,3.0785557363266536,-1.0289624746627304
553499,3.130772668966949,-0.968213150240615
553799,3.16340914991825,-0.9875283796787364
554098,3.3733056511150092,-1.0135890585662133
554399,3.3750643876937128,-0.9528629481890267
554698,3.411309287330287,-0.9397311178964474
554999,3.582022696499268,-0.9749252257470602
555298,3.683921658228435,-0.9869033090441885
555599,3.99527678935575,-0.9602014239414016
555898,3.9770994311876766,-0.9903981951136147
556199,4.007159015955286,-0.9731839868315757
556499,21.820678062603033,-0.26659073839365655
556798,0.6283366030646209,
557099,0.6283366030646209,
557398,0.6283366030646209,
557699,0.6283366030646209,
557998,0.6283366030646209,
558299,0.6283366030646209,
558598,0.6283366030646209,
558899,0.6283366030646209,
559199,,
559498,0.7584687746544142,-1.433420032229232
559799,24.279063278713082,-0.5882825164564593
560098,14.266895977440994,-0.4680817611787511
560399,0.6283366030646209,
560698,1.3699990678146794,-0.5162297619472547
560999,1.093264238868459,-0.6555177168021369
561298,0.6283366030646209,
561599,0.6283366030646209,
561899,0.6283366030646209,
562198,0.6283366030646209,
562499,0.6283366030646209,
562798,24.87892466046582,-0.474326963539359
563099,71.78542841152267,-0.5028389415022487
563398,0.6283366030646209,
563699,0.6283366030646209,
563998,0.6283366030646209,
564299,0.6283366030646209,
564599,0.6283366030646209,
564898,0.6283366030646209,
565199,0.6283366030646209,
565498,2.1366149539135115,-0.7785785892260351
565799,4.188503753919313,-0.8218886795014906
566098,3.5362525431955003,-0.9734899084503565
566399,3.565689913297351,-0.9482018172310798
566698,3.5399430384526442,-0.8724509379313694
566999,3.712838435579759,-0.8025546172569553
567299,3.4400919301864397,-0.8367131238408845
567598,5.451982062340599,-0.5393346480382049
567899,4.442825362924351,-0.6635220095393597
568198,2.8827668406609765,-0.9728440289593767
568499,2.870015455408662,-1.0240775833509606
568798,2.6863781940429217,-1.0411350793670588
569099,2.546490097897088,-1.055003403527151
569398,2.9273916862599996,-1.1742616391796505
569699,9.036579330496108,-0.34371037557058126
569999,4.070205275437985,-0.42198263165081173
570298,3.794331044991478,-0.6911253828644115
570599,2.842891821376055,-1.0149699338982758
570898,2.6767371465080005,-0.9347664843909373
571199,2.708702972862166,-0.9679161127085194
571498,2.800575217967923,-0.9309718502244739
571799,6.628750442831139,-0.6606553010134679
572098,3.0753422069187977,-1.0456032459501716
572399,3.7341498121965753,-1.297238516053202
572699,2.8777878358398383,-0.8744023308485644
572998,4.232865821335208,-0.8255187968966835
573299,3.194847793574008,-1.0597212567276921
573598,3.419931272123225,-1.2579836342223039
573899,3.189031079711186,-0.9954354750172325
574198,2.366726409856766,-0.8198725366972006
574499,2.427182127085933,-0.8064507454405638
574798,2.160465281916952,-0.8092717373047804
575099,2.1862061483868587,-0.8327627491853551
575399,2.5077319030011935,-0.9040726269206021
575698,2.3574321486160255,-0.8450971161319061
575999,2.0285394725604697,-0.8056820684472927
576298,2.0222363894671114,-0.8221386043044245
576599,2.167884638893037,-0.9722263152545667
576898,1.8082955820476891,-0.8247811125646263
577199,2.090668246614817,-0.9809453476861036
577498,1.709690173029171,-0.8150440908679077
577799,1.6370565000129647,-0.8108356511533463
578099,17.17671580043835,-0.42883869152292764
578398,11.544725799514648,-0.43829430311863216
578699,9.348475315091456,-0.5355125419238334
578998,76.45227890088908,-0.35569103826163917
579299,59.42006714374318,-0.3263583726201329
579598,0.6283366030646209,
579899,0.6283366030646209,
580198,0.6283366030646209,
580499,0.6283366030646209,
580799,0.6283366030646209,
581098,0.6283366030646209,
581399,0.6283366030646209,
581698,0.6283366030646209,
581999,0.6283366030646209,
582298,0.6283366030646209,
582599,0.6283366030646209,
582898,0.6283366030646209,
583199,0.6283366030646209,
583499,0.6283366030646209,
583798,0.6283366030646209,
584099,0.6283366030646209,
584398,0.6283366030646209,
584699,0.6283366030646209,
584998,0.6283366030646209,
585299,0.6283366030646209,
585598,0.6283366030646209,
585899,0.6283366030646209,
586199,0.6283366030646209,
586498,0.6283366030646209,
586799,0.6283366030646209,
587098,0.6283366030646209,
587399,0.6283366030646209,
587698,0.6283366030646209,
587999,0.6283366030646209,
588298,0.6283366030646209,
588599,0.6283366030646209,
588899,0.6283366030646209,
589198,0.6283366030646209,
589499,7.740232232264083,-1.0431596806333086
589798,12.024150419266272,-1.3007432661742744
590099,26.47695324580112,-1.315225073583111
590398,22.891943238074266,-1.4016343630463504
590699,19.50181123130343,-1.505020263829611
590998,6.513034369861305,-1.4289736549204197
591299,6.413291341254824,-1.1485116320047593
591599,3.900086514086495,-0.7843367824276759
591898,3.696307631616588,-0.7426333805431291
592199,4.243514518306402,-0.9907558232988869
592498,4.177488610622997,-1.2483799662121622
592799,15.958809914403089,-1.1344381245935815
593098,16.641951823794177,-1.4717710136549247
593399,4.143354864655132,-0.8973274248805139
593698,33.133400493356675,-1.239459032189333
593999,,
594299,0.6283366030646209,
594598,0.6283366030646209,
594899,0.6283366030646209,
595198,0.6283366030646209,
595499,0.6283366030646209,
595798,0.6283366030646209,
596099,0.6283366030646209,
596398,0.6283366030646209,
596699,0.6283366030646209,
596999,0.6283366030646209,
597298,0.6283366030646209,
597599,0.6283366030646209,
597898,0.6283366030646209,
598199,0.6283366030646209,
598498,,
598799,,
599098,,
599399,,
599699,,
599998,,
600299,,
600598,0.6283366030646209,
600899,0.6283366030646209,
601198,0.6283366030646209,
601499,0.6283366030646209,
601798,0.6283366030646209,
602099,0.6283366030646209,
602399,0.6283366030646209,
602698,0.6283366030646209,
602999,0.6283366030646209,
603298,0.6283366030646209,
603599,0.6283366030646209,
603898,0.6283366030646209,
604199,0.6283366030646209,
604498,0.6283366030646209,
604799,0.6283366030646209,
605099,0.6283366030646209,
605398,0.6283366030646209,
605699,0.6283366030646209,
605998,0.6283366030646209,
606299,0.6283366030646209,
606598,0.6283366030646209,
606899,0.6283366030646209,
607198,0.6283366030646209,
607499,0.6283366030646209,
607799,0.6283366030646209,
608098,0.6283366030646209,
608399,0.6283366030646209,
608698,0.6283366030646209,
608999,0.6283366030646209,
609298,0.6283366030646209,
609599,0.6283366030646209,
609898,0.6283366030646209,
610199,0.6283366030646209,
610499,0.6283366030646209,
610798,0.6283366030646209,
611099,0.6283366030646209,
611398,0.6283366030646209,
611699,0.6283366030646209,
611998,0.6283366030646209,
612299,0.6283366030646209,
612598,0.6283366030646209,
612899,0.6283366030646209,
613199,0.6283366030646209,
613498,1.0802059827249169,-1.2118779594093838
613799,5.976152824296356,-1.0338591384620153
614098,12.181003196347415,-1.4273663612286245
614399,3.774209520291997,-0.9562780092093137
614698,3.6451756646345905,-0.9564393752369849
614999,3.86786152870476,-0.898205501691262
615298,3.83182360869087,-0.8842403420567508
615599,3.757241169414682,-0.9003846132313094
615899,3.514521364167722,-0.9421396407642848
616198,3.618468410251844,-0.7369508093797155
616499,3.3316146607043193,-0.9575703793610577
616798,3.306232485347553,-1.0756367085457788
617099,3.2394867637971667,-1.0809401714137485
617398,4.2144786229225515,-0.6685272306600771
617699,2.6399449198524665,-0.9563184855553559
617998,4.629969305081212,-0.9064068949199671
618299,2.7588977314292964,-1.002939752400354
618599,3.1723854099640185,-1.175879709112265
618898,2.7474206864316115,-1.0211894126618049
619199,2.823639335524204,-1.0230690940276568
619498,8.658000869030287,-0.6784195210318806
619799,2.5823822720959617,-0.9823817163490289
620098,2.6443848191630916,-0.9730851439722474
620399,2.9244835757179235,-1.077993376010021
620698,2.5985063796239958,-1.0664419830826484
620999,3.131530782725303,-0.8287336272503731
621299,2.3664935087209624,-0.863514822784478
621598,2.2630890860720903,-0.8314847248567314
621899,2.41115458708135,-0.9152928746644395
622198,2.4985286888290346,-0.9698938019218271
622499,8.112706662384497,-0.7789028641499605
622798,2.2476883563907646,-0.8396133528257756
623099,6.915500500759796,-1.2549517024440093
623398,2.2133868189370607,-0.812675179933315
623699,2.734787197920172,-1.2378319758527665
623999,2.154002473136135,-0.8535226671177896
624298,2.275283443006857,-0.8711390613988848
624599,2.467617367691398,-0.9241361593179542
624898,2.392448329119512,-0.9350923253960086
625199,2.4457284734298232,-0.8911937789355435
625498,2.5790599259043607,-0.9707638615887675
625799,2.420826767550194,-0.9114481989481069
626098,2.2710217589320125,-0.8517413932948352
626399,2.308470689742195,-0.8891925735208521
626699,2.2783842081982133,-1.0132686727504687
626998,20.812056554322606,-0.36002032821765617
627299,24.556480314482272,-0.5351132266966729
627598,60.19010678700311,-0.8826284697739286
627899,0.6283366030646209,
628198,0.6283366030646209,
628499,0.6283366030646209,
628798,29.920943416685972,-0.5293957763946522
629099,12.316666906350381,-0.185703133768228
629399,8.342524118483409,-0.6789491613410354
629698,26.032303113261186,-0.9788744780384908
629999,28.193845488851974,-0.7993376061570758
630298,25.375783387481672,-0.7428323520875675
630599,0.857762748515468,-0.72098096012157
630898,,
631199,0.6283366030646209,
631498,18.96486126408584,-0.7392930184237225
631799,26.569443039775656,-0.617596368671435
632099,14.14554763792612,-1.0377544752270156
632398,26.8243246583127,-0.4244883932556478
632699,22.282743005113623,-0.4451254773593205
632998,17.207857010690006,-0.8199622487444866
633299,8.211483943421491,-1.1033402245953883
633598,5.441309725761768,-1.5818046408927091
633899,25.17641759481501,-1.3704254957767876
634198,4.862703399409916,-1.3050371096156397
634499,3.6186594813619584,-1.3143384626961798
634799,3.250184308416861,-1.6251865412170412
635098,4.608912104681403,-0.722252854714529
635399,3.527957510555868,-1.4701471722995056
635698,2.7243574996258477,-1.0839454370927206
635999,4.945943379192977,-1.4343844454292083
636298,4.755373325144365,-1.3846122246514105
636599,8.938529466136767,-1.3385380387055132
636898,4.755966033574922,-1.4005639330037196
637199,7.431516151435379,-1.106768562876824
637499,5.265380824239273,-1.440242495987476
637798,5.7130615900418595,-1.146457540381307
638099,4.499583797532601,-1.4252521742263053
638398,6.93060034580112,-1.4317787923763219
638699,52.915703461076575,-0.42229323289411025
638998,129.30121614626873,-0.11616417850578231
639299,5.091521088433662,-0.449781236805584
639598,0.7837319715571348,-0.7658565872696945
639899,1.4550760155389597,-0.6209214561976504
640199,3.652204245250848,-1.105812578945259
640498,5.873784544127508,-0.9657378501351916
640799,7.688737824608991,-0.5960651880461201
641098,4.9283340571003835,-0.9195345580809196
641399,3.9825952253064028,-1.2466013067545103
641698,6.71055652416983,-0.8303568551881828
641999,4.838620784118793,-0.3219203076659458
642298,3.138056018655833,-0.4879485677947637
642599,44.006789910731676,-0.5848772468500651
642899,82.05109843521777,-0.593481001471315
643198,4.43884461869331,-1.2020432798342062
643499,5.116133253348071,-1.154490336413048
643798,6.017147899489273,-1.1610755482291562
644099,7.334849301780941,-1.0407950336071718
644398,5.2956982903527,-0.9580384298433697
644699,5.069726617359643,-0.8970309925824986
644998,5.296355868380477,-0.9401535693205063
645299,5.341824960491006,-0.8658303392139408
645599,6.355741052023413,-0.6955395025802058
645898,5.064306267116006,-0.8266325776354599
646199,6.401397353361959,-0.6977301528016515
646498,6.880993613058718,-0.717704216309742
646799,7.716085550345754,-0.717011435335573
647098,8.710613823681403,-0.6539587840686074
647399,8.392262170280938,-0.6953645627507963
647698,8.24948018990131,-0.6741324179289383
647999,7.874997623929087,-0.6803875244796103
648299,9.583967872812812,-0.6816190408436038
648598,13.599587673784916,-0.5592376926706075
648899,12.178013295516397,-0.5969829962303803
649198,10.288729305405285,-0.8017349504930202
649499,24.07348407969927,-0.3029841737797061
649798,39.033224742965466,-0.4451215812698299
650099,27.06587184568075,-0.5222701840257307
650398,52.95073717057428,-0.45961224587175886
650699,40.181240275764075,-0.4311256585243859
650999,45.66450017500945,-0.31002881463820664
651298,38.188480798134464,-0.40878980148801647
651599,4.606449665481065,-0.2877031817116096
651898,0.6283366030646209,
652199,0.6283366030646209,
652498,0.6283366030646209,
652799,0.6283366030646209,
653098,0.6283366030646209,
653399,0.6283366030646209,
653699,0.6283366030646209,
653998,0.6283366030646209,
654299,0.6283366030646209,
654598,0.6283366030646209,
654899,0.6283366030646209,
655198,0.6283366030646209,
655499,0.6283366030646209,
655798,9.318013105362544,-0.49809321623841174
656099,7.751231183729235,-0.4462736120897348
656399,7.335601063389082,-0.5027956422910393
656698,4.507934165004542,-0.8977802522120157
656999,4.2432582865651,-0.9418974132106996
657298,4.0777889449065485,-1.0143032647782588
657599,3.8112574970975532,-0.9536271053270506
657898,3.2717440792255923,-0.9897712605482858
658199,5.016277548234337,-0.8562876753189594
658498,8.31382920808156,-0.6585503055575117
658799,8.634633343925369,-0.7437198345940261
659099,8.523995127771574,-0.4743553077952445
659398,13.2490605636429,-0.507419068697917
659699,9.704799813558408,-0.47255858100687975
659998,7.002780721804296,-0.6603051042116563
660299,7.3188253562141545,-0.8366015966383475
660598,7.077170706954897,-0.8530967688728068
660899,6.3070313267141564,-0.8714767253668647
661198,5.983724813864619,-0.914748489526952
661499,5.908599002068324,-0.8692382049926151
661799,8.834463893114082,-0.9719843904620051
662098,8.021955963973415,-0.9228860103136562
662399,14.420210764162157,-0.7149595742324613
662698,10.689188935053359,-0.8221492935578893
662999,11.65529330659734,-0.8293483799630068
663298,13.142826525534842,-0.7472769287645251
663599,19.908314437535513,-0.644199782209492
663898,20.532835334406524,-0.7256791395107629
664199,21.81251503002458,-0.7151783675624452
664499,25.324174052432316,-0.6541969384919923
664798,27.79371229114238,-0.6010512397356449
665099,22.310055128716453,-0.6983929184496163
665398,36.220574490473396,-0.5536685674986863
665699,51.02314102374887,-0.6928883184172208
665998,64.3591964620637,-0.5762846707187086
666299,65.35054111861396,-0.5215237173627143
666598,53.60084574259608,-0.5642597944720484
666899,60.199974394255804,-0.4264581289428073
667199,29.171051951190993,-0.458349503041692
667498,33.41101587637618,-0.5187616955273218
667799,0.6283366030646209,
668098,,
668399,0.6283366030646209,
668698,0.6283366030646209,
668999,0.6283366030646209,
669298,0.6283366030646209,
669599,0.6283366030646209,
669899,0.6283366030646209,
670198,0.6283366030646209,
670499,0.6283366030646209,
670798,0.6283366030646209,
671099,0.6283366030646209,
671398,0.6283366030646209,
671699,0.6283366030646209,
671998,0.6283366030646209,
672299,0.6283366030646209,
672599,0.6283366030646209,
672898,0.6283366030646209,
673199,0.6283366030646209,
673498,0.6283366030646209,
673799,0.6283366030646209,
674098,0.6283366030646209,
674399,0.6283366030646209,
674698,0.6283366030646209,
674999,0.6283366030646209,
675299,20.919484573919174,-0.83830774449389
675598,8.68182365546547,-1.4871801790212635
675899,,
676198,5.169401173238544,-1.2913529085966675
676499,10.488288327442323,-1.3041194285417879
676798,17.930957311037233,-1.094497765404022
677099,21.477450967960845,-1.3591330383756324
677398,13.270466216027971,-1.7102222959674958
677699,12.177809085150656,-1.3067477293286225
677999,9.513657406152971,-1.6649816863173386
678298,14.960421396349735,-1.096032572542629
678599,21.19188071191455,-1.1259909773436374
678898,4.113056727459181,-1.3773229652579562
679199,3.37100726821844,-0.9935700611269638
679498,3.4288555642462177,-1.128845689260992
679799,5.061386793720755,-1.0879816079642173
680098,3.566446499054088,-0.9530112371531225
680399,3.5027937799476065,-0.8972797370172372
680699,3.7799963626605697,-0.9364273476108596
680998,4.184891288602699,-1.0113019404246506
681299,10.712018679479362,-0.8117026058123054
681598,6.275813804743901,-1.243102238845014
681899,16.012888712342786,-1.298945828261362
682198,15.744518417613623,-1.414125299553242
682499,5.058716873158484,-0.9488495256131817
682798,10.566921685446953,-1.3630901584417159
683099,3.568704424593332,-0.7050359288892747
683399,18.36644051717149,-1.60075641404603
683698,0.6283366030646209,
683999,0.6283366030646209,
684298,0.6283366030646209,
684599,0.6283366030646209,
684898,0.6283366030646209,
685199,0.6283366030646209,
685498,0.6283366030646209,
685799,0.6283366030646209,
686099,0.6283366030646209,
686398,0.6283366030646209,
686699,0.6283366030646209,
686998,0.6283366030646209,
687299,0.6283366030646209,
687598,,
687899,0.6283366030646209,
688198,12.01626637723399,-0.567220358448469
688499,,
688799,,
689098,0.6283366030646209,
689399,0.6283366030646209,
689698,0.6283366030646209,
689999,,
690298,,
690599,,
690898,,
691199,,
691499,,
691798,,
692099,,
692398,,
692699,,
692998,,
693299,0.6283366030646209,
693598,0.6283366030646209,
693899,0.6283366030646209,
694199,0.8647490396688691,-2.1957583758719217
694498,0.6283366030646209,
694799,0.6283366030646209,
695098,0.6283366030646209,
695399,0.6283366030646209,
695698,0.6283366030646209,
695999,0.6283366030646209,
696298,2.0900646811982337,-0.5150218034789458
696599,0.6283366030646209,
696899,0.6283366030646209,
697198,9.461957416183065,-1.1397750382100917
697499,24.24065762177399,-1.3251644450496656
697798,10.980653493229433,-1.0690786245707353
698099,4.007207645672969,-0.9262112093159622
698398,4.374450140885933,-0.946563642799652
698699,4.66367618729797,-0.8477681285524252
698998,4.862179910223892,-0.9496020818438973
699299,5.768818206102045,-1.0113580581241215
699599,4.893274159692397,-0.8946293951018558
699898,4.373663761448434,-0.8420751395726898
700199,4.547974286977119,-0.8226555352609861
700498,5.123986867585377,-0.8945837951585136
700799,5.409428100003985,-0.8731999227384739
701098,5.319614823326654,-0.8997453805432958
701399,5.472757633370308,-0.8939150346409721
701698,7.72749399583418,-1.018871971140964
701999,8.140225070923924,-1.0534920225212443
702299,5.240632882016398,-0.9617018808292201
702598,8.157496700960841,-1.0069889714164932
702899,4.79176611424788,-1.263247746392683
703198,5.920125192909851,-1.2381898635320256
703499,4.807256921417379,-1.119166776034048
703798,13.026882024990933,-1.0534221625433462
704099,7.59683297579649,-1.2068760156856166
704398,7.762769061328644,-1.1699699765752931
704699,3.845393469771545,-1.085734949298391
704999,3.9857271617020973,-1.102121383516688
705298,4.284611436004568,-1.1103879594975878
705599,4.010233190953643,-1.0300206674805201
705898,3.8992007967846636,-1.000271414340029
706199,3.866782269878989,-0.9966724709489672
706498,3.639817429122044,-0.9469336497128977
706799,3.80277263189519,-0.9559382999178008
707098,3.674073975617414,-0.8826684637889577
707399,3.8109010979252846,-0.8923055345359803
707699,3.9597168385363934,-0.9173760202862182
707998,3.755217916427597,-0.89586197594079
708299,4.078709881923549,-0.9288913148365239
708598,3.6853577692516706,-0.8834057194010689
708899,3.2825435947470414,-1.0261502678972514
709198,3.3930019085502816,-1.0262216314631916
709499,3.4510647529900975,-1.0179870997443126
709798,3.5047941238951896,-0.9844630536427217
710099,3.565827410267874,-0.9174658032542782
710399,3.5461196539854676,-0.8728095112498504
710698,3.703902026136513,-0.8397882095824019
710999,3.706542231405031,-0.8696824766780331
711298,3.775592582638245,-0.8794680949250067
711599,3.834326216814171,-0.8668317209944059
711898,3.8814341951799114,-0.8092978398855983
712199,10.678254016553554,-0.5730081454083977
712498,4.074327031777134,-0.8277915317500906
712799,4.234151782001671,-0.8485971448253484
713099,4.280389860763245,-0.8095507059542337
713398,4.53722272068917,-0.7789324039662071
713699,4.786671615617411,-0.7824602011917252
713998,4.892067396761512,-0.7570433209690772
714299,4.764852997458272,-0.7525721561779637
714598,4.723828637685125,-0.7410880574641563
714899,4.492587590248533,-0.6944445854907006
715198,4.690024613946953,-0.779289024997919
715499,4.097690499900402,-0.719625596602059
715799,4.074598090671234,-0.6258576291718054
716098,4.038422897288707,-0.49619964545680695
716399,3.8853994589290886,-0.5769509152937984
716698,5.288649062308064,-0.8994791565100233
716999,4.0846727341258475,-0.8035484568061364
717298,3.71684870672679,-0.6842750329809437
717599,4.247608563417514,-0.8653674855603115
717898,3.7218260760610327,-0.7505239002874924
718199,4.058052247283253,-0.8253199494040109
718499,3.989406425750848,-0.7132969146663912
718798,3.9989046857554778,-0.7430609650302955
719099,4.025993609602698,-0.7818855843814034
719398,4.395045585595755,-0.8026877937715775
719699,10.539795259699268,-0.5135838335907599
719998,14.516371108308062,-0.5790700339372155
720299,4.719695660352385,-0.4060721895262014
720598,42.28673963400482,-0.2534635003958856
720899,4.991448207021026,-1.0297547599025223
721199,4.677578052977046,-1.2682223763577523
721498,4.103619611565662,-1.0987503471548732
721799,4.157264569993902,-0.9429197938362559
722098,4.065350980114273,-0.7840547268686011
722399,8.977865898035567,-0.7889068850727705
722698,4.504566093836494,-0.7827001523579182
722999,5.894863425153625,-0.9937732383675184
723298,9.822488494727045,-0.7354822532920935
723599,5.410656063313348,-1.104136945032558
723899,9.441311118727699,-0.7008590194829099
724198,4.215904877196954,-1.1103401589851267
724499,6.21941492412288,-0.7108054217349633
724798,7.168545064864274,-0.6008624069964781
725099,5.226491671616588,-1.2754522284885166
725398,5.00759957002168,-1.2149502393207556
725699,4.811866035635107,-1.0012345318431422
725998,8.815781615298807,-1.0431171524126852
726299,4.446477485220755,-0.9585541047994777
726599,4.595255312836495,-0.994626778773908
726898,4.314313554556403,-0.9645686081105587
727199,4.184839528970755,-0.970655667939595
727498,3.8930051942161246,-0.89399439750798
727799,4.099224560600383,-0.9133492576896396
728098,3.9281536299337168,-0.8476058245052858
728399,4.3083957889238045,-0.9398112652601514
728698,20.28710664622473,-0.3616069955999841
728999,4.158438697220755,-0.8586293846346529
729299,4.293684828563347,-0.8377091754091333
729598,4.612823306949921,-0.8233825938427808
729899,6.2522944605163975,-1.0971140016033583
730198,5.043360695574269,-0.7775092306780131
730499,4.801261931257792,-0.7697461775243148
730798,5.107687203892051,-0.7099082054783918
731099,5.112791255595756,-0.7365161984966162
731398,5.339211759308718,-0.7893115022452071
731699,5.724347615676773,-0.7708057313429371
731999,5.721068719570291,-0.7531662024788419
732298,6.044394500336496,-0.7318891922166442
732599,6.258082270091125,-0.677760600894705
732898,6.055751197000848,-0.6883413791432893
733199,6.0716506936906605,-0.6456378935308631
733498,6.366834533206866,-0.6553532461653921
733799,6.354821562797143,-0.6502350803568642
734098,6.37150501995918,-0.6058977683537754
734399,6.343861321322607,-0.6053185767298823
734699,6.687862231401309,-0.595849895632254
734998,6.707439587114273,-0.5743905028964833
735299,6.9541320671466815,-0.5666080630007042
735598,7.325106317091125,-0.5840828792137034
735899,7.3629369436675125,-0.582747059869676
736198,7.58078186208418,-0.568373953270799
736499,8.117877529028625,-0.569535695384513
736798,8.345937776586496,-0.5661915896937371
737099,8.513570760942976,-0.5664117294659259
737399,8.890121569975385,-0.5829411540335943
737698,9.043258736936032,-0.5717122233909349
737999,9.347988341699923,-0.5630938598859665
738298,9.221574374225384,-0.5339101089854814
738599,9.069486360836496,-0.5224646129753174
738898,9.039242051278624,-0.5289907680273571
739199,8.956580792410572,-0.5285789489762716
739498,8.738345917530943,-0.5001480408293186
739799,8.699818575542515,-0.5041918013639055
740099,8.681867104699922,-0.5021278095542703
740398,8.831520480297144,-0.5236074762904499
740699,8.82482110819529,-0.51309544522762
740998,8.718381884667515,-0.5229290558685813
741299,9.130380331681403,-0.5399946302149046
741598,8.948827034512423,-0.5456301993806278
741899,8.600518705061031,-0.49941414860840405
742198,8.822607555972487,-0.4932310670692448
742499,8.526201089139153,-0.4916756452555471
742799,8.69108591098778,-0.4766272146126658
743098,8.715899390962322,-0.5184502997868681
743399,8.712100873837322,-0.47260517436810656
743698,8.37506686209195,-0.43975479726724487
743999,8.459772522832692,-0.45854028164098426
744298,8.466415414613554,-0.4588947975575306
744599,8.742050113416795,-0.49948344776031073
744898,8.793990522742414,-0.5403323193250071
745199,16.449463835125194,-0.692454152555285
745499,9.639869426495501,-0.6703711038403948
745798,6.688009547149246,-0.4669393075828263
746099,8.540781102553277,-0.6107317216343147
746398,7.80952200391834,-0.670609246964218
746699,6.599011102946888,-0.6678967829988574
746998,6.264927802575657,-0.7735554725212026
747299,4.515748182314083,-1.0323924784685365
747598,4.666818956462232,-1.0064626402804278
747899,4.779921270552509,-1.0135939108630123
748199,4.909886309675285,-0.9940823300015693
748498,5.029558707976119,-1.0044161179740296
748799,4.937513339777137,-0.9826927554346478
749098,4.819734403219266,-0.970926787598765
749399,4.767134995987785,-0.9251694178316066
749698,5.62772553446489,-1.006160349663853
749999,5.477607203797879,-0.9719616093733106
750298,5.516452014647417,-0.9801694842081516
750599,5.630009077601211,-0.9449503150274383
750899,5.696315718473896,-0.941136788489978
751198,6.039916121534081,-0.9282320002618347
751499,6.0879485642655595,-0.9097783177704124
751798,6.254739251670653,-0.8807457494829924
752099,6.281117148263245,-0.8605767177533177
752398,6.057454692096578,-0.8279887583259695
752699,6.099428646777134,-0.8406894649159882
752998,6.044608267133528,-0.7629118321238708
753299,6.115632537566397,-0.7387131107625229
753599,6.862194068219428,-0.9020586486748325
753898,5.359842762979205,-0.7014191968524601
754199,5.369043567789392,-0.7222088251295853
754498,5.610534572254668,-0.6884761946151852
754799,5.7455056544738055,-0.6905815454012163
755098,5.447680957099061,-0.9320641410998278
755399,5.116047209450658,-0.8886919665530537
755698,5.098564132497724,-0.7575365579759012
755999,5.111273792415934,-0.7981831955188743
756299,5.1439028856103794,-0.7936122944800947
756598,5.192425295182138,-0.7959643638942357
756899,5.333324482273325,-0.8459024611838515
757198,5.326285036492322,-0.8490878867002116
757499,5.156859823904358,-0.7670470492324151
757798,5.2592489069700825,-0.6838923875117782
758099,5.207706797939989,-0.6885634721569225
758398,5.494768437451652,-0.714906512099349
758699,29.437148799400582,-0.7106612447345966
758999,34.214137731952185,-0.6683663463086764
759298,0.8669659917681518,-0.37537842793473164
759599,,
759898,0.6283366030646209,
760199,0.6283366030646209,
760498,0.6283366030646209,
760799,0.6283366030646209,
761098,0.6283366030646209,
761399,0.6283366030646209,
761699,0.6283366030646209,
761998,0.6283366030646209,
762299,0.6283366030646209,
762598,0.6283366030646209,
762899,0.6283366030646209,
763198,0.6283366030646209,
763499,0.6283366030646209,
763798,0.6283366030646209,
764099,0.6283366030646209,
764399,0.6283366030646209,
764698,0.6283366030646209,
764999,0.6283366030646209,
765298,0.6283366030646209,
765599,0.6283366030646209,
765898,0.6283366030646209,
766199,0.6283366030646209,
766498,0.6283366030646209,
766799,0.6283366030646209,
767099,0.6283366030646209,
767398,0.6283366030646209,
767699,0.6283366030646209,
767998,0.6283366030646209,
768299,0.6283366030646209,
768598,0.6283366030646209,
768899,2.434231500832863,-0.5529038266062054
769198,10.48792801056566,-0.6545899614831601
769499,10.559369971784916,-0.849117228863727
769799,9.502199185908253,-0.6591983862737401
770098,8.722287000886768,-0.7266227983824258
770399,7.886886182938347,-0.6867977832445029
770698,7.224723573637421,-0.6265241646314075
770999,21.727050203949272,-1.0749029185369037
771298,13.570402141463811,-1.1616137588994744
771599,33.27494717609741,-1.4269897275922827
771898,,
772199,,
772499,,
772798,,
773099,,
773398,,
773699,0.6283366030646209,
773998,,
774299,,
774598,,
774899,,
775199,0.6283366030646209,
775498,0.6283366030646209,
775799,0.6283366030646209,
776098,0.6283366030646209,
776399,0.6283366030646209,
776698,0.6283366030646209,
776999,0.6283366030646209,
777298,0.6283366030646209,
777599,0.6283366030646209,
777899,0.6283366030646209,
778198,0.6283366030646209,
778499,0.6283366030646209,
778798,0.6283366030646209,
779099,0.6283366030646209,
779398,0.6283366030646209,
779699,0.6283366030646209,
779998,0.6283366030646209,
780299,0.6283366030646209,
780599,0.6283366030646209,
780898,0.6283366030646209,
781199,0.6283366030646209,
781498,0.6283366030646209,
781799,0.6283366030646209,
782098,0.6283366030646209,
782399,0.6283366030646209,
782698,0.6283366030646209,
782999,0.6283366030646209,
783299,0.6283366030646209,
783598,0.6283366030646209,
783899,0.6283366030646209,
784198,0.6283366030646209,
784499,0.6283366030646209,
784798,0.6283366030646209,
785099,0.6283366030646209,
785398,0.6283366030646209,
785699,0.6283366030646209,
785999,0.6283366030646209,
786298,0.6283366030646209,
786599,0.6283366030646209,
786898,0.6283366030646209,
787199,0.6283366030646209,
787498,0.6283366030646209,
787799,0.6283366030646209,
788098,0.6283366030646209,
788399,0.6283366030646209,
788699,0.6283366030646209,
788998,0.6283366030646209,
789299,0.6283366030646209,
789598,0.6283366030646209,
789899,0.6283366030646209,
790198,3.006135697279033,-0.8743227774242404
790499,7.016356862407601,-0.99178251579027
790798,4.904601972608154,-0.9562337018073575
791099,4.984144127840476,-1.043493983938411
791399,5.2938160405025085,-1.0924782960995345
791698,4.923190354551055,-0.988224376623138
791999,6.882533503374612,-0.7824466473836296
792298,5.866634439324783,-0.9218122926551704
792599,8.150889001276191,-0.5973520407244512
792898,6.235037792044175,-0.9612179620582688
793199,4.566425637238364,-1.0466939008906913
793498,5.904632768733991,-1.0033528353297383
793799,6.344602147583527,-1.098972580504991
794099,6.785195089139202,-0.8620052551779247
794398,5.282102156833273,-1.0347864339380957
794699,5.252835689430494,-1.0347911854289427
794998,5.4787746947129,-1.0258776963599674
795299,5.76026363285179,-0.9604618676007406
795598,5.2086016375410225,-1.013466177368533
795899,5.957441717974152,-1.0156532989105425
796198,5.124669039515563,-1.0490405207402582
796499,5.386394804103522,-1.0311307194652968
796799,5.028923637302595,-0.9219123109051925
797098,43.249378881560375,-0.42569753835594093
797399,7.307425862124394,-0.5619519533454829
797698,7.435402789374613,-0.6120600627372104
797999,7.564967739663964,-0.475064272881222
798298,8.742321137803435,-0.4918561200360394
798599,4.635988001939171,-1.0372937238270339
798898,4.882299552649819,-1.0783299218856186
799199,5.056805664381301,-1.030933176912649
799499,5.198361861544246,-0.9609111397936752
799798,5.299614673536976,-0.9330590657324005
800099,5.901628144203898,-1.032515695540933
800398,5.266680655432228,-0.8188210291098315
800699,5.781206603378986,-0.7990363501075077
800998,5.814717024050282,-0.8100379251127081
801299,6.227687238805494,-0.7296712427033891
801598,5.5997071066735495,-0.6103696361508515
801899,6.1365092888795685,-0.6435809709830536
802199,6.260066878644365,-0.6171460387445626
802498,6.449116072682809,-0.6682336460870522
802799,6.454188738314754,-0.9528508198799555
803098,5.725227742916861,-1.1123782692929653
803399,4.839578095421235,-1.005883050985053
803698,5.025168604437438,-1.0045986579999178
803999,4.754843703840217,-0.8371270813996903
804298,4.799767318668921,-0.7566309822006627
804599,5.187195177634198,-0.8039541190630193
804899,5.501040142962318,-0.8333347249507816
805198,5.889476953759523,-0.8501714015505595
805499,6.34041414866686,-1.0332836375875694
805798,16.028446441941245,-0.6512325440879878
806099,100.89913759739835,-0.4836527097009946
806398,51.596401321933065,-0.44360125591847566
806699,0.6283366030646209,
806998,1.0035117719088396,-0.8344431629676066
807299,0.6283366030646209,
807599,0.6283366030646209,
807898,0.6283366030646209,
808199,0.6283366030646209,
808498,0.6283366030646209,
808799,0.6283366030646209,
809098,0.6283366030646209,
809399,0.6283366030646209,
809698,0.6283366030646209,
809999,0.6283366030646209,
810299,0.6283366030646209,
810598,0.6283366030646209,
810899,0.6283366030646209,
811198,0.6283366030646209,
811499,0.6283366030646209,
811798,0.6283366030646209,
812099,0.6283366030646209,
812398,0.6283366030646209,
812699,0.6283366030646209,
812999,11.891201673129824,-1.0312852020674006
813298,10.364638408956212,-1.2395968835547446
813599,10.69138348920918,-0.6624994417825896
813898,5.6258196625774985,-0.8135631018007417
814199,5.641355934394365,-1.1981154477869742
814498,7.730443909625848,-1.1126277122652586
814799,6.121881612313347,-1.0981852324200805
815098,6.279485019875847,-1.0064658521942107
815399,6.0933614772300135,-1.0079209421021869
815699,10.018795354977044,-0.9925878860843595
815998,7.302063350743249,-1.2108307258170408
816299,6.672082457152972,-0.8309361454387503
816598,7.942650794798805,-1.1398566746175494
816899,9.41738673746547,-1.1589340462630475
817198,8.357900436949269,-1.214101336694263
817499,7.47743484798862,-1.0340353287705293
817798,7.96498173416686,-1.262624099880457
818099,6.953166902690662,-1.1103100842081832
818399,13.723736945534917,-0.9877469389695728
818698,6.640769661257257,-0.8142620021538012
818999,6.7196009559145455,-0.9415362209827995
819298,7.830111419085842,-0.874897864087175
819599,5.985932535940662,-0.8360175398773684
819898,7.457527191426119,-1.0724225947433972
820199,9.27889964726705,-0.8277969016801396
820498,9.85235018212288,-0.8065306108993966
820799,7.119059723368903,-0.9329389555426153
821099,31.24119679480112,-0.7165956566686493
821398,20.868411700240934,-0.7602568409060975
821699,37.44339032636362,-0.6295564001040792
821998,6.649908265500847,-0.6224768036625965
822299,6.5501364171443655,-0.5684924322118952
822598,7.796687395952237,-0.5553768047244274
822899,8.220303486475384,-0.5437016146038356
823198,13.521921118430747,-0.6031606455003664
823499,14.863506189385175,-0.4362300776775756
823799,30.386503065946947,-0.5889812535917742
824098,31.738290623562687,-0.5420321119956226
824399,21.972906896972418,-0.6185501156865942
824698,19.74138128450714,-0.5397491025189793
824999,18.22427273466223,-0.5241503616337599
825298,20.121714933497877,-0.5920635616899255
825599,21.219675219338153,-0.57983628399302
825898,57.64011137717611,-0.6950848965750467
826199,72.59063094672705,-0.691100866508622
826499,62.57258783350713,-0.6522440212330403
826798,103.03726847693537,-0.6513920867049612
827099,115.72925424202796,-0.46805430566209116
827398,132.01565526304648,-0.5478800847037837
827699,104.7791848126761,-0.5625134675641297
827998,120.07055509045391,-0.5224595260767722
828299,100.14576956478261,-0.6152719640978799
828598,83.02576121753724,-0.515438606751218
828899,104.72921657522244,-0.6160801419039679
829199,72.99226500184741,-0.5652590840051441
829498,32.02905535125251,-0.5425776391594264
829799,57.69299815555573,-0.7011791512266876
830098,55.98656868203028,-0.6178795501672105
830399,69.31130931451177,-0.5051160125925362
830698,59.68413487016455,-0.5413331714447922
830999,63.509789958990936,-0.580640644876609
831298,71.21716100219696,-0.4767882998494679
831599,54.22649211677335,-0.5645174463682205
831899,66.38412753540298,-0.5432336898136163
832198,49.4980659803289,-0.6288763311942114
832499,45.085397909099726,-0.6464991333533281
832798,51.49101174219001,-0.5520039294553245
833099,48.92230564756038,-0.5671255190008098
833398,32.37006191457427,-0.4886927030576169
833699,0.6283366030646209,
833998,0.6283366030646209,
834299,0.6283366030646209,
834599,0.6283366030646209,
834898,0.6283366030646209,
835199,0.6283366030646209,
835498,0.6283366030646209,
835799,11.465613028880481,-0.5388846333761743
836098,13.271015357939852,-0.37374547552816506
836399,11.494103461673648,-0.3481070148149987
836698,11.14053249510189,-0.42972523680088504
836999,9.892340980886704,-0.4233562573482954
837299,8.686101742851891,-0.44924321146943824
837598,8.446996861212325,-0.5224875310415549
837899,9.3655804221385,-0.5778185556341107
838198,7.786877433749358,-0.7490279055568083
838499,7.105346974906766,-0.7968240163424705
838798,7.013755790198429,-0.8172596848802032
839099,7.231410275964635,-0.8738706308759217
839398,7.126542570559541,-0.8600732848054651
839699,7.342464847666024,-0.86180867063931
839999,7.358023032749356,-0.8836409895013138
840298,7.427104950219846,-0.8839035373444752
840599,7.531348105585912,-0.9154081497785345
840898,7.805776358789618,-0.9180692370097492
841199,7.961962581129892,-0.8857500651614107
841498,7.779914101359059,-0.8433462416952331
841799,8.062344828386838,-0.8354921297200808
842098,10.547495514001929,-0.5342235971349347
842399,9.025120138736286,-0.6320404136120303
842699,8.608282050423131,-0.7197881981291894
842998,13.595868818515722,-0.5032488720572674
843299,9.70695918791916,-0.704770191746338
843598,0.6283366030646209,
843899,0.8235934584059617,-2.4064744708863954
844198,1.148004702969942,-0.44311205622609173
844499,10.555681847752583,-0.665134929293397
844798,10.680241681108832,-0.6099289280288054
845099,10.828378252992579,-0.609202024923807
845399,11.05579158376638,-0.5652920306717688
845698,11.94305828954797,-0.577051924070141
845999,21.29127374038214,-0.44506839672974263
846298,25.653275966727048,-0.2597487809124095
846599,38.541075109558065,-0.2442669111646023
846898,61.96803567302797,-0.2822934953767724
847199,73.05167109663213,-0.28651749928197967
847498,2.0417996297022585,-0.24779333262742842
847799,0.6283366030646209,
848099,,
848398,,
848699,,
848998,8.601316772315352,-0.42066836816113984
849299,0.6283366030646209,
849598,0.6283366030646209,
849899,0.6283366030646209,
850198,0.6283366030646209,
850499,0.6283366030646209,
850799,0.6283366030646209,
851098,0.6283366030646209,
851399,0.6283366030646209,
851698,0.6283366030646209,
851999,0.6283366030646209,
852298,0.6283366030646209,
852599,0.6283366030646209,
852898,0.6283366030646209,
853199,0.6283366030646209,
853499,0.6283366030646209,
853798,0.6283366030646209,
854099,0.6283366030646209,
854398,0.6283366030646209,
854699,0.6283366030646209,
854998,0.6283366030646209,
855299,0.6283366030646209,
855598,0.6283366030646209,
855899,0.6283366030646209,
856199,0.6283366030646209,
856498,0.6283366030646209,
856799,0.6283366030646209,
857098,0.6283366030646209,
857399,0.6283366030646209,
857698,0.6283366030646209,
857999,0.6283366030646209,
858298,20.992539300102166,-0.6553135717369141
858599,12.01804650405575,-1.2035483702723369
858899,24.93765850139371,-0.849158943535486
859198,21.2198932560142,-0.8603624218229431
859499,,
859798,0.5095332575141502,-0.1609335806644583
860099,,
860398,0.7759599986392686,-1.2520588886785373
860699,0.799963387941103,-1.067387482573019
860998,,
861299,,
861599,0.7760626567619536,-1.1350619311388557
861898,24.646025753166857,-1.5538862520821053
862199,18.080450676069635,-1.625544045333573
862498,14.5576151629654,-1.312081830054201
862799,1.4518652659730256,-0.6881589452702452
863098,0.964102288890468,-1.278067975373332
863399,23.18185759043248,-1.1655013828313767
863698,0.6283366030646209,
863999,0.6283366030646209,
864299,,
864598,0.6283366030646209,
864899,0.6283366030646209,
865198,0.6283366030646209,
865499,0.6283366030646209,
865798,0.6283366030646209,
866099,0.6283366030646209,
866398,0.6283366030646209,
866699,0.6283366030646209,
866999,0.6283366030646209,
867298,0.6283366030646209,
867599,0.6283366030646209,
867898,0.6283366030646209,
868199,0.6283366030646209,
868498,0.6283366030646209,
868799,0.6283366030646209,
869098,0.6283366030646209,
869399,0.6283366030646209,
869699,0.6283366030646209,
869998,0.6283366030646209,
870299,0.6283366030646209,
870598,0.6283366030646209,
870899,0.6283366030646209,
871198,0.6283366030646209,
871499,0.6283366030646209,
871798,0.6283366030646209,
872099,0.6283366030646209,
872399,0.6283366030646209,
872698,0.6283366030646209,
872999,0.6283366030646209,
873298,0.6283366030646209,
873599,0.6283366030646209,
873898,0.6283366030646209,
874199,0.6283366030646209,
874498,0.6283366030646209,
874799,0.6283366030646209,
875099,0.6283366030646209,
875398,0.6283366030646209,
875699,0.6283366030646209,
875998,0.6283366030646209,
876299,0.6283366030646209,
876598,0.6283366030646209,
876899,0.6283366030646209,
877198,0.6283366030646209,
877499,0.6283366030646209,
877799,7.185652149120638,-0.8881413013097774
878098,8.915352682338156,-0.9538003968608497
878399,8.482088651353521,-0.908518573663849
878698,8.84748948981186,-0.9282883199046068
878999,8.527415165622626,-0.8813791462406027
879298,8.315343120828643,-0.79362688504631
879599,8.246850906215217,-0.8294033099029774
879898,8.526156218576327,-0.8697847294650414
880199,7.672447428900657,-1.021391280888508
880499,6.234919923060124,-1.0102592752066721
880798,6.75757509897216,-1.0186830252921117
881099,6.1305574494189194,-0.9844754520097903
881398,6.649618116266142,-0.9848320175168599
881699,7.667970377453642,-0.8885839460994216
881998,11.29600412277797,-0.5932983262483793
882299,5.756519895645771,-1.0126485000498682
882598,5.798464113567068,-1.0281404318603613
882899,5.92318554823605,-0.9699243452058199
883199,5.90931830053929,-0.953154012551644
883498,6.71675738335899,-1.017483037455392
883799,9.134282371833526,-0.9239656388711459
884098,10.936040740402971,-0.5332077697841047
884399,6.489016580694383,-1.0206525024041584
884698,9.66732345568075,-0.6578452393526089
884999,8.861231264895771,-0.6014058205042327
885298,8.83700269212031,-0.5915025043028332
885599,8.937153266727044,-0.5328220279258411
885899,8.79512645174531,-0.5900424984535315
886198,8.95190086872679,-0.6561896072632314
886499,8.868101813536976,-0.722918192230809
886798,9.14753142449473,-0.6693229154416298
887099,9.339429973291608,-0.6972340033725135
887398,9.225419993002255,-0.6404777850666761
887699,9.486439138768457,-0.7562070330586919
887998,10.157316470777715,-0.6488775434240543
888299,11.499209589389734,-0.6534504962302166
888599,14.040782164453313,-0.5294969688987021
888898,8.805113768710587,-0.8687527779772497
889199,8.241093897810124,-0.8258949346987505
889498,9.164506111878985,-0.6079434477299608
889799,9.38601675912667,-0.5839107784959705
890098,9.755778592993902,-0.6488560854750087
890399,10.076527064590216,-0.5688746690053654
890698,10.524463476620564,-0.6289034258644979
890999,11.584441366687692,-0.7682022034613474
891299,11.175239174643712,-0.6800788220877059
891598,9.926661911741052,-0.5736509336523516
891899,13.309425697692323,-0.676185380907752
892198,10.814122396747878,-1.0097877814488991
892499,11.805825308028089,-1.0134873274456644
892798,12.063081831639083,-0.9532659323064407
893099,13.590609264967785,-0.9078304903393297
893398,12.047484760266395,-0.9014153955488855
893699,10.596073352004822,-0.9477920726018298
893999,12.810076741838156,-0.8917705443848092
894298,12.411414466479359,-0.8319843523479766
894599,9.96084610643538,-0.8468912758021079
894898,9.786942977507138,-0.8151098713971971
895199,9.418575996826583,-0.866161123078615
895498,10.351558854782601,-0.8626568158742871
895799,11.674352235152972,-0.8140408768249368
896098,11.823312721972414,-0.8425788064280304
896399,12.78637319121559,-0.8957311509181942
896699,13.052485176699271,-0.7108475120401903
896998,10.940784009011768,-0.9171789479432468
897299,15.454633555933064,-0.898949766031429
897598,13.913978477379825,-0.8666253258435228
897899,15.932584299493247,-0.7622060819026151
898198,16.220850376074267,-0.7907152337114314
898499,13.373625077095102,-0.7360488457188596
898798,44.42247470571084,-0.5055692675339303
899099,57.72156878657196,-0.6248234436879423
899399,37.55694783856805,-0.5173871516462087
899698,,
899999,0.6283366030646209,
900298,0.6283366030646209,
900599,0.6283366030646209,
900898,0.6283366030646209,
901199,0.6283366030646209,
901498,0.6283366030646209,
901799,0.6283366030646209,
902099,0.6283366030646209,
902398,3.9532953381367566,-0.8686253295694799
902699,12.96054896078202,-0.8472649505491432
902998,21.58777860073862,-0.8448833344568558
903299,26.084197904007137,-1.0091622222126548
903598,12.1684962930142,-0.8378486423048546
903899,11.664625117356676,-1.0379149198239501
904198,9.9055328090402,-1.0498235644204548
904499,9.857580070725383,-0.9781064289200452
904799,10.35150185210733,-0.9001222919462932
905098,7.713254800718441,-1.2563305142989147
905399,11.670294255804087,-0.9287951631559179
905698,11.999154384801772,-0.9593610450023085
905999,9.15471541871381,-1.173658103726285
906298,10.7578286858064,-1.1271834720461564
906599,10.048517544986305,-1.2275067176346104
906898,13.528662535673924,-0.886430632367849
907199,12.793563279007136,-1.0753844481880637
907499,11.448867137880477,-1.0536543410874684
907798,14.762361070125195,-1.0823853791876012
908099,13.160905802629824,-1.0813342992500599
908398,22.716262421141398,-0.794440484784025
908699,40.946876353159915,-0.7632750917422721
908998,13.881201858354357,-0.7433251662436127
909299,8.866588364056403,-1.2253123648999211
909598,10.016007522423804,-1.0985814294526866
909899,24.496041659546492,-0.48499971373911177
910199,6.771026411769368,-0.9197718378871149
910498,12.500241484926239,-0.8385113567396294
910799,8.213737191282599,-1.1407935547047385
911098,13.631603055771144,-1.1124732153896604
911399,23.639691076930752,-1.0304125281131493
911698,30.244551912671493,-1.350801403957854
911999,7.688457924077237,-0.8572238231275255
912298,7.8218803747045484,-0.8256063791266048
912599,8.003214267436032,-0.7512253347414022
912899,8.534154703912884,-0.6350431027997718
913198,9.72621316834807,-0.5429195773191651
913499,10.645875198324923,-0.49313011329813117
913798,9.945794063991588,-0.5336409397107242
914099,8.919163587463808,-0.41479841247907445
914398,8.903888045102699,-0.367116073203549
914699,9.658362448466127,-0.37420471226975893
914998,10.930442097199922,-0.36819600865017366
915299,11.113039867366588,-0.36072860738084245
915599,11.558498278232328,-0.34865457984226844
915898,12.156261831975383,-0.3604399380670944
916199,12.978130844808717,-0.35512271495918957
916498,10.955136626153624,-0.3031721005651018
916799,11.58390689191983,-0.3469422357408698
917098,12.190164729984645,-0.3435656435407961
917399,12.453191466352697,-0.34039398174205737
917698,13.086986692875843,-0.33824961583595425
917999,13.218182127067978,-0.32816044358583163
918299,13.953333763079552,-0.33451370121633506
918598,16.50053588736659,-0.28657185830004894
918899,16.527833669648988,-0.2896929775263333
919198,18.76947614526614,-0.6907004430752146
919499,15.184222018192067,-0.49477342800176327
919798,17.04443821286105,-0.5907367136267327
920099,17.10806202864205,-0.5689995665428011
920398,18.02388975694207,-0.5075025795571175
920699,18.30501050343975,-0.4325073605104468
920999,23.2667397854476,-0.5693446184977746
921298,21.33661425278094,-0.6555343971134822
921599,20.685227056843438,-0.500664309076992
921898,23.66215862450085,-0.5851767101800633
922199,1.0574452616400958,-0.609908413269449
922498,14.622441057861957,-0.57527585805906
922799,3.7910491255220617,-0.5515316210101247
923098,1.7283007833149397,-0.6073365100259729
923399,0.6283366030646209,
923699,0.6283366030646209,
923998,0.6283366030646209,
924299,0.6283366030646209,
924598,0.6283366030646209,
924899,0.6283366030646209,
925198,,
925499,0.6283366030646209,
925798,,
926099,50.5760551927371,-0.25583286885086975
926399,57.49492661619357,-0.20347673755755702
926698,4.798659891932909,-0.7765947589928968
926999,5.6567392706783695,-0.661852496092248
927298,6.281015732222352,-0.7478893836661411
927599,5.98267146917837,-0.6742598747527073
927898,6.5185391792519285,-0.8927323574442625
928199,6.328094472659852,-0.7722133165890248
928498,6.651941104828833,-0.9011374308950388
928799,6.51035772577945,-0.9460788500671089
929099,6.602337410224665,-0.9953467133583864
929398,6.797986050637285,-0.964263349581159
929699,6.900912211067259,-0.9625709791047674
929998,19.923288022502508,-0.3476685558572743
930299,6.779785286378026,-1.01501473398464
930598,7.2370329396642905,-1.0222289479750915
930899,7.351707461789289,-0.983329210552039
931198,7.9908180999168605,-0.9996609120065554
931499,8.040682195150403,-1.028082927921531
931799,9.118446812778625,-0.9817229935265956
932098,8.524466965152715,-1.024342705242535
932399,8.242134787530222,-1.0040470132011299
932698,7.893890539540063,-1.0088244140268823
932999,8.126852489451515,-1.036743697805953
933298,8.698438321036978,-0.9818853284196956
933599,8.496092429388248,-1.0053974355664237
933898,8.534986766900404,-0.9664635122436067
934199,8.613102570666609,-0.9157993775227746
934499,8.848012481611049,-0.8357744818229156
934798,9.277229374282348,-0.831821209638743
935099,9.960448700275402,-0.7878074034920921
935398,10.131425156565662,-0.7544670425216835
935699,10.446573452926774,-0.686454080827537
935998,11.1961926454777,-0.6747826703673312
936299,11.794409810505478,-0.6973541832964505
936598,12.429167046836495,-0.660927826409744
936899,13.537656496672145,-0.6857237466546331
937199,14.066046094086495,-0.6916695655548746
937498,29.69688180405575,-0.6139453229304188
937799,13.194715782514734,-0.865331138843584
938098,32.089218843071954,-0.4049104342974126
938399,39.577832516560385,-0.49260976126421174
938698,46.621051761027964,-0.5618910747643844
938999,36.57777917729418,-0.5383543216026294
939298,0.6283366030646209,
939599,0.6283366030646209,
939899,0.6283366030646209,
940198,0.6283366030646209,
940499,0.6283366030646209,
940798,0.6283366030646209,
941099,0.6283366030646209,
941398,0.6283366030646209,
941699,0.6283366030646209,
941998,0.6283366030646209,
942299,0.6283366030646209,
942599,0.6283366030646209,
942898,0.6283366030646209,
943199,0.6283366030646209,
943498,0.6283366030646209,
943799,0.6283366030646209,
944098,0.6283366030646209,
944399,0.6283366030646209,
944698,0.6283366030646209,
944999,0.6283366030646209,
945299,0.6283366030646209,
945598,0.6283366030646209,
945899,7.849602055342787,-1.2017828263135808
946198,7.65441810860899,-1.0604387097701666
946499,6.16039946511825,-0.8857476755225957
946798,5.897319087632791,-0.8560968108221585
947099,7.4141655944423235,-0.9386381230037564
947398,7.880210402298805,-1.0236330211475844
947699,5.994940840169828,-0.7077220856082593
947999,6.583018768058718,-0.8365905335258326
948298,13.737488983929087,-1.050360663998923
948599,25.764903932347416,-0.8223083431705425
948898,27.51634587469927,-0.7996422406594699
949199,19.98855053143075,-0.9209595882680484
949498,12.617863428396145,-0.9231426666047382
949799,1.4225286051915498,-0.4241126050214896
950098,11.449658815273343,-1.022154136362146
950399,0.6283366030646209,
950699,0.6283366030646209,
950998,16.679585005356675,-1.2165704444210643
951299,8.325615894506884,-0.7564328451461904
951598,7.586081544525657,-0.9909169344589128
951899,13.069083866963158,-0.4353302907533734
952198,9.971044777060378,-0.4870412980615553
952499,2.2188153980526617,-0.42881667259810907
952798,5.263890598825782,-0.72021659858028
953099,1.398927905483661,-0.7806774423313909
953399,0.6283366030646209,
953698,0.6283366030646209,
953999,0.6283366030646209,
954298,0.6283366030646209,
954599,0.6283366030646209,
954898,0.6283366030646209,
955199,0.6283366030646209,
955498,0.6283366030646209,
955799,0.6283366030646209,
956099,0.6283366030646209,
956398,0.6283366030646209,
956699,0.6283366030646209,
956998,0.6283366030646209,
957299,0.6283366030646209,
957598,0.6283366030646209,
957899,0.6283366030646209,
958198,0.6283366030646209,
958499,0.6283366030646209,
958799,0.6283366030646209,
959098,0.6283366030646209,
959399,0.6283366030646209,
959698,0.6283366030646209,
959999,0.6283366030646209,
960298,0.6283366030646209,
960599,0.6283366030646209,
960898,0.6283366030646209,
961199,0.6283366030646209,
961499,0.6283366030646209,
961798,0.6283366030646209,
962099,0.6283366030646209,
962398,0.6283366030646209,
962699,0.6283366030646209,
962998,0.6283366030646209,
963299,0.6283366030646209,
963598,0.6283366030646209,
963899,0.6283366030646209,
964199,0.6283366030646209,
964498,0.6283366030646209,
964799,0.6283366030646209,
965098,0.6283366030646209,
965399,13.772327351452946,-0.5404737045660051
965698,21.139309794065007,-0.683422306309291
965999,6.07432469366043,-0.587659076500453
966298,6.999548527292378,-0.6019529203453591
966599,6.444857368250708,-0.5321184390501028
966899,7.510310243416606,-0.7246766497597013
967198,7.946650753474477,-0.7237829107937064
967499,7.885812692442067,-0.64801177615574
967798,7.976107702398086,-0.6850654531879936
968099,7.974018973979105,-0.5727780662019677
968398,7.539715162819383,-0.5583644388085836
968699,7.350343008442841,-0.5591692034450235
968998,7.649277968810896,-0.512539320638322
969299,7.620862708801635,-0.5017154948384148
969599,9.57103872892612,-0.8961556877215011
969898,6.544616269386513,-0.5819041250518153
970199,7.606436833875195,-0.7885221225784855
970498,7.148223093705957,-0.6669206061973838
970799,6.29695070692895,-0.5780696116087911
971098,7.033879222482189,-0.6287834689990897
971399,7.004588072440523,-0.6125780249958497
971698,6.573144685109505,-0.5752795191554383
971999,6.8538209178526985,-0.863020198711347
972299,6.737704146935894,-0.5515726713181255
972598,6.983937172447467,-0.5892925530263764
972899,6.6154653745840415,-0.5874656217348837
973198,6.895593736618764,-0.5637567043114657
973499,7.118603655482191,-0.5481976910362083
973798,7.5240577362020975,-0.6699322190771682
974099,7.580107604138825,-0.5798042271029338
974398,7.351725154055749,-0.9491068472088313
974699,6.09347080111568,-0.9317656961774536
974999,8.081327766169174,-1.0736279159681947
975298,7.157468809942068,-0.8929265031317921
975599,7.337485979483735,-0.9249504127956623
975898,7.594405774113365,-0.9238764902001251
976199,8.000649175418921,-0.9572397405172639
976498,8.227105724907345,-0.9099741994296724
976799,7.870965898657346,-0.9019026150834211
977098,8.099026629902717,-0.8312704326993703
977399,8.11671100073142,-0.8134708324425703
977699,13.615870912092786,-0.828505423293209
977998,26.90979148866289,-0.3611693194457115
978299,19.31273644890309,-0.5071864478599972
978598,73.00839294788908,-0.35183105250728586
978899,27.622384889032602,-0.4570075323846001
979198,9.370241436730016,-0.7879030416915349
979499,8.407441741331867,-0.8620806851123342
979798,8.717507615991586,-0.8399727802420174
980099,9.236573912033256,-0.8546142487901307
980399,9.499137414283256,-0.8631464986300545
980698,10.043201046278627,-0.8610074434586357
980999,10.691296653105017,-0.8625712840613664
981298,11.053704217401311,-0.8392711055277131
981599,11.67832862814205,-0.8318216946460046
981898,12.359988727801772,-0.8034111043083341
982199,12.036743702952235,-0.7862299661289665
982498,11.942582694387418,-0.7775875866104509
982799,12.050724634179089,-0.7464901876368333
983099,24.309746905805753,-0.5517070910942665
983398,10.711180890562694,-0.7875691813953034
983699,10.267276709946952,-0.8276350901072098
983998,11.184853552604359,-0.8553779040730141
984299,11.806683663453898,-0.753989372299467
984598,12.903598328894365,-0.716004553587704
984899,13.186804537903628,-0.6838347858617828
985198,14.02747900331335,-0.6604672174778874
985499,14.781583698984642,-0.6106225986913691
985799,15.306490044681404,-0.6642406999999917
986098,16.00795874545455,-0.6635039777554559
986399,17.178247534095757,-0.6403087305612816
986698,19.68548576343538,-0.6781259836608764
986999,20.89033671160216,-0.6220682973214455
987298,19.62137535048862,-0.6125170436520033
987599,18.757318764405404,-0.5195663851033541
987898,29.875867965076583,-0.6582896422217819
988199,40.2130441054076,-0.7046057035081059
988499,40.849163339134456,-0.7351593849054363
988798,30.249491899481672,-0.7687050221327496
989099,1.3958417992961611,-0.8484271969061759
989398,0.6283366030646209,
989699,0.6283366030646209,
989998,0.6283366030646209,
990299,0.6283366030646209,
990598,0.6283366030646209,
990899,0.6283366030646209,
991199,0.6283366030646209,
991498,0.6283366030646209,
991799,0.6283366030646209,
992098,0.6283366030646209,
992399,0.6283366030646209,
992698,20.260300020115935,-1.2948929284641033
992999,18.09267869066917,-1.1750535497537888
993298,12.581170124230015,-0.8549335303435626
993599,23.39920922513445,-0.9366847251001216
993899,13.19939317882029,-0.940876352318081
994198,13.726139501232327,-0.8784636352610191
994499,18.440628366615936,-1.031396054731354
994798,15.17027603156501,-0.895365101192513
995099,13.570272170164664,-0.9980179985790119
995398,12.741348017690125,-0.8404054278819042
995699,15.491388926284916,-0.9612685425046168
995998,12.265767021627628,-0.9708305639032231
996299,11.236234921748533,-0.9518680642493036
996599,11.158015181966126,-1.0560297058888808
996898,10.334034414072608,-0.8866620118146362
997199,8.017307326222415,-0.9008489100700727
997498,12.393286653977048,-0.8653362678030885
997799,17.419327157289544,-1.08437263920169
998098,17.43424044294939,-1.0772365309836571
998399,15.396086605761768,-0.8417904982612949
998698,19.668215255127507,-0.9343876866345826
998999,30.365957936780287,-1.2783797845473388
999299,4.983997297901222,-1.1124368694021376
999598,13.34568951335436,-0.839876576205661
999899,34.09774286445621,-0.767663670263633
1000198,20.321282588458526,-1.0525408615998724
1000499,27.305521099731678,-1.0293048253126713
1000798,13.024062259574269,-0.6282901715528868
1001099,24.7868681126113,-0.82745866194073
1001398,21.211984891025658,-0.7478492117763818
1001699,27.7036395676414,-0.684378217441304
1001999,36.502387082898345,-0.8666528862946392
1002298,4.002335979547474,-0.6987029525610171
1002599,20.46458205905575,-0.8726924293329799
1002898,4.435181189616921,-0.7000426488718259
1003199,2.7540401500036285,-0.7031369706642423
1003498,,
1003799,16.525238681235724,-0.6905292987929224
1004098,25.551726545828224,-0.7127863613791241
1004399,,
1004699,0.6283366030646209,
1004998,0.6283366030646209,
1005299,30.207626259956207,-0.8364536050068319
1005598,31.782638127541865,-0.6238211035683818
1005899,23.441364653414666,-0.7093654080659484
1006198,18.71383951112763,-0.4893562756763301
1006499,20.41992739427809,-0.5267927182113763
1006798,19.248440264760106,-0.5484343592670697
1007099,21.218402363430748,-0.5064043764438722
1007399,20.781998478625848,-0.4629089821499519
1007698,61.79577588756037,-0.4213668371089696
1007999,23.634714865884455,-0.6058912538894898
1008298,48.22548096547473,-0.5374899510058109
1008599,18.377378228569636,-0.4347455568995653
1008898,18.575576211553432,-0.5968604212133051
1009199,33.40649839928492,-0.5111069115435414
1009498,32.576610834986305,-0.5587680034069997
1009799,56.81667720619465,-0.5155415248304804
1010099,38.80590557980576,-0.5826644596384765
1010398,6.925222394304376,-0.5262501220478137
1010699,0.6283366030646209,
1010998,,
1011299,0.6283366030646209,
1011598,0.6283366030646209,
1011899,,
1012198,,
1012499,,
1012799,,
1013098,0.6283366030646209,
1013399,0.6283366030646209,
1013698,0.6283366030646209,
1013999,0.6283366030646209,
1014298,0.6283366030646209,
1014599,0.6283366030646209,
1014898,0.6283366030646209,
1015199,0.6283366030646209,
1015499,0.6283366030646209,
1015798,0.6283366030646209,
1016099,0.6283366030646209,
1016398,0.6283366030646209,
1016699,0.6283366030646209,
1016998,0.6283366030646209,
1017299,0.6283366030646209,
1017598,0.6283366030646209,
1017899,0.6283366030646209,
1018199,0.6283366030646209,
1018498,0.6283366030646209,
1018799,0.6283366030646209,
1019098,0.6283366030646209,
1019399,5.756181823962489,-0.4746817979430735
1019698,,
1019999,7.830649671465988,-0.730947036718814
1020298,8.050728278125712,-0.6791487717700395
1020599,8.018600953945153,-0.6731382917738731
1020899,8.305655748651173,-0.7076335911115803
1021198,8.996747588521542,-0.7991931080141019
1021499,8.128870949484504,-0.7429551782116868
1021798,8.685130616875707,-0.8317344791593859
1022099,8.819377009580958,-0.7276128614746278
1022398,9.127309486523085,-0.7938352162605726
1022699,9.505360261657348,-0.8271975652901378
1022998,9.95536414729855,-0.8323787742678317
1023299,10.346041538462902,-0.8388298509708223
1023599,10.514578252429088,-0.849308012755581
1023898,11.56421188092612,-0.9270946012216352
1024199,12.162961828581212,-0.9060363727392575
1024498,11.76778867740594,-0.805661754166326
1024799,11.866707229408256,-0.8659797091855634
1025098,12.288122628357328,-0.8539367904486455
1025399,12.3109990268527,-0.8175029563180034
1025698,21.5694875333752,-0.8532055701923529
1025999,18.604089346935375,-0.7632968075583815
1026299,15.556983012613621,-0.8169355811063399
1026598,17.7228632003289,-0.7824324592543785
1026899,19.66568865336362,-0.8594541975677423
1027198,28.467374351111303,-0.41568880773172556
1027499,34.77871409320622,-0.3842648996856395
1027798,46.91548501238214,-0.33330622020849665
1028099,29.452048738789543,-0.5012464357923394
1028398,37.350721741345104,-0.43036905950609206
1028699,20.878271196053433,-0.5569533130306421
1028999,26.26191871843075,-0.5083125741365835
1029298,26.7513984053451,-0.528341110088907
1029599,79.63629071948168,-0.6637008487131202
1029898,11.032540912096339,-0.6271875477368205
1030199,11.2013851855334,-0.6235372472951528
1030498,41.35504744073862,-0.6266024491881952
1030799,62.963748501729484,-0.9795291783682389
1031098,0.6283366030646209,
1031399,0.6283366030646209,
1031699,0.6283366030646209,
1031998,0.6283366030646209,
1032299,0.6283366030646209,
1032598,0.6283366030646209,
1032899,0.6283366030646209,
1033198,0.6283366030646209,
1033499,0.6283366030646209,
1033798,0.6283366030646209,
1034099,0.6283366030646209,
1034399,0.6283366030646209,
1034698,0.6283366030646209,
1034999,1.6279394658845228,-0.8278252942551627
1035298,28.770311150782604,-0.7196955668013953
1035599,21.372785476664543,-0.7906834964019993
1035898,10.84532779064205,-1.0162310505488064
1036199,11.291708311155286,-0.8284116884137318
1036498,9.384610741355013,-0.79006844031055
1036799,9.011997331014737,-0.9427988053599652
1037099,9.343344273021678,-1.043437055948107
1037398,8.738397442840473,-0.9726337716367033
1037699,9.606117359530941,-0.9048354307249711
1037998,10.468690178496217,-0.9933506911940935
1038299,9.612209490551772,-0.8202647652037376
1038598,11.682096815447606,-0.9097078308571294
1038899,19.661831673979364,-1.0146458196494401
1039198,13.693931135553553,-0.894957174320419
1039499,32.520530587426116,-1.1903279742060477
1039799,41.12075648840529,-1.0755512517615844
1040098,20.341655380784914,-0.8501520467658326
1040399,33.489680233074274,-0.9649508635933799
1040698,14.99121700466223,-0.760733334612085
1040999,15.902684309708528,-0.8938926899882496
1041298,21.447217981803433,-0.598907095299539
1041599,10.780284907007792,-0.6906358215624426
1041898,29.559738499273337,-1.0232405351061127
1042199,13.405290550227047,-0.7197959436709969
1042499,26.24233914182427,-0.8828744209425732
1042798,12.219838713009453,-0.6228820305701186
1043099,21.898009833803428,-0.6611917022135216
1043398,11.227569354632791,-0.6026779295956233
1043699,10.775649234577235,-0.5367477698542462
1043998,11.141817110565007,-0.5488865224003125
1044299,12.723770794220101,-0.5103754250756509
1044598,12.441777189125848,-0.5816361779295032
1044899,21.900214994872883,-0.8364485083145559
1045199,14.917602537723067,-0.5308724519899157
1045498,15.683036375209177,-0.49395057831049627
1045799,15.74031429993075,-0.448371431673398
1046098,15.528889148461493,-0.4306632394162755
1046399,16.047057207973065,-0.4465315588550003
1046698,16.266607853683716,-0.4334417656751537
1046999,16.956634935878164,-0.422789070603131
1047298,17.44574483476474,-0.40082635892127505
1047599,17.527595324593438,-0.38508842362691564
1047899,18.16784067411659,-0.3882349516913839
1048198,17.828461551431403,-0.40241015311524064
1048499,18.340500296230008,-0.39422672927177516
1048798,18.45886836650548,-0.41701874865907196
1049099,18.998426683940664,-0.40551821273502875
1049398,18.237702163561032,-0.40749518610468116
1049699,18.050105530544826,-0.40784632113524744
1049998,17.455864439067977,-0.39107510547225366
1050299,18.57665552494298,-0.39676870671606235
1050599,18.0890808167277,-0.4014293276009706
1050898,18.60980318989668,-0.39586663109742304
1051199,19.304002727322604,-0.3936847213210146
1051498,19.44630306094298,-0.36809702525706434
1051799,19.212529373938352,-0.3897649435633843
1052098,19.83852150739834,-0.43404989375238046
1052399,20.33634589612353,-0.43806428195842284
1052698,19.652276682278618,-0.42225330090543567
1052999,19.84235702077863,-0.43085240011078496
1053299,23.18901376644695,-0.5046501689562155
1053598,18.95367694169992,-0.46949419676036697
1053899,13.265775096250314,-0.5660320804996433
1054198,15.989842461192978,-0.5287579882805604
1054499,16.241191863116587,-0.49812574316140124
1054798,15.467709830556409,-0.4769709865862741
1055099,16.368125255341123,-0.4901192264073839
1055398,13.824118769246217,-0.5145726460322038
1055699,16.602180922803434,-0.5722575662646463
1055999,15.763465153172145,-0.5201150676665609
1056298,15.750926307426775,-0.5098684515873366
1056599,15.113496175827233,-0.4583771399324057
1056898,14.362474540642053,-0.4491270287270386
1057199,12.571936832261768,-0.6073673345150432
1057498,13.341557383047142,-0.608792774057026
1057799,14.11879154136362,-0.6807350026872883
1058098,13.121063757473069,-0.5040584795669272
1058399,12.00444342238651,-0.5186027331604945
1058699,9.803183191137423,-0.6017618271847966
1058998,10.174511749208271,-0.4969193387149795
1059299,8.795996640497881,-0.6133027686106316
1059598,9.548015779173552,-0.46276748248664124
1059899,9.83328772354392,-0.46054606723032454
1060198,10.42482838772936,-0.8032622332891699
1060499,9.389375045321698,-0.4777758575222255
1060798,9.989330483796234,-0.4990801508093252
1061099,7.507904086959044,-0.5500757831569973
1061399,10.99479614864577,-0.6330468610760671
1061698,10.28916268288742,-0.7412138703310971
1061999,9.878448374058065,-0.6014207639062024
1062298,9.699399126546234,-0.6771544742091387
1062599,10.23295935554855,-0.86255853319394
1062898,10.283846458032603,-0.9656157666252094
1063199,10.587364590537229,-0.9547909148796443
1063498,11.000722298835841,-0.9532004312352862
1063799,9.078446641105012,-0.696797437088202
1064099,10.176930727255476,-0.7954124987039619
1064398,9.808201240094846,-0.6850954373782407
1064699,9.703928315972162,-0.6497380125608712
1064998,9.769182072185124,-0.7347406988357694
1065299,9.122512350837901,-0.6474440377756119
1065598,9.59165673146753,-0.6104689002313359
1065899,9.99227451353466,-0.526355325946753
1066198,11.971567665308719,-0.5587652109057668
1066499,12.263603027032598,-0.6492472156001823
1066799,21.694530883264083,-0.5583369313480362
1067098,11.345172316849732,-0.5962549134681194
1067399,12.086334189335844,-0.6134260230964761
1067698,12.014857007629827,-0.6029779938876998
1067999,13.104717262938346,-0.5450321128855924
1068298,12.414079193498534,-0.560413302940459
1068599,12.673124184301775,-0.5522484791824434
1068898,17.445943883692326,-0.4433483159973075
1069199,13.754593611514736,-0.5654640443863341
1069499,21.227102851563345,-0.3766426911341061
1069798,16.423881489482326,-0.4763819770773172
1070099,17.652310189452237,-0.508391627239869
1070398,20.221775744414668,-0.42199731558111786
1070699,17.29200596310448,-0.5231183571835591
1070998,20.08876092673411,-0.4813973247920522
1071299,19.224741942571953,-0.5145657413229872
1071598,26.946625146646024,-0.44712942409496836
1071899,19.6091712890326,-0.5219366673927892
1072199,135.7530786339192,-0.25191701878770134
1072498,96.07618539504185,-0.21709420316996608
1072799,55.50765609169695,-0.3549641764095084
1073098,72.3745226638752,-0.33153821435154573
1073399,94.06450568004185,-0.2265949825868534
1073698,33.57411668141686,-0.28243048599949616
1073999,42.22334938814139,-0.253878033116431
1074298,72.15232983318538,-0.26433064192688627
1074599,50.95869135305415,-0.2549951389999616
1074899,35.101986345213874,-0.26107631231830997
1075198,0.6283366030646209,
1075499,0.6283366030646209,
1075798,,
1076099,,
1076398,,
1076699,,
1076998,,
1077299,0.6283366030646209,
1077599,0.6283366030646209,
1077898,0.6283366030646209,
1078199,0.6283366030646209,
1078498,0.6283366030646209,
1078799,0.6283366030646209,
1079098,0.6283366030646209,
1079399,0.6283366030646209,
1079698,0.6283366030646209,
1079999,0.6283366030646209,
1080299,0.6283366030646209,
1080598,0.6283366030646209,
1080899,0.6283366030646209,
1081198,0.6283366030646209,
1081499,0.6283366030646209,
1081798,0.6283366030646209,
1082099,0.6283366030646209,
1082398,0.6283366030646209,
1082699,0.6283366030646209,
1082999,0.6283366030646209,
1083298,0.6283366030646209,
1083599,0.6283366030646209,
1083898,0.6283366030646209,
1084199,38.28307998564835,-1.0128685112071092
1084498,22.10912592193306,-0.9314787501662491
1084799,34.05973136929186,-0.9995336734599096
1085098,24.46495107342149,-0.9580818831492828
1085399,17.39277811452797,-1.281466620887258
1085699,18.743104039979478,-1.2354126366652949
1085998,22.12609511712068,-0.9032330589139801
1086299,17.43522377897473,-1.1289440405412274
1086598,16.462874839187812,-0.9520819375539411
1086899,18.20972751199325,-1.07737938665288
1087198,21.725439553190007,-1.0181881742850836
1087499,16.581876039581214,-1.1638636920641328
1087798,20.080264163000194,-0.9988804502196509
1088099,18.4472239139076,-1.0217783538279157
1088399,20.639039817641397,-1.1573394812787066
1088698,22.377992666400658,-1.2240326131377688
1088999,24.353045200703903,-1.0697958593201777
1089298,19.200087937196955,-1.1996544897345571
1089599,14.753347457812696,-1.2185527309456234
1089898,20.627029881257137,-0.9819720315269336
1090199,,
1090498,,
1090799,21.181680576953898,-0.8533657166308655
1091099,0.6283366030646209,
1091398,4.33423237650032,-0.9254953375468296
1091699,,
1091998,0.6283366030646209,
1092299,0.6283366030646209,
1092598,0.6283366030646209,
1092899,0.6283366030646209,
1093198,0.6283366030646209,
1093499,0.6283366030646209,
1093799,0.6283366030646209,
1094098,0.6283366030646209,
1094399,0.6283366030646209,
1094698,0.6283366030646209,
1094999,0.6283366030646209,
1095298,0.6283366030646209,
1095599,0.6283366030646209,
1095898,0.6283366030646209,
1096199,0.6283366030646209,
1096499,0.6283366030646209,
1096798,0.6283366030646209,
1097099,0.6283366030646209,
1097398,0.6283366030646209,
1097699,0.6283366030646209,
1097998,0.6283366030646209,
1098299,0.6283366030646209,
1098598,0.6283366030646209,
1098899,0.6283366030646209,
1099199,0.6283366030646209,
1099498,0.6283366030646209,
1099799,0.6283366030646209,
1100098,0.6283366030646209,
1100399,0.6283366030646209,
1100698,0.6283366030646209,
1100999,0.6283366030646209,
1101298,0.6283366030646209,
1101599,0.6283366030646209,
1101899,0.6283366030646209,
1102198,0.6283366030646209,
1102499,0.6283366030646209,
1102798,0.6283366030646209,
1103099,0.6283366030646209,
1103398,0.6283366030646209,
1103699,0.6283366030646209,
1103998,0.6283366030646209,
1104299,0.6283366030646209,
1104599,0.6283366030646209,
1104898,0.6283366030646209,
1105199,0.6283366030646209,
1105498,0.6283366030646209,
1105799,0.6283366030646209,
1106098,0.6283366030646209,
1106399,0.6283366030646209,
1106698,0.6283366030646209,
1106999,0.6283366030646209,
1107299,0.6283366030646209,
1107598,0.6283366030646209,
1107899,0.6283366030646209,
1108198,0.6283366030646209,
1108499,0.6283366030646209,
1108798,0.6283366030646209,
1109099,0.6283366030646209,
1109398,0.6283366030646209,
1109699,0.6283366030646209,
1109999,0.6283366030646209,
1110298,0.6283366030646209,
1110599,0.6283366030646209,
1110898,0.6283366030646209,
1111199,0.6283366030646209,
1111498,0.6283366030646209,
1111799,0.6283366030646209,
1112098,0.6283366030646209,
1112399,0.6283366030646209,
1112699,0.6283366030646209,
1112998,21.848418168232328,-0.7227218251340879
1113299,20.512177590718444,-0.7196949164760407
1113598,19.230832930864274,-0.7115144816604189
1113899,32.21618199132195,-0.932731460807988
1114198,21.86770884475031,-0.6877909129890762
1114499,21.901538745040202,-0.6799752047932366
1114798,30.967145019166853,-0.6758137581295782
1115099,57.34318679852103,-0.6367839381992091
1115399,80.49954487395159,-0.5435006537055729
1115698,1.559413889110976,-0.6659466252957384
1115999,7.418222583338756,-0.35047511835290246
1116298,17.62056829844696,-0.38235059141401995
1116599,12.970911969643712,-0.48702880147812344
1116898,0.6283366030646209,
1117199,0.6283366030646209,
1117498,,
1117799,,
1118099,,
1118398,,
1118699,,
1118998,,
1119299,,
1119598,,
1119899,,
1120198,,
1120499,,
1120799,0.6283366030646209,
1121098,0.6283366030646209,
1121399,0.6283366030646209,
1121698,0.6283366030646209,
1121999,0.6283366030646209,
1122298,0.6283366030646209,
1122599,0.6283366030646209,
1122898,0.6283366030646209,
1123199,0.6283366030646209,
1123499,0.6283366030646209,
1123798,0.6283366030646209,
1124099,0.6283366030646209,
1124398,0.6283366030646209,
1124699,,
1124998,32.07035319571315,-0.8017842155172934
1125299,56.6888974289863,-0.9342625845631618
1125598,28.373139750435385,-0.9507092109552759
1125899,29.64528190894464,-0.9944555269199644
1126199,22.293792385088153,-0.8565129118985828
1126498,13.705373812894367,-0.8570573662668859
1126799,21.702523380352044,-1.1858472524397294
1127098,9.866690245968439,-0.6731777593085304
1127399,10.134706627635106,-0.6382080332029889
1127698,14.089589826782602,-0.8968941966600756
1127999,18.736010005648343,-0.758787924651658
1128298,11.135561248396026,-0.9412855476406223
1128599,15.269361819569635,-0.9967124990402974
1128899,14.591535217141395,-0.7687974065835852
1129198,19.414372276560375,-1.0113454096249606
1129499,9.728508143791862,-0.993284682739817
1129798,14.806168651092785,-1.0863602083899409
1130099,17.75479096846547,-0.8991648820893312
1130398,14.458152477754822,-1.059183925342798
1130699,8.096576656507139,-0.9772464702250716
1130998,14.3132015175951,-1.0260474357082132
1131299,15.408952024328897,-0.9645608380638657
1131599,17.662704048458526,-1.0013938179679096
1131898,13.076159016623532,-0.9867532792843239
1132199,14.18912116002631,-0.9488051973296805
1132498,18.01951804622473,-0.9929630169488284
1132799,16.646296395509452,-1.0508383641472898
1133098,19.364233096852047,-1.0842135287013326
1133399,17.75799442924093,-1.0447484840126657
1133698,20.38927886748399,-1.0132215797998998
1133999,14.402548155021028,-0.9993823565607167
1134299,9.04223501318075,-0.9453884513029889
1134598,17.993634027523342,-1.081318720157019
1134899,27.982599494143713,-1.0923912846151413
1135198,15.38088502771381,-0.8218362400863657
1135499,15.980312559753164,-0.8462593111977008
1135798,16.383540197676773,-0.758133207252075
1136099,15.836226578579552,-0.7815168921930511
1136398,16.09397291476705,-0.7255601896157817
1136699,19.259977613403624,-0.8030829134098509
1136999,21.13968117245223,-0.8261515555076873
1137298,15.807166678452234,-0.6775931632100853
1137599,16.932764212327235,-0.6505985792023172
1137898,16.945981747547144,-0.670048866098627
1138199,17.961438138000847,-0.6582052469982687
1138498,18.51866549971612,-0.655406559020048
1138799,18.36125019920918,-0.635494117900568
1139098,19.25821328138279,-0.5782003161233573
1139399,19.677561792706868,-0.5759123571086879
1139699,23.714393931801123,-0.7173917887100234
1139998,18.946526439260108,-0.5773580141604364
1140299,26.486999093983993,-0.5649348983343636
1140598,19.488780702239268,-0.5235289882001493
1140899,33.066301737882135,-0.7872986498012562
1141198,24.01889540589603,-0.6736120110084414
1141499,20.029360549667516,-0.5847224284270163
1141798,19.825111377949266,-0.5640303193453944
1142099,19.67489503723927,-0.526236181252882
1142399,20.829805291304087,-0.554010918817327
1142698,20.773072356480018,-0.6043725379287277
1142999,19.666548521152972,-0.6489353845845685
1143298,18.69546382176011,-0.5827818332638808
1143599,42.30101338935436,-0.6383209814411324
1143898,32.35667368343769,-0.8243650335589463
1144199,26.131667365430868,-0.734485305389885
1144498,17.856559331885105,-0.5624729721809001
1144799,17.63252606734047,-0.6569009616653592
1145099,19.330901517003163,-0.607052395838819
1145398,19.11003466391983,-0.5852924924045824
1145699,19.311977462773992,-0.5338943853424423
1145998,22.80053314258121,-0.62360765436331
1146299,19.090722921268714,-0.6975892744484109
1146598,19.228995161560377,-0.7614106662745013
1146899,14.606732582553178,-0.7278621119022426
1147198,16.446690805787355,-0.8373104404287559
1147499,17.24030860241223,-0.8097631405550214
1147799,15.435754069616586,-0.7979606604600229
1148098,15.361337960415199,-0.7968340040943664
1148399,16.415916166018707,-0.8457026982283946
1148698,15.903527793245566,-0.8280719161983332
1148999,13.422035890085843,-0.9756818947387103
1149298,13.343035331347416,-0.5306559011483292
1149599,4.83212241184845,-0.7226584680275336
1149898,14.298343598784916,-0.9225587160378561
1150199,16.731770479781648,-0.2666810495232341
1150499,11.611010878127509,-1.037692438234981
1150798,13.731236461942322,-0.8060172736756799
1151099,15.696930736411977,-0.7292913874702311
1151398,15.146219823035434,-0.7526209156889101
1151699,14.64075445448142,-0.708050330891645
1151998,15.461418369885106,-0.7676707487221388
1152299,13.50031877407401,-0.8684200215308151
1152598,15.345497303556401,-0.7488122085710616
1152899,14.592653008877257,-0.8368821386448546
1153199,12.864164965555492,-0.7261429811497819
1153498,22.3403864374777,-0.5898661707620338
1153799,23.51616921631964,-0.8372697810963694
1154098,23.731762588944637,-0.5612773765078385
1154399,14.307487407914547,-0.6960375398253553
1154698,66.47473421706734,-0.46226248222671473
1154999,41.08655490727334,-0.32960556163486965
1155298,15.020787588848066,-0.6551225658297366
1155599,16.276904391062693,-0.6177790388110387
1155899,17.285546224504824,-0.6956538375448007
1156198,16.412377450275773,-0.6819094974639954
1156499,20.16570415975482,-0.7318977929849004
1156798,16.42096783297704,-0.8121809106701015
1157099,17.09146368597307,-0.8239474440409706
1157398,15.383794410375847,-0.7147610684794194
1157699,17.191213264039547,-0.6215286569619936
1157998,15.716431468806402,-0.7335955045001785
1158299,16.135350683158254,-0.552420510972566
1158599,16.409193687730014,-0.608775091384339
1158898,17.278147871493903,-0.824963514479303
1159199,26.38759811462751,-0.9212722373559021
1159498,25.70061597493306,-0.9113080167540595
1159799,24.260562664426118,-0.967180921886424
1160098,20.250553578812692,-0.8778952733692349
1160399,2.0752894503488966,-0.2770913812310347
1160698,60.76621255177103,-0.46500092535972315
1160999,3.9663899203421216,-0.3709981828854598
1161299,,
1161598,,
1161899,1.6500551556292395,-0.44322967138014424
1162198,,
1162499,,
1162798,0.6283366030646209,
1163099,,
1163398,,
1163699,,
1163999,0.6283366030646209,
1164298,0.6283366030646209,
1164599,0.6283366030646209,
1164898,,
1165199,,
1165498,0.6283366030646209,
1165799,0.6283366030646209,
1166098,0.6283366030646209,
1166399,0.6283366030646209,
1166699,0.6283366030646209,
1166998,0.6283366030646209,
1167299,0.6283366030646209,
1167598,0.6283366030646209,
1167899,0.6283366030646209,
1168198,0.6283366030646209,
1168499,0.6283366030646209,
1168798,0.6283366030646209,
1169099,0.6283366030646209,
1169399,0.6283366030646209,
1169698,0.6283366030646209,
1169999,0.6283366030646209,
1170298,0.6283366030646209,
1170599,0.6283366030646209,
1170898,0.6283366030646209,
1171199,0.6283366030646209,
1171498,0.6283366030646209,
1171799,0.6283366030646209,
1172099,0.6283366030646209,
1172398,0.6283366030646209,
1172699,0.6283366030646209,
1172998,0.6283366030646209,
1173299,0.6283366030646209,
1173598,0.6283366030646209,
1173899,0.6283366030646209,
1174198,14.660872339240932,-1.2844733313065735
1174499,24.971689380106675,-1.5305567312716812
1174799,9.782943755282602,-1.2482312634143242
1175098,12.696166907210841,-1.4049709339785674
1175399,26.37003015040309,-1.3073960162761065
1175698,27.556042864328894,-1.2366236655570488
1175999,25.31569438212994,-1.2602140196677856
1176298,25.20071200056281,-1.2857078549561152
1176599,24.625413975604364,-1.593232302975602
1176898,20.973544188685377,-1.6103957543916496
1177199,23.458494507213157,-1.503382949981615
1177499,20.538801712525657,-1.3121636010979194
1177798,24.010425522606674,-1.2573938650261978
1178099,19.427899278733992,-1.1629789917307898
1178398,22.434455913173807,-1.2739949024588837
1178699,6.782215352611305,-0.9704124353977996
1178998,25.838490539896025,-1.2534320613448457
1179299,24.920014894736305,-1.2159611280409601
1179598,22.763549628666862,-1.0637991249085492
1179899,36.31826159203028,-1.0365130192356973
1180199,38.95778631844001,-1.6110959612585218
1180498,8.568021002896026,-1.1915997242327565
1180799,0.6283366030646209,
1181098,0.6283366030646209,
1181399,0.6283366030646209,
1181698,,
1181999,0.6283366030646209,
1182298,0.6283366030646209,
1182599,0.6283366030646209,
1182899,0.6283366030646209,
1183198,0.6283366030646209,
1183499,0.6283366030646209,
1183798,0.6283366030646209,
1184099,0.6283366030646209,
1184398,0.6283366030646209,
1184699,0.6283366030646209,
1184998,0.6283366030646209,
1185299,0.6283366030646209,
1185599,0.6283366030646209,
1185898,0.6283366030646209,
1186199,0.6283366030646209,
1186498,0.6283366030646209,
1186799,0.6283366030646209,
1187098,0.6283366030646209,
1187399,0.6283366030646209,
1187698,0.6283366030646209,
1187999,0.6283366030646209,
1188299,0.6283366030646209,
1188598,0.6283366030646209,
1188899,0.6283366030646209,
1189198,0.6283366030646209,
1189499,0.6283366030646209,
1189798,0.6283366030646209,
1190099,0.6283366030646209,
1190398,0.6283366030646209,
1190699,0.6283366030646209,
1190999,0.6283366030646209,
1191298,0.6283366030646209,
1191599,0.6283366030646209,
1191898,0.6283366030646209,
1192199,0.6283366030646209,
1192498,0.6283366030646209,
1192799,0.6283366030646209,
