,rmse,skill
299,,
598,,
899,,
1198,,
1499,,
1798,,
2099,4.3723462163249005,0.00036833951337833515
2398,3.2150022109382506,-0.045209374296988125
2699,2.4700734191753266,-0.13989760947849628
2999,,
3298,1.7571058773552366,-3.107356771014085
3599,2.0568312119557928,-0.04062861628704573
3898,,
4199,2.4916893725934854,0.3483261650984337
4498,,
4799,,
5098,,
5399,,
5699,,
5998,,
6299,,
6598,,
6899,,
7198,,
7499,,
7798,,
8099,,
8399,,
8698,,
8999,,
9298,,
9599,,
9898,,
10199,,
10498,,
10799,,
11099,,
11398,,
11699,,
11998,,
12299,,
12598,,
12899,,
13198,,
13499,2.5520414641625364,-2.1598408509571922
13799,3.21712830758576,-6.526722857904661
14098,2.4555897677511753,-5.918421158176009
14399,3.2850212524932014,-6.849854259935202
14698,2.363349716107131,-3.2709338752504307
14999,2.704242914444655,-2.6081847611036793
15298,2.641833898065983,-1.0497710664373892
15599,2.872931573633332,-1.6598476037823544
15898,2.7413075864662826,-1.3910675201754308
16199,2.9499375179816205,-2.3458985302055892
16499,2.704365652211284,-1.2044618659912834
16798,,
17099,3.031800130057588,-2.3327007745521846
17398,2.9029464504654197,-1.6613708700202583
17699,2.7237596324456317,-1.7607196441525503
17998,3.0284340499253006,-2.2908619473342027
18299,2.355835394048433,-2.5430158265000316
18598,,
18899,2.3478574583808793,-2.3425528198835552
19199,2.792746430255139,-4.959995075742054
19498,2.3633649992610852,-4.791814928851724
19799,2.8500368451654063,-7.807498571006905
20098,,
20399,2.9024538699500617,-2.5895748592988785
20698,2.3782756574602604,-9.772545136397119
20999,,
21298,,
21599,,
21899,2.173749630277882,-9.840992761917176
22198,,
22499,,
22798,,
23099,,
23398,,
23699,,
23998,,
24299,2.242570812872793,-9.428942052014428
24599,,
24898,,
25199,,
25498,,
25799,,
26098,,
26399,,
26698,,
26999,,
27299,,
27598,,
27899,,
28198,,
28499,,
28798,,
29099,1.3470056748258752,-7.630725820124518
29398,,
29699,0.92554846530374,-4.254569037487469
29999,1.3438127426778053,-7.758464879154305
30298,0.5983794517197625,-1.612939831254827
30599,1.2764944220797279,-6.950098791379975
30898,1.3985999458457974,-6.725402374354815
31199,,
31498,,
31799,,
32098,,
32399,,
32699,,
32998,,
33299,,
33598,2.5729659799849127,-4.870439922782921
33899,,
34198,,
34499,2.4621599822105624,-2.411883927867124
34798,,
35099,,
35399,,
35698,,
35999,6.868494313827831,-0.09618382615603283
36298,3.530641368602829,-0.8861739917766913
36599,3.025583596772019,-3.099549614754796
36898,,
37199,8.928037074337997,-0.10428332423452802
37498,,
37799,3.431580491854797,-4.823976722179733
38099,3.5870472478532887,-1.4317960502581935
38398,,
38699,,
38998,,
39299,94.05828018322322,-0.46618839714486016
39598,,
39899,,
40198,,
40499,,
40799,,
41098,,
41399,,
41698,,
41999,,
42298,,
42599,,
42898,,
43199,,
43499,,
43798,,
44099,,
44398,41.15312741250299,-0.1609661420262245
44699,,
44998,,
45299,,
45598,,
45899,,
46199,,
46498,,
46799,,
47098,,
47399,,
47698,,
47999,,
48298,2.529883389394233,-9.597055288961208
48599,,
48899,2.468102321395594,-3.984020708112741
49198,2.623259630679249,-4.225175774683683
49499,2.1626354484835186,-9.359623878063005
49798,2.580242169848871,-1.5998076083440735
50099,3.0956477332249923,-0.11551126298565628
50398,3.6536697126065545,-0.07198411721264963
50699,5.645138069111653,-0.08616764975841695
50998,5.871074022986441,-0.06679690541347805
51299,8.008301888192504,-0.0803879154306204
51599,6.695429967405221,-0.07079634586479533
51898,3.7971972144169235,-0.06651711962568685
52199,8.279513419238548,-0.09075330110291802
52498,7.957869298216611,-0.08484810921963515
52799,10.562137147058753,-0.10049934768479973
53098,11.074422248027858,-0.13063198537742138
53399,8.311023680701524,-0.06268884084729809
53698,20.462961177281127,-0.18218859880231197
53999,37.60662387625593,-0.14487516289306934
54299,61.2273150356719,-0.2172356495995471
54598,85.14223352156878,-0.18796003783897008
54899,,
55198,4.36609113831337,-5.340675170123425
55499,4.037111837396579,-2.821252778979233
55798,74.61314326817823,-0.2152706820320609
56099,49.29502778412026,-0.22203309616967593
56398,21.781188826068107,-0.15281873889973885
56699,7.848202568090445,0.007972675415013453
56999,26.20253342003086,-0.4297072037526246
57298,2.958014589757371,-3.196380619085648
57599,2.7702514042897786,-2.223214563688856
57898,2.5896535111059404,-1.5168823881845643
58199,2.6352182024194075,-1.5964105103508266
58498,2.5291938504051927,-1.2206054911300175
58799,2.653317659030519,-1.6093287870392587
59098,2.636776315926353,-1.51267086320328
59399,2.611997809224964,-1.542430283774086
59699,2.82541133061057,-2.5336529504176246
59998,3.0766572723191516,-3.947600134392615
60299,3.2695936177058433,-5.774154171965683
60598,3.4197789474211207,-7.987799495015606
60899,,
61198,,
61499,,
61798,,
62099,,
62399,,
62698,3.96136311415603,0.052389997595624904
62999,,
63298,14.331732563544458,-0.1243771121326962
63599,3.1868920608837104,0.07113720588751005
63898,,
64199,,
64498,,
64799,,
65099,,
65398,,
65699,,
65998,,
66299,,
66598,,
66899,,
67198,,
67499,,
67799,,
68098,,
68399,,
68698,,
68999,,
69298,,
69599,,
69898,,
70199,,
70499,,
70798,2.5365552496164785,-1.4807752927805309
71099,,
71398,,
71699,,
71998,,
72299,,
72598,,
72899,,
73199,,
73498,3.4596771429189297,-0.08176206105065398
73799,,
74098,,
74399,,
74698,,
74999,,
75298,,
75599,,
75899,,
76198,,
76499,,
76798,5.490052333282692,0.10598111856539583
77099,3.6356632770425588,-1.6732131213847299
77398,10.785259913999932,-0.015549002569281045
77699,3.8396809613992438,-0.5749696045425254
77998,4.762245733898431,0.10382528847911698
78299,3.99310487219737,-0.2340467496898766
78599,8.010538138631883,0.03911758360794826
78898,18.51408712897439,-0.07185972947104302
79199,8.564922176830237,0.024045340032912477
79498,43.35834917169231,-0.13388704039056254
79799,38.98349699977321,-0.12382335113430898
80098,42.92792511810654,-0.19605873170763188
80399,26.150317867052383,-0.22545059629684827
80698,4.00272652007414,-4.7995947329331665
80999,14.523621356664323,-0.12973098688939877
81299,98.95862232819655,-0.25216727293875185
81598,9.12862453492216,0.0034242280591976204
81899,,
82198,,
82499,,
82798,,
83099,,
83398,,
83699,,
83999,,
84298,,
84599,,
84898,,
85199,,
85498,,
85799,,
86098,,
86399,,
86699,,
86998,,
87299,,
87598,,
87899,,
88198,,
88499,,
88798,,
89099,,
89399,,
89698,,
89999,,
90298,,
90599,,
90898,,
91199,,
91498,,
91799,,
92099,,
92398,,
92699,,
92998,,
93299,,
93598,6.562412733109524,0.07288049426223875
93899,3.9663822720596684,-5.407713269680673
94198,4.076412893725632,-0.42794588465605
94499,3.7751627065624596,-0.6475155485419912
94799,3.77884169539441,-3.947329475728541
95098,7.056922515060236,0.013745073789614426
95399,5.374600369451287,-0.12309197706283048
95698,5.9418736601920275,-0.04665005346690698
95999,8.654360434589693,-0.0028303536510416727
96298,8.79575495286284,-0.0031738546398469847
96599,7.714213584212378,-0.0008375739367472157
96898,8.409305965402192,-0.001359817333610236
97199,7.68554544913599,-0.000807901370294628
97499,5.57339863629851,-0.0818197839835173
97798,4.282398551295511,-1.8112739742730386
98099,4.193095001304773,-1.8568921152036388
98398,3.7141393362410335,-0.27278667267993995
98699,4.600897618872439,0.09442756838909883
98998,,
99299,,
99598,,
99899,,
100199,,
100498,,
100799,,
101098,,
101399,,
101698,8.812490159418836,0.016896012015107487
101999,,
102298,,
102599,,
102899,,
103198,,
103499,,
103798,,
104099,,
104398,,
104699,,
104998,,
105299,,
105599,,
105898,,
106199,,
106498,,
106799,,
107098,,
107399,,
107698,,
107999,,
108299,,
108598,,
108899,,
109198,,
109499,,
109798,,
110099,,
110398,,
110699,,
110999,,
111298,,
111599,,
111898,,
112199,,
112498,,
112799,,
113098,,
113399,,
113699,,
113998,,
114299,,
114598,,
114899,,
115198,,
115499,,
115798,,
116099,,
116399,,
116698,,
116999,,
117298,,
117599,,
117898,,
118199,,
118498,,
118799,,
119099,,
119398,,
119699,,
119998,,
120299,,
120598,,
120899,,
121198,,
121499,,
121799,,
122098,,
122399,,
122698,,
122999,,
123298,,
123599,,
123898,,
124199,,
124499,,
124798,,
125099,,
125398,,
125699,,
125998,,
126299,,
126598,,
126899,,
127199,,
127498,,
127799,,
128098,,
128399,,
128698,,
128999,4.028710443806649,-0.9531278483094392
129298,4.141966279209926,-0.14073333367482688
129599,4.0195919666846285,-8.286217446611845
129899,,
130198,,
130499,,
130798,,
131099,,
131398,,
131699,,
131998,5.715325806909146,0.09262110657046252
132299,8.625411364202925,0.030249306345235816
132599,,
132898,,
133199,3.9828533394637873,-1.2887459038674796
133498,,
133799,,
134098,,
134399,3.923965254884219,-1.027571129949762
134698,,
134999,,
135299,3.823044132581842,-1.3645918294207355
135598,3.7576336796984893,-2.4144578514660173
135899,3.690969072891346,-4.030177370777121
136198,3.244803031519845,-2.510461042177878
136499,3.7421952929450706,-5.425040153812561
136798,,
137099,,
137398,3.8558724388628676,-8.40403705698708
137699,,
137999,8.061018156064016,0.021995659527853983
138298,122.1175203972387,-0.2798065647825363
138599,,
138898,,
139199,,
139498,,
139799,3.457854235993218,-3.8076634609851867
140098,5.3943404713085,0.10712354867794405
140399,8.60311590924672,0.023135489369568663
140699,21.73305232860307,-0.14779603375379935
140998,4.593495474701871,-2.0347143330657205
141299,5.223995561793336,
141598,5.223995561793336,
141899,5.223995561793336,
142198,,
142499,,
142798,,
143099,,
143399,,
143698,,
143999,,
144298,,
144599,22.75889065883836,-0.16488302296785018
144898,3.499308845843746,-0.18468522661710685
145199,56.80281968158133,-0.46439234021939657
145498,9.995222582048347,-0.10158378742622953
145799,3.170851206755594,0.3209292514596894
146099,3.424843754569269,-7.636795717387521
146398,3.373208184416492,-7.555821679293736
146699,3.357795089759084,-6.793357831573491
146998,3.3810053803123257,-7.20913484314786
147299,3.4008855451526028,-7.455356409213202
147598,3.4190307609697324,-7.5275437808126835
147899,3.4558488679442694,-7.975973861497456
148198,3.490087582404918,-8.647426869899535
148499,,
148799,,
149098,,
149399,,
149698,,
149999,,
150298,,
150599,,
150898,,
151199,,
151499,8.555110528495776,-0.04614920487658569
151798,,
152099,,
152398,,
152699,,
152998,,
153299,,
153598,,
153899,,
154199,,
154498,3.845814544244813,-9.993793945562931
154799,,
155098,,
155399,3.6823376254485165,-5.919857263614145
155698,,
155999,,
156298,,
156599,,
156899,,
157198,,
157499,,
157798,,
158099,,
158398,,
158699,,
158998,,
159299,,
159599,,
159898,,
160199,,
160498,,
160799,,
161098,,
161399,,
161698,,
161999,3.462721275372127,-7.237203220654543
162299,3.242606453997128,-4.5450870012334335
162598,3.1878924839045344,-4.060104174798732
162899,3.263877778978852,-0.9571034974567962
163198,,
163499,,
163798,,
164099,,
164398,,
164699,,
164999,,
165298,3.3371702894716644,-4.132324369630728
165599,,
165898,,
166199,3.220130293318859,-1.813809861942714
166498,,
166799,,
167098,,
167399,,
167699,3.562230281011861,-4.694029451035455
167998,,
168299,5.354063741435305,0.11271622965710826
168598,5.7787572580695645,0.10169119585485975
168899,8.007448617821831,0.025917822864668705
169198,42.87850935743661,-0.2743825431743059
169499,81.08225188367402,-0.3705511236337873
169798,39.03944335925735,-0.34988827564762737
170099,,
170399,12.732000766706319,-0.13417493936111402
170698,,
170999,,
171298,,
171599,,
171898,,
172199,,
172498,,
172799,,
173099,,
173398,,
173699,,
173998,,
174299,,
174598,,
174899,,
175198,,
175499,,
175799,,
176098,,
176399,,
176698,,
176999,3.6474828800610775,-2.1001297664549456
177298,,
177599,,
177898,,
178199,,
178499,,
178798,,
179099,,
179398,3.9507715289848897,-0.25297243505195754
179699,3.722503738311777,0.038308123505001235
179998,3.7735862026869427,-9.028770530285247
180299,,
180598,3.8567952975295716,-0.015234719385086137
180899,3.174023795761056,-2.4842663447131352
181199,,
181498,3.7457329273767974,-6.691393360465963
181799,,
182098,,
182399,3.4470823121504224,-0.8197820529638336
182698,3.6673921659138347,-6.306767991607486
182999,,
183298,3.4167813345966644,-7.24158715964362
183599,,
183899,5.428591724409318,0.08150761261534045
184198,3.7135607767125123,0.19799474164063724
184499,3.0712557467477137,0.3740815332064269
184798,3.409101292346665,-8.098777691325886
185099,,
185398,,
185699,2.980424312379792,-1.3779769319051054
185998,,
186299,,
186599,,
186898,,
187199,,
187498,,
187799,3.4903498139012874,-2.004642666163469
188098,3.9381338295832315,-2.262422607638113
188399,,
188698,,
188999,,
189299,,
189598,,
189899,,
190198,,
190499,,
190798,,
191099,,
191398,,
191699,,
191999,,
192298,,
192599,,
192898,,
193199,3.4627839137640435,-2.8068119719233287
193498,,
193799,3.323592706272591,-7.486584514269234
194098,,
194399,,
194699,,
194998,,
195299,,
195598,,
195899,3.497729249670739,-6.366148108227204
196198,,
196499,,
196798,,
197099,,
197399,,
197698,3.629095714029535,-9.839746948120679
197999,,
198298,,
198599,,
198898,,
199199,,
199498,,
199799,,
200099,,
200398,,
200699,,
200998,,
201299,,
201598,,
201899,,
202198,,
202499,,
202799,,
203098,,
203399,,
203698,,
203999,,
204298,,
204599,,
204898,,
205199,,
205499,,
205798,,
206099,,
206398,,
206699,,
206998,,
207299,,
207598,,
207899,,
208199,,
208498,,
208799,,
209098,,
209399,,
209698,4.56900825146768,-0.5298066946550659
209999,4.341816052473952,-1.5162533918559653
210298,4.003060486281401,-5.52978622168984
210599,4.322489263045519,-0.5130977878762
210899,5.704698840204454,0.04929794429062473
211198,,
211499,3.746693306972365,-3.631240563684286
211798,3.9159386853657665,-9.03771129855591
212099,3.7457352910795287,-2.0919732494370264
212398,,
212699,,
212998,,
213299,,
213599,,
213898,3.980745026702214,-3.259415517650466
214199,,
214498,,
214799,,
215098,,
215399,5.112828560756185,0.16883743906511683
215698,,
215999,,
216299,,
216598,,
216899,,
217198,,
217499,3.826072620454596,-3.211714661889821
217798,,
218099,,
218398,,
218699,,
218999,,
219298,,
219599,,
219898,,
220199,,
220498,,
220799,,
221098,,
221399,,
221699,,
221998,,
222299,13.139181526246347,-0.02750805723065075
222598,45.087959249073464,-0.23253979213104725
222899,35.98545246141786,-0.20495809032473877
223198,55.83458599275705,-0.18835463341250858
223499,28.24316906122983,-0.1378116142409267
223798,31.872193471877747,-0.14835689050153267
224099,39.438600048161874,-0.18879239553522198
224399,42.365152194160395,-0.1867812740381094
224698,58.717873111650455,-0.20033199464120255
224999,105.4769886452301,-0.24132695629790946
225298,157.40595884475496,-0.263364187687684
225599,109.70019011305837,-0.25389011617793966
225898,106.21739786657096,-0.21169368699388103
226199,108.19757403349224,-0.2516364347767661
226498,62.41101791013055,-0.22462438139135332
226799,5.223995561793336,
227099,5.223995561793336,
227398,5.223995561793336,
227699,5.223995561793336,
227998,5.223995561793336,
228299,5.223995561793336,
228598,5.223995561793336,
228899,5.223995561793336,
229198,,
229499,5.223995561793336,
229799,5.223995561793336,
230098,5.223995561793336,
230399,5.223995561793336,
230698,5.223995561793336,
230999,5.223995561793336,
231298,5.223995561793336,
231599,5.223995561793336,
231898,5.223995561793336,
232199,5.223995561793336,
232499,5.223995561793336,
232798,5.223995561793336,
233099,5.223995561793336,
233398,5.223995561793336,
233699,5.223995561793336,
233998,5.223995561793336,
234299,5.223995561793336,
234598,4.21849113575551,0.1988548253838811
234899,53.90865540504652,-0.2913847150263318
235199,8.376947359700349,-0.032198934532346346
235498,14.972413252047627,-0.13732822817061519
235799,11.713721993796291,-0.10659814614191054
236098,10.804379777545257,-0.07592121196189194
236399,2.647975254259084,-1.5226198022245403
236698,2.885329641580843,-2.392253304517208
236999,2.4593406742869015,-0.9054000718788524
237298,2.597327486524905,-1.4423662624413223
237599,7.5268421016508364,-0.011470843956733923
237899,2.6893387256475907,-2.4666675544705674
238198,3.1470238975735167,-4.9263651928715415
238499,3.2057748696568504,-5.960969027313721
238798,7.837118419897891,-0.15149229004205234
239099,29.29013436001958,-0.35742366365798395
239398,4.341305404674523,0.1536994008014244
239699,3.785100122603192,0.19052138951513087
239998,17.13491801694525,-0.15002086070136267
240299,5.348986280242088,0.15786861683579867
240599,3.608366975852991,-0.6192577800838581
240898,3.168098019211012,0.2850197285592102
241199,9.651373451728208,-0.08589631427605182
241498,3.43256496214016,0.11095541131071829
241799,3.4832410113268617,-0.06039729628106949
242098,,
242399,7.041983748251556,0.04103459968210188
242698,11.40845375474511,-0.17731635379923572
242999,15.07200746814082,-0.20128360517030575
243299,18.468658266242485,-0.29880259253968755
243598,19.905856443814095,-0.29358162593780945
243899,11.684334774797087,-0.13347651569346985
244198,13.160204912744401,-0.1923130865821887
244499,20.23507720760337,-0.2271796355367104
244798,38.56701375948818,-0.20702337875757815
245099,30.590738258435763,-0.43029077150821293
245398,30.973418602302218,-0.4057428558476006
245699,25.193781760236263,-0.23045237384002082
245999,21.075286441993207,-0.25266550279243893
246298,53.96965662615066,-0.284351621966092
246599,55.748176312872744,-0.34452383049924395
246898,84.91727896612048,-0.22508548154619135
247199,45.522010787365986,-0.3253120839874486
247498,31.360340011431262,-0.43007355829584304
247799,4.383490280343065,-0.016474934681968367
248098,41.19010434304836,-0.18159681504301828
248399,16.25679969003064,-0.13833419542666237
248699,10.220573318322245,-0.09608752548569255
248998,3.965098472814666,0.2433068861461103
249299,5.077303454693913,0.1505750127815657
249598,5.190778281289147,0.12167640535288826
249899,7.0533972531410285,0.024975353973187175
250198,6.086631437557695,0.09221247915599606
250499,7.2196244889785595,0.014280288671684516
250798,7.937905658985503,-0.0022179908443060725
251099,9.413167052695895,-0.0762966041963149
251399,8.591076197437669,-0.056715435708663664
251698,7.918930124650288,-0.016818294159354208
251999,10.395066779029916,-0.0726652935918437
252298,9.206046905315576,-0.06585354253511899
252599,12.495065521638608,-0.08875991201028577
252898,4.579583804916654,0.16339619751543377
253199,,
253498,,
253799,3.84430936910628,-1.451866047742464
254099,,
254398,5.223995561793336,
254699,5.223995561793336,
254998,,
255299,5.223995561793336,
255598,5.223995561793336,
255899,5.223995561793336,
256198,5.223995561793336,
256499,5.223995561793336,
256799,5.223995561793336,
257098,5.223995561793336,
257399,5.223995561793336,
257698,5.223995561793336,
257999,5.223995561793336,
258298,5.223995561793336,
258599,5.223995561793336,
258898,5.223995561793336,
259199,5.223995561793336,
259499,3.6154727292540727,-8.290520429990599
259798,,
260099,,
260398,,
260699,3.7747796458651552,-1.6033176049370068
260998,,
261299,,
261598,,
261899,,
262199,,
262498,,
262799,,
263098,,
263399,,
263698,,
263999,,
264298,,
264599,,
264899,,
265198,,
265499,,
265798,,
266099,,
266398,6.409028826496558,0.0807917607058245
266699,,
266998,,
267299,,
267599,,
267898,,
268199,,
268498,2.928004191487908,-2.021110110765007
268799,3.3401407583559237,-7.558877626483435
269098,3.083897335989734,-1.6776517766869583
269399,,
269698,,
269999,3.6061995946406458,-8.5000448761496
270299,3.154278515659364,-2.2675578201904565
270598,,
270899,,
271198,3.578741349524905,-7.980557063741129
271499,3.1118472884230535,-4.060622189656738
271798,35.170707775577135,-0.27572140761849906
272099,,
272398,3.791355941954315,0.02063644296799727
272699,,
272999,,
273298,,
273599,,
273898,,
274199,,
274498,,
274799,,
275098,,
275399,,
275699,,
275998,,
276299,,
276598,,
276899,3.4766446045038872,-5.888088381098203
277198,,
277499,,
277798,3.5611484379772023,-1.1735276456300672
278099,,
278399,,
278698,,
278999,,
279298,,
279599,3.4898717373469292,-8.739885240343854
279898,3.0712786413816513,-4.439825397511561
280199,3.1777003775737804,-4.916629212223834
280498,3.287554567300633,-5.866223507840651
280799,2.942203165613133,-3.1530861418916825
281099,2.843501582969614,-2.5007281178709277
281398,2.7897184545854734,-2.273699494514048
281699,2.4881385539442693,-1.1936167759979979
281998,2.4623123632984356,-1.1433436538022268
282299,2.258682481916884,-0.5678291096392469
282598,2.265707745511948,0.3188759627697466
282899,2.263940465370588,-0.529378739792516
283198,2.0503855067096377,-0.08045612953882353
283499,2.217666128660784,-0.3902302859102176
283799,1.9602108834076206,0.2293790540872762
284098,1.9055042237941946,0.20695588596869197
284399,1.9759705560025276,0.13010939838379187
284698,2.1287460455212073,0.4116957907233333
284999,2.0138046458999113,0.2174284343112447
285298,2.2226750217457445,0.4240753954173503
285599,2.0754903738429666,0.4522778725118636
285898,2.4933246901515975,0.48981026978885933
286199,2.49868562157564,0.4709387362400522
286499,2.2020562476520285,0.469639626225435
286798,2.538580585097156,0.44641682812831374
287099,2.322884227695786,0.3773964365257114
287398,2.242348905158794,0.16008627228488714
287699,2.178362616883095,-0.14230008237873015
287998,2.260303050986778,-0.15285390927795262
288299,2.5667588047653194,-1.1547127651730795
288598,2.968754771645276,-2.768731293263227
288899,2.9445463790596276,-2.642037572582958
289199,2.9987977159299977,-2.7270319354292787
289498,3.3655247698489794,-5.72739409098644
289799,3.209874464520316,-3.1114239606632994
290098,3.335949687029535,-5.892388357967163
290399,3.4966923140665718,-6.749685267397723
290698,3.496369955247127,-6.910321325522606
290999,4.011533029240087,0.18990732128121313
291298,,
291599,,
291899,,
292198,,
292499,3.5343950788026834,-7.252053007834247
292798,3.228478658510083,-3.36712366731666
293099,3.545322699092035,-7.601240047798191
293398,3.451415830381386,-6.214268063228299
293699,3.4227589388347446,0.13151339438017928
293998,3.247472051179514,-3.5988356123712633
294299,3.454152116249442,-6.1715216812016696
294599,3.3337158680480536,-4.573869803446654
294898,3.268199309582975,-2.6631402114266733
295199,3.536209032221665,-7.692921896008585
295498,3.418077240955461,-5.6619216628293145
295799,3.114469748841551,-3.0033628062596804
296098,3.5456351316012946,-7.212333312347143
296399,,
296698,,
296999,3.5681947781684236,-7.914193257074352
297299,3.442613920004271,-4.878182461413149
297598,3.643609889862868,-9.883456330490747
297899,3.613574907927683,-8.088930692293118
298198,,
298499,,
298798,,
299099,,
299398,,
299699,,
299999,,
300298,,
300599,,
300898,,
301199,,
301498,,
301799,,
302098,,
302399,,
302699,3.7604860860885876,-7.775317136242791
302998,,
303299,,
303598,8.769827890642492,-0.024882982446717383
303899,4.70876601715419,0.1296521567674983
304198,,
304499,,
304798,,
305099,,
305399,,
305698,,
305999,,
306298,,
306599,,
306898,,
307199,,
307498,,
307799,,
308099,,
308398,,
308699,,
308998,,
309299,,
309598,,
309899,,
310198,,
310499,,
310799,,
311098,,
311399,,
311698,,
311999,,
312298,,
312599,,
312898,,
313199,,
313499,,
313798,,
314099,,
314398,,
314699,,
314998,,
315299,,
315598,,
315899,3.9433032627279463,-0.11673381646657366
316199,3.569132842086813,0.043831911230005405
316498,,
316799,2.3491919762855877,-0.4589552642660626
317098,108.04399516333667,-0.22068315084116152
317399,71.70095173259678,-0.21734692611102036
317698,92.38420879540726,-0.1265557975789735
317999,98.4802523560954,-0.1982197999927866
318298,48.912672653486624,-0.21374282605369355
318599,61.31446114911728,-0.1728212536634608
318899,35.46853413739197,-0.1795797050600516
319198,5.223995561793336,
319499,,
319798,5.223995561793336,
320099,2.7909982377984357,-2.5873709336640722
320398,10.139464409589369,-0.1483658002469952
320699,15.726046233449706,-0.4832800153461485
320998,10.676337086439068,-0.23016497258298418
321299,35.96467379854199,-0.6412173169970079
321599,11.052369486243638,-0.30539497121200143
321898,18.846905625922588,-0.6423654338441831
322199,6.632839140134984,-0.04459435513970966
322498,3.0279311702574705,0.4599149488868708
322799,3.458678407280861,0.3808444929261756
323098,3.7185689228294723,0.35920796550162337
323399,5.08956553337379,0.1799019551346399
323698,7.812766013661657,-0.023128160671279208
323999,8.963268278431359,-0.1161460190397583
324299,10.065830711448692,-0.14852429632851116
324598,7.538719704867676,-0.005333976052892764
324899,7.935517859850298,-0.036534385537868586
325198,7.337507009552821,0.006758309034923693
325499,6.160354440153883,0.09856885404001092
325798,4.026103812448165,0.30588379323066983
326099,4.65031339928701,0.2581778409649931
326398,10.223784576276188,-0.17023221615598794
326699,2.5181402138674347,0.5824355821759473
326999,6.226345975847987,0.07555476360264035
327298,7.366694546398141,-0.04806071747539109
327599,4.974132303287537,0.19349282083939812
327898,15.56756117996849,-0.4007088137750494
328199,40.95780884963921,-1.0195488225394405
328498,7.6732184454876995,-0.024198087239226007
328799,9.632793508742843,-0.16231668720420167
329098,4.581500478386825,0.15642692969899297
329399,1.7596379885323885,0.6310230610830787
329699,24.344929611322588,-0.6752374441743882
329998,26.55480769604759,-0.7544678440902763
330299,6.835685618085075,0.011482172605729701
330598,,
330899,,
331198,3.649797238775489,-7.942626116133917
331499,2.5367505860266424,-0.4478939477340207
331798,,
332099,,
332399,4.302815488181694,-1.2732530642297202
332698,11.19759653022607,-0.19501453488135811
332999,4.873847848982591,0.046602752497850175
333298,13.887777710988685,-0.4081718338681304
333599,7.204676096448444,-0.07362923777440256
333898,11.439231169153832,-0.2128321270552549
334199,26.288721018646154,-0.5034181140881353
334498,33.96288735009523,-0.6890638560761511
334799,35.540765978715925,-0.5236637033440028
335099,19.903339778007947,-0.3765608386586541
335398,15.34149072715566,-0.3629138666824687
335699,10.113024348413497,-0.244281303724188
335998,4.0736148511262495,0.2344398146349933
336299,,
336598,2.3588993541355894,-0.032789161944809075
336899,5.223995561793336,
337198,5.223995561793336,
337499,5.223995561793336,
337799,5.223995561793336,
338098,5.223995561793336,
338399,,
338698,5.223995561793336,
338999,5.223995561793336,
339298,5.223995561793336,
339599,5.223995561793336,
339898,5.223995561793336,
340199,,
340499,,
340798,5.223995561793336,
341099,5.223995561793336,
341398,,
341699,5.223995561793336,
341998,5.223995561793336,
342299,5.223995561793336,
342598,,
342899,5.223995561793336,
343199,,
343498,5.223995561793336,
343799,5.223995561793336,
344098,5.223995561793336,
344399,5.223995561793336,
344698,5.223995561793336,
344999,5.223995561793336,
345298,5.223995561793336,
345599,5.223995561793336,
345899,4.2910621124248065,0.03670868067653388
346198,4.056775102111052,-0.13000230795677492
346499,3.187897384120012,-2.3383385404695773
346798,3.2403286255413084,-3.2522207080418477
347099,3.3609073688003686,-5.187504468557031
347398,3.433797501017961,-5.887244024781186
347699,3.4330454867702755,-5.531358680953958
347998,3.4049133396193287,-4.485278141669185
348299,3.576708918133702,-8.626364769410225
348599,3.5440494432216645,-7.265877089497277
348898,3.530725877263331,-6.295372812536715
349199,3.6879516892894375,-1.2646762964314364
349498,3.6366809710040724,-8.375275658272429
349799,,
350098,,
350399,,
350698,,
350999,,
351299,,
351598,,
351899,,
352198,,
352499,,
352798,,
353099,21.019649181701126,-0.14328315336158748
353398,,
353699,,
353999,4.536363894912861,-0.11804932552020087
354298,,
354599,,
354898,,
355199,3.5804069369739793,-9.280524999859935
355498,3.5102951478605533,-8.09578005381402
355799,3.4389526410804607,-7.318438684536458
356098,3.320525530997128,-7.435022810482746
356399,3.3822802770272204,-6.482892340073959
356699,3.2613900522008317,-5.208297240852327
356998,3.4650921800295347,-7.570790305833418
357299,3.204345061779535,-5.195837383337136
357598,3.168785309374442,-4.551942929578829
357899,3.1999926827077756,-4.54935340704102
358198,3.024412327115183,-3.350025633558772
358499,2.9265801771452757,-2.7680741088936394
358798,3.025317287450831,-3.3824190912429923
359099,2.831726688237868,-2.3330634947792737
359399,2.8928079983674975,-2.611751757897079
359698,2.8851704222610164,-2.6250339146336557
359999,4.059716237692335,0.13202312499304703
360298,2.991471475096665,-3.4481955912942928
360599,2.649239129204494,-0.25782867687882294
360898,2.406302552171121,-1.2022607204817288
361199,2.9521197403725097,-3.228613283642674
361498,3.073890906228992,-3.8860176354804272
361799,1.836616675395685,0.1286877492916434
362099,2.6844245999257503,-1.9373836188561824
362398,2.779751711173436,-2.4186815397732833
362699,2.549014274727396,-1.4512880184792252
362998,2.4589286793940626,-1.0986016450840919
363299,1.910939625954606,0.09611922882499457
363598,2.2509324925594356,-0.6516817330456952
363899,2.2400778058302686,-0.5640653300233391
364198,2.0804417835046,-0.0680775414206114
364499,2.246051695939274,-0.7065347699377738
364799,2.4601009500735334,-1.2178865673551056
365098,1.9968361100903762,-0.06732810221025787
365399,2.215961342871212,-0.3878274989823658
365698,2.4149964253582556,-1.0737547103893013
365999,2.5915495739138112,-1.5875808668717957
366298,1.9478955752971383,-0.11493063467275744
366599,2.394494281841725,-0.7680431059766202
366898,2.5229924373605703,-1.2950961687104905
367199,2.3428345492699654,-0.7573595894664074
367499,2.062725211912256,-0.1884706758656154
367798,2.1473115784536803,-0.29519880478703797
368099,2.1844884658493435,0.4723401059820578
368398,1.96949832650859,0.2876848989808799
368699,1.9740646119622929,0.2155029110854635
368998,2.0498036321806503,0.05039839162580706
369299,2.1445193700276297,-0.16263681069052582
369598,2.382548366950777,0.29846425888983996
369899,3.189087232595619,0.3165071586402377
370199,2.1767714013335895,0.41374744840971156
370498,8.984851484604219,-0.048723965964810434
370799,3.674370389077219,0.19183677086571382
371098,4.855774524054624,0.07794013582164627
371399,4.002755226532574,0.17998620263167475
371698,1.9931734167895623,0.531225858431934
371999,2.1080361563947543,0.5609822821589772
372298,10.646898891927442,-0.07257388303259771
372599,11.34220892483767,-0.0901687931912587
372899,5.973311432875211,-0.0010977333626644992
373198,8.074242664422028,-0.05115028396767096
373499,6.666416588196999,-0.023997277672918482
373798,9.293728798246843,-0.0767128187507693
374099,4.833606998055796,0.13218455614109992
374398,4.526100683250093,0.18309315760829203
374699,7.851780690071893,-0.0735851148210449
374998,3.9302936161875937,0.3070898180983863
375299,3.0185976434515887,0.4573252076052404
375599,3.4213720447941416,0.38309016396842743
375898,5.2328159937502,0.1184614554057406
376199,3.7812025917568937,0.32638082127797996
376498,2.2349739895740077,0.5150878086835515
376799,4.224314425183248,0.20118771899100907
377098,2.4432717913971747,0.34981512613353904
377399,2.6162446467397307,0.3506526234828613
377698,2.3503398598370344,0.02791200568668939
377999,2.4438625143810597,-0.8543567041837965
378299,2.424119931956303,-0.22598502187672964
378598,2.488675413642674,-0.8064720489384845
378899,2.4232904218604694,-0.5435673300883315
379198,2.430415684352136,-0.5468633342809854
379499,2.390782460487784,-0.5764153937220604
379798,2.38957180704334,-0.5395190798307496
380099,2.49300026173871,-0.03623863364090574
380398,2.374711976347506,-0.3177701744672021
380699,2.4935046101438023,-0.18052515122735535
380999,2.4993727684493567,-0.10959032182544615
381298,2.4494433126322286,-0.14582347726809597
381599,2.426740226073432,-0.6107770283228642
381898,2.4477632830926743,-0.6607207588002941
382199,2.7146071720148557,-0.11709793632074628
382498,2.556728825750967,-0.08934552912242477
382799,2.645977297042633,-0.07071660490065512
383098,2.8678231950577056,0.08523150250389833
383399,2.7530852128921706,-0.005362272327013473
383699,2.9881951705229834,0.11143067883804925
383998,2.952935383983632,0.061991305880043424
384299,3.057356206775625,0.0679664692821329
384598,3.336347390463125,0.09985599845171145
384899,2.9176173169978474,-0.107289854936506
385198,3.1124966913055157,-0.1288668032228657
385499,3.1488410520532004,-0.24356779971985532
385798,2.9527773789143112,-0.5468596762753883
386099,2.9468044287036634,-0.7863496934392828
386399,2.971887520041586,-0.9829378270282314
386698,3.082808081259179,-1.0570974910243076
386999,3.8390681304132546,0.1244761293670994
387298,3.3169454705091788,-0.17699099430937992
387599,3.5493521676344564,0.23445510901184174
387898,13.402487208291502,-0.07308798137615247
388199,3.2077264677350694,-3.5413720478395616
388498,3.3620815770809385,-1.2731401227231331
388799,3.179904357028829,-2.2000633645581607
389099,3.4216717809068498,-5.857411432927267
389398,3.373816345004072,-5.824909062181154
389699,3.240486077279734,-3.4664032271541165
389998,3.2235978732998842,-3.975977633352583
390299,3.4004476459739794,-6.087639718778508
390598,3.0524715222309644,-2.4364337629019683
390899,3.3312775114832385,-5.493553500894358
391198,3.372455518807312,-6.439608778170112
391499,3.3969419468049984,-7.064759309199349
391799,3.366398530075831,-6.28962871691013
392098,3.3228029373559234,-5.787155114342224
392399,3.340488135890646,-6.27292588727938
392698,3.4612769286614795,-7.661137585986692
392999,3.4474292016823123,-7.438541402245473
393298,3.553065841670739,-9.758445585905841
393599,3.597206380992498,-9.976415668344016
393898,,
394199,3.6041685784554605,-9.63774922875195
394499,,
394798,,
395099,,
395398,3.539980554830461,-9.024763391547888
395699,,
395998,,
396299,,
396598,3.5066768217401827,-8.52553618119793
396899,3.4623646329230535,-7.703368798221431
397199,3.48304347958972,-7.879502330418109
397498,3.384597484279535,-6.655119236643725
397799,3.46624320077722,-7.481362560344078
398098,3.4635832685202756,-7.880610093877262
398399,3.496383996098979,-8.39457951307899
398698,3.5603744069670347,-9.477399979640154
398999,3.526359873568887,-9.663772910353353
399298,,
399599,3.509332875480924,-9.523372897442368
399899,,
400198,,
400499,3.401437988163834,-4.71002988595956
400798,,
401099,,
401398,,
401699,,
401998,,
402299,,
402599,,
402898,,
403199,3.4201949124438875,-7.909940980099604
403498,3.3600766255608105,-5.68617227705418
403799,3.534013400552683,-9.45713069624613
404098,,
404399,,
404698,10.183275391641645,-0.11273049645368283
404999,39.93853058576007,-0.15161978744324878
405299,,
405598,,
405899,5.223995561793336,
406198,5.223995561793336,
406499,5.223995561793336,
406798,5.223995561793336,
407099,5.223995561793336,
407398,5.223995561793336,
407699,5.223995561793336,
407999,5.223995561793336,
408298,5.223995561793336,
408599,5.223995561793336,
408898,5.223995561793336,
409199,5.223995561793336,
409498,5.223995561793336,
409799,5.223995561793336,
410098,5.223995561793336,
410399,5.223995561793336,
410699,5.223995561793336,
410998,5.223995561793336,
411299,5.223995561793336,
411598,5.223995561793336,
411899,,
412198,3.2950680491023956,-0.07935557308046337
412499,43.11285179121792,-0.41260591375423084
412798,47.547976889072075,-0.60279851904111
413099,29.67197133841698,-0.4985350612360522
413399,34.76647838358925,-0.4042703497350677
413698,10.954464654392913,-0.18364461464159132
413999,8.115815654612586,-0.05246110980788554
414298,9.931261200892004,-0.13972817507617896
414599,9.86636067579777,-0.13731552180114615
414898,7.491778103197904,0.0009611252212072818
415199,8.40421784964652,-0.0530822059235001
415498,8.795136799584137,-0.09158648989256446
415799,11.868942676417564,-0.3165382001795505
416099,58.17303335979893,-0.48231357899908156
416398,3.708364447354695,0.313360948741492
416699,,
416998,5.223995561793336,
417299,3.710214359700482,-0.16825067699274854
417598,52.89494299536175,-0.5242172887478957
417899,3.7016620334815076,-5.854935769348243
418198,,
418499,3.3523965784055747,-1.5462965859854756
418799,3.799803823805582,-9.0986153000877
419098,12.143878378940194,-0.3744534783752931
419399,2.0902855177546984,0.4456535689965414
419698,,
419999,,
420298,,
420599,,
420898,,
421199,,
421499,,
421798,,
422099,5.223995561793336,
422398,5.223995561793336,
422699,5.223995561793336,
422998,,
423299,5.223995561793336,
423598,3.8797804842178922,-4.404671907518658
423899,3.3853608767746306,-0.6185667089938547
424199,18.21845604988437,-0.23181279739500193
424498,9.011828658031583,-0.019830993550534082
424799,21.7897737265988,-0.30558615334394923
425098,19.82768189182263,-0.2733486266769931
425399,21.287342794338073,-0.317647504846859
425698,26.018930217685295,-0.32684984325627986
425999,21.471236025833445,-0.3804226685509491
426298,22.20753221860428,-0.43585005799146237
426599,18.95781380425852,-0.34744278695231245
426899,16.564402814892787,-0.2803008417535935
427198,20.175945832388155,-0.3084842696790344
427499,22.363690918374264,-0.3395774430969529
427798,19.837572797842697,-0.37793574909738514
428099,22.48787580342982,-0.3450938986769969
428398,22.009470822705286,-0.3935995320435415
428699,12.59909430602476,-0.14324117820912385
428998,21.26477778748769,-0.33311862572528206
429299,24.195231025728436,-0.37257119364714275
429599,18.58117429631408,-0.29470142221433915
429898,26.740770769383523,-0.4010270726693741
430199,30.66602788470844,-0.40912103600859573
430498,31.756160640283284,-0.33628551860170686
430799,26.94267241118837,-0.3097493143806809
431098,33.01442187189973,-0.37005205294215715
431399,29.68041472368445,-0.37985689117548205
431698,24.889692712253193,-0.3102279934005323
431999,22.064909828294855,-0.32376262301780767
432299,3.996149194508356,0.22525085864073724
432598,6.6267156566365975,0.066050169251338
432899,,
433198,3.5301203843663185,-1.0995540945467752
433499,,
433798,,
434099,5.223995561793336,
434398,5.223995561793336,
434699,5.223995561793336,
434999,5.223995561793336,
435298,3.290492990182661,0.328029043545613
435599,2.6756749661942796,0.29817864230198676
435898,4.149134845242201,0.20037406794872314
436199,2.5386669236352257,0.07728998089019279
436498,2.7521568200843003,0.18168536674132885
436799,2.358648052991149,-0.3190542284725486
437098,2.5676803408239093,0.08178932941396833
437399,2.5561736626631286,-0.2341870964679469
437699,3.0851272128192795,0.1402022054186164
437998,2.794315030986273,0.08293162320384928
438299,2.5670021016043285,-0.0370472637573962
438598,2.5089519533344244,-0.2403703037196534
438899,3.4268649130179423,0.15807972149057747
439198,2.5904454870219245,-0.24808870973026065
439499,2.576354124227819,0.00020302572839681066
439798,2.33455870967669,-0.33481403460439996
440099,2.382890329366708,-0.2668575701537417
440399,2.1213394861916264,0.2510995878024529
440698,2.22705220385544,-0.4485700533822594
440999,2.298846211236193,-0.36184119958066874
441298,2.3856647786980316,-0.7779909682228472
441599,3.4564870681266555,0.25671066770568096
441898,2.1824691994148058,0.251524857492597
442199,2.180870015078062,-0.20379251316139224
442498,10.28464502399611,-0.015227641152834481
442799,8.97388502702981,0.019608029491917534
443099,8.701406982682679,0.008617922862694027
443398,2.2273656478309785,-0.3275044117801327
443699,2.195700923738386,-0.34101081632331365
443998,2.293770301719868,-0.5451777576933428
444299,2.316653183131905,-0.5829123230575244
444598,2.5661087344971274,-1.2276878926458967
444899,2.346837040011861,-0.6624941932434791
445198,2.489227972404535,-1.0183330470807315
445499,2.67449672559435,-1.5848529298471727
445799,2.801054942284165,-2.1317217849560133
446098,2.854748904471665,-2.3503173942316464
446399,3.001917148559627,-3.1339365730860207
446698,2.8110987508767575,-2.2487980848057
446999,2.834739427677683,-2.3474205360138156
447298,2.8268411060202756,-2.2282525430498574
447599,2.8895944294971283,-2.548562710724238
447898,2.83672339583509,-2.4355403362431796
448199,2.7275935020526827,-1.940416882068313
448499,2.8046184215017567,-2.374228565557091
448798,2.790002294566572,-2.251751884433897
449099,2.518969478286479,-1.1916865248215633
449398,2.4017499558709146,-0.9143119162871132
449699,2.4310451183848034,-0.9500604280897751
449998,2.4127219971232297,-0.9937065118424007
450299,2.318150655377859,-0.7736326442839407
450598,1.6920702854217113,0.37009082563714923
450899,1.8762513368916254,-0.12151914455615742
451199,2.3998340176674815,0.33440770023752675
451498,1.9462921678450025,-0.0733418853238259
451799,1.911244841960743,-0.002236325319892929
452098,1.8609990179229412,0.07220243205939825
452399,1.8786004709814585,0.00437220709681807
452698,1.879816392556958,0.09052193325996238
452999,1.6945153133871464,0.378723138564788
453298,1.93388624146294,-0.08023704464809844
453599,1.8319621825093542,0.20870754932830915
453899,1.9450410325902547,-0.07966993963109315
454198,1.8196542847452228,0.09630107266843424
454499,1.7817899297014843,0.18085488774892478
454798,2.4353299563095168,0.36269465211234597
455099,1.8026863215840687,0.3666901451895418
455398,3.7561797003279804,0.1348430811403174
455699,1.6112249223562558,0.3229401725043066
455998,1.9239285081631392,0.49269159364375525
456299,2.137588578023884,0.4637140347388804
456599,1.7095702838907558,0.34797406643338813
456898,1.90544526976028,0.3416329814647171
457199,1.913394555545083,0.48541540509866254
457498,1.9257746017295858,0.5030830271918494
457799,2.025241148598221,0.5466774269804049
458098,1.851848514064893,0.5770247527912394
458399,1.8837140344458914,0.528909087533789
458698,2.1371696770272965,0.5505522303956525
458999,2.06425959817543,0.5641109752362826
459299,1.8235549292188284,0.5762516514536471
459598,2.186490181360195,0.5545987734260278
459899,1.9518272545475321,0.5675565448051356
460198,2.0006989726146616,0.5700682594359198
460499,2.1430435752385257,0.5721509778461655
460798,2.187543105145934,0.5761596803957494
461099,2.3023833096899144,0.5660766088028093
461398,2.456682413436572,0.5462981697860442
461699,2.801986681941095,0.48962626144920407
461999,3.0423001085436305,0.4550449173127604
462298,2.868325851686466,0.48382317946613673
462599,3.555499349745018,0.38209819972045267
462898,3.33484387959468,0.41965540896025333
463199,3.405570816223627,0.40517670318167454
463498,3.3345346813608834,0.40626995676184596
463799,3.925080849166046,0.32762728113391726
464098,3.675029900527157,0.36089759844145197
464399,3.223331655860491,0.4337849790214571
464699,3.891222734659494,0.32966086299362185
464998,16.304405477382428,-0.21109822263992672
465299,3.137155618510664,0.43166486000168547
465598,3.256773264409208,0.416931233064038
465899,8.143601649187564,-0.06929611189931761
466198,4.561181762141969,0.12460129263389408
466499,2.3451696880665516,0.44274221381925316
466798,6.119128369830828,0.018007407563085165
467099,8.665416709554105,-0.09571685557447496
467399,19.299565046877948,-0.22164496489685792
467698,24.10993057475263,-0.2897194165186445
467999,6.020092907428934,0.024600208657021838
468298,5.974925554208706,0.024842272352709638
468599,7.3396282908356785,-0.042094315384535674
468898,15.226064342658617,-0.1833089071125158
469199,36.754576191874435,-0.336669122450747
469498,46.47073199235641,-0.391246908097135
469799,21.071198466829074,-0.33171388345387287
470099,16.58095916253956,-0.279484149979218
470398,5.952879043699749,0.0633197552189434
470699,18.14888475750432,-0.3756010552196756
470998,13.161825328518397,-0.15821963318603172
471299,5.9424879880739985,0.05647229490463568
471598,4.814011226458424,0.18574837815841083
471899,3.740514041351642,0.22609133535353942
472198,10.469135375985063,-0.09992668507231817
472499,5.223995561793336,
472799,5.223995561793336,
473098,5.223995561793336,
473399,5.223995561793336,
473698,5.223995561793336,
473999,5.223995561793336,
474298,5.223995561793336,
474599,5.223995561793336,
474898,5.223995561793336,
475199,5.223995561793336,
475499,5.223995561793336,
475798,5.223995561793336,
476099,5.223995561793336,
476398,,
476699,,
476998,9.91587950591579,-0.16463073371798154
477299,5.328854637628321,0.12041105549365339
477598,6.458253359493876,0.11028486544703742
477899,2.679265707852819,-0.04310099271489598
478199,2.770448975332312,-0.09326042776352228
478498,2.856488902962923,-0.1763876078988882
478799,2.7339199545844246,-0.16983479191192652
479098,2.721486006876091,-0.37519115164536054
479399,2.5890499379339613,-0.6648088853488316
479698,2.498296863935593,-0.8319171521563966
479999,2.5491533617679605,-1.2447783979659377
480298,2.5240143800179613,-1.1851889427682458
480599,2.4893535016383312,-1.065454613647511
480899,2.81523445540222,-2.187256933810859
481198,2.388793465677683,-0.8296160196366404
481499,2.2561052425923354,-0.046392085229738145
481798,2.387382423221664,-0.7994215862975034
482099,2.2494490121225206,-0.37452259831080936
482398,2.295735586552683,-0.6144425582956974
482699,2.2598788820827753,-0.6046187771538956
482998,2.455018412872127,-0.8935860406806726
483299,3.52568266963109,0.297547956790836
483599,2.2071158497977676,-0.3326998846092353
483898,2.318846955865613,0.32730206888085567
484199,2.2186094641322307,-0.5243859747129758
484498,1.9702648737266388,-0.15517925846181368
484799,2.166214131362581,-0.48435782375487424
485098,2.1661195322006193,-0.060270346524413654
485399,22.15206648373281,-0.18988865492901041
485698,3.8596617661179704,-0.12386602465123775
485999,54.76636280541467,-0.3866663906335288
486299,49.57247173173875,-0.4438304007857925
486598,24.882907956980453,-0.3464231021408768
486899,38.49067194839111,-0.1574399025092137
487198,36.11867025333081,-0.15193639441090134
487499,27.680419647899797,-0.16359124486908683
487798,27.542798339308685,-0.17669612313287164
488099,34.13685064004705,-0.24650245184478226
488398,40.7985830415268,-0.30492506394570795
488699,47.142563655992404,-0.26107852298418255
488999,56.906728025319225,-0.24498359357280597
489298,37.68485740147761,-0.25904975212072334
489599,38.98634593191468,-0.2767779071587624
489898,52.016558663849864,-0.2793063456520206
490199,53.12590085390226,-0.23378773661350372
490498,44.72222101307672,-0.2724224123203254
490799,45.21331709369709,-0.2655188610313337
491098,54.080248156892864,-0.2934566806409844
491399,41.76316999593856,-0.3287347201871813
491699,39.08758362808947,-0.3033588999429282
491998,61.70799924759754,-0.32838629345716286
492299,71.7571672951101,-0.4281509930255998
492598,91.33545799959985,-0.31401466745144724
492899,67.55695532602444,-0.3547194511738565
493198,16.304630885871127,-0.19814233165284612
493499,20.597782459632977,-0.29261405838366317
493798,5.223995561793336,
494099,5.223995561793336,
494399,5.223995561793336,
494698,5.223995561793336,
494999,5.223995561793336,
495298,5.223995561793336,
495599,5.223995561793336,
495898,5.223995561793336,
496199,5.223995561793336,
496498,5.223995561793336,
496799,5.223995561793336,
497099,5.223995561793336,
497398,5.223995561793336,
497699,5.223995561793336,
497998,5.223995561793336,
498299,5.223995561793336,
498598,5.223995561793336,
498899,5.223995561793336,
499198,5.223995561793336,
499499,5.223995561793336,
499799,5.223995561793336,
500098,5.223995561793336,
500399,5.223995561793336,
500698,5.223995561793336,
500999,5.223995561793336,
501298,5.223995561793336,
501599,5.223995561793336,
501898,5.223995561793336,
502199,5.223995561793336,
502499,9.831788067250763,-0.1326896002401099
502798,2.878687878644629,0.4489928956213861
503099,3.402926772729645,0.4048204695340999
503398,4.629943496257365,0.2577951098263124
503699,2.8610344580007685,0.48413360229111757
503998,2.994285367633755,0.4456559592847259
504299,5.447756810591867,0.11207607798631847
504598,10.444306574620557,-0.2778900809049596
504899,37.25598060717954,-0.5672334999884945
505199,27.570558225833125,-0.3864250577278556
505498,5.223995561793336,
505799,,
506098,,
506399,5.223995561793336,
506698,2.2305795465483342,-0.15362869717030758
506999,,
507298,,
507599,,
507899,5.223995561793336,
508198,5.223995561793336,
508499,5.223995561793336,
508798,5.223995561793336,
509099,5.223995561793336,
509398,5.223995561793336,
509699,5.223995561793336,
509998,5.223995561793336,
510299,5.223995561793336,
510599,5.223995561793336,
510898,5.223995561793336,
511199,5.223995561793336,
511498,5.223995561793336,
511799,5.223995561793336,
512098,5.223995561793336,
512399,5.223995561793336,
512698,5.223995561793336,
512999,5.223995561793336,
513299,5.223995561793336,
513598,5.223995561793336,
513899,5.223995561793336,
514198,5.223995561793336,
514499,5.223995561793336,
514798,5.223995561793336,
515099,5.223995561793336,
515398,5.223995561793336,
515699,5.223995561793336,
515999,5.223995561793336,
516298,5.223995561793336,
516599,5.223995561793336,
516898,5.223995561793336,
517199,5.223995561793336,
517498,5.223995561793336,
517799,5.223995561793336,
518098,5.223995561793336,
518399,5.223995561793336,
518699,5.223995561793336,
518998,5.223995561793336,
519299,5.223995561793336,
519598,5.223995561793336,
519899,5.223995561793336,
520198,5.223995561793336,
520499,5.223995561793336,
520798,5.223995561793336,
521099,5.223995561793336,
521399,5.223995561793336,
521698,5.223995561793336,
521999,5.223995561793336,
522298,5.223995561793336,
522599,5.223995561793336,
522898,5.223995561793336,
523199,5.223995561793336,
523498,5.223995561793336,
523799,5.223995561793336,
524099,5.223995561793336,
524398,5.223995561793336,
524699,5.223995561793336,
524998,5.223995561793336,
525299,5.223995561793336,
525598,5.223995561793336,
525899,3.546717515188051,0.3433787817154649
526198,3.692862101492201,0.2516417552717084
526499,4.620112390019979,0.15043467343574568
526799,3.81608441750609,0.21666263540463915
527098,2.885160519850812,0.35843609632842555
527399,2.6377820384102777,0.36027200977148444
527698,2.711354467160278,0.33067663638576694
527999,2.9017227570542223,0.453826687594054
528298,2.490852999111667,0.3364459975076799
528599,2.313706330226224,0.3118884455962614
528898,2.5381099628512236,0.5034661443162793
529199,15.985002285278958,-0.19860373578183665
529499,12.628816805020081,-0.16090873697409402
529798,2.624626997348909,0.35260161921225586
530099,6.311436753350022,0.06534297238240705
530398,15.437025752077583,-0.1403820454470266
530699,2.1931354242775494,0.4263156421823112
530998,2.0520158556712564,-0.10256410351590839
531299,2.095629588612235,0.3797660344402609
531598,1.78323683963762,0.3017523167204973
531899,2.6539858661372495,0.3620296983230915
532199,2.883526794140474,0.2869455812045072
532498,2.937431677380083,0.2905619709649754
532799,3.0203070517203323,0.23385899071003624
533098,11.560873527376978,-0.05984925365967442
533399,2.8604377394203673,-0.08052335192221416
533698,2.762156821270231,-0.8368651005496803
533999,2.6769524144808785,-0.7302245991415786
534298,2.778676588006342,-0.5550331522176057
534599,2.8758899173069405,-0.36448769096339473
534899,2.731755611457731,-0.8757584447318192
535198,2.7412215996495335,-0.28309426187660347
535499,2.85776929877949,-0.6882196892823955
535798,2.7896470301521745,-1.090265180579455
536099,2.850777163578991,-1.560361721026708
536398,2.774029434221744,-1.174020915608195
536699,2.49055097957436,-0.8920434303371316
536998,2.7222234625095463,-1.3942262234827227
537299,2.0548972180244007,0.2715825637782807
537599,5.365474358614527,0.1599978421974988
537898,43.83300471805684,-0.6513314472778313
538199,58.13960371224434,-0.6480941641935427
538498,61.953298741929544,-0.6288961676333458
538799,70.93858132728371,-0.5540049653602783
539098,62.49469260753602,-0.5471215077811282
539399,37.778109006279074,-0.6011307505824928
539698,41.150635620510556,-0.67538647047123
539999,60.33549317912166,-0.6235275842526304
540299,2.803957330141892,-0.20822080786104502
540598,5.223995561793336,
540899,,
541198,,
541499,17.788050319084586,-0.32555649661850006
541798,13.339360633434582,-0.23725147767633503
542099,50.44730689266235,-0.4422842119499919
542398,28.716686281836278,-0.3566606511374437
542699,6.881984040155931,0.020030468894360665
542999,4.490925666815894,0.1756941142433759
543298,3.1972909038549164,0.22269639361343896
543599,5.447357578158634,0.11438278593729667
543898,6.712265714032134,0.02597095160122187
544199,2.7248821506409104,-2.3379141303099322
544498,1.8943371187777107,0.18129844391880645
544799,2.528786039990221,-1.6955074961108116
545098,2.420895396483503,-1.1268963748307703
545399,2.545614147282114,-1.9376401971657917
545699,4.158812818042018,-0.0649173559062115
545998,3.2047980748029197,-0.14623395993468824
546299,4.131297846979558,0.04176985835715885
546598,3.2448278526455403,-5.409866595577407
546899,3.140229774263567,-0.10089293409160849
547198,2.820184259594614,-3.1199376579547096
547499,2.829313401946903,-0.7132169732917395
547798,2.6626474972578404,-0.23802335063476643
548099,3.252617158309892,-6.44297213488192
548399,3.0752602415876695,-3.6149855106429793
548698,3.3605988910853553,-6.987003619536098
548999,3.016404159890911,-4.038474233783567
549298,3.2777653254534105,-5.4438902712856585
549599,5.933549467743557,0.013911934871804976
549898,2.6553307328151936,-2.044884037618571
550199,2.987624629279918,-3.2222835101627387
550498,2.913359049691954,-2.7990421318477026
550799,3.043378571992498,-3.462339989760844
551099,2.941526590432313,-2.802659406030006
551398,2.858649637325831,-2.3356804006377514
551699,2.628479085436942,-1.636862651243753
551998,2.659213481467035,-1.6441845806644961
552299,2.4048176303938056,-0.8562061291952165
552598,2.218448575742453,-0.31992402464129954
552899,2.1394845546101817,0.006420057476729468
553198,1.9860997297525766,0.2675963618847492
553499,2.074482088666928,0.29584370788620806
553799,2.038995013944707,0.31399533626855847
554098,1.9668853765976866,0.3991943088105867
554399,2.061379542704169,0.39525502136960744
554698,2.0922854834240763,0.4015163954669433
554999,2.0192050899587977,0.4556891012540103
555298,2.022892296030597,0.47450532655560584
555599,2.2153453930432696,0.5110122057410242
555898,2.060392342554154,0.5252433203305725
556199,2.1099068470702367,0.5103356337814748
556499,19.318258893759076,-0.12898104982879066
556798,5.223995561793336,
557099,5.223995561793336,
557398,5.223995561793336,
557699,5.223995561793336,
557998,5.223995561793336,
558299,5.223995561793336,
558598,5.223995561793336,
558899,5.223995561793336,
559199,,
559498,,
559799,19.86696203050598,-0.2922573100790917
560098,11.58138936693273,-0.09535352625352722
560399,5.223995561793336,
560698,3.967975794638915,-6.945912370040831
560999,,
561298,5.223995561793336,
561599,5.223995561793336,
561899,5.223995561793336,
562198,5.223995561793336,
562499,5.223995561793336,
562798,20.92409300510052,-0.24578332446659723
563099,67.18165229403964,-0.4132945751707904
563398,5.223995561793336,
563699,5.223995561793336,
563998,5.223995561793336,
564299,5.223995561793336,
564599,5.223995561793336,
564898,5.223995561793336,
565199,5.223995561793336,
565498,3.028236605154186,-1.3746592153333062
565799,2.9891251345375927,0.3145479232116253
566098,2.452712633639445,0.31695310435363844
566399,2.506793301287593,0.3115781061428896
566698,2.6498567749720574,0.25780638585338667
566999,2.9347025225808543,0.24662178158594605
567299,2.7535771171688164,0.2025772865822737
567598,4.635695064658819,0.13766429983860806
567899,3.6843228807028003,0.18342502370747982
568198,2.319594540195412,0.031161824629074242
568499,2.2010044873505037,0.01794933608488114
568798,2.09811913339823,-0.12753244359949023
569099,2.139215855054671,-0.2866287864674675
569398,2.0206639153762436,-0.008080787548698343
569699,8.338446398419721,0.018510269035539095
569999,3.55789069168084,0.21266817312902953
570298,2.7561989542810967,0.327417316271425
570599,2.060847083381015,0.09803079394074454
570898,2.2117604419388854,-0.03894386679230388
571199,2.1360987869998356,-0.010728511943850938
571498,2.1187721957953674,0.09134347685885413
571799,3.776364466253556,0.21930561957407113
572098,1.911639690985182,0.28540134999275957
572399,1.5389012260490926,0.5493105510519221
572699,2.129275293214348,0.16246422418278683
572998,2.4586587827710726,0.4481161341614047
573299,1.7883144400849618,0.3651108063081817
573598,1.5442363167341524,0.4558869207349199
573899,2.0561456625115593,0.3248341215185706
574198,2.360493891259095,-0.3868732382049116
574499,2.354803126941965,-0.2884183592866243
574798,2.510021863356441,-0.7777303779129889
575099,2.4748139202707926,-0.7533308784356547
575399,2.2349717523287036,-0.22005070613931155
575698,2.352005056430391,-0.4121055591795837
575999,2.607481813044268,-1.1063669442953623
576298,2.609657145465564,-1.1557258427220471
576599,2.462438804258701,-0.9329050768924876
576898,2.8313732802911087,-1.957991069034564
577199,2.5546952017378683,-1.1839192357953703
577498,2.940177891286479,-2.3802685855128667
577799,3.012201774557313,-2.787433987434557
578099,14.184555659331323,-0.15298486681906165
578398,8.679082712711395,-0.060860447348783264
578699,7.066105454814274,0.012183863369279013
578998,72.12134211962164,-0.29421106199089886
579299,54.99456913237711,-0.2562860265445055
579598,5.223995561793336,
579899,5.223995561793336,
580198,5.223995561793336,
580499,5.223995561793336,
580799,5.223995561793336,
581098,5.223995561793336,
581399,5.223995561793336,
581698,5.223995561793336,
581999,5.223995561793336,
582298,5.223995561793336,
582599,5.223995561793336,
582898,5.223995561793336,
583199,5.223995561793336,
583499,5.223995561793336,
583798,5.223995561793336,
584099,5.223995561793336,
584398,5.223995561793336,
584699,5.223995561793336,
584998,5.223995561793336,
585299,5.223995561793336,
585598,5.223995561793336,
585899,5.223995561793336,
586199,5.223995561793336,
586498,5.223995561793336,
586799,5.223995561793336,
587098,5.223995561793336,
587399,5.223995561793336,
587698,5.223995561793336,
587999,5.223995561793336,
588298,5.223995561793336,
588599,5.223995561793336,
588899,5.223995561793336,
589198,5.223995561793336,
589499,3.8851713805214985,0.16111242196535214
589798,7.594246478699811,-0.1379633065279291
590099,21.963196903123006,-0.7023571610583053
590398,18.35228278642608,-0.6710427394241625
590699,14.981532007238583,-0.5819086947910914
590998,2.594622858454429,0.5306534889408104
591299,3.3510197574860885,0.330356004633805
591599,2.513573460475684,0.4316604875521862
591898,2.5328717865695753,0.3926316346785197
592199,2.1753534568031965,0.5378138775931534
592498,1.8160056701832938,0.5674903839363277
592799,11.820076119085003,-0.28098914142499765
593098,12.147811130982776,-0.4540647821798862
593399,1.96762377328642,0.5265050471223194
593698,28.637034698985094,-0.7787636659654575
593999,,
594299,5.223995561793336,
594598,5.223995561793336,
594899,5.223995561793336,
595198,5.223995561793336,
595499,5.223995561793336,
595798,5.223995561793336,
596099,5.223995561793336,
596398,5.223995561793336,
596699,5.223995561793336,
596999,5.223995561793336,
597298,5.223995561793336,
597599,5.223995561793336,
597898,5.223995561793336,
598199,5.223995561793336,
598498,,
598799,,
599098,,
599399,,
599699,,
599998,,
600299,,
600598,5.223995561793336,
600899,5.223995561793336,
601198,5.223995561793336,
601499,5.223995561793336,
601798,5.223995561793336,
602099,5.223995561793336,
602399,5.223995561793336,
602698,5.223995561793336,
602999,5.223995561793336,
603298,5.223995561793336,
603599,5.223995561793336,
603898,5.223995561793336,
604199,5.223995561793336,
604498,5.223995561793336,
604799,5.223995561793336,
605099,5.223995561793336,
605398,5.223995561793336,
605699,5.223995561793336,
605998,5.223995561793336,
606299,5.223995561793336,
606598,5.223995561793336,
606899,5.223995561793336,
607198,5.223995561793336,
607499,5.223995561793336,
607799,5.223995561793336,
608098,5.223995561793336,
608399,5.223995561793336,
608698,5.223995561793336,
608999,5.223995561793336,
609298,5.223995561793336,
609599,5.223995561793336,
609898,5.223995561793336,
610199,5.223995561793336,
610499,5.223995561793336,
610798,5.223995561793336,
611099,5.223995561793336,
611398,5.223995561793336,
611699,5.223995561793336,
611998,5.223995561793336,
612299,5.223995561793336,
612598,5.223995561793336,
612899,5.223995561793336,
613199,5.223995561793336,
613498,,
613799,2.6662910360916734,0.47671200789072987
614098,8.074561048259325,-0.1159234982091546
614399,2.425006554292589,0.39302456712434786
614698,2.399973589286409,0.37636611148201315
614999,2.6363215112783336,0.36924083808339336
615298,2.649854544829259,0.34686063294494485
615599,2.5580643749924277,0.35953622767007254
615899,2.364680587858168,0.32209882665894396
616198,3.0658355156933386,0.16646432189455473
616499,2.278204195865113,0.29717733746379604
616798,2.0395635414808537,0.3001013251654109
617099,2.0381288442922223,0.27295018445395314
617398,3.351343719972962,0.20400892736482024
617699,2.142164956062336,-0.0850177079415777
617998,2.975131940978446,0.25669253854281715
618299,2.073120609221293,0.016058026588337992
618599,1.8345432425891812,0.2534667632873929
618898,2.0553014003347183,0.013691665244116136
619199,2.070122089705089,0.07593231282933433
619498,4.818837397587739,-0.004959782798013901
619799,2.139163935354002,-0.15236937147699736
620098,2.1112198338100208,-0.0709123606859734
620399,1.8952878061379594,0.1596303339370433
620698,2.0911108907962563,-0.17299021287451044
620999,2.8354573136235093,-0.011238882672276018
621299,2.3698499276734473,-0.42627978317991766
621598,2.4043463435164907,-0.5933502763387808
621899,2.2789288499118725,-0.3729934376739976
622198,2.2307051965175884,-0.2873386380455567
622499,5.342098543451666,0.1684012588330841
622798,2.436711049303403,-0.642088117984696
623099,3.223515044865712,0.4526753737015946
623398,2.4919992502200703,-0.6819099415810568
623699,2.1237568704827905,-0.21629886477284765
623999,2.488930527835935,-0.8705987009635969
624298,2.39011462433362,-0.6219414757967439
624599,2.2204266975781013,-0.3154575265947084
624898,2.272902266835935,-0.4498173327340602
625199,2.279092943137959,-0.33650626801509076
625498,2.2226732199041632,-0.18444717863179094
625799,2.2806924964249964,-0.38300144046503615
626098,2.4178817634507865,-0.6159721261575417
626399,2.394282047588125,-0.5723203141512032
626699,2.368517607724824,-0.751907054125017
626998,18.39235733500821,-0.15228364129668281
627299,20.641866992504234,-0.2684380239019226
627598,55.66755613962994,-0.6919792475298141
627899,5.223995561793336,
628198,5.223995561793336,
628499,5.223995561793336,
628798,25.75190314154376,-0.31068867227732166
629099,10.413615379866645,-0.040220255859748644
629399,4.829563876457208,0.07123198090914917
629698,21.539325830848597,-0.5191459112928922
629999,23.762348967939097,-0.44136263019231503
630298,20.899115139496118,-0.39790661662523386
630599,,
630898,,
631199,5.223995561793336,
631498,14.506758732144148,-0.27641090905263943
631799,22.061404201338277,-0.3304136946454588
632099,9.730429147559477,-0.23294711162256054
632398,23.361626935110372,-0.22925895017487607
632699,18.793802254572924,-0.20155255510876424
632998,13.074764117012336,-0.2799267440095552
633299,4.289695547540116,0.2187147272633263
633598,1.645166937651763,0.6725733047634987
633899,20.677143687304536,-0.709288545139749
634198,1.870614481239996,0.4609183059797487
634499,1.9948282229953067,0.29662563542606024
634799,1.481977614132476,0.300217378632489
635098,3.19423939736447,0.1649534213369176
635399,1.8043884598898938,0.3004464566439352
635698,1.9794262884419511,-0.16927405322977718
635999,1.8193711743198224,0.5283550052490225
636298,1.8104712044219613,0.5009638750198402
636599,5.0991205223812175,0.18819939932552288
636898,1.4758808111002153,0.7190166823692825
637199,3.6923856030192033,0.30864115252118285
637499,1.9669684521415531,0.6173605471590639
637798,2.3646914181985195,0.48344074487757394
638099,1.4759168154668132,0.6722315607804994
638398,3.0033991373627402,0.39707348338173665
638699,48.47132764370896,-0.3206959123115216
638998,125.22508233707815,-0.10558397192255309
639299,3.9820127995384547,0.09787817671307375
639598,,
639899,3.5765963384688018,-5.014060906618792
640199,2.0895003613284406,0.2859909888065014
640498,3.1174646901492005,0.2884415462078461
640799,4.565083532576475,0.07442614066162001
641098,2.5901431474876664,0.313301307027976
641399,1.7719855892587235,0.5394597387957842
641698,3.768725152736716,0.2129073614711965
641999,4.817752188988403,0.06733793763573814
642298,3.690469203212747,-0.07873592978059385
642599,39.41113095200296,-0.4128723104727807
642899,77.52149638363227,-0.49694972965133855
643198,2.1895022883022857,0.5484844410221319
643499,2.3048109678004334,0.5420365610482425
643798,2.9364141843814515,0.4323071010570695
644099,3.930471767167078,0.24992013057245277
644398,2.593702678070083,0.47382114719665047
644699,2.5956396134235664,0.46779984771291827
644998,2.6628882860138443,0.4658456442452341
645299,2.846607763608752,0.4332926807909043
645599,3.6558616596002755,0.2776001900113054
645898,2.7495097099434744,0.443060116582641
646199,3.5034528149576625,0.2766680422793457
646498,3.794671858966016,0.24732117359815176
646799,4.463947184214884,0.17804312283131563
647098,5.317166759277384,0.10439906435912272
647399,5.0404971571639585,0.12770935651880688
647698,4.9363571659648855,0.131736370484274
647999,4.552263388886181,0.15580175292729004
648299,5.986172937343777,0.044030710674473394
648598,9.72570303180916,-0.1056642210562655
648899,8.178506268916417,-0.06417734641948591
649198,6.368455681190386,0.006542774422502617
649499,20.28926650498508,-0.14174561806804853
649798,34.53745518364481,-0.29946125212942154
650099,22.68472301451421,-0.2824770417058946
650398,48.94415568536972,-0.34791254122830395
650699,36.44580861661519,-0.29665863284358074
650999,42.03716119652357,-0.22600462904807883
651298,34.45054428068561,-0.27079521843634513
651599,5.272515470223322,0.11213982133357814
651898,5.223995561793336,
652199,5.223995561793336,
652498,5.223995561793336,
652799,5.223995561793336,
653098,5.223995561793336,
653399,5.223995561793336,
653699,5.223995561793336,
653998,5.223995561793336,
654299,5.223995561793336,
654598,5.223995561793336,
654899,5.223995561793336,
655198,5.223995561793336,
655499,5.223995561793336,
655798,7.319502701296132,0.016991715369067517
656099,6.412243183721624,0.055298608892894396
656399,5.422850413980471,0.07894124644517742
656698,2.9384629468632166,0.3841172217509441
656999,2.746012443127105,0.40948973610183936
657298,2.4573614589372905,0.44757993040597255
657599,2.5381374093794213,0.3846553393976625
657898,2.1705021845796257,0.2970539073489692
658199,2.945176301716762,0.4233757893089476
658498,5.493652630555422,0.11961932919124219
658799,5.388922603459098,0.13471325465044437
659099,5.922417090367492,0.1089082919184422
659398,10.68209991681217,-0.08109238961177012
659699,6.859139389651543,0.056258897626156656
659998,4.213363028217202,0.2515190451154502
660299,4.291664802824555,0.23852094814593017
660598,4.123411282903261,0.26950630751049254
660899,3.358853452601549,0.36393010702101847
661198,3.0247903580853457,0.40959556473313674
661499,2.959297087177939,0.4134145941405153
661799,5.514521025995973,0.13598426582690526
662098,4.709433703225139,0.20685060265726496
662399,10.881629653021204,-0.1426439310965184
662698,7.1543893480297,0.018040906526649803
662999,8.114040390652384,-0.04599188778157015
663298,9.471417104517693,-0.10118504577725917
663599,16.238762837067068,-0.25694522772959494
663898,16.704381002834822,-0.3055025858176741
664199,17.997857024506555,-0.3204301436335779
664499,21.4099952289251,-0.3355376518610649
664798,23.8919673281967,-0.3285202694081111
665099,18.65211515294673,-0.31838743772811373
665398,32.08317801374903,-0.36460922487335257
665699,46.5169196611144,-0.5214616783695316
665998,59.83971047331972,-0.46208805834081734
666299,60.78030067134054,-0.41883509929542617
666598,49.20799810712802,-0.4318373524954966
666899,55.86012183240762,-0.3387170623540121
667199,25.19948781803874,-0.27186832858252563
667498,29.08200312285807,-0.33105078047117775
667799,5.223995561793336,
668098,,
668399,5.223995561793336,
668698,5.223995561793336,
668999,5.223995561793336,
669298,5.223995561793336,
669599,5.223995561793336,
669899,5.223995561793336,
670198,5.223995561793336,
670499,5.223995561793336,
670798,5.223995561793336,
671099,5.223995561793336,
671398,5.223995561793336,
671699,5.223995561793336,
671998,5.223995561793336,
672299,5.223995561793336,
672599,5.223995561793336,
672898,5.223995561793336,
673199,5.223995561793336,
673498,5.223995561793336,
673799,5.223995561793336,
674098,5.223995561793336,
674399,5.223995561793336,
674698,5.223995561793336,
674999,5.223995561793336,
675299,16.661176943553308,-0.34510725461587044
675598,4.7076766015354465,0.2265777595703269
675899,,
676198,1.9130645454503699,0.645696538040062
676499,6.502066232227313,0.009582448191717163
676798,13.640021941588028,-0.3728074004764763
677099,17.036530476663643,-0.5978374437744522
677398,8.781930044452993,-0.27630893897163467
677699,8.193651075514653,-0.11972715998797612
677999,5.346534847537102,0.14026664638659525
678298,10.521718898010866,-0.24240965367593015
678599,16.90553027452868,-0.4730630100038178
678898,1.476348212429218,0.6667640691045746
679199,1.8532953435599038,0.35817230365296904
679498,1.8975558579993828,0.3631005893978372
679799,2.25229926707561,0.5461793228020494
680098,2.1486895114876847,0.3952649927149062
680399,2.2272360293266193,0.3689262694668273
680699,2.2697164146275455,0.4437658721718558
680998,2.2115863702085634,0.5153336445947609
681299,7.104740782808128,-0.009220320916023761
681598,2.9049761623383836,0.5255865709253073
681899,11.647665423012473,-0.36194992578611074
682198,11.480083479454601,-0.3782545376279254
682499,2.934425835685653,0.4194343682827467
682798,6.521060286298676,0.01907078135460938
683099,2.5003435148953836,0.3275390635459954
683399,13.906887411957625,-0.5685081835087822
683698,5.223995561793336,
683999,5.223995561793336,
684298,5.223995561793336,
684599,5.223995561793336,
684898,5.223995561793336,
685199,5.223995561793336,
685498,5.223995561793336,
685799,5.223995561793336,
686099,5.223995561793336,
686398,5.223995561793336,
686699,5.223995561793336,
686998,5.223995561793336,
687299,5.223995561793336,
687598,,
687899,5.223995561793336,
688198,7.944371358227318,-0.046452838853046075
688499,,
688799,,
689098,5.223995561793336,
689399,5.223995561793336,
689698,5.223995561793336,
689999,,
690298,,
690599,,
690898,,
691199,,
691499,,
691798,,
692099,,
692398,,
692699,,
692998,,
693299,5.223995561793336,
693598,5.223995561793336,
693899,5.223995561793336,
694199,,
694498,5.223995561793336,
694799,5.223995561793336,
695098,5.223995561793336,
695399,5.223995561793336,
695698,5.223995561793336,
695999,5.223995561793336,
696298,3.1986103163171107,-0.861084694127783
696599,5.223995561793336,
696899,5.223995561793336,
697198,5.695558726795344,0.07436192378357631
697499,19.752342687255332,-0.6704573284091238
697798,6.6474712220209415,-0.015983589536756604
698099,2.171925542727765,0.5155939400639034
698398,2.2681321340512537,0.5407863939922806
698699,2.6704142435790317,0.476039674348694
698998,2.546648062792377,0.526769103645075
699299,3.0252496714572783,0.4950639154341766
699599,2.6546278218865815,0.49012192514003283
699898,2.587289262220821,0.480072409794437
700199,2.688700655165265,0.4672516484736049
700498,2.8125820061476725,0.48026221595159757
700799,3.214643823681809,0.4354777499729836
701098,3.037484163434709,0.45573836462348427
701399,3.0451180912001607,0.4596502387019148
701698,4.422934105816758,0.29561400948907934
701999,4.718649548011284,0.261079500270781
702299,2.834531251724763,0.5051477937738161
702598,4.814355268490451,0.24815289776797966
702899,2.1335839210820526,0.5935953767751863
703198,2.7412685177211795,0.5019832524914566
703499,2.0657350226437132,0.6167118318005885
703798,9.165176751919747,-0.13041351737910167
704099,4.083210288394017,0.3592244905289893
704398,4.169930025824001,0.3248558121582984
704699,1.9251596990574926,0.5126196636167368
704999,1.9258446389966248,0.5565550450630208
705298,2.1586283352542512,0.5600781439790132
705599,2.0360926106438466,0.5332441463052386
705898,2.0892570469892373,0.5013668985999324
706199,2.0944555079522007,0.4946511084160964
706498,2.1492394419314285,0.44186313205784566
706799,2.159647845290607,0.47105798512468344
707098,2.298076297111984,0.4242166852066189
707399,2.306749563901336,0.4457388642379434
707699,2.2873302176633326,0.4712259717603865
707998,2.2840065093295765,0.44052111743376
708299,2.259909565038292,0.47419764396129227
708598,2.300767459861984,0.4278294440299446
708899,1.9831593229959208,0.3637252951772547
709198,1.9834584032436058,0.40283989632983563
709499,1.9968208531093465,0.416690123627648
709798,2.0588294162459206,0.4222714235371958
710099,2.213582322903448,0.41684122439510907
710399,2.312645751044532,0.3947115037281552
710698,2.393102991369108,0.4134067476035551
710999,2.3385375306145613,0.4241623671427077
711298,2.3286638851117814,0.43190527686472624
711599,2.36050213337567,0.43529631598480234
711898,2.507161829949827,0.4167501700792726
712199,7.272393511617557,0.0063321286855057
712498,2.501622787213716,0.43631488642515137
712799,2.4765910332786505,0.44591901187934524
713099,2.5865706625173392,0.42856873548918695
713398,2.751732364295157,0.4128995816388119
713699,2.8209452868391383,0.4064868488666027
713998,2.9340338622374067,0.39236282659854205
714299,2.9025622329132124,0.39578708247884
714598,2.9105436177789534,0.3854713018580135
714899,2.9606965802210423,0.3657873976928424
715198,2.7750688467280273,0.40365625188803556
715499,2.851411328336824,0.383238430282412
715799,3.112100053010395,0.3324365100128056
716098,3.52370832367266,0.26030178235994883
716399,3.211192058196011,0.2967120778239619
716698,3.0921660136670446,0.36551655522940363
716999,2.4781832158809944,0.40240571570789485
717298,2.8006330023069195,0.3299655074340484
717599,2.428936572848505,0.417004610300473
717898,2.610234875323326,0.3659687395215122
718199,2.485445868528953,0.4331099417601232
718499,2.7867101080409187,0.35819089472469823
718798,2.732355200954303,0.36341995004502947
719099,2.6913998149528777,0.3848506969492642
719398,2.8405710823223433,0.4071366052140657
719699,7.126886975746568,0.016312324741595163
719998,10.756925318320109,-0.10979406767351119
720299,4.872636295684221,0.12162227642233958
720598,38.45519250548908,-0.1725479287819558
720899,2.2963523010431763,0.4693712546266343
721199,2.1279725705979096,0.5825559822810925
721498,1.9818309954446143,0.5120799569871386
721799,2.3175612715580396,0.4647254643167499
722098,2.635635347229479,0.39725887889626643
722399,5.995979935651019,0.02145081471149557
722698,2.7930565429644116,0.4059281273126222
722999,3.049341128664004,0.39145415980531995
723298,6.568543071660991,-0.021758964077221554
723599,2.742013552065598,0.4873297299127428
723899,6.642381224475134,0.0027303164587193507
724198,2.095720991989228,0.5258737788442134
724499,3.8244699088541165,0.14637163106926443
724798,5.013910594182027,0.08701142164552933
725099,2.572053848073514,0.515218275430872
725398,2.4105414268984937,0.5060659812588972
725699,2.5145127244763192,0.49394659945014274
725998,5.530288004676066,0.1273207295613039
726299,2.395478191616074,0.4833827721610049
726599,2.3172415995929656,0.4906213758744221
726898,2.291853706662167,0.49203988905897467
727199,2.253927886900633,0.4813781384711239
727498,2.3992951018934856,0.43716321185607077
727799,2.3724286506413734,0.45854675610096884
728098,2.4599599569166335,0.4271792765385807
728399,2.326810278577271,0.4868367089995399
728698,16.406873030905444,-0.13955127899539543
728999,2.4798905570765584,0.4577798871535682
729299,2.526058291937671,0.45268740606502766
729598,2.6764668968844294,0.4498127015610536
729899,2.8739513706741806,0.4439621186650474
730198,2.8743252382025752,0.40920365512726786
730499,2.832616635846212,0.42189740672526743
730798,3.1248107243230634,0.3783088912543736
731099,3.0779369934249554,0.3936927144360418
731398,2.9933144948045856,0.40458636276764104
731699,3.216267698144863,0.36766279276677705
731999,3.2283984089644067,0.36241512791833375
732298,3.4626648301693974,0.3334967423676304
732599,3.763848692359213,0.29539591024148926
732898,3.6211136310708887,0.31480560746019803
733199,3.758879024774492,0.29408717346227453
733498,3.8912818630360664,0.2767195283442755
733799,3.907764514001345,0.2756099858721289
734098,4.0891714017467145,0.2565322927959539
734399,4.106517527235141,0.2592426574668959
734699,4.296091891230511,0.23172924090471336
734998,4.427517970702733,0.22419530967035017
735299,4.626372994218033,0.20685202122650215
735598,4.887547588692084,0.19024793094689663
735899,4.887461985263844,0.18711498582020347
736198,5.041959717773104,0.16792220290805948
736499,5.499886457449713,0.13779266733571593
736798,5.659966821928879,0.12551032498622905
737099,5.715676622965333,0.11801194262317982
737399,5.966940135419602,0.10145790813903066
737698,6.18484905035259,0.09210866593296085
737999,6.521878031699812,0.07629766060209398
738298,6.497606193734435,0.07915285507663927
738599,6.44275412980851,0.0847718396665772
738898,6.388892298954342,0.0858835889294235
739199,6.380577085271471,0.08883589308107642
739498,6.262301617095546,0.094605679719315
739799,6.2161186859358235,0.09661387122883003
740099,6.246175632346845,0.09660014772278802
740398,6.3084771942496225,0.09387851564274241
740699,6.452443862184807,0.09209994183512793
740998,6.3115286046940655,0.09799177625168831
741299,6.708661810246055,0.08096786033852377
741598,6.5801837882900385,0.08845422849291484
741899,6.346246929367557,0.09782416173644293
742198,6.534548056905778,0.08659161426246931
742499,6.30857336341369,0.09863750092588441
742799,6.5731547598120015,0.08923376282708784
743098,6.530472781303926,0.09184757595881254
743399,6.648267570220594,0.08605588678063603
743698,6.417022064541754,0.09531799298404264
743999,6.4639454197119175,0.09350598113808539
744298,6.508516196507248,0.0932446380119678
744599,6.734064513891888,0.08838161998140137
744898,6.735531553752618,0.09113538774517671
745199,12.469014400386364,-0.19239928664002948
745499,7.480690044908998,0.05563490097499002
745798,6.05410075758854,0.10071354409818944
746099,6.861778371579106,0.10483346203709254
746398,5.8122109112188625,0.16116188605206772
746699,4.903654149255314,0.2372160426281842
746998,4.400554050674161,0.2924753771960509
747299,2.603580006373355,0.49715648257855527
747598,2.721394409864096,0.48410399351468547
747899,2.805945379195115,0.4775630276082482
748199,2.810756371019189,0.47485185320472134
748498,2.9263225655353926,0.4618323306033256
748799,2.814326163181226,0.47685880119390434
749098,2.8021087750400224,0.484650710761789
749399,2.7279392555168744,0.46762798561309005
749698,3.400358106591853,0.4130864071453101
749999,3.394201018314075,0.39883355567449674
750298,3.404090672057131,0.4069680551142052
750599,3.535715255698334,0.386041290777277
750899,3.5716058145987972,0.3813341507840303
751198,3.913458991533983,0.3440530770467417
751499,3.9330131020293533,0.3365670671401858
751798,4.026186286041646,0.32499922730471653
752099,4.006267427641566,0.3238887706760385
752398,3.8385535477129427,0.3304469518996901
752699,3.895797145120351,0.33036678976298617
752998,3.941376064496945,0.31035099441908964
753299,3.9971004097446317,0.3017171543370283
753599,4.741425299663612,0.2695291973919268
753898,3.4519178503353927,0.33878225895889913
754199,3.4286834730839826,0.34242494245673094
754498,3.6634634483566466,0.31490982464451445
754799,3.7354929746096803,0.3043549809093268
755098,3.2454046097191673,0.4079966384532089
755399,2.827691952837944,0.4438113086687415
755698,3.100938287911977,0.3759583034765316
755999,3.0077736568152793,0.3978322430531065
756299,3.038045716077038,0.38716332036337
756598,3.1165772765487763,0.37607753747072636
756899,3.28009972618994,0.3740821123167185
757198,3.268763358544147,0.3770953289032756
757499,3.273639915208339,0.34974960067590777
757798,3.4776275969750268,0.30963905678584125
758099,3.5106519935051193,0.310340203395322
758398,3.517384994594954,0.31217915281626474
758699,24.94934623892192,-0.41100269161413383
758999,29.712311645014196,-0.4155257553225389
759298,,
759599,,
759898,5.223995561793336,
760199,5.223995561793336,
760498,5.223995561793336,
760799,5.223995561793336,
761098,5.223995561793336,
761399,5.223995561793336,
761699,5.223995561793336,
761998,5.223995561793336,
762299,5.223995561793336,
762598,5.223995561793336,
762899,5.223995561793336,
763198,5.223995561793336,
763499,5.223995561793336,
763798,5.223995561793336,
764099,5.223995561793336,
764399,5.223995561793336,
764698,5.223995561793336,
764999,5.223995561793336,
765298,5.223995561793336,
765599,5.223995561793336,
765898,5.223995561793336,
766199,5.223995561793336,
766498,5.223995561793336,
766799,5.223995561793336,
767099,5.223995561793336,
767398,5.223995561793336,
767699,5.223995561793336,
767998,5.223995561793336,
768299,5.223995561793336,
768598,5.223995561793336,
768899,3.1204844871038215,-0.26094444946752793
769198,7.075433052352683,0.035230461811650904
769499,7.266338861870504,0.010607655989142484
769799,6.406808685031936,0.07607587907000035
770098,5.986238858536478,0.12247970006807996
770399,4.971774398043903,0.17845696866212601
770698,4.515778511508704,0.2124270783897193
770999,17.734901941282473,-0.46051201470931025
771298,9.573792857182221,-0.15838562739793094
771599,28.781549790454967,-0.8777965731232753
771898,,
772199,,
772499,,
772798,,
773099,,
773398,,
773699,5.223995561793336,
773998,,
774299,,
774598,,
774899,,
775199,5.223995561793336,
775498,5.223995561793336,
775799,5.223995561793336,
776098,5.223995561793336,
776399,5.223995561793336,
776698,5.223995561793336,
776999,5.223995561793336,
777298,5.223995561793336,
777599,5.223995561793336,
777899,5.223995561793336,
778198,5.223995561793336,
778499,5.223995561793336,
778798,5.223995561793336,
779099,5.223995561793336,
779398,5.223995561793336,
779699,5.223995561793336,
779998,5.223995561793336,
780299,5.223995561793336,
780599,5.223995561793336,
780898,5.223995561793336,
781199,5.223995561793336,
781498,5.223995561793336,
781799,5.223995561793336,
782098,5.223995561793336,
782399,5.223995561793336,
782698,5.223995561793336,
782999,5.223995561793336,
783299,5.223995561793336,
783598,5.223995561793336,
783899,5.223995561793336,
784198,5.223995561793336,
784499,5.223995561793336,
784798,5.223995561793336,
785099,5.223995561793336,
785398,5.223995561793336,
785699,5.223995561793336,
785999,5.223995561793336,
786298,5.223995561793336,
786599,5.223995561793336,
786898,5.223995561793336,
787199,5.223995561793336,
787498,5.223995561793336,
787799,5.223995561793336,
788098,5.223995561793336,
788399,5.223995561793336,
788699,5.223995561793336,
788998,5.223995561793336,
789299,5.223995561793336,
789598,5.223995561793336,
789899,5.223995561793336,
790198,1.9553939325600578,0.1309289477497796
790499,4.269159034229333,0.22503622041924143
790798,2.7206765001657423,0.47013197843675014
791099,2.881917527302699,0.46985026232182503
791399,2.981165393669787,0.46521743870603016
791698,2.839223519130219,0.4937395553254357
791999,4.591164369367726,0.09107603265754327
792298,3.597582365893881,0.308481068672133
792599,5.948905365580998,0.06709560206748688
792898,3.9281085317363553,0.2855188266292137
793199,2.536781208365198,0.5038966115713344
793498,3.5353269655512887,0.3729202204765719
793799,3.8016499830073065,0.35377484523453984
794099,4.574352311108074,0.21664129798723042
794398,3.0956982285202916,0.4675384973903125
794699,3.0576598293952912,0.47427588052926595
794998,3.2506579683026984,0.4518235689751683
795299,3.6239806081730688,0.3948833311395671
795598,3.057759462871761,0.46636003301093787
795899,3.7207412002605866,0.3550767973766511
796198,2.921973200077059,0.4732793949339621
796499,3.134348992355557,0.4434101309127343
796799,2.8973542460638892,0.45678015390516025
797098,38.86478598727609,-0.29956250511036187
797399,4.933899149730859,0.14748931759353934
797698,4.826250976903349,0.1527722281161077
797999,5.15873128871118,0.12391106955377895
798298,6.000203913462066,0.082494968607988
798599,2.3940374087745386,0.5233564771661094
798898,2.576921975559261,0.51570729443985
799199,2.801123085642594,0.49353793499550513
799499,2.89967109731317,0.4673774042807358
799798,3.0335441108628833,0.44269910313275473
800099,3.5025983897110105,0.40854137462184104
800398,3.1897447709353917,0.4044727326755475
800699,3.539629717874458,0.3487873549677022
800998,3.5644558854022352,0.3505763073848239
801299,4.05215762003418,0.29640591210104017
801598,3.950592154255926,0.29730613373972614
801899,4.120535488289259,0.2759112544474951
802199,4.2005852240637545,0.2579015667711544
802498,4.417676000287625,0.26520539580007063
802799,3.700857212238203,0.36295494894237923
803098,3.0956136846568025,0.44982656129308607
803399,2.5129640234195705,0.5165524831985078
803698,2.6335028259114948,0.4958775518538706
803999,2.7418693729364803,0.43669287783066835
804298,3.0959587250746496,0.40577847030113323
804599,3.1730041278826153,0.3933884055482463
804899,3.452637411388148,0.3732667219902892
805198,3.737911753082594,0.36141972495063346
805499,3.6220925149945504,0.3906330046805653
805798,12.457112704031283,-0.19219904860215586
806099,96.38864519853041,-0.4201014377813863
806398,47.25266153881548,-0.32599482453458184
806699,5.223995561793336,
806998,,
807299,5.223995561793336,
807599,5.223995561793336,
807898,5.223995561793336,
808199,5.223995561793336,
808498,5.223995561793336,
808799,5.223995561793336,
809098,5.223995561793336,
809399,5.223995561793336,
809698,5.223995561793336,
809999,5.223995561793336,
810299,5.223995561793336,
810598,5.223995561793336,
810899,5.223995561793336,
811198,5.223995561793336,
811499,5.223995561793336,
811798,5.223995561793336,
812099,5.223995561793336,
812398,5.223995561793336,
812699,5.223995561793336,
812999,7.99769296062808,-0.07587556974837573
813298,6.496691191668953,0.0516428608272681
813599,7.369237454638212,-0.05090030398205325
813898,3.2999175317547884,0.23299834603875835
814199,2.470388470160056,0.5048280351440259
814498,4.500294248599006,0.1933060665867662
814799,2.915181621179079,0.4422513245513541
815098,3.182227188579542,0.3988807558699198
815399,3.070596282526302,0.4103910393176161
815699,6.5111399358774475,-0.005439850741264074
815998,3.792148236615958,0.3535366197440841
816299,3.56717347346933,0.31200538125948263
816598,4.33864725472234,0.2743194450124048
816899,5.550359363738284,0.14790142470944456
817198,4.729509294787294,0.23872007391111416
817499,4.098547874332586,0.3029061193832212
817798,4.162698654097194,0.29645642893406143
818099,3.665508607382513,0.3692658291302666
818399,9.79830074604243,-0.168778639665359
818698,3.2785965584158263,0.30699406641340987
818999,3.4343656781736716,0.32354543227582944
819298,4.102501935921336,0.19621849596280183
819599,3.235444198556013,0.3431536322317349
819898,3.8405624086702677,0.29914454996953754
820199,5.884278280245676,0.05049842189693654
820498,6.664931974273275,0.01949371809265954
820799,4.125919491639862,0.26147395528347617
821099,26.840459377577993,-0.42344860099713943
821398,16.852569131752304,-0.3188517709115357
821699,33.088428763027565,-0.4136206926034143
821998,3.7543450301429555,0.23368473656434652
822299,4.015011743188975,0.22695599764609942
822598,4.738622228680641,0.15107800466147459
822899,4.942356595156255,0.12740815277664963
823198,9.648186391709514,-0.09217852854656283
823499,11.39351883063284,-0.08946052727794473
823799,25.947918061163435,-0.3387538689459113
824098,27.273079881312295,-0.31938570279833844
824399,17.838123999748447,-0.2659458260165408
824698,15.687120782116406,-0.1992226772737098
824999,14.261891578147928,-0.16928433482750926
825298,16.11648269930374,-0.23086918905173737
825599,17.237067349189598,-0.23794881202174234
825898,53.13739817870633,-0.5338166080054354
826199,68.08462522609985,-0.564321921373987
826499,58.064661962653105,-0.5124430637421695
826798,98.52316279927115,-0.5658254190765417
827099,111.22060120357672,-0.41498939905864396
827398,127.44997434371561,-0.49310186197440653
827699,100.22884569825264,-0.49223322065611397
827998,115.54509745380818,-0.46495467158074844
828299,95.63140576188691,-0.534113533466761
828598,78.52483649695633,-0.43402640623296795
828899,100.22671791945635,-0.5372796485072584
829199,68.49145588500727,-0.46156268480473805
829498,28.01837163482011,-0.32668370378065203
829799,53.19490198463787,-0.5367564763526669
830098,51.557555031334935,-0.4672145701985484
830399,64.89120133357568,-0.40730424317562464
830698,55.30881346380253,-0.4193974485736873
830999,59.079631981550214,-0.45633848668276666
831298,66.82619314769605,-0.3881946255989439
831599,49.99042182594451,-0.42707362551359784
831899,62.13231238036482,-0.43444343268869834
832198,45.29797220067039,-0.45948294876999274
832499,40.99665143546997,-0.4560011438280669
832798,47.31099842441112,-0.40576977271830117
833099,44.88631587219289,-0.41170139651961124
833398,28.874618202054997,-0.2911917691568344
833699,5.223995561793336,
833998,5.223995561793336,
834299,5.223995561793336,
834599,5.223995561793336,
834898,5.223995561793336,
835199,5.223995561793336,
835498,5.223995561793336,
835799,10.302112702921132,-0.039699515761451254
836098,11.549233050062371,-0.04630392529476346
836399,9.778254612363284,-0.005868817512276969
836698,9.281865761671158,-0.0006349137919317016
836999,8.033361256504488,0.03687292082323124
837299,6.813729538982752,0.0847118627070621
837598,6.448562689490721,0.10655726730234127
837899,7.142107133121022,0.07023291083067029
838198,5.558126754396195,0.17908625207378315
838499,4.90462168112035,0.24234043653296145
838798,4.787106126583312,0.2562477369225088
839099,4.848654610861472,0.25642344897309566
839398,4.818875189928603,0.2541491103225201
839699,4.965193933979529,0.240679768562173
839999,4.980811006331381,0.24027017586903554
840298,5.009699547766567,0.24055763322150447
840599,5.016109491134622,0.23958756967032557
840898,5.2325321047169275,0.21268314711543856
841199,5.39076907570638,0.1967409972500298
841498,5.288158931472585,0.2043578049135023
841799,5.575910962778141,0.17444340945864645
842098,7.710683724794811,-0.001878349404829338
842399,6.47186924906248,0.06994382453097459
842699,6.086749202645813,0.1032487951428872
842998,10.815436733626576,-0.10742610505200689
843299,7.036499584851831,0.02745770084130361
843598,5.223995561793336,
843899,,
844198,,
844499,8.119253445262903,0.013748811144681627
844798,8.157259863537018,0.00463569101946415
845099,8.454160596233777,-0.00517574287313205
845399,8.727924624681883,-0.013811263032455612
845698,9.490415012952717,-0.04597398978011147
845999,18.378515601979892,-0.189549036976558
846298,22.858723868828214,-0.13018815891276247
846599,35.1752668386873,-0.15926152950224903
846898,57.840950666237376,-0.2202291583869329
847199,68.56424732140438,-0.23181814006329704
847498,4.245446059053986,-1.1574969814801128
847799,5.223995561793336,
848099,,
848398,,
848699,,
848998,6.514445501075178,0.0789747522058033
849299,5.223995561793336,
849598,5.223995561793336,
849899,5.223995561793336,
850198,5.223995561793336,
850499,5.223995561793336,
850799,5.223995561793336,
851098,5.223995561793336,
851399,5.223995561793336,
851698,5.223995561793336,
851999,5.223995561793336,
852298,5.223995561793336,
852599,5.223995561793336,
852898,5.223995561793336,
853199,5.223995561793336,
853499,5.223995561793336,
853798,5.223995561793336,
854099,5.223995561793336,
854398,5.223995561793336,
854699,5.223995561793336,
854998,5.223995561793336,
855299,5.223995561793336,
855598,5.223995561793336,
855899,5.223995561793336,
856199,5.223995561793336,
856498,5.223995561793336,
856799,5.223995561793336,
857098,5.223995561793336,
857399,5.223995561793336,
857698,5.223995561793336,
857999,5.223995561793336,
858298,17.377759844210903,-0.27426684083195974
858599,8.239036547841156,-0.09473404690126319
858899,21.05672091657253,-0.4211602990592149
859198,17.227193313899814,-0.3511252165391938
859499,,
859798,,
860099,,
860398,,
860699,,
860998,,
861299,,
861599,,
861898,20.144751730133244,-0.7829457900292911
862199,13.540404831822078,-0.5864577668192257
862498,10.004427596763822,-0.2872094774057734
862799,3.5014771941180816,-5.001658413670041
863098,,
863399,18.664952991456335,-0.5531811294378017
863698,5.223995561793336,
863999,5.223995561793336,
864299,,
864598,5.223995561793336,
864899,5.223995561793336,
865198,5.223995561793336,
865499,5.223995561793336,
865798,5.223995561793336,
866099,5.223995561793336,
866398,5.223995561793336,
866699,5.223995561793336,
866999,5.223995561793336,
867298,5.223995561793336,
867599,5.223995561793336,
867898,5.223995561793336,
868199,5.223995561793336,
868498,5.223995561793336,
868799,5.223995561793336,
869098,5.223995561793336,
869399,5.223995561793336,
869699,5.223995561793336,
869998,5.223995561793336,
870299,5.223995561793336,
870598,5.223995561793336,
870899,5.223995561793336,
871198,5.223995561793336,
871499,5.223995561793336,
871798,5.223995561793336,
872099,5.223995561793336,
872399,5.223995561793336,
872698,5.223995561793336,
872999,5.223995561793336,
873298,5.223995561793336,
873599,5.223995561793336,
873898,5.223995561793336,
874199,5.223995561793336,
874498,5.223995561793336,
874799,5.223995561793336,
875099,5.223995561793336,
875398,5.223995561793336,
875699,5.223995561793336,
875998,5.223995561793336,
876299,5.223995561793336,
876598,5.223995561793336,
876899,5.223995561793336,
877198,5.223995561793336,
877499,5.223995561793336,
877799,4.112313497343865,0.28680136484808527
878098,5.481998610932271,0.14883668375321402
878399,5.246522989918258,0.16929827551045484
878698,5.608208542126592,0.13801095798985985
878999,5.474594240721604,0.16148294663966367
879298,5.319384459887368,0.16909539212663505
879599,5.136787624948457,0.17874643487302888
879898,5.521504391141886,0.15882986289008394
880199,4.846073684342329,0.2037113712208921
880499,3.7441760594832556,0.37131456088702663
880798,4.2021813067424505,0.30195904285173625
881099,3.667688848639694,0.391671059997167
881398,4.235061779823352,0.3088243828688342
881699,5.170261754830414,0.17590643753673696
881998,8.544855587966607,-0.06589566019259951
882299,3.279896070115198,0.43360543353936787
882598,3.3338328289161248,0.43692006804870454
882899,3.4322581813040465,0.4112246356076492
883199,3.4215532063433978,0.4043057475787807
883498,4.1780905280972895,0.3091542167170429
883799,6.250403336019755,0.08113584296495835
884098,8.25797777407171,-0.04388222495351868
884399,4.0160952245142525,0.32625981040410557
884698,6.918748628033939,0.00907854598783564
884999,6.252501559629024,0.02847036593742125
885298,6.2849782840618955,0.027536135020739816
885599,6.5727300433614255,0.016424892561743287
885899,6.1736886401776365,0.029230464142848245
886198,6.267677795881339,0.032371738252343185
886499,6.225539301534117,0.04923250245056254
886798,6.470370808383655,0.025634695028353915
887099,6.671612313622081,0.02187048708182615
887398,6.480680523151146,0.018532994590782947
887699,6.6636263929266075,0.021125826129927083
887998,7.256926430426607,-0.019739093883503145
888299,8.397388064586593,-0.07706551379466053
888599,10.44644344088925,-0.12700613984333953
888898,5.968735037910404,0.0788578022166938
889199,5.290868292413746,0.09837016060069614
889498,6.145223682581701,0.014734324384652608
889799,6.407641258168377,0.0040567285377814954
890098,6.706155128132519,-0.004624261775093563
890399,6.98470451017994,-0.022392061853752754
890698,7.342118243753906,-0.03658110487578781
890999,8.236337066287032,-0.07582049125749668
891299,7.765581001084931,-0.06110627342051056
891598,6.804884128683282,-0.01846772647642525
891899,9.741022924527773,-0.1302230058674172
892198,7.199472877923565,-0.03084271831803509
892499,8.101830424970522,-0.0818551699728105
892798,8.378805488649597,-0.09177023264498207
893099,9.990455677015214,-0.15509177208482838
893398,8.575319489448763,-0.08884715553103151
893699,7.162682505722466,-0.018457474006521535
893999,9.300519946892775,-0.12561735910185678
894298,8.901220013121945,-0.10853172732925542
894599,6.841217826247803,0.007085719691502179
894898,6.908533139206006,0.011311486390274683
895199,6.691069094315051,0.048924314906383715
895498,7.463783322841869,-0.0039054971211767153
895799,8.657092802970364,-0.07294400915978527
896098,8.683213932516026,-0.06534879659877602
896399,9.259245407587409,-0.12403833482705151
896699,9.845349391590311,-0.11006846928688807
896998,7.508756885647979,-0.02858729947768368
897299,11.64511348226538,-0.22530578991336547
897598,10.190574895264172,-0.1631785079766146
897899,12.183426985913524,-0.20022308104372843
898198,12.44800136328158,-0.21883013872177992
898499,9.758906401374993,-0.139571658771809
898798,39.82681574698213,-0.35774870318339547
899099,53.174168751069764,-0.4844681847897323
899399,33.59578672545036,-0.33952982266289355
899698,,
899999,5.223995561793336,
900298,5.223995561793336,
900599,5.223995561793336,
900898,5.223995561793336,
901199,5.223995561793336,
901498,5.223995561793336,
901799,5.223995561793336,
902099,5.223995561793336,
902398,2.647158266219698,0.37062167704922677
902699,8.501931217710503,-0.15925247242592144
902998,16.997023949486433,-0.3862403080772461
903299,21.571712664782726,-0.5399460559803992
903598,8.325373443671133,-0.10062282147297985
903899,7.788528329315072,-0.08291413764322364
904198,6.22558307959433,0.014135606293199876
904499,6.284639515230943,0.003560712602545868
904799,6.6815256176638975,-0.03318179852183589
905098,4.074604872423158,0.27067113888119965
905399,7.932149406147695,-0.09603673545916602
905698,8.176067931925761,-0.11067116367395458
905999,5.562830795156829,0.10525788150137227
906298,6.977099844624836,-0.030241731741774247
906599,6.244023004398655,0.02764231904276515
906898,9.61114019437715,-0.14065861723748374
907199,8.794481287092616,-0.12889121845996732
907499,7.580494175092429,-0.0581732442811429
907798,10.678526979226918,-0.24086422937804142
908099,9.145108926716045,-0.16398509283030704
908398,18.350579296733084,-0.3642304513005672
908699,36.44301978583365,-0.5209895636578583
908998,9.988522389051804,-0.156696081023463
909299,5.096108846879464,0.1310058188123363
909598,6.192407397319991,0.009129243945943055
909899,20.08087503359386,-0.245256418252374
910199,3.8871699904426,0.3025034608588959
910498,8.518367229888941,-0.10990332445167783
910799,4.466245792390423,0.20134712735993976
911098,9.472330927252338,-0.19072870742621295
911399,19.2244470303028,-0.5122194277541192
911698,25.718090327132263,-0.7931746901573167
911999,4.0362050983554125,0.22229545143038076
912298,4.392718856764338,0.2005186970670414
912599,4.871606307205671,0.17670008614212485
912899,5.085197351667223,0.11310732350192887
913198,5.954287891643691,0.055027680928882994
913499,6.819985844417865,0.016624159709990538
913798,6.082651675047495,0.04282717416223847
914099,5.9786115355411305,0.06993578601174699
914398,6.552786840390375,0.06219789362574857
914699,7.03924193177836,0.041147905386374584
914998,7.993796681746153,0.006735364211356232
915299,8.199846556440596,0.0020418495971108452
915599,8.592541228977632,-0.007910466509250647
915898,9.025843501571408,-0.022052499750564447
916199,9.796545647640853,-0.03711563277446972
916498,8.54848814961723,0.007544457600004106
916799,8.524734910468132,-0.006113337406795649
917098,9.118612449506706,-0.017818324273700226
917399,9.286086035930559,-0.02288157621361675
917698,9.789876096603033,-0.03446405013419529
917999,10.003240939288704,-0.03492792804040956
918299,10.477997444917849,-0.04817751930096903
918598,12.867036984333032,-0.07261856455659599
918899,12.985814081866922,-0.07333056814295968
919198,14.3835813161738,-0.23719952300681468
919499,11.240636345210229,-0.1021550846134529
919798,12.815778750705375,-0.16721133880356365
920099,12.969989368885024,-0.1615651519029948
920398,13.88248248231095,-0.15925927722003008
920699,14.35897605853199,-0.13799345819536457
920999,18.850740007099724,-0.2591177352734988
921298,17.01237397166602,-0.2717713059366029
921599,16.439651349038705,-0.1961337802094152
921898,19.24807419084741,-0.2718758322283328
922199,,
922498,10.716293276214328,-0.1127394807121791
922799,3.456396499288622,0.23039870546077568
923098,3.546997935280291,-3.681291987050418
923399,5.223995561793336,
923699,5.223995561793336,
923998,5.223995561793336,
924299,5.223995561793336,
924598,5.223995561793336,
924899,5.223995561793336,
925198,,
925499,5.223995561793336,
925798,,
926099,47.29319934278219,-0.18712301638366147
926399,53.76808998795171,-0.1541238963728897
926698,3.096547235309406,0.3777129624183623
926999,3.6670275359031055,0.3123736696606755
927298,4.010978633000805,0.30071400889214084
927599,3.8635800455142166,0.2991049469883107
927898,4.067214980803408,0.2984688380327263
928199,3.8836290373271942,0.3071017356446111
928498,4.0718065610456895,0.31185320455840715
928799,3.89988782350634,0.3394792794303889
929099,4.116352868293377,0.3246319106837622
929398,3.9907777770225437,0.31683812177937287
929699,4.24887894737671,0.30898771579020445
929998,15.914926224120686,-0.1587060588885727
930299,3.980409162300321,0.32864277027781197
930598,4.310872455244765,0.2854061719917075
930899,4.396109360267913,0.2701871362702748
931198,4.925657616443926,0.21045264618629245
931499,5.00081766984569,0.20950431789998225
931799,6.044646081793464,0.09460580267533902
932098,5.4323209605619835,0.1552786033848268
932399,5.141247212626799,0.1799232138233161
932698,4.870092482833844,0.21533415577127335
932999,4.977851977511057,0.19093913569335252
933298,5.50042304423791,0.13699298168381924
933599,5.293795814962447,0.15643925884929533
933898,5.4082960762633725,0.14850919600721346
934199,5.572014665299122,0.14018942828355718
934499,5.849861760387085,0.12097267890530994
934798,6.330863364248197,0.0878070675187439
935099,7.003421653157919,0.041349254376288
935398,7.254022018053752,0.033672730737315804
935699,7.639637875859307,0.017812168410488383
935998,8.310239385160235,-0.015830500395516367
936299,8.892068380780604,-0.04514498048910354
936598,9.473959958192802,-0.06373321298311208
936899,10.361984613449748,-0.10713854229487785
937199,10.879394177146507,-0.1270236279128678
937498,25.417219838883348,-0.3457837557512278
937799,9.44101442629162,-0.1259212640675489
938098,27.73117391543595,-0.23916334123477823
938399,35.25433578507877,-0.32803610871597466
938698,42.124487041489715,-0.40194486287625253
938999,32.19520691001929,-0.34582751260634415
939298,5.223995561793336,
939599,5.223995561793336,
939899,5.223995561793336,
940198,5.223995561793336,
940499,5.223995561793336,
940798,5.223995561793336,
941099,5.223995561793336,
941398,5.223995561793336,
941699,5.223995561793336,
941998,5.223995561793336,
942299,5.223995561793336,
942599,5.223995561793336,
942898,5.223995561793336,
943199,5.223995561793336,
943498,5.223995561793336,
943799,5.223995561793336,
944098,5.223995561793336,
944399,5.223995561793336,
944698,5.223995561793336,
944999,5.223995561793336,
945299,5.223995561793336,
945598,5.223995561793336,
945899,4.515188854635995,0.23922346686019746
946198,4.413799536031321,0.20629581262032304
946499,3.083328557510971,0.3545763176505937
946798,3.0791019907403316,0.35380199363326814
947099,4.53014341240159,0.17292444542628915
947398,4.771401195927194,0.15853460395220398
947699,3.5707458966310788,0.3098290951971827
947999,3.409616778478696,0.3090217391221305
948298,9.766235651738477,-0.15517045610004754
948599,21.60362225495377,-0.41564464441337723
948898,23.019859493948054,-0.431996438509032
949199,15.989151211768583,-0.35733731151237524
949498,8.841453515064787,-0.0789590256179924
949799,3.8051408237586535,-4.453202790396016
950098,7.401838646042951,-0.038688370193011634
950399,5.223995561793336,
950699,5.223995561793336,
950998,12.301832070916731,-0.35685289678844545
951299,5.010298766859819,0.1712507345890597
951598,4.574797530193476,0.22007850737297885
951899,9.647545073492408,-0.044026600617313116
952198,7.057528052449625,0.042619502453626223
952499,3.486924685642555,-0.7629471704764141
952798,3.150559360461609,0.3732973534949857
953099,,
953399,5.223995561793336,
953698,5.223995561793336,
953999,5.223995561793336,
954298,5.223995561793336,
954599,5.223995561793336,
954898,5.223995561793336,
955199,5.223995561793336,
955498,5.223995561793336,
955799,5.223995561793336,
956099,5.223995561793336,
956398,5.223995561793336,
956699,5.223995561793336,
956998,5.223995561793336,
957299,5.223995561793336,
957598,5.223995561793336,
957899,5.223995561793336,
958198,5.223995561793336,
958499,5.223995561793336,
958799,5.223995561793336,
959098,5.223995561793336,
959399,5.223995561793336,
959698,5.223995561793336,
959999,5.223995561793336,
960298,5.223995561793336,
960599,5.223995561793336,
960898,5.223995561793336,
961199,5.223995561793336,
961499,5.223995561793336,
961798,5.223995561793336,
962099,5.223995561793336,
962398,5.223995561793336,
962699,5.223995561793336,
962998,5.223995561793336,
963299,5.223995561793336,
963598,5.223995561793336,
963899,5.223995561793336,
964199,5.223995561793336,
964498,5.223995561793336,
964799,5.223995561793336,
965098,5.223995561793336,
965399,10.352110079910403,-0.07974361605904012
965698,17.33433544115113,-0.286880867406337
965999,4.1249629565639445,0.26962918369024136
966298,4.561423591197299,0.21702786283685405
966599,4.525640885598666,0.228058864532948
966899,4.505114414143126,0.2107508712079249
967198,4.770978361955625,0.18045179247818122
967499,4.9567336187338515,0.17313846259660748
967798,4.857215589009998,0.17183390951208954
968099,5.206750415979222,0.14780375330552453
968398,5.165119163660261,0.17287238006609318
968699,4.993114729940354,0.18327412236843432
968998,5.383856860325519,0.15446240096511787
969299,5.492181608418111,0.1531776140073775
969599,6.6428436176051315,0.037911844076359946
969898,4.456552316050056,0.23876855836430289
970199,4.570859839189584,0.20706411430222815
970498,4.70708329186348,0.2306632311144171
970799,4.380169196707363,0.2544491160363712
971098,4.480793332369663,0.22078625790505224
971399,4.639332985928779,0.22126105683537656
971698,4.42887962662413,0.23413681272624065
971999,4.3565711313859685,0.2638993671994315
972299,4.753956082570889,0.21728627996212968
972598,4.7406232766009815,0.214709447383009
972899,4.566395013529222,0.2411629924538118
973198,4.818817609841722,0.21439442961562705
973499,5.000987304662454,0.19600856327284755
973798,4.671372469360194,0.20339600384552003
974099,5.072739004146306,0.1781509615212672
974398,4.855463166349486,0.21974038802031637
974699,3.514036090933676,0.38850194219211764
974999,4.969992140203859,0.200789350357804
975298,4.027127406264676,0.28820311805147547
975599,4.173114827463749,0.28029638887656394
975898,4.36105699356345,0.25569397121059445
976199,4.706399579531042,0.22756218751337198
976498,4.870711450549686,0.20072651770056726
976799,4.62103444650095,0.23383338382556507
977098,4.932238129974303,0.2033423686640492
977399,4.943710687548378,0.1973411976321372
977699,9.738581012266751,-0.13187085223835093
977998,22.866783968333387,-0.20146944278694878
978299,15.521444268430391,-0.19480817220819113
978598,68.81683235771328,-0.28789032300122375
978899,23.531286818050987,-0.2589755476983897
979198,5.787766896216524,0.09866826287037289
979499,4.846360619031339,0.16459868850906378
979798,5.121701162427172,0.1409654908888115
980099,5.538815018237358,0.10687633783194195
980399,5.780415477561432,0.09000881022452234
980698,6.2039273968377975,0.05206322979289524
980999,6.810496210498932,0.014137599426341074
981298,7.159904215529926,-0.005229017405134595
981599,7.724294571905144,-0.038870954481881936
981898,8.372554850023201,-0.07055004803194209
982199,8.128970858219741,-0.04920401349805248
982498,8.006105871695768,-0.043920822797475
982799,8.151884074613848,-0.0457382668998656
983099,20.199774962088032,-0.26180910743560837
983398,6.954065480648696,0.009874245583043284
983699,6.469741514509806,0.030876028806143596
983998,7.309047258296845,-0.02427994004333467
984299,7.886092175929004,-0.042231120803679856
984598,8.922947073731534,-0.0815817179407421
984899,9.205681574361163,-0.08920135872446333
985198,10.02812693436811,-0.11229040463764162
985499,10.759635848564168,-0.12421932999128082
985799,11.289655720922964,-0.1507047400491235
986098,11.94785197570074,-0.17178296080101796
986399,13.097214997814167,-0.19320826216556997
986698,15.543049519597288,-0.2553042945849806
986999,16.722218055437565,-0.2543417078046879
987298,15.477541585645895,-0.22819578214200487
987599,14.590861748162101,-0.17889450980097488
987898,25.408906105458968,-0.37631554885063623
988199,35.617385146678885,-0.4802247477727575
988499,36.253504380405744,-0.5049722141641733
988798,25.69466845172486,-0.45327238815120596
989099,3.7899520367685446,-9.453243904287312
989398,5.223995561793336,
989699,5.223995561793336,
989998,5.223995561793336,
990299,5.223995561793336,
990598,5.223995561793336,
990899,5.223995561793336,
991199,5.223995561793336,
991498,5.223995561793336,
991799,5.223995561793336,
992098,5.223995561793336,
992399,5.223995561793336,
992698,15.758721541901757,-0.5252745626104955
992999,13.673097375005527,-0.4035966427364943
993298,8.479323559750762,-0.08427203548224305
993599,18.905292790336944,-0.44016670273445824
993899,9.193709123956785,-0.11646847014177819
994198,9.765442215883839,-0.13342124797711996
994499,14.058181785027067,-0.3559377612700134
994798,10.886713378898142,-0.19245181245092846
995099,9.358827339939877,-0.146752325651625
995398,8.655010084813973,-0.08189955865903276
995699,11.270478099520899,-0.22572272901876111
995998,8.1578363615834,-0.07674081360510132
996299,7.20075379233967,-0.02423931029972981
996599,7.122163174061894,-0.02631011869209754
996898,6.35188819792065,0.03955006186195931
997199,5.053110237014282,0.13018815295744746
997498,8.33214285893203,-0.07125399001883537
997799,13.090536932385156,-0.3383121864055296
998098,13.111996927956246,-0.33790372259175183
998399,11.179330452284715,-0.19048735434779318
998698,15.283307590788642,-0.34758251987213806
998999,25.867143723890187,-0.7571332616593709
999299,2.0012829938374224,0.573722915074494
999598,9.282400650299051,-0.11018858722870895
999899,29.584636269685504,-0.4762090592415751
1000198,15.932909619156694,-0.41235936345719537
1000499,22.803299598915643,-0.5473157420609889
1000798,8.95833373678285,-0.07438950463240634
1001099,20.283927058511892,-0.4079203042890689
1001398,16.717867281552216,-0.30794773220253013
1001699,23.203172124811477,-0.3684509666261897
1001999,32.00024654916468,-0.5542121541796945
1002298,3.3832987227891205,0.2503875353539817
1002599,15.93325847591467,-0.35885645546700995
1002898,3.7106208216492567,0.23864700269704087
1003199,3.0177309780751695,-0.2460900379370663
1003498,,
1003799,12.018761324375452,-0.1987705091021703
1004098,21.37831183572565,-0.3766657390357113
1004399,,
1004699,5.223995561793336,
1004998,5.223995561793336,
1005299,25.939342228037933,-0.4824627880805539
1005598,27.5131946877208,-0.3822238541254199
1005899,19.369893572245434,-0.32607811397176123
1006198,14.658983323324138,-0.1621976823705613
1006499,16.275660847776937,-0.20024703798522503
1006798,15.121763661111917,-0.19108209376919771
1007099,17.02662875081951,-0.20330310871207802
1007399,16.766689255349156,-0.17912310590306801
1007698,57.247222951451704,-0.3287641485363375
1007999,19.10645561246097,-0.28078693458665427
1008298,43.661507888176246,-0.3895417565675794
1008599,14.857150331488034,-0.136958672724937
1008898,14.639442287566403,-0.19434567730605057
1009199,29.06648148663418,-0.3064165867011932
1009498,28.06889452668319,-0.33190253509330847
1009799,52.22101824746593,-0.3923282265181405
1010099,34.228148102882265,-0.3853484398877176
1010398,5.502966448345172,0.13856773108992415
1010699,5.223995561793336,
1010998,,
1011299,5.223995561793336,
1011598,5.223995561793336,
1011899,,
1012198,,
1012499,,
1012799,,
1013098,5.223995561793336,
1013399,5.223995561793336,
1013698,5.223995561793336,
1013999,5.223995561793336,
1014298,5.223995561793336,
1014599,5.223995561793336,
1014898,5.223995561793336,
1015199,5.223995561793336,
1015499,5.223995561793336,
1015798,5.223995561793336,
1016099,5.223995561793336,
1016398,5.223995561793336,
1016699,5.223995561793336,
1016998,5.223995561793336,
1017299,5.223995561793336,
1017598,5.223995561793336,
1017899,5.223995561793336,
1018199,5.223995561793336,
1018498,5.223995561793336,
1018799,5.223995561793336,
1019098,5.223995561793336,
1019399,4.144062710513627,0.13074959836429145
1019698,,
1019999,4.904931570921169,0.19366190323363097
1020298,5.146435448877188,0.16890157199199052
1020599,5.204541806186584,0.17322414242175732
1020899,5.295664047837729,0.1592784944911465
1021198,5.67318975381345,0.12397457904708431
1021499,4.979814127328471,0.17366442452325204
1021798,5.339700444878389,0.14714147948718037
1022099,5.592811928754397,0.12700766213278014
1022398,5.7338889480565065,0.11383097978751533
1022699,5.984902545818205,0.09159311453467633
1022998,6.3235223659296045,0.060233183592363404
1023299,6.652459920949027,0.036240060946456376
1023599,6.853494384785968,0.03160414785506205
1023898,7.770761389714512,-0.03563306927054355
1024199,8.268624767135108,-0.06577776285818171
1024498,7.989143216337936,-0.03294074201320374
1024799,8.007227477903655,-0.04484837747642012
1025098,8.407123041315693,-0.06475232128743591
1025399,8.398084139579579,-0.06296665923780731
1025698,17.548879543013957,-0.36691010325055573
1025999,14.62838786006025,-0.2585885335032969
1026299,11.581696401094257,-0.18791357411480414
1026598,13.74475398329636,-0.24359851879905126
1026899,15.646899650794047,-0.3222293366739608
1027198,24.350903197078765,-0.22234826162877308
1027499,30.559643777047697,-0.23416765126545336
1027798,42.703774629390296,-0.23468936236201543
1028099,25.280083674825477,-0.27370335318281125
1028398,33.16559741782085,-0.27273318553668946
1028699,16.7547592083033,-0.21668286582655716
1028999,22.155190110217656,-0.252341469112225
1029298,22.53593719199312,-0.26673153400256844
1029599,75.11408224691004,-0.5521822171366608
1029898,7.592854566602453,0.00453254840616879
1030199,8.055073105908171,-0.024234782841802804
1030498,36.85684496917722,-0.4271598113613102
1030799,58.4696877815638,-0.7709413961746241
1031098,5.223995561793336,
1031399,5.223995561793336,
1031699,5.223995561793336,
1031998,5.223995561793336,
1032299,5.223995561793336,
1032598,5.223995561793336,
1032899,5.223995561793336,
1033198,5.223995561793336,
1033499,5.223995561793336,
1033798,5.223995561793336,
1034099,5.223995561793336,
1034399,5.223995561793336,
1034698,5.223995561793336,
1034999,3.769596579406761,-7.274364014767132
1035298,24.27506954963324,-0.39422335240594264
1035599,17.21674827103479,-0.33241381720039387
1035898,7.033079291826224,-0.00983467341075106
1036199,7.466365576859957,-0.022494865573411404
1036498,5.915373639418754,0.09951386694111874
1036799,5.388249590848054,0.1311854630645276
1037099,5.624519213795842,0.10754180952133274
1037398,5.102205302651419,0.15685631084525176
1037699,5.916406073980413,0.08543982694884966
1037998,6.586803509686649,0.028611973380169076
1038299,5.962904561054919,0.08443408765641036
1038598,7.777447083806319,-0.039561470635845586
1038899,15.444740445571828,-0.37831492992608484
1039198,9.707675776746132,-0.1307736842311138
1039499,28.024474953818427,-0.7179156172206216
1039799,36.62683034031611,-0.7325859130030341
1040098,15.998004321750894,-0.33650223039514215
1040399,28.985515634965598,-0.5915028777669997
1040698,10.741921936717585,-0.1578872313523818
1040999,11.706665091537031,-0.2201481616735863
1041298,17.28095614477553,-0.24947805082690078
1041599,7.195822934140103,0.015667979887923567
1041898,25.06385899530916,-0.5818812098016624
1042199,9.151856422630487,-0.10511542748116876
1042499,21.826647855337256,-0.4525372352145465
1042798,8.396381162916917,-0.043727640560144776
1043099,17.3825326903568,-0.29637612828662996
1043398,7.545364955122265,-0.005053354259645593
1043699,7.441945087198454,0.014160018921172801
1043998,7.769693504561399,0.0007304456182026797
1044299,9.113272817575957,-0.0470826757000915
1044598,8.623482274628167,-0.04729325171170751
1044899,17.417527604037662,-0.3680361894573667
1045199,10.949974161331781,-0.10570917890654319
1045498,11.691358618342171,-0.11321476132707975
1045799,11.98036064022179,-0.10221681744412958
1046098,12.06143843985769,-0.09327823966567483
1046399,12.328941792522729,-0.10650691528999578
1046698,12.665666802691028,-0.10616973771919302
1046999,13.288551095959543,-0.11411023517264862
1047298,13.975758221545192,-0.11424115454951167
1047599,14.14572180585538,-0.11055605900715015
1047899,14.720859147072977,-0.11959008832919471
1048198,14.430714188910933,-0.11928674801613282
1048499,14.899139822644733,-0.12334231419406994
1048798,14.868140290332235,-0.132479538753433
1049099,15.43937369187853,-0.13533336233710136
1049398,14.806241656239637,-0.12591792107123423
1049699,14.589122513329913,-0.12360359302650492
1049998,14.198969107610493,-0.11049305472797699
1050299,15.118112580505848,-0.12709039486522733
1050599,14.660315711012787,-0.12213920730790373
1050898,15.159276333144728,-0.12686233006774517
1051199,15.778597349885473,-0.1343148438531312
1051498,15.998611135903992,-0.126878571936204
1051799,15.712155050028993,-0.1316532952650602
1052098,16.122319939209547,-0.15480074458317228
1052399,16.510652438305286,-0.16236183619515598
1052698,16.023639847244265,-0.14807346495305662
1052999,16.10428154948501,-0.1533495694210778
1053299,18.96504742655786,-0.22216390104584538
1053598,15.222526483656306,-0.15552845016240013
1053899,9.70884954996638,-0.06115601732179465
1054198,12.377027922681767,-0.12095829424852189
1054499,12.640512958535934,-0.11918559688312325
1054798,11.972540186003528,-0.09908188423229713
1055099,12.714461950710227,-0.11970687706055538
1055398,10.350678866295192,-0.06836268597060458
1055699,12.474814168919046,-0.148861776763902
1055999,12.009750290379209,-0.11597937237954192
1056298,12.009529683346802,-0.11311133416694785
1056599,11.727857849991953,-0.08751694381733865
1056898,11.169231859753793,-0.06994831065551432
1057199,8.966394805510506,-0.04508815176416858
1057498,9.728679346812562,-0.0683863225219441
1057799,10.307163803143355,-0.11087190315453022
1058098,9.553695741164068,-0.04856849499185811
1058399,8.49975407332357,-0.020538764679482346
1058699,6.389749456081851,0.06106839464528924
1058998,7.26431688999072,0.043372842569137204
1059299,5.503674673085968,0.10777157649891789
1059598,7.118101050870844,0.06466766921181133
1059899,7.37898664955603,0.05361456711623447
1060198,7.044043803673705,0.02871618585445368
1060499,7.055231435847696,0.0731499386530422
1060798,7.305419220166233,0.050710592536484245
1061099,5.311969518909145,0.17199562074025554
1061399,7.561024888544815,0.010177274998801833
1061698,7.073798204095857,0.04440242417964435
1061999,6.791746703029177,0.06390206800941078
1062298,6.490655402529859,0.07762140756444957
1062599,7.019026406757776,0.03988945543403111
1062898,6.780780287717026,0.03174755991069045
1063199,7.09222129741213,0.02348295041597681
1063498,7.385548528193796,-0.001841474703989876
1063799,6.130450674274671,0.11882576374479836
1064099,6.812615940907298,0.06114161194934442
1064398,6.653200911381152,0.07535381653170226
1064699,6.689355910386071,0.07953133498427334
1064998,6.468600099064705,0.0764642586744183
1065299,6.201193317198282,0.10585233137018069
1065598,6.620824746233295,0.07677840399747748
1065899,7.135322609577411,0.050798882332991346
1066198,8.368767910307566,-0.024958831045505336
1066499,8.63452031289081,-0.03844439028048274
1066799,17.53054765395678,-0.23151100234512967
1067098,8.109956555139982,0.00045194177086760323
1067399,8.794533538192548,-0.026732776550211
1067698,8.782384010176347,-0.02278995155697694
1067999,9.799324218699494,-0.05345173896105271
1068298,9.254579966116161,-0.03326660619348987
1068599,9.500017253191729,-0.04080529846576564
1068898,13.727234265247995,-0.12486113357053297
1069199,10.254748261599133,-0.07505543954700777
1069499,17.222136824651265,-0.1473115396598652
1069798,12.701081249082229,-0.11762344352070331
1070099,13.621634809067933,-0.14943694057436208
1070398,16.234515468085938,-0.15439387295437745
1070699,13.354496115881552,-0.14652976371306603
1070998,15.916297828870436,-0.17589077271604414
1071299,15.021474088915827,-0.17607071941721375
1071598,22.45071544143648,-0.22846711689214438
1071899,15.377940682996845,-0.18452598124702013
1072199,131.24250910562995,-0.22604093286173477
1072498,91.58054539186473,-0.185260206252005
1072799,51.00928611552908,-0.26849534242833006
1073098,67.87407331798875,-0.26846414196708657
1073399,89.56033639845171,-0.1925539206548823
1073698,29.079285859318425,-0.16838427748304952
1073999,37.72651898811704,-0.1707670002826558
1074298,67.60738510876189,-0.21262453672024018
1074599,46.47594901299121,-0.18525176016503653
1074899,30.64611734670239,-0.15976306807677765
1075198,5.223995561793336,
1075499,5.223995561793336,
1075798,,
1076099,,
1076398,,
1076699,,
1076998,,
1077299,5.223995561793336,
1077599,5.223995561793336,
1077898,5.223995561793336,
1078199,5.223995561793336,
1078498,5.223995561793336,
1078799,5.223995561793336,
1079098,5.223995561793336,
1079399,5.223995561793336,
1079698,5.223995561793336,
1079999,5.223995561793336,
1080299,5.223995561793336,
1080598,5.223995561793336,
1080899,5.223995561793336,
1081198,5.223995561793336,
1081499,5.223995561793336,
1081798,5.223995561793336,
1082099,5.223995561793336,
1082398,5.223995561793336,
1082699,5.223995561793336,
1082999,5.223995561793336,
1083298,5.223995561793336,
1083599,5.223995561793336,
1083898,5.223995561793336,
1084199,33.775593485373,-0.6715722640316559
1084498,17.618945038029384,-0.4079331321023665
1084799,29.55970930408232,-0.623290081493137
1085098,19.969541266906386,-0.46555519181234817
1085399,13.105260425160617,-0.41602491511205386
1085699,14.436942494012474,-0.4521737559801904
1085998,17.882544363099598,-0.4172311877235464
1086299,13.12830532586664,-0.35794587425527213
1086598,12.191816482419878,-0.2608141389008998
1086899,13.911692678274044,-0.3625856747251437
1087198,17.53386891541525,-0.4539679253774176
1087499,12.397099020280157,-0.3426731488318566
1087798,15.825966601081916,-0.38942379744978295
1088099,14.171350559021732,-0.35375144317387575
1088399,16.31707151663979,-0.4756613249179804
1088698,17.982179812649754,-0.5467385832017213
1088999,19.947299831832623,-0.5196299482048556
1089298,14.846208345209229,-0.44107210816675724
1089599,10.641808134844972,-0.27278315913125484
1089898,16.30752480669997,-0.39867901010849827
1090199,,
1090498,,
1090799,16.944875726273214,-0.3548364598604625
1091099,5.223995561793336,
1091398,2.286853418521116,0.4492648124791748
1091699,,
1091998,5.223995561793336,
1092299,5.223995561793336,
1092598,5.223995561793336,
1092899,5.223995561793336,
1093198,5.223995561793336,
1093499,5.223995561793336,
1093799,5.223995561793336,
1094098,5.223995561793336,
1094399,5.223995561793336,
1094698,5.223995561793336,
1094999,5.223995561793336,
1095298,5.223995561793336,
1095599,5.223995561793336,
1095898,5.223995561793336,
1096199,5.223995561793336,
1096499,5.223995561793336,
1096798,5.223995561793336,
1097099,5.223995561793336,
1097398,5.223995561793336,
1097699,5.223995561793336,
1097998,5.223995561793336,
1098299,5.223995561793336,
1098598,5.223995561793336,
1098899,5.223995561793336,
1099199,5.223995561793336,
1099498,5.223995561793336,
1099799,5.223995561793336,
1100098,5.223995561793336,
1100399,5.223995561793336,
1100698,5.223995561793336,
1100999,5.223995561793336,
1101298,5.223995561793336,
1101599,5.223995561793336,
1101899,5.223995561793336,
1102198,5.223995561793336,
1102499,5.223995561793336,
1102798,5.223995561793336,
1103099,5.223995561793336,
1103398,5.223995561793336,
1103699,5.223995561793336,
1103998,5.223995561793336,
1104299,5.223995561793336,
1104599,5.223995561793336,
1104898,5.223995561793336,
1105199,5.223995561793336,
1105498,5.223995561793336,
1105799,5.223995561793336,
1106098,5.223995561793336,
1106399,5.223995561793336,
1106698,5.223995561793336,
1106999,5.223995561793336,
1107299,5.223995561793336,
1107598,5.223995561793336,
1107899,5.223995561793336,
1108198,5.223995561793336,
1108499,5.223995561793336,
1108798,5.223995561793336,
1109099,5.223995561793336,
1109398,5.223995561793336,
1109699,5.223995561793336,
1109999,5.223995561793336,
1110298,5.223995561793336,
1110599,5.223995561793336,
1110898,5.223995561793336,
1111199,5.223995561793336,
1111498,5.223995561793336,
1111799,5.223995561793336,
1112098,5.223995561793336,
1112399,5.223995561793336,
1112699,5.223995561793336,
1112998,17.695334172835004,-0.30121355509762804
1113299,16.38395804664519,-0.27491119624849714
1113598,15.1528044722401,-0.24720837860524503
1113899,27.718012137755927,-0.56264950417016
1114198,17.762248588311856,-0.28650592403860964
1114499,17.79535676978639,-0.28363867819343325
1114798,26.7535317442671,-0.38810813675854283
1115099,52.818131142296615,-0.48872945352216624
1115399,75.9929062167457,-0.45009412796723525
1115698,3.7260777773773817,-5.774564704382346
1115999,6.152093586586858,0.09422553590826388
1116298,13.60937125616051,-0.11907240158289101
1116599,9.26819812130963,-0.0708430985195816
1116898,5.223995561793336,
1117199,5.223995561793336,
1117498,,
1117799,,
1118099,,
1118398,,
1118699,,
1118998,,
1119299,,
1119598,,
1119899,,
1120198,,
1120499,,
1120799,5.223995561793336,
1121098,5.223995561793336,
1121399,5.223995561793336,
1121698,5.223995561793336,
1121999,5.223995561793336,
1122298,5.223995561793336,
1122599,5.223995561793336,
1122898,5.223995561793336,
1123199,5.223995561793336,
1123499,5.223995561793336,
1123798,5.223995561793336,
1124099,5.223995561793336,
1124398,5.223995561793336,
1124699,,
1124998,27.754899871155988,-0.47888703334129423
1125299,52.19440301603603,-0.7165712376621645
1125598,24.00006123822543,-0.5227236946850542
1125899,25.18806377577707,-0.565207911360061
1126199,17.95141182104096,-0.3772560986628044
1126498,9.659753040909074,-0.13516531484261463
1126799,17.603624123120433,-0.5094487293592196
1127098,6.480796689534103,0.055920130658191236
1127399,6.883328122085029,0.04150448336441526
1127698,10.134302067282256,-0.19291700825964542
1127999,14.484307012016124,-0.29527937776764723
1128298,7.45739540035101,-0.0544388319223279
1128599,11.211683085143584,-0.25711366704756133
1128899,10.08267949973674,-0.16435605534795483
1129198,15.051608984637205,-0.39055388736132013
1129499,5.939363899591876,0.058218626146074315
1129798,10.68023356544451,-0.255205280175437
1130099,13.423310338468225,-0.3157190144998645
1130398,10.225252104201312,-0.24987524588317633
1130699,4.721333426818358,0.18402083043978967
1130998,10.176237152039418,-0.20010003403186905
1131299,11.253484325953057,-0.22787573779257198
1131599,13.525268394963028,-0.33529118586733486
1131898,9.019346387838723,-0.12573471711972828
1132199,10.116844010079468,-0.17061591978189483
1132498,13.590645401000632,-0.3605674480530503
1132799,12.40051570596983,-0.3085392855540763
1133098,15.017627530596506,-0.4113472325251284
1133399,13.506333326780988,-0.3562736817437766
1133698,15.991008791057162,-0.40569914482275715
1133999,10.347050503613492,-0.21351962568915717
1134299,5.737039874808078,0.07023119101629238
1134598,13.720091377234693,-0.36825603698861786
1134899,23.488260033813795,-0.5970264919317587
1135198,11.321439261021245,-0.18542597594044108
1135499,11.883504925689097,-0.210553806387197
1135798,12.394242091984209,-0.19739593737582362
1136099,11.92037793285458,-0.18650139469958793
1136398,12.18848153856523,-0.17962134612254776
1136699,15.0691949322053,-0.28431593778981057
1136999,16.810065448199065,-0.3354947295636381
1137298,12.052198363986523,-0.158016032667313
1137599,13.062455129185597,-0.17997611558778348
1137898,13.134688821743467,-0.18479482592908192
1138199,14.061237032215692,-0.2039076490060041
1138498,14.55688040105597,-0.21452889080721493
1138799,14.525568430729578,-0.20355745168892492
1139098,15.439906241565938,-0.20071695888613594
1139399,15.948382105532845,-0.20536763599875485
1139699,19.281867824337255,-0.33202941991310464
1139998,15.287409567405538,-0.193310447822147
1140299,22.19185502723913,-0.28592696686963204
1140598,15.597698726319878,-0.18443716310665548
1140899,28.572001521765188,-0.48335137392273597
1141198,19.52144841020531,-0.3156801259727544
1141499,16.02295994697566,-0.216177776810057
1141798,15.865781962483315,-0.20499782297279823
1142099,15.9374292503847,-0.1883051166600611
1142399,16.92565402289168,-0.2161506278610501
1142698,16.681889392394638,-0.23603926084117344
1142999,15.535293698503912,-0.23344444373475093
1143298,14.803966977308281,-0.19290259711778268
1143599,37.799106265597544,-0.43715393227382715
1143898,27.859090480640184,-0.5036345691640485
1144199,21.727315190186786,-0.37755192105433033
1144498,14.017544946201802,-0.17087869733194272
1144799,13.643652604690901,-0.1953351941560748
1145099,15.358889115921707,-0.2130259593931918
1145398,15.221909756759674,-0.20114456515023682
1145699,15.560087256516615,-0.18549322312661332
1145998,18.614445207641907,-0.2723974647979437
1146299,14.943167894522503,-0.2471711397333627
1146598,14.923815148378212,-0.2715785570277083
1146899,10.75177242138514,-0.13639112382182828
1147198,12.4243533352253,-0.21986751707733476
1147499,13.140985366682896,-0.24149930703359623
1147799,11.447549636202151,-0.1789226678906135
1148098,11.337943214977734,-0.17868405169880397
1148399,12.426466842594932,-0.2312781354942275
1148698,11.966406055536952,-0.23455404769031518
1148999,9.633109070836156,-0.1718286101226707
1149298,10.421960660160686,-0.10197254195081595
1149599,3.73289548859317,0.24285267248067854
1149898,10.324020408441482,-0.1749814311857858
1150199,14.097342659285495,-0.09851009367497832
1150499,7.881559096081276,-0.07202129195396334
1150798,10.355096934877407,-0.15568180450637725
1151099,12.013945834798157,-0.18996577253005786
1151398,11.48025644311326,-0.17789294871845418
1151699,11.101784023687044,-0.1626133417562401
1151998,11.743644957555391,-0.19906665155928138
1152299,9.716518770025434,-0.12415812647045454
1152598,11.699434997075933,-0.18758152849416776
1152899,10.716509347186772,-0.1603623600223485
1153199,9.21877965563015,-0.06847025589739664
1153498,18.157090347534073,-0.2578267417377742
1153799,19.194412630382843,-0.38976552451014435
1154098,19.617482042300992,-0.2615468903705278
1154399,10.68809716515642,-0.13139425748612554
1154698,61.97169026122255,-0.36734745057580764
1154999,36.812938516646604,-0.22231117739616013
1155298,11.199423700947523,-0.13450165972529815
1155599,12.395285368730642,-0.15862681302633463
1155899,13.227679975532473,-0.2052985263224114
1156198,12.45105363292206,-0.17923378988389693
1156499,15.910684632530993,-0.28071905001844133
1156798,12.291015110129694,-0.2180280448248877
1157099,12.897929655000187,-0.23953520614497403
1157398,11.438443353794746,-0.15545790320850172
1157699,13.318987270670876,-0.1744778407850378
1157998,11.655954733952152,-0.17075811000281926
1158299,12.14261937562007,-0.13552865193067865
1158599,12.370122260051689,-0.15689090636313718
1158898,13.037117041558172,-0.246421803981272
1159199,21.88955346560778,-0.48143547861227876
1159498,21.249990781968226,-0.46484048365496844
1159799,19.7625689291425,-0.4728007231657285
1160098,15.8596338919692,-0.34602206199256247
1160399,4.472239813663446,-1.277335786798615
1160698,56.2388987273105,-0.36453089301822894
1160999,4.904694603281743,0.08968883447600418
1161299,,
1161598,,
1161899,3.9779509394014343,-3.8916177673837122
1162198,,
1162499,,
1162798,5.223995561793336,
1163099,,
1163398,,
1163699,,
1163999,5.223995561793336,
1164298,5.223995561793336,
1164599,5.223995561793336,
1164898,,
1165199,,
1165498,5.223995561793336,
1165799,5.223995561793336,
1166098,5.223995561793336,
1166399,5.223995561793336,
1166699,5.223995561793336,
1166998,5.223995561793336,
1167299,5.223995561793336,
1167598,5.223995561793336,
1167899,5.223995561793336,
1168198,5.223995561793336,
1168499,5.223995561793336,
1168798,5.223995561793336,
1169099,5.223995561793336,
1169399,5.223995561793336,
1169698,5.223995561793336,
1169999,5.223995561793336,
1170298,5.223995561793336,
1170599,5.223995561793336,
1170898,5.223995561793336,
1171199,5.223995561793336,
1171498,5.223995561793336,
1171799,5.223995561793336,
1172099,5.223995561793336,
1172398,5.223995561793336,
1172699,5.223995561793336,
1172998,5.223995561793336,
1173299,5.223995561793336,
1173598,5.223995561793336,
1173899,5.223995561793336,
1174198,10.295712257193735,-0.27714172786957514
1174499,20.476651275299908,-0.7775524566164307
1174799,5.736234140861175,0.060240795750784115
1175098,8.396043607357377,-0.17265740134465957
1175399,21.875912552691112,-0.6877429054815929
1175698,23.061314874707314,-0.6719371514256258
1175999,20.821565494899446,-0.6376323615493575
1176298,20.706575493679537,-0.6485918694487749
1176599,20.13113560783,-0.8001946258603907
1176898,16.47684892511935,-0.6884849809640479
1177199,18.949725859465598,-0.7181920618607927
1177499,16.174240771853462,-0.5502184516020505
1177798,19.54870370612892,-0.6099776953978024
1178099,15.146852955556454,-0.46015794146078326
1178398,18.03509714391827,-0.5850605757915452
1178699,4.095371541700821,0.25238427401262753
1178998,21.344116911871666,-0.6530736409313163
1179299,20.425846663188796,-0.6068288444504983
1179598,18.323387126064105,-0.4869747733092884
1179899,31.81738049019014,-0.668579367879087
1180199,34.462519906198054,-1.08222277961561
1180498,4.764439606452486,0.174106287964639
1180799,5.223995561793336,
1181098,5.223995561793336,
1181399,5.223995561793336,
1181698,,
1181999,5.223995561793336,
1182298,5.223995561793336,
1182599,5.223995561793336,
1182899,5.223995561793336,
1183198,5.223995561793336,
1183499,5.223995561793336,
1183798,5.223995561793336,
1184099,5.223995561793336,
1184398,5.223995561793336,
1184699,5.223995561793336,
1184998,5.223995561793336,
1185299,5.223995561793336,
1185599,5.223995561793336,
1185898,5.223995561793336,
1186199,5.223995561793336,
1186498,5.223995561793336,
1186799,5.223995561793336,
1187098,5.223995561793336,
1187399,5.223995561793336,
1187698,5.223995561793336,
1187999,5.223995561793336,
1188299,5.223995561793336,
1188598,5.223995561793336,
1188899,5.223995561793336,
1189198,5.223995561793336,
1189499,5.223995561793336,
1189798,5.223995561793336,
1190099,5.223995561793336,
1190398,5.223995561793336,
1190699,5.223995561793336,
1190999,5.223995561793336,
1191298,5.223995561793336,
1191599,5.223995561793336,
1191898,5.223995561793336,
1192199,5.223995561793336,
1192498,5.223995561793336,
1192799,5.223995561793336,
