,rmse,skill
299,0.5095872550504983,-1.1074413329042208
598,0.521667260790858,-1.2571306522679424
899,0.46941249466485907,-0.9199508996487937
1198,0.4792928109973975,-1.0654562831234542
1499,0.4006488657662021,-0.6003008292169794
1798,0.44251398575970446,-0.6714448998071219
2099,4.488351982058277,-0.13883052153800546
2398,2.8422696655074886,-0.2324376152524319
2699,1.5664597864724965,-0.18956134333526609
2999,0.45996441049571046,-0.5524291714799188
3298,1.026356863445807,-0.5877317799277599
3599,1.6005591206598375,-0.32243253091720137
3898,0.55407591597417,-0.7057881216907527
4199,3.253931354393727,-0.3640264952054093
4498,0.6505714821841825,-1.0229325046072213
4799,0.5456651001305803,-0.6331580089783502
5098,0.5231166964199319,-0.6137553102164977
5399,0.5470015945865986,-0.7323612190914495
5699,0.5485264676490986,-0.6793079697312971
5998,0.8517827657744695,-1.145612938401619
6299,0.6295010759729602,-0.6708976326186793
6598,0.5494323150880461,-0.6627261972060332
6899,0.5845730492544922,-0.6336911264069682
7198,0.5540202842315645,-0.6016502178421812
7499,0.6225578903864366,-0.667838467367883
7798,0.6265223997064537,-0.6601911954800068
8099,0.6812109261650899,-0.6747399425598919
8399,0.6181766699066185,-0.6785797663392161
8698,0.6044572913232851,-0.6077900771697089
8999,0.5697182979961084,-0.49827818469265095
9298,0.5499051311095343,-0.4229426453553329
9599,0.5677807126604602,-0.4412351524451523
9898,0.6169366575308305,-0.513843677038794
10199,0.595771171563238,-0.49194047090347093
10498,0.6196868103294417,-0.5380518641975702
10799,0.6019908644799048,-0.5067581092459184
11099,0.6608394220169418,-0.5928759992701658
11398,0.6614154811558306,-0.6006695573310341
11699,0.7682953937762009,-0.7239900228384621
11998,0.7741939001072196,-0.7571467097003313
12299,0.9005233873601158,-0.8599783834522012
12598,0.9267889704480788,-0.8552636455615592
12899,1.0906030225939123,-0.9255120337025615
13198,1.0323758128508564,-0.8900432658429762
13499,1.8682350601007218,-1.0030184145285266
13799,1.3939119995659994,-0.9556712015340174
14098,1.2009523354503935,-0.9225754459642825
14399,1.4660233868784995,-0.9491679460797626
14698,1.4827946809271104,-0.9795081000817878
14999,1.7356484873212412,-0.9760585780200162
15298,2.1783254772585954,-0.9316528736283065
15599,2.1187005990734096,-1.0027770454091982
15898,2.192724383434521,-1.0153013401851783
16199,1.9430551062192432,-0.9814129650079577
16499,2.186568570740077,-0.9669924645862351
16798,2.141107487311836,-0.9172715115963272
17099,2.178790488297947,-1.038179318794338
17398,2.0710701770340583,-0.9481768726604356
17699,1.9477314538090549,-0.9159669376068034
17998,1.9419027965845177,-0.9486000761972238
18299,1.607100811334147,-0.9157456400775781
18598,1.559148492398962,-0.9223898649685243
18899,1.6478563252577583,-0.9488077172322427
19199,1.4026339814642732,-0.9133632082365089
19498,1.2559493172721439,-0.8676569779661152
19799,1.2082049516928586,-0.9708976840158419
20098,1.1232778110539696,-0.9354235687650505
20399,1.6292709875724882,-0.7242378188991603
20698,0.9513512210253003,-0.8658535779831602
20999,1.0612150390962722,-1.026837443676277
21298,0.9091028588199337,-0.9043651569149977
21599,0.8898473738731744,-0.8855409736813431
21899,0.9181920794356745,-0.9000298663831041
22198,0.906193808900952,-0.935403344808369
22499,0.8833236041463226,-0.8925995590582019
22798,0.7880307347041929,-0.8530093246858304
23099,0.87291427799123,-0.9137136666663646
23398,0.8086603189750262,-0.9100508990523211
23699,0.9405025780398409,-1.0052542255354595
23998,0.7911464634533368,-0.8851580167630178
24299,1.0142867168060448,-0.9672413328729987
24599,0.7331070349278738,-0.9623796934187752
24898,0.7596701048260219,-0.9215043584856406
25199,0.7163183297774107,-0.9107509507518012
25498,0.7574611825436145,-1.009634990504059
25799,0.7619148952380589,-1.0989167115685614
26098,0.6805802367264849,-1.0244992633645484
26399,0.7578590397426885,-1.1091064011451692
26698,0.7281998449556516,-1.0303481897046414
26999,0.6960928768098182,-1.0258258151231217
27299,0.7043176853306514,-1.1389843484717614
27598,0.7572746564811146,-0.9692529248885786
27899,0.7192572526061145,-1.0053516900859294
28198,0.6737775000875961,-0.974144876397089
28499,0.6804962833422254,-0.99228531569615
28798,0.6291080026593552,-1.1007977567460232
29099,0.7727080410713922,-1.0303395582337251
29398,0.7225260486292626,-1.1139296756684152
29699,0.7301625291894479,-1.0060972441430143
29999,0.7698842792843552,-0.9653702985675179
30298,0.7082259334595773,-0.9998852832241945
30599,0.763284214077633,-0.9955656125512313
30898,0.7758743993532692,-0.9627030239798899
31199,0.6661077327930841,-1.151951291269648
31498,0.7261996360801211,-1.0347608272733102
31799,0.6612412078301213,-1.110033447306848
32098,0.6436805126634544,-1.031057503998957
32399,0.6110490107606766,-1.2352694250623668
32699,0.653098207320862,-1.0627483596332588
32998,0.6911934649044165,-1.0529458387541513
33299,0.6872792988393803,-1.0326095789630263
33598,1.1374589187676214,-0.6024194927989819
33899,0.6606838202331201,-1.0460681700211647
34198,0.7269943776220091,-1.0250053607554679
34499,1.6267141511463226,-0.7568683520904915
34798,0.7196819321125285,-1.1039662291226882
35099,0.6124930929298795,-1.2431365176066622
35399,0.5410848923673794,-1.3928643358736954
35698,0.7234855224674663,-0.7557762124308751
35999,5.55236567569033,-0.21329700522426487
36298,2.2963968662218552,-0.5061335311511939
36599,1.5171028708766388,-0.5620253292049326
36898,0.4923538125201574,-1.3924000607465135
37199,8.637038885233554,-0.2915170214012863
37498,0.8399504748951574,-0.7478365876492397
37799,1.248583500573398,-0.4285572011368053
38099,1.5430103455664534,-0.2428899461984244
38398,0.7093195004437685,-0.7020147525302378
38699,0.582395365786361,-1.0473663558558979
38998,0.8013036632701573,-0.8991980643740489
39299,98.00235321319423,-0.5073018905719144
39598,0.4512712609946943,-1.074956058061407
39899,0.45478625239725073,-0.8609551501162105
40198,0.4419930702560471,-1.010250467916999
40499,0.49611755978382494,-0.6476313776163982
40799,0.4331740602120656,-0.8909079396042849
41098,0.45728868387641747,-0.8632197006864615
41399,0.4652692742421583,-0.9695006188722934
41698,0.47930693980216993,-0.7464949600715285
41999,0.4895442819804107,-0.7923892589159194
42298,0.4709851074780959,-0.7744211557732703
42599,0.6178932992704663,-0.9419836472941459
42898,0.4942617740274108,-0.7627113682601674
43199,0.47815438179129977,-0.7197732016665896
43499,0.46680121699268856,-0.6000290771302685
43798,0.4638562424579663,-0.6682568225518051
44099,0.8253745314027817,-0.9693060516683003
44398,40.53219654869733,-0.18158744663336823
44699,0.4169148093442755,-0.4775113475199997
44998,0.528929642936868,-1.1937449855135136
45299,0.40091247452946066,-0.434480308011185
45598,0.4026315996776088,-0.47784904090336777
45899,0.40986431640446064,-0.4956271025852981
46199,0.40605418226397205,-0.3348667635172069
46498,0.39889704154797917,-0.3398862365429909
46799,0.414498907311868,-0.36439619983417737
47098,0.41174441559499064,-0.3780492678428675
47399,0.4684326851618995,-0.8354118254265965
47698,0.5127369368493996,-1.0618644635679853
47999,0.4854565522730108,-0.9411599882676716
48298,0.7819431555027501,-0.6258670807113191
48599,0.5940102120979601,-1.0119781079025518
48899,0.9906317855748122,-0.5059338004006515
49198,1.391076995658727,-0.858413784340661
49499,0.9114643085753935,-0.9427788890655857
49798,1.4544668138508563,-0.5377199367283378
50099,2.9103142019417465,-0.3323954396810924
50398,3.572252932000895,-0.2952974179718413
50699,6.108647343931357,-0.23266050423639784
50998,6.591964926977653,-0.2541774988418035
51299,8.913948238204505,-0.20315775453880147
51599,7.480606084604967,-0.2334335708818791
51898,3.761065621264785,-0.32287313016758845
52199,9.71225575487886,-0.24725466269574636
52498,9.475830066911268,-0.25932355469428847
52799,11.229523080337195,-0.3444651851237759
53098,13.746981435237508,-0.3502551378800105
53399,9.980890406517752,-0.3423256888906767
53698,23.351637640538943,-0.3065619381942106
53999,42.03275610899977,-0.20134977484992733
54299,65.48226769818727,-0.2677971573777218
54598,89.62388715860394,-0.21781911860158476
55198,1.2854308420676548,-0.20304132208498205
55499,1.6271861961688552,-0.27057570820278576
55798,78.4625084236456,-0.26001265622327163
56099,53.142072095571535,-0.29457105181434207
56398,23.53315307941924,-0.3165941078613923
56699,10.222802179839679,-0.4853928059695689
56999,30.11633190835596,-0.7448529765666692
57298,1.8006980706127622,-0.9568199634409271
57599,1.9896262572793344,-1.017523289845201
57898,2.170242471922853,-1.0602727292518388
58199,2.1249791663580373,-1.0066413028314014
58498,2.2317684018696116,-1.0073793760369845
58799,2.1055385394922967,-0.9819063658344405
59098,2.1208217263418336,-0.9650662373357639
59399,2.1487406016913706,-1.0266863535239508
59699,1.9350664094552594,-1.0018549296239847
59998,1.6767291532724842,-0.9172142434939126
60299,1.4830921697485806,-0.8564460226688355
60598,1.3357170335101545,-0.8159184077559136
60899,1.07535861737821,-0.6545701188195712
61198,1.3707248581916112,-1.4787432509912821
61499,1.20578151880919,-1.0916153872892607
61798,0.6568427816101159,-0.2760692446881208
62099,0.7812240517605786,-0.6394095259674362
62399,0.5814374152767825,-0.15668372965719013
62698,3.4855966506679863,-0.45965038242899414
62999,0.6243148540360417,-0.1926198142719444
63298,16.623963706717877,-0.41802044682554595
63599,3.100757634806875,-0.4476675168773403
63898,0.8181643914017825,-0.6075274251415566
64199,0.7316498589619678,-0.580409582208963
64498,0.6341337467609405,-0.296796420721017
64799,0.7192169043535329,-0.6279957931899334
65099,0.655847468714644,-0.4463939410220983
65398,0.5990885039669588,-0.3088711931682311
65699,0.5830836440873292,-0.30607942218585826
65998,0.5831969887725144,-0.35378902882958685
66299,0.5551365450595515,-0.34385920483697796
66598,0.5319322022152797,-0.38933354471381865
66899,0.5567461048952539,-0.46739877146601105
67198,1.0675900975734949,-0.9421303765939868
67499,0.5695846633836797,-0.565785096248234
67799,0.536483960735229,-0.5100930372806189
68098,0.5259593418384522,-0.5669515120226032
68399,0.5217700921917628,-0.6066677123226611
68698,0.5591054845227812,-0.7147514237038772
68999,0.6517041665598183,-0.7876591437403015
69298,0.6726905885922256,-0.8600263087332105
69599,0.6620171882889849,-0.9214274064115864
69898,0.6546906244649109,-0.8024273466471559
70199,0.6217307158445405,-0.7481071192873365
70499,0.6143881277820404,-0.7286109005754791
70798,2.4669645702656937,-1.2944774278525304
71099,0.6875568398060449,-0.8545575191260102
71398,0.7265806035708091,-0.7656255247050918
71699,0.738084053213452,-0.8532088565836131
71998,0.7462289268477114,-0.8144704790328052
72299,0.7692486043639151,-0.8427947085521184
72598,0.735407952153267,-0.8413876954857609
72899,0.7890342667912997,-0.911080300750041
73199,0.809258054788985,-0.8802161260574244
73498,2.9096992901378886,-0.45306510076042295
73799,0.7541845809394477,-0.8900342548485485
74098,0.8028151984000961,-0.9133347013564559
74399,0.8247765936313569,-0.7976842072552277
74698,0.9124932686879892,-0.8217007894153334
74999,0.895872796456508,-0.8617237454244313
75298,0.9003380018584293,-0.8824587661298398
75599,0.9374270632079662,-0.8835480685373582
75899,0.9236941468375961,-0.8056107962959951
76198,0.8091090338792627,-0.9240181265941696
76499,1.0021281093352816,-0.7713028798677442
76798,4.845017907140988,-0.2042145218023561
77099,1.7177704719024107,-0.4152960752322694
77398,12.535576200878998,-0.24627330148675797
77699,2.1209253682980234,-0.3263465679320183
77998,3.932509126159505,-0.22859575735588766
78299,2.496442876501948,-0.3006844882640607
78599,8.84098538485439,-0.18993316125347515
78898,20.567470130046267,-0.1952681673990584
79199,9.886582221954802,-0.19432787126256046
79498,46.42462463732788,-0.19117317079404805
79799,41.744371351715344,-0.18453120739515128
80098,46.088420240258614,-0.2768654440458356
80399,29.455311078711777,-0.40847950460155835
80698,1.4229635878303424,-0.3509939640570958
80999,16.797592426246265,-0.4485397912272495
81299,102.94407041440007,-0.29177959164422695
81598,8.620998994437336,-0.23332037818356732
81899,0.8358481364666952,-0.8441397264424852
82198,0.8947397978995656,-0.7863141052454881
82499,0.7620397577794165,-0.876076862771415
82798,0.7557524899900645,-0.885339173569039
83099,0.7099360616891387,-0.9518861402137964
83398,0.732630516735435,-0.9925346309548404
83699,0.6922342992238609,-1.048160347350655
83999,0.7134346021914535,-0.9692281091310746
84298,0.6209481828396017,-1.1391554419621515
84599,0.6942666438766386,-1.0463487032207501
84898,0.6099640863372868,-1.169364270664052
85199,0.6257452156590462,-1.2208319861270938
85498,0.5587747179229349,-1.3591763276916802
85799,0.540936539309509,-1.2953281090214674
86098,0.5178993483858982,-1.3232667070600863
86399,0.5426122486914534,-1.3719309542559288
86699,0.49525916353636096,-1.3591573298298534
86998,0.5166627891775648,-1.3784674724774728
87299,0.47555014958265723,-1.2741287466017681
87598,0.47844573803173124,-1.3125282819503425
87899,0.45436313237663867,-1.0994315127324725
88198,0.4877760125201573,-1.1697574337813017
88499,0.46156539506645355,-1.137777023997824
88798,0.47865331410558415,-1.0366026171801428
89099,0.4469932566102137,-0.9397610232423577
89399,0.4549631614921583,-1.035928889848864
89698,0.4303275949412322,-0.906533132542134
89999,0.4574901052028063,-0.8367372338528396
90298,0.4413589735592878,-0.6614340763700632
90599,0.4447679032808743,-0.8364222278592903
90898,0.4439916065239299,-0.666412916890849
91199,0.4338973968177379,-0.6496698760266193
91498,0.45665238894273785,-0.580996543888801
91799,1.1022916789226087,-0.7448540458313369
92099,0.49597912191103444,-0.7186247852232024
92398,0.5267580184735343,-0.5756879254424392
92699,0.5257970377675157,-0.8907234031280786
92998,0.44845718275426605,-0.48856521517209917
93299,0.4570816157258491,-0.4614537870722579
93598,6.7476792043104075,-0.19699001091649837
93899,1.1405239579133493,-0.3820147586373548
94198,2.10478155579335,-0.23430547034400395
94499,2.3516764241868677,-0.45138627851747515
94799,1.3668476508026088,-0.44281556989338267
95098,7.92591406978119,-0.24303711266898764
95399,2.7980392030989054,-0.11845711673974879
95698,3.5085126786610434,-0.11970547254687403
95999,6.48857736039947,-0.08473299846995275
96298,6.5672029678193065,-0.08653346211782531
96599,5.61053037759477,-0.10237988454973235
96898,6.407195406389324,-0.10625311523630065
97199,5.574461149077915,-0.10305417977891396
97499,3.047611639793844,-0.11735505328496121
97798,1.3980460459701316,-0.23248151726012667
98099,1.4850679771136504,-0.278837116087278
98398,2.694236125777146,-0.4638896369491623
98699,3.8479668099962643,-0.2567575230963428
98998,0.4406908458813125,-0.37103147253921787
99299,0.4422639286660347,-0.4134345340504013
99598,0.4669395024715903,-0.46820055717930775
99899,0.4569807678859422,-0.459708116008529
100199,0.4875292811428866,-0.5659422335443876
100498,0.4694365664345532,-0.5529050532102089
100799,0.46498263917529403,-0.4705605288038568
101098,0.4944759715873309,-0.5810018319809056
101399,0.512386411501683,-0.5867312076046227
101698,10.368675598251318,-0.23007190717525128
101999,0.5746570061197385,-0.89719823432536
102298,0.5509562436776088,-0.8766117745065025
102599,0.8557237002918908,-0.6606982035516828
102899,0.5419901994219137,-0.9331157254393267
103198,0.5676962046927468,-0.9348765748379908
103499,0.5257714204473767,-0.9249595574319087
103798,0.533088678581636,-0.8373530608854487
104099,0.5306233035631175,-0.8399831038604664
104398,0.5887982804642842,-1.0116208197072938
104699,0.5415667215526088,-0.8441736983553116
104998,0.5593290578674235,-0.6845805606914774
105299,0.5557149354461273,-0.7288370981274281
105599,0.5270940279854792,-0.7309930083421512
105898,0.6027887695942754,-0.9139000852073782
106199,0.4965927016031641,-0.5511756831108636
106498,0.505672415550559,-0.5731331277344509
106799,0.5315203619926886,-0.6754885993239981
107098,0.5086042867033367,-0.6033433895191231
107399,0.5603660430575035,-0.6630064286382698
107698,0.5595291294463923,-0.6839513483977124
107999,0.5802139691084292,-0.7321096089669192
108299,0.8736232208075034,-0.8058921727383019
108598,0.6461898252125959,-0.7776936171963587
108899,0.664561513386207,-0.9020618981926074
109198,0.6673308942287997,-0.790849300419489
109499,0.6857091046871331,-0.8786621487245299
109798,0.6497835215204665,-0.8163174237769273
110099,0.7014317927889849,-0.8922600775282916
110398,0.7377784933329665,-0.8738026368656642
110699,0.6614913124186145,-0.8809784329735468
110999,0.6938181271153738,-0.9244854122534163
111298,0.7080539948630589,-0.9704197408053703
111599,0.6590600766285588,-0.9364887522626679
111898,0.6658194996216144,-0.9578476092551778
112199,0.7343482110961514,-0.9879235316736552
112498,0.6636638706401328,-0.9546768005858686
112799,0.7017918636841143,-0.9794514381345727
113098,0.7185131859967878,-1.0278464685412168
113399,0.7453051478578989,-1.0536006547108627
113699,0.7459658367653064,-1.0381484362171478
113998,0.8397901007952254,-0.9242204882134482
114299,0.7247408422033367,-0.9961981504607174
114598,0.8470104254000959,-0.9149329882938604
114899,0.8490532361014849,-0.929980610428802
115198,0.7995888897565774,-0.9783209321510125
115499,0.8265142943306515,-0.9263209484340886
115798,0.8747692614672256,-0.9389494081693248
116099,0.8543547299973183,-0.9242119764925598
116399,0.8484753668676885,-0.8577583370102595
116698,0.7600233279991027,-1.0085733027417443
116999,0.7860351917026329,-0.9895779928467585
117298,0.7826510858440101,-0.9635993506926328
117599,0.675869996519936,-1.0663008949458486
117898,0.6938447425731767,-1.0437681651385167
118199,0.6697761168486397,-1.0834219186545484
118498,0.6502967503627499,-1.1223733517792862
118799,0.6711521478789535,-1.0957373332473854
119099,0.6580428781382129,-1.162814185740198
119398,0.612152172834972,-1.2583986557934912
119699,0.7546340455571943,-0.8954358475848552
119998,0.5884244509877499,-1.4329610827654133
120299,0.7395381473280275,-1.0031522935133066
120598,0.6487256143257127,-1.2149196564004159
120899,0.6022748773419165,-1.5256708386804112
121198,0.6350895419854351,-1.1730998406715014
121499,0.576152755122559,-1.5252633780348828
121799,0.5965131168632997,-1.6024716859099137
122098,0.57857586373367,-1.6295191518349275
122399,0.5568595237058923,-1.8088642104425818
122698,0.6146607737452441,-1.4481501739858254
122999,0.5587635157614479,-1.7804946479443249
123298,0.5530064897290405,-1.8618090221605081
123599,0.5360881713170034,-2.055139871287698
123898,0.5483012870484849,-2.086903801255479
124199,0.5019226927359849,-2.4795532388233354
124499,0.5313360703771887,-2.07330064867107
124798,0.5532546888980219,-1.8575232629228937
125099,0.5016603513401515,-2.334036840834867
125398,0.4942984585183923,-2.47424540414505
125699,0.5046624239720959,-2.09504598925193
125998,0.4762439484003366,-2.0949258508417175
126299,0.47799634050681816,-2.145924009276002
126598,0.46579304039107733,-2.21675775100208
126899,0.4441169107267256,-1.925400700883983
127199,0.4439632833980218,-2.6469308523435893
127498,0.42334026578922557,-2.5166454082164034
127799,0.4220096613887626,-2.3947116425029433
128098,0.4039473658401515,-2.6270622688787926
128399,0.42995997304330547,-2.486067287074203
128698,0.43169323551552763,-2.3349970544326895
128999,1.9396960588810472,-0.25966497980403225
129298,2.8510158788422255,-0.28650803062537844
129599,1.1451495064805841,-0.43753009976146506
129899,1.1308786536702256,-0.5288600735991211
130198,0.5659248393139173,-0.9265794547675388
130499,0.4253445036775647,-1.974809740144043
130798,0.46332446417293494,-2.056986598027193
131099,0.6041419378254917,-1.2698041657988033
131398,0.44330998710349057,-1.7576743682600178
131699,0.3871879422245001,-1.2544599426371117
131998,4.814485390743917,-0.3010576692904672
132299,8.01015140758188,-0.27064886489577145
132599,1.0542150670683736,-0.503168452748793
132898,1.0304496137165218,-0.5507047994049561
133199,1.9870137329116702,-0.3619513267278325
133498,0.7757790322838248,-0.7431956589170436
133799,0.4766736838625285,-1.6676015340921113
134098,0.4376445369389175,-2.0158286595080344
134399,2.057297687904876,-0.3692134941957159
134698,0.7929817948190777,-0.48853991755220183
134999,0.4428759473370656,-1.6305101374548547
135299,1.922964001537526,-0.38838894888378594
135598,1.6309313976972486,-0.4154191794969555
135899,1.417789705292156,-0.47110043140450353
136198,1.822743168727278,-0.6801801339192801
136499,1.2595646408119123,-0.4811173423186381
136798,0.3003072732664759,-0.02018907905934597
137099,0.29344998687527224,0.10400579158912004
137398,1.0347178118954663,-0.5216743214441346
137699,0.2923079469748092,0.1491432454626952
137999,10.304739495370073,-0.2638369430207115
138298,126.79267710575641,-0.313210182361372
138599,0.33477562149564083,0.22210873785902552
138898,0.3633014055974927,0.1980000048888072
139199,0.4254075596593535,0.08218385424423857
139498,1.0298546460459277,-0.8627744680956277
139799,1.3989522782264294,-0.4935566718034148
140098,5.677258090546259,-0.2719887592902446
140399,9.558143339168943,-0.21441657372140432
140699,23.77731016238487,-0.29736279894686724
140998,1.7181725728546917,-0.1997929390648363
144599,26.690089797821617,-0.2914087752569474
144898,2.8658125254910627,-0.4817054808388037
145199,61.40457771143728,-0.5961650806559187
145498,13.575290976239666,-0.6669352001075737
145799,5.385628392031744,-0.697948162741856
146099,1.331731371352747,-0.7794072059246564
146398,1.3809892481258952,-0.8981722894236897
146699,1.3980509611305247,-0.8244162159125492
146998,1.3786336299198763,-0.8573161620260299
147299,1.361756724329599,-0.8661409440396126
147598,1.3454829630619818,-0.8297695394554319
147899,1.3094727422541113,-0.8076197052453473
148198,1.2784836157425372,-0.8291837645192719
148499,1.2257368864925373,-0.8456996130324741
148799,1.086820594644838,-0.884782721784189
149098,1.290694052147153,-1.3512857293158929
149399,0.784223214228533,-0.6661002160270371
149698,0.840091922003996,-0.836816923964139
149999,0.6162044525763908,-0.4370884381508151
150298,0.6759947525925947,-0.5341753145790635
150599,0.6413286460787059,-0.42810810165969904
150898,0.8230718390294588,-0.7739844460674992
151199,0.5462745272334276,-0.22256021079420396
151499,11.107040788657265,-0.4121327329204667
151798,0.5765033441176868,-0.2943157241831569
152099,0.9248851014463904,-0.6604928260530893
152398,0.5231380195968536,-0.18638896457004317
152699,0.5145825285575018,-0.20328899487094532
152998,0.5188171125135201,-0.20575145812372497
153299,0.6910114200274091,-0.5316392061601771
153598,0.7066435188005573,-0.7476978482538339
153899,0.5055075003167608,-0.246133514142723
154199,0.5691122173370129,-0.5677694177845494
154498,0.9712098343040966,-0.5138829221881986
154799,0.43836292460611453,-0.33377322966548917
155098,0.44080703180981823,-0.40008448534043506
155399,1.234910505837596,-0.5664355817593174
155698,0.4322245453537997,-0.3241860851483602
155999,0.44175816576352195,-0.37771682901806347
156298,0.8272867786431517,-0.7889669133406787
156599,0.46516633845102195,-0.4178883870889216
156899,0.47648133203898485,-0.45032830367039334
157198,0.5403623954950034,-0.6545724367459698
157499,0.5986593923885221,-0.6809590500630358
157798,0.6429737368815774,-0.6764172291080626
158099,0.6257142188700033,-0.6704540664202754
158398,0.6733769405621332,-0.7507801883050078
158699,0.7224991212102813,-0.8025650186557882
158998,1.1112572295606744,-0.7021927200055125
159299,0.9279682477938194,-0.9429640394641068
159599,0.9578096175036797,-0.8474253059727836
159898,1.0359456315320388,-0.8377573373191258
160199,1.1827170729718537,-0.9937926242572548
160498,1.0071483195360866,-0.9028394633664565
160799,0.9091792380160414,-0.7543766773706826
161098,0.8639543665004891,-0.7883621194896209
161399,0.9901830460739117,-0.835684188145567
161698,1.1683049024550685,-0.9467888027970115
161999,1.3556524335499756,-0.9219692536589155
162299,1.5618220002704648,-0.9161856508858892
162598,1.6206599689741683,-0.925221225515368
162899,2.023087160987475,-0.5159379733984468
163198,1.1967715279874758,-0.8896494538642088
163499,1.0309441358523412,-0.9172323315560376
163798,0.9897973381787301,-0.9427104831642488
164099,1.0863719553778042,-0.892400367389218
164398,1.0263785933500265,-0.9403102099241412
164699,1.10223715036623,-0.9561340726040448
164999,1.0569871130415043,-0.938823447413109
165298,1.505614910562338,-0.7398840268801159
165599,1.1794513947782672,-0.9155131754236912
165898,1.075234583312989,-0.9587682711216041
166199,1.9865668244689576,-0.7605812369832823
166498,0.9946387104078966,-0.9588585469841377
166799,1.0652004362852117,-0.9276043415823887
167098,1.0677785520491,-0.9640721246832988
167399,1.0326285141002467,-0.9393568970693147
167699,1.3178243866620365,-0.5702331568265555
167998,0.9471242022033368,-1.0400446790175457
168299,4.983683761819023,-0.32400232915578075
168598,5.372141040499567,-0.29878165890199093
168899,9.04207532965634,-0.30918134237828476
169198,47.46100079692776,-0.3775726407772362
169499,85.72435802161229,-0.44066551378542096
169798,43.63683700469081,-0.5029342830342249
170399,15.599740385828637,-0.4441447194106247
170698,0.8037972222056515,-0.8806413579785985
170999,0.8882777387489293,-0.7733701810941886
171298,0.7599215138139174,-0.8740995663915077
171599,0.7783924889041951,-0.8819700975131355
171898,1.0799305847627265,-0.6026573589801574
172199,0.7711712145201571,-0.8348157676782364
172498,0.6455283152608979,-1.1198137025913613
172799,0.6566810153002498,-1.0503505198447405
173099,0.6617672642817314,-1.0882070610529722
173398,0.6451581667493238,-1.1330425664720671
173699,0.6452612903696943,-1.191139548938342
173998,0.5347956762354351,-1.4676527721823782
174299,0.5786506398372869,-1.2551536604860498
174598,0.5938218213349721,-1.2745318083573767
174899,0.9019078462491026,-0.802066974841692
175198,0.5716095587028064,-1.2525949345023197
175499,0.5756635624643803,-1.209199722350815
175799,0.5232552914804106,-0.9848254916198982
176098,0.5663505661709293,-1.086705957249802
176399,0.5841066686778739,-0.9460532783519975
176698,0.6015012100320405,-0.8469841575881583
176999,1.6779173376801886,-0.4337609847991011
177298,0.5829960268306515,-0.8966199509619601
177599,0.5612198795389849,-0.8864229432741568
177898,0.539933723251948,-0.7113506126196247
178199,0.5950854936871329,-0.743493327651858
178499,0.5614969836269478,-0.7498847396990063
178798,0.5825807396801886,-0.6294729857985049
179099,0.6036538855227812,-0.6728780152132081
179398,2.3572055594877934,-0.2653927585736777
179699,3.217940783978535,-0.34626569115286965
179998,1.1345544956359865,-0.6602046006860429
180299,0.6307905303098182,-0.7411318052336151
180598,3.038354848588453,-0.34850819938456024
180899,1.841467850980629,-0.7605362414602519
181199,0.800050459451878,-1.044475250817801
181498,1.181566083508036,-0.5169260976073897
181799,1.0059387107748754,-0.6597206482865527
182098,0.744593902857573,-0.684181826936543
182399,2.2439189166781035,-0.5498053739166999
182698,1.2953480913141826,-0.6221078354606429
182999,1.0161948766101085,-0.5632462129775198
183298,1.4637981485835576,-1.0706923880192192
183599,1.127567496362794,-0.730126335206434
183899,9.133910812472184,-0.603595616366494
184198,4.368189981383466,-0.41928422413030075
184499,5.392540212652739,-0.9613221427595353
184798,1.3999970899798957,-1.0410692085577655
185099,0.8073411360638212,-0.8503013230360317
185398,0.8733052549087286,-0.9802275738359869
185699,2.08606082114484,-0.7024441456761854
185998,0.5663932764619692,-0.73170129954563
186299,0.5397141304619695,-0.6881661469836018
186599,0.8444280273578028,-0.9321169134096805
186898,1.191170849585511,-1.0938684085679924
187199,0.8910887832721546,-0.9596435130296475
187498,1.0820217444735436,-0.6544290976845297
187799,1.8609972666085237,-0.6300773253207301
188098,1.647458193654099,-0.44913640617627437
188399,0.4923386056008583,-0.4999863365078221
188698,0.49737847213326575,-0.5329364144432693
188999,0.5137339832096546,-0.6393567127007969
189299,0.4945899921101174,-0.5733186499149237
189598,0.5183368573809509,-0.6035841586220927
189899,0.5686816590707656,-0.8655854338841267
190198,0.548238859031414,-0.6948803683737435
190499,0.5972602919341917,-0.8777399351735871
190798,0.6247461409851176,-0.8568558729019211
191099,0.6545749365290991,-0.9422889147453894
191398,0.6467096524365066,-0.9155467680832909
191699,0.8949020301642143,-1.2694963397115653
191999,0.9265792889524894,-1.2613701968467317
192298,0.7585990484118996,-0.9267625432288031
192599,0.7741779779882886,-0.8821801629309822
192898,0.9869371700979603,-1.297858871806291
193199,1.551227128276201,-0.5584683805679467
193498,0.9739968763323383,-0.803321875441918
193799,1.476023766156412,-1.2211911438683534
194098,1.13004829461706,-0.9487667564424389
194399,1.1308290352790973,-0.9114376991013233
194699,1.0790351386402082,-0.9084903925684358
194998,1.0762331743346527,-0.870156639035186
195299,1.2158550177235417,-1.055732978081966
195598,1.0680635030013195,-0.9180526819175867
195899,1.3152924308072367,-0.7275415290876472
196198,1.1090095583784143,-0.9302521869874187
196499,1.0189830860635998,-0.8531892005906097
196798,1.0832929699524885,-0.9080336709725594
197099,0.9701456824114576,-0.8696850995979835
197399,0.8958884017174302,-0.8662550367630539
197698,1.2436131204638228,-0.9285998587273911
197999,0.9478017581162297,-0.936238625114711
198298,0.9504896554518779,-0.9620362148237152
198599,0.9129951435606743,-0.9863908862343496
198898,0.7965752393384522,-0.8781103628523075
199199,0.7416102969649109,-0.8705085592122288
199498,0.769558048413985,-0.9535322140836271
199799,0.7002559245482444,-0.9264705306979533
200099,0.6908036108190774,-0.9655109473519732
200398,0.6745690638213923,-1.0553271532751847
200699,0.6589388294348182,-0.9776497367356722
200998,0.6595515119325034,-1.0816344870381323
201299,0.7821501050320404,-0.9264375462512069
201598,0.707284465501948,-1.0344848073098687
201899,0.6438923778862071,-1.045488742817576
202198,0.7257021316153738,-1.0733741007183801
202499,0.7254861762380588,-1.1510886023114262
202799,1.1488133853445406,-0.6851871555914644
203098,0.7789061145366702,-1.0588814638658883
203399,0.8196786739301886,-0.9490989987676466
203698,0.8343820176014849,-0.9695302079538324
203999,0.8367148678075034,-0.982234926957037
204298,0.8199770430945404,-0.996581946542135
204599,0.9042922478190776,-0.9346733820347675
204898,0.8577220205621329,-0.9291769391322748
205199,0.7631600863399108,-1.028995747336718
205499,0.7944103972010219,-1.0165006216517494
205798,0.7978348312287997,-0.9196764537480779
206099,0.74917680428667,-0.9745081745785416
206398,0.8735152621662998,-0.8502282008302828
206699,1.0094696455644478,-0.6932890761275163
206998,0.9737378064440774,-0.6613344809992976
207299,0.7561968787287998,-0.9249707776136253
207598,0.7856047349903738,-0.9924780200531738
207899,0.8030846749711514,-0.8376928262813421
208199,0.7912280854852137,-0.8669105124813927
208498,0.8732907085922257,-0.7599346870584596
208799,0.7053327995801211,-0.9818761343073277
209098,0.8587848231100402,-0.7628845067088788
209399,1.0006747807467877,-0.5583285474343662
209698,2.389025560515306,-0.2836597334540809
209999,1.7518711730986398,-0.29608481746375603
210298,1.239813697179658,-0.4188577564167639
210599,2.4151941042430938,-0.334938087918901
210899,5.826145154652778,-0.2717670225416853
211198,0.6756087051150648,-1.017229855661193
211499,1.4765236280942071,-0.44612658958370166
211798,1.1442156695757129,-0.5618442651772286
212099,1.7045061419065248,-0.48385766174884215
212398,1.010271694760898,-0.5696980212649214
212699,1.0306664409715462,-0.5009104107717184
212998,0.5829935617244109,-1.4996324452997092
213299,0.5046299141202442,-1.9997481078248374
213599,0.5438157239576573,-1.8148108788978483
213898,1.5028700061983982,-0.4057488473218118
214199,0.5964265964599721,-1.462297272606739
214498,0.5995742105710832,-1.523360258188697
214799,0.642036076161361,-1.374773226404327
215098,0.6402463463743238,-1.2826804050256548
215399,6.319219610478232,-0.5358839306136962
215698,0.44305221812200907,-1.6554864121203492
215999,0.4598856475872869,-1.9344610750327003
216299,0.4812071860178424,-1.8536508904625015
216598,0.4435526074970091,-1.7151154252191847
216899,0.4488900551196944,-1.8001830095878146
217198,0.45641617009423135,-1.7453929967954278
217499,1.50001955665682,-0.3968485592590414
217798,0.7006818959040217,-0.6186141646342829
218099,0.6093153126426211,-1.1749676717493132
218398,0.4296491749460832,-1.3608808544872653
218699,0.4184630320872869,-1.4051452861057103
218999,0.40563853740673134,-1.18712496118218
219298,0.4106103491634545,-1.0468328994121587
219599,0.4050733880900196,-0.7782704297783969
219898,0.39997328433475077,-0.8322651362232816
220199,0.42251316604539896,-0.933927919092475
220498,0.4067191519852138,-0.6578368907074597
220799,0.38544576776513284,-0.46596965225741105
221098,0.3962204574225403,-0.5288660002217498
221399,0.7747379000868921,-0.4263385847957122
221699,0.42379106267324423,-0.5227143382555455
221998,0.3783689568838923,-0.3012462245727896
222299,11.969630500616967,-0.21966925255132708
222598,48.276247535613415,-0.3162201275522314
222899,38.982487447501256,-0.30579518174849407
223198,59.88145096387963,-0.243334970517058
223499,30.968031101146728,-0.2372782610873172
223798,34.39608609187057,-0.2380205322169595
224099,41.660921564850845,-0.27204260426113347
224399,44.5784133040427,-0.2614453294441148
224698,61.38898176283442,-0.2554642854650828
224999,109.11190897263312,-0.2744422726354969
225298,162.0117082111757,-0.2870724842699979
225599,113.57605207591313,-0.28675972972256236
225898,109.80287332827422,-0.23934583930361875
226199,112.07946529107514,-0.2842523076524799
226498,66.1078749048483,-0.2818947912389187
234598,6.589145491013226,-0.6289750858081211
234899,58.10286791777987,-0.3741272265160982
235199,11.061494341212203,-0.5900415307125866
235498,18.170323596108027,-0.3942165644709359
235799,15.123211810189044,-0.44867899163637026
236098,13.599966480821,-0.4391737175716439
236399,2.1059936034962656,-0.9927928809459259
236698,1.8710839890263584,-0.9116214639752451
236999,2.310350868301821,-0.9918382870141271
237298,2.1536794230749696,-1.0272602891462044
237599,10.006873673031638,-0.5615020222947171
237899,2.069537586966173,-1.3476725651974197
238198,1.613823009725432,-1.0601938634766088
238499,1.557830927512469,-1.1452371873888216
238798,12.436393004683204,-1.6805414324245334
239099,33.80916183512451,-0.5709253061880035
239398,6.7478385219430255,-0.3975901223817817
239699,5.032461321697655,-0.3917820496678317
239998,20.214148744968675,-0.3871640447194442
240299,8.136808307323697,-0.7995690976751597
240599,2.4215763669096453,-0.38665256485714083
240898,4.640769908308395,-0.6853577721120787
241199,13.307231715184589,-0.37880636081611296
241498,4.410347370576914,-0.5107583595470948
241799,3.377230494113338,-0.4416442715115996
242098,0.803799514377563,-0.4152361485525824
242399,9.31883284034953,-0.6853021336158158
242698,14.863990368073935,-0.7575158045554244
242999,18.69231678481908,-0.5413467622813819
243299,22.140076325557725,-0.6625371183675268
243598,23.505085103733197,-0.5992166931073923
243899,14.60240517328644,-0.4927616616955013
244198,16.368430103071756,-0.6467500952280409
244499,24.430714166185183,-0.4712751607188852
244798,42.881345151896724,-0.3027582676659546
245099,35.116937126597215,-0.6865711440926119
245398,35.570407039951384,-0.6277403767103382
245699,29.433484572546295,-0.38883051474923636
245999,25.053729220423236,-0.47939873384157083
246298,58.27478689809722,-0.3618823075145532
246599,59.80274064437268,-0.437581053447917
246898,89.44372736187036,-0.26226251202261786
247199,50.193747543159574,-0.43460111511353183
247498,35.935030571300544,-0.6571530301209667
247799,3.6093590619765923,-0.3406966440138448
248098,45.518420252060174,-0.2471344528663839
248399,19.883725539346628,-0.3119230637878374
248699,13.308783649269602,-0.4426197903246576
248998,6.009841723814619,-0.6636420235571834
249299,7.083010393523683,-0.532274495522046
249598,6.916097899042105,-0.5711361687503373
249899,8.984201766226475,-0.4930533537241615
250198,8.292663181865734,-0.5516760803353085
250499,9.901205593238421,-0.570032433395143
250798,10.339365833541287,-0.5276322324814968
251099,12.455680430893143,-0.5320827463205002
251399,11.609366086111011,-0.5206793340755524
251698,10.364364388847122,-0.4986133748998023
251999,12.988721311687264,-0.3311327623462137
252298,12.133213772312125,-0.431992758317405
252599,14.217789177413973,-0.34300170891230275
252898,5.102989648793936,-0.46178847360298825
253199,0.9936448498897883,-0.44148298464418656
253498,0.8097794154719146,-0.33328487558493514
253799,2.007073942931627,-0.35211041963989564
254099,0.905269194225196,-0.43504228597969696
254998,0.8429456083105816,-0.40106886357205274
259499,1.268181963414841,-0.8342865489228188
259798,1.0705844897389154,-0.85846380709039
260099,1.0644164462366001,-0.8269994442951079
260398,1.0514649196509522,-0.8765542714970063
260699,1.8681776875048537,-0.47551110894356796
260998,1.096000939838452,-0.8238606002534496
261299,0.8396269680190076,-0.996348881758059
261598,0.884698065840767,-0.93552482847046
261899,0.8675114101372837,-1.0297780887484476
262199,0.7692275889417625,-1.079026536286531
262498,0.8426899008445405,-1.0658050060728126
262799,0.7694875161246331,-1.0391956527877482
263098,0.7351856829579663,-1.0592674615542976
263399,0.7231213195158368,-1.204792244552296
263698,1.0892210611439446,-1.0046677403231885
263999,0.6806519014139849,-0.9758977563320081
264298,0.6505436857727812,-1.0479380358875852
264599,0.6551836982635221,-1.0104548609754787
264899,0.7034221759232442,-1.0216106644123957
265198,0.6718464656408368,-0.9308986722868164
265499,0.6595720065274109,-0.9363464908529759
265798,0.6823592173399108,-0.9128264023498673
266099,0.6260580855227812,-0.7915999832702401
266398,6.987799628395504,-0.3055790383896997
266699,0.8663342367967855,-0.8321525218138612
266998,0.915439252305393,-0.8422584980064887
267299,0.7319561368037298,-0.7180616544747624
267599,0.7466712585629893,-0.8297815321573629
267898,0.7777576229743747,-0.783755239010663
268199,0.9522295525484488,-0.8156540034036879
268498,1.949522392232581,-0.8706446167350854
268799,1.497338070336377,-1.2218081219161632
269098,2.0964710584665966,-0.8573517251804095
269399,0.8238547787819801,-0.8491178453474215
269698,0.7934920303745725,-0.7660459407027871
269999,1.2347315276492477,-0.785313174211822
270299,1.8777242327626738,-0.8046505414195795
270598,1.0561962861284142,-1.0037362072905447
270899,0.8030778229848958,-0.7787311838546755
271198,1.2562477458622108,-0.7836572195332698
271499,1.7220705698760996,-1.0353288817696238
271798,39.78763975960162,-0.3990012683121531
272099,0.9001215665010996,-0.7306302449754947
272398,3.0900595123942565,-0.33606623602392416
272699,0.7766335653950445,-0.8338798542359245
272999,0.7343873874760628,-0.7783107048453555
273298,0.7274978491697195,-0.6861229139604634
273599,0.7805555879822195,-0.7799504592427184
273898,0.8083780749567565,-0.7901274073669873
274199,0.8378868314729604,-0.8539266556452223
274498,0.7606180736049046,-0.7427627810943951
274799,0.7807310647229602,-0.8167309436835473
275098,0.8247353279266638,-0.9134989373657658
275399,1.14331355004009,-0.9194066896898878
275699,1.0185362759990049,-1.1994872294127714
275998,1.1306011219243493,-1.3772157797803284
276299,1.1676264567576824,-1.2004590447196897
276598,0.9241924720516638,-1.0325300654796954
276899,1.4501043923687937,-0.9000489100377074
277198,1.2773234937183306,-1.1256392394919774
277499,0.863643153176664,-0.9439504655563715
277798,2.1247829151337903,-0.6209661270200468
278099,0.9092653122738859,-0.9914422745993774
278399,0.954920583600275,-0.9657214563629042
278698,1.1694749406280531,-1.151434817341983
278999,1.071260663741479,-1.0315533779797432
279298,1.158962111938238,-1.1248738155472817
279599,1.3270969673022455,-1.0721593161282632
279898,1.7217006114295603,-1.2309609728146262
280199,1.6012179468368326,-1.087618764189029
280498,1.4920306126747955,-1.0291477298585416
280799,1.8197895546447032,-1.1057400105897184
281099,1.9124475812377615,-1.0616976065908452
281398,1.9639175467470216,-1.0659306320585258
281699,2.2631904444391506,-1.1027488634701683
281998,2.2886552807377623,-1.1237327480258141
282299,2.525085216561836,-1.0984785912909834
282598,3.537696398756186,-0.9955235415959662
282899,2.52899879913591,-1.062032026676206
283198,2.8639157116497995,-1.091894497201773
283499,2.603489123149799,-1.0530305881965267
283799,3.2319802648464635,-1.0981602805261441
284098,3.194699887964519,-1.1359958525215288
284399,3.065391522302482,-1.0898429290964282
284698,3.7093486043210007,-1.0401439239147483
284999,3.1922651808882248,-1.0565503186769023
285298,3.8208506578603525,-1.0105701164131649
285599,3.8275233942168327,-1.0642293738431992
285898,4.650469095376557,-1.0011019735985554
286199,4.485050580145074,-0.9713290149249985
286499,4.008395599277019,-1.0332707464957096
286798,4.329011869452945,-0.9586061360337532
287099,3.7088899967562807,-0.9612422174938602
287398,3.1542788915317437,-0.9742949975387449
287699,2.7780613792192437,-0.9924644330929828
287998,2.7729929339708033,-0.9656740298637683
288299,2.2026187961169255,-0.962374588258436
288598,1.818371491205023,-0.9510335169376196
288899,1.8519889932490048,-0.9650323823784199
289199,1.8125663750267822,-0.9101150563148337
289498,1.462419508598322,-0.9146861857546633
289799,1.663563155519618,-0.761255553336323
290098,1.5097512692447366,-1.0060153262904183
290399,1.3640547254548034,-0.8549330363950125
290698,1.3633453341816553,-0.8796085953390227
290999,4.537370452884997,-0.5067241623783199
291298,1.223755890016412,-0.9159564525870727
291599,1.1206552274377084,-0.9093041273371876
291899,1.1383425207988198,-0.9351548784328423
292198,1.1945681047247456,-0.9466827844248922
292499,1.3547919800785413,-0.8775859155152335
292798,1.6969720120943281,-0.8075597760687083
293099,1.3377425099049303,-0.8862018774419507
293398,1.4259347656888648,-0.8734929850240647
293699,3.609394824076391,-0.6766733721159588
293998,1.6478916803555312,-0.7951296055971124
294299,1.4189964619735869,-0.858480406535135
294599,1.5370111520129388,-0.8102650549670767
294898,1.7438637808879387,-0.7052624666758649
295199,1.3327978046124758,-0.8883469054236843
295498,1.451262937096272,-0.840887229691244
295799,1.746913093156457,-0.8249693367678066
296098,1.32577612255692,-0.8272780264550059
296399,1.226663277547661,-0.9481406477183143
296698,1.213309308496735,-0.9701248971463499
296999,1.3018555853740499,-0.8572487724579958
297299,1.4594984616286792,-0.7324038962685793
297598,1.2268086909990499,-0.9039796722478752
297899,1.2736162142544674,-0.81950664695347
298198,1.1213926193123376,-0.9392201114430281
298499,1.11310020327993,-0.9386955989689427
298798,1.141938213316967,-0.8611510784284624
299099,1.150099825240578,-0.8943887701070139
299398,1.0099435500129388,-0.9733340655625251
299699,0.9833523145762266,-1.0076533456753873
299999,1.029747811545346,-1.0125851018874434
300298,0.9444577592590968,-1.0649823185737204
300599,1.0463580021410415,-0.8501051475817905
300898,0.9737848161850228,-0.9384549758057994
301199,0.8922655986566723,-1.008473886357586
301498,0.8862506748453965,-1.0056296106010416
301799,0.9140412285745634,-1.0129836663531093
302098,0.9230171470143781,-1.087520185884431
302399,0.7776924788592855,-1.068144130862223
302699,1.2015214088306516,-0.6348498845700252
302998,0.7206614025097485,-1.0478507315059824
303299,0.6897854943883014,-1.065619285036722
303598,10.763329551040623,-0.46531471145101055
303899,4.676942515374421,-0.45973965794474525
304198,0.6563791866801887,-0.9910741415865869
304499,0.6714317266107442,-0.9423769481535731
304798,0.6325615394232441,-0.9079488652029772
305099,0.666728578587596,-0.925280818387995
305399,0.6729073619162996,-0.9848434764204179
305698,0.6352700736547257,-0.9167450488017173
305999,0.6764122409926885,-0.8704090618475797
306298,0.625831946113059,-0.7985742587449003
306599,0.6581226210968552,-0.8702973488822252
306898,0.6414439956616701,-0.7848367245626813
307199,0.6419034341338923,-0.7890343327108904
307498,0.6951514557750961,-0.8892833750489182
307799,0.6712190132458595,-0.7593921431147523
308099,0.6815257805190077,-0.7853668560807918
308398,0.7072578298639152,-0.7396529196543544
308699,0.7428120216124758,-0.7523102237169028
308998,0.6933613093986373,-0.7368180862807399
309299,0.7039065615924303,-0.7515889438007697
309598,0.6745524884130991,-0.6729891751828467
309899,0.6343145389478212,-0.6159485710666934
310198,0.6964119248926364,-0.8687005357040785
310499,0.6418303170101192,-0.6795711178828756
310799,0.6262388837980317,-0.6947168988221115
311098,0.5797404698341934,-0.6452999662069345
311399,0.5777908806791009,-0.6255206490496408
311698,0.5499976831420637,-0.5391154436687842
311999,0.5484139333520761,-0.5505361561355231
312298,0.5409603338428167,-0.530460201750617
312599,0.567132619928465,-0.5942517129898304
312898,0.5523378140153511,-0.5887403647109679
313199,0.5540356917884993,-0.6037227899437398
313499,0.5639704864669607,-0.7334202085264316
313798,0.5530258798350162,-0.5816406506541205
314099,0.5210425339739051,-0.5705280397935566
314398,0.6047305474697701,-0.7580459136977398
314699,0.5662309452938441,-0.606532189641968
314998,0.6690402939072699,-0.8160865419087713
315299,0.631837640340713,-0.7210295854380706
315598,0.966026706491479,-1.1167069015399105
315899,2.567017168542986,-0.29401660031458765
316199,3.0761763805823383,-0.39085898741450786
316498,1.0061085273994674,-0.8804539465088821
316799,2.777106115172326,-1.1049830123440314
317098,110.60237114731018,-0.2517454850574783
317399,74.42086390132175,-0.2661396188809595
317698,94.81061264825861,-0.14895633752779935
317999,102.36377467922391,-0.22991537005998608
318298,52.827656977202885,-0.2874991307104826
318599,64.81323849174916,-0.22026734867105735
318899,39.70567037190145,-0.27119194713189954
320099,1.9532189847285026,-1.0344940024654719
320398,14.526499018895354,-0.7918298261669587
320699,20.29193305941644,-1.169217305118789
320998,15.183635507700883,-1.0553281509646428
321299,40.57300753159699,-0.9425527923573205
321599,15.652734626707822,-1.2298786088945146
321898,23.44255776918235,-1.3653459062229483
322199,10.703237561305048,-1.3239245465155456
322498,5.476868089559677,-0.8698657861510741
322799,6.85616925231199,-1.0112789288111843
323098,6.79808064962912,-0.9210372991002045
323399,8.94386612605736,-1.0493387040812414
323698,11.737867789249492,-0.9473909086978716
323999,13.132994925923102,-1.040306907890467
324299,14.15944114703653,-0.945176742779569
324598,11.413432943233287,-0.9660495871684636
324899,11.88823633193236,-0.9722794908100447
325198,11.186465684360602,-0.9453601476643378
325499,9.851927476957826,-0.9492876401172801
325798,7.415141218784212,-0.9698196328189772
326099,8.58810441512449,-1.3642963213462767
326398,14.288227259321253,-0.9454223292063246
326699,5.974886774126805,-1.2881341079832467
326999,10.305415445534202,-1.1886316872620992
327298,11.662899501930047,-1.303667023831376
327599,9.082916364650233,-1.406193824924486
327898,20.043859222501798,-1.054290318603139
328199,45.55488462965255,-1.429760090382303
328498,11.635886916515684,-0.791962429179375
328799,13.854528072960422,-1.0367330732324582
329098,8.138146105502308,-0.9420818138762155
329399,4.630569892654298,-1.2933908267316832
329699,28.940443623362917,-1.2135294822472251
329998,31.153586777349023,-1.285906317304435
330299,10.784522501673605,-0.9053586777215374
330899,0.8889891438873074,-0.414392811907055
331198,1.4113164543796497,-0.6100538458856493
331499,2.7867575155419884,-0.8830419554165987
332099,0.6879229677521307,-0.7734915146860508
332399,1.7754937911924513,-0.25758645161928406
332698,15.873016113683027,-0.6146180944527107
332999,8.95410604698097,-0.8219119673959676
333298,18.586918529131705,-1.0780659363123908
333599,11.549005783370227,-0.7038736400951875
333898,16.022037540483655,-0.7228708289405432
334199,30.92170466668264,-0.8305176590896595
334498,38.6330996578699,-1.0225428248190456
334799,40.22850508267802,-0.7561317504048861
335099,24.54984279338997,-0.7275075115580609
335398,19.99622595994784,-0.8722995728664398
335699,14.671221939315895,-1.0413343797348413
335998,7.690610498274229,-1.177829559366653
336299,1.1309748706937757,-0.6214722875901972
336598,3.1831548995170986,-0.9105750225308529
338399,0.7712865601193476,-0.5134233350416935
340199,0.43320071591972686,-2.9506464155445857
340499,0.815801985994707,-0.4360709749620406
341398,,
342598,,
343199,0.6070921938136402,-2.8878350003471485
345899,3.361791634676415,-0.24157123187540464
346198,2.6374513399182136,-0.24881630069434735
346499,1.8241766347768273,-0.7487506793628
346798,1.6604923655499757,-0.7642851008245983
347099,1.4848825030430313,-0.8552077565428036
347398,1.4157794215661794,-0.8467316230406736
347699,1.4231359486016895,-0.8042895960030187
347998,1.4821608626063194,-0.7322247540317943
348299,1.2869226724651155,-0.9275339561465434
348599,1.3279724413493748,-0.8503682023006807
348898,1.351108677798449,-0.7726608361616536
349199,2.0214272094651156,-0.5220176401513543
349498,1.2431169541317821,-0.8212084683214624
349799,1.1179308725715968,-0.9160231036778963
350098,1.0617464464796558,-0.9375822304163783
350399,1.050546186880119,-0.9151815223304398
350698,1.0647545401972485,-0.8801338431001022
350999,1.0555848539495634,-0.9050454797165053
351299,0.9105661544819706,-1.000101764414239
351598,0.907943047766693,-1.0369310519378616
351899,1.0195820139807463,-0.9244856849591472
352198,0.9226555492342856,-0.9987915226232107
352499,1.172782738840767,-0.893279014473964
352798,0.9141667092528041,-0.9148914732493882
353099,22.37539622796548,-0.2937429321587297
353398,0.9269953898262266,-0.9240711914425701
353699,0.9222476478401153,-0.9578734824821575
353999,3.1687776103867824,-0.34093649835628925
354298,1.019960088343957,-0.9634612021519788
354599,1.0712166181402534,-0.9340277899809892
354898,1.1964196825268276,-0.8788744300519473
355199,1.2525572144573833,-0.8494595395335045
355498,1.3157219255690757,-0.869050333250307
355799,1.378311921613057,-0.9082448742258207
356098,1.500113261529724,-1.2139118836064773
356399,1.4232170943763103,-0.8931962672155578
356699,1.5396358452956624,-0.9422557048514153
356998,1.342114493258255,-0.8692288483119315
357299,1.589589885892885,-1.040044883137226
357598,1.6192638880082642,-0.9767686747378337
357899,1.5804292059662268,-0.9057408335347417
358198,1.7401721160752586,-0.9542717923814446
358499,1.8310302608738698,-0.968332859364716
358798,1.737151000670166,-0.963659582175241
359099,1.9231604809763339,-1.004582616009924
359399,1.8627896863050368,-0.9880141507603322
359698,1.8710162049531855,-1.0133470543664562
359999,4.500528851168316,-0.5584386397305645
360298,1.7652109043345179,-1.0524940218893848
360599,2.713487661534204,-0.8578110029989405
360898,2.345787036019414,-1.2814378745202841
361199,1.8026973813351301,-1.0738136013103112
361498,1.681305919552723,-0.9965291059241808
361799,3.0923018915410028,-1.3049029089867195
362099,2.0668308476891513,-1.1266097674617122
362398,1.9704711783812803,-1.12900218234248
362699,2.2005222405456326,-1.1361318702585956
362998,2.2927138698419287,-1.0881507572268183
363299,3.0232826901126675,-1.1527210897421534
363598,2.5103618223419293,-1.1648336924380596
363899,2.5451495840571114,-1.1351979291981578
364198,2.918183556020075,-1.1447037680817163
364499,2.5195906220941486,-1.2336105125997743
364799,2.304871041645075,-1.1986990368879673
365098,2.954883364957574,-1.1947825063720003
365399,2.8075941628071113,-1.2774645384110954
365698,2.361446268874241,-1.2002040617110112
365999,2.1845526049760933,-1.161554483038751
366298,3.0285667933811857,-1.4384477946704899
366599,2.4366680461288706,-1.066004805249794
366898,2.2546813236543337,-1.1235138675896494
367199,2.4666010622191488,-1.134293560609064
367499,2.8205217254760933,-1.1756442885321206
367798,2.719383288649704,-1.1384544072628198
368099,4.217332627797853,-1.2035608692694741
368398,3.3579581713719264,-1.1312550534315968
368699,3.2315696360385933,-1.1357885860014791
368998,3.02713646750387,-1.126457010159803
369299,2.8177703146219266,-1.0934583163060738
369598,3.6202363876404444,-1.0327872234350677
369899,5.069234731564238,-0.9528495900039065
370199,3.8190231208233154,-1.078599162277201
370498,11.213842732735783,-0.3497617063324534
370799,5.990303728693686,-0.7459715423761708
371098,7.595486085242478,-0.6340449821891898
371399,6.848172093254052,-0.8595084644468571
371698,4.100848362219148,-1.1015964114903833
371999,4.4596983442515565,-1.1326440866163843
372298,13.54902739537956,-0.27070888223017864
372599,14.851200771592126,-0.2894147782041885
372899,9.10934539374248,-0.5007716333780579
373198,11.2707704039023,-0.3418365303849624
373499,10.038919029520256,-0.5910680762964606
373798,12.7651343887773,-0.349484523611463
374099,8.172729823355905,-0.9900355202733992
374398,7.90884323708507,-1.0905156551881565
374699,11.418452597388558,-0.7272749147352737
374998,7.336940066274953,-1.2173646483405522
375299,6.332390231497175,-1.2821414263007704
375599,6.551378926985351,-1.0544112679962998
375898,8.513030490154517,-0.9943876281829662
376199,6.779101388172851,-1.1125838823180976
376498,4.4638843697631305,-1.0979293559270507
376799,6.4417075667008135,-0.8111790492656084
377098,3.653594101661373,-0.9014536048382864
377399,3.852913381865077,-0.8849410055596887
377698,2.973095908961543,-0.9179746417481829
377999,2.3383287455937776,-0.9808181214947869
378299,2.72107325843174,-0.9053761312757189
378598,2.3333410577050233,-0.9194505021847388
378899,2.4778087526425234,-0.9107930447259875
379198,2.48205356121233,-0.9146587565584534
379499,2.461124827906774,-0.93743153235582
379798,2.4834506853260203,-0.9300562412750588
380099,2.9180010892883472,-0.8632424545244084
380398,2.6302248795343535,-0.9108595842657068
380699,2.7626047372195384,-0.8754603979174231
380999,2.8407655797843536,-0.8662108118543046
381298,2.804455336467224,-0.8909788087714914
381599,2.4437833636153723,-0.9197336080916927
381898,2.4476907563190755,-0.9440647735005998
382199,2.8625102295065754,-0.80712524964427
382498,2.8786387642612055,-0.8697484496210388
382799,2.9327753174973163,-0.8462549487056508
383098,3.242200723897779,-0.7647126248989937
383399,3.0318540259394466,-0.8001854447698982
383699,3.340767224363057,-0.7345063776356546
383998,3.2274841355088904,-0.7379462838555246
384299,3.2915951226686126,-0.7034036299023987
384598,3.5317677568190753,-0.6258861259252315
384899,2.915231649557502,-0.7272346482129526
385198,2.9336035306639827,-0.6862974028680617
385499,2.7887185136338903,-0.6789266469087722
385798,2.5051015664209277,-0.7492461743018408
386099,2.36706406283065,-0.7673417030858978
386399,2.293298747103798,-0.7941596248689398
386698,2.2325717993862053,-0.7414008680089823
386999,4.549523389367551,-0.4701545236961433
387298,2.902361815488057,-0.5885060810418428
387599,6.483905101692092,-0.8224335028122609
387898,14.969605455869612,-0.23722994164089828
388199,1.6508437098277533,-0.8185755321892205
388498,2.0308947494272904,-0.5916830184175186
388799,1.833960455480531,-0.7185965093320528
389099,1.4172765261680313,-0.8453496308894499
389398,1.467113074709698,-0.9195585903825094
389699,1.660680741269883,-0.7975900753532505
389998,1.6212740636796055,-0.8529548774423874
390299,1.4451357297073832,-0.9092600260079593
390598,1.8217838636772907,-0.7858907860660453
390899,1.5178855148925683,-0.9395966006781513
391198,1.4704830548028722,-0.9935115270750274
391499,1.4512903569735869,-1.0329866320884507
391799,1.4809303401518275,-0.9839412643122218
392098,1.520120302101483,-0.9789037988920861
392399,1.5025196293399088,-1.0204547405576174
392698,1.3902528486448829,-0.9640020533513416
392999,1.396849508424976,-0.9580249338214424
393298,1.300729122209698,-0.9873356959788531
393599,1.268969900883309,-0.9272075664621737
393898,1.163599438950439,-0.8907058908601664
394199,1.2577211632536796,-0.8685538750223527
394499,1.197109920445809,-0.8941209139205013
394798,1.1560983607652533,-0.899633621269093
395099,1.1515389774064573,-0.8471961704929873
395398,1.3022749041194204,-0.9360375033769108
395699,1.1218444501958091,-0.8187699603655678
395998,1.0941821198763646,-0.8598720812200253
396299,1.1464047829944202,-0.8963504719076012
396598,1.305386391115372,-0.9213558990562847
396899,1.3390265294741681,-0.8992272083866413
397199,1.327033791094539,-0.8884703539399865
397498,1.415189569626946,-0.9258052842754432
397799,1.340546317374631,-0.8680272440242585
398098,1.3315576630806498,-0.89850734618969
398399,1.3024634432056499,-0.8903535875238309
398698,1.2468538536570386,-0.8802926783027625
398999,1.253441679066125,-0.9148164855388654
399298,1.2423653644926869,-1.0233922358807823
399599,1.3029337726801868,-1.0353879408030702
399899,1.0460923194463905,-0.8994867591404729
400198,0.9241343540551866,-0.8153211364100574
400499,1.4671580202170127,-0.7595110737899773
400798,1.0851383678691553,-1.1134833733647391
401099,0.9251058912100686,-0.9792777708297948
401398,0.9146991296561922,-0.9516518718915785
401699,0.9372504434756365,-1.0008940111331723
401998,0.846321785885359,-0.8236183466566818
402299,0.9681734131980788,-0.9586187257372323
402599,0.8694682530543404,-0.8668727310063327
402898,0.9445048870404514,-1.0778385894153137
403199,1.4228956298043405,-1.1088927094335643
403498,1.5261782380493492,-0.9929016122829621
403799,1.2719806783207641,-1.0025129126736876
404098,1.3466610594174047,-1.2911830707994807
404399,1.1807227970568748,-1.4563696269999808
404698,13.195955678092584,-0.5700539613909588
404999,42.6558046265324,-0.2232728193462299
412198,3.0818482423563194,-0.5363372601849785
412499,47.70850265142552,-0.5764248263495024
412798,52.149933126562274,-0.8083507750616452
413099,34.26960493419422,-0.8058738975203392
413399,39.36157887776528,-0.6152467555326628
413698,15.057521821029585,-0.8943330917080103
413999,12.14346152113375,-0.9760656660512808
414298,13.973907279309676,-0.9188176922592841
414599,13.901246798254109,-0.939891977694362
414898,11.289451077726342,-0.8576786922131092
415199,12.315836364936981,-0.8089571309020718
415498,12.808514793186992,-0.927554429335044
415799,16.221699965196237,-1.1950168787490831
416099,62.80423005349284,-0.6160906394165551
416398,8.03727731345319,-1.5792656125851003
417299,3.11365249809877,-0.3994092919052077
417598,57.58268209932385,-0.6753508310141483
417899,1.363526868405764,-0.5294479314511693
418499,2.0684318945322215,-0.5466635708278487
418799,1.1516804325698704,-0.3904143603083712
419098,16.831634029703192,-1.2092739895154727
419399,4.931855183750033,-1.107288312373691
420298,0.8790849092581925,-0.4492026764563306
420599,0.8437630081660713,-0.5557818638340366
421798,0.5618211175685605,-0.6572395330672156
422998,0.9655286887606902,-0.3819868563438584
423598,1.419795903601447,-0.3968864894543569
423899,2.5780305157555445,-0.46890955576687654
424199,22.169283915866675,-0.5497947595430983
424498,11.719879573065239,-0.5492703870417182
424799,25.44059579575556,-0.6102172772186978
425098,23.497223658572693,-0.5899067335735149
425399,25.291602132311123,-0.6270589067493415
425698,30.036923665811116,-0.5646425408922757
425999,25.532999067880567,-0.746343205086266
426298,26.277641685716212,-0.8374127023621334
426599,22.794853233753248,-0.7734224688307028
426899,20.18464015722084,-0.7250326000963843
427198,23.90973331596158,-0.6526772648375598
427499,25.911457747368992,-0.6604466738063848
427798,23.804703283130564,-0.8064001418176348
428099,26.194746166327324,-0.6668469150865659
428398,25.883182345723156,-0.7671506628625864
428699,15.381238816976666,-0.6074236862836548
428998,25.0368189600426,-0.6745754108161808
429299,28.204010282389824,-0.6768498528934468
429599,22.125142117757875,-0.6816025680171109
429898,30.595497667572683,-0.6910311526163027
430199,34.76513962467223,-0.6547626770767605
430498,35.24883862759353,-0.5303629046099927
430799,30.343847342776396,-0.5326599975873001
431098,36.851463558482415,-0.5703129854122493
431399,33.69061609004492,-0.6118201142836939
431698,28.437813941600474,-0.5599295967697224
431999,25.961779310322697,-0.63134556873893
432299,5.063357476598769,-0.5182623715098897
432598,8.315285879708656,-0.4828934741634012
432899,0.7203808944850797,-0.34414061060704393
433198,2.2116223540856685,-0.4631213498023532
433798,0.9644958430498944,-0.4290302736060736
435298,4.788041378730688,-0.769706004376477
435599,3.7700946312865335,-0.8374146293395692
435898,6.168252100452668,-0.6443252168467777
436199,3.1410932633513484,-0.8880433093886435
436498,3.4198260365133852,-0.7943960118899152
436799,2.6757547348467186,-0.9830356448567348
437098,3.1854944691106075,-0.8763599851695629
437399,2.7748216514624597,-0.9157513865950153
437699,3.5658881421223163,-0.7111294316300458
437998,3.2744960497981075,-0.8079887669912373
438299,3.0085067464809776,-0.8846400540693862
438598,2.7748409364856075,-0.9422704728461393
438899,4.065734210940892,-0.6851901044596771
439198,2.76216428952278,-0.8930007045280228
439499,3.043743972876946,-0.8832851761935194
439798,2.67720586563389,-0.9844160332392122
440099,2.72366333996028,-0.9574740969718185
440399,3.3070782310964297,-1.0050541839393805
440698,2.613305067654724,-1.0771685620847666
440999,2.657262075666298,-1.0061061753507432
441298,2.428951737821391,-1.0376620927628575
441599,5.382445172894775,-0.5404743107434355
441898,3.3913768163146583,-1.0134823564213624
442199,2.7170687575737054,-0.9922064631777767
442498,11.204497402052604,-0.2710032538426872
442799,9.692414845390568,-0.17714218366995316
443099,11.028769603304912,-0.19796199790482705
443398,2.599830575768627,-0.9948206844120275
443699,2.604922149268626,-1.0270575952284853
443998,2.4813123143797378,-1.0156267862026405
444299,2.4494143273457936,-0.9936088431050998
444598,2.19750332598622,-0.9951629512419455
444899,2.4219339424670654,-1.0112783370713907
445198,2.2678245020527132,-0.9981866701146556
445499,2.085766612140676,-0.9764931890633171
445799,1.9674556794502496,-0.9901138861287362
446098,1.9139482387210829,-0.9652174709662591
446399,1.7704945656309399,-0.9348265317142412
446698,1.948684954304667,-1.0031253107369462
446999,1.9240377289759627,-0.9907618044299911
447298,1.9285621985375612,-0.9523313117726997
447599,1.8657330811397839,-0.9442389598869512
447898,1.916106510116636,-0.9990927810148154
448199,2.0227067251305253,-1.016761516150754
448499,1.9475653165240432,-1.042546552996002
448798,1.9580570808388584,-1.0011734977245217
449099,2.2263428301405397,-1.0063926952783433
449398,2.3440340478928543,-1.047523226725366
449699,2.314930213647484,-1.006227024386276
449998,2.3353396761822065,-1.0914000303357398
450299,2.4317102916127618,-1.1120575770661083
450598,3.405257080550262,-1.2848034533509383
450899,2.885672420932206,-1.4000272731284333
451199,4.668290011515445,-0.7147626413234962
451498,2.864483732628871,-1.1873757864180883
451799,2.9258197863742414,-1.185639216583262
452098,3.0018309327561856,-1.1987720765751044
452399,2.9661079740478526,-1.276519721781769
452698,3.0390740775247043,-1.2093429621888028
452999,3.621650668249241,-1.426676840103518
453298,2.9157535349922967,-1.2928913310554977
453599,3.2146230727399816,-1.2453528247936982
453899,2.9252759397770185,-1.2794709245220761
454198,3.0952836700802595,-1.2906402994426904
454499,3.2040212336358156,-1.2945947211233078
454798,4.65424741693236,-1.1298447486554353
455099,3.6359950669159073,-1.3808118342316904
455398,5.507260809758683,-0.6279420278129044
455699,3.462955198777019,-1.4730211481482236
455998,4.073656145485603,-1.325165106557015
456299,4.200997955022389,-1.2890274725835869
456599,3.561566447040908,-1.41384461536774
456898,3.5232329924413706,-1.2591810014513118
457199,4.002427832818686,-1.3030756068856966
457498,4.017433713402019,-1.2400325064686784
457799,4.517089408881186,-1.344813365384828
458098,4.365161501689306,-1.314681782225854
458399,4.060482280973777,-1.2015818779872798
458698,4.750460447832575,-1.3129202243264033
458999,4.579448221239982,-1.251554520250283
459299,4.29463164045526,-1.254039666017405
459598,4.6448866935781945,-1.1365656615635955
459899,4.330001774348778,-1.1719265032729642
460198,4.4374118975085,-1.160156670923552
460499,4.688417653302731,-1.1397333297430636
460798,4.847088558210138,-1.160200535021787
461099,5.105931525254121,-1.1724935775485577
461398,5.460767129344398,-1.1625464382395378
461699,5.8910768865434715,-1.102145685604981
461999,6.40688956856199,-1.1769173888192452
462298,6.051547175270325,-1.1301775305986972
462599,6.935548608837454,-1.1064402640676683
462898,6.809589950050417,-1.1853535567610507
463199,6.8132432655226385,-1.1037763756921217
463498,6.90949179394625,-1.162131937398013
463799,7.46952979289764,-1.0761437364400925
464098,7.183689834999492,-1.088571115504792
464399,6.690216505610601,-1.1501503697298894
464699,7.458006119930046,-1.086980628518996
464998,20.99812554402036,-0.45208863021724577
465299,6.487849817809675,-1.0876100628784862
465598,6.539725361781898,-1.087217955779892
465899,12.349035762131425,-0.6904152427997878
466198,8.743227706923026,-1.1879579383029002
466499,5.059379048709889,-0.9402323940834136
466798,7.899882857058395,-0.2968312518042837
467099,12.627275536159063,-0.5602837415776167
467399,23.852762753874522,-0.4291488668668566
467698,28.737838343960416,-0.5085287467603254
467999,9.451637719713354,-0.7665133843961933
468298,9.053036638493845,-0.6089740489469486
468599,10.896665105520356,-0.6429606482048358
468898,18.82917344932284,-0.4619746741717585
469199,41.29886118520479,-0.4826710258353837
469498,51.1620030332148,-0.5203978500661828
469799,25.266573778345993,-0.637236761632056
470099,20.629393198642283,-0.6612442753182843
470398,9.53123194457959,-0.8687796209181267
470699,22.31976909422869,-0.8311039877914685
470998,17.21796119220304,-0.5061918835764856
471299,9.658823650619706,-0.8682242696508029
471598,7.793612577601187,-0.8552853233034765
471899,4.246357853244792,-0.5911069428442348
472198,13.84277746737448,-0.5366837262209918
476398,0.7406535439836701,-0.6557498911598336
476998,14.133134895296157,-0.7532292425610829
477299,5.791594718724018,-0.4463543512186734
477598,6.383641739227589,-0.3419967434509825
477899,2.999898326918613,-0.8278614499915229
478199,2.92947543608065,-0.7859659918254238
478498,2.8543134302843534,-0.7750337877950697
478799,2.8491261869463904,-0.8129605027489348
479098,2.655683521182502,-0.8476566526724438
479399,2.4777325577959277,-0.9290010764138981
479698,2.4087840367149087,-0.982743454703312
479999,2.255380069430187,-1.0406721893663948
480298,2.277039787495001,-1.0611643093233054
480599,2.3099065325412975,-1.0429144434282347
480899,2.006191199731113,-1.034247035613209
481198,2.401525193339909,-1.0638298207924621
481499,2.857357322377423,-0.9955060191396796
481798,2.3986689930135205,-1.053169725330315
482099,2.6397983620025585,-1.0832227508650742
482398,2.494146739214909,-1.084833872229853
482699,2.5291328305783356,-1.15984102713833
482998,2.329849454376946,-0.997216413598802
483299,5.168927444219114,-0.6972954213652036
483599,2.616248336342836,-1.0145056758765425
483898,3.64013965240302,-0.9075633056925902
484199,2.5393852390968004,-1.126259609949193
484498,2.8311561102413543,-1.2241286399430438
484799,2.6637456520561695,-1.238333879282398
485098,3.0051452889202386,-1.1588895325857322
485399,25.941436685473214,-0.3443832222368717
485698,3.182192868925557,-0.39668518776548556
485999,59.36568890005765,-0.49224027416317573
486299,54.16872583009931,-0.582081024416095
486598,29.29041123479969,-0.5994092006937564
486899,41.55598046667863,-0.23280279210208255
487198,39.012153098773545,-0.23075793317085225
487499,30.168617723873474,-0.2839188786115021
487798,29.969588985741527,-0.3067527595918036
488099,37.60406145192864,-0.3719439924736223
488398,44.79005081874877,-0.4320534083362968
488699,50.94414490773484,-0.3538857550820498
488999,60.69070359342946,-0.30968198209972475
489298,41.248671561357476,-0.3754021630837516
489599,42.723089619553726,-0.3986696741890279
489898,55.70908624764414,-0.3650332086185828
490199,56.71291148967863,-0.3074763156712774
490498,48.63679527418581,-0.3758891603877037
490799,49.05564996466947,-0.3649187464770054
491098,58.175224111554144,-0.37953470079708906
491399,46.27763757418684,-0.454049247095192
491699,43.26088110898726,-0.43051803142124845
491998,66.30365010780514,-0.40743363210277783
492299,76.35226778928612,-0.5174544257499345
492598,95.93110885980747,-0.36236654873893737
492899,72.15205582020047,-0.4320811523146142
493198,19.90109474741987,-0.49453945825276246
493499,24.71891090720264,-0.590054817857337
502499,13.907008750385655,-0.7788426655704632
502798,5.836885414490231,-0.9701428541306696
503099,6.321639926522639,-0.9284008538208415
503398,8.253054023154583,-1.0833429757097996
503699,6.045229659837454,-1.067108623023933
503998,6.1537257471268045,-0.9998642137319029
504299,9.471243959920786,-1.0555720711773753
504598,14.807213435432365,-1.384983107180588
504899,41.851613422576165,-0.8357343589453989
505199,31.793494758013658,-0.6582994694848503
506698,2.9643546011874125,-0.9924012451294084
525899,5.728456960505909,-0.849582523328793
526198,5.549983666476815,-0.7049811914132469
526499,6.269021594767484,-0.5793396040389458
526799,5.4000192680359795,-0.6352482126513463
527098,4.686238855457669,-0.8742490910286365
527399,4.0428236688070776,-0.8964385430788164
527698,3.942464562788559,-0.8643075316617517
527999,5.2283670768394845,-0.9957827373313899
528298,3.794320285526985,-0.9400637567021277
528599,3.5583546948302263,-0.9835072955908224
528898,5.4797381159166285,-1.0607377914658263
529199,19.09362122740135,-0.5233898194772613
529499,16.121814649028664,-0.5700560148510894
529798,4.001802021031985,-0.77198288689613
530099,10.0162365669722,-0.6456482382153588
530398,18.8438878235009,-0.40045635142534763
530699,4.20993992121061,-1.1710384802771805
530998,2.802668468192238,-1.0495975055555928
531299,3.675001203685293,-0.9108941368961818
531598,3.283072479122263,-1.1048067349064312
531899,4.844445632496627,-0.7579219555374592
532199,3.8995708682380035,-0.6563937065355738
532498,4.0379674952333735,-0.6622352087144971
532799,3.7156799865342998,-0.5763231799723287
533098,14.748841079691054,-0.29460454156300564
533399,2.7510029951543,-0.6364312742614677
533698,2.2050701752607815,-0.6946219064178407
533999,2.291892138888096,-0.7599494165554455
534298,2.348380994820966,-0.6871259809015167
534599,2.4597894477630957,-0.6460910420605595
534899,2.2164720752630958,-0.7465816764437665
535198,2.5662506707588366,-0.7131131629780056
535499,2.260440928747263,-0.660990307577868
535798,2.1159094030316146,-0.7189140391880373
536099,1.9607621965015214,-0.7159908724238566
536398,2.0834056439529105,-0.7201445794951524
536699,2.3040697572813498,-0.9634839430253637
536998,2.0752299312704117,-0.8275582547218776
537299,3.3229000310170993,-1.0377211920186267
537599,8.643654428945965,-0.6784439764922363
537898,48.43036886400642,-0.8904308138211219
538199,62.737214505392984,-0.8190358514989238
538498,66.55063631140689,-0.7858790796127197
538799,75.53827816922403,-0.6731737510791445
539098,67.09116661635595,-0.6825987328906045
539399,42.37608576039532,-0.8703964209002415
539698,45.74797836521012,-0.9485158736634367
539999,64.93365407133051,-0.7840087908905604
540299,3.0244857559454594,-0.6842256780767224
540899,0.7220928412606402,-0.5379647083268229
541198,0.7068930929501439,-0.7239933077461758
541499,22.151872941222216,-0.7596677709093078
541798,17.875005594348107,-0.7563283835217303
542099,55.060178183661804,-0.5781130690523792
542398,33.26413737254375,-0.5726784830721268
542699,10.31677347689701,-0.5059298938955246
542999,5.691742362233038,-0.38623925340324927
543298,3.945103712912932,-0.5583055835967401
543599,7.088307916119602,-0.3492072521324312
543898,6.957723067162921,-0.2978515343446635
544199,2.0388481087888333,-1.2362873536214911
544498,3.2574023565502617,-1.2690128482628187
544799,2.276920222918317,-1.3488155445634762
545098,2.342385597780988,-1.2394195267001975
545399,2.221469341630525,-1.4359786295476993
545699,3.37009883257832,-0.3270183981673749
545998,3.091903551343777,-0.7232495776705699
546299,4.088046726411654,-0.44869146873250454
546598,1.5405718886499447,-0.9828154830864015
546899,3.1882520761910396,-0.7439553324019439
547198,1.9665476527465546,-1.3720924475550054
547499,2.573507190929797,-0.9857099440356438
547798,2.8959335427860413,-0.9959013951291293
548099,1.561302617431875,-1.2369123807988944
548399,1.7372217955707638,-0.9986795439941989
548698,1.4488120007165972,-1.0435945722751296
548999,1.7700007776523943,-1.1879151519992703
549298,1.508324366010579,-0.9225313842022609
549599,7.002370584237005,-0.23323939804532023
549898,2.1085349865666116,-1.2370547990359402
550199,1.7768662058906854,-0.9697924964274691
550498,1.8465502096976547,-0.9760054698134433
550799,1.7216918426476302,-0.918629699643488
551099,1.8216301463189264,-0.9308318386139651
551398,1.9019501691073764,-0.9194048916007997
551699,2.127742862125895,-1.0607258800256982
551998,2.094291766489322,-0.9974075327220353
552299,2.3646368349360802,-1.0412433137599195
552598,2.6252662037863725,-1.0173817596617978
552899,2.8792266085178544,-1.0124179595682055
553198,3.2148732344021136,-1.0470307092089426
553499,3.2662785525757254,-0.9880625354736605
553799,3.2983387065572067,-1.0077994299921373
554098,3.5073869843971135,-1.0293859935407115
554399,3.507888561151743,-0.9719081793288225
554698,3.5439064486309095,-0.9567251068744587
554999,3.714575324610076,-0.9913698227803789
555298,3.8163514233022053,-1.0004213513397775
555599,4.128765621689151,-0.9701742525462669
555898,4.10900908400628,-1.0066709881723712
556199,4.1383206659040574,-0.9862592544288213
556499,21.941278591016726,-0.26742994701980805
559498,0.6396906339879839,-0.8516366686559198
559799,24.39380961221504,-0.592056402560559
560098,14.386999691518144,-0.47289489505096083
560698,1.2294475463097805,-0.4285643490786306
560999,0.9613272858925461,-0.4568327436256514
562798,25.00073929450643,-0.47676594889424173
563099,71.87741480689402,-0.5037672943959492
565498,2.2317608270245133,-0.7638642071652579
565799,4.326770614934393,-0.8178401131887247
566098,3.6758609194376084,-0.9700327533506081
566399,3.706754831206127,-0.9436640255274822
566698,3.683222601638385,-0.8647986448388185
566999,3.852972764136682,-0.7983977368974651
567299,3.5810967517055143,-0.8305174058232963
567598,5.585612981203813,-0.5349563546706606
567899,4.581462165865743,-0.6584590199977418
568198,3.0251637462982424,-0.9664119898032253
568499,3.013243423082964,-1.0176721482354436
568798,2.8295969413468534,-1.036114792651817
569099,2.689922741960279,-1.0516008746269443
569398,3.0670840534047237,-1.1727860867033777
569699,9.178408833791032,-0.3420084292946328
569999,4.213206498779724,-0.4191301546499042
570298,3.9337777684588127,-0.6890685027546724
570599,2.982243526800133,-1.0270045500662368
570898,2.8160888519320775,-0.9451578783064682
571199,2.848054678286244,-0.9855910846024349
571498,2.9394647192607812,-0.9510550667746942
571799,6.761991673024043,-0.668709389211815
572098,3.2133170909783737,-1.0692129112382478
572399,3.871092006117262,-1.3244504574708476
572699,3.015989859827911,-0.8970299581189773
572998,4.37125284747143,-0.8333277349518176
573299,3.331934391640411,-1.084744085360207
573598,3.5582096594205033,-1.2856252762781275
573899,3.325879940031985,-1.0145463273798687
574198,2.506051329258466,-0.845273359760305
574499,2.566435150033929,-0.8300461834721458
574798,2.299796792096429,-0.8328021055160022
575099,2.325517436186707,-0.8623882041704847
575399,2.646915493318651,-0.9222688404037584
575698,2.4966919048464296,-0.8646193987210369
575999,2.1678176652723544,-0.8283177827720998
576298,2.1610167241135345,-0.8470946177557606
576599,2.3065111878774234,-0.995083875837055
576898,1.9480508290002432,-0.8482529766858575
577199,2.23029115746065,-1.002990960010052
577498,1.8510090328375943,-0.8281539667086366
577799,1.7783055501412055,-0.8213562389587759
578099,17.29703402587168,-0.4318446915377874
578398,11.663557580581012,-0.4452441026002778
578699,9.468805323803233,-0.5473302335944779
578998,76.55319148718472,-0.3557677814409643
579299,59.54351481370256,-0.32635899464394535
589499,7.843549526816553,-1.0685988420095551
589798,12.146657400607658,-1.334810421940623
590099,26.56903339103449,-1.3313857204649984
590398,22.994062755388413,-1.4234960637093597
590699,19.60049275046943,-1.5330335115464417
590998,6.6194832144856015,-1.4875888778324917
591299,6.525321244418223,-1.1555555795653047
591599,4.00985130255711,-0.8109657076800603
591898,3.8077479998742416,-0.7696361823238551
592199,4.355983444471463,-1.0182744825859635
592498,4.290935415330259,-1.27722793438291
592799,16.066012208876806,-1.145474722531953
593098,16.746201424765683,-1.5060894410035561
593399,4.2702244269883884,-0.9574499368989224
593698,33.23216007712448,-1.2508183144572338
613498,0.9369781113700034,-0.8546384702126837
613799,6.106900710692091,-1.0591936011778111
614098,12.28181089174023,-1.4587532900707911
614399,3.9091367759629256,-0.9537985966440345
614698,3.781945798797817,-0.9540029170217776
614999,4.009137692372182,-0.8932576394936147
615298,3.9743834978212558,-0.8790753809556655
615599,3.896335841988534,-0.8956025720293612
615899,3.6559632500573667,-0.9375939366354431
616198,3.7429689992889834,-0.7249135530012063
616499,3.4740474265828296,-0.9537928548846795
616798,3.4428230963626323,-1.073234302725162
617099,3.381612458302737,-1.0768538128580643
617398,4.362234877723036,-0.6617893354636293
617699,2.7816813264717184,-0.959366853741833
617998,4.737483555409212,-0.9052589559848432
618299,2.900094625263997,-1.0064288201381664
618599,3.3121529172246458,-1.1797723019499267
618898,2.8867723918556885,-1.031040705533305
619199,2.9629910409482814,-1.0336479712226154
619498,8.750101002703486,-0.684226821976845
619799,2.7217339775200404,-1.0046727713710841
620098,2.78373652458717,-0.9962773346614178
620399,3.0597046691404106,-1.0947098425641988
620698,2.7378305405084666,-1.0924181137242632
620999,3.270545112793613,-0.8248056555435874
621299,2.5058452141450402,-0.8923301698445949
621598,2.40114119245754,-0.8626971541962762
621899,2.5499155684668,-0.9412926196670637
622198,2.636184540584855,-0.9973880024269222
622499,8.247600617869587,-0.7773796069834
622798,2.3859898782908737,-0.8731096331378003
623099,7.052471017793559,-1.3099708529611829
623398,2.3516044118001327,-0.8400367095047165
623699,2.8753319196933864,-1.2501756266845572
623999,2.2915245301103178,-0.8906218408064139
624298,2.4101967907283735,-0.9074434358028551
624599,2.6031232402003543,-0.9614530168261455
624898,2.528373931260539,-0.9757684450699025
625199,2.581352337133224,-0.9274592497647289
625498,2.715467483853132,-1.000010809365858
625799,2.5580865661197065,-0.9460620943064495
626098,2.4084983670039652,-0.8853992707942842
626399,2.4480387669916355,-0.9247431056722006
626699,2.4201320835170987,-1.0600752366020476
626998,20.940592365497018,-0.3593524946215152
627299,24.69604191673932,-0.5379584833097368
627598,60.31142054105895,-0.8884989634537532
628798,30.043960325357475,-0.5305571980398109
629099,12.44634086476091,-0.1853305423999254
629399,8.462711946848778,-0.6902292323244661
629698,26.136176985703198,-0.9911559620961694
629999,28.32056367580836,-0.8072697249998626
630298,25.47993484136989,-0.7521183916429297
630599,0.7216044224433021,-0.4825540540545714
631498,19.056941409319215,-0.7435273780340923
631799,26.661523185009028,-0.6189212788813934
632099,14.237627783159493,-1.0459074229812337
632398,26.925305576872166,-0.42344151341396574
632699,22.37770089908473,-0.4435423513593504
632998,17.31175854410596,-0.8260415800769241
633299,8.317638082668223,-1.134566129837967
633598,5.551490884772389,-1.6672301674484777
633899,25.27224418148056,-1.3875886130010966
634198,4.971435285290907,-1.3566171011653045
634499,3.7297590428094267,-1.3516337215535845
634799,3.3604496784598896,-1.7441163470606638
635098,4.722260649471463,-0.7315118267676683
635399,3.636003995202945,-1.526459601133312
635698,2.8356674587307227,-1.166918459630283
635999,5.053022337939305,-1.4727350118165168
636298,4.863299664184427,-1.4224957297832983
636599,9.04473231916847,-1.365048102701408
636898,4.86365002269625,-1.4624927083859087
637199,7.5323571287124444,-1.1330753082247456
637499,5.375341195524705,-1.4753477703001638
637798,5.821936903177483,-1.173282918809389
638099,4.606967105589701,-1.4793910550890472
638398,7.040919905566372,-1.4724873352955954
638699,53.008115043668504,-0.42191724554878984
638998,129.39329629150208,-0.11613161567803099
639299,5.232869866621265,-0.45258884621500894
639598,0.6471139276138034,-0.48982619434736274
639899,1.3893640824068278,-0.5596350242282715
640199,3.7829424377169283,-1.1190554691089045
640498,5.996873179601092,-0.9782218433433074
640799,7.811630620462203,-0.6009482504122141
641098,5.055004964089613,-0.9297191991041327
641399,4.106444127503871,-1.2697862079391147
641698,6.8310670336126655,-0.8355338230815306
641999,4.96267892381039,-0.3232822548479506
642298,3.260484533076913,-0.4930483593433439
642599,44.09887005596505,-0.586342834873739
642899,82.14317858045116,-0.5937835595665109
643198,4.559045865844541,-1.2329865983272823
643499,5.240855840267854,-1.1717986368336453
643798,6.141186259228408,-1.174259987867956
644099,7.457163044446001,-1.0492725827611515
644398,5.4194984810410025,-0.9702793616866401
644699,5.194234169311836,-0.9089303756237284
644998,5.421236160420632,-0.9510971042205971
645299,5.466412156534059,-0.8747756403868086
645599,6.475862445094243,-0.6980231762059206
645898,5.186871183242392,-0.8388572978527127
646199,6.521379800869612,-0.7026549283554484
646498,7.000688809339518,-0.7222812303006916
646799,7.836424576307113,-0.7197985946682539
647098,8.830302533314054,-0.6554853544141983
647399,8.51361202795989,-0.6971076435570962
647698,8.37240252141832,-0.6760748221497543
647999,7.998044437858131,-0.6826638135936915
648299,9.70564515070063,-0.6827974681977016
648598,13.715882187286267,-0.5598405530288568
648899,12.288975932314049,-0.5985591925880338
649198,10.39766334362886,-0.8048236609896355
649499,24.178030956397627,-0.3017965504357836
649798,39.13255567782084,-0.4446915938967184
650099,27.166081188541146,-0.5222404391194939
650398,53.042817315807646,-0.4595414968247922
650699,40.27586947522876,-0.431046479794178
650999,45.766144615277256,-0.30997341381395715
651298,38.291297209791146,-0.4086036903667394
651599,4.636334951769388,-0.2812905936998682
655798,9.462683578212443,-0.4953205987013758
656099,7.890322733058765,-0.44334816678422984
656399,7.456440860922947,-0.5006642661861949
656698,4.64427226920754,-0.8930121365282107
656999,4.382527463619578,-0.9378017080195293
657298,4.211981024800133,-1.0127095116426887
657599,3.94937164052004,-0.9473241723575028
657898,3.412528053152886,-0.9832779764579551
658199,5.1548794359945775,-0.8800272576921522
658498,8.450609334434393,-0.6680876813071301
658799,8.768353749631911,-0.7584252280894235
659099,8.660482959435427,-0.48744426693736265
659398,13.387737458025573,-0.5136816690640096
659699,9.843861076550134,-0.48212646364035927
659998,7.142132427228374,-0.6863956172175292
660299,7.457741792462169,-0.8595215571203612
660598,7.216122590133466,-0.879739394735177
660899,6.446130130244578,-0.9019790175804496
661198,6.122958741283928,-0.9465572019493897
661499,6.04785741852467,-0.9016978674586174
661799,8.972462449594486,-0.9972445552001212
662098,8.160847667703282,-0.9465360961965708
662399,14.55423605269106,-0.7265263571551124
662698,10.826455208225791,-0.8404279823304481
662999,11.791677871311443,-0.8435963275758382
663298,13.279838653417551,-0.7580569206061623
663599,20.046574494269404,-0.6505080833356822
663898,20.6670635486075,-0.7337489739402314
664199,21.946183356600557,-0.7222706300783313
664499,25.45724152556312,-0.6594921254147708
664798,27.923687861191194,-0.6067833251878072
665099,22.438191734925635,-0.709719954468093
665398,36.34090449918518,-0.5570481248610735
665699,51.14324473782601,-0.6966500862776241
665998,64.47930017614082,-0.5786203039724762
666299,65.47258204728922,-0.5237378811248969
666598,53.722550150985974,-0.5672973788112885
666899,60.32030440296759,-0.42816043645613777
667199,29.2912650432824,-0.4624120336210471
667498,33.53134588508796,-0.5224325214642276
675299,21.021700358770314,-0.8478374831292887
675598,8.786311345997175,-1.5355193898800108
676198,5.301470810290883,-1.3988061419898234
676499,10.610635588415908,-1.34648273315117
676798,18.030948395406885,-1.1039929002292919
677099,21.57816462482587,-1.3765822824889793
677398,13.37352878652726,-1.766046524463794
677699,12.283249287145324,-1.3224149570984243
677999,9.615539481448556,-1.7186148407586206
678298,15.063934916436985,-1.1223399885596734
678599,21.297189288020324,-1.1392539216976085
678898,4.220562250219398,-1.490944415393482
679199,3.4786779642749535,-1.093992514647891
679498,3.536452625992546,-1.2103206511036717
679799,5.169343072305046,-1.139763511305854
680098,3.6742164176846757,-0.9994326856046369
680399,3.6104730369763427,-0.9360845296452713
680699,3.8875748801013423,-0.9670627315564919
680998,4.292504023969398,-1.034545413954207
681299,10.81673374455735,-0.8129739272099665
681598,6.383325230439305,-1.2837144534748384
681899,16.11749867890226,-1.3191445513227635
682198,15.845591894779574,-1.4296777585781757
682499,5.197748023098744,-0.9665188972888501
682798,10.660526104802322,-1.4055765249568917
683099,3.708022619312744,-0.759926682516687
683399,18.46276233588837,-1.6260002044351403
688198,12.134396437698314,-0.5763894368318734
694199,0.7281877231086623,-1.1921687366785738
696298,2.1823578929303933,-0.5071125982398315
697198,9.565091541835129,-1.192440607680917
697499,24.349831827210142,-1.3467704155197486
697798,11.085333108291422,-1.0991929055951708
698099,4.134166758480446,-0.9473693498038296
698398,4.49901838756878,-0.9646138543429288
698699,4.78826584107304,-0.8568054784347547
698998,4.988309729078039,-0.9608825272896377
699299,5.889788688089519,-1.0267610506858444
699599,5.019494698216928,-0.9045958321715648
699898,4.500735993251279,-0.8518579790798524
700199,4.675187659117391,-0.8312178181605077
700498,5.250568481115077,-0.9028834987244081
700799,5.53416470863128,-0.8733953342971186
701098,5.446997350300261,-0.9033822744030067
701399,5.600492835652114,-0.9017213887594762
701698,7.847299316522389,-1.0309705456940481
701999,8.256937427196002,-1.0688780087872929
702299,5.366836733638224,-0.9699883893761212
702598,8.27404283142517,-1.0197425019355633
702899,4.912965753337481,-1.272730422574416
703198,6.050205006461928,-1.2576820863000946
703499,4.942050941341557,-1.1467625263826697
703798,13.131456497277266,-1.0716373493908828
704099,7.712697625529336,-1.2376535627634855
704398,7.87598664240202,-1.1960660550285018
704699,3.9730058582192433,-1.092740636793974
704999,4.112034526723873,-1.1155696244190487
705298,4.411844325712299,-1.1181387936562945
705599,4.137002777216929,-1.040992532432826
705898,4.028642461922947,-1.0062406573315972
706199,3.9974808887192435,-1.0005737074872605
706498,3.771028091226188,-0.9509048486079148
706799,3.9336983264669283,-0.9612409024153896
707098,3.8053324489480382,-0.8860314155618481
707399,3.9421020405109095,-0.8954173413556787
707699,4.0906807090525765,-0.9207485671532261
707998,3.8867508063095215,-0.9001640573138698
708299,4.207991685566466,-0.9321822215871234
708598,3.8178092355456332,-0.8861983814285495
708899,3.416163678929892,-1.0396817786220738
709198,3.525469464733132,-1.0401715277827095
709499,3.584553057654429,-1.0303286969339966
709798,3.638424505513225,-0.9949093248301419
710099,3.699099537330354,-0.9253139184754853
710399,3.6790552500340588,-0.8794925460651419
710698,3.8368391714738723,-0.8450919241911095
710999,3.8399021593164653,-0.8745566867051011
711298,3.9090650680572057,-0.882877513528521
711599,3.967035104284059,-0.87069323996142
711898,4.01437408788128,-0.811763085956644
712199,10.791086846867298,-0.5730807049121227
712498,4.207221931719243,-0.8299093543351568
712799,4.365831648777114,-0.8501780525043168
713099,4.411362663441465,-0.8111767940895871
713398,4.66778843376554,-0.778677835923248
713699,4.916729719735447,-0.7823282676846874
713998,5.020375847608133,-0.7565691260210468
714299,4.893284362105817,-0.7529349000884025
714598,4.853321215953039,-0.7397769600670079
714899,4.623324146422947,-0.692800870751709
715198,4.820113189809522,-0.7789062280159731
715499,4.230085245029429,-0.7174322749921236
715799,4.206600070601188,-0.6222553473824142
716098,4.168595878721558,-0.4929722189743915
716399,4.016277246260909,-0.5757082691462516
716698,5.4027673396612785,-0.8977764956923973
716999,4.213684092689152,-0.813654820640541
717298,3.8461669865224843,-0.6888334853914964
717599,4.367752520420536,-0.8679514301321538
717898,3.8518788073697063,-0.7571336380264784
718199,4.184390965777113,-0.8313218237968125
718499,4.115364677124336,-0.71598242463351
718798,4.122980841721462,-0.7460408069912603
719099,4.152697108087299,-0.7834714967294927
719398,4.524209963112762,-0.8029261279662121
719699,10.648717987265435,-0.5165258648717816
719998,14.617775194716424,-0.5858801024669225
720299,4.78688719547705,-0.40757538728129905
720598,42.399624429057106,-0.2532095838044286
720899,5.088953988638313,-1.0517167643830994
721199,4.79303408371452,-1.2771771104423584
721498,4.2179331093649814,-1.113068011917969
721799,4.269096132237667,-0.954344636107952
722098,4.175048185788594,-0.7962112719347845
722399,9.085816522541158,-0.7893810704621071
722698,4.612925721189306,-0.7938523822200476
722999,6.002967914649954,-0.9997367307713527
723298,9.922722823522626,-0.7356471300000564
723599,5.518878715036527,-1.1120321798197779
723899,9.547826874043473,-0.6997576700056387
724198,4.3212362542193965,-1.1281672051014104
724499,6.32827413750386,-0.7108007657906845
724798,7.284650438506186,-0.5986185129370902
725099,5.334251050341834,-1.2807969139706366
725398,5.1149079995226385,-1.2205606281164414
725699,4.919634669886063,-1.0072357417916655
725998,8.920016464849018,-1.043844292594497
726299,4.55486788531174,-0.9683615370349767
726599,4.705921678964519,-1.002869530633081
726898,4.426612854841833,-0.9789653426555425
727199,4.29980374433952,-0.9779470332993683
727498,4.010008195760815,-0.9022150037529741
727799,4.215871922895074,-0.9201945192248591
728098,4.04570734245063,-0.856731146057677
728399,4.424726259341834,-0.9497217802816005
728698,20.3937392394648,-0.36148044172674076
728999,4.2770917784043325,-0.8682531384822902
729299,4.412129080858038,-0.8488345420092629
729598,4.729466100619613,-0.8328087714847745
729899,6.36734361598998,-1.1151598107976035
730198,5.159076347598777,-0.7859770718166079
730499,4.918813187885817,-0.7800177415718621
730798,5.224659969881185,-0.7170783713810924
731099,5.229846266788592,-0.7435522836318464
731398,5.455142330205259,-0.7982988743108355
731699,5.839825678452945,-0.7771762572159693
731999,5.835529263925166,-0.7609263326071503
732298,6.157687888251556,-0.7380241975040511
732599,6.37173906294137,-0.6816808657789157
732898,6.171285362883499,-0.6934094600679013
733199,6.187997493971463,-0.6491433222478888
733498,6.48368250908489,-0.6573726470766816
733799,6.472981268846464,-0.6526276897188583
734098,6.491302726499241,-0.6074821115272939
734399,6.465955751987666,-0.6067582288712385
734699,6.80969590857563,-0.5957113654029498
734998,6.829765438047852,-0.5743283867927393
735299,7.075276058941371,-0.5663700385943036
735598,7.446751961774704,-0.5830610030271552
735899,7.483829902790908,-0.5820512405443004
736198,7.700141350577945,-0.5668551592253144
736499,8.235751849837204,-0.5674953594417733
736798,8.461526363390444,-0.5644515542677402
737099,8.627265905885814,-0.5653118668750436
737399,9.002970363983037,-0.5817593050755543
737698,9.15699890952239,-0.5701719891393651
737999,9.46272429873998,-0.5611609310945118
738298,9.338195974547851,-0.5320593561749045
738599,9.18740775645526,-0.5204595727929489
738898,9.157649585323316,-0.5268282644657347
739199,9.075771351270074,-0.5261885704145421
739498,8.858791017353406,-0.49766765983301164
739799,8.821208794527019,-0.5016369452300498
740099,8.80387472323998,-0.4993816888698359
740398,8.953901129587202,-0.5209485624619035
740699,8.948473448383595,-0.5099759248889146
740998,8.842482412189149,-0.5198527193702136
741299,9.25565848892989,-0.5368007733907152
741598,9.073975950307204,-0.5421464701185774
741899,8.726333338091928,-0.4960161771593641
742198,8.947415112441464,-0.489803384789983
742499,8.652557657052578,-0.4881777917062584
742799,8.816268564369706,-0.4730451477149895
743098,8.840866134061837,-0.514514092649949
743399,8.835735505612393,-0.468966803866925
743698,8.501149340135909,-0.4363454968322875
743999,8.584129516417944,-0.45474122791542193
744298,8.587273137980448,-0.45491395627283526
744599,8.861136784931837,-0.49519195491690815
744898,8.91515774568878,-0.5358585352919161
745199,16.54154398035857,-0.6932865035313405
745499,9.765202974399429,-0.6650419207803173
745798,6.607574446499573,-0.4575750629411832
746099,8.654821777832936,-0.6043460327145256
746398,7.938709335239706,-0.6642037351338033
746699,6.72068959205452,-0.6597927091430116
746998,6.39959882238091,-0.7642533648738816
747299,4.650793283795262,-1.0256315592735756
747598,4.801960502563779,-1.00026049371843
747899,4.915457357542946,-1.0074435166743525
748199,5.045173459089243,-0.9899335395342705
748498,5.16359403532341,-0.9999370388604707
748799,5.0722234026401685,-0.9792302860584838
749098,4.957070621031742,-0.9661443158452319
749399,4.9015185968276676,-0.9210639744973415
749698,5.761391146404428,-1.0010533598788993
749999,5.612954780112392,-0.9649605069061709
750298,5.651322901911002,-0.9733445957672582
750599,5.764523135552206,-0.9376474958161496
750899,5.8307383638971135,-0.9343009318231572
751198,6.173482705883594,-0.9210095568972108
751499,6.22106336730489,-0.9028412292810799
751798,6.386526168446095,-0.8743846366125356
752099,6.412215134057207,-0.854570256360349
752398,6.1893811296544285,-0.8216320843952427
752699,6.231036573358132,-0.8339379566823244
752998,6.177827923980447,-0.755769979640712
753299,6.248064448394798,-0.7319586698060314
753599,6.996409573365075,-0.8942004412504085
753898,5.493416368368018,-0.693290558855957
754199,5.502688531048573,-0.714206584506168
754498,5.7422880673954335,-0.6802423034996927
754799,5.876084479295896,-0.6832918974719355
755098,5.578711484943409,-0.9263985849939023
755399,5.24615248612165,-0.8862031146518854
755698,5.227752396630909,-0.7521748739423797
755999,5.24173722942489,-0.793012881734005
756299,5.275372729545261,-0.7883687268092545
756598,5.324608734024428,-0.7902680154375519
756899,5.46581905169341,-0.8394492537335172
757198,5.46011116301554,-0.842125649359968
757499,5.291802645418317,-0.7599297213972551
757798,5.393495302622021,-0.6772698769932297
758099,5.342622970448411,-0.6812260221214161
758398,5.630651685732377,-0.7090526792603487
758699,29.554011198515695,-0.7149208173653687
758999,34.33545148600803,-0.6739687358481048
759298,0.7778643415525183,-0.24761788912340466
768899,2.5495753789041427,-0.5351009993959794
769198,10.595387311497173,-0.6537119309808144
769499,10.657772348640684,-0.8464461065785713
769799,9.609948743099029,-0.6563864514661637
770098,8.833418435804797,-0.7224877676001962
770399,7.994884107740232,-0.684049789484956
770698,7.332650124351343,-0.6251110187228632
770999,21.828505535170777,-1.0817815066227716
771298,13.677727720122176,-1.1738488726089895
771599,33.38174788476337,-1.4446637582317012
790198,3.146101283083576,-1.0247373071300885
790499,7.122518665214702,-0.9905026809730293
790798,5.036781586846187,-0.952077995674735
791099,5.1158605055869275,-1.0372601812039544
791399,5.42022804843915,-1.08863710458919
791698,5.053648892269798,-0.9842870214695572
791999,6.977374823863099,-0.7758310749118671
792298,5.999987624253967,-0.9181254018045906
792599,8.288085331735449,-0.5937247617672055
792898,6.361226445971558,-0.9568288537482836
793199,4.701341830867391,-1.042265856736337
793498,6.035676847110447,-0.9994645073930288
793799,6.467949006298129,-1.0941674996724897
794099,6.908500696564055,-0.8559725021838391
794398,5.416900565374336,-1.031291865111084
794699,5.3877718889345205,-1.0313752330022807
794998,5.611247527378966,-1.0217062579049085
795299,5.894835244564151,-0.9553165070550744
795598,5.342468553492392,-1.0089955445142254
795899,6.080785063306836,-1.0095671153580916
796198,5.25917464856878,-1.046579659998959
796499,5.520676595939151,-1.0285183962252464
796799,5.163613356591928,-0.9201556734661638
797098,43.342658747043565,-0.42501043905750757
797399,7.426818650522474,-0.5595286696295718
797698,7.553128743115075,-0.6096531244166825
797999,7.679401686330538,-0.4722589591820081
798298,8.873911429378968,-0.49050315420931745
798599,4.769196920691466,-1.0414158055833682
798898,5.0169385610873,-1.0801366591756243
799199,5.191833521633596,-1.0292661039546305
799499,5.33217011108267,-0.9598792199887218
799798,5.432392434291002,-0.9299703182303074
800099,6.03187620399702,-1.0284048266741208
800398,5.398973446226188,-0.8146892424065708
800699,5.912245766302577,-0.7940066140739157
800998,5.946162678274798,-0.804527747624864
801299,6.359678608277114,-0.723894256584855
801598,5.7314467285155395,-0.6049816546287521
801899,6.266352496527114,-0.6383509614468321
802199,6.385722502068781,-0.6123982516588211
802498,6.576169309774798,-0.6623905109660788
802799,6.575649101304796,-0.9533675477855443
803098,5.848564855904333,-1.114470316493768
803399,4.967915669480817,-1.0088416043511876
803698,5.154708040543316,-1.0046326690198812
803999,4.886901649047946,-0.833819007519667
804298,4.933611176649798,-0.7511986081270448
804599,5.322497453689151,-0.7962132140316007
804899,5.637012895645169,-0.8252500311284616
805198,6.026841991506282,-0.8425417680994927
805499,6.477940305341173,-1.0342055306109401
805798,16.162598510609815,-0.6565692138990546
806099,100.9912177426317,-0.48386998870076403
806398,51.69584821026065,-0.4445546508452005
806998,0.8654804932947812,-0.608190779964968
812999,11.992480249291148,-1.042664118346091
813298,10.471760515978655,-1.2564828504496073
813599,10.798856956376804,-0.6633352671716448
813898,5.761561371981089,-0.8156357318926841
814199,5.749087718233287,-1.2116326806927908
814498,7.839098153439055,-1.116502013361535
814799,6.229375289661526,-1.1070018557465322
815098,6.387094507846463,-1.0130864160973712
815399,6.2022147212376675,-1.012950541538046
815699,10.112009783680218,-0.9939892447423251
815998,7.407208620950881,-1.2223466191407324
816299,6.779747381994861,-0.8343342894523462
816598,8.049880605318686,-1.150887376686299
816899,9.520185560478657,-1.1771784423453169
817198,8.462067947568935,-1.2249157782738438
817499,7.58578733962887,-1.0439850748618298
817798,8.072698040166156,-1.2844477525660607
818099,7.068941460105722,-1.1204323051387317
818399,13.815817090768292,-0.9927870149325511
818698,6.752018427186741,-0.8265609367685638
818999,6.835732915267759,-0.9489640268087514
819298,7.932152122295126,-0.8873886490407032
819599,6.094832485520325,-0.8407547331993852
819898,7.576986286469149,-1.0965889200852716
820199,9.401486765200628,-0.8309339038658718
820498,9.97588500364276,-0.80689567777809
820799,7.246102820501556,-0.9370387444863142
821099,31.34446071173559,-0.718569781452248
821398,20.987875320989218,-0.7672791472591631
821699,37.53706815525183,-0.630005035846156
821998,6.778880381980818,-0.6257462934050597
822299,6.676979292568685,-0.5712664012522253
822598,7.923813829631186,-0.5574284094692845
822899,8.346967434853408,-0.5461092360943303
823198,13.649977654095801,-0.60506007619915
823499,14.991121868917459,-0.43867630778621325
823799,30.48368309416832,-0.5910315595837805
824098,31.835079721432393,-0.5437607251303598
824399,22.07967187895988,-0.6206364455015649
824698,19.856815121239972,-0.5417347524897667
824999,18.34255336025155,-0.5259688022354301
825298,20.238728715073304,-0.5932083238690107
825599,21.33765592733488,-0.5808544041953836
825898,57.73304903891393,-0.6968983230767445
826199,72.68271109196043,-0.6923369112777606
826499,62.66466797874052,-0.653280676834257
826798,103.12934862216876,-0.6517061347490514
827099,115.82133438726136,-0.46808346057620365
827398,132.10773540827986,-0.5481077222693389
827699,104.87126495790949,-0.5627958873232324
827998,120.16263523568728,-0.522512546848642
828299,100.23784971001598,-0.6154425615370729
828598,83.12048735716394,-0.5153618747556838
828899,104.82236877966395,-0.6159797631680817
829199,73.08710674521487,-0.5649532258360306
829498,32.12737261645048,-0.5415304172390549
829799,57.7900024788139,-0.7010453968035957
830098,56.08560866581158,-0.6172495313703172
830399,69.41034330601528,-0.5044968861353236
830698,59.78273846864954,-0.5405584450557022
830999,63.606776953989815,-0.5800418541018553
831298,71.3137868932838,-0.4762894931112973
831599,54.32309049630001,-0.563748798939046
831899,66.47896156952967,-0.5426218074350178
832198,49.59270886668709,-0.6278985360601623
832499,45.180897957677324,-0.6453255604104184
832798,51.586190655242646,-0.5511614239155356
833099,49.01766343495741,-0.5661896012912322
833398,32.47013146919097,-0.48741676205410833
835799,11.600220692121688,-0.5340536793168504
836098,13.398375617032372,-0.37024290800114
836399,11.620351603573676,-0.34441770503734404
836698,11.267006561770433,-0.425350996436096
836999,10.019199275075989,-0.41867957157083224
837299,8.815271336603764,-0.44396203449592164
837598,8.577060376288319,-0.5166465270231491
837899,9.492299102156743,-0.5723510289541209
838198,7.91414562400128,-0.7420220722349711
838499,7.235042045469243,-0.7891369013777325
838798,7.144089610839615,-0.8096178312276876
839099,7.3604257158882245,-0.8670168467151473
839398,7.255410729214613,-0.8529125148640071
839699,7.470502645024799,-0.8548163526717207
839999,7.485657779876651,-0.8766450446094125
840298,7.553816593071095,-0.8772210537610814
840599,7.657715634587299,-0.9093024188982703
840898,7.931157326291002,-0.9124406638500613
841199,8.087210512677578,-0.8804937289952395
841498,7.905114544369706,-0.8376492068648185
841799,8.18842095993452,-0.829753414617737
842098,10.678368869274799,-0.5315620941732719
842399,9.152452847253965,-0.628197946029605
842699,8.735664465605817,-0.7155301129485563
842998,13.725222348902111,-0.5011251191155388
843299,9.834628570497022,-0.7013963944135182
843899,0.6784967853546917,-1.2492809516554786
844198,1.0048245059565435,-0.2877695888044032
844499,10.673076212001915,-0.6598700936390947
844798,10.80825078274202,-0.605677384172191
845099,10.953313752012853,-0.6045042429709342
845399,11.178922306709612,-0.5607543803405239
845698,12.066528250536003,-0.5730202901212362
845999,21.41085149406868,-0.44329854071378416
846298,25.76145982272377,-0.25843821966572733
846599,38.64495884123328,-0.243363533839005
846898,62.06711074027223,-0.2817069127354206
847199,73.15074788180695,-0.28608238224323057
847498,1.8911825590299667,-0.2015653585258661
848998,8.735798715066707,-0.41761111479888813
858298,21.097363955932348,-0.6536264863074475
858599,12.123167120138378,-1.216020403310564
858899,25.04240625565226,-0.852379740314875
859198,21.32790004721014,-0.8683186941699244
859798,0.5049248187973228,-0.1471268888401558
860398,0.673982229255119,-0.8094893405087575
860699,0.7232073844089871,-0.7992542292087303
861599,0.6551862011290421,-0.7072006249818417
861898,24.739883558099127,-1.573573963752036
862199,18.17253082130301,-1.656133989021023
862498,14.67241624408782,-1.332321270047799
862799,1.5262218827166427,-0.6710947336755988
863098,0.82043374137321,-0.8298408858478556
863399,23.28356653989304,-1.1757162904784546
877799,7.312355920163687,-0.8917399445971976
878098,9.032659273334888,-0.9573473521015887
878399,8.602907925216833,-0.9098125294406265
878698,8.96800027943878,-0.929202349920732
878999,8.64821504797378,-0.8801679800609536
879298,8.43549822952239,-0.7924635717781185
879599,8.367888145163594,-0.8291460294327202
879898,8.646028739955261,-0.8680133393973641
880199,7.796710772369888,-1.0213762418629235
880499,6.367377065318781,-1.008653978248533
880798,6.882826089869706,-1.0160799177724615
881099,6.2570190052609105,-0.9827672205463327
881398,6.771780010418222,-0.9807504593139116
881699,7.792222306476187,-0.8849651236844369
881998,11.392845306296218,-0.5909663164278038
882299,5.883252931043317,-1.0116384590617051
882598,5.929606751649798,-1.0282439106440568
882899,6.048558827277114,-0.9706210844067751
883199,6.035111394492391,-0.9526368432003336
883498,6.827081610082574,-1.0143904571967828
883799,9.246699556756369,-0.9208512521608574
884098,11.05303222406637,-0.5311044037996444
884399,6.6160822786150755,-1.0175952166062583
884698,9.791228135270075,-0.6557785356054298
884999,8.986337310348873,-0.5993386500553686
885298,8.962396003763224,-0.5892914678928833
885599,9.064304356756463,-0.5302305507358911
885899,8.919537280712298,-0.5881412139915858
886198,9.075344749378965,-0.654128493396122
886499,8.991947782346557,-0.7201723288659498
886798,9.271909541047947,-0.6670231342045132
887099,9.462544646749336,-0.6945347601641743
887398,9.349105604307207,-0.6386158921731222
887699,9.60777025053628,-0.7539923816706642
887998,10.279090891277018,-0.6471628643771501
888299,11.608406717182362,-0.6515492603656754
888599,14.156099496091928,-0.5299874470974808
888898,8.927906660890445,-0.8667742412858581
889199,8.36551177970767,-0.826186210799807
889498,9.288759689663687,-0.6078712624486566
889799,9.509343189906744,-0.5834404071624812
890098,9.878770625362668,-0.6482609238956243
890399,10.198987299376554,-0.5684106662077624
890698,10.645300934608036,-0.6285103179470353
890999,11.698102206114982,-0.7682668639720904
891299,11.295709322233037,-0.6810182496527855
891598,10.047666392536279,-0.5733937810171166
891899,13.423238872082562,-0.6765218159944659
892198,10.926975726980722,-1.0130350388007585
892499,11.919316857976092,-1.021677187463951
892798,12.175927243015446,-0.960145058453372
893099,13.703392187492287,-0.913903961137527
893398,12.165454065341825,-0.9047412232708549
893699,10.718035551612656,-0.9507986129159982
893999,12.926739407362257,-0.8957173604946274
894298,12.532152753619602,-0.8346461060431212
894599,10.083329945654324,-0.8464911701116298
894898,9.901028200925156,-0.8129637186997569
895199,9.53924712412424,-0.8628666028976171
895498,10.474220426353407,-0.8595075712530313
895799,11.796297461260814,-0.8110347234150643
896098,11.939491541089508,-0.8401795945029944
896399,12.89591073906637,-0.8952492253835982
896699,13.155138721457813,-0.7089255429277173
896998,11.062297895735353,-0.9173412435838264
897299,15.563374869767749,-0.9015765520701577
897598,14.026597260172844,-0.8670911174082216
897899,16.044092403800157,-0.763234538463273
898198,16.32927750708911,-0.7926431230878115
898499,13.487589154040906,-0.7360743573355577
898798,44.51455485094421,-0.5061636023803289
899099,57.81364893180532,-0.6258520256761706
899399,37.665310557024235,-0.5184616038793808
902398,4.077274462598587,-0.8731701694969336
902699,13.061859735231641,-0.8645158165404179
902998,21.679858745972,-0.8568765176603861
903299,26.176278049240516,-1.0169913432086695
903598,12.275795757339768,-0.8393556725476603
903899,11.770565853735603,-1.0400373625398878
904198,10.013140487930047,-1.0529952594119254
904499,9.96339563363838,-0.9800974893689975
904799,10.458349510048102,-0.9024638444418327
905098,7.820597449992544,-1.266676864513054
905399,11.777573849457825,-0.9299413616522298
905698,12.106536324761061,-0.9617377903970385
905999,9.262614319233286,-1.1773494201942394
906298,10.865499404126805,-1.1307566775890594
906599,10.154845860365233,-1.234188506456765
906898,13.635607513138376,-0.8865227976941645
907199,12.900006469399953,-1.0792881850893727
907499,11.556495975335139,-1.0562984573102985
907798,14.866597236318922,-1.0881214471667406
908099,13.266167961518011,-1.0867059520691487
908398,22.816210473358275,-0.79575900578379
908699,41.03895649839328,-0.7629576102964135
908998,13.988566748386063,-0.7444460682518561
909299,8.97486384619625,-1.2348244317652757
909598,10.121845878761064,-1.1043210487885617
909899,24.59690299010133,-0.48446803811651407
910199,6.890702568684182,-0.947469634636978
910498,12.60705118894162,-0.8425484564643577
910799,8.321107197217081,-1.1524798187123082
911098,13.738347194105971,-1.1287038657134993
911399,23.73177122216412,-1.0478254085595866
911698,30.336632057904872,-1.3652919594149844
911999,7.796675886906897,-0.8656245400028544
912298,7.9303508772564335,-0.8298305174760321
912599,8.111873133330507,-0.7524126872612757
912899,8.642806114483285,-0.6366656969720736
913198,9.835376029872174,-0.5472348282509547
913499,10.755059134386064,-0.4958856378816121
913798,10.054885516867545,-0.5385506992734563
914099,9.02807182209903,-0.41638280527415716
914398,9.013040785293471,-0.36631115194214536
914699,9.767385755078195,-0.3733824199429092
914998,11.039607022987918,-0.3670625340824989
915299,11.222269608793473,-0.35958364742435034
915599,11.667651115126805,-0.3474506151419203
915898,12.265445589161528,-0.35910182413151426
916199,13.08698809402727,-0.3537634413151287
916498,11.064067652483285,-0.3020451739011716
916799,11.693019179615229,-0.3459249194490579
917098,12.29920258865227,-0.3427461494722044
917399,12.562310604784214,-0.33968268977219496
917698,13.19589928520551,-0.33777966848041463
917999,13.327082885180047,-0.3276980095282529
918299,14.062191822409211,-0.33405690251254594
918598,16.60913151330736,-0.2860122880811884
918899,16.636716867228657,-0.2890936904816348
919198,18.878833542726344,-0.6958095365823271
919499,15.293594804277271,-0.49760581704972884
919798,17.153495382163847,-0.5939094425577227
920099,17.216457313281897,-0.5728883780264549
920398,18.132688473374493,-0.5101590117284838
920699,18.41400768871014,-0.4340228287920893
920999,23.373625432726342,-0.5716624843023421
921298,21.44412649664301,-0.6581337642403464
921599,20.79376931383051,-0.502277880600752
921898,23.76904488962218,-0.587118335914977
922199,0.8988601212290406,-0.3933087794946628
922498,14.732298461281646,-0.5771087553921272
922799,3.9277602791382558,-0.5444029227994003
923098,1.5820501830606744,-0.528277198431728
926099,50.70132855210869,-0.25566566427100046
926399,57.62706750554227,-0.20330878426039733
926698,4.932055731454372,-0.7672123637191663
926999,5.775313370035907,-0.6575048395193173
927298,6.397976662135444,-0.7426491224135372
927599,6.097968637517389,-0.6700339401298301
927898,6.627734085575259,-0.8881806815916125
928199,6.443124704887759,-0.7693603123234016
928498,6.767348773167851,-0.8984682907400838
928799,6.62778442775813,-0.944178175856101
929099,6.719074052174795,-0.9920022485719842
929398,6.910936258126186,-0.9642946960430114
929699,7.016713462276648,-0.9602568434267944
929998,20.015368167735883,-0.3471662618205069
930299,6.894762152663223,-1.0149311156213012
930598,7.350124413899705,-1.0225497813202353
930899,7.463115791145075,-0.9832546655862495
931198,8.101403858533963,-0.9994330807715621
931499,8.152530891182113,-1.027390199694986
931799,9.227895229765695,-0.980125098283384
932098,8.635823782883499,-1.0238091898582402
932399,8.352347768832203,-1.0037181461899323
932698,8.005709566473406,-1.0085232966577675
932999,8.237693717049796,-1.0377495310016833
933298,8.809949233776647,-0.9819349628612737
933599,8.608101192464147,-1.006006618744208
933898,8.647407492427481,-0.9660777574734876
934199,8.724515861212204,-0.9144367210636601
934499,8.95860721000387,-0.8334352414403055
934798,9.387841021735351,-0.8288206068105486
935099,10.070022103237669,-0.7846402651876887
935398,10.240754658089767,-0.7508379368062261
935699,10.555884625617544,-0.6827481663307
935998,11.305925313943685,-0.6713959941644871
936299,11.9035648522981,-0.693862614838151
936598,12.538207678467082,-0.6577670669556879
936899,13.646513792520324,-0.6829583119646647
937199,14.174983760383752,-0.688898454964028
937498,29.789523634529683,-0.6142935308945727
937799,13.303484071955507,-0.865502826807357
938098,32.191076941021976,-0.4048280284604422
938399,39.67691029339723,-0.49300502835018767
938698,46.71958753566574,-0.5630176295990199
938999,36.68498301974923,-0.5392774481365548
945899,7.957256605564303,-1.2061157379220897
946198,7.756774418501806,-1.0639055585747301
946499,6.265898094862916,-0.8936779646707049
946798,6.005688962143009,-0.8624063675922238
947099,7.512912804281831,-0.9395271377601848
947398,7.980279927728656,-1.025155259949973
947699,6.103559927726343,-0.7147164948027853
947999,6.691503052476342,-0.8434980515519506
948298,13.845476680235603,-1.0637735695045119
948599,25.868134198680035,-0.8247893796863941
948898,27.615217114893,-0.7991445004019173
949199,20.08904097783745,-0.9247662227673854
949498,12.725252969652267,-0.9291680327219407
949799,1.4015609640838225,-0.39661830064161174
950098,11.551520097865263,-1.0505332510023884
950998,16.78082369395781,-1.2440936326125822
951299,8.434901300541155,-0.7670579689981227
951598,7.6844147263862475,-0.9922619669507946
951899,13.167940529990224,-0.4352665168357581
952198,10.08030492257562,-0.4870330347051339
952499,2.1846015290930816,-0.40401570555803
952798,5.392904688445534,-0.7222224260049517
953099,1.2705646383769476,-0.6142946455995513
965399,13.889378261197841,-0.5468163393672185
965698,21.23640415412152,-0.686606909998106
965999,6.188230459672852,-0.5921522255278704
966298,7.109333142188684,-0.6061173815757637
966599,6.557369768522388,-0.5371155212198049
966899,7.623882621050167,-0.7270023710090394
967198,8.057599050807111,-0.726818172367605
967499,7.995409265684676,-0.6505259686876768
967798,8.085678091376804,-0.686716015490977
968099,8.083634326124491,-0.5744044733601676
968398,7.6503749318788685,-0.5601637207938239
968699,7.459960225059676,-0.5608122302233225
968998,7.758895185427729,-0.5140903687110132
969299,7.730479925418471,-0.5028320702280042
969599,9.671606875770259,-0.8942495633234235
969898,6.654169746661527,-0.5850764398364454
970199,7.715275072865231,-0.7898382439336229
970498,7.260165383256186,-0.6683412629245891
970799,6.408809009978408,-0.5801730419116062
971098,7.143496439099026,-0.630499898987195
971399,7.114984222712205,-0.6142446031031523
971698,6.682784992788593,-0.5778099813304227
971999,6.973063565133501,-0.8603613858691364
972299,6.847321363552731,-0.5526016414536978
972598,7.093554389064305,-0.590288072143003
972899,6.7254110618927605,-0.5893203083240515
973198,7.0052109532356015,-0.564971398459956
973499,7.228220872099028,-0.5494038737004154
973798,7.633674952818936,-0.6718095381697011
974099,7.689722771784214,-0.5813394334073916
974398,7.464950395830259,-0.9451091073398357
974699,6.213626525304797,-0.9333713881257775
974999,8.187301385897573,-1.0735390735475252
975298,7.267071366703194,-0.8975315226869436
975599,7.446995702254118,-0.9290253130881092
975898,7.703939474980972,-0.9280402311544356
976199,8.110154388726343,-0.9610587458218955
976498,8.336565797034213,-0.9136746224672656
976799,7.980391266807359,-0.9058700083246056
977098,8.208454881247176,-0.834596766400161
977399,8.226028649932362,-0.8167213746232909
977699,13.714582964490221,-0.8291940046296917
977998,27.018188941274953,-0.3607789479636001
978299,19.420884619599022,-0.5066870370145031
978598,73.10059331056671,-0.3520092272595956
978899,27.724113907874482,-0.45659469168822464
979198,9.479308312545786,-0.7907670019655475
979499,8.516580737212454,-0.8688053719933133
979798,8.826515632460138,-0.845999574794241
980099,9.345496090122175,-0.8598825711173661
980399,9.607983743890696,-0.8676618606690369
980698,10.15197002115458,-0.8651922140814934
980999,10.799854606457822,-0.8661161082582873
981298,11.162250099105972,-0.8420958267806566
981599,11.786691225402269,-0.8343733258964872
981898,12.468260253520324,-0.8054396288630519
982199,12.145043218647638,-0.7876555456454459
982498,12.050838762397639,-0.7791787840438604
982799,12.158991209180046,-0.7479054443619668
983099,24.40376315723801,-0.5522616527404924
983398,10.81225200217772,-0.789395972556169
983699,10.370896499691609,-0.831632630876024
983998,11.286435937219387,-0.8585185114271248
984299,11.910333791971702,-0.7561830907283713
984598,13.011576005006434,-0.7173844715226605
984899,13.294718940821248,-0.6849790287331807
985198,14.135230680457823,-0.6612010526964316
985499,14.889165646689305,-0.6111212495602654
985799,15.413892403307361,-0.6643479046185896
986098,16.11501866271477,-0.663552795304158
986399,17.285089430198568,-0.6401026436285226
986698,19.789654163379108,-0.6788993193385706
986999,20.995331606881432,-0.6226813720865083
987298,19.726337897714764,-0.612459241015
987599,18.863263677059674,-0.519669699524423
987898,29.96794811030996,-0.6600466151379378
988199,40.30512425064098,-0.7074271645375652
988499,40.941243484367824,-0.7377005048513243
988798,30.34157204471505,-0.7710836601427389
989099,1.2915515854241004,-0.7377772318246818
992698,20.35385483481209,-1.3009104414535235
992999,18.18709312656621,-1.1911046492833113
993298,12.688398100814306,-0.8597371777405689
993599,23.503837996957813,-0.9386037188906386
993899,13.306637119279582,-0.9491502463556525
994198,13.83335409527495,-0.8835653712409548
994499,18.544764191351334,-1.034022965413698
994798,15.274806347406885,-0.8989632975302917
995099,13.67519142864763,-1.0025707224180378
995398,12.84650645033513,-0.844501142466181
995699,15.596366584372166,-0.9643682835389384
995998,12.370996067592081,-0.975437585429533
996299,11.342770184207822,-0.9568258624146089
996599,11.264465456948566,-1.0623912660208976
996898,10.441401903453194,-0.8919457381046021
997199,8.129090029571095,-0.9008392903892004
997498,12.498150698207816,-0.8754654981416552
997799,17.52424157332124,-1.0906089799495695
998098,17.53976081533514,-1.0844469571343334
998399,15.500451132626795,-0.848841140338656
998698,19.77266765182587,-0.9414668712948557
998999,30.46224421806622,-1.2888368400102999
999299,5.101845982208328,-1.1715934625714741
999598,13.449692634895314,-0.8509336898288598
999899,34.18982300968959,-0.7731611462410473
1000198,20.414247073934447,-1.0594951763108558
1000499,27.398400093091674,-1.0351445552972631
1000798,13.12507389788837,-0.6337252156078836
1001099,24.879577918719495,-0.8299792458528368
1001398,21.316058498983278,-0.7508836522883202
1001699,27.798272618987504,-0.6862093219876986
1001999,36.59589740937227,-0.8682020352214084
1002298,4.123999862274766,-0.6991723312155156
1002599,20.55961494349952,-0.875270052086661
1002898,4.5552849036940675,-0.7007669750574237
1003199,2.866238340815349,-0.7007861141028209
1003799,16.63451604319628,-0.6923554504191385
1004098,25.653172307866257,-0.7151305685278859
1005299,30.305151646265287,-0.8376537927873267
1005598,31.880546207800005,-0.6238674860816891
1005899,23.545879009721702,-0.7096652211245664
1006198,18.818823058096704,-0.48935919956053797
1006499,20.52492274321013,-0.5279902565450221
1006798,19.354862850548106,-0.5486072459439193
1007099,21.323090191346697,-0.5066808285385234
1007399,20.888197181168472,-0.46307303663235544
1007698,61.88785603279374,-0.4214170669124362
1007999,23.72679501111783,-0.6104798346979439
1008298,48.31756111070811,-0.5376556269607069
1008599,18.482907679096712,-0.4348358011940481
1008898,18.676977959057353,-0.5966613648671224
1009199,33.498578544518296,-0.5114801528618573
1009498,32.66869098021968,-0.5600984880718136
1009799,56.90875735142801,-0.5169087727862502
1010099,38.89798572503913,-0.5853313958613853
1010398,7.05280941009056,-0.5304017211689589
1019399,5.877085808835069,-0.4737045379069311
1019999,7.94024961914764,-0.7307918675387279
1020298,8.160340703122175,-0.6794443640944614
1020599,8.12821817056199,-0.6745162485216045
1020899,8.415272965268008,-0.7091034683502109
1021198,9.106364805138377,-0.8006558321468824
1021499,8.238488166101341,-0.7449032606207937
1021798,8.794747833492545,-0.834201457243912
1022099,8.92895589252727,-0.7287626119426827
1022398,9.236845910492548,-0.7954613661572465
1022699,9.614817659895326,-0.8293520061751636
1022998,10.064739808235602,-0.8346179829634786
1023299,10.455278796705507,-0.8408807610943905
1023599,10.623629817781897,-0.8516445696560591
1023898,11.667442166092084,-0.9295936110445582
1024199,12.2700557508444,-0.9089406295468454
1024498,11.876637041758748,-0.8074474633515112
1024799,11.975665332608287,-0.8681846811716654
1025098,12.397117872872174,-0.8557884576639272
1025399,12.419977971136065,-0.819446101671496
1025698,21.664231579110194,-0.8559037538000784
1025999,18.705051375342077,-0.7652466036635255
1026299,15.663988963108288,-0.8186441651822918
1026598,17.825722584865222,-0.7839622465814136
1026899,19.768504795024946,-0.8607468159451925
1027198,28.565540626693533,-0.4156377941343856
1027499,34.87340700324959,-0.3841339273839992
1027798,47.00756515761551,-0.3331653826216914
1028099,29.546087007508845,-0.5010025665421294
1028398,37.443230005133856,-0.4301591482277465
1028699,20.980735077705503,-0.5569620038766792
1028999,26.36122706298056,-0.5080958485466067
1029298,26.854817272904576,-0.5288624883844375
1029599,79.72837086471505,-0.6643034072302123
1029898,11.154328229378347,-0.6401985750646304
1030199,11.338456789606088,-0.6283908383575529
1030498,41.45194546335325,-0.6284648379365936
1030799,63.06663578489762,-0.9820330049236126
1034999,1.4647322049804108,-0.6599440946614183
1035298,28.87187966482819,-0.7215697827288152
1035599,21.47429775653883,-0.7913098356745727
1035898,10.954093855957824,-1.0189444042589715
1036199,11.39907692868699,-0.8284929596391994
1036498,9.49318492839301,-0.7928190140293871
1036799,9.120644772214769,-0.9464031249538851
1037099,9.451984073772639,-1.0477939318045202
1037398,8.84687512871477,-0.9774370058564308
1037699,9.71469641808745,-0.9080729351900241
1037998,10.576937386214768,-0.9988466472792483
1038299,9.72033569094162,-0.8251062197717476
1038598,11.789382560980972,-0.9170446672590109
1038899,19.766250352048093,-1.0212017922942844
1039198,13.800662569568935,-0.9032407434909933
1039499,32.61991551110133,-1.197360058940541
1039799,41.225403887251794,-1.0818611380218641
1040098,20.438489679733273,-0.8525683711476102
1040399,33.58176037830764,-0.9704604350247699
1040698,15.085583066198735,-0.7667864582510395
1040999,16.007579713235604,-0.9040025608563176
1041298,21.55209292686291,-0.5990337819305278
1041599,10.889136972050416,-0.6952180847403959
1041898,29.659706407078186,-1.0312779595262733
1042199,13.509708002809678,-0.7223849670646707
1042499,26.347197882508752,-0.8853444774119488
1042798,12.32549812289764,-0.6252169491827717
1043099,21.990089979036814,-0.6619250879148411
1043398,11.336569158772637,-0.6053566628720741
1043699,10.88457186026801,-0.5391252516875005
1043998,11.249646742610603,-0.5511837035585712
1044299,12.831088630112918,-0.511899423022026
1044598,12.550575881085141,-0.5819975337815435
1044899,21.992295140106258,-0.8410285432796336
1045199,15.025754819061993,-0.5314768504350649
1045498,15.791047133427734,-0.4944034976827347
1045799,15.845503995235605,-0.448878758300308
1046098,15.637213178230972,-0.430751480541947
1046399,16.15538198168236,-0.4464622807964991
1046698,16.37490002347171,-0.433154131667169
1046999,17.064667153314307,-0.4224456859091248
1047298,17.55351901362218,-0.40045599335848636
1047599,17.63528395533977,-0.38483581938184974
1047899,18.2755757673444,-0.3880093245224663
1048198,17.936223427886063,-0.402205723111148
1048499,18.4484382411106,-0.39388195646833
1048798,18.566562949075877,-0.416806807337726
1049099,19.105939818214768,-0.40542237156301364
1049398,18.345717539520322,-0.40731720685410133
1049699,18.158118523045786,-0.4076393832198042
1049998,17.564010394383754,-0.39096527093704725
1050299,18.6846151378606,-0.3968096715992848
1050599,18.197089721839767,-0.4014589039670111
1050898,18.717938970499493,-0.3956864284159902
1051199,19.411963808721715,-0.39350125171306716
1051498,19.55425771450875,-0.3678323639888419
1051799,19.3205630530319,-0.38947943506812654
1052098,19.946052492860602,-0.4341093688526434
1052399,20.44412840556894,-0.4380628887658198
1052698,19.76030466756199,-0.4221010797582645
1052999,19.95047358461754,-0.4305278397485841
1053299,23.292586314830505,-0.5048912164600485
1053598,19.061821541936993,-0.4694367550278289
1053899,13.373671352649954,-0.5660305898538811
1054198,16.09826744624023,-0.5287106190963791
1054499,16.349763185798103,-0.4981815160782448
1054798,15.576444822061989,-0.4766994132744282
1055099,16.476535892184675,-0.48993939557313726
1055398,13.933060159298101,-0.5144746945139302
1055699,16.706468924214768,-0.5727231352159647
1055999,15.872204937409212,-0.5203998024441379
1056298,15.859677687321254,-0.5099080387481356
1056599,15.222314124939308,-0.45787713972874355
1056898,14.47149899276338,-0.4483389321651232
1057199,12.680207108413844,-0.606904835053675
1057498,13.450637395034214,-0.608516228859826
1057799,14.227569751534212,-0.6795538177258966
1058098,13.230253484497176,-0.5039151331369316
1058399,12.113724890717084,-0.518577931133889
1058699,9.912317397078194,-0.6017498897742919
1058998,10.283990711987915,-0.4977506551918176
1059299,8.90039290235366,-0.6127255666701987
1059598,9.657553938953194,-0.4630515370959378
1059899,9.942838759397638,-0.4605679798351199
1060198,10.532323801983283,-0.8019149231021532
1060499,9.498935577726343,-0.47795928644345187
1060798,10.09885482970088,-0.4988554723542591
1061099,7.62185816713313,-0.5483454233870713
1061399,11.104188414957825,-0.6320997060503588
1061698,10.398495376462455,-0.7394888128664459
1061999,9.985992711478657,-0.6005160443731667
1062298,9.808919009821247,-0.677087443646232
1062599,10.341827554791157,-0.861446077878264
1062898,10.375967720837227,-0.9637052105391952
1063199,10.692986278240232,-0.9537339609428601
1063498,11.102094987210128,-0.9539526612403932
1063799,9.18764888288375,-0.697643598109833
1064099,10.286228491876805,-0.7966665410465139
1064398,9.917587687906897,-0.6860947863642124
1064699,9.813299040279585,-0.6512767581398216
1064998,9.87857141216384,-0.7362052292982322
1065299,9.231975474418471,-0.6492119307299451
1065598,9.701091241497176,-0.6124244822431533
1065899,10.10165345450875,-0.529368052219477
1066198,12.080790165351342,-0.5602314611373838
1066499,12.368779515309676,-0.6527007260111797
1066799,21.795257292763367,-0.5629613645472495
1067098,11.451941113038842,-0.599162473960474
1067399,12.193669312774954,-0.6174527136917145
1067698,12.122243760684675,-0.6062685867921587
1067999,13.212231494207824,-0.5469657252709537
1068298,12.522213953661527,-0.5627771939674462
1068599,12.781150758511068,-0.5547428270825516
1068898,17.550926567029578,-0.44412685034393395
1069199,13.862449691918473,-0.5676121138935457
1069499,21.333082003485604,-0.37699860561840715
1069798,16.53078219208514,-0.47762989518690824
1070099,17.758932890865236,-0.5096258514107652
1070398,20.327589801643008,-0.4225329958868489
1070699,17.39771087132356,-0.5246185048250311
1070998,20.19372316727726,-0.48212083376860027
1071299,19.32941333109439,-0.515762902759092
1071598,27.045962891511053,-0.44761565049181096
1071899,19.71383432838374,-0.5228372579762879
1072199,135.84515877915254,-0.25186405298833114
1072498,96.17564588604074,-0.21704290673541848
1072799,55.604386609705095,-0.35487493713036766
1073098,72.46972417819636,-0.3314526523625334
1073399,94.16020442281898,-0.22661290037878312
1073698,33.67498641845319,-0.28265849789686825
1073999,42.32161948229306,-0.25399533004091746
1074298,72.24440997841876,-0.2643927728194271
1074599,51.07382854373256,-0.25515845962520634
1074899,35.22083633728117,-0.26136923618038654
1084199,38.37516013088172,-1.0188757226602791
1084498,22.20660790861714,-0.9386897500886047
1084799,34.15480979825834,-1.0044759967673835
1085098,24.565423279041145,-0.9622040161110497
1085399,17.49771560538837,-1.286887191031255
1085699,18.84776721115226,-1.2401481897352213
1085998,22.231138247751794,-0.9043606413946745
1086299,17.538246468395315,-1.1333995044284286
1086598,16.567899937675406,-0.9557917002934666
1086899,18.313460514219386,-1.0804155514053053
1087198,21.82900327954114,-1.0182971911333683
1087499,16.676666143279757,-1.1660643807564295
1087798,20.184029619230966,-1.0000214734711217
1088099,18.551193391101336,-1.0240256387053281
1088399,20.742563250006427,-1.1601791995266701
1088698,22.47666216796013,-1.229059086156743
1088999,24.45535975685133,-1.0726855724197226
1089298,19.2995827150805,-1.2077257667229087
1089599,14.854682927196238,-1.2270559095830529
1089898,20.729565577270314,-0.984919738352354
1090799,21.27543902982135,-0.8546628597216623
1091398,4.453705416706914,-0.9487144661825033
1112998,21.956130045034215,-0.7223357741482543
1113299,20.620167946622175,-0.7193741785832872
1113598,19.33915396018005,-0.7110462272358105
1113899,32.31311263193195,-0.9376264579119613
1114198,21.97497636791847,-0.687159220798415
1114499,22.00874616976338,-0.6793944036254875
1114798,31.06979720116615,-0.6754605373671081
1115099,57.4352669437544,-0.6381855349145287
1115399,80.59162501918496,-0.5436111727033917
1115698,1.4034055001200034,-0.5586170361509442
1115999,7.544754137734283,-0.3465461217112169
1116298,17.712648443680322,-0.3817676425355294
1116599,13.071889854087486,-0.4868448047259484
1124998,32.17316004327726,-0.8015881664906443
1125299,56.79074056157818,-0.9353996141276135
1125598,28.476484533277258,-0.9539480346024694
1125899,29.749166643842077,-0.9976296418799928
1126199,22.398767918948558,-0.8572957703504951
1126498,13.812986630700879,-0.8603378279782876
1126799,21.804982494980962,-1.1895724492621578
1127098,9.974755034316619,-0.6789919783139042
1127399,10.242949615802733,-0.6430697234575313
1127698,14.185281355448737,-0.8973264568504258
1127999,18.828090150881717,-0.7593674474951817
1128298,11.227641393629401,-0.9422058086772949
1128599,15.367956835254107,-0.9982910670407519
1128899,14.683615362374768,-0.7711812966360678
1129198,19.506452421793753,-1.0120701477536058
1129499,9.820588289025233,-0.9977152773265994
1129798,14.901037477448739,-1.0892524194808701
1130099,17.84687111369885,-0.8999633341834883
1130398,14.550232622988196,-1.0609475056606663
1130699,8.201550141436991,-0.9817995673283615
1130998,14.41547730118236,-1.0308999412885034
1131299,15.515902124078192,-0.9690287106959821
1131599,17.76376301969855,-1.0033763080473124
1131898,13.184496847883748,-0.9920871974296828
1132199,14.297250627994863,-0.9527930042912662
1132498,18.111598191458103,-0.9938518686884277
1132799,16.738613849794156,-1.053874390569434
1133098,19.456994475467255,-1.087251532704955
1133399,17.85387785859689,-1.0480444249698242
1133698,20.481359012717363,-1.0167709333747634
1133999,14.495599516914016,-1.0016097965814588
1134299,9.144716163708264,-0.9466193798720155
1134598,18.09282544327263,-1.085042510480645
1134899,28.085966208781887,-1.0986966031864025
1135198,15.488049158700882,-0.8266886543777834
1135499,16.08729564425412,-0.8507259489182222
1135798,16.49034671697866,-0.7614357671589513
1136099,15.943439040719397,-0.7850563781298945
1136398,16.2013370482819,-0.7292643522458397
1136699,19.367226361881436,-0.8065384299936078
1136999,21.24682850986523,-0.8301351972810349
1137298,15.9153444524069,-0.6809178341410831
1137599,17.040651924550417,-0.6539610476707878
1137898,17.054113757386062,-0.6724523462596848
1138199,18.06936061137681,-0.6604431929953696
1138498,18.626617106143005,-0.6573023213859583
1138799,18.469242374242548,-0.637107996862172
1139098,19.365966322624494,-0.5798552722260057
1139399,19.784749424369867,-0.5774600843800071
1139699,23.81770312705041,-0.7204388198390927
1139998,19.05372737730736,-0.5797600087793735
1140299,26.583802118543062,-0.5678298235749937
1140598,19.595997186684677,-0.525503171450532
1140899,33.16967596527495,-0.788324205429952
1141198,24.11391429005232,-0.6768763365367716
1141499,20.13652178081199,-0.5872749715468308
1141798,19.93117636768005,-0.5666300580022974
1142099,19.782028845471714,-0.5285258260739867
1142399,20.9363601106569,-0.5558443640730373
1142698,20.88044074937912,-0.6066451750776305
1142999,19.773367152717086,-0.6507566302012391
1143298,18.80346184258051,-0.5849874303200404
1143599,42.39475712580514,-0.6395702009029989
1143898,32.454190974816214,-0.8269602573004622
1144199,26.237420216858286,-0.7356347604819236
1144498,17.965143992492546,-0.5648758289838125
1144799,17.732597534770324,-0.6595436628772122
1145099,19.439618114064306,-0.6086616602428383
1145398,19.21876550536523,-0.5868645820648333
1145699,19.420753196788844,-0.535372794050516
1145998,22.90517609656662,-0.6246167305077746
1146299,19.198318333388375,-0.6984408230569754
1146598,19.33086921261522,-0.7642177112687407
1146899,14.716120181527268,-0.7289568601154746
1147198,16.55504481378884,-0.839677927699928
1147499,17.340025286856154,-0.8108146616545147
1147799,15.544819226339769,-0.7999476875763138
1148098,15.470555094055044,-0.7984424498633311
1148399,16.523686993823564,-0.8458387537124197
1148698,15.995607938478937,-0.8279360077500666
1148999,13.521243846423099,-0.9755594416271418
1149298,13.461471500700908,-0.5290372315794714
1149599,4.977068022068448,-0.7143444287959113
1149898,14.40591887786292,-0.9233418608249866
1150199,16.837983417163255,-0.26575446030395966
1150499,11.70555711369179,-1.037981402635583
1150798,13.835303311603658,-0.8040572843090987
1151099,15.806424592923102,-0.7281433612315682
1151398,15.25583703965227,-0.7515449969716148
1151699,14.750263138756432,-0.7068433180032638
1151998,15.57067642446477,-0.766834723941419
1152299,13.609882657020323,-0.8690110283369648
1152598,15.453658065386062,-0.7476194363612931
1152899,14.701857043161526,-0.837209141539031
1153199,12.973452468270322,-0.7273860281140934
1153498,22.448057391029586,-0.5897301137506752
1153799,23.616234670957816,-0.8381095865604522
1154098,23.836005091124484,-0.5612267732632856
1154399,14.417106543601083,-0.6966101265920446
1154698,66.56734112143016,-0.4623900743438174
1154999,41.182632889596306,-0.3298673925132709
1155298,15.129867946640697,-0.6566431356464972
1155599,16.380518717066618,-0.6196692924511218
1155899,17.39008248269856,-0.6973760435827787
1156198,16.52067017491153,-0.6838101926428921
1156499,20.264618946180033,-0.734859014231851
1156798,16.523398093467073,-0.8155120925787971
1157099,17.19978184451569,-0.8270973687876533
1157398,15.492582691154581,-0.7180756243999091
1157699,17.299510176034214,-0.6242835299541583
1157998,15.82519206344162,-0.7370754876413825
1158299,16.24448009214532,-0.5545614293312637
1158599,16.518022423800417,-0.6111975959235705
1158898,17.387039844087454,-0.8280286910871351
1159199,26.484653959783802,-0.9278909474204806
1159498,25.79269612016644,-0.9164982407392295
1159799,24.35807241530504,-0.9726007833380996
1160098,20.352245977955505,-0.8838925899459655
1160399,1.9558004434943226,-0.24734435861029214
1160698,60.85829269700441,-0.4653990869919282
1160999,4.073003572462703,-0.366958416685891
1161899,1.4814875526447624,-0.3654449949779226
1174198,14.764725687851332,-1.2980940117528084
1174499,25.072496124485596,-1.5410860227280092
1174799,9.882406528661518,-1.2605149446570394
1175098,12.799772557751794,-1.4229678406255282
1175399,26.473165513941616,-1.315288066359511
1175698,27.657179343689293,-1.2441096597966448
1175999,25.418645045501794,-1.267393075465702
1176298,25.30358360053189,-1.2934468832173902
1176599,24.728427529450865,-1.603252616038985
1176898,21.071949419295375,-1.6211549746877814
1177199,23.55057465244653,-1.5115092237934311
1177499,20.634507985033807,-1.3165051972085138
1177798,24.109547785050008,-1.2611050519953415
1178099,19.524560100635654,-1.166073104587658
1178398,22.533076144135656,-1.2783905329404992
1178699,6.9036391930169945,-0.9724362224792575
1178998,25.940873937103646,-1.2577204464389067
1179299,25.02332433735596,-1.2204295215324614
1179598,22.861861311466672,-1.0690228392230274
1179899,36.413031350397745,-1.0406850835478685
1180199,39.05762040037408,-1.6212542891105586
1180498,8.660876441268107,-1.216562021578791
