,rmse,skill
299,0.8202141646403226,-2.62888573900793
598,0.9371947117048703,-3.4360602004011183
899,0.9209681704778987,-3.903897689936821
1198,0.9991153143344594,-4.56353947104983
1499,1.0591451344548812,-4.351447284549982
1798,1.1455780739392165,-4.94897130998049
2099,5.214100679178308,-0.15328768601546083
2398,3.661383809870002,-0.28197723531608254
2699,2.5098889765553944,-0.3408440952521965
2999,1.3449383223116493,-6.407763127759287
3298,1.8979088153970258,-1.8930744320385662
3599,2.689553637297036,-0.8034699232915057
3898,1.533577038310787,-8.595450509005108
4199,4.257636309926122,-0.4833074437374647
4498,1.7140431809971675,-9.140238394552735
4799,1.659180943279377,-9.744035853754703
5098,,
5399,,
5699,,
5998,2.0785812033231803,-7.176233841922183
6299,1.8502232623033354,-8.941539615585471
6598,,
6899,,
7198,,
7499,,
7798,1.91090128982374,-9.501814997000245
8099,1.9070021619827802,-8.15519618540658
8399,1.8538798316922735,-9.61287015120638
8698,1.8313825675242004,-9.67584297036028
8999,,
9298,1.7589070372383206,-9.57990498944649
9599,1.5498000431296501,-6.903249301781657
9898,1.3583257473704293,-3.975653922861345
10199,1.1877224855341308,-3.0278101492489986
10498,1.10097743966716,-2.2336021179794177
10799,0.9016212081278197,-1.5567295299341604
11099,0.9179629262000911,-1.3910073111739574
11398,0.9273322653619586,-1.471848169787247
11699,1.0357141993093169,-1.4690910434775262
11998,1.0584899098108664,-1.555723494091112
12299,1.193806335574287,-1.5642474246320859
12598,1.2241279708142505,-1.497729975611207
12899,1.4126641523473247,-1.5063624480733284
13198,1.3423361296712746,-1.4701363429780847
13499,2.20313000480309,-1.315709027606891
13799,1.7360409015435847,-1.3767763376165347
14098,1.5217552061764124,-1.3965079578749053
14399,1.8022202624036154,-1.346480237685801
14698,1.806537098501212,-1.3340633112189657
14999,2.0833322913275927,-1.2777536975954358
15298,2.525343345258392,-1.1899411138226341
15599,2.4846004120924947,-1.2985104715209634
15898,2.5503379628220144,-1.2945986267254899
16199,2.288282446677891,-1.2598980507397308
16499,2.539936765115279,-1.216869337330329
16798,2.489852265988356,-1.142980528516771
17099,2.5351942016817706,-1.3192280811822892
17398,2.4330773097289384,-1.2072383663547854
17699,2.28837009817231,-1.1739634974818407
17998,2.2886197918833755,-1.2105723116387104
18299,1.9161723248342173,-1.2026104602038634
18598,1.9004269018151787,-1.2700583337140228
18899,1.9942595786630877,-1.2769749633867682
19199,1.7227033752351093,-1.2777861930812637
19498,1.575298828870791,-1.2690683015630566
19799,1.5102276874060516,-1.3947297377912147
20098,1.4258007084948217,-1.3983348028376503
20399,1.9360259654485814,-0.9262135848192112
20698,1.2242259016815842,-1.3463879765212985
20999,1.3958432478263638,-1.5450778664936475
21298,1.255444909688395,-1.5087231732831272
21599,1.2430563119231306,-1.5358716749900432
21899,1.2590041865107198,-1.5190741503523095
22198,1.2606882676045552,-1.5894707968448687
22499,1.1729128593071598,-1.421121248443673
22798,1.0720045893634238,-1.551009541503885
23099,1.1420748007381794,-1.468270173855534
23398,1.099129912556853,-1.5756198141618478
23699,1.2331963887216744,-1.535057574019691
23998,1.087540151852795,-1.561200888221904
24299,1.3558557666167568,-1.426266531395405
24599,1.14362681636252,-2.19422157258605
24898,1.2608080912137667,-2.3707174047795205
25199,1.2204129004711153,-2.6335884083751306
25498,1.2760462807884418,-2.676824259573467
25799,1.289891231277684,-2.952710954738789
26098,1.2908313690211755,-3.952179153065484
26399,1.3687142927278724,-3.530656826092092
26698,1.2591738028007415,-3.083057953311525
26999,1.1433359678099437,-2.7340753637002146
27299,1.1459280108192624,-2.8845095056086247
27598,1.235564933193971,-2.3793060436574796
27899,1.2789057346811268,-3.1075309433998894
28198,1.3560287938408282,-4.330800666043307
28499,1.5094661639779994,-5.672242706725819
28798,1.588644575879228,-8.803311842239241
29099,1.8539722940085877,-6.407300471688493
29398,1.9359726522302172,-9.183892272594779
29699,2.050331616874186,-9.341873186837791
29999,2.219179703947317,-9.137339271877279
30298,,
30599,,
30898,2.245521629596043,-9.883358971567691
31199,,
31498,1.954194519857123,-9.725265616743794
31799,,
32098,1.6044713644000865,-8.860661190675664
32399,1.452917984628237,-9.63539488691404
32699,1.3076358863906061,-4.955224437898091
32998,1.1422618734336127,-2.8554752974280597
33299,1.055803611458626,-2.3272478022728773
33598,1.5285266458591646,-0.9038121261708714
33899,1.043944913464493,-2.5434735252243197
34198,1.0808625804447134,-2.1013677009291816
34499,1.9738487859359668,-0.9467051492938554
34798,0.9565225876519369,-1.7820994228042348
35099,0.7623066073463988,-2.0202289934800928
35399,0.6968170030050423,-2.3941578631630787
35698,0.8652809030241241,-1.1295754477618658
35999,5.844720113850993,-0.2239590532181137
36298,2.5379243027806155,-0.5627996273558653
36599,1.7174430482461258,-0.6928280745296735
36898,0.6546897358158846,-2.757760237444308
37199,8.972575878865076,-0.3033580551194004
37498,0.905450751888589,-1.0356318335605894
37799,1.3557728556124065,-0.5397492317789827
38099,1.668694837192798,-0.29923884736457396
38398,0.8618882414034768,-1.1658057735640068
38699,0.7721358099148775,-2.125725888327876
38998,1.0495901835255619,-1.580276087575451
39299,98.07422367173348,-0.5088435846063897
39598,0.6776763544019426,-3.070996197963831
39899,0.6744142048397624,-2.4000794953714495
40198,0.631701849125796,-2.5995831491517105
40499,0.6858557098072371,-1.5382252147379432
40799,0.6364233463984647,-2.423574544144936
41098,0.7322287836535011,-2.763347856110948
41399,0.8195785935463693,-3.9152448851737587
41698,0.8902666122136639,-3.449650843820783
41999,0.88083715939787,-3.2436651444848934
42298,0.8236570652271152,-3.1632862362788394
42599,0.9651162002916771,-2.360978182289699
42898,0.854695840725143,-2.87051484386798
43199,0.8367179075667551,-2.880094723542293
43499,0.8297932975520064,-2.585070336030744
43798,0.7843488483536185,-2.583422098381242
44099,1.1433809001291206,-1.5465353281611942
44398,40.902350275605954,-0.18184418892041387
44699,0.7525309141101028,-2.5004685574463577
44998,0.9104064507258113,-3.5074288352557623
45299,0.7630601497849054,-2.8111223286377434
45598,0.7883819530215973,-3.260478705852984
45899,0.8324277028323325,-3.5197193751284246
46199,0.8695114652819433,-2.9440762827147795
46498,0.8727538970778173,-3.3149786176534146
46799,0.876689563461257,-3.0205824195885755
47098,0.8703911535209925,-3.030376202283576
47399,0.966769919934925,-4.399193871774245
47698,1.046769685638227,-4.6557137976922816
47999,1.037038492727337,-5.215277071820839
48298,1.3413704246455243,-1.4125636057972732
48599,1.1607731534469274,-3.948662220933688
48899,1.5458697188843165,-0.9421346197919536
49198,1.976081342599392,-1.3475040709069015
49499,1.5267566188466093,-2.2933120235516435
49798,2.122715574933844,-0.8805424624703153
50099,3.5806083057253204,-0.3977246888560242
50398,4.246981322000216,-0.33782992599233364
50699,6.753769791965909,-0.2466789288868012
50998,7.23197588457315,-0.2681811202222384
51299,9.574970355281259,-0.2104029140408037
51599,8.185529628447828,-0.24536178076254567
51898,4.538859419423601,-0.3778161101814599
52199,10.419858445784742,-0.256008595536781
52498,10.192605650394835,-0.26891058844146154
52799,11.876798258685001,-0.3532177123772062
53098,14.366859455255852,-0.35690280877063985
53399,10.643658466214758,-0.35330607803792224
53698,23.82648336298237,-0.3087375037658022
53999,42.491411840446034,-0.20197197316566395
54299,65.74824183227742,-0.26813967637225167
54598,89.6562308022673,-0.2179373536479905
55198,2.5747232984084643,-1.424137418555028
55499,2.9774087520873382,-1.1757748086129403
55798,78.44269092103305,-0.2600592972054061
56099,53.3956237607589,-0.2952307743511924
56398,24.32001032667757,-0.31976935495870484
56699,11.341303429851859,-0.5149553766811132
56999,30.648802342862098,-0.7507125550099982
57298,2.8079817326285754,-2.1596308228072716
57599,3.0146440536209576,-2.1011225090322427
57898,3.2597626449728745,-2.081104359786874
58199,3.2276695285265644,-2.050817696287896
58498,3.2116610073442025,-1.8084600394929757
58799,2.738498287740688,-1.490312810260007
59098,2.5257195787909996,-1.3093039145362853
59399,2.4947847838740205,-1.3998177301032273
59699,2.2776537388098106,-1.4349304734561548
59998,2.0136118579039053,-1.3645269010628924
60299,1.8311804198329957,-1.3800278926828944
60598,1.6833786162956619,-1.40443662880794
60899,1.4189087751708271,-1.367608853807945
61198,1.70447352935298,-2.309955382684166
61499,1.5466067342592542,-1.7226174730776265
61798,0.9811696691545744,-1.313755431310153
62099,1.1128912864517813,-1.7924507701182986
62399,0.8789104988587734,-1.1577595524199773
62698,3.807690392743254,-0.49743725663116534
62999,0.9462421145403188,-1.2401938559310985
63298,16.969225528587096,-0.4280876854946325
63599,3.484847911138088,-0.5312782103089271
63898,1.2205760104194274,-1.820921470960366
64199,1.1286855290424322,-2.071135035398805
64498,1.0279372532092474,-1.6460191949072218
64799,1.1212794423892458,-2.1061588038342443
65099,1.0636694620959277,-1.9175507536762084
65398,0.9773048398035503,-1.639929559513646
65699,0.9491500544385227,-1.5574805760387185
65998,0.9420669013126827,-1.618086153107266
66299,0.9359317448307078,-1.6450551662238748
66598,0.9195941972665782,-1.8458671109551825
66899,0.9464622285399665,-1.8847637916755575
67198,1.3900440059355201,-1.3271675755278314
67499,0.9102065204071975,-1.744023249166823
67799,0.9074112587825781,-1.821494176805858
68098,0.8944642239517895,-2.003398978250896
68399,0.8626279923771001,-2.002862024852456
68698,0.8261706927265764,-1.769068566300258
68999,0.9225233277642659,-1.5980144117311381
69298,0.9266415586750161,-1.6240104879621136
69599,0.9480434677346535,-1.945439085162103
69898,0.95112683885355,-1.7511772334605644
70199,0.9699813294408679,-1.908756616300348
70499,0.9831423738538816,-1.964363555689193
70798,2.798170761942443,-1.810699018487095
71099,1.0633363097565802,-1.945881139385076
71398,1.1135439771817415,-1.6977429202934688
71699,1.118111310975623,-1.800267399185469
71998,1.1587073179355891,-1.8189312929749843
72299,1.2388399673209172,-1.9483090831022234
72598,1.1506885453199862,-1.8915131056445778
72899,1.1474487432326752,-1.734261524961188
73199,1.1781312848800314,-1.6475977776664514
73498,3.347826614185866,-0.5190043710956624
73799,1.2712680799314466,-2.2936868806232398
74098,1.3431309159935916,-2.2524269318905654
74399,1.3721202746526675,-1.919407426452027
74698,1.4811173085924538,-1.8394340076929825
74999,1.5224062143848955,-2.122957019351461
75298,1.5790349392478262,-2.359977598101489
75599,1.6201954781625456,-2.230907146294424
75899,1.5867258601894472,-2.049930452487026
76198,1.4679541236153577,-2.869994238841818
76499,1.7073337694331163,-1.9383487548819032
76798,5.602601616573761,-0.22622826134115015
77099,2.58344090985973,-0.7354581384835843
77398,13.438366193601494,-0.25338298474528664
77699,3.093859393436748,-0.5293877489758976
77998,4.965637818904421,-0.27988412578849475
78299,3.5897965071085585,-0.473093671494782
78599,10.00209733818182,-0.20117833420383913
78898,21.60689722214667,-0.1975997605215467
79199,11.139626879640046,-0.20316170545732293
79498,47.277416146531976,-0.19144246874571968
79799,42.771298570583134,-0.1850297004481245
80098,47.040994048180195,-0.27737178053089684
80399,30.381905170008356,-0.4102209461668236
80698,2.9708543776901535,-2.0049679564658924
80999,18.157152531464593,-0.46189399917617013
81299,103.24344734711377,-0.2925245281813891
81598,9.79276242148314,-0.24985184582217546
81899,1.6471699058801188,-3.4794493264208386
82198,1.4094441558679114,-1.7763327826982511
82499,1.0788457830087952,-1.6049749926260626
82798,0.9718141870890076,-1.3602313413836233
83099,0.8877702427039229,-1.422627907874492
83398,0.8677390301218727,-1.3871691445121184
83699,0.8385805958299434,-1.5163079895543388
83999,0.8882702381996556,-1.442710051991885
84298,0.8211525298965799,-2.004781208398367
84599,0.9007400692591809,-1.7145340662877708
84898,0.7985149631375028,-2.080421898271898
85199,0.7899123824423645,-1.998195801933595
85498,0.7301784479396076,-2.401845002649326
85799,0.6827275014634961,-2.204978851280332
86098,0.6698462331784851,-2.4560064650902826
86399,0.6789833859747813,-2.2745861454169174
86699,0.6026330309323442,-2.255914992859641
86998,0.6273643151530623,-2.232588085112205
87299,0.5742329936046653,-2.177832651696893
87598,0.6475414462376688,-2.7171691443676997
87899,0.6409448221056033,-2.7262675879068383
88198,0.7611487583831085,-3.5130654296125723
88499,0.7386235502911237,-3.6994286441328823
88798,0.7475044374349017,-3.126990452146768
89099,0.6858426073977649,-2.916141624828051
89399,0.7140933724247288,-3.2256133439924257
89698,0.6858880013414778,-3.1493886018829853
89999,0.7097422259715831,-2.670712823182958
90298,0.7331119899532693,-2.648607288810365
90599,0.8016929616945615,-3.858550866291151
90898,0.9138224531952053,-4.587976511768409
91199,0.9782677104374117,-5.818123060633901
91498,1.0286720682602726,-5.1175114376031186
91799,1.697537625332056,-1.4784265010107633
92099,1.1008976223239317,-5.581613003680804
92398,1.1860388538105608,-4.780245297200128
92699,1.2286698008833457,-7.3440599136771265
92998,1.21638253862491,-7.94420473391116
93299,1.2119912164692122,-7.094324049700301
93598,7.585750969035128,-0.21101078576302257
93899,1.963036062444112,-1.0034515233283736
94198,2.989243494773868,-0.3763539705347898
94499,3.2704358225447794,-0.6670439437877922
94799,2.3277346691182235,-1.1318259245425315
95098,8.938594533667587,-0.25863173128663286
95399,3.848389164557067,-0.1651889684662653
95698,4.658414900406857,-0.1548652176990608
95999,7.675244958368659,-0.09303583081924982
96298,7.807692596044205,-0.09533171935413365
96599,6.933762312968351,-0.11769212245636784
96898,7.773137455548774,-0.11915857749309211
97199,6.964187473360782,-0.1197904381322834
97499,4.524637653863483,-0.18175538929171853
97798,2.846837852495776,-0.7800969467104055
98099,2.944545758036588,-0.8949555326738305
98398,4.132809329446379,-0.8047236892617622
98699,5.289587870366743,-0.35269905851751027
98998,,
99299,,
99598,1.1771555200220103,-5.58825825831826
99899,1.0435261348574634,-4.318509110977554
100199,0.9728637285250221,-3.1845760157127394
100498,0.8248125211555748,-2.3749003103881754
100799,0.7316008435520972,-1.6481072446234086
101098,0.6838880668076937,-1.4011947597571366
101399,0.7021585022633291,-1.381404197693235
101698,10.634493822144973,-0.23618032255237398
101999,0.7402150493873125,-1.6786197192028252
102298,0.7111188650473643,-1.6404450345752783
102599,1.0860473446576884,-1.093327745875762
102899,0.6662891557671253,-1.7126526685520695
103198,0.6792820506977456,-1.640602097278426
103499,0.6332302598135526,-1.6172238594778188
103798,0.6477914099063267,-1.5578452098574354
104099,0.6508404080956169,-1.5890451371983367
104398,0.7464109301502475,-1.8523035357075655
104699,0.6658395106889755,-1.568423303739578
104998,0.7192605678441127,-1.4446744105633185
105299,0.7256003020933288,-1.5100487909907914
105599,0.6585764673873685,-1.5047363730937966
105898,0.7628985109275013,-1.7121023567131317
106199,0.637613032557097,-1.355983223686195
106498,0.6479656011535995,-1.3432312169511191
106799,0.6808079574173123,-1.4910609230686114
107098,0.6642257326068924,-1.4754905190699108
107399,0.7070697800491123,-1.3910155256788932
107698,0.7061650660372811,-1.3914361854367994
107999,0.7318373854196856,-1.465837194015791
108299,1.032236142778413,-1.189646613021583
108598,0.7965265190939591,-1.4272515437511153
108899,0.8062515910250295,-1.5214080702841093
109198,0.8174310985423909,-1.3911737390090924
109499,0.826688907017955,-1.4596614366238718
109798,0.8087850785182809,-1.4329684226236021
110099,0.8464799013334701,-1.436471686536989
110398,0.9065456531698166,-1.4389512508913014
110699,0.8114590200580483,-1.431543838298809
110999,0.8765138777538877,-1.5314809918151155
111298,0.9280636585299723,-1.6821494866148838
111599,0.8852309777065479,-1.7509651185183164
111898,0.8945257165067714,-1.7242279757835908
112199,0.9262928284959356,-1.596724317064917
112498,0.8316254225220476,-1.5903637888957523
112799,0.8934051317145454,-1.5950544956314117
113098,0.9943035239033663,-1.8557285632531513
113399,1.065240871669591,-2.0396637425933455
113699,0.9926891742472397,-1.7494278701135584
113998,1.0210491306081555,-1.3152781483581548
114299,0.9243879264914175,-1.5072424334231433
114598,1.1301647788210842,-1.4624362239871749
114899,1.2800747008545281,-1.8547696907984674
115198,1.316860030161093,-2.465608295267608
115499,1.282161321704154,-1.9930726007266468
115798,1.2452173079158424,-1.6753555195855787
116099,1.242913441864339,-1.705578791781821
116399,1.3278660396870876,-1.8911487866665402
116698,1.3408906486295864,-3.182085654792715
116999,1.520560903239533,-3.7441380691341584
117298,1.6989625864849514,-4.757447325284204
117599,1.6313174586360648,-7.598146401728826
117898,1.6758535880825103,-7.785784752033905
118199,1.6781427001676963,-9.428278550942778
118498,,
118799,,
119099,,
119398,,
119699,,
119998,,
120299,,
120598,,
120899,,
121198,1.3177173215748077,-6.807686409289669
121499,1.101940769500683,-7.990971714832213
121799,0.9992467369791195,-5.8287472178837785
122098,0.875815905433929,-4.5144655910617715
122399,0.7238425197440903,-3.474866296575751
122698,0.7179862653269408,-2.062052347348637
122999,0.6739068448503612,-2.7166638664259377
123298,0.6409840954746532,-2.6415876413478028
123599,0.6439324571416051,-3.1778763265832417
123898,0.6201356120567675,-2.8172482284989138
124199,0.6003827446337627,-3.732618900694514
124499,0.5897218544813427,-2.765107221922894
124798,0.647179375703749,-2.668247947882464
125099,0.588142573459054,-3.523642346547674
125398,0.6287523810093429,-4.337374835703732
125699,0.6160694829230664,-3.3177299013454515
125998,0.6047829231837195,-3.7746790006288586
126299,0.658199614074237,-4.617253142838181
126598,0.6407226457979311,-4.844928458636188
126899,0.5920663252351082,-3.909459862001575
127199,0.5455158508452834,-4.196653972717122
127498,0.5184310041821791,-4.050888620664752
127799,0.5219983252590885,-3.878077380730515
128098,0.4672443124862272,-3.4572368670505
128399,0.4705260439878637,-3.003103560981156
128698,0.47660149991415185,-2.827494885075204
128999,1.9852814308421598,-0.28580924491488346
129298,2.9671488296522393,-0.3118218232806311
129599,1.2329969005697348,-0.5190182593016954
129899,1.2920210379334989,-0.6476823747742426
130198,0.7936321530501892,-1.950992389381601
130499,0.6547575495257487,-5.93629091471811
130798,0.7179361819648551,-6.085120511554099
131099,0.8755004834298286,-2.8419132178457756
131398,0.6688971299645723,-5.10912812536212
131699,0.6060746436647667,-4.241500706052666
131998,5.106272644705176,-0.31770761275655923
132299,8.295540595074343,-0.2786259316599873
132599,1.2611723573221612,-0.6670058827919509
132898,1.2202755300366712,-0.7255278034924879
133199,2.2654532717091116,-0.4225478445564146
133498,1.031218588068143,-1.2708436685547522
133799,0.7661418289704405,-5.148924870755267
134098,0.7399117156058007,-7.066604060153969
134399,2.441270398644231,-0.4419717940785233
134698,1.16896464190402,-0.9774012912167946
134999,0.7352154313418228,-5.762222570453114
135299,2.2841377087722927,-0.46923353593652384
135598,2.006119285099354,-0.5243033756327193
135899,1.814707184693537,-0.636745882115201
136198,2.275364083706423,-0.9069785426745627
136499,1.6900191551224906,-0.6949215875284573
136798,0.6878111233906271,-3.519522630998365
137099,0.7131191486882528,-3.205428087318868
137398,1.5020558834170803,-0.8210792893344041
137699,0.7643773566072242,-3.3055850583068347
137999,10.79897352851622,-0.27239066421592506
138298,127.21394201063839,-0.31368354662201847
138599,0.8961010618557734,-2.8171595255115855
138898,0.9425280998176739,-2.779381854745625
139199,1.022051338961152,-2.7756383717081947
139498,1.6642246485113146,-1.8439143195664838
139799,2.0132301083984396,-0.9065068547277109
140098,6.249071217787246,-0.2944973135339428
140399,10.122063556054762,-0.2240114821383299
140699,24.358815406180117,-0.30053275164567483
140998,2.2990596063522677,-0.39213315024609274
144599,27.47646747994933,-0.2941560991968424
144898,3.985364217337018,-0.7491896384564285
145199,61.831290351258694,-0.5987258563189553
145498,14.466458599416471,-0.6888863918802679
145799,6.323466945545497,-0.7962660579002216
146099,2.3532564061566656,-2.6438408793905843
146398,2.4494695292630766,-2.939364615598409
146699,2.490028879190134,-2.7139199473006324
146998,2.3774528818658998,-2.5519339260207086
147299,2.0214664879925004,-1.8129325043818065
147598,1.7941927286234152,-1.4703793802291498
147899,1.6784174673526226,-1.3774565728743542
148198,1.620760959375207,-1.3803078913232212
148499,1.5696609176886442,-1.4695545329920954
148799,1.4069023973727255,-1.55215655831612
149098,1.5932292455158203,-1.8843270835453532
149399,1.112083291442426,-1.535487871496052
149698,1.1606944722748418,-1.5692386279557953
149999,0.9436131692857378,-1.48952206501454
150298,1.0043687936751307,-1.4651279477780599
150599,0.9879853674823428,-1.4670177374459232
150898,1.1859668343087821,-1.6728434327593895
151199,0.9107237313503111,-1.404910175085556
151499,11.492196404719518,-0.426087341549227
151798,0.9286641865653552,-1.3975985664032198
152099,1.2855197335719852,-1.1276452064115667
152398,0.8892096553713529,-1.468784409805013
152699,0.9131615671442344,-1.6773046278010897
152998,0.9526574904624954,-1.8205973967137963
153299,1.1346395116483892,-1.6797200652670456
153598,1.0865874631223658,-1.916170061919492
153899,0.8620240312871126,-1.4968411727448956
154199,0.9129876673763994,-1.904277858564969
154498,1.3547590511466323,-0.8503551827237676
154799,0.8181137440433806,-2.0708383624790963
155098,0.8139558237562033,-2.308470628888664
155399,1.5738069739756595,-0.7407978457986366
155698,0.7622102597081164,-1.824132808718689
155999,0.745871090584304,-1.7957885306524313
156298,1.1146390659100271,-1.3508407541372742
156599,0.7394501816115595,-1.6178808664294015
156899,0.7181380543950141,-1.562364220851562
157198,0.8054491056805893,-1.8208199802893041
157499,0.8684227914814602,-1.7194135701438813
157798,0.9355472290331317,-1.6160349558517049
158099,0.8668894909627409,-1.4739580449853498
158398,0.921475372069718,-1.5280507055680546
158699,0.991018572938516,-1.554024478290137
158998,1.4691623853492066,-1.0836748199859332
159299,1.330398805876529,-1.7020819582767652
159599,1.3501052277876961,-1.5321558676127438
159898,1.44293524281679,-1.4920102220644336
160199,1.5812756282618476,-1.5665325918079973
160498,1.3623938427687887,-1.4547503181009969
160799,1.2506701255569188,-1.33790102829427
161098,1.2287380180009955,-1.48893788163865
161399,1.3901289026746597,-1.4552369346957685
161698,1.604999294688942,-1.4988647962293675
161999,1.8145534010107538,-1.3656067758162536
162299,2.032743963140812,-1.2817926780562607
162598,2.0862657961065865,-1.2593956878397337
162899,2.4843711917795783,-0.6480514109481601
163198,1.6887987769989812,-1.4572014767142685
163499,1.533213377194589,-1.6491288601570218
163798,1.4832006887682652,-1.7440726496930963
164099,1.5962426161322971,-1.5756266822688452
164398,1.5656401631380878,-1.775573022755812
164699,1.6843447403800988,-1.7817276280809025
164999,1.7093622431293634,-1.9685138061862353
165298,2.1702771146427438,-1.1923254929332772
165599,1.8069786900945297,-1.665665582746052
165898,1.6927344606850157,-1.8471133917945894
166199,2.587569182130891,-0.9891228828076204
166498,1.6549243077400915,-2.1279492878336987
166799,1.768063594125615,-2.0423199823633658
167098,1.8723648045518928,-2.4603959069474883
167399,1.9498760627876028,-2.7906692835017095
167699,2.279411496510716,-1.336758440403123
167998,2.0197563424116427,-4.361656159027922
168299,5.694959652978469,-0.35996519454488607
168598,6.055448476621969,-0.32573405164712854
168899,9.64543077358981,-0.3184691674983322
169198,47.82674688651782,-0.37721949369403096
169499,85.99559679543523,-0.4403293060401543
169798,44.210599505378326,-0.5036232214358463
170399,16.639168504159038,-0.45680424446120704
170698,1.7925681594126093,-4.597652478811087
170999,1.5170898912452704,-1.9686502992519412
171298,1.1524394518555545,-1.734159727026261
171599,1.082245225990861,-1.4421597833379018
171898,1.308777002562282,-0.7467177845993829
172199,0.9593986549610958,-1.1631041560029414
172498,0.8246684219591789,-1.697934496269784
172799,0.8373864470322662,-1.5708674935963272
173099,0.8221926276821225,-1.6060993289798646
173398,0.834088348992575,-1.755672050912612
173699,0.8626779336492262,-1.9518472054610867
173998,0.7588405625062321,-2.91388323049423
174299,0.7721904598680207,-2.2262392864926617
174598,0.7572015430498016,-2.0685388537213667
174899,1.0795499501879207,-1.0595231390350501
175198,0.7168886454743073,-2.091111420936564
175499,0.7314683923546379,-2.0396095380866432
175799,0.6842029294650741,-1.9475156136132101
176098,0.7817018341799636,-2.1879407589836473
176399,0.8628472629379604,-2.200177891204472
176698,0.9005296422495648,-2.07505738804689
176999,1.9588468277376245,-0.5447291378490693
177298,0.9006398301958422,-2.3796191362476007
177599,0.8430327351741758,-2.2584965398712025
177898,0.8406121669408151,-2.0996360744392506
178199,0.9160658378475149,-1.9776979736360945
178499,0.9157066101844187,-2.303388579616392
178798,0.9950070312703089,-2.1501856689285015
179099,1.0651212054313643,-2.3897443292113327
179398,2.839511930918496,-0.324888984527949
179699,3.7406305592833067,-0.39811987396770654
179998,1.7299672699971773,-1.218097363785534
180299,1.2771126320644994,-3.6539761971244955
180598,3.6971183238343865,-0.4117178020093999
180899,2.491824516907621,-1.1155797798886327
181199,1.451002057996719,-3.37781149877927
181498,1.866345001898141,-1.1163390920152576
181799,1.6910163030658667,-1.6978574860878264
182098,1.4479809418658547,-2.840584900423431
182399,2.972279877824084,-0.7300019691321986
182698,2.063832022301582,-1.3419230668114106
182999,1.8307550975176268,-1.7425728610158884
183298,2.3352677621637894,-2.1919360334528353
183599,2.0222016319753444,-2.1602234093179375
183899,9.856705581872284,-0.6412707761071239
184198,5.19993154535897,-0.5038896876314991
184499,6.234968221639482,-1.0934513061679412
184798,2.393290897654136,-2.6710713055917896
185099,1.8370380600300562,-5.044056609808145
185398,1.9585199853421098,-5.404039265433216
185699,3.2039411948997465,-1.2801609147115283
185998,,
186299,,
186599,2.0792474412665127,-6.438981579637817
186898,2.4061594895377985,-3.9977444140828604
187199,2.012415685894572,-4.918587902939423
187498,2.2072478876213095,-2.5616233968452344
187799,3.0489332988740876,-1.2844056765959806
188098,2.8303768374654434,-1.0357124730208493
188399,,
188698,,
188999,1.4103819721647342,-9.134196588290282
189299,1.098735072825786,-4.873492158474219
189598,0.8795476604547683,-2.3542681232571954
189899,0.7782348092960872,-1.851316023374404
190198,0.7095184368195011,-1.426967857750515
190499,0.7500497362714351,-1.6471956812698094
190798,0.7889330808029571,-1.6095025407615413
191099,0.8116277488523974,-1.6683255640307157
191398,0.8156383176342622,-1.6814882422006923
191699,1.095805885283399,-1.835901966408747
191999,1.1302557021650823,-1.8353065048483508
192298,0.9935277969911893,-1.6391281059505962
192599,1.0186523709738848,-1.5566086580149916
192898,1.2596951622942196,-1.9834784487757928
193199,1.8135568677279847,-0.6976875591275535
193498,1.2695138069857328,-1.4035798954805188
193799,1.7691833421382652,-1.6407632620039436
194098,1.428984819949213,-1.5085216403668866
194399,1.4266131165567224,-1.4715936837103625
194699,1.3784347068293217,-1.4893215620467979
194998,1.3785563075966483,-1.4297568971311918
195299,1.524919531233081,-1.6086086678476312
195598,1.358591889171623,-1.4637775926614225
195899,1.603190253832435,-1.0140392008223595
196198,1.3868371427249646,-1.3635620918126858
196499,1.3179717234145314,-1.3959116646252685
196798,1.3754237756264707,-1.3906315009533823
197099,1.2533486436037353,-1.404409185526672
197399,1.1663982190168374,-1.4163845344772064
197698,1.4942499632047637,-1.2549035405930251
197999,1.196848501169685,-1.4449244928924716
198298,1.2103852944604696,-1.4839919982767813
198599,1.1754355687284586,-1.5385956157703902
198898,1.0905519513170667,-1.567429798324032
199199,0.9892091858754589,-1.5074411152340201
199498,1.0036036597455815,-1.5986138369536667
199799,0.9036431045358899,-1.6183873086013412
200099,0.9023094402903791,-1.6886988438478103
200398,0.884829655636017,-1.8353218695621036
200699,0.8305499364581885,-1.619075308716159
200998,0.8465952583476594,-1.8097583838126212
201299,0.9762461368889342,-1.3828064550120285
201598,0.8805197290220245,-1.5169486060293722
201899,0.8520757970275502,-1.8461310919361886
202198,0.932103286696813,-1.6892778454030797
202499,0.9504399383227768,-1.8647590865561634
202799,1.4177574315572654,-0.917107050343184
203098,1.0875926759607075,-1.8437377946513518
203399,1.1612583013320452,-1.705346294831522
203698,1.23595277078371,-1.8181195616377739
203999,1.251720439028282,-1.908475138424635
204298,1.2284091589015762,-1.9570533495580316
204599,1.3279617645087887,-1.694793651671766
204898,1.3442114834190448,-1.9851730347029863
205199,1.3161848917078185,-3.0235375077023665
205499,1.4628410108318157,-3.3441957276210994
205798,1.5648073605478858,-3.6108152716545545
206099,1.6025877269835407,-4.913336260806482
206398,1.8142673454342837,-3.742535038667439
206699,1.9932193509053038,-2.6008607397753014
206998,2.0185637730754475,-2.80557974047526
207299,1.8576373998280369,-6.8467909558349405
207598,1.9637607540582893,-7.344706683100249
207899,2.1114448273853075,-6.761152616778036
208199,2.155523161380234,-7.502219994588369
208498,2.3495209304258076,-5.972070811823272
208799,,
209098,2.302638974994957,-6.438472463217379
209399,2.29369760682174,-3.1554329224051756
209698,3.5157698853241013,-0.48087689465859773
209999,2.631754691671314,-0.5401080336857684
210298,1.9110948938001664,-0.8596350078350135
210599,2.9159996147201834,-0.39215164327788443
210899,6.289860343216695,-0.283871531466527
211198,0.9828798293555108,-2.034592606641437
211499,1.7914936272934885,-0.5509417082322996
211798,1.4311086818050542,-0.7558802347661864
212099,1.9902946090544538,-0.5598741460363639
212398,1.1430650327654794,-0.6832215818132579
212699,1.0911533568983627,-0.5760791906693776
212998,0.621971793279648,-1.7281429501489751
213299,0.5338517096779155,-2.2711831342325732
213599,0.6016572627323811,-2.2095603250753344
213898,1.6088456287993222,-0.4532515168842526
214199,0.6437440968989733,-1.628827063046316
214498,0.6714877067392926,-1.8536306731371965
214799,0.7320551883180316,-1.7635005676035047
215098,0.7638725319745642,-1.7939463202461892
215399,6.5931470849844445,-0.5676441246550219
215698,0.6358695379200054,-3.9539607846911498
215999,0.5848872943307163,-3.421500973983602
216299,0.5546696710317566,-2.5189719643911324
216598,0.4993022751168524,-2.29878703530782
216899,0.5265992788209508,-2.6066232266865828
217198,0.5858067266253247,-3.089145298555578
217499,1.733508297007332,-0.4996899318930632
217798,0.9040597768120917,-1.0537462395286803
218099,0.8008622405147539,-2.053132450454396
218398,0.5618382079001015,-2.720722660107907
218699,0.5415285924746681,-2.698086203516898
218999,0.5800768630801918,-3.0142093256841127
219298,0.6087881180263495,-3.027053760940513
219599,0.6108237038652403,-2.4849270521748696
219898,0.6008168748002971,-2.643046032664929
220199,0.6299061402613347,-2.733040789322566
220498,0.6144130514743124,-2.184706970100928
220799,0.6085931521773582,-2.0338859397207196
221098,0.6355702852823444,-2.2225347823729487
221399,1.0580926393354153,-0.6835020502369
221699,0.6892370754158762,-2.193002884717499
221998,0.6504794182460157,-2.0449336873821626
222299,12.287750016530554,-0.22238393916386756
222598,48.6402511971626,-0.31790019886052545
222899,39.35855401680866,-0.30757461333748615
223198,60.24466424989279,-0.2442055223250632
223499,31.332462886243814,-0.23910523784931548
223798,34.76427596576056,-0.23959334929596876
224099,42.023710431211995,-0.27342412258754956
224399,44.93971548798871,-0.2625786482439183
224698,61.71396527356506,-0.25629927274323094
224999,109.46564628123801,-0.27502970271197036
225298,162.16664428052175,-0.28748638574397267
225599,113.83045796908144,-0.2874250530172757
225898,110.05342427933182,-0.2398592206308321
226199,112.2863520719928,-0.2849441419550369
226498,66.31553593367006,-0.2831317274167944
234598,7.354818775965348,-0.6779018187023504
234899,58.55197257353757,-0.3750027863950307
235199,11.860755796691812,-0.6099217984577161
235498,18.97680031282982,-0.40188313320277325
235799,15.749693306047549,-0.4604753621409845
236098,13.98932151477423,-0.44954086317658737
236399,2.458094170196092,-1.3016455809873313
236698,2.192483761845454,-1.181458963390646
236999,2.6211632323324023,-1.1742081552846964
237298,2.435249553721125,-1.18423349074272
237599,10.323302365170335,-0.5691298716398594
237899,2.3525368522004495,-1.520928006352229
238198,1.8952092010760195,-1.3165870768225085
238499,1.8916419002851848,-1.6081251153036855
238798,12.797744837659383,-1.787845236525874
239099,34.08630710123964,-0.5766809221596061
239398,7.092180411129309,-0.4230875220308292
239699,5.378680178528976,-0.4244208226353414
239998,20.468374589365784,-0.3949574796280646
240299,8.471862274914196,-0.862316713440967
240599,2.7667813554965157,-0.4790844072691729
240898,4.933255169864832,-0.7738804771989984
241199,13.553922521366568,-0.39108886232051954
241498,4.686806111422915,-0.5702135985303489
241799,3.632270989351519,-0.49824049659865377
242098,0.8743308614363268,-0.5024900027642689
242399,9.562233897034055,-0.7284090394794045
242698,15.146237721971346,-0.7898477356690046
242999,18.976144021914763,-0.5538120973310725
243299,22.452621470705523,-0.6800928526164378
243598,23.758180157140558,-0.6134802235535131
243899,14.86407130768261,-0.5086042899897292
244198,16.681854762636473,-0.667694310260257
244499,24.69350044638874,-0.4797520890596707
244798,43.13726177461374,-0.3051448414131095
245099,35.39634065661038,-0.6949926788079268
245398,35.871636794630064,-0.6350917749059395
245699,29.751695788525197,-0.3935228841080951
245999,25.388628541548844,-0.4871214590672923
246298,58.52445893209521,-0.3640220780211463
246599,60.03718941194305,-0.44001280350575933
246898,89.71360446151698,-0.2629977908599006
247199,50.47588876906369,-0.4374249610122942
247498,36.27218872308444,-0.6652641873312217
247799,3.9537322319328467,-0.38361896738479384
248098,45.786503539326546,-0.24857775231533963
248399,20.16141009704039,-0.31678649855417373
248699,13.600032242865147,-0.4537955134182128
248998,6.312527743504411,-0.717263235127308
249299,7.392225664435027,-0.5671268533928686
249598,7.216118280961159,-0.6028829666955136
249899,9.307151719234746,-0.5155013668432336
250198,8.613724695523786,-0.5823192248046738
250499,10.216829568572386,-0.5947093894194466
250798,10.677239178961978,-0.5475941130471031
251099,12.811776264771124,-0.5491006368856224
251399,11.984034438611257,-0.5373946131871647
251698,10.732954038976146,-0.5168767188056294
251999,13.342805902644127,-0.33966414307803094
252298,12.497282773733458,-0.4473874346768105
252599,14.593154464389661,-0.3512281521382239
252898,5.59767264258674,-0.5059926396050058
253199,1.4101637164860046,-1.025954824051969
253498,1.134208611624554,-0.8569084889025729
253799,2.4862239471741248,-0.48965015617176433
254099,1.360961667367809,-1.1489760167875698
254998,1.4787540672024688,-2.0134738347881473
259499,2.7053184077198633,-3.4041272404360905
259798,2.332518575543438,-3.7782475645075717
260099,2.003284022009962,-2.4817758788660833
260398,1.7429965395785634,-1.9441959161198143
260699,2.3865381270418085,-0.6017547895979034
260998,1.5886074282975882,-1.3342156794916766
261299,1.29294967477982,-1.8923268260092838
261598,1.2780150863481874,-1.5241833979475592
261899,1.2157358058772605,-1.6550927735306677
262199,1.081759838822106,-1.8208525217805298
262498,1.1757645269550923,-1.7239312839981213
262799,1.1338063197710582,-1.8860822267606694
263098,1.1177891001615425,-2.0790250643928725
263399,1.0993895944021441,-2.4162757511443878
263698,1.4620912916713373,-1.4250576013754537
263999,0.990042194646294,-1.8803457675816695
264298,0.9426974243278649,-2.087968580709587
264599,0.9641698475232876,-2.0367061662497825
264899,1.0302878548444676,-1.9716258831705051
265198,1.0277297901864682,-2.0792269218576043
265499,1.045393596259603,-2.2318630806152586
265798,1.120369680177209,-2.3578589110609336
266099,1.0595896228877009,-2.3630429307845233
266398,7.46445528927402,-0.31983424741481636
266699,1.3013055173792738,-1.726970638410827
266998,1.389884563152605,-1.7819664885073268
267299,1.2280547604370153,-1.9913515618744482
267599,1.2856218610293177,-2.354958019754703
267898,1.3528071007411702,-2.3336986245758347
268199,1.5772042150172645,-2.006366538233397
268498,2.5931129362388927,-1.258125227111536
268799,2.160885567362575,-2.0309855362368974
269098,2.756062987035465,-1.2075771823762151
269399,1.4692162843021088,-2.658122524818315
269698,1.3986245417682315,-2.376835061116493
269999,1.8245932145209842,-1.42240524137019
270299,2.427344391004999,-1.055887160126931
270598,1.6073270220896323,-1.9262154574165735
270899,1.3584349128418747,-2.163367076963809
271198,1.8127641983169092,-1.3530173302187452
271499,2.3190980934275247,-1.5295771370840483
271798,40.14989822358837,-0.4015982800293436
272099,1.6189419528591227,-2.2205638713953224
272398,3.8743559277220445,-0.40975203550554196
272699,1.6326201668173341,-4.098541198366095
272999,1.617707788310114,-4.374166373070984
273298,1.6468233304733049,-4.3608271238292735
273599,1.7182031857607554,-4.324101119395638
273898,1.8038070314552774,-4.5528290555381705
274199,1.8200608846451836,-4.473968761325283
274498,1.769356306209463,-4.986940763184757
274799,1.8560249184406712,-5.694270714898064
275098,1.9625753688153686,-6.126868478472131
275399,2.3335496530222684,-3.6947639596489585
275699,2.211575486071659,-5.716294124228322
275998,2.3482492189873567,-5.419464137741085
276299,2.3957781872507993,-4.532187283094062
276598,2.1651089384229816,-6.399694330216643
276899,2.69521097932338,-2.553638778792477
277198,2.5090234188636504,-3.705925891763852
277499,2.1000367045723523,-6.551544252195955
277798,3.214681071730474,-1.0477533064618418
278099,1.7328517061865574,-3.3973142259203915
278399,1.4696300449935136,-1.994832143857808
278698,1.5393068781959691,-1.6940322020136738
278999,1.374758234659611,-1.578713933588919
279298,1.4500049967526525,-1.610314736173617
279599,1.6176287765630641,-1.4345342583552019
279898,2.0418236362807747,-1.5229307592965529
280199,1.9420625266289828,-1.4762548051196265
280498,1.8267548815131613,-1.4298996941762798
280799,2.1684050509518937,-1.436658851607501
281099,2.2622365620867972,-1.3968278980802369
281398,2.3146881857873973,-1.4074672109380773
281699,2.6110046074380815,-1.3995021141859034
281998,2.650557248392325,-1.4371787666165505
282299,2.878505409411999,-1.3611520582540857
282598,3.890083146127294,-1.142960370684341
282899,2.8824454232088517,-1.3082675719484573
283198,3.215108303701054,-1.2918163142798331
283499,2.9454796323225376,-1.283123367690278
283799,3.596455793574001,-1.29775678499974
284098,3.5554419441060676,-1.3449140280948169
284399,3.4248613759493143,-1.3077459428008145
284698,4.0763984926286305,-1.1948498230956863
284999,3.5494641421346866,-1.2545807160174753
285298,4.180961333973604,-1.1595927663553445
285599,4.1878849486574925,-1.2295511702251596
285898,5.004689710120153,-1.1127419213445418
286199,4.83131627608088,-1.084567811362147
286499,4.345702044926025,-1.1609241930428342
286798,4.6861659133215126,-1.071906841067015
287099,4.059114828436909,-1.095855549934969
287398,3.505069119732837,-1.1322130433518711
287699,3.135328913259178,-1.1859310050841931
287998,3.121449741102417,-1.1414207658512452
288299,2.551883622879519,-1.2086735854496022
288598,2.1268548374216696,-1.2148992998606136
288899,2.156053900445081,-1.2140469764601107
289199,2.1120189099014754,-1.141498838817077
289498,1.7308856408612436,-1.1839726366438565
289799,1.950995485984099,-0.958045934638869
290098,1.769948838811005,-1.2700268097701177
290399,1.6029965169313174,-1.0761941469302259
290698,1.635775719497875,-1.1508161922974467
290999,4.826395303312602,-0.5489740900315554
291298,1.4908580967396796,-1.2190615422923825
291599,1.3930523461950957,-1.2941739352874504
291899,1.4228528957075715,-1.320952614871076
292198,1.5669851140357454,-1.3534478581931557
292499,1.7921978325508323,-1.2248898675428506
292798,2.1922565842392774,-1.0533492158965374
293099,1.8467322008376428,-1.3294014208474234
293398,2.0200410664682327,-1.3673303729242958
293699,4.260194736609258,-0.770606834002096
293998,2.359508730927902,-1.2513926424579997
294299,2.152465253764787,-1.5584295134841568
294599,2.3305805970172937,-1.4457211915635866
294898,2.583549814541236,-1.1740080487438944
295199,2.191555671380323,-1.9607314210421602
295498,2.3615946667769676,-1.7746813055153638
295799,2.7008020480061052,-1.521280158940403
296098,2.3296012039285863,-2.147587808414916
296399,2.2946583552994504,-2.930405585222027
296698,2.3680251852320935,-3.2928841198044667
296999,2.5072014167645165,-2.7430933810163474
297299,2.7111638739713104,-2.101189807340626
297598,2.5506411550656676,-3.5851881610581584
297899,2.702852641136363,-3.2366880787428247
298198,2.467732757472415,-4.213042023389884
298499,2.2755329866956107,-3.5435454955074475
298798,2.051820177356081,-2.3279622386470353
299099,1.8237642614730818,-1.7793012047825894
299398,1.5730890608674872,-1.9021455386616122
299699,1.4582386270189636,-1.7788219450903235
299999,1.4519738491562242,-1.6160680865400026
300298,1.2958319790795023,-1.6749435699123922
300599,1.3680373053708572,-1.1830638794633992
300898,1.2799569221274387,-1.353910669280741
301199,1.1633086980611647,-1.4472776745522062
301498,1.1862370171336694,-1.5276606460562876
301799,1.198079137703474,-1.493647566709988
302098,1.1742522488291476,-1.562470784477795
302399,1.0129048836769605,-1.6744259008044464
302699,1.431964484076228,-0.7865137435056448
302998,0.9599426552636982,-1.8315278384792473
303299,0.901310111070581,-1.725012334595919
303598,11.040953108025484,-0.4769961240898446
303899,4.978309019167779,-0.48913745649887774
304198,0.8975563259172975,-1.723619876187875
304499,0.9518627235857454,-1.8542724960077446
304798,0.9058234924038039,-1.9070662323166196
305099,0.9115347528217962,-1.782395471195112
305399,0.8684850898370555,-1.6680785863913363
305698,0.8518670565277984,-1.7526546285530578
305999,0.910537449044426,-1.6475556601062662
306298,0.8922885948129095,-1.729014999866588
306599,0.9449571948952852,-1.8380678339382515
306898,0.9116708003368669,-1.7104640747244764
307199,0.9207082715417229,-1.7217917002712957
307498,0.976092155065091,-1.7873346922374784
307799,0.9956483567962819,-1.6802330798664324
308099,1.0371034179053336,-1.828429030097698
308398,1.0595542209340612,-1.6641510767907226
308699,1.0888745453410846,-1.605231198743862
308998,1.0220635188412328,-1.617594533207141
309299,1.040642603212755,-1.6381786398127098
309598,1.0294589055465888,-1.5864469489039852
309899,0.9695904478106969,-1.557721358773935
310198,0.9938991611108006,-1.7363652674312964
310499,0.9332161530266839,-1.5392538873063004
310799,0.9489520472084979,-1.6757770481684156
311098,0.9224864611277239,-1.7812551730324753
311399,0.945617575692823,-1.830242769120224
311698,0.9040670403206494,-1.7044329757977263
311999,0.8710206944679174,-1.6352495522627755
312298,0.8645560484399293,-1.618925767256144
312599,0.9110673843147469,-1.7168464671952566
312898,0.9277691821305974,-1.8800409640415046
313199,0.9689208116813656,-2.1072781551728528
313499,0.9703032987387714,-2.3894085164593464
313798,0.9505041563384763,-1.9523053311061407
314099,0.9328757369024159,-2.2247901503611054
314398,1.0493471483366594,-2.3539804833849054
314699,1.0207188278191859,-2.2100854493821744
314998,1.1275455737031466,-2.240942429890125
315299,1.0828648750255807,-2.1252581785186573
315598,1.4080513767718925,-2.0856787767721827
315899,3.009687531117604,-0.34424734314209937
316199,3.51402178540644,-0.44626122932515644
316498,1.4711327027162606,-1.6973803533532994
316799,3.2447036681047727,-1.3320181556281518
317098,110.97501190018586,-0.2521560008555279
317399,74.86003539100452,-0.26688774665876824
317698,95.23899728220694,-0.1492732867828226
317999,102.62537688102563,-0.23044049607404782
318298,53.23188664747842,-0.2887447646155723
318599,65.24575239355052,-0.2210078004772924
318899,40.240529487727684,-0.27277290118918507
320099,2.624174883237528,-1.7125070645960268
320398,15.048623364618676,-0.8124771992998643
320699,20.707877796318357,-1.1875261757092375
320998,15.609695555717467,-1.0807653702604365
321299,40.804897386827705,-0.9451151421002453
321599,16.043886621586015,-1.2516871631121047
321898,23.78386262337548,-1.379025071491121
322199,11.071960553117732,-1.3834170296757295
322498,6.062439587741806,-1.0142562584682455
322799,7.38261725237131,-1.1203483452828618
323098,7.281438203011242,-1.0093631213973344
323399,9.331844142864542,-1.1015814311872747
323698,12.027062698627969,-0.975577515907331
323999,13.43446619459264,-1.0682767887326077
324299,14.534278752713467,-0.9801126730943355
324598,11.73620679454205,-1.0172040298134801
324899,12.243609482937963,-1.0230541337677428
325198,11.459254591491739,-0.9425104255233385
325499,10.080950023668409,-0.9108937553680976
325798,7.656692541666676,-0.9341627215871537
326099,8.803289376249442,-1.3241014415047427
326398,14.524410758500814,-0.9229393630032574
326699,6.223501659509119,-1.30149811526526
326999,10.579823081116233,-1.209247233904978
327298,11.989603897676915,-1.35716197318675
327599,9.422152321737695,-1.4917906321095282
327898,20.385838352131064,-1.0862771101090307
328199,45.880319378326874,-1.4509431191993398
328498,11.967633885441934,-0.8310275360658728
328799,14.131179446064731,-1.081614918200045
329098,8.506824277372086,-1.002981625486516
329399,5.037731891961048,-1.4698488551189435
329699,29.352262155890806,-1.240458843649269
329998,31.449570069866013,-1.309433119283928
330299,11.106009402936214,-0.9530336642243995
330899,1.108777806225717,-0.7589781306946954
331198,1.7390345276788899,-1.0504787995269607
331499,3.148454164135627,-1.1168219753715958
332099,0.8962775340984493,-1.2722133554714543
332399,2.107121663295177,-0.314680131425793
332698,16.145105513060642,-0.6323870546053454
332999,9.286913410964994,-0.8683812165959826
333298,18.866465209015534,-1.108760747054938
333599,11.899080236160632,-0.7330494920995962
333898,16.363728417394313,-0.745070483360833
334199,31.1020236715026,-0.8448667003308921
334498,38.78525853297124,-1.0379419241745937
334799,40.38284172767738,-0.7659997490118735
335099,24.765252244723044,-0.7422010405769002
335398,20.226673465332688,-0.8950948646391854
335699,14.896159630587388,-1.085829009579256
335998,7.964263081640313,-1.2762942169641827
336299,1.4600320167408536,-1.2868947569694513
336598,3.489775012733267,-1.1278298356450152
338399,0.8757309336664333,-0.6818342214398998
340199,0.5175839121699124,-3.3889298031735384
340499,0.9888504889929636,-0.5864708028932943
341398,,
342598,,
343199,0.7795787608879423,-6.26373146256862
345899,4.343999999866854,-0.3306873671346291
346198,3.65030923872092,-0.4165527566190632
346499,2.9390136759055983,-1.5048967622185376
346798,2.8595483682680607,-1.7907141083151377
347099,2.7132892624567244,-2.337596341698697
347398,2.7068576944631126,-2.5840508489900587
347699,2.769894417987538,-2.5398370810451034
347998,2.874176360366642,-2.314203582565283
348299,2.6969963969808677,-3.599936918915973
348599,2.7503454166670793,-3.096380689533869
348898,2.733408656488807,-2.6561832739943934
349199,3.275009329935058,-1.015431251636282
349498,2.2132027922319817,-2.1225566777351608
349799,1.73035489300347,-1.7261257137706782
350098,1.4439534978631758,-1.4134167434849676
350399,1.3842607842375547,-1.315244253590838
350698,1.4031289670052187,-1.2522144729652704
350999,1.4561001495909356,-1.3714006130365601
351299,1.3493855881520156,-1.774788725545387
351598,1.344875800328345,-1.8634526717138753
351899,1.4522134609055977,-1.5132955211756292
352198,1.348780546239514,-1.7406269394391543
352499,1.6016426179672338,-1.2992503029681473
352798,1.3446292783962082,-1.6546768856470675
353099,22.76894014043395,-0.29635671768930183
353398,1.2507130945273655,-1.5340620547329582
353699,1.2268849809357347,-1.5222191069321256
353999,3.53704708980343,-0.368257624171495
354298,1.451743166581389,-1.6993794818890668
354599,1.4942475267777613,-1.631242906896928
354898,1.6480503704101592,-1.4746349959310052
355199,1.6611589984304507,-1.3812532941508646
355498,1.7474385827518377,-1.3880432232910502
355799,1.8426144301981435,-1.4436406901601289
356098,1.9829288919553798,-1.8181035453839849
356399,1.9103929376944775,-1.443447241131052
356699,2.0423528006684264,-1.4557024931461395
356998,1.8488434546083024,-1.461990412983524
357299,2.117386003735731,-1.6064590061394393
357598,2.158677023160276,-1.5137221322515702
357899,2.131046183978326,-1.4311511868527669
358198,2.284036402273036,-1.450737438188987
358499,2.3718121132015977,-1.4266656565796914
358798,2.2675897162408334,-1.4481502713011158
359099,2.457397630236003,-1.4346049186514085
359399,2.4221762512310945,-1.4404676545774384
359698,2.462653550774583,-1.4868808553778936
359999,5.0426525820356565,-0.607801019882064
360298,2.3797839059583072,-1.6355178474836727
360599,3.2806941863730525,-1.0449664838380777
360898,2.9159301133660356,-1.682162127496258
361199,2.3895500987253957,-1.6019225202157066
361498,2.308142816256285,-1.5832444110419215
361799,3.7341782235420657,-1.6422850195637988
362099,2.715767878171633,-1.6338011747804653
362398,2.6509118344439653,-1.7303609861977458
362699,2.8967026367544695,-1.65135141922946
362998,2.9997429493473984,-1.5734110343700936
363299,3.759978121286492,-1.5008147684057978
363598,3.2712493704449024,-1.6465478562932931
363899,3.3063350688903816,-1.5960731746945673
364198,3.7336702894360903,-1.5275721417266874
364499,3.4004519575236456,-1.8557130119115262
364799,3.243949162122016,-1.9633326178301496
365098,3.8023900559032193,-1.6329722093484484
365399,3.6193391051305053,-1.7232638686917783
365698,3.0802784376419154,-1.7398118378415988
365999,2.875664973863283,-1.726439831868532
366298,3.7113673072038984,-1.8364418783088454
366599,3.210858498183798,-1.531426402031094
366898,3.0494848443831213,-1.7243421563420203
367199,3.211300136318697,-1.6251504971117905
367499,3.3669246428654613,-1.496061917438555
367798,3.1504784725030914,-1.4177235668540518
368099,4.539017432564852,-1.3254625630402979
368398,3.6890516512062055,-1.3302178093323311
368699,3.5452073638436485,-1.3205102472620647
368998,3.3732639126374497,-1.3493019059218208
369299,3.17713382810776,-1.3173142584350792
369598,3.9786691684668085,-1.169467541465779
369899,5.433437286786949,-1.0275526187675736
370199,4.182103276258252,-1.231421755727533
370498,11.58775244640219,-0.3583901703410317
370799,6.349791456797386,-0.7911605246568669
371098,7.954926115764077,-0.6630581282191428
371399,7.218722061916509,-0.9148152251699455
371698,4.472227046739724,-1.284266933139727
371999,4.823970876396212,-1.2962931487672251
372298,13.91811467754828,-0.27575827152853005
372599,15.215257099314714,-0.29474835133681343
372899,9.465199188010644,-0.5198120541908344
373198,11.613085260032717,-0.34827387207618754
373499,10.393685499876579,-0.6087381567221706
373798,13.117722154437589,-0.3553403315012593
374099,8.539249710051054,-1.038085175786216
374398,8.278519319783904,-1.1529438386109594
374699,11.789926656170397,-0.7525963647370113
374998,7.686906799525995,-1.303522818742005
375299,6.697400068522452,-1.3990840089792793
375599,6.914763197793837,-1.142305599798629
375898,8.881350199265444,-1.0451026402773418
376199,7.142167608867457,-1.193390108139318
376498,4.824349166253115,-1.2321908325263462
376799,6.788343789123877,-0.8544093255804102
377098,4.00327113141316,-1.0226300698545203
377399,4.19764957190365,-0.9873810893855839
377698,3.3236620403990833,-1.068225795442598
377999,2.6675802794882313,-1.1748804386377483
378299,3.081385925302728,-1.0589870030471369
378598,2.6776670896820414,-1.0975132153332434
378899,2.8213276479679807,-1.0890672662078722
379198,2.8084101450279095,-1.0717519448259418
379499,2.8122602585277243,-1.132027131561864
379798,2.856115045025755,-1.1274438638644968
380099,3.3006919859255652,-1.0014859111401488
380398,3.0086681426127986,-1.087516597228368
380699,3.1210379990721067,-1.0208479783784639
380999,3.2204786295861556,-1.0104817498084664
381298,3.1869226312619343,-1.033674854876423
381599,2.9016560699048712,-1.1311198721567663
381898,2.955281378740179,-1.1696262429783717
382199,3.415935383455494,-0.9555346371367579
382498,3.4986567158268023,-1.0521653608644277
382799,3.5927141281089185,-1.0325120831176626
383098,3.9537453141012975,-0.9180498274797613
383399,3.7353686723839297,-0.9780523390694489
383699,4.07992835083765,-0.8781565780663398
383998,4.014070118381906,-0.9018191746563451
384299,4.15492293050901,-0.8711843450112544
384598,4.4516018381061855,-0.7670187966320867
384899,3.8652294697094494,-0.9677544065718937
385198,3.9679038065316607,-0.9421434031918285
385499,3.921308624689549,-1.0040819391806792
385798,3.6953683888978586,-1.2245450396234028
386099,3.551903517636343,-1.307491506100476
386399,3.535063285976867,-1.4359872316950089
386698,3.5204650778891056,-1.407957251690398
386999,5.8553539167014925,-0.5790013865587018
387298,4.289105797627556,-0.9368379475082647
387599,7.474882646464017,-0.9109462392018417
387898,16.211952702005455,-0.2441163345324997
388199,2.7431407896721436,-1.769264909281
388498,2.777124417755636,-0.8323279029125763
388799,2.3909479833403906,-0.9588541705906024
389099,1.8717428056520065,-1.200638738123077
389398,1.8106445571399246,-1.2122390245800059
389699,1.9356995920855715,-0.9506360020661069
389998,1.9166715182121807,-1.0677463667144695
390299,1.7259352036900801,-1.180084406460601
390598,2.099586133439953,-0.9578413895911497
390899,1.8007311097796201,-1.2139786711333294
391198,1.7463131692394507,-1.2810704324108566
391499,1.7571461093782004,-1.4080683175938469
391799,1.7826523989505279,-1.331418360751916
392098,1.839649438776325,-1.345140230882829
392399,1.8286303344096382,-1.4049185568964688
392698,1.7013472571284174,-1.375663613157967
392999,1.6965592863084304,-1.3533317430437526
393298,1.6115080646449516,-1.458515839487113
393599,1.5747748482402775,-1.3745497468951067
393898,1.4517590873001713,-1.3761355005700238
394199,1.5428254397356014,-1.3090565045981153
394499,1.4515628921736186,-1.2890957473426865
394798,1.422704544395807,-1.3876614991333156
395099,1.4177770126246942,-1.281123445533356
395398,1.625121530634051,-1.3882107428209438
395699,1.4615412761463902,-1.3394600426207957
395998,1.4007485175418701,-1.3750575412415817
396299,1.4708412761395382,-1.4074156225026218
396598,1.6116285325342454,-1.3163590217172274
396899,1.6627322303025962,-1.3201518363858429
397199,1.6747818686679052,-1.3405729661342405
397498,1.7470939572666757,-1.3440661250693342
397799,1.6700294575295294,-1.2997897396291562
398098,1.6554142713179332,-1.3078535862565777
398399,1.6451802436492562,-1.3631352076943029
398698,1.5945586288701148,-1.3739512632513957
398999,1.6303765050258598,-1.4639672344877552
399298,1.624809647826191,-1.5835509489233734
399599,1.710058534113765,-1.5862824379854037
399899,1.4522560019083695,-1.585666927378492
400198,1.2969480254462118,-1.545474369459777
400499,1.8448880301074826,-1.039755223940344
400798,1.4753000938941525,-1.792497450215604
401099,1.3120381032733763,-1.7811554847676936
401398,1.2995550489751033,-1.7109284690489792
401699,1.2883411259438433,-1.6983228995448463
401998,1.2057227904519892,-1.5255941057630804
402299,1.345572719936087,-1.7042832080761925
402599,1.2870444502709295,-1.7026843669707823
402898,1.3837768036288918,-2.001677301816781
403199,1.836203948355922,-1.5387670460442928
403498,1.9136339266558862,-1.3027215436890351
403799,1.6402228214243513,-1.4350918891246014
404098,1.7570460745651904,-1.893937122416915
404399,1.5980419919611069,-2.294649458433711
404698,13.609578024600877,-0.5865613468033477
404999,43.0877312968927,-0.22472273720286107
412198,3.511867888260761,-0.6468430542626777
412499,47.84851933705134,-0.581444585171127
412798,52.15947577548561,-0.8138864128318186
413099,34.29706340449664,-0.8110541412147532
413399,39.321936117683315,-0.616029437489245
413698,15.346391536468897,-0.9170714488610592
413999,12.453649910110718,-1.021008290372532
414298,14.282257394652653,-0.9517925690655271
414599,14.18179109783572,-0.9712106061930066
414898,11.630182824417197,-0.887521560045458
415199,12.712395880208035,-0.8353507719333679
415498,13.230029984629288,-0.9640986774414986
415799,16.542772996585395,-1.2337121177977641
416099,63.00124373105132,-0.6220933749612718
416398,8.333091499982743,-1.7170166780774987
417299,3.3603123763997242,-0.4621966154185484
417598,57.82982815131743,-0.6814637207420944
417899,1.5895556689852592,-0.682283917781346
418499,2.3897151126393683,-0.7138445621225162
418799,1.4860785614318395,-0.7962669413126866
419098,17.180985109049452,-1.2569349492004167
419399,5.331012465609581,-1.2833071626776493
420298,1.0833055062014028,-0.7968047572502179
420599,1.1449993904635776,-1.1362835000916047
421798,0.7974074294064307,-1.2154783162910001
422998,1.206983245815627,-0.609221003552348
423598,1.7517410850113508,-0.5319730311380044
423899,2.9299246332083526,-0.5860997792684466
424199,22.49079919925163,-0.5645452728760698
424498,12.028978194799343,-0.5770287355389963
424799,25.7488764623868,-0.6244885485108855
425098,23.805644902805344,-0.603404461777715
425399,25.621313681433378,-0.6401300212725947
425698,30.32753925384582,-0.5738613404819204
425999,25.81825489536617,-0.7636844882029221
426298,26.56306133578612,-0.859622058711218
426599,23.06071491271414,-0.7961676011318268
426899,20.461267915668856,-0.7500265688145662
427198,24.15514577025634,-0.6690669205997759
427499,26.157215169615817,-0.6756566052823068
427798,24.075387912752635,-0.8325891182051401
428099,26.444208351373526,-0.683592386406755
428398,26.130305237044603,-0.7883111126011144
428699,15.637965977320098,-0.6308326188846771
428998,25.337440637444477,-0.6924015003896353
429299,28.479115202809858,-0.6922450553408557
429599,22.38141372175314,-0.7024248157728126
429898,30.854970970280476,-0.7054202586938978
430199,35.04239087014941,-0.6665988633299056
430498,35.53519967910666,-0.5384169338046942
430799,30.659913232883095,-0.541796766827374
431098,37.184265473563734,-0.5780070885108328
431399,34.04125500619478,-0.6216197164934731
431698,28.778542462907183,-0.571062818343766
431999,26.300248911259033,-0.6460796041923724
432299,5.380119451200271,-0.5785230607109109
432598,8.643623250605364,-0.5122461418092821
432899,0.9500438802459706,-0.7304685658674515
433198,2.5215099061293653,-0.5675015624977633
433798,1.2059106561432538,-0.6856323431332576
435298,5.190643242558623,-0.836688366270155
435599,4.165946312334085,-0.9375954547324099
435898,6.568936053334086,-0.6842382894078456
436199,3.5291782337507525,-1.01979636043091
436498,3.8090805147831595,-0.8969443016338956
436799,3.06636473441279,-1.172128565090007
437098,3.5751414964544557,-1.0018077996572536
437399,3.157910288065567,-1.072699036053757
437699,3.9471050936813077,-0.7906403263867279
437998,3.6636703401049195,-0.9154316464652441
438299,3.3930919224359375,-1.0184631871235332
438598,3.1589383091998267,-1.1047426375224512
438899,4.45956405633322,-0.7465438014849086
439198,3.136989896174364,-1.0433752467537651
439499,3.4210860286026037,-1.0199382335928706
439798,3.0526163718225114,-1.1676429827159747
440099,3.099889616982234,-1.131085153923372
440399,3.7023341324243635,-1.1679888893258559
440698,2.9955425516211225,-1.3001723376685654
440999,3.0348644688919553,-1.199450048988186
441298,2.7994565509544564,-1.267314674438107
441599,5.768728994947512,-0.5838614481160471
441898,3.785992026646585,-1.1664476367984289
442199,3.1005311470956602,-1.2013946764137207
442498,11.562986576815943,-0.2769439191991814
442799,10.04306628061224,-0.18208597973849638
443099,11.351300192842986,-0.20384434767792792
443398,2.994868464611864,-1.2390059305157295
443699,2.9984748816303823,-1.2736303587606992
443998,2.876031613408159,-1.2818832029841927
444299,2.8462803073664924,-1.2630158601965022
444598,2.5897876481627895,-1.3047121262542651
444899,2.817671898891956,-1.2896258377715464
445198,2.6638931506072336,-1.3045948716078337
445499,2.47966750652853,-1.3118170272699317
445799,2.3544567359498263,-1.3486882978135721
446098,2.300638234572512,-1.3312710880673322
446399,2.153654559771586,-1.326371492310098
446698,2.3410806867183447,-1.3774958818237941
446999,2.3167194549081596,-1.3683701484776618
447298,2.3234623193618638,-1.3206616911474525
447599,2.2601456591350115,-1.3266596943991904
447898,2.3105691677414932,-1.397246330234343
448199,2.4177273438664932,-1.3916127576358903
448499,2.3406215292414934,-1.4442164679697376
448798,2.3525505042044563,-1.4070951870306194
449099,2.6192853431095493,-1.3562637674678788
449398,2.7345865465100117,-1.3884522037759441
449699,2.7045070826350117,-1.3410982509002083
449998,2.722556924799364,-1.44360671321322
450299,2.8175404622574773,-1.4548127004243865
450598,3.790801066773681,-1.5228929558136328
450899,3.269518520743588,-1.7282110547149183
451199,5.047527277928773,-0.7917171161711924
451498,3.246094122190348,-1.4906791684064973
451799,3.303649752324607,-1.4794772975774344
452098,3.377636781113959,-1.4834762991228003
452399,3.340028582590811,-1.5733426349498134
452698,3.406903787919514,-1.4806574883292511
452999,3.973539978141613,-1.646679602653566
453298,3.2787933986278475,-1.586755875111971
453599,3.5711161484125693,-1.4879280484135888
453899,3.279605313597755,-1.5604600009190213
454198,3.445830040197292,-1.5542820578089072
454499,3.5536756753800387,-1.5445213679036724
454798,4.99565672154439,-1.2424655942006066
455099,3.981535682271243,-1.5865643720933678
455398,5.840361413853712,-0.6696604180758756
455699,3.803916466447168,-1.720389761298863
455998,4.41289570236615,-1.502861274132207
456299,4.541782163896244,-1.4434025968930557
456599,3.906683475822168,-1.632816838394732
456898,3.8701725503892987,-1.4595183670839087
457199,4.348058085211058,-1.4801050897949035
457498,4.366584608982015,-1.416637078200249
457799,4.86936723085007,-1.5058864515561732
458098,4.715908413794514,-1.490640769936126
458399,4.423414000627847,-1.3800495014647796
458698,5.107434622116274,-1.4612895375063646
458999,4.942307460338496,-1.406419935270372
459299,4.656705673072292,-1.4331295746750756
459598,5.007871330220441,-1.286075211120032
459899,4.696413699558403,-1.344116885236755
460198,4.8059684324403475,-1.3259756908585616
460499,5.052315829296829,-1.2964924472680601
460798,5.212081136519052,-1.3125426102250866
461099,5.472525567451921,-1.3160271314705323
461398,5.8243103831162735,-1.2987414683870218
461699,6.254839990315347,-1.221664047215402
461999,6.7713866644634955,-1.288901957171808
462298,6.421178700338496,-1.2475269559741102
462599,7.299517611220442,-1.2031789647974835
462898,7.172436639238957,-1.295589234109325
463199,7.173527745683403,-1.210476600295951
463498,7.266253951421829,-1.2714982350699078
463799,7.821155486484326,-1.1697996459693374
464098,7.537089460993586,-1.1887964874360062
464399,7.048065091326922,-1.2672616733243287
464699,7.817156576942663,-1.1800903765656217
464998,21.332780990661703,-0.46144888998619193
465299,6.86240291047044,-1.1960650069729017
465598,6.917085176201922,-1.188639370068203
465899,12.64247270069969,-0.7195693140981314
466198,9.102205690854701,-1.2613933322004796
466499,5.431810483641736,-1.0485389595161623
466798,8.22778998916181,-0.3107457001217353
467099,12.927999039919392,-0.5785615986610213
467399,24.123141748441796,-0.4353915707970726
467698,28.953247262722098,-0.5162918186061205
467999,9.797737950806306,-0.8028644873080661
468298,9.42167790584103,-0.6361217955849154
468599,11.233884638046831,-0.6685517939036785
468898,19.150218555532295,-0.4697604284871497
469199,41.431895762369955,-0.4868781096111139
469498,51.30561630289574,-0.5241798975459693
469799,25.464985369055228,-0.6472376699633553
470099,20.883874346833224,-0.6740941928383666
470398,9.898778446968343,-0.908888836649594
470699,22.562696936576657,-0.848186297463549
470998,17.480864403722634,-0.5183141994831284
471299,10.027818930338494,-0.9107656427960098
471598,8.184810353301678,-0.9049200210609856
471899,4.571414468546042,-0.64321087163387
472198,14.14184405908895,-0.552871933391607
476398,0.806111055866486,-0.8871190393810875
476998,14.485902723296183,-0.776371283847084
477299,6.14681144071603,-0.46942613730274685
477598,6.668849220606104,-0.35554840938332566
477899,3.3782309331072335,-0.9523327625734994
478199,3.299271733935937,-0.9050629781684578
478498,3.22093033415816,-0.895004748258388
478799,3.2186350144313076,-0.9411645851834569
479098,3.0235236389451967,-0.9971458622936036
479399,2.840680368614178,-1.1138109911077176
479698,2.7711867799405674,-1.1901895967344438
479999,2.617139841822512,-1.2948809354390698
480298,2.641670127479919,-1.3264373987898348
480599,2.675658875303993,-1.2971694052742326
480899,2.3596218654826107,-1.3459976708339094
481198,2.7751199745285304,-1.3223779166079646
481499,3.248564119553993,-1.2058645608584375
481798,2.7759753223502894,-1.3282303439401182
482099,3.024365341264642,-1.3318065639759835
482398,2.8682766227183447,-1.3628312132829885
482699,2.902838652044734,-1.4530837222327322
482998,2.7084394050100116,-1.2888268865557384
483299,5.55863993628779,-0.752789640028797
483599,3.00355765171603,-1.2546498311827339
483898,4.02640567472066,-1.0318895331353852
484199,2.938695144817882,-1.419893232459239
484498,3.215143068896586,-1.479782874781518
484799,3.0498826500632523,-1.5061021736550209
485098,3.3926839057414933,-1.3669421520298761
485399,26.263111027954835,-0.3484428906523893
485698,3.5155539027321194,-0.4373355870052986
485999,59.57750030260464,-0.4952262793363096
486299,54.423909295887185,-0.586151268389681
486598,29.463330466232435,-0.60815033430296
486899,41.81462516769116,-0.23438428291367286
487198,39.29717886158165,-0.23224766043468748
487499,30.512301590618808,-0.28618912036906385
487798,30.328143514153528,-0.30920879735252993
488099,37.88912440434103,-0.3746367762427789
488398,45.044602902178504,-0.435219662957518
488699,51.190771823371506,-0.3562657978456507
488999,60.89123363911891,-0.3110268053514764
489298,41.55634002460761,-0.3779536142118256
489599,43.016189563427055,-0.40195600959675604
489898,55.99452472720947,-0.36713228957774446
490199,56.97437112529107,-0.30949192947771587
490498,48.9242912947465,-0.37874295962933346
490799,49.358910992978,-0.3675737522485072
491098,58.42734660127415,-0.3816515425942484
491399,46.590793708093116,-0.4568675004007301
491699,43.57454419404914,-0.43330087526560357
491998,66.57845673502375,-0.4091443318319743
492299,76.6145995270644,-0.5196232436821615
492598,96.15937604181903,-0.3635105766149216
492899,72.41635152416858,-0.43381483283620503
493198,20.21914727048674,-0.5028397104685911
493499,25.052164272343596,-0.5998199783109133
502499,14.200216171127726,-0.8072301943224525
502798,6.171119461185594,-1.088035593223196
503099,6.651804300532815,-1.0325012008751226
503398,8.57371075133143,-1.169172777991193
503699,6.375580421810594,-1.1998124891614554
503998,6.492238303544392,-1.1213424467079256
504299,9.798510808930965,-1.1217533540859925
504598,15.130137360833949,-1.450390996646794
504899,42.15310088502389,-0.848249515017756
505199,32.0172360394834,-0.670585507207178
506698,3.305889142969436,-1.2238954357898284
525899,6.13025740195214,-0.9150811637104781
526198,5.953024422685938,-0.7550877076499345
526499,6.67125535241742,-0.6112120088990347
526799,5.797168930829456,-0.6795143637458736
527098,5.082072502500751,-0.9585497162264198
527399,4.441533509486864,-0.9997351856070209
527698,4.337201433097976,-0.9641798963018631
527999,5.627687252241493,-1.0932057974957994
528298,4.190291237317881,-1.0569836823198306
528599,3.953918704954456,-1.1212250948115923
528898,5.882778872125751,-1.1775569255709026
529199,19.469329670975288,-0.5320360940312783
529499,16.490122349218346,-0.5827542310536495
529798,4.396745991058622,-0.8647801265256416
530099,10.380713819114554,-0.6837984325731974
530398,19.220309543579457,-0.40865167229910626
530699,4.612980677419734,-1.3099318539040175
530998,3.194220363979919,-1.2748491936893713
531299,4.067006385121124,-1.049995478715812
531598,3.6764360904914932,-1.3131645564100358
531899,5.237358260891956,-0.8358802557571281
532199,4.296118699422049,-0.7475382208497985
532498,4.432692384056309,-0.7493952444140914
532799,4.110875757672049,-0.6629001833993862
533098,15.119491739428774,-0.303272748057275
533399,3.1469206159266783,-0.7862156167437031
533698,2.600606944644271,-0.9279545442397339
533999,2.6869406031789933,-0.9952304834557244
534298,2.742958116982234,-0.890591276317114
534599,2.8545544736280677,-0.8189304739167265
534899,2.6113475964984385,-0.9868939777719596
535198,2.9613936559706597,-0.8944356494938241
535499,2.6549384529868636,-0.8675892469022968
535798,2.5109354293595483,-0.9686679974952597
536099,2.3549946436627893,-0.9958300152192947
536398,2.4787883508364006,-0.9791774811290328
536699,2.69804867965816,-1.2481954268937727
536998,2.4688821202322337,-1.126056569967525
537299,3.7120389710493638,-1.2179694633033917
537599,9.029111224558998,-0.7368957696119343
537898,48.753616701456764,-0.900775444079281
538199,63.10083223443592,-0.8261725114481859
538498,66.92077438014637,-0.7915489618446774
538799,75.85875770031322,-0.6774331876989674
539098,67.3843694209433,-0.6876604933898858
539399,42.73301602507923,-0.8821374759051592
539698,46.12964248572739,-0.9612004489708093
539999,65.24594762992434,-0.7905471709541232
540299,3.35896037611175,-0.8408398898376548
540899,0.9427036010746743,-0.9410700548080957
541198,0.8787603979396081,-1.1152574730021527
541499,22.470371467518778,-0.7803336848795044
541798,18.234020947871127,-0.7825633861804779
542099,55.293071540524195,-0.5825461994341223
542398,33.479153035868535,-0.5795820445402264
542699,10.658070346757208,-0.5306905701852309
542999,6.067695142535255,-0.42221410158122974
543298,4.323346316371123,-0.635799637102441
543599,7.448519991903311,-0.3729022161048756
543898,7.308379269852604,-0.30770736571696666
544199,2.410136857169734,-1.643454600183841
544498,3.6349739022461227,-1.521125058261092
544799,2.6475418766280674,-1.6941228526902732
545098,2.7097753697576974,-1.5676415059075
545399,2.5815519298109377,-1.8288113223585802
545699,3.7133013278595493,-0.35934940405501914
545998,3.439218388410475,-0.8141345418878019
546299,4.414393769246,-0.4845385387426062
546598,1.8881289870308453,-1.4479737694640509
546899,3.502100451905721,-0.8296496100868782
547198,2.3136542751836227,-1.8126248203429478
547499,2.9165313253986813,-1.1385278020078387
547798,3.2133705446234377,-1.1497037165829886
548099,1.8853812859359378,-1.6965303361558366
548399,2.0631993275007527,-1.323586311953807
548698,1.7789582618132525,-1.5056923985943054
548999,2.121316568303993,-1.61757773715274
549298,1.8615786062739008,-1.3539461036643754
549599,7.365550005287789,-0.24392827704266473
549898,2.481962319669734,-1.5945378765061218
550199,2.152667659364178,-1.3713739284895605
550498,2.2264656714891786,-1.363480335689645
550799,2.1003318493618637,-1.3219160754734127
551099,2.202811312292419,-1.305857248230255
551398,2.2854213521951965,-1.2842711043524382
551699,2.5134588341026047,-1.4124386531457693
551998,2.4823406018919565,-1.3502908222808236
552299,2.7554025300609375,-1.3616477949223214
552598,3.0178835412924188,-1.2920825179256847
552899,3.273576691857234,-1.254433261927713
553198,3.6111388325563087,-1.2598077514151034
553499,3.664699772952141,-1.1917381484336822
553799,3.698375332489178,-1.2119774706339528
554098,3.9085924605655666,-1.2163800471373492
554399,3.909403993801678,-1.1571146684915274
554698,3.94576418035492,-1.1359138486988067
554999,4.116115809574826,-1.165005539085021
555298,4.218396888359549,-1.165801672602989
555599,4.528604213361864,-1.1139301717895522
555898,4.509320749753067,-1.1633005786242645
556199,4.539280221702142,-1.1350003985553938
556499,22.28044661943703,-0.2709571899700607
559498,0.7821014918850046,-1.2237765290594194
559799,24.693573173642818,-0.603340039538685
560098,14.718015782866006,-0.48765740790649437
560698,1.4426394008970764,-0.537095907229389
560999,1.0128705375984655,-0.5337925301443012
562798,25.328105813028042,-0.48402101191821933
563099,72.16030895495278,-0.5064540903023524
565498,2.553057169877061,-0.917003270222918
565799,4.726471765799364,-0.8985310436398639
566098,4.07235237309566,-1.096132393792403
566399,4.101168192734549,-1.0625402296264888
566698,4.072270760926678,-0.9687392966854333
566999,4.248255374276216,-0.886238070538599
567299,3.9678974582160302,-0.9317214802693372
567598,5.9742595621766785,-0.5653114911533352
567899,4.964231317790105,-0.7094948415621412
568198,3.4080402302646413,-1.1258137290843213
568499,3.391325605660475,-1.1892081712207188
568798,3.2095309225354742,-1.2334566015655457
569099,3.068785017593345,-1.2736965243158656
569398,3.4463662572785303,-1.3672562082411686
569699,9.542958252998814,-0.35187879152144075
569999,4.587021616542419,-0.4613621477611187
570298,4.321638573222974,-0.7748104351626843
570599,3.37776970497992,-1.2462384545009422
570898,3.2111112074266783,-1.164738122441706
571199,3.2442124448919563,-1.2161880175770219
571498,3.3385432298479745,-1.1747548191218304
571799,7.155286970972974,-0.7161111231949879
572098,3.6130759163803825,-1.2936652700180091
572399,4.270330034297049,-1.530379393835542
572699,3.41575366810029,-1.1086180436217292
572998,4.770768046021586,-0.9403806364859175
573299,3.732446231857234,-1.3028427115850354
573598,3.9564930098225113,-1.5081528844168992
573899,3.720793147327141,-1.2059151699376578
574198,2.89888507734566,-1.0965438611414302
574499,2.9589464069174194,-1.0660021333148961
574798,2.690892136942882,-1.1056308076522279
575099,2.717428542144271,-1.1447099554850269
575399,3.0394501335354747,-1.1534781273688477
575698,2.8899372621928823,-1.1066409978533494
575999,2.559278914285475,-1.1154685902693542
576298,2.550909414808623,-1.1422836574362396
576599,2.6961006697762158,-1.2979913687337308
576898,2.3295400874289935,-1.1824737161275602
577199,2.6053416975127033,-1.311433447072882
577498,2.223773283311315,-1.163919608855378
577799,2.1505218045451104,-1.1743335994977793
578099,17.627206570743322,-0.44085343739777016
578398,12.003739416632207,-0.4615510713897204
578699,9.821485710058134,-0.5735559284000658
578998,76.78495631850113,-0.3570815680112398
579299,59.82594054352111,-0.3277443685800776
589499,8.189752043543649,-1.1452364063265894
589798,12.493453441391091,-1.4035572374948853
590099,26.89260369092328,-1.3639358441293958
590398,23.336011611284388,-1.4655017535296895
590699,19.95954797348115,-1.5894451799346876
590998,6.968228898813033,-1.6550770749851211
591299,6.863460771810595,-1.2444193375990786
591599,4.3619691712852555,-0.9699819332277422
591898,4.159134201935718,-0.9328168455565031
592199,4.704469595144051,-1.190611989371325
592498,4.640773146558402,-1.4776658087086898
592799,16.383885421130245,-1.192382297283832
593098,17.05018910825582,-1.5772605052579731
593399,4.675436162169515,-1.1472658249684011
593698,33.522394591471105,-1.2751300993793797
613498,1.1551779999303489,-1.3161302411093674
613799,6.509941466901215,-1.175653115447874
614098,12.66210954009081,-1.5413164205006575
614399,4.312177532172049,-1.0745730350610865
614698,4.183143676514642,-1.0799119097441041
614999,4.4056824160123265,-0.9972306411214531
615298,4.369420015905845,-0.9808176932416419
615599,4.295209181294734,-1.0046468696433029
615899,4.051567919530845,-1.0624845832946983
616198,4.100557974875752,-0.7981433390125825
616499,3.866386151148901,-1.093831021636218
616798,3.8442004972276047,-1.2354039424856866
617099,3.772958448146586,-1.2410909336132758
617398,4.744631465303993,-0.7183618649563153
617699,3.1733238010377893,-1.1699343741799462
617998,5.092958302845316,-0.9842376229198206
618299,3.291711203459086,-1.215501463110709
618599,3.7073085491234377,-1.374102641914503
618898,3.2827668501280676,-1.2586742168335179
619199,3.3597805853317713,-1.2534351015454113
619498,9.060784754926253,-0.7195704986303415
619799,3.118389350607234,-1.2577057050347347
620098,3.1823505967484373,-1.2443227996387023
620399,3.462451587597975,-1.3217798089299895
620698,3.135360899706771,-1.3650388460191594
620999,3.626845092434,-0.937429174649711
621299,2.9042175038989004,-1.1575107592828466
621598,2.801057097952141,-1.1407146861610973
621899,2.9491225989614005,-1.2097269341414356
622198,3.036496700709086,-1.2684870038772962
622499,8.641514033838714,-0.8202086026890212
622798,2.7856523069336228,-1.1546409470259795
623099,7.448039541616495,-1.4394551585576574
623398,2.7513445858132526,-1.1109237257464666
623699,3.268495122625753,-1.4938523185213852
623999,2.6919496670863996,-1.1967325150972652
624298,2.8130367656674187,-1.1996806095664914
624599,3.0039807233132523,-1.243448376106524
624898,2.9294894157623266,-1.2716514154762546
625199,2.9817579262646414,-1.202851651800838
625498,3.1154429919660305,-1.2628278203245684
625799,2.9566053489961233,-1.224413593130306
626098,2.8074903688618638,-1.1683781141788532
626399,2.8448088713757524,-1.2112933708951639
626699,2.814751956419734,-1.3868555384385486
626998,21.329986604660252,-0.3637114654975562
627299,25.068524689919734,-0.5466883702501748
627598,60.54787741362025,-0.8978284334967424
628798,30.332499843019644,-0.537098023615727
629099,12.835328553655845,-0.18917459784511492
629399,8.86066336821581,-0.731295898463034
629698,26.531030212234327,-1.0167461954940777
629999,28.690660086063247,-0.8235035930295806
630298,25.775462324724206,-0.7688953033611428
630599,0.9100494782552297,-0.7870098277960165
631498,19.367999100130163,-0.7624875320724862
631799,26.929937942763637,-0.6295122478468886
632099,14.54967638167117,-1.081363846143426
632398,27.21711982151256,-0.4286499686345808
632699,22.679071238275874,-0.450743772778357
632998,17.61311837532295,-0.8474674880179833
633299,8.66735209996118,-1.2246834966208002
633598,5.9022854076672,-1.8792695679393492
633899,25.57957374297515,-1.4226034830011676
634198,5.312466836155501,-1.5275213412058877
634499,4.074415185340687,-1.5646764379308018
634799,3.7063095582991443,-2.1408016773336107
635098,5.04495134954902,-0.8011094813424269
635399,3.9721181387990203,-1.7912052250576034
635698,3.1793405236230945,-1.517729325051282
635999,5.384437158708743,-1.6428001143042357
636298,5.202122677687909,-1.5965980929912624
636599,9.371979146465685,-1.460020498433324
636898,5.207489763366273,-1.6820932073797352
637199,7.853639347833741,-1.2269452813885158
637499,5.716921421759668,-1.638260770721672
637798,6.166914561720441,-1.2906155370037813
638099,4.958055098535255,-1.6823140268244905
638398,7.404517725683402,-1.5989148604624717
638699,53.21626274994702,-0.42392369801580365
638998,129.55701708189002,-0.11627340389579666
639299,5.610380551560938,-0.48567154376365207
639598,0.8565005343802297,-0.8825821409686128
639899,1.7132966074303018,-0.7415803711562263
640199,4.1667730386489,-1.273125277614585
640498,6.373110792310718,-1.0576874084359447
640799,8.190534816505162,-0.6337525370295556
641098,5.439678064363958,-1.0201644120639504
641399,4.493399264750533,-1.4565838662426818
641698,7.211397547248219,-0.8915032610051097
641999,5.324099358863819,-0.3449689135019969
642298,3.60702827768033,-0.5550529767639585
642599,44.23353179574343,-0.592465105466419
642899,82.32963779003576,-0.5966619109662286
643198,4.931846093743319,-1.3836461098911874
643499,5.633428321097756,-1.30429370345789
643798,6.530641144623218,-1.2776107435466018
644099,7.841549738174142,-1.1195769774706368
644398,5.814684548907941,-1.0792118526070666
644699,5.590340910789884,-1.0174701734923781
644998,5.815922335694978,-1.056359250004721
645299,5.862850257271366,-0.97063353268362
645599,6.877267687961181,-0.7597044573263219
645898,5.585227579350071,-0.9431071475490733
646199,6.918891262190348,-0.7664015745304102
646498,7.395901922049144,-0.7814421509484981
646799,8.231024766794514,-0.769160951248413
647098,9.222296784449606,-0.6939886673039752
647399,8.908754219373218,-0.7396404607148219
647698,8.765394516600072,-0.7179588801930719
647999,8.392132135817663,-0.7283073428181699
648299,10.095346152762106,-0.7170459588820923
648598,14.067583128857013,-0.5778818500672271
648899,12.638604608514424,-0.6211975187034682
649198,10.741187250014422,-0.8420487743590834
649499,24.53370343913248,-0.30709107804347857
649798,39.39475997226118,-0.44866948123463835
650099,27.449195770255038,-0.5290609842949359
650398,53.23219369017332,-0.4623668267321923
650699,40.49431644362923,-0.4345699178341691
650999,46.02954634762208,-0.3120092185367007
651298,38.557765885608184,-0.4123925488033777
651599,4.87616618659323,-0.30260749926345953
655798,9.797341454748313,-0.511222275179293
656099,8.24735790572992,-0.45979956474249883
656399,7.842233167030626,-0.5230478405828958
656698,5.045868156183624,-0.9792317402582214
656999,4.779704430225288,-1.0370445990093042
657298,4.614824393257697,-1.1318505397789531
657599,4.349225508977604,-1.0609732693285276
657898,3.804673854959085,-1.1331591937572276
658199,5.544405684544733,-0.9743544908723993
658498,8.837985246873437,-0.7046402282805897
658799,9.126665605616871,-0.807085081134131
659099,9.037734216315945,-0.5206309576964601
659398,13.772911420783537,-0.5308709235113984
659699,10.230320580655846,-0.5085591900322388
659998,7.528881204482234,-0.7473502732712722
660299,7.847204833141957,-0.9232435139559299
660598,7.605185666461401,-0.9491537780480688
660899,6.837293948239178,-0.9873664169242791
661198,6.515214650945196,-1.0408114629419822
661499,6.440364596704456,-0.9962399849545143
661799,9.357061042584085,-1.0605225430417557
662098,8.548628009165107,-1.0124886812893923
662399,14.929235247790103,-0.7535619562407949
662698,11.204052184609926,-0.8854758489343872
662999,12.170517818158539,-0.8818929286688593
663298,13.653160234565568,-0.787932418107248
663599,20.407714461984924,-0.6664252146408418
663898,21.01001244465854,-0.751429557847276
664199,22.287117855058998,-0.7383365084110713
664499,25.797948929517336,-0.6719922716646691
664798,28.287003587364552,-0.618227332236059
665099,22.805992468309,-0.7277060843599847
665398,36.652272016444705,-0.5639083837653922
665699,51.454396988499525,-0.7038934778003096
665998,64.78833852530524,-0.5834733084074186
666299,65.76039779144645,-0.5283715174196215
666598,54.02777759634691,-0.5730946115031423
666899,60.620551765562176,-0.43135755919954444
667199,29.587601358950913,-0.46972033313106176
667498,33.80182093223042,-0.5296265011191723
675299,21.335319015630247,-0.8710197384188902
675598,9.139876767083866,-1.6567095250915571
676198,5.6929392910748255,-1.6091819018068954
676499,10.996092627977383,-1.4319527882088532
676798,18.30952299101277,-1.1365375348473528
677099,21.864265235478044,-1.4172151745816968
677398,13.6725133475961,-1.8686156389568853
677699,12.595526070414762,-1.3857909369843084
677999,9.907096816545172,-1.850241664504427
678298,15.351601680839158,-1.1774543650386748
678599,21.60177268370027,-1.1763830538636322
678898,4.547987670525873,-1.7981633115663072
679199,3.8081480054147607,-1.3925299012863745
679498,3.8551376092619836,-1.5046757640648964
679799,5.497663526176336,-1.3182148624237078
680098,4.005029584287446,-1.2207237187744817
680399,3.941988716079114,-1.1445166168841645
680699,4.219337292537446,-1.1551653132325832
680998,4.625916061868464,-1.2044336834223413
681299,11.128007535345319,-0.8449923079481987
681598,6.71786318185689,-1.428185301502412
681899,16.404826632994247,-1.374051869970791
682198,16.143028483695634,-1.4831964511937876
682499,5.589043303593346,-1.0628381833696765
682798,10.951460345816008,-1.5025485968028258
683099,4.06955511278743,-0.9142274525144511
683399,18.76166680594795,-1.687393952133729
688198,12.497101068000532,-0.6040679803819904
694199,0.722062981178119,-1.2419511672510661
696298,2.500317995879376,-0.6677387179546346
697198,9.868500575218786,-1.2994624233780039
697499,24.68946269196139,-1.389951453196323
697798,11.487785749347754,-1.1735586281464698
698099,4.534500558991272,-1.1058362305736207
698398,4.89880830265794,-1.1113362637577375
698699,5.188694854546828,-0.9709139719176649
698998,5.385959744167199,-1.0877923239071001
699299,6.283813305891737,-1.143056405379196
699599,5.418842492935719,-1.0174988931692823
699898,4.900747489595441,-0.9738821701965896
700199,5.074823161706551,-0.9441954231325056
700498,5.648847653611643,-1.0093048205010442
700799,5.93307158622044,-0.9644103391534984
701098,5.845172390991273,-0.9990333900311348
701399,5.9958986146764595,-1.0015110490116328
701698,8.240913489556085,-1.112514101694566
701999,8.635544355785255,-1.1514380905885075
702299,5.7589670794681265,-1.081272880707799
702598,8.655931128486646,-1.0986045505045348
702899,5.295460234360778,-1.4209679058739662
703198,6.4485864722505335,-1.3790948227717301
703499,5.336750506269271,-1.3021817053086453
703798,13.484658890845438,-1.12333887993851
704099,8.091339386891738,-1.3495406753429888
704398,8.271249580759793,-1.3009495616881828
704699,4.3679689596509945,-1.2581491369304443
704999,4.5063885131093295,-1.2864323751560134
705298,4.807241405060718,-1.2675069757276813
705599,4.531285039991273,-1.2016769780813652
705898,4.424320168215811,-1.1596067871601323
706199,4.393240529271367,-1.1529309518643802
706498,4.166464395204236,-1.1083567297618528
706799,4.328392496648681,-1.1137826753997024
707098,4.201411018903311,-1.0312663163561178
707399,4.337506249118588,-1.036090196807212
707699,4.485560578771366,-1.0583664778095425
707998,4.2820056035377885,-1.0443821436612435
708299,4.599117543711181,-1.0656993066814167
708598,4.212873626292419,-1.0312634995815584
708899,3.8107996668989,-1.2405685986875268
709198,3.920565715665104,-1.2335561279674536
709499,3.980010836364179,-1.2152797128045987
709798,4.0335129430192715,-1.1695362723276959
710099,4.093424609558622,-1.0862888269215256
710399,4.073607506984548,-1.0329141463833302
710698,4.229605507128068,-0.9854055258983747
710999,4.232807998211401,-1.0177111258985474
711298,4.30302419584103,-1.0234065548322429
711599,4.361907782993809,-1.0075440272306868
711898,4.409651683720659,-0.9372487292587075
712199,11.17486981508618,-0.5956571504979757
712498,4.6024128118178815,-0.9491701030434998
712799,4.76068886128316,-0.9656456119171171
713099,4.806127014178774,-0.9202060709524407
713398,5.062759320613958,-0.8748740891648192
713699,5.311517084824606,-0.872297181440068
713998,5.415156399271365,-0.8420368428158858
714299,5.286182915620902,-0.8413815064987431
714598,5.2457074134496064,-0.8255575425463371
714899,5.015218118919514,-0.777530339302813
715198,5.210395754435718,-0.8694523221642398
715499,4.621849495961401,-0.8162818564693355
715799,4.598746164588714,-0.7080225637471944
716098,4.5633527739033095,-0.5615286562325721
716399,4.407999113201922,-0.659934536225304
716698,5.784335210241273,-0.9791871622149662
716999,4.605756720278311,-0.9332467212985791
717298,4.23889445577831,-0.801009331195917
717599,4.76018986553757,-0.9823401651336532
717898,4.240974706255163,-0.880960518615683
718199,4.57029603503294,-0.9540756014763074
718499,4.500456146380163,-0.8192783178210674
718798,4.505620825264422,-0.851391052604975
719099,4.532257194472754,-0.890229559938682
719398,4.89828319209081,-0.897079905650541
719699,10.947647991620778,-0.5403331680481327
719998,14.881250391424024,-0.6081131266604354
720299,5.073264628146433,-0.4411701228965501
720598,42.6977883902643,-0.2549954907387153
720899,5.444995115991273,-1.1824435136697624
721199,5.147870237627848,-1.4282596402517447
721498,4.573974520222755,-1.2756226441311602
721799,4.62011598059544,-1.0952060311371934
722098,4.528930504053774,-0.9222629527728592
722399,9.367834435443323,-0.8226678658808406
722698,4.95739554209081,-0.9063018438887527
722999,6.3315683099564275,-1.0932173926093327
723298,10.212078431350728,-0.7646713044611653
723599,5.848179404324484,-1.22588703050137
723899,9.845579917267193,-0.7256133819637702
724198,4.654190458785132,-1.2972514255228087
724499,6.626398869127724,-0.7547419496612251
724798,7.599482872518929,-0.6266919484251159
725099,5.662371582363835,-1.4078638928423097
725398,5.44295459575504,-1.3508789039914775
725699,5.257527739266613,-1.1294200870767024
725998,9.235571740451796,-1.0970693641783038
726299,4.8953666349263365,-1.1018089271626432
726599,5.048520869319854,-1.1316489097487645
726898,4.7723411457922,-1.1232971295638383
727199,4.652437922789884,-1.117873411801153
727498,4.365009529766736,-1.0467685413236492
727799,4.575839963845442,-1.0559886267898961
728098,4.408694437567662,-0.9938260054535919
728399,4.787820382236644,-1.0838628230191354
728698,20.702867133328372,-0.36785642379955674
728999,4.650419380465809,-1.0001604126922379
729299,4.789487221345441,-0.9745489667513187
729598,5.104218435551459,-0.9470653756584475
729899,6.743973162958866,-1.221610786894193
730198,5.5369163061417375,-0.8832937797222937
730499,5.298983421428774,-0.8841320221561242
730798,5.605359684442662,-0.8054848742636616
731099,5.610232061905625,-0.8352277768150633
731398,5.836078674396365,-0.8924067433539999
731699,6.220615045329236,-0.8600041568409582
731999,6.217162224319976,-0.8442374759087037
732298,6.538556794942662,-0.8146349221709535
732599,6.753536819632477,-0.7485457315002186
732898,6.555949728833866,-0.7644144114851417
733199,6.573460977051458,-0.7146455194179557
733498,6.87008453985007,-0.7184182137341206
733799,6.860996700074606,-0.7130716252033151
734098,6.879525506338496,-0.6625834968207278
734399,6.8555749503454395,-0.6614244682403061
734699,7.200226117581552,-0.6448665852464648
734998,7.22052632159081,-0.6215001194534753
735299,7.464533481373217,-0.6107707870462877
735598,7.835503922169514,-0.6249400319047462
735899,7.869747028463497,-0.6237087005452651
736198,8.085988353102385,-0.6055049267023995
736499,8.620258431991273,-0.6022246419147708
736798,8.842779571470441,-0.5980617783585809
737099,9.007779898225074,-0.5989449453943896
737399,9.383030890581551,-0.6144613002712478
737698,9.537979080565348,-0.6009620977127872
737999,9.843972153579237,-0.5895577659893672
738298,9.719935184942663,-0.5594112197306786
738599,9.570674101572292,-0.5476559486667876
738898,9.541710689699606,-0.554262640525367
739199,9.461798657035253,-0.5535389685491121
739498,9.24549985784081,-0.5243897575022061
739799,9.208901600755162,-0.5286045004292244
740099,9.193911871134794,-0.5261453200729815
740398,9.34432958303757,-0.5482760233024777
740699,9.34187942180609,-0.5362031873154236
740998,9.235788724963495,-0.5470042585811317
741299,9.648471516982015,-0.5625173664333791
741598,9.469366862155624,-0.5686675976843376
741899,9.121924800866275,-0.5218532674974632
742198,9.345038526141735,-0.5144238084356751
742499,9.049374228623217,-0.5135435592586017
742799,9.214579558625536,-0.4967297373746231
743098,9.240256376002847,-0.5398505928260564
743399,9.236335632512107,-0.49193978465943955
743698,8.900321982539886,-0.4590346568289514
743999,8.98525831461396,-0.47775720029720925
744298,8.991269113954239,-0.4779909759418308
744599,9.265880157201922,-0.5192486927607671
744898,9.318860973977387,-0.5612395432046311
745199,16.84986134581217,-0.7114601459279575
745499,10.163666811947293,-0.6918314795835148
745798,6.885874298491341,-0.4752956849221668
746099,9.069166415808404,-0.6305835486774818
746398,8.337639326213496,-0.698600242422996
746699,7.124031431917199,-0.7014522065729116
746998,6.799340662901214,-0.8170684374785127
747299,5.051516332185938,-1.1397138631979886
747598,5.201899790306308,-1.10705992433238
747899,5.3150117610262155,-1.1107832673481424
748199,5.44371881072066,-1.0920559838711394
748498,5.563696917736864,-1.0964651633389755
748799,5.470996130660475,-1.0802564736716933
749098,5.3553210235377895,-1.068880093882325
749399,5.3003280757739,-1.0222748805638826
749698,6.158252082984549,-1.0854199485068055
749999,6.013373173410475,-1.0467299296015748
750298,6.0516346803942715,-1.056056229343914
750599,6.163517201535474,-1.0155774072328834
750899,6.229929420621123,-1.0111386233168038
751198,6.571450200797048,-0.9901884826172749
751499,6.618036175644272,-0.9710382360878596
751798,6.782099279100289,-0.9399588670541719
752099,6.806274001924144,-0.9195821542755405
752398,6.585234881975289,-0.8873778987605296
752699,6.627876236790104,-0.8997636994385236
752998,6.577864473760012,-0.815643325243973
753299,6.649530375489179,-0.7895367759334679
753599,7.394876650130381,-0.9503685285030479
753898,5.896457124577141,-0.7588216558050507
754199,5.905729287257698,-0.7808963266983306
754498,6.144909778760011,-0.7409073492545704
754799,6.278020106864178,-0.7425076305076785
755098,5.980235152639641,-1.0101272867341624
755399,5.646994735021585,-0.9823868887378842
755698,5.6292989991882525,-0.8314203975413816
755999,5.6433529180933455,-0.8761083879931351
756299,5.676580086732234,-0.8692321211767935
756598,5.725931280563253,-0.8688730452131104
756899,5.865821116750753,-0.9187174486693821
757198,5.860264312558623,-0.9204007325195873
757499,5.691808054683623,-0.8325266243840648
757798,5.793614417442883,-0.7395038322643417
758099,5.742200157028531,-0.7441999913632569
758398,6.027839549375752,-0.7708768516642495
758699,29.863894152530357,-0.7262124219468413
758999,34.56430504724332,-0.6849099266851459
759298,0.9148040785748192,-0.38381904330686867
768899,2.8790434995344687,-0.6574011801290056
769198,10.92672037856291,-0.6860074025947784
769499,10.972175216838576,-0.883946799081933
769799,9.94448272405365,-0.6903046742245948
770098,9.176160829400871,-0.7614653403059073
770399,8.336246862305968,-0.7315271197876094
770698,7.672863847898558,-0.676362871600142
770999,22.13612683080386,-1.1103518826755225
771298,13.993470778394133,-1.2323825491939946
771599,33.75589644913963,-1.4780067614700818
790198,3.5067790034101156,-1.330265174511557
790499,7.521897372641736,-1.0542636004752182
790798,5.435740607922047,-1.057465733512525
791099,5.503849795449608,-1.1409303972593894
791399,5.7970688561209025,-1.1909274680837325
791698,5.449239491391737,-1.0911694265874026
791999,7.339574437020707,-0.8188480911091622
792298,6.389484891102384,-0.9871334410816583
792599,8.678947818824826,-0.6192749672584947
792898,6.730782858745903,-1.0232568240638966
793199,5.092124849854919,-1.1629286636498812
793498,6.426977165389422,-1.0772761567371338
793799,6.857154139978835,-1.1726280975506636
794099,7.2709594277921985,-0.9069531676141585
794398,5.809661066306308,-1.1282516160376583
794699,5.781153399125753,-1.129607445488276
794998,6.00326285840353,-1.113947370127316
795299,6.279923268644271,-1.033194462953031
795598,5.736788782665104,-1.1049996764024295
795899,6.482505272197292,-1.0844123345477024
796198,5.6554102726489015,-1.1456704481557298
796499,5.915003097797049,-1.119137554285616
796799,5.557596394560937,-1.0135453527497171
797098,43.592225555422424,-0.42786449212507716
797399,7.823635915070195,-0.5939849845131835
797698,7.94617942139868,-0.6476822536206299
797999,8.070928101326276,-0.5024040751389418
798298,9.257792292810937,-0.5132577547157251
798599,5.164787165141956,-1.1629644651525695
798898,5.411285773130383,-1.1966420991405853
799199,5.586423012380383,-1.1359151425095448
799499,5.726433053218345,-1.0569484941798066
799798,5.825512548648901,-1.0221875967937835
800099,6.4247298445491445,-1.1134850890859616
800398,5.793583691602604,-0.8952844164143821
800699,6.306137867965811,-0.8620685687444885
800998,6.3402884005030655,-0.8730354603625874
801299,6.751875456894271,-0.7804261121178255
801598,6.1241915301787735,-0.6609852017242335
801899,6.659881788468125,-0.690262836929769
802199,6.777668792620903,-0.6619829000456867
802498,6.969898184123219,-0.7122131718408575
802799,6.9653717958662735,-1.032660829840423
803098,6.238291044447292,-1.2123674901638792
803399,5.355388958181089,-1.1265196758936997
803698,5.543994026002847,-1.1151746076797817
803999,5.278653246276216,-0.9305079926783208
804298,5.326771982674363,-0.8360695875072452
804599,5.715993212491494,-0.8748177882361723
804899,6.033067462780846,-0.8976226881997105
805198,6.421057434104919,-0.9121856181169263
805499,6.864247795836402,-1.117380138363695
805798,16.525268077864556,-0.6747363520386827
806099,101.17002708422336,-0.4855632343997158
806398,51.9608903768762,-0.44827585926359625
806998,1.0386244627544228,-0.8104275285055227
812999,12.307898250537447,-1.0903425065923202
813298,10.792168452488834,-1.3323247294001601
813599,11.079004560233397,-0.685831169233271
813898,6.05384263974137,-0.8777214091550716
814199,6.083806601502724,-1.3427805356598017
814498,8.148953255368465,-1.1857188415533924
814799,6.563499047005038,-1.2150346076686693
815098,6.718931682785132,-1.1089808023300183
815399,6.545747085204113,-1.110371482116069
815699,10.411332180719658,-1.0380276474754422
815998,7.754509515324606,-1.320261077467729
816299,7.135235688544515,-0.9100420632737982
816598,8.398078544417201,-1.2329257732711159
816899,9.851273715507354,-1.2554781906578314
817198,8.80164393560007,-1.3090907981975617
817499,7.940649282894051,-1.1226005662260277
817798,8.430989901345441,-1.3841631155019436
818099,7.434199235315345,-1.2107616188567487
818399,14.160494546073743,-1.0271029426381846
818698,7.120712635266735,-0.9039984034634769
818999,7.21307985691257,-1.0271372246782242
819298,8.288818054852383,-0.9500112418409319
819599,6.437876359206427,-0.9200125142093041
819898,7.955389381123218,-1.1855059339934284
820199,9.787594541799145,-0.8700893293687826
820498,10.352180923296828,-0.8393742275768072
820799,7.627982608674143,-0.998692682947103
821099,31.707546030988965,-0.7284281231124972
821398,21.359469969993587,-0.7851959444043219
821699,37.81940290994254,-0.6359969578623643
821998,7.163062665320195,-0.6759163434209632
822299,7.057575218241273,-0.6192876002006207
822598,8.302878968461396,-0.5941410576957604
822899,8.7260309642297,-0.5810202061249305
823198,14.023729671905842,-0.6250441933421513
823499,15.35026236719057,-0.45241081907182257
823799,30.783404739935722,-0.5997290054974544
824098,32.13211364419411,-0.5513556175337329
824399,22.422408137613957,-0.6340760528076628
824698,20.206679178782938,-0.5545122070209068
824999,18.69385611983155,-0.5391808908702875
825298,20.59587647331072,-0.6057990532764472
825599,21.690595842563038,-0.5926177039171208
825898,57.97533741468869,-0.7024682157573594
826199,72.89613996572182,-0.6964009862178493
826499,62.866901885089014,-0.65778496361245
826798,103.29269277190855,-0.6540466915033654
827099,116.00366353797338,-0.4693331871186339
827398,132.24239714805822,-0.5495427564339641
827699,105.00592669768785,-0.564744297652763
827998,120.30192805602873,-0.5238948688100906
828299,100.39005530674632,-0.6177225957655392
828598,83.34564744861534,-0.5173479032710793
828899,105.0235123439974,-0.6180359276273943
829199,73.30370638681683,-0.5676368165586951
829498,32.38566862971488,-0.5472281605346243
829799,58.019874084670896,-0.7062452813044615
830098,56.33076025727044,-0.6215849584825346
830399,69.66248889330748,-0.5069143363075475
830698,60.03279301821025,-0.543671454704308
830999,63.846003702532016,-0.5832350837477192
831298,71.54921157136303,-0.4783266945697662
831599,54.56357094289774,-0.5670809417749814
831899,66.70147782519403,-0.5450058669387863
832198,49.81545948211998,-0.6321994499685473
832499,45.4190722663121,-0.650345280132467
832798,51.81293445174034,-0.5547487109724072
833099,49.25545075007366,-0.569725418454706
833398,32.72566313583756,-0.4917867555695792
835799,11.89409139291962,-0.5465184876859848
836098,13.80347626054683,-0.3805884067222889
836399,12.023486287428776,-0.3562191565529256
836698,11.670120376412568,-0.4403343807432125
836999,10.420669091801459,-0.43609586325471894
837299,9.216598320190567,-0.46600073696926225
837598,8.977642049216032,-0.5431468470187539
837899,9.888846454838497,-0.5989633059366901
838198,8.31212493423433,-0.7852542011485237
838499,7.631936308438252,-0.8409519308860927
838798,7.540174264086399,-0.8638264686878183
839099,7.755173747644051,-0.9238103355145506
839398,7.650330416525995,-0.9089213930397622
839699,7.865800871688033,-0.9098583100900779
839999,7.880804553299143,-0.9322590929653385
840298,7.948842150752848,-0.9325410968900554
840599,8.052882511250532,-0.9661331796935686
840898,8.329109214065348,-0.9669200547699208
841199,8.484520858785254,-0.9314483202336175
841498,8.30292264695887,-0.8876373652882634
841799,8.586294175023681,-0.87681187702053
842098,11.069695265947512,-0.5532315311113867
842399,9.553460142121123,-0.658367030866744
842699,9.136532328574825,-0.7517308556682176
842998,14.124111270204457,-0.5133553671082278
843299,10.235425120966033,-0.7312908835550989
843899,0.6924233943957115,-1.2977840600447013
844198,0.996417133516082,-0.3018175994957448
844499,11.080846647708867,-0.6859931308145855
844798,11.209843557326922,-0.6293573014096248
845099,11.356764107616273,-0.6269905907946056
845399,11.583621751664886,-0.5811580465733883
845698,12.470041334843128,-0.5917344649140186
845999,21.77488167059313,-0.45028169007441754
846298,26.128922130822293,-0.26230111141126033
846599,38.99158636438016,-0.24592171728675427
846898,62.33762064568868,-0.2833512439920771
847199,73.41753653711304,-0.28780639477547054
847498,1.8953441600542382,-0.2426140318563983
848998,9.118755300417419,-0.44037777292021807
858298,21.390689963989416,-0.6643531803279217
858599,12.451564454009668,-1.2724437882331516
858899,25.340673833526655,-0.8687012633985993
859198,21.65200200270432,-0.8953968160204198
859798,0.8093029778431927,-1.3280990381203237
860398,0.9220040065854415,-1.7946452358332192
860699,1.0025785028177296,-1.7143361530303123
861599,0.8866055073007194,-1.3887755255287968
861898,25.035347770310917,-1.6163997125060248
862199,18.45349971954154,-1.7199072321311948
862498,15.005142415773033,-1.3849568400497199
862799,1.8470761468654873,-0.8931718708714722
863098,0.9320703438987484,-1.0960241193923275
863399,23.617446954812163,-1.2037098905375259
877799,7.712291485252846,-0.9583159212887493
878098,9.420889781414886,-1.0130825328937902
878399,9.002284357833865,-0.9628529360510512
878698,9.369405779949608,-0.9794104326622939
878999,9.04700344633155,-0.9299470464756232
879298,8.8335381899172,-0.8396805927127504
879599,8.764492785650996,-0.8795505489446722
879898,9.040325698498215,-0.9173610174069788
880199,8.179729278629297,-1.080328167695067
880499,6.7548808329174195,-1.086036756405909
880798,7.267520504495902,-1.0855885866637989
881099,6.644007452757477,-1.0631572713883948
881398,7.133748183313033,-1.0473528151835034
881699,8.178503978046827,-0.9334150158544869
881998,11.730722588869916,-0.608325748460603
882299,6.2657671933547,-1.1026900319078528
882598,6.307777606322293,-1.1181754434663782
882899,6.43196013866257,-1.054613048337051
883199,6.410423913238959,-1.0362109814138125
883498,7.192269782708866,-1.0841852557475962
883799,9.614676032557538,-0.9624929467571921
884098,11.404709292331553,-0.5475760506071465
884399,7.005962573796829,-1.090390143746872
884698,10.158588953442663,-0.6811606601790787
884999,9.37665463284544,-0.6249671785633009
885298,9.355762025796828,-0.6142039377927941
885599,9.452360698742943,-0.5508304450807795
885899,9.314039835153313,-0.6136604616616506
886198,9.471071137616272,-0.6825814409415385
886499,9.388237358083867,-0.7524156935946096
886798,9.67003466910007,-0.695078294687038
887099,9.86002004517183,-0.7233957434786686
887398,9.746399124951925,-0.6654530013399245
887699,10.004075377134793,-0.7854015905118641
887998,10.677207144727383,-0.6714020728112993
888299,11.98450840826905,-0.6724489212958003
888599,14.552073755116274,-0.5438011696131033
888898,9.324302113785256,-0.9075244218310634
889199,8.762145086463496,-0.868325422577882
889498,9.687030539938032,-0.6341497157916252
889799,9.907604862866272,-0.6076794283466469
890098,10.2702246829797,-0.6744101186685676
890399,10.593719173197291,-0.5900441585493927
890698,11.032813774632478,-0.6518201057465309
890999,12.079597199380164,-0.7950094910668042
891299,11.677206815498216,-0.705591610102247
891598,10.437214883486645,-0.5953909014654477
891899,13.791891077634792,-0.6958682464772339
892198,11.288378926264423,-1.055468782951757
892499,12.280223904944977,-1.0644037026123025
892798,12.532647820539886,-0.9988835070778355
893099,14.035727288600071,-0.9469724824676802
893398,12.500892592838497,-0.9394329603901901
893699,11.073936368692662,-0.9910562939780556
893999,13.254984212850289,-0.9278436002998383
894298,12.874196990329239,-0.8637236171854203
894599,10.429754564262106,-0.8806757616276266
894898,10.237113938560718,-0.8446427706983484
895199,9.906365110907938,-0.8986849447252845
895498,10.830727818229697,-0.8919284260844935
895799,12.163464473970441,-0.837735733344908
896098,12.28787899224359,-0.868276458228473
896399,13.221083671551336,-0.9235578312563522
896699,13.441444211459322,-0.7280280826867662
896998,11.435953377426461,-0.9527870426727596
897299,15.908517841616275,-0.9273660516070221
897598,14.38376646507692,-0.8929058285337865
897899,16.38557035361164,-0.7832352685545008
898198,16.675090741845437,-0.8134416575530985
898499,13.852452936194977,-0.7569758251769236
898798,44.75004071392812,-0.5100711420980288
899099,57.95891783955439,-0.6300797492558954
899399,37.86348366974708,-0.5236305335127416
902398,4.40963772723212,-0.9826111325427793
902699,13.400901397110779,-0.9023513893606729
902998,21.875350796212714,-0.881146465884489
903299,26.42582406181977,-1.0379336206630034
903598,12.589063281859785,-0.8683678048386074
903899,12.083213113393928,-1.0809769751013736
904198,10.337888314995782,-1.1022765140443869
904499,10.266737584176914,-1.0256398080372415
904799,10.764640151188487,-0.9424673075458991
905098,8.131172286042279,-1.361192731654283
905399,12.08034622471858,-0.9649766421023638
905698,12.406342611271821,-0.9972416737344505
905999,9.578272672873096,-1.2412755241034121
906298,11.175366965177117,-1.1821309366385075
906599,10.4630854644711,-1.2966555231003922
906898,13.951669834370781,-0.9150376058944267
907199,13.212606628134871,-1.1217034743831982
907499,11.876938972493466,-1.0993596175531355
907798,15.170281605072953,-1.1240222296242144
908099,13.585138230435595,-1.1261197572223813
908398,23.107627512853046,-0.8100858647771545
908699,41.30943603500119,-0.7700960347372541
908998,14.316807320544392,-0.7663442110964329
909299,9.321966318625533,-1.3069464121217904
909598,10.467215007069978,-1.1557818414927068
909899,24.94376630420907,-0.49365506965245354
910199,7.234882340241871,-1.0267370014065187
910498,12.931758657067867,-0.8754166719834826
910799,8.691037858859328,-1.2253218497028349
911098,14.102091332137107,-1.1751751342493413
911399,24.00907559156006,-1.0752098275181856
911698,30.547102506257993,-1.3941657434751131
911999,8.167961800400995,-0.9291399559650744
912298,8.306567678713495,-0.885965884006475
912599,8.489264647287571,-0.7998492238145729
912899,9.022696054366273,-0.6755450235020719
913198,10.208509829245903,-0.5805109850160977
913499,11.12608391963942,-0.5226943345674249
913798,10.425968536843127,-0.5699874721697766
914099,9.406767249482014,-0.44168838643000874
914398,9.394918840454235,-0.3869454670101402
914699,10.143680020887107,-0.3922672081258374
914998,11.416239164259792,-0.3829789959473162
915299,11.602664871361645,-0.374622932433899
915599,12.048178325843123,-0.3612860886960234
915898,12.648681098488959,-0.37245203724227083
916199,13.46554724687322,-0.36588528533484754
916498,11.44500346505146,-0.315723156636049
916799,12.074365337553775,-0.3606622138208959
917098,12.675015859553774,-0.3566897392031181
917399,12.945490071519052,-0.3530534884346537
917698,13.574736129718126,-0.3504419330103592
917999,13.704631378766736,-0.3401104936984296
918299,14.436606984514421,-0.3459168187889541
918598,16.9700505013385,-0.2943802581853676
918899,16.999304874704237,-0.2975298361097398
919198,19.21117875423652,-0.7181397038682422
919499,15.639126496343003,-0.5162550209017396
919798,17.47975454367402,-0.6135684678655322
920099,17.525938353033396,-0.5926782223378588
920398,18.447024318681546,-0.5260581799808108
920699,18.73518371596106,-0.4466698296950298
920999,23.659756203035915,-0.5851734525632122
921298,21.738960659079694,-0.6743713262929152
921599,21.10405440913756,-0.514834350287767
921898,24.057173533542862,-0.5999788596283651
922199,1.0819004531942378,-0.6237364005008437
922498,15.039289388211635,-0.5966478838433487
922799,4.249040852490487,-0.6105319364399544
923098,1.8570602628316186,-0.672759701232782
926099,50.91208077815754,-0.2569357503697516
926399,57.90807556227647,-0.20421272564339077
926698,5.333669060938251,-0.8462396160101842
926999,6.178277285296828,-0.7200917983174626
927298,6.802329154711182,-0.8023586501480797
927599,6.502807877315349,-0.7293394916644296
927898,7.032365858521366,-0.9523974612425699
928199,6.847244047926458,-0.8316852933286649
928498,7.171129816206551,-0.9652705682655471
928799,7.028994697648681,-1.0165036626708215
929099,7.122862458639422,-1.0639983871329162
929398,7.3123056030167355,-1.0359524561039422
929699,7.419744664574605,-1.027529181872128
929998,20.279627358352176,-0.35187401208818603
930299,7.294762976720439,-1.0904648330097637
930598,7.747083872442663,-1.0926177202341796
930899,7.86114171033618,-1.0500370959554535
931198,8.496294036058401,-1.0602059948296145
931499,8.55198261898433,-1.0895241704563698
931799,9.623384735667198,-1.0283499176705861
932098,9.029951822306089,-1.0801630320537416
932399,8.75566159427831,-1.063224639034563
932698,8.408461209049143,-1.0708477555171179
932999,8.642206511477385,-1.100071145136079
933298,9.212756792556089,-1.03627296584036
933599,9.010962428095441,-1.0635051727357503
933898,9.04940878198896,-1.0204282536858793
934199,9.125811218366273,-0.9650626527659889
934499,9.356024144935718,-0.8785705722574513
934798,9.784639899259794,-0.8701080727148016
935099,10.464055038632475,-0.8200857103787134
935398,10.634335721120905,-0.7836589673157885
935699,10.949593383093127,-0.7112378553377279
935998,11.69659722294961,-0.6970752966263305
936299,12.293895618107015,-0.718313400448503
936598,12.924880099368586,-0.6795089854706691
936899,14.017430228236643,-0.7034815023053664
937199,14.55610079285933,-0.708602456117376
937498,30.060413955861513,-0.6224990795970595
937799,13.68340133591257,-0.8940156198061824
938098,32.522364941514425,-0.40905669050175697
938399,39.97975719289393,-0.4977003789516521
938698,47.004066479910335,-0.5679579540877024
938999,37.01534891006998,-0.5449855912189194
945899,8.289259497167075,-1.2852837398127352
946198,8.086610556863837,-1.132781924483861
946499,6.59335964479902,-0.981333316129557
946798,6.344789885690222,-0.9479454743144453
947099,7.866837268184854,-0.9955485720329187
947398,8.291104948498095,-1.0852989253986656
947699,6.437506351273557,-0.7902672383309945
947999,7.023353209958742,-0.9208072986321529
948298,14.160985543137187,-1.1110151381736029
948599,26.157630046739616,-0.8415808717593236
948898,27.89750845836925,-0.8125604987684745
949199,20.3817977349711,-0.947562094777936
949498,13.040421903850152,-0.9714620471229138
949799,1.662663667340071,-0.5423543141534377
950098,11.858099009992722,-1.1107061845210775
950998,17.076788496230353,-1.2947224330310885
951299,8.795076196766736,-0.8261412036690692
951598,8.046591654360778,-1.054657017318982
951899,13.475290625086261,-0.44975829151528846
952198,10.426827306229697,-0.5094546466547456
952499,2.442054338830811,-0.4974548429089858
952798,5.763535606743808,-0.7968745804796546
953099,1.4701790911141712,-0.8707788726395709
965399,14.201964779111863,-0.5686773047631182
965698,21.52347060242634,-0.7009625270731148
965999,6.582912190252847,-0.6502658128053758
966298,7.5110513268940515,-0.6557011290736963
966599,6.955114589102385,-0.5877850629355852
966899,8.017071197185718,-0.7785191706387671
967198,8.453086156572292,-0.7754591613968602
967499,8.388939580567662,-0.6953967023690442
967798,8.475357372000534,-0.7329624866545836
968099,8.479067390313032,-0.6127956239650636
968398,8.044449131625534,-0.600430694912844
968699,7.853241583924143,-0.6033330750961612
968998,8.155102867903311,-0.5513729303937114
969299,8.1245066185422,-0.5398022088870715
969599,10.03025582629828,-0.9318167332113281
969898,7.039212402285255,-0.6385050396843024
970199,8.099076839924145,-0.8436412332002214
970498,7.651753592262106,-0.7191915161677345
970799,6.799895552317661,-0.634780758010868
971098,7.52110814754683,-0.6819037365455329
971399,7.507101658107015,-0.6635489699563002
971698,7.074768868924144,-0.6297264988794689
971999,7.354198316639422,-0.9184914589284345
972299,7.239377428435718,-0.6001778561795288
972598,7.480891971678773,-0.6385310406255342
972899,7.117742553769052,-0.6418929590562026
973198,7.395678436174143,-0.6129815950086417
973499,7.615234322167201,-0.5944559290627067
973798,8.022231389924142,-0.7222115376907623
974099,8.075232702870906,-0.625354840898747
974398,7.839501756456552,-1.0008649624863817
974699,6.610476129773682,-1.014249989633862
974999,8.560534146704235,-1.1366990972007813
975298,7.658237129734328,-0.9675815468017075
975599,7.833270936118589,-0.9993505941445648
975898,8.089724438012107,-0.9954211166005289
976199,8.491619037405625,-1.0266125706085831
976498,8.71592676793572,-0.9747781404986702
976799,8.363549340023681,-0.9694230383033884
977098,8.590501423444977,-0.8913607579702021
977399,8.603530323611643,-0.8715854136845054
977699,14.085454181752848,-0.8557771596785655
977998,27.400115962639422,-0.36435389486860936
978299,19.785544431241274,-0.5151998806107716
978598,73.31704140993014,-0.3533815130478897
978899,28.018797806998876,-0.4620953785402109
979198,9.847016215391736,-0.8353368274836652
979499,8.883948228947292,-0.9218785433562855
979798,9.191909951509793,-0.8958795975797946
980099,9.708697998060718,-0.9078365101043999
980399,9.967440523588495,-0.9145309970076216
980698,10.506352516593127,-0.9093360414649718
980999,11.144025525507477,-0.9070552267803462
981298,11.508621544544514,-0.8801880892809066
981599,12.130257490285254,-0.8695689451745325
981898,12.809944385995902,-0.837037047041421
982199,12.483600170567662,-0.8193906221922285
982498,12.38778296570655,-0.8112134298683513
982799,12.494079724988959,-0.7783544510060179
983099,24.676329823559062,-0.5617929893207576
983398,11.114814765187909,-0.8238506662928677
983699,10.658721504136981,-0.8700670819426137
983998,11.566881339257932,-0.8940038481927945
984299,12.216226721000409,-0.7862710996363895
984598,13.342313571609205,-0.743305572794227
984899,13.624633867609205,-0.70842931610386
985198,14.459959245671705,-0.6820864965016835
985499,15.211373821164967,-0.6290569158041057
985799,15.733673558801542,-0.6833784292570275
986098,16.433476142745985,-0.681292561643005
986399,17.601488382452004,-0.655551811435855
986698,20.095395171947953,-0.6934893291905797
986999,21.304335176560798,-0.634596551571861
987298,20.033495125635454,-0.6251004254524442
987599,19.17179571635073,-0.5313124072848323
987898,30.21592859621329,-0.6695987881018772
988199,40.46776177361329,-0.7155464636096025
988499,41.079673088920835,-0.7457028133096402
988798,30.496383188859127,-0.7816843976349444
989099,1.56675935038023,-0.98870913233098
992698,20.61809594906369,-1.3349274254904997
992999,18.45666657480675,-1.2296069729464087
993298,12.996712951216471,-0.8988957401847883
993599,23.779989002592192,-0.9569305669125387
993899,13.611415060422487,-0.9930246663953928
994198,14.132589769751194,-0.9216103024280624
994499,18.820449191203302,-1.061960193234622
994798,15.568076095623878,-0.9310414060781764
995099,13.965854024994249,-1.044063097269107
995398,13.14624942742249,-0.8826123237396302
995699,15.877653900903972,-0.996518882625727
995998,12.668915927253508,-1.018408293116945
996299,11.638562192017396,-1.005593933910593
996599,11.556981981887768,-1.1170066654577804
996898,10.747473008855359,-0.9431922918879787
997199,8.492384106380038,-0.9492498028885394
997498,12.796388147424805,-0.9213027001265253
997799,17.81574300980675,-1.126494514225607
998098,17.837218799996563,-1.1201450630615595
998399,15.792447721936377,-0.8827991398700195
998698,20.058736105348416,-0.9726170146348196
998999,30.722294349742658,-1.3151695358225584
999299,5.464103811028907,-1.3252490953982092
999598,13.753916637306746,-0.8922298022714892
999899,34.39212624333439,-0.7862314822308074
1000198,20.6922713957674,-1.0894788587139046
1000499,27.667346827318323,-1.0566865827422234
1000798,13.420244084975728,-0.6626569399038276
1001099,25.14466090008684,-0.8456144782584409
1001398,21.607841309542856,-0.7689780382055678
1001699,28.08099974876045,-0.6975003111751477
1001999,36.82773823140238,-0.880163027136484
1002298,4.492465195738819,-0.7680033541343287
1002599,20.845428646279757,-0.8943107325735657
1002898,4.919828666821288,-0.760973211444401
1003199,3.2126088686409773,-0.8066350845566319
1003799,16.95016451868507,-0.709881691254721
1004098,25.945152040654758,-0.7275943494404002
1005299,30.555403957585245,-0.8494168049026902
1005598,32.14014798212923,-0.6308600551874979
1005899,23.832283438336837,-0.7233000909713214
1006198,19.118752545647023,-0.5019939941273277
1006499,20.825298369741933,-0.5408905113189784
1006798,19.661920634746565,-0.5619836649342751
1007099,21.624015176119247,-0.5178855351773826
1007399,21.196199451015076,-0.4734924135392351
1007698,62.02631362273726,-0.42370799417118876
1007999,23.956109446641534,-0.625448383700884
1008298,48.47299411651031,-0.5416386760310838
1008599,18.79223101699888,-0.44648231468533606
1008898,18.9759160562836,-0.6114197618003072
1009199,33.749778016686236,-0.5182492232432798
1009498,32.89841725207744,-0.5680744145877514
1009799,57.04341909120639,-0.5212735813894689
1010099,39.041815028434925,-0.592669238158605
1010398,7.374299884161808,-0.5589720032098398
1019399,6.201363845432616,-0.504113281532163
1019999,8.326083506252846,-0.7811655176333794
1020298,8.545794886986643,-0.7250701840252476
1020599,8.510961584056089,-0.7211846573192411
1020899,8.80020999269729,-0.7553777972564932
1021198,9.489991547336182,-0.846813634337892
1021499,8.621479677743586,-0.7943162675972888
1021798,9.176039733097756,-0.8849947444393664
1022099,9.303655082873217,-0.7727766957897109
1022398,9.607870856394051,-0.8415962784356674
1022699,9.980312300704238,-0.8751474703970936
1022998,10.42452596895192,-0.8776181957714497
1023299,10.808355586588496,-0.882316786065577
1023599,10.9695427224797,-0.8931459763231677
1023898,12.004876481900995,-0.9703853073992925
1024199,12.597930558785459,-0.9470117278117036
1024498,12.219000349234328,-0.8424416723282475
1024799,12.323981772954236,-0.9054474403386985
1025098,12.747833253958866,-0.890783462429033
1025399,12.77321692490794,-0.8529250727237103
1025698,21.941071808952582,-0.8742475701155101
1025999,18.99777455604054,-0.7851089526388011
1026299,15.986382809343205,-0.8445754692633667
1026598,18.128545943387767,-0.8048917190728355
1026899,20.06983487739008,-0.8808450557567193
1027198,28.83876279769737,-0.4214724854629808
1027499,35.119571519242655,-0.38867112652509817
1027798,47.200871565819156,-0.33591538109618213
1028099,29.79593558245562,-0.5084701228745476
1028398,37.66412618360376,-0.435035101179871
1028699,21.280784824978046,-0.5690858607890943
1028999,26.634499979452578,-0.5167829043285292
1029298,27.14497030781601,-0.5384935339581849
1029599,79.87121081338985,-0.6676547490447975
1029898,11.44924700261687,-0.672934785900472
1030199,11.6794337172666,-0.6530895182002139
1030498,41.69772538282135,-0.6356976410836261
1030799,63.325650636550535,-0.9903088852994262
1034999,1.63153412787806,-0.8396862117954174
1035298,29.16064867302666,-0.7335507214240451
1035599,21.778902036959526,-0.8071082425150333
1035898,11.281533152192742,-1.0652192943655239
1036199,11.730342043669392,-0.8644324230545266
1036498,9.814009107498299,-0.8393719876976307
1036799,9.443371385579317,-1.0017294301609598
1037099,9.770954229266817,-1.1058986520962377
1037398,9.16542851754228,-1.0386135950261273
1037699,10.031877747192745,-0.9580527850438303
1037998,10.88972767041323,-1.050588855707686
1038299,10.03375975291786,-0.8733194072718096
1038598,12.097051258142395,-0.9614948452133947
1038899,20.05965203617249,-1.050421837057856
1039198,14.10966039635999,-0.9434667570739421
1039499,32.89003961946719,-1.21892974678609
1039799,41.50799168771878,-1.0983942211323625
1040098,20.730004286126192,-0.8725374594066482
1040399,33.831999309606076,-0.9866147301702228
1040698,15.394201110767394,-0.7953002562089688
1040999,16.316805477526657,-0.9396879021967643
1041298,21.85615581700582,-0.61056564263737
1041599,11.216487023047035,-0.7314586615900924
1041898,29.94990630185073,-1.0513575162708149
1042199,13.840492719084072,-0.7501983022189109
1042499,26.657162151892393,-0.9024049383273298
1042798,12.663048390560922,-0.6515126171224377
1043099,22.270184525914225,-0.6746984736447119
1043398,11.675008100972962,-0.6345207642761843
1043699,11.220087440431293,-0.5667138801189113
1043998,11.583116167218328,-0.5781078797734376
1044299,13.154872254720646,-0.5333733554202433
1044598,12.87953832004472,-0.605666592130889
1044899,22.297440819988296,-0.8598473946602736
1045199,15.346504265296907,-0.5489009616485083
1045498,16.111634051421916,-0.5097779484738891
1045799,16.166404120174224,-0.4632059090687646
1046098,15.961311065206635,-0.44439304449251016
1046399,16.478879078380245,-0.45987226285289595
1046698,16.69643266507701,-0.44591982762976423
1046999,17.383143659271447,-0.4343393918641727
1047298,17.86965179180154,-0.4113380145894783
1047599,17.950593533056168,-0.39532008011721054
1047899,18.59234748857932,-0.3980872259164274
1048198,18.25365104032469,-0.41299184267870115
1048499,18.768061364197376,-0.40390283504099855
1048798,18.88618876753302,-0.4274750247243977
1049099,19.4247411505608,-0.41551175091025216
1049398,18.669469328810795,-0.4180960112165595
1049699,18.481233899836266,-0.418701766563621
1049998,17.889221816544598,-0.40222375137847344
1050299,19.00677028409552,-0.4074166489258342
1050599,18.521781852333945,-0.4126274462750503
1050898,19.042809707938112,-0.4061680093280533
1051199,19.735473603567744,-0.4034298630095985
1051498,19.879126241299232,-0.3769913804051781
1051799,19.645043272414963,-0.3993155708885754
1052098,20.27019715622515,-0.4447602791884959
1052399,20.767915605507557,-0.44841988089035834
1052698,20.086499814854903,-0.432537429631207
1052999,20.278287795336386,-0.4409356972877485
1053299,23.603393365695055,-0.5150851109078709
1053598,19.39070445728546,-0.48164909075330065
1053899,13.73951156892183,-0.587438574567712
1054198,16.442748431030626,-0.5454869768987485
1054499,16.697924943736645,-0.5136225899207851
1054798,15.923326773982016,-0.4922582719517483
1055099,16.81649505891951,-0.5049186031704826
1055398,14.285033246866274,-0.5345938549196325
1055699,17.051443929375534,-0.5899521212165866
1055999,16.22257381571812,-0.5371913016674223
1056298,16.206915319333866,-0.526463777724756
1056599,15.571331928711182,-0.47372663745696375
1056898,14.821188853942665,-0.46487572958390166
1057199,13.049753482880162,-0.6310041955926664
1057498,13.808675207139423,-0.6320493900091357
1057799,14.576245246000532,-0.70332588631428
1058098,13.586000662806091,-0.5252674202139733
1058399,12.474950247729701,-0.5413677322807262
1058699,10.260108666690225,-0.6343798130087894
1058998,10.653912441222754,-0.5252411159350598
1059299,9.282989622329238,-0.6493936118942274
1059598,10.03107413670655,-0.4908896030745502
1059899,10.315297613632477,-0.4870621486445925
1060198,10.888806974634793,-0.8392353364031915
1060499,9.868588740294514,-0.5070586581917003
1060798,10.470088417732015,-0.5255553013366019
1061099,8.019937776838496,-0.5864449829122274
1061399,11.45967444785007,-0.6609096438168207
1061698,10.76756495633618,-0.7755903008730936
1061999,10.360750001315347,-0.6332647432030098
1062298,10.179663483500532,-0.7148483631150857
1062599,10.650315747644505,-0.9012783375895213
1062898,10.736955810766737,-1.0097548986796827
1063199,11.050857434326922,-0.9988346925837757
1063498,11.409860564649343,-0.9993836270935124
1063799,9.556776028785254,-0.7409109447115345
1064099,10.658662201296828,-0.8386144232597532
1064398,10.291647384271364,-0.7242711349954258
1064699,10.184283512569978,-0.6886063670715661
1064998,10.234466750194976,-0.7759301198826818
1065299,9.606266780505164,-0.6876222637127101
1065598,10.069614594806088,-0.6468240119648594
1065899,10.47272409300285,-0.5589241625558323
1066198,12.44580158023433,-0.5851354109033846
1066499,12.701936430195182,-0.6820720244440195
1066799,22.091786221563115,-0.5770475252839704
1067098,11.792539110792198,-0.6278667565568792
1067399,12.522373537711058,-0.6458139395407039
1067698,12.454091325104699,-0.6340497464792212
1067999,13.541312999236522,-0.5687779799486119
1068298,12.851898577671706,-0.5874556948483047
1068599,13.113017984968124,-0.5786004533602991
1068898,17.875239100761984,-0.4562496376844145
1069199,14.194280977634794,-0.5891847505024419
1069499,21.65120813860689,-0.38486687665425356
1069798,16.858518463780502,-0.4917859432601053
1070099,18.07902130237541,-0.5234209514545713
1070398,20.64445584880134,-0.43207603014441087
1070699,17.711630124502932,-0.5397775031256715
1070998,20.499357087280707,-0.49336188319566143
1071299,19.63526252892191,-0.5288300438562832
1071598,27.329882418366356,-0.45492952578213974
1071899,20.01611852088719,-0.5357130005196369
1072199,136.0107795836053,-0.25232185041137134
1072498,96.42255842805515,-0.21764331294256722
1072799,55.85796265315932,-0.35681068766463797
1073098,72.70074266014772,-0.332801341964458
1073399,94.34514290774024,-0.22733014087437908
1073698,33.9416417861246,-0.2860059187187296
1073999,42.57786761504821,-0.2562806863798899
1074298,72.37907171819712,-0.2657581912949172
1074599,51.26379676777207,-0.25708622876971576
1074899,35.41521664227595,-0.2643029240376842
1084199,38.560741983028926,-1.0337309453056331
1084498,22.459308311580614,-0.9624268599697996
1084799,34.39694457186071,-1.0202955656474488
1085098,24.833494129768116,-0.9841346644105688
1085399,17.774949766439416,-1.3253184724033868
1085699,19.123266002712562,-1.2742683803540165
1085998,22.509231924034324,-0.9217132864162505
1086299,17.813754397149342,-1.1693409550045515
1086598,16.85116569110536,-0.9882269295096828
1086899,18.58838067869636,-1.1122384612687966
1087198,22.110746629184064,-1.038527095756939
1087499,16.95202485998644,-1.2001073035907752
1087798,20.458758514263486,-1.024068757786074
1088099,18.82545294298571,-1.0522243183761155
1088399,21.01508977397414,-1.1886394332794876
1088698,22.74494814345562,-1.2593777849274024
1088999,24.724164438133858,-1.094814636738053
1089298,19.57015044932599,-1.24299838135043
1089599,15.128609647478044,-1.2698825089793733
1089898,21.002167489525064,-1.0082113781533066
1090799,21.53852064407758,-0.8728385979755453
1091398,4.801889174710177,-1.0679902711163014
1112998,22.26796907969564,-0.7388739362258736
1113299,20.93359321276508,-0.7373507869605425
1113598,19.655336580952582,-0.7294604862416698
1113899,32.58534780656138,-0.9530499521260376
1114198,22.287136222024344,-0.7027869428592306
1114499,22.31944861738777,-0.6951512148514989
1114798,31.355246653716474,-0.6864066064401566
1115099,57.60192101337384,-0.6442648151796029
1115399,80.78393667619328,-0.5470140423943977
1115698,1.6384674411209705,-0.711911008671456
1115999,7.883753017729919,-0.36806940732583593
1116298,17.932988390862164,-0.39252859151763775
1116599,13.333015386569851,-0.5041975452418148
1124998,32.454900989670165,-0.8122104957329714
1125299,57.056468410777384,-0.9429395152156579
1125598,28.75030283145793,-0.9707730079558021
1125899,30.023474240541265,-1.0151565081523586
1126199,22.698739017887767,-0.8757625223834591
1126498,14.121539735269712,-0.8928883533322995
1126799,22.095215473549803,-1.2183866843596287
1127098,10.284221939348415,-0.7197150409722366
1127399,10.553875033797489,-0.6803115936350701
1127698,14.481127537767398,-0.9224661130511882
1127999,19.090194093405422,-0.7754790703868801
1128298,11.5104654653244,-0.9771207320926638
1128599,15.64917195933221,-1.025891034994494
1128899,14.91870799994477,-0.7984805024227373
1129198,19.766535466294307,-1.0353341165994392
1129499,10.144119853092466,-1.0472031185678583
1129798,15.20161655865542,-1.1233358245038745
1130099,18.120913943296628,-0.9201796278334684
1130398,14.83164063515542,-1.0923421576549046
1130699,8.557628858634793,-1.038800647846097
1130998,14.725842884454895,-1.0674237637119002
1131299,15.82575169855443,-1.000805533328848
1131599,18.071423829054435,-1.0285906573167
1131898,13.498625406156286,-1.0323055089867808
1132199,14.61062533534147,-0.9876354313028972
1132498,18.391514758673484,-1.0165159368829877
1132799,17.041551992507276,-1.083971040177354
1133098,19.75140661666468,-1.1139791776611379
1133399,18.15996635845721,-1.0747807314158586
1133698,20.77420568178823,-1.0417394729777025
1133999,14.80312311186086,-1.0326550844246767
1134299,9.531649482233464,-0.9904002848328735
1134598,18.394004802767398,-1.1138885434212198
1134899,28.361962826887765,-1.1202441218276502
1135198,15.793434735491932,-0.8557660217347554
1135499,16.392083042804433,-0.8794986712044983
1135798,16.794898320621563,-0.7865606185519411
1136099,16.24943449482527,-0.8120065974576041
1136398,16.50976833849888,-0.7541474080527695
1136699,19.675138338209525,-0.8291089419493602
1136999,21.555397650545174,-0.851180545734725
1137298,16.22920419216091,-0.7042492167084613
1137599,17.354156874489618,-0.6749184025581758
1137898,17.368511363806746,-0.6933955106396528
1138199,18.383351260390082,-0.6798585663960257
1138498,18.940825691267396,-0.675909642974615
1138799,18.783229447792863,-0.6552170514173856
1139098,19.67921814339703,-0.5955761015535836
1139399,20.09564753727203,-0.5929401910505383
1139699,24.111957910063694,-0.7359793940073671
1139998,19.365506195765082,-0.5966312289876876
1140299,26.869239940010456,-0.5796674178419181
1140598,19.9081013838461,-0.5394834022735091
1140899,33.45224522203823,-0.7982872839310027
1141198,24.406313042450268,-0.691562198537707
1141499,20.448167244640082,-0.6030722804089368
1141798,20.241080074563698,-0.581928191048954
1142099,20.094842081984407,-0.5428340685197661
1142399,21.24427697957758,-0.5698601805975536
1142698,21.193304922929435,-0.6220953212404627
1142999,20.08583716561925,-0.667856663772898
1143298,19.12491751983395,-0.6012723589804831
1143599,42.63378067679822,-0.6463732083142864
1143898,32.731993420001196,-0.8382103428127179
1144199,26.54927747003765,-0.747789432465007
1144498,18.302203242100273,-0.5816634082111662
1144799,18.063953934378052,-0.6796623040268175
1145099,19.7719749178387,-0.6241169112544971
1145398,19.551135290621108,-0.6020822884895187
1145699,19.76032205704472,-0.5490383782965504
1145998,23.220823521042277,-0.6379090608207663
1146299,19.532203264940556,-0.7146288939044865
1146598,19.648942456692744,-0.7839097486905267
1146899,15.06080734775285,-0.7533128181117172
1147198,16.8806992095608,-0.8662199383546696
1147499,17.670155188658146,-0.8326022128648427
1147799,15.885340744003052,-0.8259509739557154
1148098,15.820300208938034,-0.8235510880266199
1148399,16.861998428289883,-0.8687664566007396
1148698,16.291047150252062,-0.8483975832520638
1148999,13.850771163947497,-1.006909342388759
1149298,13.804260206486521,-0.5418215364643315
1149599,5.301670437579833,-0.7658072713628077
1149898,14.73267884955828,-0.953510288312303
1150199,17.072056194812042,-0.26967905016305704
1150499,12.050312915255164,-1.0795407272823891
1150798,14.178408938252725,-0.826342294597407
1151099,16.151964581146242,-0.7467764187390362
1151398,15.571996383383135,-0.7717775028705669
1151699,15.064684802075265,-0.7253924395383611
1151998,15.888896048197747,-0.7865487926280377
1152299,13.940897597974946,-0.9000517033763034
1152598,15.75885244429749,-0.7664079460987268
1152899,15.053198564850069,-0.8643146144737022
1153199,13.331587685468124,-0.7566245691347493
1153498,22.778419303465686,-0.6000618396803274
1153799,23.906836576934065,-0.8538239016396201
1154098,24.1515652066233,-0.5704054611028431
1154399,14.749207425150875,-0.717281765882751
1154698,66.77219000289323,-0.4648473348637694
1154999,41.43083480517553,-0.3326007878676436
1155298,15.471705495322498,-0.6777661399271873
1155599,16.70064877302376,-0.6381423849154502
1155899,17.714984010547038,-0.7166692932329568
1156198,16.856929084704444,-0.7037969977975298
1156499,20.548797814980365,-0.75282706470079
1156798,16.844066445461266,-0.8401607257855468
1157099,17.538278214956758,-0.8514596223817843
1157398,15.842491673120906,-0.742469935876251
1157699,17.638662083049347,-0.6434155057608786
1157998,16.171226084345648,-0.7615830607002789
1158299,16.612783904713496,-0.5714961169101271
1158599,16.872955295627847,-0.6298068229307041
1158898,17.745539024711185,-0.851769056961899
1159199,26.77226125362619,-0.9465497079363425
1159498,26.058167049339158,-0.935036870075385
1159799,24.658330481604782,-0.9926601565766073
1160098,20.670379634479907,-0.9061897151593825
1160399,2.0720033475563007,-0.2699041821638941
1160698,61.04617609357975,-0.46800807604623573
1160999,4.401255665390085,-0.3922287828249724
1161899,1.63158137369056,-0.41612682444274873
1174198,15.038701773207935,-1.3516761181241828
1174499,25.337107202712563,-1.5776349285195832
1174799,10.171244968526656,-1.3278212612943818
1175098,13.078938904561378,-1.4910449346784582
1175399,26.73982372207599,-1.3454199165446656
1175698,27.918922227749597,-1.2715982701449433
1175999,25.683311259191733,-1.2977159070640307
1176298,25.56753691838849,-1.3252937101975766
1176599,24.994841484066725,-1.6428649307250294
1176898,21.329694810800525,-1.6664865255899168
1177199,23.802492343832064,-1.549353228004815
1177499,20.904236161960252,-1.3488699745796713
1177798,24.37038184863849,-1.287963432827441
1178099,19.777900661492655,-1.1942072795515597
1178398,22.795972657145438,-1.3068604869283513
1178699,7.193408600824483,-1.0320744780977655
1178998,26.207201126256546,-1.2821351055593762
1179299,25.293141169564414,-1.2462584586977394
1179598,23.121609426374597,-1.093110955541103
1179899,36.64780687967784,-1.0555030782295391
1180199,39.31270770326812,-1.6475241221305468
1180498,8.957707106560798,-1.294116325057527
