,rmse,skill
299,0.3079317885787403,0.16308302384046147
598,0.3582069987361111,-0.1009543480491002
899,0.28185245926932523,0.35636643957128655
1198,0.293538843072256,0.29732238081427864
1499,0.2982965652556849,0.28967153278763
1798,0.31404266631116134,0.22551124665230837
2099,4.334293977140753,-0.1257279437322132
2398,2.7492349498484874,-0.1988546347041662
2699,1.5463104782718302,-0.1562857310296264
2999,0.3534772206017227,0.23282929264236085
3298,0.8449352998235875,-0.19039163570404538
3599,1.5956575971680147,-0.25763211211706194
3898,0.5261460464199954,-0.4350155518441494
4199,3.265338247001204,-0.3385512121637577
4498,0.616165340021767,-0.7555836121068422
4799,0.5104941780245286,-0.36979581196807865
5098,0.48991788076027315,-0.33486497761288603
5399,0.413394375632781,0.008926118295248475
5699,0.40309851536194763,0.05771714305449127
5998,0.6869193740068984,-0.6181953204203863
6299,0.4426282305387112,0.06741863119029667
6598,0.38608285174220547,0.07209072526705873
6899,0.4145197457723224,0.07467050249449914
7198,0.40079809764729774,0.09099655073600321
7499,0.43794065133067994,0.04210884997654285
7798,0.43119901624040213,0.05283336445168796
8099,0.4636728951047522,0.05430144562830863
8399,0.5137038949797557,-0.3360911712297805
8698,0.4976644838980374,-0.24288572935467645
8999,0.4618855317336854,-0.13095008400813635
9298,0.44304697427138606,-0.060441022995689764
9599,0.4607376309451083,-0.05343602699206729
9898,0.2963989388599042,0.7488265272131471
10199,0.27562656731190055,0.7640700483965365
10498,0.2948191864493323,0.7412858523072853
10799,0.2872103042247953,0.7466370437739727
11099,0.32143108732286724,0.7120881449497691
11398,0.6069081737323254,-0.4574114993840568
11699,0.6074049948685851,-0.12185109324427423
11998,0.6390888858477518,-0.21587466025390456
12299,0.6913037193847887,-0.08817056792294276
12598,0.7286101192577745,-0.07674512636361408
12899,0.6051169755836695,0.3698111775261749
13198,0.5838371486183918,0.3953407690889279
13499,1.143726458363953,-0.049504271072007944
13799,0.8382196829129626,0.1946929283194112
14098,0.6860018804147626,0.3373309277635932
14399,0.8622224076582793,0.3062080570137419
14698,0.9290202489291127,0.195867471789545
14999,1.0854682256189276,0.14513110794545026
15298,1.3240602870368152,0.1156643975906626
15599,1.2932796476329667,0.09916933427173757
15898,1.4715638093376786,-0.04718220256671524
16199,1.2792951369001164,0.018089760747824424
16499,1.4919809563654562,-0.07447932310334804
16798,1.4726269446964748,-0.0634263938234918
17099,1.4718909979974009,-0.07322450250197399
17398,1.4219489985505123,-0.06362977037900208
17699,1.3116804431953895,0.0011063691602243297
17998,1.313712261500024,-0.03561873776353908
18299,1.0130601553176986,0.1528631846042917
18598,0.977454702817698,0.17622839275670754
18899,1.145511400132247,-0.053083108154795555
19199,0.8884390557654686,0.04764134037957868
19498,0.7500995670786031,0.1722087169484806
19799,0.7298929867358646,0.10653809507039658
20098,0.6658181720229018,0.1620343712483251
20399,1.131182380695187,-0.12661124420431813
20698,0.4725531784510776,0.4112728483298045
20999,0.5886455867105481,0.1814281609212427
21298,0.4498928570960796,0.3814230789634059
21599,0.4284404819045855,0.39933527953176173
21899,0.5291111525087312,0.41971962516680716
22198,0.5127126390897496,0.42113867337123334
22499,0.49828458985826835,0.44948923962807286
22798,0.3973471916627419,0.581718967334039
23099,0.48921788306483877,0.44049779648439025
23398,0.5025291218109271,0.21860673161885735
23699,0.6329964173093803,-0.05907148223250158
23998,0.48690939028073743,0.20156728044510497
24299,0.7045151746162993,-0.10054062120620055
24599,0.42048366515805236,0.28173837970692495
24898,0.34778856712018236,0.6005600709492052
25199,0.30122449304050775,0.6741046233008864
25498,0.32237669170738814,0.5760353473500524
25799,0.3164522442027585,0.5195733237328914
26098,0.25232513145893704,0.6879653239223458
26399,0.517646936822177,-0.46102236900298377
26698,0.4838203514113355,-0.34031971514468995
26999,0.4528914287451607,-0.2910954565555428
27299,0.46084048635211555,-0.35773171682671
27598,0.5155698236942347,-0.37905496610003886
27899,0.45130956420995855,-0.16111642729481312
28198,0.41205000864710684,-0.10571685910651785
28499,0.41734179282766243,-0.09211266746695257
28798,0.3655474130826293,-0.057463372710250926
29099,0.5340679079181939,-0.33429329760997684
29398,0.6363332655522402,-0.8778336921060137
29699,0.6539559475295132,-0.8167345052474062
29999,0.6774135411147402,-0.7763815148511766
30298,0.6154733925307918,-0.7885646907781527
30599,0.6684833437536292,-0.7937215170825385
30898,0.6747354180704935,-0.15074017326356692
31199,0.5613707873112342,-0.17238818568710812
31498,0.6368313939873432,-0.19786445076183679
31799,0.5671132242512322,-0.19257895898119282
32098,0.5602608369910144,-0.15862425094315502
32399,0.5698687880427733,-0.5381118810818701
32699,0.6256507014362918,-0.4338078645351362
32998,0.6405794346700879,-0.35561045337484365
33299,0.6466635504409215,-0.3863075037819834
33598,1.1172114452452295,-0.2696752759512506
33899,0.44665403178105517,0.3092260633834427
34198,0.5091349856329069,0.2693677617241952
34499,1.5090525372875827,-0.30369192801445255
34798,0.5203757155306382,0.16971540652787132
35099,0.3641832713475945,0.3681149776196587
35399,0.3346074433630804,0.21571201876712554
35698,0.5318978867107643,0.08727324717594998
35999,5.592961874860824,-0.17124088324905729
36298,2.2629586790176095,-0.28774875826474533
36599,1.3328165856379797,-0.16221180000091495
36898,0.24096178786428826,0.2906536562652765
37199,8.394719577204524,-0.23206666168792944
37498,0.4686087305278794,0.3810189448917033
37799,0.9338581386550828,0.062045483093402076
38099,1.2789640376992273,0.015699476106117105
38398,0.3522755583279674,0.4868579133914218
38699,0.2194210104234729,0.6594767812875595
38998,0.38792772386783037,0.4668309835977065
39299,97.85695461490252,-0.49945806165938933
39598,0.21096561083973975,0.5318092704194071
39899,0.18628018937838242,0.6920842699144067
40198,0.18856392777841965,0.6013442265812546
40499,0.22573651773118808,0.6627004759796642
40799,0.18373308607405753,0.6334620270874486
41098,0.1809015962630001,0.7124118091798413
41399,0.21653011536338662,0.47987611350338044
41698,0.21325894599250983,0.6119829282798399
41999,0.2038004887540839,0.662039216973652
42298,0.2119820305826597,0.6201990165462921
42599,0.22439275360463912,0.7430523005372092
42898,0.2583166413534231,0.5511589051755816
43199,0.26156801726259776,0.5197481745158028
43499,0.28370862604603886,0.47782470528122034
43798,0.273725765599327,0.46519197237267973
44099,0.5148445562322742,0.0014012289934545175
44398,40.47503138144912,-0.17397090803808846
44699,0.24234625349970834,0.5061887579520983
44998,0.21457055999464802,0.6640174153989236
45299,0.2466442847663512,0.472445598529031
45598,0.24227602229458423,0.4840973800416115
45899,0.19698283247503479,0.6575732337937732
46199,0.1907705972644415,0.7536286412640087
46498,0.17858956386178682,0.7499844767379948
46799,0.18776174934326834,0.7558705029206919
47098,0.17821097614913542,0.7642085692084961
47399,0.3131976549204647,0.23295180065224752
47698,0.36551054827463136,-0.015352659681646896
47999,0.32334746462416836,0.20686531944568942
48298,0.6577311495602962,-0.2531687479054565
48599,0.365356484414463,0.1206795639651993
48899,1.0702620811780397,-0.3908595552385796
49198,1.2221768007383307,-0.3739532619713808
49499,0.7463841398384614,-0.39435320965442533
49798,1.1641132298239787,-0.2801956067712612
50099,2.3934503663708018,-0.22733050807279054
50398,3.277114245528935,-0.22982529477434932
50699,5.555080489524305,-0.19810915650647254
50998,5.918125123033118,-0.21646814747394605
51299,8.066243033872059,-0.18110693787929333
51599,6.622966337216965,-0.20281262456889837
51898,3.5786304111007436,-0.2840690728275952
52199,8.942088643128232,-0.22891625872294874
52498,8.736713365855081,-0.23909889160297926
52799,10.777733367259115,-0.30229935274456965
53098,12.533884655389661,-0.31792326062246445
53399,10.057235934636827,-0.33261048554828787
53698,23.420669429275666,-0.30238249799884276
53999,42.078516412231686,-0.19972242242557137
54299,65.52477855281671,-0.2663738968759335
54598,89.66639801323339,-0.21696229814506207
54899,,
55198,0.9807778653996773,0.03403670561121297
55499,1.1984891221555933,-0.035154894380964086
55798,78.45839621007552,-0.2566144437437885
56099,53.137959882001454,-0.28891964949800886
56398,23.397044025871114,-0.28438251286762095
56699,9.06273908388894,-0.3563524875221942
56999,28.92080847100995,-0.6752170348129847
57298,0.8517016261337609,0.43574490118967346
57599,0.9848545564346866,0.32975208768454933
57898,2.2142767743749605,-0.6916149217261864
58199,2.1686819325138496,-0.651353341411391
58498,2.2753228125161638,-0.6366799159668708
58799,2.148139466064775,-0.6191357846664756
59098,2.162848667405053,-0.5937666391438261
59399,2.1962070866913135,-0.6921621557127202
59699,1.9829649296866836,-0.6988040901981478
59998,1.718153300784557,-0.5739718952349646
60299,1.5287080307590941,-0.5307288611756402
60598,1.368405926557457,-0.5187917066788379
60899,0.9830256773299852,-0.10410217777459319
61198,1.2637155681933776,-0.7156438823897606
61499,1.0847326540267113,-0.45441684397045834
61798,0.5556515157435284,0.2553114587358952
62099,0.6378017883669888,0.11983205191088131
62399,0.3274571383408797,0.6556617654087322
62698,3.150543139214966,-0.3555627787190816
62999,0.3398837210313477,0.6569580096558305
63298,16.202845277890006,-0.39281903574277943
63599,2.7318069996791703,-0.25596537650720474
63898,0.5921890979540014,0.26928021108932054
64199,0.5227500675398981,0.324134869844821
64498,0.4407957392111944,0.4779288199673992
64799,0.49725505647971285,0.36974307172404963
65099,0.4487762084797129,0.4498094372614676
65398,0.39998788531569285,0.4522883882184139
65699,0.39491892662991135,0.45412725018555633
65998,0.39380405483555087,0.44493001920826536
66299,0.3746139170976991,0.47389580531776776
66598,0.3559400447940793,0.4803200815920432
66899,0.36689931273433785,0.49345340008108773
67198,0.8719359698107267,-0.4472768015511519
67499,0.37991408788943043,0.47884835026118466
67799,0.3495989233662823,0.5294114906808227
68098,0.3377388569866527,0.5423611597601982
68399,0.3022770579702792,0.506491968840374
68698,0.34114791659637683,0.41396710682928894
68999,0.4333076611334139,0.3052350813947
69298,0.44052498464268414,0.3063900365369677
69599,0.4214460116542583,0.3166037745794096
69898,0.5038841998704584,0.07175404029119226
70199,0.46912107875008796,0.14961597000941806
70499,0.46364142263203223,0.1625760916317205
70798,2.278388066297302,-0.8086278737582977
71099,0.5235968314696023,0.07856819641938595
71398,0.49642406454737464,0.3312529055983737
71699,0.48629852009123464,0.3061277735905321
71998,0.49020628029956803,0.30956803812295997
72299,0.5158394471676236,0.2674750637485104
72598,0.4787943728709954,0.3112281264631722
72899,0.6011298365606446,-0.09287605452961323
73199,0.6236403148361075,-0.11929564864318754
73498,2.5061256342207154,-0.32548015361916316
73799,0.5657680068347671,-0.07703657082244808
74098,0.6164192417805521,-0.16099485499303579
74399,0.626579216380368,-0.12831794249685546
74698,0.6901476487067568,-0.19712264296991577
74999,0.6969187514752755,-0.22234235754322484
75298,0.707306027366479,-0.2655838757249245
75599,0.7450070862695176,-0.323127140644212
75899,0.8041742844876519,-0.43576527647789476
76198,0.7004191219922816,-0.43113664977351385
76499,0.8768632873178211,-0.45385988303161806
76798,4.602612566032407,-0.18112534081144682
77099,1.554168592236377,-0.2997618719227426
77398,11.138085049823546,-0.12600502489126297
77699,3.279098212882072,-0.487597511849869
77998,4.441071078090898,-0.047095419916489245
78299,3.570195867363554,-0.30084958058886024
78599,8.24205061292505,-0.07261874309416161
78898,19.23233159129523,-0.14694540043978543
79199,9.007916178577638,-0.1049002892960218
79498,44.34222534242903,-0.1702377206959893
79799,39.851873308762656,-0.1632978884517513
80098,43.995060237169774,-0.24884979769951943
80399,29.246780920200713,-0.39572778724385516
80698,1.220691629731502,-0.1111750541604799
80999,16.531592134616876,-0.42682494307539454
81299,102.80383761870648,-0.28957185718458867
81598,8.357153765782702,-0.22500802262401476
81899,0.6464902118485192,-0.12534859545079624
82198,0.710910488096204,-0.19267699057252674
82499,0.5906708421318697,-0.10590934593517365
82798,0.5817031099906661,-0.1012787616016535
83099,0.5315274775230735,-0.0730339783233982
83398,0.5635270009546222,-0.19413546413076488
83699,0.5300994973319368,-0.18193344709256531
83999,0.5534683665032332,-0.17797574073034728
84298,0.45539912863286286,-0.11326308146021047
84599,0.5331772845773073,-0.23869311403839477
84898,0.37297371540072083,0.27531287768270807
85199,0.3914985743521098,0.20615354892738746
85498,0.33297852707896164,0.2578097451220961
85799,0.31338213087294314,0.3367107360292896
86098,0.2791678746361306,0.42265674967481404
86399,0.37179918089113934,-0.3649221568179437
86699,0.3234221619397504,-0.27154322366166617
86998,0.3332178993230346,-0.24056224489761124
87299,0.2936727930614605,-0.15863061622082286
87598,0.29943553289942343,-0.19253964511150157
87899,0.24987928279291893,0.29777734901424824
88198,0.27035757114499365,0.32938617589530983
88499,0.2603213051123634,0.31402558001104297
88798,0.27093811411236346,0.4030241058514671
89099,0.255309573469029,0.41313956642806116
89399,0.4149247434093545,-0.9671596963610236
89698,0.3885340180621322,-0.9237556163280685
89999,0.41500341674963237,-0.6744706419203552
90298,0.3801921281332035,-0.3515794347559065
90599,0.3937071180290369,-0.6297840768628837
90898,0.3864735016644528,-0.09507164592378436
91199,0.37645763209037875,-0.08059842387558569
91498,0.3792881320249561,0.05111989189803168
91799,1.000242804887114,-0.4516561157215555
92099,0.40598160620887325,0.002006890887076729
92398,0.3605273065778987,0.13746930163417181
92699,0.36801078800413095,-0.0587880750259977
92998,0.2990937150839862,0.271842327905057
93299,0.3031020083501899,0.2767531362470209
93598,6.5852735620401255,-0.18594602730555354
93899,0.8911424623562684,-0.1880202094912582
94198,1.8015810705053,-0.14310893967224803
94499,2.055996461921072,-0.3535312685471719
94799,1.0748909709442198,-0.20899524432814398
95098,7.654971298008702,-0.22978850896349123
95399,2.350714619657237,-0.0926382535753163
95698,3.058077628848974,-0.09863337806752148
95999,6.030091617991484,-0.07654523791516143
96298,6.093766288145104,-0.07856908732939183
96599,5.107615421582764,-0.09068696997463865
96898,6.08680637786587,-0.10128251105335528
97199,5.256863377710778,-0.09755792084019266
97499,2.7298608415118624,-0.10571104000814824
97798,1.0859949930784685,-0.15922416795844296
98099,1.1675648168860664,-0.20012699334185147
98398,2.55365178128574,-0.32528835123664757
98699,3.7464387045519434,-0.18679168626849796
98998,0.2940519903951849,0.5289267731292393
99299,0.2931154347863887,0.5281378616243084
99598,0.31222509739643073,0.49091828980185237
99899,0.3517683285802001,0.3749385129867797
100199,0.36240274172192194,0.3762230321546911
100498,0.3376936654811812,0.39983153466049426
100799,0.3653718310876627,0.3561044488972718
101098,0.3673856149536951,0.3795589798408848
101399,0.3229828979982735,0.5345250347811903
101698,10.198905428152221,-0.2015809022300079
101999,0.36485018764578864,0.4651277203936093
102298,0.3394620602962515,0.506840055942906
102599,0.6358715889308298,0.19110473508453962
102899,0.3474735330283607,0.3550139471143666
103198,0.3723558327436385,0.3171659968379962
103499,0.3279548008130829,0.36659749554069165
103798,0.33170522191030516,0.3870433490407671
104099,0.32880574179919403,0.3979767997075512
104398,0.359038199694454,0.4559978046545988
104699,0.29448285527408063,0.5698417515008176
104998,0.3379831751917689,0.5468800714930704
105299,0.3395757853028801,0.5351185849795935
105599,0.2889307380714411,0.612485276483647
105898,0.3498060920063184,0.5129075124626055
106199,0.2661404526320357,0.6762950095454738
106498,0.2720774303417907,0.6649751058860831
106799,0.2781027038672536,0.6552623223164221
107098,0.26016082038345734,0.6846049592833469
107399,0.32328614155981017,0.5333143997298543
107698,0.32421173854666313,0.5245166873325592
107999,0.33074794917083206,0.5219667148232764
108299,0.6256535628121718,0.10450854515090435
108598,0.401960585491885,0.43109544226907026
108899,0.37469928545536857,0.48903567140726756
109198,0.37016456128168174,0.5328635607238643
109499,0.3919055323881632,0.4772216680737621
109798,0.35356972005482995,0.542638117107189
110099,0.39714283669371875,0.47548017035850876
110398,0.44207246363693575,0.3617251134620566
110699,0.3709727159064127,0.46391459004033
110999,0.4013442162513201,0.39472865762933784
111298,0.41740171501752377,0.3357425540630463
111599,0.37232330563362237,0.41424218792799217
111898,0.4186169358554246,0.28253908547183904
112199,0.492364092700332,0.15629185902155385
112498,0.4210885994665356,0.2566680223969975
112799,0.45741793556607263,0.1709716813650365
113098,0.47773740061699865,0.07328956357838601
113399,0.5856607308613292,-0.35078270161030733
113699,0.5948839392131811,-0.401903732616369
113998,0.6595882338375645,-0.33878231136224746
114299,0.5450902616950024,-0.2051288871946757
114598,0.6553221330359081,-0.2939407590281038
114899,0.4635132375767014,0.11075605724185433
115198,0.4132869028058681,0.17326532754884472
115499,0.44777301432438654,0.1556124868352069
115798,0.4876338087927461,0.034200764565898045
116099,0.4655278486509322,-0.010201646092458994
116399,0.5907793547713888,-0.18607259879054472
116698,0.4948778167811928,-0.1611890018516513
116999,0.5238262340260184,-0.18307241862327106
117298,0.5214939080355301,-0.242403843439585
117599,0.41901929954828865,-0.11066623660550512
117898,0.2848979871865678,0.6350273653488225
118199,0.277270119920364,0.5524601676524941
118498,0.28473661639535347,0.4575169232275602
118799,0.28918513853655714,0.49887945707931614
119099,0.23004393160046263,0.6863178393088867
119398,0.3874147426389098,-0.42450663778128606
119699,0.5127431000547163,-0.4924889401759487
119998,0.3407039221086129,-0.4522527847178732
120299,0.4974001397434503,-0.5223861750150267
120598,0.4009218894010313,-0.5186276689228069
120899,0.3509306804760026,-0.42715321241692616
121198,0.3963769008163769,-0.423894646352478
121499,0.3332815032008318,-0.34137455400760897
121799,0.349538045034165,-0.45799705079371833
122098,0.3360054127378688,-0.4087144599933279
122399,0.3416286224864317,-0.6070100005158148
122698,0.4066129952109688,-0.6380966202531959
122999,0.34078407889383916,-0.5803511764679126
123298,0.3396270009632835,-0.6268104051565218
123599,0.3214169719493946,-0.4702601560451707
123898,0.4514677691976611,-1.114023985827021
124199,0.40902374016293874,-1.3067321786797845
124499,0.4367870080819202,-1.0990184197237225
124798,0.46100737752867954,-1.0422400953290039
125099,0.4151681959893277,-1.233154287769446
125398,0.41310962009527125,-1.6373993100748736
125699,0.4307717415674934,-1.4530020299149644
125998,0.38420690997721557,-1.1448245056648774
126299,0.3888643692133267,-1.2413746080970878
126598,0.37680972557906744,-1.2644755896286597
126899,0.2972073036464876,-1.3147365223197984
127199,0.3215215255345985,-2.202470207249118
127498,0.30457041832873427,-2.1566701048760417
127799,0.2987291700023454,-2.0048945229713713
128098,0.3070426730003993,-2.5851994839269095
128399,0.20027164028749422,0.18425974789604815
128698,0.19891856965141463,0.26442758275919276
128999,1.656944948398671,-0.1836359295505665
129298,2.5823096599498934,-0.2449125301252042
129599,0.866675026542422,-0.26550057367245894
129899,1.130625422329108,-0.5373888579041393
130198,0.6256506572383578,-1.7010049303516181
130499,0.5332425352418199,-6.939576728673411
130798,0.5685710168489969,-6.029094970747987
131099,0.6887146056596376,-2.3552624895671026
131398,0.4004552754544507,-2.174916382651209
131699,0.37822821935980083,-2.039684445673211
131998,4.410968681637949,-0.2641189730918838
132299,7.636111190890714,-0.2533244379522823
132599,0.9418916067262886,-0.34917157987766245
132898,0.7896445022074591,-0.3445611713546368
133199,1.6462629707287944,-0.2909156259455161
133498,0.5935288381320273,-0.4493310103142574
133799,0.3464619411922124,-0.7753241814152574
134098,0.3389012849109126,-1.268304354479838
134399,1.7693746387490257,-0.28416519710791643
134698,0.6720397255355826,-0.22442262275645253
134999,0.42996713225096406,-2.459820488718983
135299,1.6230160237283906,-0.3025903444116518
135598,1.321740789871739,-0.32296766531960386
135899,1.7597995445217045,-0.6587750690929046
136198,1.6730949270718651,-0.5105922765795767
136499,1.65876365811285,-0.7643209481668811
136798,,
137099,0.8424415833886258,-9.022302314845492
137398,1.1134972326006234,-0.47266191775752153
137699,0.39285263194004266,-0.36579928172100584
137999,9.988541608771248,-0.2499072409242129
138298,126.41810903731022,-0.31244472500593745
138599,0.3367547470984741,0.413932489883725
138898,0.47387541536110284,-0.112491652263365
139199,0.5258048065956499,-0.15594170449285394
139498,1.1236740401210712,-0.8441477115809894
139799,1.438716155115895,-0.4229836896780681
140098,5.671063900438615,-0.2547686659638617
140399,9.835102760486755,-0.21780360415017586
140699,23.991697345955107,-0.2973213072394718
140998,1.4476694551836116,-0.154840840780623
141299,0.2822769861599758,
141598,0.2822769861599758,
141899,0.2841709864319829,
142198,,
142499,,
142798,,
143099,,
143399,,
143698,,
143999,,
144298,,
144599,25.27463544824849,-0.2796555929356459
144898,2.6623250387727744,-0.21471770526543144
145199,60.347530006015596,-0.566713142558708
145498,12.55132449984897,-0.5404496598543476
145799,4.36379204762212,-0.3642918725989135
146099,0.33812573339203467,0.8536488195120925
146398,1.0627614121007372,0.001092212966637196
146699,1.078036948253515,0.02150464181823719
146998,1.0541118337095332,0.010667540497575012
147299,1.0352285725637003,0.008769101273792379
147598,1.0166187983484223,0.0384516503795459
147899,1.2222233448547013,-0.265367432359606
148198,1.1847855083894236,-0.2633717086930085
148499,1.1305254839172014,-0.25538789008737717
148799,0.977525438778794,-0.20312757540646387
149098,1.1619389592440719,-0.6384997957822385
149399,0.5268164122376406,0.26283608346723164
149698,0.613454447935388,0.04711881072591628
149999,0.42383249727067845,0.43210548451513053
150298,0.45071081107118904,0.38376056140242165
150599,0.42080040077299335,0.4654613414188459
150898,0.5530684363460954,0.2663157121112738
151199,0.3538980246660248,0.6120343365077605
151499,10.771980719317108,-0.38602525002370225
151798,0.37449722372725597,0.5760159300066738
152099,0.6874541466956324,-0.01938031525396311
152398,0.3310868329640992,0.641197497297412
152699,0.32089338003122875,0.6507996065832755
152998,0.3275103708154985,0.6341505539434408
153299,0.47483241729348014,0.3114872480648907
153598,0.4648180155097129,0.2906235914029348
153899,0.3720742336909485,0.5219915213135307
154199,0.3634857155094561,0.5262019221175807
154498,0.8197879792154744,0.012667672208592329
154799,0.28795923969333925,0.5980156318405885
155098,0.26831567109148735,0.6027739792378178
155399,1.115510535751309,-0.28681357224800896
155698,0.2798235387005281,0.5709738369530197
155999,0.28493902897599105,0.5435435101064288
156298,0.6513274234113091,0.016898756335920195
156599,0.2819211660999923,0.5525461813863204
156899,0.2744772237138266,0.5532168118664025
157198,0.3155549093584899,0.47269220910951315
157499,0.35920014408719747,0.41433194045358446
157798,0.40586284438117903,0.32584752598225375
158099,0.38541825998071594,0.363911551102135
158398,0.5270072819589766,0.13978295193235046
158699,0.5591210005700877,0.11570947561980738
158998,0.937642434044182,-0.07021351697780398
159299,0.7227824223533886,-0.023824464349156527
159599,0.7258446361334812,0.04637707842490757
159898,0.6862147075365951,0.10950680601306051
160199,0.8234921034194896,-0.10707861465137825
160498,0.7254213334754819,-0.003972309596138812
160799,0.6758505494238293,0.13089202746434025
161098,0.6596255251888983,0.08077609675494901
161399,0.7012699641548387,-0.003354074612428759
161698,0.8673110032900625,-0.2251739462522524
161999,1.0271896646544425,-0.26305675448659116
162299,1.226809550731688,-0.34676609089244237
162598,1.2912711245279844,-0.40327591102627425
162899,1.6686754025668258,-0.3016989990505361
163198,0.9167799503554455,-0.27857502035013626
163499,0.8184630311116622,-0.31393078900869
163798,0.7823591570491621,-0.3041630188231599
164099,0.8830613757667408,-0.2847253886356178
164398,0.8866860953203218,-0.38695860450113684
164699,0.9704260304199673,-0.4389663886471111
164999,0.9134220732624097,-0.41810024122978895
165298,1.3535119383758356,-0.40141771917505875
165599,1.0458011593827798,-0.45795765797451016
165898,0.6888474301192917,0.03047496673029282
166199,1.6236554598965114,-0.41747196385411267
166498,0.6092386302534539,0.07309318783848684
166799,0.6783539865084095,0.0462763887323181
167098,0.6800673446347425,0.15428660325384658
167399,,
167699,3.289710343996241,-3.628934329834312
167998,,
168299,6.227834680138437,-0.2652250455770744
168598,6.533160604622511,-0.23465391694910842
168899,8.898013852420059,-0.27698698539852606
169198,47.32010031603398,-0.3702793957312325
169499,85.5400499854391,-0.4357780467230201
169798,43.46553239420888,-0.49152426336124844
170099,,
170399,15.64119267632058,-0.4226433615338059
170698,0.6123306483683464,-0.14105271515627127
170999,0.694271388754101,-0.17869811703608796
171298,0.5654310641528779,-0.056936393066548296
171599,0.5748694739190817,-0.12337743178948091
171898,0.9562015622908846,-0.3481195380676969
172199,0.6337580129513904,-0.24587941643085842
172498,0.5099581581365756,-0.2419399859278315
172799,0.5225534058611127,-0.20435352584956212
173099,0.518751484009261,-0.18436547561593275
173398,0.45161658105322267,-0.011347709121066307
173699,0.4596888212236657,-0.06743127276360394
173998,0.35927628840970427,0.03428805885771602
174299,0.36101211027126556,0.2482078024481813
174598,0.37901756781479684,0.16768784739924625
174899,0.688428720592441,-0.2132409272061364
175198,0.34700884889393446,0.22037295668667833
175499,0.3511633525484595,0.255385576952218
175799,0.2935442166040151,0.45727934296717565
176098,0.3320974614118854,0.3864899029528831
176399,0.33281667285019695,0.4239511290451784
176698,0.3406258386388684,0.44590775578353203
176999,1.358281913839599,-0.08565174252677288
177298,0.32141038460414617,0.45946099054743506
177599,0.30326345732241927,0.4927721233629583
177898,0.46970336754269215,-0.31995965824306505
178199,0.5125488897442205,-0.1920035342422779
178499,0.4783074310729243,-0.2293605712904625
178798,0.4893960086385165,-0.02430698046680213
179099,0.5003001211477759,0.016946175100530203
179398,2.118353496994343,-0.16024626951158671
179699,2.9686273725399475,-0.25033042269120176
179998,0.9655534402331557,-0.33575735725315137
180299,0.4769051410919518,0.13984549836636984
180598,2.7506460509506003,-0.26491592281528686
180899,1.497421974083374,-0.4325674160559454
181199,0.5273763355072776,-0.04206839522461325
181498,0.8858188425478466,-0.1112179243020841
181799,0.7024482004338227,-0.09998219614051829
182098,0.4873720784328854,0.19330298160838333
182399,2.5980557993516853,-0.5922654145243553
182698,1.6659960362753263,-0.8644100595338553
182999,1.4141180202706665,-1.087296607426897
183298,1.7979725451294624,-1.2671703250479482
183599,1.5851329074257587,-1.1923694315685252
183899,8.970146067159838,-0.5344715649290115
184198,4.192052529548458,-0.3110489043066227
184499,5.2325676306737305,-0.8261055563035855
184798,1.1785237791087715,-0.4048868451820906
185099,0.5429672248088008,-0.07165351617590088
185398,0.7565516828830138,-0.47878441542279515
185699,1.938381069780959,-0.522674312653614
185998,0.4536500382325509,0.02280466667224834
186299,0.42795114756386615,0.08440465409064501
186599,0.719975501582088,-0.4094710455403119
186898,0.9293066862465942,-0.6463290040813465
187199,0.6836016203170465,-0.5932242714767664
187498,0.8764859645295001,-0.48974422399875417
187799,1.6189240967162777,-0.48880683894719534
188098,1.4348844385525217,-0.3816186708728979
188399,0.5014114015934406,-0.07637940175044378
188698,0.4961265049591813,-0.06993524898164649
188999,0.4931527734398526,-0.12058223133859647
189299,0.49312826660420433,-0.17621396809202983
189598,0.5132890236466814,-0.10792868223458063
189899,0.36933769946193074,0.41968688870125404
190198,0.38381404969109756,0.39533489426024515
190499,0.39938569146887526,0.36984214980780494
190798,0.4247533586024963,0.3531731336055406
191099,0.4342044752847391,0.3365261360085514
191398,0.5283289556584605,0.08543380882509333
191699,0.8109351259742107,-0.2932480024441997
191999,0.8332093785702387,-0.29651442326378064
192298,0.6942436096512573,-0.053126928685716335
192599,0.7248204420054241,-0.06970444300742162
192898,0.9318900517829254,-0.34174620288476953
193199,1.4945040906093146,-0.14428926364107375
193498,0.9335606985560738,-0.09447029752269587
193799,1.4472516674773699,-0.5075046767885487
194098,1.1012198786694996,-0.2386941181296074
194399,1.1182795472044496,-0.3004690214280237
194699,1.060017745010005,-0.2663714774193293
194998,1.0549186695933386,-0.23121636772408505
195299,1.2006669319637089,-0.3959092477848969
195598,1.0421370667785235,-0.24500466282540856
195899,1.2632900966339733,-0.0983981593477925
196198,1.0435018677450845,-0.11475283060021568
196499,0.943794708757467,-0.03695374888238545
196798,0.9990871000537633,-0.05786184200031119
197099,0.8765345352088559,0.01967914190701303
197399,0.8157231520973465,0.02610097671072764
197698,1.1525768729677166,-0.1799777874851769
197999,0.8486833977964205,0.00891062574875312
198298,0.8637702445163281,-0.021885330522620094
198599,0.7915066560325317,0.031844739752846185
198898,0.6998803272145587,0.016194229835689078
199199,0.6286277139043738,0.06799129396462122
199498,0.6415505673580774,0.05385692599621539
199799,0.5657265638210405,0.09766931828117653
200099,0.5292651799390958,0.1485988776947268
200398,0.4098926900246043,0.4224002242860736
200699,0.38383706998988226,0.5009055051980882
200998,0.3904247963567242,0.43387710804357904
201299,0.4981946289204377,0.2929634688701004
201598,0.42001675733357596,0.4040979368899009
201899,0.378959410899485,0.3097412106883728
202198,0.46912935621163104,0.08419211689704265
202499,0.4622395036120939,0.014351117372514821
202799,0.8985847945333477,-0.18743124544190382
203098,0.5409187846388863,-0.02572743481485018
203399,0.5565489828714099,0.03244367626936051
203698,0.6019828658945579,-0.10539792768286782
203999,0.5995299614709466,-0.08328863905507511
204298,0.5791730376839097,-0.08446181719964763
204599,0.6738901428714097,-0.25279898801387146
204898,0.7514483848516847,-0.53555084470631
205199,0.6543035348887217,-0.5005855286481
205499,0.7008559411202033,-0.6001806563489691
205798,0.6975540966472632,-0.4866827895922523
206099,0.6716642158848494,-0.5530677892042726
206398,0.5594165574319905,-0.06880401755772225
206699,0.7096021993771888,-0.18581971723572877
206998,0.6751846522889666,-0.0781073714078897
207299,0.45888260906280753,0.029694254498195072
207598,0.48046589296823683,-0.07542218279699409
207899,0.6114070173171803,-0.21946708745150878
208199,0.5996716403843099,-0.2345603573346129
208498,0.6947324091574579,-0.28480768083196084
208799,0.5005363708148959,-0.1108164176322608
209098,0.6550648886042173,-0.24351849279316973
209399,0.8555919927745226,-0.25947311103098003
209698,2.228293564353708,-0.21913590373543368
209999,1.6228555441628245,-0.22150651979349756
210298,1.1077855482716208,-0.2340968616706438
210599,2.3614580115360835,-0.25509945909630827
210899,5.823047530077116,-0.22468280253815376
211198,0.48261234323667324,-0.07439395181381148
211499,1.2660596086139881,-0.21469996851050155
211798,0.9140696071443158,-0.16130358113335208
212099,1.6095473345981393,-0.25879705858382285
212398,0.7580767992520931,-0.16074648330403418
212699,0.7333713825064699,-0.1257697746722244
212998,0.33988546858830765,0.027393394315740616
213299,0.27261683732160097,0.07059787545024987
213599,0.2910446774529035,0.07617939298093424
213898,1.2856054141585473,-0.2403740304223867
214199,0.40012967061680066,-0.33724776453539995
214498,0.3954284200982822,-0.38412611759882953
214799,0.41582745090340084,-0.3078940625171527
215098,0.41541530898673407,-0.11151120822761817
215399,6.150821441458025,-0.457559735599955
215698,0.2370874410064914,0.09469642013955948
215999,0.24188893130664596,0.004408294835502757
216299,0.24603136199502418,0.13606665260365958
216598,0.22780345505562943,0.0881881190938354
216899,0.2054346216231798,0.34998184084977446
217198,0.20790942743105015,0.3861042272863592
217499,1.1749618267742532,-0.10334027305316207
217798,0.33614147797978866,0.3400067582161942
218099,0.35718668345685095,0.11344277083477017
218398,0.23517068744422154,0.19794902095032307
218699,0.24303061839098083,0.044926897085095785
218999,0.24447976556690668,0.11898325749524441
219298,0.24009950959931403,0.22033060285973183
219599,0.23759620307416965,0.3617637126014108
219898,0.20804351570838991,0.530464477438259
220199,0.20426088816367702,0.5999301119153498
220498,0.213676658719964,0.599843713189504
220799,0.23721115606662987,0.534387846908151
221098,0.22953412376914895,0.5689562990647601
221399,0.8161120285378818,-0.45255313412839704
221699,0.38526976971116417,-0.45150096453742905
221998,0.4070220660942766,-0.5327217005511307
222299,11.92781262108179,-0.20637678635829215
222598,47.800714939156705,-0.3105011687469392
222899,38.081820162679236,-0.2983822369697362
223198,58.834469123283334,-0.2391524145271926
223499,29.964324770477315,-0.2292076980423985
223798,33.46326044370351,-0.23124840668121438
224099,40.691690097700054,-0.2663741550711951
224399,43.580763454665224,-0.25556346089554993
224698,60.2115615481417,-0.25075003738050694
224999,107.85290671897145,-0.2712493886490923
225298,160.62670515365534,-0.2847571570728209
225599,112.213368880571,-0.28331582122962184
225898,109.79064618249244,-0.2390385545695599
226199,112.0582859058026,-0.2838704043279108
226498,66.06916141054799,-0.28062307630951966
226799,0.5340722718476798,
227099,0.5340722718476798,
227398,0.38216986284849286,
227699,0.38216986284849286,
227998,0.38216986284849286,
228299,0.38216986284849286,
228598,0.38216986284849286,
228899,0.271885579847867,
229198,,
229499,0.271885579847867,
229799,0.271885579847867,
230098,0.271885579847867,
230399,0.28119097868437426,
230698,0.28119097868437426,
230999,0.28119097868437426,
231298,0.28119097868437426,
231599,0.28119097868437426,
231898,0.4308203752242503,
232199,0.4308203752242503,
232499,0.4308203752242503,
232798,0.4308203752242503,
233099,0.4308203752242503,
233398,1.8994447444625142,
233699,1.8994447444625142,
233998,1.8994447444625142,
234299,1.8994447444625142,
234598,5.697551264298067,-0.49781520149144964
234899,58.24948668027538,-0.3678306185258171
235199,11.180289211782187,-0.5368951787561278
235498,18.299489085562282,-0.3696172851865227
235799,15.246579703189727,-0.4177305069972872
236098,13.721853935953943,-0.40228601787090623
236399,2.187289262803314,-0.6319765362270215
236698,1.9481958636111847,-0.5575665231654101
236999,2.3865119022385,-0.6521738567123068
237298,2.23098487610424,-0.6693657150920602
237599,10.112247430155733,-0.5178680855262741
237899,2.0469917371115813,-0.8121502380325694
238198,1.586342646444915,-0.470941414589632
238499,1.5265023822875077,-0.5100366877901215
238798,12.41422788901762,-1.6029459804948214
239099,33.83289335842468,-0.5518993750977541
239398,6.750774414159551,-0.3124390388253555
239699,5.041416209066958,-0.2900197866618177
239998,20.24219974398184,-0.3638435375694844
240299,8.042872980523505,-0.7537100106733381
240599,2.4010820009887066,-0.3460356181164037
240898,4.536060461328985,-0.6020390930085662
241199,13.31437146797105,-0.36820524370100194
241498,4.273598186258084,-0.47381959323175993
241799,3.2358891382092616,-0.40055730826307934
242098,0.6706847809345493,-0.24368898290633356
242399,9.098642106384078,-0.6260410030231183
242698,14.574239482381147,-0.7160434578697787
242999,18.346967024895335,-0.5166893626304574
243299,21.85355695193409,-0.6381510447712226
243598,23.27541292393178,-0.580254047543076
243899,14.308477673187841,-0.4684686315148867
244198,15.978138910893863,-0.6138968691299598
244499,24.02364101484988,-0.45131208836795467
244798,42.40673237242717,-0.2951628562893611
245099,34.655523243822245,-0.6644795292869139
245398,34.49875988647969,-0.5997610793072485
245699,28.404956621912557,-0.3718546174627473
245999,24.0389862659196,-0.45052200722254154
246298,57.1715016018711,-0.3539195315849779
246599,58.70383473704472,-0.42734382808001037
246898,88.8048385683249,-0.2598631161881366
247199,49.579787554115505,-0.4254664880590622
247498,35.30855323999704,-0.635135160278528
247799,3.219766657802266,-0.25933463215807784
248098,44.88701801932771,-0.24306628011480313
248399,18.911032876560142,-0.29636317418927804
248699,12.39428251044557,-0.4066551565406815
248998,5.202631424595286,-0.4800885966376871
249299,6.242376590755093,-0.40273661655311654
249598,6.118358372832905,-0.4553399193030172
249899,7.933493401572487,-0.40249129583680365
250198,7.213234937496541,-0.4217822515426053
250499,8.736279626750726,-0.4625553867498222
250798,9.211734799072483,-0.4378145685776833
251099,11.204528174987482,-0.45460329654991427
251399,11.61461346740293,-0.5153109241223368
251698,10.367483742722376,-0.4928043493641434
251999,13.000923560352007,-0.3290163899510312
252298,12.13014085539505,-0.42820945559982015
252599,14.217999774052457,-0.340575218965266
252898,4.970307717667221,-0.4334151428273785
253199,0.8779145514739665,-0.2789196641044498
253498,0.7305609328768159,-0.19920779548977507
253799,1.8158028309239418,-0.2977182244483789
254099,0.7755306363660623,-0.26213913147505963
254398,0.2462765812902975,
254699,0.2462765812902975,
254998,0.6638990344570773,-0.2133677474082165
255299,0.2462765812902975,
255598,0.2462765812902975,
255899,0.23414529468453318,
256198,0.23414529468453318,
256499,0.23414529468453318,
256799,0.23414529468453318,
257098,0.23414529468453318,
257399,0.15134784245834892,
257698,0.15134784245834892,
257999,0.15134784245834892,
258298,0.15134784245834892,
258599,0.15134784245834892,
258898,11.195283569863783,
259199,11.195283569863783,
259499,,
259798,,
260099,,
260398,,
260699,,
260998,,
261299,,
261598,,
261899,,
262199,,
262498,,
262799,,
263098,,
263399,,
263698,,
263999,,
264298,,
264599,,
264899,,
265198,,
265499,,
265798,,
266099,,
266398,9.087190198111825,-0.8812279954592306
266699,,
266998,,
267299,,
267599,,
267898,1.1558256263442994,-1.7741064780418916
268199,1.3292417324739292,-1.5357010097364259
268498,2.3341057593434886,-1.188268206090608
268799,1.8709730666652473,-1.7622448649362474
269098,2.497971680554136,-1.1763753326786004
269399,1.0709526827695415,-1.4602775949364775
269698,1.0416019508991712,-1.347461875795533
269999,1.4903163597985012,-1.0553900176377504
270299,2.138087553337853,-0.9114551182087507
270598,1.312836937259149,-1.4110427446162443
270899,0.6308939767904386,-0.33905950151504793
271198,1.0844513953290373,-0.5414550768440942
271499,1.552137157995704,-0.8248877378532791
271798,39.67196488464047,-0.3961561055421161
272099,0.7334003811155587,-0.3730882033060423
272398,2.8323626594893576,-0.2844527414673228
272699,0.5220741410702178,0.05938086518996277
272999,0.48734011236583324,0.11003186293304135
273298,0.4642489291003106,0.20089620697078858
273599,0.5162900563072131,0.06358534637355662
273898,0.6466291660094082,-0.3058928328363568
274199,0.6786598463540421,-0.39631826066803755
274498,0.6027689169666665,-0.2660330274838487
274799,0.6205130552847051,-0.3356790998836814
275098,0.6618277386410791,-0.4097905370039163
275399,0.8895686644116214,-0.38626701108752304
275699,0.759138863432455,-0.5327391915997273
275998,0.8783107741368694,-0.86557510086516
276299,0.9288049020591552,-0.8049919427646302
276598,0.664948413927801,-0.33880318597350323
276899,1.2824806020520156,-0.7604499152092832
277198,1.1182298402120017,-0.9300875579100834
277499,0.7060746908694583,-0.6504551892687254
277798,2.029049355834904,-0.5592599114710262
278099,0.7466150287823734,-0.7259973778306015
278399,0.8007219361089071,-0.32769799933399235
278698,1.0038741408218699,-0.6433579140843018
278999,0.866578537046231,-0.39157717249422674
279298,0.9532643426503975,-0.5471920203506582
279599,1.044934658391138,-0.5428139217800003
279898,1.622307485815808,-0.9301190032907365
280199,1.3069724850019377,-0.54800442242972
280498,1.2484957705868718,-0.5074445652769699
280799,1.4432798880545044,-0.5864298678953628
281099,1.4371425629525802,-0.48887211026454147
281398,1.3540123025600181,-0.20888440013667764
281699,1.5311138183077035,-0.33011764484222494
281998,1.5118191083100179,-0.2995070839547047
282299,1.6736765552452035,-0.36689280155739024
282598,2.5620148658174937,-0.5163724691003972
282899,1.341628851512692,0.1961046750731027
283198,1.529088473748803,0.07229355271300353
283499,1.2209882958969513,0.31148595090800657
283799,1.6456873569318382,0.06154193174183731
284098,1.6021829255861906,0.07328427201305032
284399,0.7221008042953633,0.8621086595242783
284698,0.9665244637865763,0.7341152551022363
284999,0.792636306399193,0.8428540590256759
285298,1.103380949984687,0.6907027914814696
285599,0.95793869932872,0.7167761512964952
285898,2.6988088276048634,0.325854707531089
286199,2.531720229503011,0.34085008337191847
286499,2.054450999992778,0.46559003303393265
286798,2.3752882664649997,0.33654695292015757
287099,1.7559827463307978,0.4910100706483792
287398,2.1479560998883445,0.12181222354938959
287699,1.7713072125758442,0.23262972272317262
287998,1.7639425832795481,0.21889145984718328
288299,1.1856978686638073,0.46903282668780766
288598,0.781694867829033,0.6118387189299668
288899,1.0532831660830047,0.31485585167470453
289199,1.1171962898774337,0.24099685595557407
289498,0.9337347525170673,0.015794535300268864
289799,1.1316064819097984,0.08856282226211099
290098,1.0082085937438765,-0.1425024050412964
290399,0.3478561080326996,0.8538794636679776
290698,0.32762125384288465,0.8668085479904062
290999,3.4059542438724635,-0.02709430299532478
291298,0.21099508056279961,0.904245308136731
291599,0.25551359775965127,0.8626339362513649
291899,0.6307485661007646,0.19031144308312264
292198,0.6061260046689034,0.4092268933687305
292499,0.5141067480228627,0.7316274607409576
292798,0.6001074781135098,0.7262251647654403
293099,0.5124141476781626,0.701787670250672
293398,0.4897022929202147,0.6990747782149369
293699,2.269399213919392,0.29552927221333514
293998,0.4953370565829517,0.7059065078281181
294299,0.487108618140122,0.6772468310956195
294599,0.442336659872369,0.70884412563084
294898,0.5910748229919927,0.5817602352248286
295199,0.40804484228411364,0.6757883789346327
295498,0.4073698084253174,0.6996691083508142
295799,0.6489481893010235,0.6141580986776183
296098,0.41100581340131914,0.6754461277445197
296399,0.3626977976287654,0.726851910069158
296698,0.35514775825376543,0.7480639508884331
296999,0.43261604938698817,0.670552698335438
297299,0.5497600428071577,0.5612889312038711
297598,0.3688180185956147,0.7073026832969964
297899,0.2753118101545879,0.8733070625266046
298198,0.19545055034663747,0.9324202712089159
298499,0.20238006260736968,0.9183188455671989
298798,0.22937052726249962,0.918428800425994
299099,0.2035124531397301,0.9322100502684967
299398,0.25718854305905725,0.8729036709171538
299699,0.24424978032572892,0.8920875113179548
299999,0.2561616802307658,0.8731775633533755
300298,0.23391830152732393,0.9006879879975459
300599,0.2931675410553479,0.8315437088775858
300898,0.34154458314592484,0.7012467944991401
301199,0.2568533073754243,0.8340195906713004
301498,0.2394506216670909,0.8478426497987283
301799,0.2564158792838028,0.7890228258279395
302098,0.2388145383726385,0.7844862630471912
302399,0.221341764545135,0.777316450747893
302699,0.6331242527446804,0.14014441290655466
302998,0.17307321493138686,0.8604115459622881
303299,0.17987933806492837,0.8416007637152465
303598,10.167134282999866,-0.36270216926954313
303899,4.087422394764044,-0.28524516980066283
304198,0.17431594075363468,0.8756982608710906
304499,0.1527584331934495,0.9111361006174009
304798,0.1581774501079589,0.9018976459160476
305099,0.13408893128141244,0.9300536905599449
305399,0.3121309745100696,0.6376062728968837
305698,0.3486410898642364,0.47333386437016556
305999,0.2990565290725697,0.6545630730861174
306298,0.35153994007642075,0.4565389344193822
306599,0.30275240434262446,0.6081000666795946
306898,0.2429732164554363,0.8373589162187619
307199,0.23447396872395487,0.8458802117923744
307498,0.2118395398217653,0.8879049865010552
307799,0.1926364438078566,0.9019996710434343
308099,0.153305443360304,0.9258167473672078
308398,0.12643574368055432,0.9459935339424047
308699,0.1447925880175528,0.9446799540489088
308998,0.12253441174361529,0.943661595140173
309299,0.11563245846953502,0.9475341223765288
309598,0.13310560091987458,0.9349266394228538
309899,0.1589813296157512,0.9230707415963257
310198,0.17841035104913439,0.8876822086737813
310499,0.15501878029960725,0.9215154542482892
310799,0.1288944679389056,0.9453369103315675
311098,0.10019789765835024,0.9538411176832688
311399,0.19863873138800756,0.7859626831400182
311698,0.18693105823238956,0.8182247598463082
311999,0.17997812587675982,0.8155414253238442
312298,0.18039967736971763,0.8045206664966524
312599,0.17895737709049916,0.8349865983971352
312898,0.39894683328389985,0.3360495858532665
313199,0.3946649454922332,0.3390901940694937
313499,0.3848864930454739,0.3048148919290725
313798,0.40194450515889985,0.34641359073481837
314099,0.4276507205292703,0.14357181516697526
314398,0.8779185922704649,-2.2131120264454123
314699,0.908750708256576,-2.2531687029024443
314998,0.7926276808700019,-1.2114637249512734
315299,0.8173782034024093,-1.4060427926901835
315598,0.6734571127040127,0.0048419625785021125
315899,3.256871521935454,-0.18757363193360366
316199,3.266457562568595,-0.17784929782620607
316498,2.1511641067708545,-6.166611749600743
316799,2.4527480260232912,-0.3722571638225356
317098,108.96418292853215,-0.24108963423946994
317399,74.49762534225752,-0.2652622121005985
317698,94.89430056995673,-0.1484734574224258
317999,102.4546230465024,-0.22949074396046432
318298,52.94893063970559,-0.2864169387055602
318599,64.91042020475487,-0.21951131329202123
318899,37.78457273098535,-0.2418720125223206
319198,3.203061374303417,
319499,,
319798,3.203061374303417,
320099,1.4408341381150391,0.01038411246590698
320398,12.177979086730003,-0.526649215726732
320699,17.83757646979512,-0.8795170021870551
320998,12.772299310622948,-0.5837276957995836
321299,38.07488457771592,-0.8306130431047265
321599,13.231318145472482,-0.7017396353985401
321898,20.581602541260967,-0.9925705169532617
322199,8.341212158390675,-0.7642970153404742
322498,4.602439964279808,-0.5106394226447355
322799,5.380840158739397,-0.5495990047979995
323098,5.6146540716502145,-0.4935599332980589
323399,5.427596400532786,0.04214238184017338
323698,8.217814685222349,-0.1003552046306655
323999,9.612941821895959,-0.23282120524008643
324299,10.639388043009383,-0.25752102286467826
324598,7.893379839206144,-0.12243594942279623
324899,9.654390605199417,-0.5044084444484247
325198,9.002403753923952,-0.46991107711742
325499,7.785719459163226,-0.41555733780376114
325798,5.581511264704211,-0.26400943711790137
326099,6.609908882710048,-0.5406325141876678
326398,12.018336275831457,-0.5104101144955342
326699,3.9279301191389613,0.03284235031569338
326999,8.121152435391643,-0.4575908807196769
327298,9.214896203471877,-0.5002018290439669
327599,6.65296466708377,-0.3703749521687749
327898,17.248462018803476,-0.6436571113728129
328199,42.15127991761446,-1.1826666412940123
328498,9.376405525905621,-0.3269624069222097
328799,11.387706408240604,-0.493157064521482
329098,6.247255683345436,-0.33355135911773526
329399,2.779407296930411,0.017480347698606957
329699,26.837243295491998,-0.9645457377360478
329998,29.04243722000696,-1.0415287104059217
330299,8.60861449061884,-0.4818885938636386
330598,,
330899,2.605332966570693,-7.283782044481759
331198,2.1666484499017904,-2.4349212959046733
331499,2.360530688279757,-0.280585763461646
331798,,
332099,,
332399,3.2285553833106873,-0.6178914428935678
332698,13.503375389783239,-0.4397607581697176
332999,6.8705375683044245,-0.4079708668187696
333298,16.176788310913896,-0.7623367249846866
333599,9.598531984651649,-0.4236765435201264
333898,13.924117929560984,-0.5160209123946311
334199,28.472517271673407,-0.7041434947247351
334498,36.18794342560415,-0.8925112263637034
334799,37.77858385483022,-0.6693269196598335
335099,22.21800085869104,-0.5948508539124904
335398,20.206264095827287,-0.8788000582750204
335699,14.88269837612127,-1.0592657847674265
335998,7.870438916561087,-1.229956461369178
336299,1.1771197411242398,-0.8725800006747777
336598,3.2747260060691152,-1.0105864465718537
336899,0.2983671535021504,
337198,0.2983671535021504,
337499,0.2983671535021504,
337799,0.2983671535021504,
338098,0.2983671535021504,
338399,0.6955082101276672,-0.4112820133681121
338698,0.6417342667544241,
338999,0.6417342667544241,
339298,0.6417342667544241,
339599,0.6417342667544241,
339898,0.3098507955884462,
340199,0.2841392191701425,-0.298130270644013
340499,0.7305509139878863,-0.26106111742312654
340798,0.3098507955884462,
341099,0.3098507955884462,
341398,0.20547322549106506,-0.933494767137496
341699,0.22681512540476248,
341998,0.22681512540476248,
342299,0.22681512540476248,
342598,0.21557775104164448,-0.9411536123368176
342899,0.15314997880493095,
343199,0.24585033504345613,-0.16401026475369984
343498,0.15314997880493095,
343799,0.15314997880493095,
344098,0.15314997880493095,
344399,0.6151564752299149,
344698,0.6151564752299149,
344999,0.6151564752299149,
345298,0.6151564752299149,
345599,0.6151564752299149,
345899,3.2159389064858477,-0.2154333461590403
346198,2.4377141064717764,-0.20363591617062582
346499,1.6377552354746738,-0.6194570576636218
346798,1.4705237532848592,-0.6199973507296743
347099,1.2946196084289843,-0.673404188620151
347398,1.6522455461194652,-1.0097401834159352
347699,1.6529838198254836,-0.9425440899627553
347998,1.7066396023486319,-0.8449051388636251
348299,1.510303825170391,-1.1034165436631298
348599,1.5424569051657615,-0.9873294302604736
348898,1.2345386105876657,-0.6900187211173401
349199,1.9214648460846249,-0.4805464514580178
349498,1.1281869558452295,-0.7259216618376663
349799,1.00871056271097,-0.7879565778378996
350098,0.9357917072635915,-0.7948128218259638
350399,0.9282650029033981,-0.7700674249738355
350698,0.9421049635634415,-0.7473078635936361
350999,0.9331341060194601,-0.7622595555916347
351299,0.7839793820148303,-0.7942931887227032
351598,0.7816565276143674,-0.815992476529426
351899,0.9242670900809087,-0.7970712103386224
352198,0.8263818269837534,-0.8348678382050958
352499,1.0737926091828274,-0.7864750416524764
352798,0.8179384545948646,-0.752373846878714
353099,22.314930810917165,-0.29246514374614785
353398,0.8112706186491702,-0.3144640876968856
353699,0.7866157248112073,-0.2896171874055562
353999,3.026826532954726,-0.310989881873071
354298,0.8248707167926888,-0.26401466616548075
354599,0.8264550697371332,-0.1971431050575405
354898,0.7974860195675768,0.08494775204897964
355199,0.7684536515136614,0.1649764149976235
355498,0.8024917975391244,0.12468655639006254
355799,0.8190387130779774,0.11672550217407751
356098,0.9786169964627356,-0.16621614825591902
356399,0.7309293711116505,0.47043597122905656
356699,0.8021058738985923,0.3984009082239641
356998,0.7240060395769286,0.47034304486961476
357299,0.7757030056995183,0.4293814613479172
357598,0.7390622558870183,0.45196521240990983
357899,0.6862609462761585,0.717824220873754
358198,0.7290330660026815,0.7028923035430359
358499,0.7770935758012927,0.6797313004146432
358798,0.7428720559679594,0.6815344442147584
359099,0.8415477625883296,0.6201204530793365
359399,0.4265197272172945,0.882699741934805
359698,0.4327205023304766,0.8572043544557882
359999,3.1799105403544705,-0.23350911142427577
360298,0.3352748039889749,0.8964663772495407
360599,1.2786311932388807,0.13989477466037936
360898,0.6246746987496224,0.7887362496750608
361199,0.41066042787792223,0.9338500486270329
361498,0.4583089120214409,0.9131469576490314
361799,1.1998489115718085,0.5412351433578108
362099,0.36002408678201037,0.9491807834858695
362398,0.657744504351238,0.7724756082957336
362699,0.4610668099320814,0.8995765834947645
362998,0.3970871449498053,0.9042958999441603
363299,0.7185226771145974,0.8273577389436904
363598,0.3193891378270776,0.9380112369574347
363899,0.6409894011271478,0.8392088155195339
364198,1.0043416227057578,0.6981827144021527
364499,0.6012369004931184,0.8493209174178938
364799,0.4085410107705479,0.8881955653658123
365098,1.0203955790741526,0.5974186081880858
365399,1.1167989753908738,0.46922417480877265
365698,0.5343429089449098,0.8991272852396096
365999,0.5452770224817673,0.8945609432828512
366298,0.8581001316049028,0.5629267631591588
366599,0.590572870753455,0.8784548366668261
366898,0.9081845201595394,0.625056259469698
367199,0.9807354573771322,0.5534732439150002
367499,0.9104925559330727,0.5590894681977057
367798,0.7485545621239779,0.6837295252249385
368099,2.123976632144006,0.06429685749958991
368398,1.4726875471495255,0.37063121229102625
368699,1.4631651590384145,0.4140815057176087
368998,1.458662361529758,0.3943598302720206
369299,1.4536783206703512,0.43437429766063396
369598,2.182567383981147,0.058180910312118916
369899,2.6786441805511267,0.2189250254012809
370199,1.3357544127316077,0.7462154666261014
370498,8.703216627330047,-0.15845535865006855
370799,3.3084835171919753,0.0025320999736246907
371098,4.34153201747975,-0.10519735233956085
371399,4.45675741960179,-0.27475065775685636
371698,1.7504371302583523,0.454724548448848
371999,2.033019128471315,0.3556666259991451
372298,11.071893352168097,-0.19711558265702034
372599,12.070683527787265,-0.212632954872378
372899,5.887530239848533,-0.171601939895196
373198,8.423638053056633,-0.1739445082548996
373499,6.093752323357675,-0.18833093318251204
373798,9.048680154898847,-0.18362053905802922
374099,4.080394367432407,-0.03844026943033518
374398,4.4928583265614295,-0.005838430759832258
374699,7.997671110084577,-0.2397679724264099
374998,3.929581405448004,0.2156737217992455
375299,2.9256976512165225,0.47378248111287424
375599,3.1456551207274983,0.4728972751570817
375898,6.343059345205854,-0.1962513603734901
376199,4.610379968224372,0.015098956143903108
376498,2.2897233123146497,0.4852640500187473
376799,4.257460619326827,-0.02856824538018543
377098,1.5025148140342799,0.6632361125930325
377399,1.5708798533846027,0.6273327989063379
377698,0.6977415830494335,0.8522783900760437
377999,0.2604965101093852,0.9747880019891096
378299,0.5462645626271659,0.8728911562551461
378598,0.3036983256153194,0.9684466817124037
378899,0.295757968733253,0.9641821060033092
379198,0.31448627860257566,0.9609878091296585
379499,0.31287448422626124,0.9585090578135009
379798,0.31745473419123776,0.9606077641771271
380099,0.45540689460564515,0.9003183596199728
380398,0.5116417196046826,0.925622604552439
380699,0.5552632706995159,0.8970031312148341
380999,0.6133109828895805,0.8768981741409201
381298,0.568043388280786,0.888367680419711
381599,0.39541174477852054,0.9360452239500975
381898,0.4554103786493764,0.8653017290674534
382199,0.6347357115901523,0.8328970965856968
382498,0.6612740729787563,0.8555415906331256
382799,0.6305072717514997,0.8412151090299937
383098,0.8637276134462155,0.7479117300073923
383399,1.1299209517907844,0.718556478544288
383699,1.2930597437944027,0.6873232396300353
383998,1.180717376578346,0.709378854492418
384299,1.1664169873491792,0.6968823331559548
384598,1.2603538682454183,0.6402075412524328
384899,1.4487224232499996,0.4825894819117472
385198,1.553929748385818,0.44650373773512486
385499,1.5259634540949312,0.43558562490259045
385798,1.3248691105856722,0.4981651485563299
386099,1.2720045075972464,0.48480416914363744
386399,0.926575586824847,0.6405927243934966
386698,0.8984281703712644,0.636999295390464
386999,3.1785562253576183,0.10732939955673648
387298,1.5049137685350242,0.4103831928380658
387599,5.145963008212766,-0.1792191502636018
387898,13.625592553737368,-0.14818343941371648
388199,0.380990217165109,0.8311618678709254
388498,0.805600666419314,0.55220331251118
388799,0.5125300628749387,0.7214724595061177
389099,0.34021884858397977,0.8917775777372589
389398,0.4322557000239312,0.7987229223504498
389699,0.6419449457707603,0.6235600072039185
389998,0.5167771822611393,0.719725511577729
390299,0.352124850140769,0.8480577608231843
390598,0.5779914927568555,0.6646538107258084
390899,0.4319307832375058,0.8573981296408213
391198,0.2193704938539306,0.9590063106766146
391499,0.2259520846835922,0.9548110731060002
391799,0.21112854425967625,0.9603012453058516
392098,0.15786746989397196,0.9753637452560943
392399,0.3465597560947689,0.8494662373027453
392698,0.2734367169325008,0.9151161216829943
392999,0.28748993318707533,0.911578052476722
393298,0.21589101755978019,0.9343280491440208
393599,0.19617227886917468,0.9410542984616354
393898,0.20821619935117666,0.9550019715785035
394199,0.26942529108536256,0.9444247565860475
394499,0.20282767138649466,0.9552460978134255
394798,0.20044860899006556,0.9578071025210594
395099,0.21555901187314241,0.9553410122534913
395398,0.315034584093518,0.9306703304290471
395699,0.4589281962294284,0.8092652243775706
395998,0.48734934104887273,0.7666939004942352
396299,0.422047111944706,0.83039380679923
396598,0.2803006964420204,0.9393703085020226
396899,0.21578149657396598,0.9509398849195627
397199,0.23713537283706831,0.94615396449316
397498,0.24031342719985604,0.9361806599181399
397799,0.23579114123090916,0.9460618387940334
398098,0.19056414132931748,0.9605559783735556
398399,0.4469871992643303,0.8112943918208434
398698,0.46807151838499816,0.7591897974820451
398999,0.504779784898236,0.7223177518014047
399298,0.4583458026395333,0.7114280143957753
399599,0.446296907572109,0.7478719031658376
399899,0.27150778143731213,0.9213378928297132
400198,0.21506328397783722,0.9419039555245533
400499,0.6848562841665162,0.4239253945956011
400798,0.3566020411132753,0.7783187497477579
401099,0.17619832099592547,0.9440578301370989
401398,0.5454122351265133,0.15214210308608
401699,0.5401269861551039,0.15604345848125878
401998,0.5939355938465165,0.04147519782211051
402299,0.5421958204026449,0.2954057190578361
402599,0.5698103727021219,0.09562701075738378
402898,1.5495915070695172,-5.818651485594779
403199,1.872948513702285,-2.288039746383507
403498,2.004795416597221,-1.8242324105291021
403799,1.6245729421385107,-2.1616403385506566
404098,1.7246539203717124,-2.9167263393991463
404399,1.408458951239198,-1.6994120423251937
404698,13.36196886944197,-0.569507700625745
404999,42.76049948913986,-0.22223488586640738
405299,,
405598,,
405899,0.2903645863426653,
406198,0.2903645863426653,
406499,0.2903645863426653,
406798,0.2903645863426653,
407099,0.2903645863426653,
407398,0.4153150600018003,
407699,0.4153150600018003,
407999,0.4153150600018003,
408298,0.4153150600018003,
408599,0.4153150600018003,
408898,0.38240914262940917,
409199,0.38240914262940917,
409498,0.38240914262940917,
409799,0.38240914262940917,
410098,0.38240914262940917,
410399,0.23875118137061369,
410699,0.23875118137061369,
410998,0.23875118137061369,
411299,0.23875118137061369,
411598,0.23875118137061369,
411899,,
412198,3.543466140007991,-0.5978095023112737
412499,47.079001390985646,-0.5710580368855578
412798,51.43264045333843,-0.7994915035266901
413099,33.56632960929508,-0.7949377916302709
413399,38.110737998239074,-0.5916207813938552
413698,13.905954461214762,-0.7943740280788809
413999,10.927476135564303,-0.8061750628703974
414298,12.79027064578703,-0.7973155365710234
414599,12.71830729030555,-0.8091390584420699
414898,11.56647125229865,-0.8782837400355505
415199,12.59254243994448,-0.8244221090732373
415498,13.085534967759296,-0.9458824342475025
415799,16.498003075712997,-1.2154162657974195
416099,63.02131049794658,-0.6193548613491502
416398,8.216313896484602,-1.6779397166933716
416699,,
416998,0.26855450839255257,
417299,3.1866195918121374,-0.4175395277602878
417598,57.85038404876255,-0.6787652022628436
417899,1.4390728423807437,-0.5804193414416967
418198,,
418499,2.214624698141969,-0.6390459647924924
418799,1.315421450456783,-0.7458724619942088
419098,17.14155687141326,-1.260315162756787
419399,5.145234255047576,-1.296386851612036
419698,,
419999,,
420298,0.7325839447051599,-0.35069921814894944
420599,0.8034245174327617,-0.5682918060963795
420898,,
421199,,
421499,,
421798,0.578289522041965,-0.5873649386833728
422099,0.0666118494786059,
422398,0.08552894860260168,
422699,0.08552894860260168,
422998,0.9145685939142513,-0.3887851435208858
423299,0.08552894860260168,
423598,1.4616869911897141,-0.46048520866701104
423899,2.9654399443959574,-1.117545824510374
424199,22.673267364893526,-0.5987135141903888
424498,12.19140223501621,-0.6584168183510559
424799,25.9300794637176,-0.6677162637329761
425098,23.986852533766207,-0.6490384943973597
425399,25.84780710462993,-0.6822245551911414
425698,30.595961095079,-0.6051549989922205
425999,26.09380375111604,-0.8112246830385703
426298,26.83738264546095,-0.9054339998380265
426599,23.345094902127613,-0.8414135302232311
426899,20.60567992025975,-0.7846885000478199
427198,24.327280400824563,-0.6971198713794367
427499,26.326227186536016,-0.7052633671231201
427798,24.24902281438617,-0.861965444389194
428099,26.62159790205605,-0.7105637069063662
428398,26.31202028475238,-0.8228101468128592
428699,15.773175673422948,-0.6851120661681427
428998,25.478257582280165,-0.721764174423454
429299,28.657971971557938,-0.7222264276162971
429599,22.553632890833402,-0.7349753607991916
429898,30.821931551984626,-0.7119494047138677
430199,35.006083836380455,-0.6714391081486228
430498,35.47255248089434,-0.5422162793312679
430799,30.56999569997999,-0.5462931634057084
431098,37.11408301703782,-0.5827790101371011
431399,33.9406017097178,-0.6270343741873317
431698,28.668776137446432,-0.5755666573090821
431999,26.203223962463174,-0.651722608537493
432299,5.212496802712402,-0.5969656892997957
432598,8.503424361894345,-0.5257335883599021
432899,0.7475390601962997,-0.5842109925756378
433198,2.3457118051105508,-0.5935643113787257
433499,,
433798,1.0037280773120403,-0.6348044867813836
434099,0.05533593210967677,
434398,0.05533593210967677,
434699,0.05533593210967677,
434999,0.05533593210967677,
435298,5.264500812669339,-0.8665534167591837
435599,4.234741018000359,-0.977859378353876
435898,6.64960881810684,-0.707179589657916
436199,3.5959085561762842,-1.0733774175415638
436498,3.8769049989679507,-0.9397008315191933
436799,3.131678712208691,-1.241612526651107
437098,3.643393147028137,-1.056362784899855
437399,3.2218564587318395,-1.1379040258746946
437699,4.0123726635605435,-0.8339983090387331
437998,3.7330414663730433,-0.9684317257063588
438299,3.4597016232873954,-1.077557593652005
438598,3.224442661532765,-1.1727414112622712
438899,4.5488608886951845,-0.7879515072991476
439198,3.2025987426276727,-1.1061711846681899
439499,3.484910037046655,-1.0769084481508426
439798,3.117931328923969,-1.2351511446156502
440099,3.164563491444802,-1.1951512849104287
440399,3.7671145680304505,-1.2235356676468365
440698,3.060541771917025,-1.3804215725188111
440999,3.100384324836006,-1.2697417722230124
441298,2.863007133750359,-1.3464408627549074
441599,5.844049135243413,-0.5970728005573125
441898,3.8580133644054504,-1.226196646974226
442199,3.1667825913730443,-1.2651464031218906
442498,11.633669888845265,-0.2814177625567482
442799,10.111042354933229,-0.18354561991296459
443099,11.420922425860518,-0.2049769574721989
443398,3.063850470278136,-1.310285931601189
443699,3.0671462428059137,-1.3468816606025293
443998,2.945080489583691,-1.3607259787262334
444299,2.9170899797920247,-1.3416737647556456
444598,2.6579682874401733,-1.3947411728565813
444899,2.8898498465026727,-1.3730238921493796
445198,2.7357071954401726,-1.3945791645699717
445499,2.550402427611469,-1.4095438333181152
445799,2.4238261798568397,-1.4523969326335289
446098,2.3700983216739697,-1.4368073607713283
446399,2.2233180360860065,-1.4380240902755417
446698,2.4149458195142466,-1.489819906362043
446999,2.391574210389247,-1.4822431343175917
447298,2.3995297382688765,-1.4306459654491004
447599,2.3369548044309134,-1.4414960708435376
447898,2.3908631403522103,-1.5210384135431965
448199,2.500554651199432,-1.5093874314798468
448499,2.42396089398184,-1.5725900282499419
448798,2.4389324379262844,-1.5369646055279853
449099,2.710868233312858,-1.4689426189271977
449398,2.830792627454061,-1.5013198512416932
449699,2.802215198301284,-1.4514165934825924
449998,2.8241051464841544,-1.5640018715932094
450299,2.9229619586739695,-1.5740448021131512
450598,3.899863854092951,-1.6112156660892927
450899,3.3830099440119326,-1.8580892384098884
451199,5.168953897493414,-0.8211345786313398
451498,3.365203770458691,-1.6020255545679127
451799,3.4276151163336914,-1.5876564087535807
452098,3.505065571974895,-1.5894178211008683
452399,3.4701541040073027,-1.6891898105048466
452698,3.543844555169339,-1.5846487124931912
452999,4.127719863023507,-1.7522638248906
453298,3.4212561732850797,-1.7059513916621203
453599,3.72177154760684,-1.5857420605877706
453899,3.432306976680913,-1.6768838296339847
454198,3.604053734298969,-1.6645347055459152
454499,3.714295302484154,-1.6503197565549503
454798,5.167238233176819,-1.311989520786697
455099,4.146286515393877,-1.6868563425915872
455398,6.021066184972961,-0.704795443494477
455699,3.9733124991068403,-1.8356111377222475
455998,4.586026527618413,-1.5873952601304095
456299,4.71253124609295,-1.5209703893485194
456599,4.071621822370728,-1.736925911437956
456898,4.0308895149934125,-1.5474538937231666
457199,4.513802818333691,-1.55919419419051
457498,4.5281016479910985,-1.4914801447502741
457799,5.028506056433229,-1.582394948046507
458098,4.877531883822117,-1.5648120403072303
458399,4.569289317414711,-1.450124410516986
458698,5.260388677329061,-1.5298281162643028
458999,5.088151838699432,-1.4714879303103632
459299,4.805934056525821,-1.5038424120330087
459598,5.157257075711006,-1.3424720454818169
459899,4.841274107086006,-1.4088040274409703
460198,4.94834882746795,-1.3876745973851463
460499,5.200788035435544,-1.353848409682172
460798,5.35945894034295,-1.368594613088915
461099,5.618301907386933,-1.369459701699283
461398,5.97313751147721,-1.3484025647608058
461699,6.403447268676285,-1.2638739390203204
461999,6.919259950694803,-1.3300362474357903
462298,6.563917557403135,-1.2892217976707157
462599,7.447918990970265,-1.2373953126967692
462898,7.321960332183228,-1.3359214670220507
463199,7.325613647655449,-1.2472438454190744
463498,7.42186217607906,-1.3104622080340262
463799,7.981900175030451,-1.2018655024204294
464098,7.696060217132303,-1.2233230442104372
464399,7.202586887743414,-1.30838427716564
464699,7.970376502062859,-1.212278160010917
464998,21.511879495494,-0.46890046782499506
465299,7.000220199942487,-1.2334299180042412
465598,7.052095743914709,-1.2244085787553094
465899,12.862858348457738,-0.7329544130693157
466198,9.261296107228954,-1.3004465329220078
466499,5.560184018484153,-1.0901516241714857
466798,8.17658894683428,-0.32153172078779213
467099,13.134585933230113,-0.5917256178532118
467399,24.374137310903723,-0.44060255550062166
467698,29.260059569366685,-0.5212180619848357
467999,9.938739750447704,-0.8253330564474062
468298,9.549869104209279,-0.6548466619192224
468599,11.400836988012518,-0.6859057965019084
468898,19.321355161193075,-0.47582848695716495
469199,41.79953023920465,-0.4896493595479907
469498,51.676258107373634,-0.5266155989233368
469799,25.759580305493998,-0.6532365834664415
470099,21.114003679031036,-0.6809620580958053
470398,10.01746410254902,-0.9267974585816201
470699,22.837777326257893,-0.8570869866431889
470998,17.72608183331576,-0.5250436086783687
471299,10.148507424162394,-0.9323391821607727
471598,8.27855349558832,-0.928929358450366
471899,4.553659145967951,-0.6668536666438407
472198,14.356600053700797,-0.5624962995464211
472499,0.05533593210967677,
472799,0.05533593210967677,
473098,0.05533593210967677,
473399,0.05533593210967677,
473698,0.05533593210967677,
473999,0.05533593210967677,
474298,0.05533593210967677,
474599,0.05533593210967677,
474898,0.05533593210967677,
475199,0.05533593210967677,
475499,0.05533593210967677,
475798,0.05533593210967677,
476099,0.05533593210967677,
476398,0.6022282802307255,-0.7185080082553124
476699,,
476998,14.594582220605112,-0.7916221147735476
477299,6.272535936937858,-0.4881887552675592
477598,6.7094825352434135,-0.363492165221041
477899,3.432922525301284,-1.0057216454285518
478199,3.3547133935373945,-0.9555603849948453
478498,3.275789535009617,-0.9501515942850769
478799,3.275425110421654,-0.9968123053961662
479098,3.0788711342873953,-1.0601169334880485
479399,2.894913890669339,-1.1842845296404603
479698,2.824864771440173,-1.2662407850359654
479999,2.671412094109155,-1.3790279426171441
480298,2.696645548840636,-1.4112495943460308
480599,2.731584777822117,-1.3784368564060236
480899,2.4038861153360065,-1.4356700899890704
481198,2.8319348515836915,-1.4029166572718252
481499,3.3138602370493495,-1.2718477861073811
481798,2.8334250981554505,-1.4096269336945917
482099,3.082970492208692,-1.413098625374956
482398,2.925247406903136,-1.4444826839342029
482699,2.9619552558591544,-1.5422906266671328
482998,2.765876284657766,-1.3694542291027307
483299,5.621699554546654,-0.7748137616416944
483599,3.062838606317488,-1.3248206198464985
483898,4.085905011312858,-1.074312346971901
484199,3.013329330391562,-1.5153093621898552
484498,3.2815078646554507,-1.5695636800752437
484799,3.1181903310073027,-1.6102678320922323
485098,3.4652755010373952,-1.4592092212608665
485399,26.403647393973166,-0.35236955507055745
485698,3.404982707710436,-0.4676762536153176
485999,59.887910125463904,-0.4975992438448502
486299,54.690947055505575,-0.5890689932638564
486598,29.78716196842918,-0.6133090151490705
486899,42.04155114267633,-0.23509076785033844
487198,39.50009879442866,-0.23301120321606383
487499,30.65075795453413,-0.28772701101139253
487798,30.4496453668187,-0.3110162539086321
488099,38.08236308950558,-0.37679003535245603
488398,45.267337170896774,-0.43692651318427633
488699,51.39626251290835,-0.3574532648375881
488999,61.154868497570384,-0.31233757075405966
489298,41.714389315375946,-0.3798621271201996
489599,43.18350811544539,-0.4037248012029111
489898,56.15056409716245,-0.3685064367061699
490199,57.18034788425041,-0.3103329713681535
490498,49.09795863550503,-0.3800638919365622
490799,49.51562742754672,-0.3688222984438665
491098,58.6500002839477,-0.38296052926947377
491399,46.79237823741066,-0.4590378687594481
491699,43.76452062362078,-0.43545445721077436
491998,66.82414027285047,-0.4106246340325632
492299,76.86979809060689,-0.521239560932719
492598,96.45029992552872,-0.3646938882512547
492899,72.66788747078515,-0.4354663548802806
493198,20.353489879534123,-0.508635870303316
493499,25.120332102653137,-0.6061651658109954
493798,0.05533593210967677,
494099,0.05533593210967677,
494399,0.05533593210967677,
494698,0.05533593210967677,
494999,0.05533593210967677,
495298,0.05533593210967677,
495599,0.05533593210967677,
495898,0.05533593210967677,
496199,0.05533593210967677,
496498,0.05533593210967677,
496799,0.05533593210967677,
497099,0.05533593210967677,
497398,0.05533593210967677,
497699,0.05533593210967677,
497998,0.05533593210967677,
498299,0.05533593210967677,
498598,0.05533593210967677,
498899,0.05533593210967677,
499198,0.05533593210967677,
499499,0.05533593210967677,
499799,0.05533593210967677,
500098,0.05533593210967677,
500399,0.05533593210967677,
500698,0.05533593210967677,
500999,0.05533593210967677,
501298,0.05533593210967677,
501599,0.05533593210967677,
501898,0.05533593210967677,
502199,0.05533593210967677,
502499,14.427927468132891,-0.8186921411031853
502798,6.351229217160614,-1.1279968433856662
503099,6.834010308655451,-1.0659471053942915
503398,8.765424405287396,-1.197521955100715
503699,6.5576000419702645,-1.2449102172784356
503998,6.666096129259618,-1.1622762607867791
504299,9.984566852848944,-1.146809034915361
504598,15.319583817565173,-1.474722228461531
504899,42.37383464798243,-0.8525766351229436
505199,32.315715983419935,-0.6746667740956387
505498,0.05533593210967677,
505799,,
506098,,
506399,0.05533593210967677,
506698,3.3115494320565,-1.298687536761935
506999,,
507298,,
507599,,
507899,0.05533593210967677,
508198,0.05533593210967677,
508499,0.05533593210967677,
508798,0.05533593210967677,
509099,0.05533593210967677,
509398,0.05533593210967677,
509699,0.05533593210967677,
509998,0.05533593210967677,
510299,0.05533593210967677,
510599,0.05533593210967677,
510898,0.05533593210967677,
511199,0.05533593210967677,
511498,0.05533593210967677,
511799,0.05533593210967677,
512098,0.05533593210967677,
512399,0.05533593210967677,
512698,0.05533593210967677,
512999,0.05533593210967677,
513299,0.05533593210967677,
513598,0.05533593210967677,
513899,0.05533593210967677,
514198,0.05533593210967677,
514499,0.05533593210967677,
514798,0.05533593210967677,
515099,0.05533593210967677,
515398,0.05533593210967677,
515699,0.05533593210967677,
515999,0.05533593210967677,
516298,0.05533593210967677,
516599,0.05533593210967677,
516898,0.05533593210967677,
517199,0.05533593210967677,
517498,0.05533593210967677,
517799,0.05533593210967677,
518098,0.05533593210967677,
518399,0.05533593210967677,
518699,0.05533593210967677,
518998,0.05533593210967677,
519299,0.05533593210967677,
519598,0.05533593210967677,
519899,0.05533593210967677,
520198,0.05533593210967677,
520499,0.05533593210967677,
520798,0.05533593210967677,
521099,0.05533593210967677,
521399,0.05533593210967677,
521698,0.05533593210967677,
521999,0.05533593210967677,
522298,0.05533593210967677,
522599,0.05533593210967677,
522898,0.05533593210967677,
523199,0.05533593210967677,
523498,0.05533593210967677,
523799,0.05533593210967677,
524099,0.05533593210967677,
524398,0.05533593210967677,
524699,0.05533593210967677,
524998,0.05533593210967677,
525299,0.05533593210967677,
525598,0.05533593210967677,
525899,6.2098328781739704,-0.9425741465277042
526198,6.026657225435543,-0.7829525379359477
526499,6.749869684472581,-0.6338129035039597
526799,5.874466277375358,-0.7065717489530656
527098,5.172909831778136,-0.9988131368967232
527399,4.5120182870512835,-1.0427585628290768
527698,4.403696097884616,-1.0057822456595562
527999,5.696748251787394,-1.1311153974471666
528298,4.258722116687858,-1.1054705012816792
528599,4.022403097796654,-1.1739374899259807
528898,5.951730467426284,-1.2194128645264648
529199,19.57597650075967,-0.5382181096008789
529499,16.602084691118463,-0.5904515546483693
529798,4.467346506308228,-0.8960812956574746
530099,10.438858624925178,-0.6950396382105908
530398,19.314472777031817,-0.41203096481711454
530699,4.690818847808228,-1.3749910001250951
530998,3.2555967777480435,-1.3453615464165605
531299,4.13247424472258,-1.0910734176871677
531598,3.744300529213321,-1.3780688963389922
531899,5.311020899243413,-0.86241672165311
532199,4.366773853514247,-0.7791676820051046
532498,4.504480674491099,-0.7815957248478937
532799,4.178154065792024,-0.6919645650470594
533098,15.24973620144539,-0.3067153088665433
533399,3.2116661785836915,-0.8296676948755985
533698,2.6632804636438765,-0.9923312660815407
533999,2.7514057340304507,-1.0627254602597018
534298,2.808108604315173,-0.9477010866214468
534599,2.9210030648498955,-0.8673943588589457
534899,2.6792989723498954,-1.056024836986769
535198,3.0313572458498954,-0.9499286642703741
535499,2.725040695504988,-0.9269140749993394
535798,2.58135468391471,-1.0412550762317263
536099,2.4237622259957288,-1.0740889510566025
536398,2.5493894521508214,-1.0528798062950968
536699,2.7691725115281356,-1.331725445260644
536998,2.5395344146948027,-1.2134763764436065
537299,3.7885156543082283,-1.2774406761678492
537599,9.065554069426286,-0.753716210064445
537898,48.94419145033274,-0.9061488523952186
538199,63.25103709171932,-0.8302822109578971
538498,67.06454731079322,-0.7947465122503972
538799,76.05110214926327,-0.6798550137330723
539098,67.60518826769021,-0.690345068486415
539399,42.889908346721626,-0.8875755454594081
539698,46.26225438526314,-0.9668682271898239
539999,65.44747665765681,-0.7939140655543095
540299,3.2324435010910597,-0.9133666686845661
540598,0.05533593210967677,
540899,0.7629996288418366,-0.8121016280208457
541198,0.6540980177120225,-0.876581265558914
541499,22.542275190283352,-0.7880535478457935
541798,18.3501027663187,-0.7925326108080757
542099,55.582399409068074,-0.5855959742717229
542398,33.78635859795002,-0.5841010304882459
542699,10.775928430035666,-0.5405289657574688
542999,6.187527693918234,-0.4340208781385879
543298,4.427991153472011,-0.6668685886155861
543599,7.5844196800687,-0.38051594833374924
543898,7.429078497425333,-0.32085238746837574
544199,2.515053643669339,-1.7867816989463727
544498,3.74286540685221,-1.6338404757405969
544799,2.7664949034054502,-1.8562782165070804
545098,2.82842197292397,-1.6917449598626901
545399,2.7110767209401727,-2.004101630499595
545699,3.8320740568304257,-0.3842125640559322
545998,3.561636951113784,-0.8803788765220704
546299,4.563761317691537,-0.5166219513389416
546598,2.0149833420489696,-1.6118085374608158
546899,3.668828076037395,-0.8957964906262996
547198,2.4391336890906357,-1.99250199625995
547499,3.0740063731340466,-1.2456101935710353
547798,3.350266624178599,-1.2294933848642322
548099,2.005205701139247,-1.8812668809834858
548399,2.181145984833692,-1.453723139220286
548698,1.8915672807202657,-1.6747376956531683
548999,2.2306799696184134,-1.7807934990844676
549298,1.9652690136068394,-1.5008280871519282
549599,7.47573957170311,-0.254018728410498
549898,2.5780639682063766,-1.7317607717739834
550199,2.2454244657711917,-1.5031393357965488
550498,2.318601732525821,-1.4932412353338518
550799,2.186861360398507,-1.4520948371478588
551099,2.288224669625358,-1.4264191988384995
551398,2.370534894250358,-1.4001329510431266
551699,2.600786352083692,-1.5330505129508931
551998,2.569730714780451,-1.466719287168314
552299,2.8461694526716546,-1.468576491125182
552598,3.1098315958475804,-1.382507454476634
552899,3.363697725579062,-1.3326195056594385
553198,3.698815050074433,-1.3289351464019714
553499,3.750086985840636,-1.255859744607581
553799,3.781433960192489,-1.2767625458630953
554098,3.9901026049355437,-1.2765453028721145
554399,3.9914779178012845,-1.2148231239716702
554698,4.027284344169339,-1.1913453145168749
554999,4.198357111954062,-1.2196184779426873
555298,4.299622590599896,-1.218265169252133
555599,4.613533365139247,-1.157771000584118
555898,4.594758399215635,-1.2123443183825322
556199,4.624184593386932,-1.182213206412365
556499,22.255945924912982,-0.2739165173557503
556798,0.05533593210967677,
557099,0.05533593210967677,
557398,0.05533593210967677,
557699,0.05533593210967677,
557998,0.05533593210967677,
558299,0.05533593210967677,
558598,0.05533593210967677,
558899,0.05533593210967677,
559199,,
559498,0.5538818754255199,-0.8063663172154494
559799,24.854324446764835,-0.6084957021060082
560098,14.762231818408354,-0.49389543801086333
560399,0.05533593210967677,
560698,1.2511491150690683,-0.5497991040640926
560999,0.7984119860274723,-0.4772635996378618
561298,0.05533593210967677,
561599,0.05533593210967677,
561899,0.05533593210967677,
562198,0.05533593210967677,
562499,0.05533593210967677,
562798,25.37005626882801,-0.48828195078000447
563099,72.37562123146391,-0.5081909765279398
563398,0.05533593210967677,
563699,0.05533593210967677,
563998,0.05533593210967677,
564299,0.05533593210967677,
564599,0.05533593210967677,
564898,0.05533593210967677,
565199,0.05533593210967677,
565498,2.474878220493414,-0.9787764242655967
565799,4.789147700632302,-0.9381314593457268
566098,4.13183914853045,-1.1480622336437554
566399,4.162675516224896,-1.1119952042039478
566698,4.131132504417025,-1.0154486856292104
566999,4.314215011655451,-0.9302250745676661
567299,4.027238152771192,-0.9805303523867754
567598,6.04536381797759,-0.5879110478668477
567899,5.03327213516934,-0.7420308518109848
568198,3.465073231301284,-1.1837520474587184
568499,3.4490722530397098,-1.2518940502596085
568798,3.2666664503313765,-1.2997697697226536
569099,3.125806667055914,-1.3438072026133558
569398,3.502601804426284,-1.439950180085594
569699,9.605932191972581,-0.35995653023733243
569999,4.646027174754988,-0.4725002023616458
570298,4.386713931991099,-0.7997107794926117
570599,3.439818122405451,-1.311807781759808
570898,3.2715828157457287,-1.2263654290184114
571199,3.307604664261932,-1.2823628232322601
571498,3.404267460792025,-1.2378458692557697
571799,7.2342350928381665,-0.7338610611693026
572098,3.6810114889448027,-1.3614248641599458
572399,4.3393860329725795,-1.6018450123656902
572699,3.4823724208498947,-1.1663393104894557
572998,4.83906619891008,-0.971295427099439
573299,3.8047977403938753,-1.367571656396437
573598,4.026959686461007,-1.5832612299588722
573899,3.7906614766971174,-1.2642652643268821
574198,2.9582185255582285,-1.162610128449122
574499,3.0184338775373956,-1.1276279459581766
574798,2.7483889416369323,-1.1771765584644132
575099,2.7761580871623948,-1.2201000788883722
575399,3.1008753035073027,-1.2154749013280308
575698,2.9523638448498954,-1.1711472106978675
575999,2.6197398139332284,-1.19216765822416
576298,2.6122103955211906,-1.221405248669475
576599,2.7591604062295247,-1.3828430501562745
576898,2.390195338280451,-1.271495784424368
577199,2.667575993430914,-1.3969922794438192
577498,2.2815698806184135,-1.2500243508236415
577799,2.21003782222258,-1.2670388996083175
578099,17.754162372206963,-0.44705104802138584
578398,12.095425311586592,-0.47266606572125514
578699,9.883290941845852,-0.5886558912783109
578998,77.06658027152872,-0.3580093110320448
579299,59.993300818230104,-0.3289363036114592
579598,0.05533593210967677,
579899,0.05533593210967677,
580198,0.05533593210967677,
580499,0.05533593210967677,
580799,0.05533593210967677,
581098,0.05533593210967677,
581399,0.05533593210967677,
581698,0.05533593210967677,
581999,0.05533593210967677,
582298,0.05533593210967677,
582599,0.05533593210967677,
582898,0.05533593210967677,
583199,0.05533593210967677,
583499,0.05533593210967677,
583798,0.05533593210967677,
584099,0.05533593210967677,
584398,0.05533593210967677,
584699,0.05533593210967677,
584998,0.05533593210967677,
585299,0.05533593210967677,
585598,0.05533593210967677,
585899,0.05533593210967677,
586199,0.05533593210967677,
586498,0.05533593210967677,
586799,0.05533593210967677,
587098,0.05533593210967677,
587399,0.05533593210967677,
587698,0.05533593210967677,
587999,0.05533593210967677,
588298,0.05533593210967677,
588599,0.05533593210967677,
588899,0.05533593210967677,
589198,0.05533593210967677,
589499,8.356314469372473,-1.1871905933517115
589798,12.636309289857428,-1.4379840258822179
590099,27.09125461644076,-1.378673702872704
590398,23.50624460871391,-1.4862060803120722
590699,20.116112601943072,-1.6140178600956707
590998,7.131853596618415,-1.7236161200284759
591299,7.032171070728574,-1.2916558346271403
591599,4.520816279738785,-1.022565048464954
591898,4.316974147426284,-0.9861629622490489
592199,4.864226960542024,-1.2496807217279202
592498,4.797689223530451,-1.5580116462353604
592799,16.578382591009618,-1.2088108421006218
593098,17.260024011092,-1.6087983250453282
593399,4.7348019380570285,-1.2109686860494158
593698,33.74846615100504,-1.2876465666397112
593999,,
594299,0.05533593210967677,
594598,0.05533593210967677,
594899,0.05533593210967677,
595198,0.05533593210967677,
595499,0.05533593210967677,
595798,0.05533593210967677,
596099,0.05533593210967677,
596398,0.05533593210967677,
596699,0.05533593210967677,
596999,0.05533593210967677,
597298,0.05533593210967677,
597599,0.05533593210967677,
597898,0.05533593210967677,
598199,0.05533593210967677,
598498,,
598799,,
599098,,
599399,,
599699,,
599998,,
600299,,
600598,0.05533593210967677,
600899,0.05533593210967677,
601198,0.05533593210967677,
601499,0.05533593210967677,
601798,0.05533593210967677,
602099,0.05533593210967677,
602399,0.05533593210967677,
602698,0.05533593210967677,
602999,0.05533593210967677,
603298,0.05533593210967677,
603599,0.05533593210967677,
603898,0.05533593210967677,
604199,0.05533593210967677,
604498,0.05533593210967677,
604799,0.05533593210967677,
605099,0.05533593210967677,
605398,0.05533593210967677,
605699,0.05533593210967677,
605998,0.05533593210967677,
606299,0.05533593210967677,
606598,0.05533593210967677,
606899,0.05533593210967677,
607198,0.05533593210967677,
607499,0.05533593210967677,
607799,0.05533593210967677,
608098,0.05533593210967677,
608399,0.05533593210967677,
608698,0.05533593210967677,
608999,0.05533593210967677,
609298,0.05533593210967677,
609599,0.05533593210967677,
609898,0.05533593210967677,
610199,0.05533593210967677,
610499,0.05533593210967677,
610798,0.05533593210967677,
611099,0.05533593210967677,
611398,0.05533593210967677,
611699,0.05533593210967677,
611998,0.05533593210967677,
612299,0.05533593210967677,
612598,0.05533593210967677,
612899,0.05533593210967677,
613199,0.05533593210967677,
613498,0.953554078413104,-1.232036689288679
613799,6.5831477508082274,-1.2125786908779412
614098,12.796112727488214,-1.5732152269140949
614399,4.380309285986468,-1.1200129524088127
614698,4.250118379217951,-1.1256127437365073
614999,4.473706974734154,-1.0377714964886513
615298,4.436438852729524,-1.0223883387218287
615599,4.363982784970265,-1.0464103527378485
615899,4.117910662002673,-1.1108003708000007
616198,4.154593923056294,-0.8384187139552131
616499,3.932185603250358,-1.1431981214490476
616798,3.910743694310543,-1.2966730900995147
617099,3.8364049851091533,-1.301584548589343
617398,4.816951523285081,-0.7555124356927927
617699,3.236574124018877,-1.2298617454013807
617998,5.249853937542025,-1.036460284526381
618299,3.3540539444957282,-1.2782048807114332
618599,3.7772770058082283,-1.4480926279478665
618898,3.346936941442488,-1.3269145428405054
619199,3.4238386646091548,-1.320866373893827
619498,9.272302239669928,-0.7521052084189961
619799,3.1829090559957285,-1.3304930645825839
620098,3.248879090562858,-1.3156767430785141
620399,3.531123622245729,-1.3942795111549766
620698,3.2018077688915616,-1.4480164435867335
620999,3.668261823612004,-0.9982139950835509
621299,2.9716982169725807,-1.2332252945046895
621598,2.8697846570906353,-1.219749868198023
621899,3.0192679603221175,-1.2869741449369019
622198,3.1079666436901734,-1.3522811123196137
622499,8.727167442097581,-0.835538844235733
622798,2.8573308203313763,-1.2376429324409437
623099,7.5134928415281355,-1.485163072586686
623398,2.824091385275821,-1.190907785354638
623699,3.342898847088321,-1.600758691930884
623999,2.7649946637711915,-1.2880236471533628
624298,2.8863110688336917,-1.2877617766207847
624599,3.0845645940721176,-1.3312533682074288
624898,3.0090462582804514,-1.364759138231057
625199,3.0631737502642467,-1.2885276214609274
625498,3.1970116727711915,-1.3474402145731506
625799,3.0404670239216545,-1.311684007046673
626098,2.8900697970281355,-1.2567331736646015
626399,2.9270591213012844,-1.3016117503613178
626699,2.8972373887526732,-1.493999654186756
626998,21.432839083947115,-0.366792784026978
627299,25.159824932052647,-0.5515050195226654
627598,60.79508350825327,-0.9017440960157466
627899,0.05533593210967677,
628198,0.05533593210967677,
628499,0.05533593210967677,
628798,30.51400804233428,-0.541198771338506
629099,12.936922186451746,-0.19586151403123564
629399,8.961623851808229,-0.7590143835993555
629698,26.648547367836006,-1.0293084988121892
629999,28.800349223061133,-0.8301826046357246
630298,25.990084758121313,-0.7785398923988107
630599,0.7260161495409108,-0.7393735592903194
630898,,
631199,0.05533593210967677,
631498,19.57916263472548,-0.7723131677103816
631799,27.183744410415294,-0.635286894582612
632099,14.759849008565759,-1.1032458933408344
632398,27.43946541951778,-0.4327488976373912
632699,22.897044375753264,-0.45528286569265264
632998,17.825581130432276,-0.8611857665090392
633299,8.82969706629339,-1.2619642630674117
633598,6.061853355935543,-1.9770060252877721
633899,25.79071896545465,-1.4394641736978029
634198,5.482405663398506,-1.6212485941893982
634499,4.239999268602209,-1.6851315061209573
634799,3.86995532091934,-2.3141096003667263
635098,5.228176532217,-0.8515591085250749
635399,4.147288486736469,-1.936325563791668
635698,3.3447385460975805,-1.657018606515054
635999,5.565392720072118,-1.7307448339099896
636298,5.375527567754989,-1.6877926220433772
636599,9.55737479686052,-1.497216488665289
636898,5.3760204048290605,-1.7671773158189898
637199,8.046859293687287,-1.2638283562445736
637499,5.885041056039709,-1.7074656822630718
637798,6.332444777118414,-1.337297323919819
638099,5.114945010437289,-1.765702536347205
638398,7.5487587159785745,-1.6569719288539235
638699,53.53000483171622,-0.4259043176158732
638998,129.91551751690835,-0.11664474971122618
639299,5.701122507504987,-0.5144885246939446
639598,0.697722234858584,-0.8120468580738536
639899,1.637812827022936,-0.8005645568825934
640199,4.2734100246855435,-1.3588289134914073
640498,6.493049276227209,-1.106209720769638
640799,8.308302535143877,-0.6591949419628402
641098,5.549421249206376,-1.076044630349577
641399,4.603749657926285,-1.5350967504586848
641698,7.331281738109155,-0.9248669837203098
641999,5.291156778362055,-0.36756683506096155
642298,3.549527223593538,-0.5994293289262169
642599,44.621091281371314,-0.5957857166784291
642899,82.66539980585743,-0.5984323774885894
643198,4.988890870956962,-1.439785898898664
643499,5.737600352699433,-1.356148389859234
643798,6.63834500816934,-1.3235682240613569
644099,7.9557034632943395,-1.1542685305651363
644398,5.917236577268877,-1.1157612859107249
644699,5.691355067391562,-1.0521181370693724
644998,5.917902536741099,-1.091146395257359
645299,5.963389826373043,-1.0008433785280375
645599,6.97629172928508,-0.7802364130333534
645898,5.685894959562859,-0.9751598762963638
646199,7.022868736384618,-0.7878065067860422
646498,7.502295899021192,-0.8018812957737103
646799,8.33725575904434,-0.7881486367707995
647098,9.331465598458689,-0.7092302666321613
647399,9.013208216715636,-0.7567392333429319
647698,8.87033772551656,-0.7347861435724994
647999,8.495816660937857,-0.7466118963419377
648299,10.204076131123042,-0.7338822741623852
648598,14.217742434865146,-0.5891353814282358
648899,12.792677058859205,-0.6334101661625164
649198,10.903807293599947,-0.8609930134968422
649499,24.691853542723944,-0.30910472350883
649798,39.64862961013235,-0.4518728466875124
650099,27.68142241991245,-0.5338651649419708
650398,53.56503854121391,-0.464873199018609
650699,40.79554164640373,-0.43784799729270185
650999,46.28051565362093,-0.31452315704774647
651298,38.80511979611746,-0.414997346413827
651599,4.840309055112833,-0.31381993081225956
651898,0.05533593210967677,
652199,0.05533593210967677,
652498,0.05533593210967677,
652799,0.05533593210967677,
653098,0.05533593210967677,
653399,0.05533593210967677,
653699,0.05533593210967677,
653998,0.05533593210967677,
654299,0.05533593210967677,
654598,0.05533593210967677,
654899,0.05533593210967677,
655198,0.05533593210967677,
655499,0.05533593210967677,
655798,9.928352191796655,-0.5235443583220099
656099,8.36975849453413,-0.47386560051920457
656399,7.954226936317489,-0.541281722603796
656698,5.1147346725443406,-1.0171450169015293
656999,4.846936342465636,-1.0775896390222108
657298,4.689950960359155,-1.1781531391811222
657599,4.419644716125358,-1.105058190216174
657898,3.868586381412395,-1.1832994868731888
658199,5.594643581785081,-1.0078865624251807
658498,8.889449257123042,-0.7194886233917137
658799,9.206453532514834,-0.8238021506952917
659099,9.072566910229524,-0.52970423126723
659398,13.802967907905451,-0.5400183324724812
659699,10.265157728498043,-0.516342108002861
659998,7.564717864268875,-0.7651149719618204
660299,7.905358736863783,-0.9482906484557636
660598,7.660313936525821,-0.975352806072538
660899,6.893992794877674,-1.0155354532551728
661198,6.571961170639246,-1.0719632788474458
661499,6.494460054083691,-1.0250132996950634
661799,9.422301857092954,-1.0861248650361928
662098,8.606060847423969,-1.037350093161355
662399,15.012788737983202,-0.7643023797908346
662698,11.279482623221629,-0.9013627164392828
662999,12.245646334585054,-0.8971138697585519
663298,13.739588740161444,-0.7994444258344109
663599,20.49739036943922,-0.6739668117519193
663898,21.105585363963375,-0.7604611056323001
664199,22.389619866322175,-0.7462111573415333
664499,25.890977072123093,-0.6778390798550238
664798,28.358916708386985,-0.6229245132181183
665099,22.824170450674018,-0.7357160711255186
665398,36.73956732232039,-0.5676666047900969
665699,51.476570008994,-0.7076846158037424
665998,64.81480523097383,-0.586032202385149
666299,65.88671539375557,-0.5306182533775461
666598,54.09097384273011,-0.5762420188336883
666899,60.678985386162985,-0.43331406364515246
667199,29.607614354380573,-0.47409524783638957
667498,33.89491787813058,-0.5339780610522833
667799,0.05533593210967677,
668098,,
668399,0.05533593210967677,
668698,0.05533593210967677,
668999,0.05533593210967677,
669298,0.05533593210967677,
669599,0.05533593210967677,
669899,0.05533593210967677,
670198,0.05533593210967677,
670499,0.05533593210967677,
670798,0.05533593210967677,
671099,0.05533593210967677,
671398,0.05533593210967677,
671699,0.05533593210967677,
671998,0.05533593210967677,
672299,0.05533593210967677,
672599,0.05533593210967677,
672898,0.05533593210967677,
673199,0.05533593210967677,
673498,0.05533593210967677,
673799,0.05533593210967677,
674098,0.05533593210967677,
674399,0.05533593210967677,
674698,0.05533593210967677,
674999,0.05533593210967677,
675299,21.535622420082586,-0.8800622936025688
675598,9.298681728129988,-1.7081987994831684
675899,,
676198,5.775996124619778,-1.694010926312584
676499,11.107605342449434,-1.4684786225568325
676798,18.546254371199485,-1.1521666145621303
677099,22.092451625285136,-1.4356310911610852
677398,13.887351372853574,-1.9125818816507598
677699,12.796690913777185,-1.4131942991578916
677999,10.129465014871938,-1.9058158668586214
678298,15.577757502763298,-1.1981450003649372
678599,21.81067991047626,-1.19099421351495
678898,4.73293263235221,-1.928586854094589
679199,3.991048346407765,-1.5117455460994065
679498,4.048823008125359,-1.6308643996191128
679799,5.681713454437858,-1.3909766988280836
680098,4.186586799817487,-1.30755990592372
680399,4.122843419109154,-1.223569387712792
680699,4.399945262234156,-1.22579053253388
680998,4.80487440610221,-1.2677091799073863
681299,11.330556330883665,-0.8602759839724632
681598,6.8956956125721165,-1.4791038407767259
681899,16.63132126522857,-1.398887018216214
682198,16.35990350210111,-1.5082934851683345
682499,5.6327782076855435,-1.103530285756265
682798,11.18122305608659,-1.5402575299363388
683099,4.057673736463321,-0.9639838651217119
683399,18.980741887811135,-1.713748057271176
683698,0.05533593210967677,
683999,0.05533593210967677,
684298,0.05533593210967677,
684599,0.05533593210967677,
684898,0.05533593210967677,
685199,0.05533593210967677,
685498,0.05533593210967677,
685799,0.05533593210967677,
686099,0.05533593210967677,
686398,0.05533593210967677,
686699,0.05533593210967677,
686998,0.05533593210967677,
687299,0.05533593210967677,
687598,,
687899,0.05533593210967677,
688198,12.63504242586052,-0.6158525542926949
688499,,
688799,,
689098,0.05533593210967677,
689399,0.05533593210967677,
689698,0.05533593210967677,
689999,,
690298,,
690599,,
690898,,
691199,,
691499,,
691798,,
692099,,
692398,,
692699,,
692998,,
693299,0.05533593210967677,
693598,0.05533593210967677,
693899,0.05533593210967677,
694199,0.474079873608491,-0.6773253858258579
694498,0.05533593210967677,
694799,0.05533593210967677,
695098,0.05533593210967677,
695399,0.05533593210967677,
695698,0.05533593210967677,
695999,0.05533593210967677,
696298,2.4292313270049877,-0.6909511536662445
696599,0.05533593210967677,
696899,0.05533593210967677,
697198,10.078914128161445,-1.3480899666244408
697499,24.86220220934295,-1.4097346953279573
697798,11.595565249236468,-1.2043193381438897
698099,4.62597906698184,-1.1543992534751228
698398,4.995011025463321,-1.155856944902105
698699,5.283473718092951,-1.0045587926785409
698998,5.483399256787396,-1.1249127885833796
699299,6.389796002771192,-1.1768703943466496
699599,5.512959452778137,-1.050642607686405
699898,4.992416088789709,-1.0093118533679664
700199,5.166845424326747,-0.9767090299069665
700498,5.74362159123184,-1.039890542813942
700799,6.030523834488784,-0.9915713499288199
701098,5.939462245602211,-1.0273401209180562
701399,6.094559143917025,-1.0295944551808907
701698,8.349140225648505,-1.1366166761800822
701999,8.76042663493323,-1.1763751895209018
702299,5.862013828014247,-1.1137957814927208
702598,8.777784375736466,-1.122167845605769
702899,5.409898081690707,-1.4768002491584649
703198,6.540199452454062,-1.4276678545617965
703499,5.428867510579062,-1.3519305042966319
703798,13.644601184085056,-1.1422944116266458
704099,8.215251565669874,-1.3858312551577203
704398,8.38458733810221,-1.336850585744049
704699,4.467220219261933,-1.3155620939875674
704999,4.607714760451747,-1.3442709289164907
705298,4.906576193236469,-1.3198515578951695
705599,4.6321643002966555,-1.2541700315061388
705898,4.521133391484155,-1.2091764369689755
706199,4.487989464576747,-1.2020060303333926
706498,4.2609704842133205,-1.1580884968961573
706799,4.424601500935543,-1.1626165115120073
707098,4.294650328745729,-1.076034088893279
707399,4.43213947516471,-1.080056520114511
707699,4.5812949918545245,-1.1017063572529562
707998,4.376194893278136,-1.0893375974317365
708299,4.700618079479525,-1.1096396051108441
708598,4.3065544576994315,-1.0759967390437128
708899,3.903970794139247,-1.3068652107417456
709198,4.014214593368413,-1.2979033606571693
709499,4.072010961752674,-1.2765831336469602
709798,4.125882085537395,-1.226401784714258
710099,4.187400067817489,-1.1374501737065805
710399,4.167388880521191,-1.0809478971077486
710698,4.3257319681647095,-1.0285713723013696
710999,4.328350237488785,-1.0620665782452647
711298,4.397354138359154,-1.0681479237836644
711599,4.4555257731971185,-1.050877581070222
711898,4.502379283183228,-0.97587748731333
712199,11.299000068030454,-0.6041967753036166
712498,4.695331897391561,-0.9862286725846401
712799,4.855235182042026,-1.0024083216407198
713099,4.901607254113784,-0.9546200817375692
713398,5.158639513326747,-0.9049023182168496
713699,5.408348561333691,-0.900721721384828
713998,5.513915039669339,-0.868787873816129
714299,5.386581404167025,-0.8688664184693127
714598,5.345601360329061,-0.8525952280483755
714899,5.11429673478045,-0.8036222516478795
715198,5.311349086037394,-0.897932801169649
715499,4.719423147738784,-0.8453407933862094
715799,4.696371934884618,-0.7329623981444364
716098,4.659474308745727,-0.5813556561907784
716399,4.506994878136933,-0.6843016024435464
716698,5.908515372861469,-1.0126621046234323
716999,4.706323448176284,-0.9754902923215742
717298,4.338589955898507,-0.8365031416276603
717599,4.86921285547258,-1.02467867265229
717898,4.343482625819802,-0.9199801589138745
718199,4.679499310153137,-0.9926903776012592
718499,4.610867504833691,-0.8529479332879604
718798,4.6202773855698025,-0.8871198385046934
719099,4.647127014963321,-0.9256550305793039
719398,5.0164112412850805,-0.9277655843096588
719699,11.15420348811152,-0.5481604388089187
719998,15.130672478947705,-0.6156259342450183
720299,4.990776800193697,-0.4604883411711511
720598,42.90468875580265,-0.2557650037896919
720899,5.605875595175714,-1.2371481865897231
721199,5.297637236359154,-1.4896008404988068
721498,4.724348922194802,-1.3393745625666487
721799,4.778164623771191,-1.147710499969382
722098,4.686246555562858,-0.9671079670064766
722399,9.59818690467397,-0.8503438741352032
722698,5.125296103322117,-0.9467893905100113
722999,6.515338296782766,-1.1325961617745777
723298,10.437299085992308,-0.7851733392329994
723599,6.03124909716934,-1.2711031256428864
723899,10.060630059286442,-0.7458849376886649
724198,4.833606636352211,-1.364589638374103
724499,6.836808309619777,-0.787783475207863
724798,7.78890161105823,-0.650359451039711
725099,5.845982059004987,-1.4665149824460229
725398,5.627278381655452,-1.4095943418847754
725699,5.4320050520188765,-1.174671321967411
725998,9.433839051175335,-1.12198699261574
726299,5.066622431011932,-1.1513107928600324
726599,5.215369789479525,-1.180016359313242
726898,4.93428796396795,-1.176538602528319
727199,4.8051713979100805,-1.1691143350360953
727498,4.5134357224795245,-1.0972194788903638
727799,4.719781859798969,-1.1035687781629409
728098,4.548876699724896,-1.039931416587648
728399,4.927896379116098,-1.1298681727782145
728698,20.901408016864373,-0.3702174369506528
728999,4.779506123178599,-1.0432031987280208
729299,4.914844027947118,-1.0156333944111902
729598,5.2339642000235065,-0.9834994626987064
729899,6.872857189930913,-1.2588313995409455
730198,5.6643722363545255,-0.9144527877575761
730499,5.4225439794193395,-0.9168081429064265
730798,5.729004397988785,-0.8325926126791654
731099,5.734099824988784,-0.8631966537001474
731398,5.9605326772943386,-0.9219796635009134
731699,6.3456191037827665,-0.8858824754770442
731999,6.342441363792024,-0.8702689484135722
732298,6.665750549692487,-0.8379830644108124
732599,6.879451609104525,-0.7684737085973878
732898,6.677151223398506,-0.7854938179844666
733199,6.693121793838321,-0.7338584782334137
733498,6.9883281223776725,-0.7362666730838194
733799,6.976333313157765,-0.7306211119109034
734098,6.993006660162395,-0.6781611642622332
734399,6.965368926391561,-0.6765314403488882
734699,7.309425888072117,-0.6585529331217888
734998,7.329010392081376,-0.6342616391282445
735299,7.57565604491934,-0.622777219068974
735598,7.94659125053045,-0.6362923261204398
735899,7.984295557750359,-0.6351300998345051
736198,8.202168010167025,-0.6163927195050625
736499,8.739254592759615,-0.6121372390454152
736798,8.967188139183229,-0.6076846041369808
737099,9.134768047882302,-0.6085877875276013
737399,9.51131291292397,-0.624024071929346
737698,9.664453353370728,-0.6098924171722377
737999,9.969180800921656,-0.5977695285836566
738298,9.842790749877672,-0.5670579634078132
738599,9.690716020211006,-0.5550927205020011
738898,9.660502249079062,-0.5619235845392041
739199,9.577935618266563,-0.561202846446837
739498,9.35969763342397,-0.531627464149123
739799,9.321207531430916,-0.5359695507390059
740099,9.303340277273508,-0.5334855158911604
740398,9.452972067879987,-0.555838657394194
740699,9.446371278407765,-0.5434139003184557
740998,9.339928070454063,-0.5545704132824687
741299,9.751936568491097,-0.5698926970186347
741598,9.570515500701745,-0.5764886119117394
741899,9.222253045430913,-0.5290324231448986
742198,9.443371341076746,-0.5213564221412039
742499,9.146697625502673,-0.5206292426985484
742799,9.311545991616097,-0.5032578345730008
743098,9.335724888623043,-0.5475070381517373
743399,9.331393850224895,-0.49843575177085664
743698,8.994389696086007,-0.4650001842019924
743999,9.077896361956377,-0.48416900759435344
744298,9.083616537222579,-0.4844694988024203
744599,9.359189476211007,-0.5263300935027089
744898,9.411078097338322,-0.5690817807208339
745199,17.06376520576483,-0.7188328297836246
745499,10.261097830123042,-0.7022853834206033
745798,6.8448488951415625,-0.489643698165934
746099,9.149268106715637,-0.640420077003945
746398,8.428056038055916,-0.7104140969948287
746699,7.21551746546332,-0.7147509478607612
746998,6.883164719771191,-0.8351758778276483
747299,5.13283556123184,-1.1807155256946893
747598,5.28478226060221,-1.1452176161680967
747899,5.3984049433591546,-1.1487343265712804
748199,5.529142570831378,-1.1279680296217336
748498,5.647547565347581,-1.131816389611322
748799,5.556544141697117,-1.1142122062988395
749098,5.439404105222581,-1.102309893001686
749399,5.3859904044031355,-1.0546338609182806
749698,6.246561339391562,-1.119085099287691
749999,6.095054011298968,-1.0811553062753743
750298,6.133929602171656,-1.089510234149258
750599,6.248805648220266,-1.0468387890826256
750899,6.31507720573184,-1.0413627059969413
751198,6.659337899333691,-1.018333578517213
751499,6.707930433440173,-0.9984222488656547
751798,6.875328760507303,-0.9647040672115073
752099,6.902390522414709,-0.9425612588538699
752398,6.677855711993414,-0.9100253370588851
752699,6.719311726067487,-0.9227379969163421
752998,6.662472874148507,-0.8351880567738237
753299,6.731781057775821,-0.8075347132072492
753599,7.4800543330188765,-0.9734540068687165
753898,5.972121777928598,-0.7777930943792164
754199,5.981814699961006,-0.8007317136525518
754498,6.224290088083691,-0.7590086032860595
754799,6.360876797993414,-0.7606762667974107
755098,6.062949557889247,-1.0397456281605608
755399,5.732761643419341,-1.0127933074612145
755698,5.714317307863784,-0.8564130029275152
755999,5.727305851815173,-0.9011852360773032
756299,5.760566194065174,-0.8944392934002441
756598,5.809013839285081,-0.8946442206395604
756899,5.951324560194802,-0.9471959655568902
757198,5.944157969428598,-0.9483148821415106
757499,5.774856241183229,-0.8575982990031281
757798,5.876975406257301,-0.7602501766504901
758099,5.825813931954061,-0.7659346917802183
758398,6.113923630782765,-0.7917253035146292
758699,30.021484998563444,-0.7314147249764251
758999,34.80395403167456,-0.6890466755240423
759298,0.682553084535297,-0.26145519242750015
759599,,
759898,0.05533593210967677,
760199,0.05533593210967677,
760498,0.05533593210967677,
760799,0.05533593210967677,
761098,0.05533593210967677,
761399,0.05533593210967677,
761699,0.05533593210967677,
761998,0.05533593210967677,
762299,0.05533593210967677,
762598,0.05533593210967677,
762899,0.05533593210967677,
763198,0.05533593210967677,
763499,0.05533593210967677,
763798,0.05533593210967677,
764099,0.05533593210967677,
764399,0.05533593210967677,
764698,0.05533593210967677,
764999,0.05533593210967677,
765298,0.05533593210967677,
765599,0.05533593210967677,
765898,0.05533593210967677,
766199,0.05533593210967677,
766498,0.05533593210967677,
766799,0.05533593210967677,
767099,0.05533593210967677,
767398,0.05533593210967677,
767699,0.05533593210967677,
767998,0.05533593210967677,
768299,0.05533593210967677,
768598,0.05533593210967677,
768899,2.8649781903823026,-0.678022053801604
769198,11.107757693629988,-0.6954938604557463
769499,11.17394107321738,-0.8988291550510048
769799,10.122319125231838,-0.7011851417944546
770098,9.342400537060543,-0.7750600987402199
770399,8.507254489873041,-0.7467506833534343
770698,7.845020506484155,-0.6917432398048866
770999,22.344101469238367,-1.121078354532775
771298,14.190098102254986,-1.251536188445269
771599,33.89411826689619,-1.4901285197447982
771898,,
772199,,
772499,,
772798,,
773099,,
773398,,
773699,0.05533593210967677,
773998,,
774299,,
774598,,
774899,,
775199,0.05533593210967677,
775498,0.05533593210967677,
775799,0.05533593210967677,
776098,0.05533593210967677,
776399,0.05533593210967677,
776698,0.05533593210967677,
776999,0.05533593210967677,
777298,0.05533593210967677,
777599,0.05533593210967677,
777899,0.05533593210967677,
778198,0.05533593210967677,
778499,0.05533593210967677,
778798,0.05533593210967677,
779099,0.05533593210967677,
779398,0.05533593210967677,
779699,0.05533593210967677,
779998,0.05533593210967677,
780299,0.05533593210967677,
780599,0.05533593210967677,
780898,0.05533593210967677,
781199,0.05533593210967677,
781498,0.05533593210967677,
781799,0.05533593210967677,
782098,0.05533593210967677,
782399,0.05533593210967677,
782698,0.05533593210967677,
782999,0.05533593210967677,
783299,0.05533593210967677,
783598,0.05533593210967677,
783899,0.05533593210967677,
784198,0.05533593210967677,
784499,0.05533593210967677,
784798,0.05533593210967677,
785099,0.05533593210967677,
785398,0.05533593210967677,
785699,0.05533593210967677,
785999,0.05533593210967677,
786298,0.05533593210967677,
786599,0.05533593210967677,
786898,0.05533593210967677,
787199,0.05533593210967677,
787498,0.05533593210967677,
787799,0.05533593210967677,
788098,0.05533593210967677,
788399,0.05533593210967677,
788699,0.05533593210967677,
788998,0.05533593210967677,
789299,0.05533593210967677,
789598,0.05533593210967677,
789899,0.05533593210967677,
790198,3.4453124825553867,-1.4274419885181944
790499,7.63425356341509,-1.0895367716793065
790798,5.523178016180913,-1.0943515053484485
791099,5.605753520245729,-1.1826791505800838
791399,5.9152905145744334,-1.2333510294469368
791698,5.544548713271191,-1.1272130759266927
791999,7.495962240569232,-0.8552805429382369
792298,6.488622038074432,-1.0235467428888736
792599,8.772849690926284,-0.6377509898846634
792898,6.8546926523846174,-1.0582181825185253
793199,5.1883606118174885,-1.208651272952857
793498,6.526252744264247,-1.1117460351437836
793799,6.963568529618948,-1.2083844508192265
794099,7.405919588560544,-0.9360149640622373
794398,5.903953998639247,-1.1646368849135298
794699,5.874726623588321,-1.1654072219999057
794998,6.100656427310543,-1.1480297920861515
795299,6.382248881069802,-1.0630756865063553
795598,5.830248784442489,-1.1397206625991587
795899,6.577814997039711,-1.1190411752218083
796198,5.745358520259617,-1.1833622301488926
796499,6.008100953278136,-1.1545512341386468
796799,5.6508341370790625,-1.0432800081333475
797098,43.86368025220002,-0.430444305641144
797399,7.915920638035668,-0.6086529308595434
797698,8.048856827759046,-0.6637404910967113
797999,8.17710366745002,-0.5132241871447643
798298,9.360011840754035,-0.5202830635753009
798599,5.256994469697117,-1.2037798871336416
798898,5.503997526296654,-1.2387061722728347
799199,5.678493685917025,-1.1729261787231358
799499,5.819704809625358,-1.0878182389457884
799798,5.921453563389246,-1.052599204821575
800099,6.522556130317488,-1.146244620547256
800398,5.887931332731839,-0.9193162824281782
800699,6.402832801882302,-0.8835344694437333
800998,6.436083810150821,-0.8947128063072187
801299,6.84947495496795,-0.7975178752073324
801598,6.221557353910081,-0.675658533558346
801899,6.758338095532766,-0.7047034034026056
802199,6.8817185348707275,-0.6759281861509561
802498,7.07093631665082,-0.7262582505921453
802799,7.075908834967951,-1.0594093205994368
803098,6.346198744660081,-1.2501519704676767
803399,5.461241361542025,-1.1644254804214627
803698,5.646934744178599,-1.1515469316398264
803999,5.3766194471276725,-0.9597369842570354
804298,5.421545194173969,-0.85945868167642
804599,5.8089962471392464,-0.8987954841424344
804899,6.121416682613784,-0.9211948247970099
805198,6.510762321530451,-0.9344514192044941
805499,6.960014751317487,-1.145619534212051
805798,16.619101832013143,-0.684162572708144
806099,101.51343896803797,-0.4865723369492274
806398,52.21186266447495,-0.44951153266885213
806699,0.05533593210967677,
806998,0.82034684074481,-0.7187238142792682
807299,0.05533593210967677,
807599,0.05533593210967677,
807898,0.05533593210967677,
808199,0.05533593210967677,
808498,0.05533593210967677,
808799,0.05533593210967677,
809098,0.05533593210967677,
809399,0.05533593210967677,
809698,0.05533593210967677,
809999,0.05533593210967677,
810299,0.05533593210967677,
810598,0.05533593210967677,
810899,0.05533593210967677,
811198,0.05533593210967677,
811499,0.05533593210967677,
811798,0.05533593210967677,
812099,0.05533593210967677,
812398,0.05533593210967677,
812699,0.05533593210967677,
812999,12.506809939709903,-1.1102874399035918
813298,10.984130898111468,-1.3601305250553102
813599,11.31122733850962,-0.70451757823106
813898,6.23170268665913,-0.9172607051336306
814199,6.261458100366099,-1.3964065497259743
814498,8.349775530397556,-1.222874312704708
814799,6.741745671794339,-1.2554101306012235
815098,6.898755982198482,-1.1439389920471288
815399,6.713327553974896,-1.1463860727712079
815699,10.633096725616687,-1.0634196828528792
815998,7.919579003083693,-1.3566887739010642
816299,7.2921177641276715,-0.9353925640522076
816598,8.560583583156815,-1.2615965026225089
816899,10.033989278022403,-1.2817048794825316
817198,8.97535281739524,-1.339762027058621
817499,8.094799710522556,-1.1489676811262615
817798,8.585068422298969,-1.4212968510550086
818099,7.573746390065172,-1.2427547285083715
818399,14.338038316174554,-1.04185093092305
818698,7.2613293529795255,-0.9302464214350141
818999,7.339143627171655,-1.055967287263445
819298,8.444412789725481,-0.9744772913178388
819599,6.607202867653136,-0.9494064256826487
819898,8.07616372105823,-1.2187669830021015
820199,9.899813997937859,-0.8925027374044199
820498,10.472212931750358,-0.8577905743104437
820799,7.739416659257303,-1.0237184514896778
821099,31.858283298061906,-0.7331498685362656
821398,21.4836846885143,-0.7931436648959014
821699,38.05769169700326,-0.6393952735918997
821998,7.270049191171655,-0.6909300792452155
822299,7.170668361879988,-0.6324449708214734
822598,8.416571399405449,-0.6045414289397049
822899,8.840559666201747,-0.5909259961971296
823198,14.140472068598942,-0.632737064196986
823499,15.477440658837374,-0.45702752389728163
823799,31.000804436586595,-0.6031387511927186
824098,32.35259199420234,-0.5541787633609365
824399,22.58967763579802,-0.6390646298193212
824698,20.35871171557811,-0.5587840674453317
824999,18.841885406441534,-0.5434104084965008
825298,20.739575957096633,-0.6108994891560171
825599,21.837099699450796,-0.596880518701052
825898,58.25441274781575,-0.7048126484587052
826199,73.20493231736668,-0.6984155761688808
826499,63.18688920414677,-0.6597092995444824
826798,103.65156984757502,-0.655348317668377
827099,116.34355561266761,-0.47039489599703543
827398,132.62995663368613,-0.5506006920217184
827699,105.39348618331574,-0.5661148139130672
827998,120.68485646109356,-0.5249878759282238
828299,100.76007093542223,-0.6193339411338046
828598,83.64006258817686,-0.5189744949230928
828899,105.34351794586206,-0.6194306496810484
829199,73.60656637248707,-0.5693173441132624
829498,32.64425572572958,-0.5507920087745839
829799,58.30807929073189,-0.7086151074770659
830098,56.602030725044386,-0.6234339975541277
830399,69.92673132010921,-0.5084484893554779
830698,60.29946904890088,-0.5454859140342554
830999,64.12477361414857,-0.5849535257679579
831298,71.83209397520179,-0.48009997495741064
831599,54.841360105393925,-0.5695556343871679
831899,66.99842890604262,-0.5469113977296722
832198,50.11236735096854,-0.6347861782662545
832499,45.69995283339161,-0.6530698282324026
832798,52.105357410023565,-0.5563585728573108
833099,49.53682512919022,-0.5717459537144625
833398,32.98513711851893,-0.4941223347652872
833699,0.05533593210967677,
833998,0.05533593210967677,
834299,0.05533593210967677,
834599,0.05533593210967677,
834898,0.05533593210967677,
835199,0.05533593210967677,
835498,0.05533593210967677,
835799,11.988577421662393,-0.5548612910016268
836098,13.870068581361467,-0.3839744158862415
836399,12.106228446437857,-0.359395434794721
836698,11.753175315546656,-0.44496950289765236
836999,10.508057445949433,-0.4411313057162842
837299,9.301784556643877,-0.47192638997271774
837598,9.063726671502671,-0.5507646072310419
837899,9.983971415977209,-0.6075480811449179
838198,8.406501365373044,-0.800991623757284
838499,7.724914451882302,-0.8591771241036785
838798,7.633902582993413,-0.8828198820336499
839099,7.852689301930913,-0.9440203493643959
839398,7.747761323127673,-0.929731717376657
839699,7.963824898197117,-0.9299720979194652
839999,7.97939917240082,-0.9532337834414057
840298,8.048888680502673,-0.9524575415266197
840599,8.153011977111468,-0.9866722334501401
840898,8.425723117889248,-0.9873605779960375
841199,8.582121173720266,-0.9501212072719623
841498,8.399836099393875,-0.9053614360396816
841799,8.681935037180914,-0.8944300340871854
842098,11.165264414094315,-0.5633790700881902
842399,9.641115470333693,-0.671556966823301
842699,9.224463434518876,-0.7671397992061726
842998,14.211943540037394,-0.5226680683655136
843299,10.32408482274341,-0.7462129432617621
843598,0.05533593210967677,
843899,0.43295643102258774,-0.793770268490859
844198,0.7447381979207359,-0.28720988417015847
844499,11.170704708014249,-0.6965142977112178
844798,11.298421606104522,-0.6389427372149372
845099,11.4454343698661,-0.6366421170742671
845399,11.67251037706286,-0.5900672865502488
845698,12.561354623157765,-0.6002137775237848
845999,21.909022784240147,-0.4544088657647831
846298,26.270773102247094,-0.263982660313832
846599,39.158781427559596,-0.24693144879057716
846898,62.5833346448754,-0.2842135104550687
847199,73.66693766973422,-0.2884452396041788
847498,1.7769848750870527,-0.24756590582065074
847799,0.05533593210967677,
848099,,
848398,,
848699,,
848998,9.18761866322163,-0.4479056842964133
849299,0.05533593210967677,
849598,0.05533593210967677,
849899,0.05533593210967677,
850198,0.05533593210967677,
850499,0.05533593210967677,
850799,0.05533593210967677,
851098,0.05533593210967677,
851399,0.05533593210967677,
851698,0.05533593210967677,
851999,0.05533593210967677,
852298,0.05533593210967677,
852599,0.05533593210967677,
852898,0.05533593210967677,
853199,0.05533593210967677,
853499,0.05533593210967677,
853798,0.05533593210967677,
854099,0.05533593210967677,
854398,0.05533593210967677,
854699,0.05533593210967677,
854998,0.05533593210967677,
855299,0.05533593210967677,
855598,0.05533593210967677,
855899,0.05533593210967677,
856199,0.05533593210967677,
856498,0.05533593210967677,
856799,0.05533593210967677,
857098,0.05533593210967677,
857399,0.05533593210967677,
857698,0.05533593210967677,
857999,0.05533593210967677,
858298,21.611186542258665,-0.6707287626910783
858599,12.635738851655985,-1.295739143558809
858899,25.556228841978573,-0.8757704859032991
859198,21.840270429342947,-0.9038473759896493
859499,,
859798,0.6761815600090905,-1.173048678384517
860099,,
860398,0.7375266397239617,-1.6057102075758873
860699,0.8453041506982328,-1.6361485576352197
860998,,
861299,,
861599,0.7011083534022023,-1.273564178664834
861898,25.2603271238065,-1.6352811362557556
862199,18.694752046709272,-1.7488263728016178
862498,15.140850527267146,-1.4088539254710062
862799,1.7129125705836914,-0.935564165348403
863098,0.747912771262401,-0.941431254587163
863399,23.79574072053335,-1.2174663669983645
863698,0.05533593210967677,
863999,0.05533593210967677,
864299,,
864598,0.05533593210967677,
864899,0.05533593210967677,
865198,0.05533593210967677,
865499,0.05533593210967677,
865798,0.05533593210967677,
866099,0.05533593210967677,
866398,0.05533593210967677,
866699,0.05533593210967677,
866999,0.05533593210967677,
867298,0.05533593210967677,
867599,0.05533593210967677,
867898,0.05533593210967677,
868199,0.05533593210967677,
868498,0.05533593210967677,
868799,0.05533593210967677,
869098,0.05533593210967677,
869399,0.05533593210967677,
869699,0.05533593210967677,
869998,0.05533593210967677,
870299,0.05533593210967677,
870598,0.05533593210967677,
870899,0.05533593210967677,
871198,0.05533593210967677,
871499,0.05533593210967677,
871798,0.05533593210967677,
872099,0.05533593210967677,
872399,0.05533593210967677,
872698,0.05533593210967677,
872999,0.05533593210967677,
873298,0.05533593210967677,
873599,0.05533593210967677,
873898,0.05533593210967677,
874199,0.05533593210967677,
874498,0.05533593210967677,
874799,0.05533593210967677,
875099,0.05533593210967677,
875398,0.05533593210967677,
875699,0.05533593210967677,
875998,0.05533593210967677,
876299,0.05533593210967677,
876598,0.05533593210967677,
876899,0.05533593210967677,
877198,0.05533593210967677,
877499,0.05533593210967677,
877799,7.803983846947119,-0.9790830439999498
878098,9.535650364405448,-1.0320169996559114
878399,9.103762833879989,-0.981641736230247
878698,9.467579535625358,-0.998194564417521
878999,9.149316913581378,-0.9475360726376227
879298,8.937247066889249,-0.8548108184872418
879599,8.868723993178598,-0.8960893331212474
879898,9.148030176396192,-0.9348048655324299
880199,8.291022675334226,-1.108045786071905
880499,6.856793111546655,-1.1169074258101381
880798,7.379440448134618,-1.1169585267752065
881099,6.752456693618415,-1.0917214729038789
881398,7.271126555192489,-1.0764936842354484
881699,8.289855095296653,-0.9589470802871594
881998,11.91030549341761,-0.6215729834722368
882299,6.3783434717156355,-1.1352988103593389
882598,6.420185740007303,-1.1503301627741456
882899,6.545009538782766,-1.0831158364497564
883199,6.530985818961006,-1.0648046922531873
883498,7.3351590537275895,-1.1150267755563243
883799,9.75047795628083,-0.9834225640314822
884098,11.554379065599896,-0.5612035492705361
884399,7.11091320586147,-1.1230903904536786
884698,10.287418610136934,-0.6987285863994155
884999,9.48312327926193,-0.6423605415849922
885298,9.458948259250358,-0.6308717513600739
885599,9.556019434595646,-0.5655941341003059
885899,9.417062973236467,-0.6306623353047678
886198,9.573852137273505,-0.7003987128237319
886499,9.490059736907765,-0.7722143791656806
886798,9.768986233572116,-0.7125422169440174
887099,9.96134020223647,-0.7411674237512966
887398,9.84734280516471,-0.6828527777374269
887699,10.108299598088319,-0.8043246012488654
887998,10.779202631421654,-0.6868359910150461
888299,12.120777099315173,-0.6875793784679862
888599,14.654883722634045,-0.5537634924878605
888898,9.426987807979524,-0.929623584860501
889199,8.862981786120729,-0.8926967741561465
889498,9.7859974479286,-0.6516750424461761
889799,10.007535150949431,-0.6240348064968604
890098,10.377228289118413,-0.6909679448972432
890399,10.698245602021194,-0.604743152941835
890698,11.144923345586006,-0.6672486794921071
890999,12.200422810582587,-0.8107371785128767
891299,11.795406809136932,-0.720709413962946
891598,10.547855149347582,-0.6104522598527158
891899,13.925844908448324,-0.7077760303238836
892198,11.433200187958692,-1.076539369417866
892499,12.425361469417025,-1.0836937297505265
892798,12.682097049140614,-1.0162521015051347
893099,14.204910635607426,-0.9606690919144436
893398,12.66312880588351,-0.9546416237960198
893699,11.213638191784131,-1.0098591817308908
893999,13.424542192986522,-0.9423450338547255
894298,13.027296335818695,-0.8782017563807203
894599,10.578149934899871,-0.8986722106185157
894898,10.401579695286825,-0.862528763775928
895199,10.034258424157194,-0.916686096759546
895498,10.97093589381286,-0.9080764101788292
895799,12.293987352331378,-0.8514419146229624
896098,12.438517508076176,-0.8808973023692639
896399,13.405594241248044,-0.9376206435904244
896699,13.668961307784132,-0.7381412229662092
896998,11.558880652323483,-0.9688454416661141
897299,16.068945977734206,-0.9386628635933201
897598,14.528279848019464,-0.9045581240994651
897899,16.54747596560921,-0.7914851293935825
898198,16.83515174671391,-0.8220676792367758
898499,13.989748994101106,-0.7695048522692982
898798,45.03677607635049,-0.512186251651336
899099,58.33587015721159,-0.632508737391827
899399,38.16738051657965,-0.5261244804453045
899698,,
899999,0.05533593210967677,
900298,0.05533593210967677,
900599,0.05533593210967677,
900898,0.05533593210967677,
901199,0.05533593210967677,
901498,0.05533593210967677,
901799,0.05533593210967677,
902099,0.05533593210967677,
902398,4.4247423666693395,-1.023327043197614
902699,13.565852273706962,-0.9239679237685665
902998,22.202079971378257,-0.8933337107716415
903299,26.698499274646778,-1.049272425808105
903598,12.78816613947258,-0.885840521933936
903899,12.283603483793389,-1.1020421339557789
904198,10.525510870062858,-1.13060165152414
904499,10.476766242321165,-1.0524792896630308
904799,10.970798841980889,-0.9666483622857625
905098,8.332967832125357,-1.4042870273924901
905399,12.289944231590637,-0.9867018214235459
905698,12.618906706893874,-1.018690301948376
905999,9.7749847013661,-1.2728219294915717
906298,11.377869786259616,-1.208379992494507
906599,10.66734297042302,-1.3274907387722124
906898,14.14797789527119,-0.9278378279180415
907199,13.412517129689219,-1.1398212463187156
907499,12.068866357467948,-1.1195582135717457
907798,15.380419822645242,-1.1408378187179413
908099,13.77927862791839,-1.1447362017499456
908398,23.33124424143791,-0.817534995720816
908699,41.561177723799545,-0.7742803875455972
908998,14.500937130518878,-0.7806277057175919
909299,9.487234228329063,-1.3419978840498255
909598,10.634578874328112,-1.1835292034786216
909899,25.11129353931638,-0.49920935446174597
910199,7.334834535852796,-1.058042693315663
910498,13.119421571074433,-0.8921030840986197
910799,8.833477579349895,-1.257825171675682
911098,14.250717576238786,-1.1953511821633471
911399,24.25399244757039,-1.0890399135665634
911698,30.858853283311127,-1.4066701522788834
911999,8.30904626903971,-0.951537672083349
912298,8.442721259389245,-0.9057797243630059
912599,8.624243515463322,-0.8156107147801335
912899,9.1551764966161,-0.6894994487673436
913198,10.347746412004986,-0.5913655992038185
913499,11.267429516518877,-0.5314604230074249
913798,10.567255899000358,-0.5805065510832832
914099,9.540442204231839,-0.4492825183929081
914398,9.525411167426284,-0.39281245936831
914699,10.27975613721101,-0.3975400464820569
914998,11.551977405120729,-0.38749985208128757
915299,11.734639990926285,-0.3788907703527584
915599,12.180021497259617,-0.3651958412526144
915898,12.77781597129434,-0.37639814694218154
916199,13.59935847616008,-0.36937919252435214
916498,11.576438034616096,-0.3192133222093174
916799,12.205389561748044,-0.3646103899087654
917098,12.81157297078508,-0.36032680089750246
917399,13.074680986917022,-0.35652238291682137
917698,13.708269667338321,-0.3537578083167592
917999,13.839453267312859,-0.3432340657465254
918299,14.574562204542026,-0.34895011193788594
918598,17.121501895440176,-0.2965873323057495
918899,17.149087249361468,-0.2996918661770438
919198,19.391203924859152,-0.7259626515713256
919499,15.80596518641008,-0.5218314386299463
919798,17.665865764296655,-0.6199415114969304
920099,17.72882769541471,-0.5989533312010802
920398,18.645058855507305,-0.5309872586283892
920699,18.926378070842947,-0.4503329562094769
920999,23.886153557182276,-0.5899244115705373
921298,21.956496878775816,-0.6805120393021977
921599,21.306139695963324,-0.5189066057180804
921898,24.281564676578114,-0.6047415795318332
922199,0.8952626288992148,-0.5494221272943813
922498,15.241941405129987,-0.6039909738493807
922799,4.24102822296795,-0.6314622122996731
923098,1.7113520261485062,-0.694669979382627
923399,0.05533593210967677,
923699,0.05533593210967677,
923998,0.05533593210967677,
924299,0.05533593210967677,
924598,0.05533593210967677,
924899,0.05533593210967677,
925198,,
925499,0.05533593210967677,
925798,,
926099,51.1257234618852,-0.25757614076728297
926399,58.07457300261615,-0.2045465128096653
926698,5.413537260771191,-0.8724988511951473
926999,6.275120953935543,-0.7379898752587548
927298,6.8992123095536,-0.8205732951256703
927599,6.6004403428522105,-0.7460446601610067
927898,7.134486752891563,-0.9775207003198383
928199,6.946147391241099,-0.8505812515738838
928498,7.270205326234152,-0.9881227906122845
928799,7.130305744528134,-1.0412664478780367
929099,7.219951792879987,-1.0923560985393315
929398,7.419234240173968,-1.0616288776024438
929699,7.520087102194803,-1.051478164491599
929998,20.537589393142145,-0.35752534097751365
930299,7.401257319433228,-1.1184837615250731
930598,7.858913681822116,-1.1193865654235373
930899,7.973618346104524,-1.0747220458696756
931198,8.611953362567487,-1.0837181978828627
931499,8.662587524845266,-1.114222580174924
931799,9.740265611898508,-1.0509746149390096
932098,9.146411384139247,-1.104766332690509
932399,8.863364300879988,-1.0882133744805809
932698,8.515269661484156,-1.0966811432067467
932999,8.746959715764248,-1.1272759090867415
933298,9.320067371379988,-1.059814298793567
933599,9.117556894882302,-1.0883631341089344
933898,9.156712227942489,-1.0434266246226653
934199,9.234905337467952,-0.9856993938766152
934499,9.469856959407766,-0.8957301330900287
934798,9.899051201694801,-0.886504397858785
935099,10.582183223011931,-0.8346457819664221
935398,10.75312504022258,-0.7966538297525587
935699,11.06825500775036,-0.7221644462808523
935998,11.817778966125358,-0.7069750598680569
936299,12.415935234430911,-0.7284132547469371
936598,13.050578060599896,-0.6882222567799785
936899,14.158884174653135,-0.7122960970487577
937199,14.687354142516561,-0.7174687607303398
937498,30.311183174695387,-0.6259233277485441
937799,13.815854454088319,-0.9066439635510515
938098,32.7035202137116,-0.4108159451319606
938399,40.19307133982912,-0.4998067374147559
938698,47.23610993233374,-0.5701807771337453
938999,37.19468791269849,-0.5476299762239829
939298,0.05533593210967677,
939599,0.05533593210967677,
939899,0.05533593210967677,
940198,0.05533593210967677,
940499,0.05533593210967677,
940798,0.05533593210967677,
941099,0.05533593210967677,
941398,0.05533593210967677,
941699,0.05533593210967677,
941998,0.05533593210967677,
942299,0.05533593210967677,
942599,0.05533593210967677,
942898,0.05533593210967677,
943199,0.05533593210967677,
943498,0.05533593210967677,
943799,0.05533593210967677,
944098,0.05533593210967677,
944399,0.05533593210967677,
944698,0.05533593210967677,
944999,0.05533593210967677,
945299,0.05533593210967677,
945598,0.05533593210967677,
945899,8.469626987697117,-1.321059944741405
946198,8.2704686513387,-1.1660049416481701
946499,6.77826847699573,-1.013753671883058
946798,6.518059344275822,-0.9795880414631188
947099,8.029953847570182,-1.0260070030185213
947398,8.496256750814602,-1.1192425391216885
947699,6.615930309859154,-0.8156761957154484
947999,7.203873434609155,-0.9482834245066301
948298,14.357847062368414,-1.12698729084814
948599,26.38195678500635,-0.8481102288195632
948898,28.131311616060593,-0.8191251581322225
949199,20.60369785961152,-0.9568880147876073
949498,13.237623351785079,-0.9848159523233646
949799,1.4777216454389737,-0.5399914932039098
950098,12.063960185912983,-1.1334301333931829
950399,0.05533593210967677,
950699,0.05533593210967677,
950998,17.29495842088467,-1.3148323059118447
951299,8.94727168267397,-0.8448213740155444
951598,8.20201057886185,-1.0832095040628866
951899,13.683755280991152,-0.4537397632441864
952198,10.586158653283974,-0.5157599281004468
952499,2.327479768014092,-0.500795708172245
952798,5.865320885881197,-0.8159283187334208
953099,1.3015973721658254,-0.8430742874962835
953399,0.05533593210967677,
953698,0.05533593210967677,
953999,0.05533593210967677,
954298,0.05533593210967677,
954599,0.05533593210967677,
954898,0.05533593210967677,
955199,0.05533593210967677,
955498,0.05533593210967677,
955799,0.05533593210967677,
956099,0.05533593210967677,
956398,0.05533593210967677,
956699,0.05533593210967677,
956998,0.05533593210967677,
957299,0.05533593210967677,
957598,0.05533593210967677,
957899,0.05533593210967677,
958198,0.05533593210967677,
958499,0.05533593210967677,
958799,0.05533593210967677,
959098,0.05533593210967677,
959399,0.05533593210967677,
959698,0.05533593210967677,
959999,0.05533593210967677,
960298,0.05533593210967677,
960599,0.05533593210967677,
960898,0.05533593210967677,
961199,0.05533593210967677,
961499,0.05533593210967677,
961798,0.05533593210967677,
962099,0.05533593210967677,
962398,0.05533593210967677,
962699,0.05533593210967677,
962998,0.05533593210967677,
963299,0.05533593210967677,
963598,0.05533593210967677,
963899,0.05533593210967677,
964199,0.05533593210967677,
964498,0.05533593210967677,
964799,0.05533593210967677,
965098,0.05533593210967677,
965399,14.37617847538289,-0.5753510072717303
965698,21.75361116470465,-0.7074285018852013
965999,6.69631229241008,-0.6665445464075515
966298,7.620949884421653,-0.6698285174841241
966599,7.066844967000359,-0.6014973385685711
966899,8.132267240824433,-0.7948552062518299
967198,8.568621443729526,-0.7909800935345148
967499,8.507779647817488,-0.7085191862946101
967798,8.598048473509618,-0.7472432964966433
968099,8.596004708257302,-0.6238412799617876
968398,8.16168762572721,-0.6112032765978574
968699,7.972330607192486,-0.6149654004397556
968998,8.271265567560544,-0.5612354359204441
969299,8.242850307551286,-0.5495499014892375
969599,10.187813635456756,-0.9521971439669121
969898,7.166540128794338,-0.6535518332381389
970199,8.227645454998044,-0.8629669128045221
970498,7.770198977567487,-0.7332747045385695
970799,6.918938305678598,-0.6495397799033891
971098,7.6558668212318395,-0.6970875634920144
971399,7.6265756711901735,-0.6770677020835025
971698,7.195132283859156,-0.6441405665883908
971999,7.475378390463323,-0.9408845676878073
972299,7.359691745685542,-0.6128690437853344
972598,7.605924771197118,-0.6517528528687293
972899,7.237452973333692,-0.6557215115640307
973198,7.517581335368413,-0.6256285358743559
973499,7.74059125423184,-0.6062861430254276
973798,8.146045334951745,-0.7367440230947631
974099,8.202093153917025,-0.6372013933676473
974398,7.968866993885982,-1.02839332366211
974699,6.715441154338321,-1.040802430230475
974999,8.698967141574812,-1.1642541567330076
975298,7.779441748836007,-0.9902170183233248
975599,7.9593660843869305,-1.022642622956746
975898,8.216309857113783,-1.0179719034131929
976199,8.622524770859155,-1.048849004720486
976498,8.848936179167023,-0.9951096783926625
976799,8.492761648940172,-0.9896402937018729
977098,8.72082526337999,-0.9085589095970634
977399,8.738399032065173,-0.8881640182428028
977699,14.23036391575967,-0.8660009828048096
977998,27.53055932340777,-0.36821260416281487
978299,19.933255001731837,-0.5208475011149067
978598,73.62269431852873,-0.3543287104884407
978899,28.238082805006194,-0.4672233034110138
979198,9.9916786946786,-0.8499202396454224
979499,9.028951119345265,-0.9411761833723371
979798,9.338886014592951,-0.9136293111184961
980099,9.857866472254987,-0.9250010937619533
980399,10.120354126023507,-0.9313669976222401
980698,10.664340403287396,-0.9256573938575783
980999,11.312224988590636,-0.922157614763377
981298,11.674620481238783,-0.8940725673547811
981599,12.299061607535078,-0.8826524446976745
981898,12.980630635653135,-0.8490171822315711
982199,12.657413600780451,-0.8306307923716498
982498,12.56320914453045,-0.8224655420394171
982799,12.67136159131286,-0.7888854439399717
983099,24.92404827644539,-0.5653375624239243
983398,11.326502443119622,-0.8368790379972066
983699,10.884719086017926,-0.88525590567162
983998,11.800422115201798,-0.9088292698072209
984299,12.424156378298017,-0.7976519276512128
984598,13.523946387139247,-0.7528595090205208
984899,13.807089322954063,-0.7172824176043247
985198,14.647601062590638,-0.6899282588553464
985499,15.401536028822116,-0.635780561891151
985799,15.92626278544017,-0.6906016001510262
986098,16.62738904484758,-0.6884514005014126
986399,17.79746506530265,-0.6619747022608842
986698,20.30347674970543,-0.6994939931444399
986999,21.509154193207742,-0.639746680014891
987298,20.240160484041073,-0.6302164806357036
987599,19.376418822719312,-0.5355896247028977
987898,30.49016933571622,-0.673590123208587
988199,40.82734547604724,-0.7193466632877428
988499,41.463464709774094,-0.7496664045226393
988798,30.863793270121317,-0.7875218791198797
989099,1.4246221373082288,-1.017578174873493
989398,0.05533593210967677,
989699,0.05533593210967677,
989998,0.05533593210967677,
990299,0.05533593210967677,
990598,0.05533593210967677,
990899,0.05533593210967677,
991199,0.05533593210967677,
991498,0.05533593210967677,
991799,0.05533593210967677,
992098,0.05533593210967677,
992399,0.05533593210967677,
992698,20.87460139075558,-1.3508388035427337
992999,18.706980061308816,-1.246348134974943
993298,13.200768482947119,-0.9132161976214068
993599,24.017660583284126,-0.965735077013067
993899,13.819007501412393,-1.0081623913304134
994198,14.345724477407764,-0.9351893910266484
994499,19.05858677767765,-1.073943564591104
994798,15.788628933733204,-0.9424924302553974
995099,14.189014014973944,-1.05933673004097
995398,13.360329036661444,-0.8957125039321256
995699,16.11018917069848,-1.0087505729696704
995998,12.884813603853575,-1.034410092041317
996299,11.855528335145241,-1.0242129165378322
996599,11.777338044182278,-1.1389482707532994
996898,10.953772285586005,-0.9618390354591895
997199,8.637777400336006,-0.9790158721794324
997498,13.011973284534127,-0.9374920620152112
997799,18.03806415964755,-1.140885193982256
998098,18.053365862152184,-1.1347430447415299
998399,16.014273718953117,-0.8946693753056423
998698,20.286490238152183,-0.9837292513966984
998999,30.980259307419928,-1.328041421151589
999299,5.544072180806499,-1.3803914834292144
999598,13.963515221221632,-0.9063635599929383
999899,34.712044235095846,-0.7912469890190448
1000198,20.935583959098167,-1.1004895846050293
1000499,27.91982247037132,-1.0647486126765342
1000798,13.639334862861524,-0.6727969508099887
1001099,25.401169483250943,-0.8523632334702982
1001398,21.829881085309594,-0.7758304185474039
1001699,28.31794093828104,-0.7022725725455989
1001999,37.11668845353799,-0.8847806203523274
1002298,4.471642603524093,-0.7988202841070482
1002599,21.078883429695388,-0.9042906948061111
1002898,4.890236966417612,-0.7930229131916133
1003199,3.133262369209951,-0.8466486127565942
1003498,,
1003799,17.136943214577332,-0.7185059268191241
1004098,26.150746376880576,-0.735786777253292
1004399,,
1004699,0.05533593210967677,
1004998,0.05533593210967677,
1005299,30.822588723706424,-0.8547998982401177
1005598,32.39766793951429,-0.6351867899119741
1005899,24.05970159604802,-0.728372129336913
1006198,19.33264564442301,-0.5056675759376803
1006499,21.03874532953644,-0.5447198956041659
1006798,19.867641195466998,-0.5660800205838732
1007099,21.83691277767302,-0.5213184300474165
1007399,21.401149286411442,-0.4764731733151406
1007698,62.41007725820001,-0.42478244310702307
1007999,24.249016236524092,-0.630537309316356
1008298,48.83978233611437,-0.5434984867172319
1008599,18.996304791469313,-0.44953867716142715
1008898,19.19111343165666,-0.6157510097976129
1009199,34.02079976992455,-0.5203236522613737
1009498,33.19091220562595,-0.5707283985483875
1009799,57.43097857683428,-0.522791880713779
1010099,39.42020695044538,-0.5954193877952663
1010398,7.370551621741686,-0.5716818674587292
1010699,0.05533593210967677,
1010998,,
1011299,0.05533593210967677,
1011598,0.05533593210967677,
1011899,,
1012198,,
1012499,,
1012799,,
1013098,0.05533593210967677,
1013399,0.05533593210967677,
1013698,0.05533593210967677,
1013999,0.05533593210967677,
1014298,0.05533593210967677,
1014599,0.05533593210967677,
1014898,0.05533593210967677,
1015199,0.05533593210967677,
1015499,0.05533593210967677,
1015798,0.05533593210967677,
1016099,0.05533593210967677,
1016398,0.05533593210967677,
1016699,0.05533593210967677,
1016998,0.05533593210967677,
1017299,0.05533593210967677,
1017598,0.05533593210967677,
1017899,0.05533593210967677,
1018199,0.05533593210967677,
1018498,0.05533593210967677,
1018799,0.05533593210967677,
1019098,0.05533593210967677,
1019399,6.161381042298969,-0.5270963510258706
1019698,,
1019999,8.45262000128045,-0.7966533641186557
1020298,8.672711085254988,-0.7385697789825267
1020599,8.640588552694803,-0.7345135076137164
1020899,8.92764334740082,-0.7691318414005859
1021198,9.618735187271191,-0.8616221625110831
1021499,8.750858548234154,-0.8096471621894539
1021798,9.307118215625358,-0.9019324410763045
1022099,9.441326274660081,-0.7864606625954498
1022398,9.74921629262536,-0.8567260975766418
1022699,10.127188042028136,-0.8904755061733232
1022998,10.577110190368412,-0.8924791912591508
1023299,10.967649178838322,-0.896772895811881
1023599,11.136000199914712,-0.9070007245726104
1023898,12.180522945331758,-0.9849453312055865
1024199,12.782426132977209,-0.9606259585585402
1024498,12.389007423891563,-0.8539361504237468
1024799,12.4880357147411,-0.9183582018224816
1025098,12.90948825500499,-0.9029502264986704
1025399,12.932348353268877,-0.8645211584521628
1025698,22.183788904014833,-0.8820345163967338
1025999,19.21945474569485,-0.791953456798778
1026299,16.1763593452411,-0.8533849435261096
1026598,18.33954517119154,-0.812216825235802
1026899,20.282327381351262,-0.8887052622331018
1027198,29.082434000856892,-0.42317961978277685
1027499,35.39301546384585,-0.3898712531593802
1027798,47.529786383021786,-0.33664058947894215
1028099,30.066350109429184,-0.5104859977287224
1028398,37.965023111984735,-0.4363097592187164
1028699,21.494557664031813,-0.5726272839070046
1028999,26.877259374523558,-0.5190754269683411
1029298,27.368639859230893,-0.5409882140227764
1029599,80.25059209012133,-0.6693371688410201
1029898,11.612586530885205,-0.6836031061542283
1030199,11.747886971042078,-0.6637976057458268
1030498,41.96996785476198,-0.6386099713071756
1030799,63.580458371223955,-0.9937487289934053
1031098,0.05533593210967677,
1031399,0.05533593210967677,
1031699,0.05533593210967677,
1031998,0.05533593210967677,
1032299,0.05533593210967677,
1032598,0.05533593210967677,
1032899,0.05533593210967677,
1033198,0.05533593210967677,
1033499,0.05533593210967677,
1033798,0.05533593210967677,
1034099,0.05533593210967677,
1034399,0.05533593210967677,
1034698,0.05533593210967677,
1034999,1.447952361403136,-0.8421843238422788
1035298,29.385854253640453,-0.7379377593980812
1035599,21.988545159263676,-0.8139663018218519
1035898,11.466464238090635,-1.0843387151487187
1036199,11.911447310819803,-0.8783966608700995
1036498,10.005555310525821,-0.8545696166093415
1036799,9.633015154347582,-1.0223068463575093
1037099,9.96435445590545,-1.129117595147504
1037398,9.359245510847579,-1.0612855597019126
1037699,10.227066800220264,-0.9763144356995961
1037998,11.08930776834758,-1.0702915488046045
1038299,10.232706073074432,-0.8898641255008737
1038598,12.301752943113785,-0.9775039705549093
1038899,20.280072938374406,-1.0609836110678752
1039198,14.313104377589683,-0.9568677241347252
1039499,33.135645499468005,-1.227191473831975
1039799,41.73922647357811,-1.1045888113134046
1040098,20.95595675142455,-0.8806423931552203
1040399,34.103981603713905,-0.9928585330943713
1040698,15.605518375301866,-0.8050069322458613
1040999,16.521162952135978,-0.9517176089732524
1041298,22.06591551318922,-0.6150860944753105
1041599,11.401507354183227,-0.743335891121242
1041898,30.174938945630043,-1.0592921386110592
1042199,14.022139929178444,-0.7609335345576107
1042499,26.86076968855265,-0.9088741803493456
1042798,12.837868505030452,-0.6603840509190879
1043099,22.512311204443073,-0.6817385748253768
1043398,11.848939540905452,-0.6441625708792285
1043699,11.396942242400819,-0.5753221804969402
1043998,11.762017124743414,-0.5865757442273796
1044299,13.343459012245727,-0.5400301562637653
1044598,13.062946263217949,-0.6134846084483547
1044899,22.514516365512517,-0.8675832347724479
1045199,15.538125201194804,-0.5544157474768499
1045498,16.30341751556054,-0.514508317985723
1045799,16.357893448071167,-0.46735024357012467
1046098,16.149583560363787,-0.4481590844285839
1046399,16.66775236381517,-0.46366962006675383
1046698,16.887270405604525,-0.4494016707116335
1046999,17.57703753544712,-0.43756236079984134
1047298,18.065889395754986,-0.41417311137540547
1047599,18.14765433747258,-0.3980015559558403
1047899,18.78794614947721,-0.40066576222398753
1048198,18.448593810018878,-0.41572525043195596
1048499,18.96080862324341,-0.40643916067378916
1048798,19.078933331208695,-0.4302512958175695
1049099,19.61831020034758,-0.41811993786225
1049398,18.858087921653137,-0.4208156241686487
1049699,18.670488905178598,-0.4214933401905614
1049998,18.07638077651656,-0.40501571168334904
1050299,19.196985519993415,-0.41011381356228793
1050599,18.70946010397258,-0.4154336435156196
1050898,19.230309352632297,-0.4087959095145197
1051199,19.924334190854523,-0.4059199081447229
1051498,20.066628096641566,-0.37923492219337884
1051799,19.832933435164712,-0.4017467784869828
1052098,20.458422874993417,-0.4474803467921915
1052399,20.956498787701744,-0.45110774237145423
1052698,20.272675049694797,-0.435156217412461
1052999,20.462843966750356,-0.44356349468223644
1053299,23.806335065860516,-0.5179124866618436
1053598,19.574191924069805,-0.484807827393009
1053899,13.886041734782767,-0.5931150561820495
1054198,16.610637828373044,-0.5497863615402476
1054499,16.862133567930915,-0.5176101007015741
1054798,16.088815204194805,-0.49620650315703907
1055099,16.988906274317486,-0.5087882702183752
1055398,14.445430541430916,-0.5397781506598369
1055699,17.219432238763297,-0.5949457818786339
1055999,16.384575319542027,-0.5417037557017226
1056298,16.372048069454063,-0.5308645692842995
1056599,15.734684507072116,-0.4776531909159474
1056898,14.983869374896194,-0.4689004621543955
1057199,13.192577490546656,-0.6377539831096104
1057498,13.963007777167023,-0.6384652390973808
1057799,14.739940133667027,-0.7109725792170931
1058098,13.742623866629986,-0.5308407949967513
1058399,12.626095272849895,-0.5476069778789852
1058699,10.424687779211006,-0.6442485551975297
1058998,10.79636109412073,-0.5324937845454305
1059299,9.413056873486315,-0.660570612273462
1059598,10.169924321086008,-0.49794094703521097
1059899,10.45520914153045,-0.4937440309014802
1060198,11.0446941841161,-0.8525120412643221
1060499,10.011305959859156,-0.5143610840434838
1060798,10.611225211833691,-0.5323789614635503
1061099,8.129566081495726,-0.5962537127755061
1061399,11.616558797090638,-0.6695976582377869
1061698,10.910865758595266,-0.7873989963467465
1061999,10.498363093611468,-0.6422110084378343
1062298,10.32128939195406,-0.7257501592328677
1062599,10.854197936923969,-0.9168058330288369
1062898,10.898147828672244,-1.0281008146597852
1063199,11.205356660373042,-1.01562355333846
1063498,11.616367564619622,-1.0157517540042154
1063799,9.70001926501656,-0.7529656019601547
1064099,10.798598874009619,-0.85120281150737
1064398,10.42995807003971,-0.7350435743670858
1064699,10.325669422412394,-0.6987613372833257
1064998,10.390941794296655,-0.7880434760303792
1065299,9.744345856551284,-0.6983936476205332
1065598,10.213461623629989,-0.6563924852992402
1065899,10.614023836641561,-0.5670200364546774
1066198,12.593160547484153,-0.5925312528473465
1066499,12.881602123793389,-0.690653893563371
1066799,22.309910299458743,-0.5813484527484982
1067098,11.964311495171653,-0.6358693488296621
1067399,12.706039694907766,-0.6536650627827516
1067698,12.63461414281749,-0.6416056095802147
1067999,13.724601876340634,-0.5745561023735555
1068298,13.034584335794342,-0.5940169974557612
1068599,13.293521140643879,-0.5849338845596397
1068898,18.064502235605886,-0.4593802162004399
1069199,14.374820074051282,-0.595096855190504
1069499,21.84627292613598,-0.38688471966425864
1069798,17.043152574217952,-0.4955732693477879
1070099,18.271503106848947,-0.5273210083019071
1070398,20.840848031376726,-0.4345435962063231
1070699,17.910993834205428,-0.5439742817593207
1070998,20.707545753603576,-0.4964666184313635
1071299,19.8432359174207,-0.5325176625034624
1071598,27.561894412461058,-0.45709154945611385
1071899,20.227656914710053,-0.5393726457258734
1072199,136.36738000455884,-0.25260184363845206
1072498,96.69173935098652,-0.21791951419585476
1072799,56.122286528970314,-0.35783574103220994
1073098,72.98889093297726,-0.33348208105536803
1073399,94.6788070506815,-0.22761435940750152
1073698,34.18974228095411,-0.28692821665545365
1073999,42.83848379078513,-0.256901839637667
1074298,72.766631203825,-0.26615754999455543
1074599,51.57247048476947,-0.25761827001774873
1074899,35.70868664822548,-0.26508178413545247
1075198,0.05533593210967677,
1075499,0.05533593210967677,
1075798,,
1076099,,
1076398,,
1076699,,
1076998,,
1077299,0.05533593210967677,
1077599,0.05533593210967677,
1077898,0.05533593210967677,
1078199,0.05533593210967677,
1078498,0.05533593210967677,
1078799,0.05533593210967677,
1079098,0.05533593210967677,
1079399,0.05533593210967677,
1079698,0.05533593210967677,
1079999,0.05533593210967677,
1080299,0.05533593210967677,
1080598,0.05533593210967677,
1080899,0.05533593210967677,
1081198,0.05533593210967677,
1081499,0.05533593210967677,
1081798,0.05533593210967677,
1082099,0.05533593210967677,
1082398,0.05533593210967677,
1082699,0.05533593210967677,
1082999,0.05533593210967677,
1083298,0.05533593210967677,
1083599,0.05533593210967677,
1083898,0.05533593210967677,
1084199,38.89738135628798,-1.0400024054445733
1084498,22.72407509582217,-0.9716110574230425
1084799,34.674032739931505,-1.0270592217046004
1085098,25.08031231226893,-0.9928193592975763
1085399,18.01153819171468,-1.343490762294424
1085699,19.36158979747858,-1.2902757617712255
1085998,22.74496083407811,-0.932798873898695
1086299,18.052069054721635,-1.1842978928194365
1086598,17.081722524001723,-1.0005192468225608
1086899,18.827283100545703,-1.1251261266617805
1087198,22.342825865867457,-1.0494162066066983
1087499,17.196206148536824,-1.2155429312536614
1087798,20.69785220555728,-1.0341032239131844
1088099,19.065015977427645,-1.0640813432420493
1088399,21.25638583633274,-1.2012802174094919
1088698,22.99285763184069,-1.2718864183730316
1088999,24.96918234317765,-1.1042839718576536
1089298,19.81480141056754,-1.257378057195225
1089599,15.368705226109208,-1.2895128370480777
1089898,21.243388163596627,-1.0183441267353208
1090199,,
1090498,,
1090799,21.79598194759354,-0.8805924138870116
1091099,0.05533593210967677,
1091398,4.861202262079648,-1.1072496389910644
1091699,,
1091998,0.05533593210967677,
1092299,0.05533593210967677,
1092598,0.05533593210967677,
1092899,0.05533593210967677,
1093198,0.05533593210967677,
1093499,0.05533593210967677,
1093799,0.05533593210967677,
1094098,0.05533593210967677,
1094399,0.05533593210967677,
1094698,0.05533593210967677,
1094999,0.05533593210967677,
1095298,0.05533593210967677,
1095599,0.05533593210967677,
1095898,0.05533593210967677,
1096199,0.05533593210967677,
1096499,0.05533593210967677,
1096798,0.05533593210967677,
1097099,0.05533593210967677,
1097398,0.05533593210967677,
1097699,0.05533593210967677,
1097998,0.05533593210967677,
1098299,0.05533593210967677,
1098598,0.05533593210967677,
1098899,0.05533593210967677,
1099199,0.05533593210967677,
1099498,0.05533593210967677,
1099799,0.05533593210967677,
1100098,0.05533593210967677,
1100399,0.05533593210967677,
1100698,0.05533593210967677,
1100999,0.05533593210967677,
1101298,0.05533593210967677,
1101599,0.05533593210967677,
1101899,0.05533593210967677,
1102198,0.05533593210967677,
1102499,0.05533593210967677,
1102798,0.05533593210967677,
1103099,0.05533593210967677,
1103398,0.05533593210967677,
1103699,0.05533593210967677,
1103998,0.05533593210967677,
1104299,0.05533593210967677,
1104599,0.05533593210967677,
1104898,0.05533593210967677,
1105199,0.05533593210967677,
1105498,0.05533593210967677,
1105799,0.05533593210967677,
1106098,0.05533593210967677,
1106399,0.05533593210967677,
1106698,0.05533593210967677,
1106999,0.05533593210967677,
1107299,0.05533593210967677,
1107598,0.05533593210967677,
1107899,0.05533593210967677,
1108198,0.05533593210967677,
1108499,0.05533593210967677,
1108798,0.05533593210967677,
1109099,0.05533593210967677,
1109398,0.05533593210967677,
1109699,0.05533593210967677,
1109999,0.05533593210967677,
1110298,0.05533593210967677,
1110599,0.05533593210967677,
1110898,0.05533593210967677,
1111199,0.05533593210967677,
1111498,0.05533593210967677,
1111799,0.05533593210967677,
1112098,0.05533593210967677,
1112399,0.05533593210967677,
1112699,0.05533593210967677,
1112998,22.468500427167026,-0.7442737562464707
1113299,21.13253832875499,-0.7429943516104358
1113598,19.85152434231286,-0.7352393645138002
1113899,32.83062809168791,-0.959862193558765
1114198,22.487346750051284,-0.7078298616558092
1114499,22.521116551896196,-0.7001918169309724
1114798,31.583619787492466,-0.6901347903664099
1115099,57.95748816916067,-0.6466873394720336
1115399,81.11384624459122,-0.5482129053459057
1115698,1.4874684573898338,-0.7170284347150706
1115999,8.019556682477262,-0.37581669127719897
1116298,18.234869669086596,-0.39654551367810176
1116599,13.585213340283351,-0.5126253514456212
1116898,0.05533593210967677,
1117199,0.05533593210967677,
1117498,,
1117799,,
1118099,,
1118398,,
1118699,,
1118998,,
1119299,,
1119598,,
1119899,,
1120198,,
1120499,,
1120799,0.05533593210967677,
1121098,0.05533593210967677,
1121399,0.05533593210967677,
1121698,0.05533593210967677,
1121999,0.05533593210967677,
1122298,0.05533593210967677,
1122599,0.05533593210967677,
1122898,0.05533593210967677,
1123199,0.05533593210967677,
1123499,0.05533593210967677,
1123798,0.05533593210967677,
1124099,0.05533593210967677,
1124398,0.05533593210967677,
1124699,,
1124998,32.68698262960358,-0.8173126490660907
1125299,57.30480117843112,-0.9469265350037053
1125598,28.99030711960357,-0.977947094764712
1125899,30.262989230168387,-1.022674074254204
1126199,22.912590505274867,-0.8834538368986204
1126498,14.32535701283369,-0.9051126242175194
1126799,22.318805081307275,-1.2302119115044605
1127098,10.48712541644943,-0.7337618533477661
1127399,10.755319997935542,-0.6929124096431283
1127698,14.704214717557656,-0.9377058350161616
1127999,19.350311376287983,-0.7847872934028977
1128298,11.749862619035667,-0.9963497696816797
1128599,15.883663190209278,-1.041221486662974
1128899,15.205836587781038,-0.8106141438912633
1129198,20.028673647200023,-1.047781699517437
1129499,10.3428095144315,-1.0680493822406363
1129798,15.420470021732427,-1.140209464414358
1130099,18.36909233910511,-0.9332379698607436
1130398,15.072453848394462,-1.110536040407104
1130699,8.714660473973117,-1.064159016801931
1130998,14.92913678436553,-1.082885260377616
1131299,16.028272506211007,-1.0136801912279623
1131599,18.27810449065951,-1.0418751035550793
1131898,13.696867230016561,-1.0478836021359537
1132199,14.809621010127671,-1.0010100365122527
1132498,18.63381941686437,-1.0307421805444825
1132799,17.260597766149097,-1.0977951938278139
1133098,19.978534467491688,-1.1266685410871968
1133399,18.372411108006734,-1.0884923189114803
1133698,21.003580238123632,-1.052455606697552
1133999,15.016849525660668,-1.0479098506318332
1134299,9.657170273052822,-1.0139664392232413
1134598,18.60806225111784,-1.1273307502705956
1134899,28.5997887951082,-1.1291897338419328
1135198,16.00041954083369,-0.8660742174662139
1135499,16.599666026386938,-0.8896608578690801
1135798,17.002833817082738,-0.7949853320189311
1136099,16.45580942285221,-0.8209451013747293
1136398,16.71370743041471,-0.7622242924701659
1136699,19.87959674401425,-0.8366511154498548
1136999,21.759198891998047,-0.8584711740958264
1137298,16.42771483453971,-0.711467495398366
1137599,17.55302230668323,-0.6814998941174994
1137898,17.566484139518874,-0.6998771152107512
1138199,18.58173099350962,-0.6858410424553625
1138498,19.13898748827582,-0.6816446060436159
1138799,18.981612756375355,-0.6606185081713716
1139098,19.878336704757302,-0.6002027801519685
1139399,20.29711980650267,-0.5973454837034289
1139699,24.331525713376724,-0.741390368881613
1139998,19.566097759440176,-0.6013772565119169
1140299,27.101300464623634,-0.5830750643601299
1140598,20.108367568817485,-0.543540827666174
1140899,33.68349855160127,-0.8035855972428472
1141198,24.63319677653567,-0.6966213715700269
1141499,20.6488921629448,-0.6078160715328662
1141798,20.444088287645243,-0.5864662799548155
1142099,20.294399227604522,-0.5469751268281555
1142399,21.449019130899867,-0.574043516431233
1142698,21.392811131511934,-0.6268567733373296
1142999,20.285737534849893,-0.6730596371376689
1143298,19.315832224713326,-0.6061306884860251
1143599,42.915314759994004,-0.6490505269575739
1143898,32.97131664529903,-0.8446955155589622
1144199,26.750620494277186,-0.753339284264918
1144498,18.477514374625358,-0.5865713098233649
1144799,18.248999267713703,-0.685682530068815
1145099,19.951988496197117,-0.6288744698474125
1145398,19.73113588749804,-0.6066689474801592
1145699,19.933123578921652,-0.552975426305379
1145998,23.41880311847625,-0.6420199804646276
1146299,19.710688715521194,-0.7208736112921719
1146598,19.845000490834902,-0.7910179051497159
1146899,15.228490563660078,-0.7615098529149833
1147198,17.067415195921658,-0.8752313350397818
1147499,17.85679134424842,-0.8409145470298467
1147799,16.05718960847258,-0.8348621278718997
1148098,15.982925476187859,-0.8326397249791195
1148399,17.03605737595637,-0.878451502809666
1148698,16.517829163885203,-0.8609724735648263
1148999,14.03785311509796,-1.0233899864261842
1149298,13.961244912595644,-0.5519193325661493
1149599,5.3900380256832285,-0.7979061067676525
1149898,14.918289259995728,-0.9662058863306338
1150199,17.336843598619,-0.2735855623188921
1150499,12.225312248767146,-1.0991169475860518
1150798,14.347810101638139,-0.8395321528066062
1151099,16.318794975055916,-0.7569254252138005
1151398,15.76820742178508,-0.7822407105428792
1151699,15.262633520889247,-0.7368569123403945
1151998,16.08304680659758,-0.7981148201138342
1152299,14.122253039153135,-0.9115943891734111
1152598,15.966028447518877,-0.7770030001562498
1152899,15.214227425294338,-0.8743631085125942
1153199,13.485822850403135,-0.76539819394369
1153498,22.960427773162397,-0.6045545582439646
1153799,24.131353642819853,-0.860591516309547
1154098,24.34982767745079,-0.574309831704038
1154399,14.922308823110898,-0.7258776105858504
1154698,67.08903558770697,-0.4659656888893624
1154999,41.70104417531061,-0.333737091858749
1155298,15.642238328773507,-0.6848150663005168
1155599,16.893326527860363,-0.6443673199390785
1155899,17.902889315765613,-0.7235102684415091
1156198,17.033040557044338,-0.7107545789369585
1156499,20.780771931190223,-0.7593646100925491
1156798,17.037318195075642,-0.8492550952553448
1157099,17.712152226648506,-0.8603333106746209
1157398,16.004953073287396,-0.7502638400776755
1157699,17.81188055816703,-0.6489843078948008
1157998,16.33756244557443,-0.7695322493338319
1158299,16.75685047427814,-0.5767127164733248
1158599,17.030392805933225,-0.6357093531920266
1158898,17.89941022622027,-0.8606083554565005
1159199,27.00189948526715,-0.9544092226674719
1159498,26.314917345572706,-0.9427363173270913
1159799,24.87486403506576,-1.0020220837210627
1160098,20.866375661064065,-0.9153878701308533
1160399,1.8405690950934581,-0.2913708437997584
1160698,61.380513922410664,-0.4695979759332012
1160999,4.315563429464859,-0.40368700685529557
1161299,,
1161598,,
1161899,1.4113159036103549,-0.406550702759932
1162198,,
1162499,,
1162798,0.05533593210967677,
1163099,,
1163398,,
1163699,,
1163999,0.05533593210967677,
1164298,0.05533593210967677,
1164599,0.05533593210967677,
1164898,,
1165199,,
1165498,0.05533593210967677,
1165799,0.05533593210967677,
1166098,0.05533593210967677,
1166399,0.05533593210967677,
1166699,0.05533593210967677,
1166998,0.05533593210967677,
1167299,0.05533593210967677,
1167598,0.05533593210967677,
1167899,0.05533593210967677,
1168198,0.05533593210967677,
1168499,0.05533593210967677,
1168798,0.05533593210967677,
1169099,0.05533593210967677,
1169399,0.05533593210967677,
1169698,0.05533593210967677,
1169999,0.05533593210967677,
1170298,0.05533593210967677,
1170599,0.05533593210967677,
1170898,0.05533593210967677,
1171199,0.05533593210967677,
1171498,0.05533593210967677,
1171799,0.05533593210967677,
1172099,0.05533593210967677,
1172398,0.05533593210967677,
1172699,0.05533593210967677,
1172998,0.05533593210967677,
1173299,0.05533593210967677,
1173598,0.05533593210967677,
1173899,0.05533593210967677,
1174198,15.278548274177647,-1.3746287587000663
1174499,25.587190815218,-1.5947453762749135
1174799,10.397974385055967,-1.359212814426217
1175098,13.31359514407811,-1.5203219066969669
1175399,26.986988100267926,-1.3583651078642358
1175698,28.171713037102414,-1.2831345549037354
1175999,25.932467631828114,-1.310342192551325
1176298,25.817406186858207,-1.3385217648686254
1176599,25.242250115777185,-1.6615434047481368
1176898,21.588568234185594,-1.6879801077842487
1177199,24.072795877852798,-1.5663496513811905
1177499,21.153103083165295,-1.3649524381754343
1177798,24.625702184199483,-1.3004181425746029
1178099,20.042523731308286,-1.209708919634648
1178398,23.049504544252724,-1.3213763488024162
1178699,7.399826911640612,-1.062434322328722
1178998,26.454696523429963,-1.2943442291873302
1179299,25.537146923682275,-1.2576856704333874
1179598,23.378616338968,-1.1036615505052505
1179899,36.93256296266992,-1.062109878558454
1180199,39.57332394289856,-1.6589527210215245
1180498,9.18232237353567,-1.3284042214893081
1180799,0.05533593210967677,
1181098,0.05533593210967677,
1181399,0.05533593210967677,
1181698,,
1181999,0.05533593210967677,
1182298,0.05533593210967677,
1182599,0.05533593210967677,
1182899,0.05533593210967677,
1183198,0.05533593210967677,
1183499,0.05533593210967677,
1183798,0.05533593210967677,
1184099,0.05533593210967677,
1184398,0.05533593210967677,
1184699,0.05533593210967677,
1184998,0.05533593210967677,
1185299,0.05533593210967677,
1185599,0.05533593210967677,
1185898,0.05533593210967677,
1186199,0.05533593210967677,
1186498,0.05533593210967677,
1186799,0.05533593210967677,
1187098,0.05533593210967677,
1187399,0.05533593210967677,
1187698,0.05533593210967677,
1187999,0.05533593210967677,
1188299,0.05533593210967677,
1188598,0.05533593210967677,
1188899,0.05533593210967677,
1189198,0.05533593210967677,
1189499,0.05533593210967677,
1189798,0.05533593210967677,
1190099,0.05533593210967677,
1190398,0.05533593210967677,
1190699,0.05533593210967677,
1190999,0.05533593210967677,
1191298,0.05533593210967677,
1191599,0.05533593210967677,
1191898,0.05533593210967677,
1192199,0.05533593210967677,
1192498,0.05533593210967677,
1192799,0.05533593210967677,
