,rmse,skill
299,0.9341399985309538,-3.3152355145742165
598,0.9398609185413971,-3.15840069584102
899,1.307054842642711,-8.320410528246047
1198,1.2717227618325257,-7.862092872498312
1499,1.2917405166866922,-6.402228789599605
1798,1.2833209177028961,-5.979767554807723
2099,5.093783877211801,-0.11267990900156555
2398,3.497380095783958,-0.1958481805583152
2699,2.488725852153657,-0.2329271162490767
2999,1.412707951947889,-5.896088455844493
3298,1.7109776436363187,-1.0237623983471904
3599,2.3790082957270595,-0.34996753360295263
3898,1.3649732703162387,-5.260658840256366
4199,3.6397073189213143,-0.25179653635413235
4498,1.4056659995500709,-4.709859850454485
4799,1.3502851625292014,-4.641591295186981
5098,1.3470254827861463,-5.435089612624947
5399,1.3131475814644764,-5.529342049714629
5699,1.3056409762006176,-5.006744179876024
5998,1.462698118079528,-2.5760343650612803
6299,1.2261605185431899,-2.800716959137763
6598,1.28382771379321,-4.379188887586012
6899,1.1724428505215798,-2.4178172483360942
7198,1.1922711972391722,-2.8672231965899333
7499,1.1852879527091642,-2.187358315641602
7798,1.1793677822485167,-2.1169460188774414
8099,1.1612180622716641,-1.7184160986320203
8399,1.1712071538462476,-4.682740653743019
8698,1.1618060399295806,-4.659448349854319
8999,1.1251169993393026,-4.558542411839618
9298,1.1055142250453214,-4.320724826147298
9599,1.1288491186147658,-4.593030389657178
9898,,
10199,,
10498,,
10799,,
11099,,
11398,,
11699,,
11998,,
12299,,
12598,,
12899,,
13198,,
13499,,
13799,,
14098,,
14399,,
14698,,
14999,,
15298,,
15599,,
15898,,
16199,,
16499,,
16798,,
17099,,
17398,,
17699,,
17998,,
18299,,
18598,,
18899,,
19199,,
19498,,
19799,,
20098,,
20399,,
20698,,
20999,,
21298,,
21599,,
21899,,
22198,,
22499,,
22798,,
23099,,
23398,,
23699,,
23998,,
24299,,
24599,,
24898,,
25199,,
25498,,
25799,,
26098,,
26399,1.2204242130577245,-2.3682859137636867
26698,1.2363253332614286,-2.5100742680819144
26999,1.2171289704535582,-2.8134877333021886
27299,1.1856096592521692,-2.946081787228202
27598,1.2731668244350398,-2.1958589449148844
27899,1.3946164556185148,-3.4201835185958096
28198,1.3701479226972186,-3.8066846809390915
28499,1.365223576414811,-3.7922480589281946
28798,1.328617107593052,-4.9836806654309145
29099,1.4082606399832027,-2.7437247942635024
29398,,
29699,,
29999,,
30298,,
30599,,
30898,,
31199,,
31498,,
31799,,
32098,,
32399,,
32699,,
32998,,
33299,,
33598,,
33899,,
34198,,
34499,,
34798,,
35099,,
35399,,
35698,,
35999,,
36298,,
36599,,
36898,,
37199,,
37498,,
37799,,
38099,,
38398,,
38699,,
38998,,
39299,153.86315431634898,-3.3105014503618495
39598,,
39899,,
40198,,
40499,,
40799,,
41098,,
41399,,
41698,,
41999,,
42298,,
42599,,
42898,,
43199,,
43499,,
43798,,
44099,,
44398,46.272042139654104,-0.502962216901742
44699,,
44998,,
45299,,
45598,,
45899,,
46199,,
46498,,
46799,,
47098,,
47399,0.4739573690090706,-0.7434008776764727
47698,0.5048828181448185,-0.5644578181796491
47999,0.4856532746343814,-0.7369375847636508
48298,0.731719780939937,-0.1443622606667636
48599,0.5840400342431776,-0.47916208006226646
48899,0.9847717613246516,-0.1743038394765175
49198,1.3487903052874923,-0.4717577343290291
49499,0.8898080187760407,-0.3681380050987282
49798,1.4229339626163182,-0.23484808386517542
50099,2.8515243585791588,-0.21185134500969172
50398,3.844664071123073,-0.2079139691145211
50699,6.163106647961325,-0.17676114677458687
50998,6.571666419071456,-0.19698468113197176
51299,8.78874783821427,-0.16577506867012914
51599,7.38671155757033,-0.18570800231412155
51898,4.139988560877134,-0.26089516209814567
52199,9.458544427431693,-0.20487800363750308
52498,9.261750792751137,-0.21384873844066843
52799,11.001351326355127,-0.26319324097960295
53098,12.827004441288645,-0.28496421734380184
53399,9.603923759088335,-0.28304632159550036
53698,22.83973048707911,-0.28225878843235797
53999,41.49447764688698,-0.19198774167990829
54299,64.80429626609303,-0.26017950832133896
54598,88.78798509049119,-0.21319632286041412
54899,,
55198,1.5114100328138607,-0.16224612551929418
55499,1.7353763936169702,-0.19013410380319518
55798,77.98360917370502,-0.2566314928546385
56099,52.749959420759055,-0.28827737803697406
56398,23.506613779746488,-0.2953545694506634
56699,10.095043255702922,-0.41292870508690993
56999,29.478317556347363,-0.7017431161220202
57298,1.813234105822219,-0.5143053275233744
57599,1.9793293894749968,-0.5612114643382005
57898,2.3575309184926643,-0.9972211919741008
58199,2.3158272484834055,-0.9166274082003598
58498,2.42075312648109,-0.916260009444601
58799,2.297991097390813,-0.8883855835420951
59098,2.310926535027387,-0.860411148073454
59399,1.927300925250689,-0.3381685411946216
59699,1.7165391570053186,-0.2969988858776216
59998,1.46117422652368,-0.16513483890255753
60299,1.2732937946926612,-0.09292805278282867
60598,1.1373270895165701,-0.06975176112014814
60899,0.8951630724725042,0.21660016021032835
61198,0.9664142769361308,0.027403688460511222
61499,0.8189284977096248,0.1453066644232388
61798,0.5374692037604983,0.32822436891571993
62099,0.5000992396984238,0.434142259020599
62399,0.6710147771351371,-0.2401215220824453
62698,3.023855179817666,-0.17546654261549044
62999,0.6827972092630714,-0.1252797207289067
63298,16.16263330909371,-0.354587242307862
63599,2.672860893564807,-0.13445239176083268
63898,0.6122482792462264,0.2669267090908326
64199,0.5156163388338781,0.30724392535680123
64498,0.508781790565983,0.31004885226395984
64799,0.48053964560447354,0.39134950710737093
65099,0.4766588838156707,0.3647512802187787
65398,0.5484665943607321,0.07406734369096901
65699,0.5406578789811025,0.06692728297834583
65998,0.5225804763150717,0.09296890663642987
66299,0.5118198541421728,0.05526015475635837
66598,0.4767323563295914,0.014007507205330949
66899,0.40648568826217746,0.45469232580320496
67198,0.7528983720475586,-0.027360900462578774
67499,0.37992136259160253,0.5167799190621325
67799,0.3699413940816251,0.503487787178166
68098,0.3316885541556992,0.5319959853072429
68399,0.3271287851339436,0.46563558678730776
68698,0.3369143141631055,0.4479026146469297
68999,0.40660161100902303,0.40178137778418455
69298,0.40928341744005636,0.4004814801842619
69599,0.3869469449932972,0.41111767935681687
69898,0.36026065445324734,0.5553767555980917
70199,0.3542217238632433,0.5260871519595542
70499,0.35550554115259514,0.5217386849728514
70798,2.107705429974771,-0.6797225563865574
71099,0.3571621177081783,0.601941688994311
71398,,
71699,,
71998,,
72299,,
72598,,
72899,0.5526252104306149,0.2089787419629766
73199,0.5778148885533,0.19940100290893037
73498,2.5533723944834605,-0.2488170120086013
73799,0.5219968958982074,0.24176605666669593
74098,0.5673997780440407,0.15991390595257438
74399,0.5182700396105195,0.49837487312869766
74698,0.5460927369600567,0.46818410946834554
74999,0.5407657024832049,0.4858937979691095
75298,0.5250836676858592,0.4814364113933526
75599,0.5471130581099324,0.44897329577699685
75899,1.025047536901541,-0.09570506158647474
76198,0.9383938850126524,-0.3897618360585948
76499,1.047285834531289,-0.004290179234337499
76798,4.542862692085864,-0.0838000849286562
77099,1.5917824477830291,0.04160925954158223
77398,13.009455544286972,-0.20485663640549756
77699,3.744375980986137,-0.597159136451467
77998,5.1454246425251995,-0.2094389990931047
78299,4.069968530837989,-0.4436628055904668
78599,9.709398035652713,-0.15415719803981465
78898,20.219270215639728,-0.16699840510768982
79199,9.845927225340144,-0.14020643399186983
79498,45.79427663205502,-0.17846936169729166
79799,41.200552437425536,-0.17092887411837698
80098,45.45066304091151,-0.25827691942844355
80399,31.789623002263298,-0.590122210478232
80698,,
80999,19.07271569097975,-0.8568140710902161
81299,105.35154093461517,-0.3397608800197456
81598,10.798828043685136,-0.8383866735289847
81899,,
82198,,
82499,,
82798,,
83099,,
83398,,
83699,,
83999,,
84298,,
84599,,
84898,0.3777147529780625,0.16212691792705225
85199,0.39185375625795404,0.12192619357720069
85498,0.35761844418063765,0.00547278097403181
85799,0.3325538990261675,0.03175225304979934
86098,0.30425877580580973,0.04898424425717207
86399,0.3090566850468774,0.15089777381635938
86699,0.3126565180136118,-0.06964887444462042
86998,0.3054134585947344,0.07010626618091864
87299,0.3314735021656994,-0.22316416762482505
87598,0.3273752504104281,-0.2019652752264962
87899,0.40255639193276616,-3.024561833938801
88198,0.3941290537714661,-2.721718612906573
88499,0.3949846958679513,-3.089654677549893
88798,0.39801152515572535,-2.482820595807668
89099,0.39824339668276615,-2.722615946979327
89399,0.4678488144118613,-0.9370702747215589
89698,0.48821563791501066,-1.1885216740377578
89999,0.4804254131471342,-0.6944983657137174
90298,0.4604154390402053,-0.5099985778852938
90599,0.4535316205553761,-0.6857209403766336
90898,0.5327202800088235,-0.8325060902935475
91199,0.5327977437078976,-0.9004625649475213
91498,0.4981044483102806,-0.3843019297340453
91799,0.7963695771832336,0.2008738278026153
92099,0.45340403931585205,-0.12434277061209564
92398,0.7548912963478005,-1.0552988060788513
92699,0.7146355617079957,-1.7255523295874156
92998,0.8042159025853106,-2.100243774582982
93299,0.8018626120598477,-1.860070384651538
93598,6.333060656577524,-0.13398315552366524
93899,1.1756653296736024,-0.009640222657921749
94198,1.899929268701894,-0.021735711889461884
94499,2.2397494767511454,-0.16769939907694353
94799,1.224926248894823,0.0009939762979286337
95098,7.4010530792141385,-0.18762757716769052
95399,2.9266376097281266,-0.05451680367883416
95698,3.6427471246737397,-0.06228693541190666
95999,6.532409329465098,-0.05890926044520861
96298,6.6169657287548,-0.06042705188176978
96599,5.6115366555718875,-0.06676221686465889
96898,6.053146528004422,-0.08759383125298403
97199,5.2121691857197,-0.0828960175985467
97499,2.6944528108698873,-0.07930113188546573
97798,1.0965948242559302,-0.086346196302719
98099,1.1236132031268318,-0.10590629386108175
98398,2.520690167980666,-0.26098700541541375
98699,3.7125276298440926,-0.15175308689444034
98998,0.2618688059166837,0.6470560649212993
99299,0.26272170654476557,0.6307670897480349
99598,0.281701065396156,0.6337129224701264
99899,0.3072214489263645,0.48635881479818854
100199,0.3153882640921674,0.4919941159817436
100498,0.3077968741053781,0.46736582347703104
100799,0.30707257653130404,0.4955967736930229
101098,0.32316672134216745,0.4820603150566508
101399,0.3190513916414297,0.5884794916030831
101698,10.019797292611226,-0.19081262751791273
101999,0.29420593141239487,0.5505414344146219
102298,0.29064537616008007,0.5318252236306831
102599,0.5445849140449464,0.3997375816071468
102899,0.33375649267320484,0.31987037558660314
103198,0.36071185184478716,0.2983007232737803
103499,0.31961897791195776,0.3023277807329534
103798,0.3319892582938611,0.34056896410887716
104099,0.3253577027938611,0.35738767466897503
104398,0.29839800620944323,0.5933938763941347
104699,0.2569995474560096,0.6694440917968099
104998,0.25777275274140077,0.7195854729378846
105299,0.253820628519936,0.7146240181910024
105599,0.2213419882669348,0.7349687848350384
105898,0.3650605014308572,0.3743843633257814
106199,0.292846671777766,0.5186075427269483
106498,0.2997950673194327,0.508411322364305
106799,0.30863119436341413,0.49455356653515314
107098,0.2921015398101734,0.5275396007754429
107399,0.32902245455098017,0.5549300166129112
107698,0.32595907485190606,0.5523799143962668
107999,0.3342686846389431,0.5361992579593016
108299,0.5665716785693998,0.06337787294313335
108598,0.381469051338874,0.4606133371200678
108899,0.5257836453840381,-0.8326831001560799
109198,0.5258788797030256,-0.5632442821481398
109499,0.5446942020645936,-0.7504905388267973
109798,0.5098346882909887,-0.6416040829392344
110099,0.545307093022927,-0.7501194500299935
110398,0.9324745950462268,-4.9719071747446
110699,0.8580444112492943,-6.019467222176866
110999,0.8844714851127203,-5.890653092706706
111298,0.8987275528650351,-6.170079497328053
111599,0.8534882589858879,-6.549738126164789
111898,0.34844423286970394,0.4241154150432711
112199,0.4195786130896063,0.23493983622045223
112498,0.35535151016600014,0.3862537322540497
112799,0.38986295516797337,0.27260536041538175
113098,0.4203456159868832,0.08270371344637995
113399,0.48411680266442125,-0.15785160579554902
113699,0.5077990307182468,-0.22753756307678685
113998,0.5549987653449769,-0.1414720991697498
114299,0.46786538233516217,-0.029378502130848805
114598,0.5657467159891806,-0.09503123193785323
114899,1.5867812001059605,-2.6361066512545404
115198,1.5521522585990164,-3.26383952293643
115499,1.5742711598536459,-2.7806801207687215
115798,1.5940760431568868,-2.460214256350319
116099,1.6135997015943866,-2.63682218982855
116399,0.584202576884643,0.4663590604337243
116698,0.5430205728590419,0.37889446541343585
116999,0.5433825588196901,0.4115783610114171
117298,0.5761833432854204,0.3667207027230708
117599,0.5557938533953904,0.16737564048747067
117898,1.6128073065606943,-6.093216610631156
118199,1.6218566429981947,-7.068916359744394
118498,1.6157538294912501,-8.204250867142681
118799,1.6304629745028238,-7.357561321554353
119099,1.6050033217491118,-8.175635503533655
119398,,
119699,,
119998,,
120299,,
120598,,
120899,,
121198,,
121499,,
121799,,
122098,,
122399,,
122698,,
122999,,
123298,,
123599,,
123898,,
124199,,
124499,,
124798,,
125099,,
125398,,
125699,,
125998,,
126299,,
126598,,
126899,0.42220737865707303,-6.148871399637236
127199,0.42342028299068096,-9.140975789275744
127498,0.4202491436609281,-8.878668617435853
127799,0.4211620596361138,-8.393997616885787
128098,0.43084865094333546,-9.369670848249367
128399,0.4539946234347757,-3.7716883638308305
128698,0.45595996059681276,-3.474712909332717
128999,1.4468425782040188,0.06177161255680996
129298,2.30861988897618,-0.05940673281018549
129599,0.7433196908525078,0.22597576585961732
129899,0.8800987318585697,-0.6184396394564944
130198,0.4669357561788975,-1.4345502795449159
130499,0.42529078251498054,-6.636702594956267
130798,0.42214438707333796,-5.965604354335713
131099,0.4962640107932452,-2.8413413779658097
131398,0.3535567799984877,-1.0267741341441465
131699,0.4166672241170889,-1.7271519047943413
131998,4.399657888299821,-0.19565177962280944
132299,7.675534735971117,-0.21487331650389163
132599,0.7340809426908048,0.06735123202433824
132898,0.6721759978086159,0.15429896275509247
133199,1.553596474282118,-0.06911581038069436
133498,0.5015804014934555,0.22139684829819672
133799,0.32089306936865475,-0.53760777119954
134098,0.35841990383856204,-1.4721057047982522
134399,1.721184275643481,-0.08275404056954505
134698,0.5065446078297758,0.2151201142411019
134999,0.3829478510208837,-1.2879576556027943
135299,1.653473830254774,-0.08920536083292174
135598,1.359499192727569,-0.07296252162247208
135899,1.1351409905709489,-0.04232353740660577
136198,1.5458595888107456,-0.24367761225059636
136499,1.002970676326687,-0.006310779580464221
136798,0.45818059870996614,-1.3604659824519119
137099,0.45569508650785895,-1.0481317461656046
137398,0.8075271215855586,0.25307773571223036
137699,0.6397716409583426,-2.302930219585453
137999,9.827650182597726,-0.19137720460496443
138298,126.2206816170975,-0.30605508918328295
138599,0.5867760299069338,-0.9723866969631405
138898,1.057453036561513,-3.4081645239943095
139199,0.9881113356410395,-2.4708292558034883
139498,0.819786615885942,0.20193982574706038
139799,1.225276709880868,0.06829945427263195
140098,5.272833217610596,-0.13985873608889654
140399,9.151832192026255,-0.16709908304741505
140699,23.30291081718351,-0.2691232781302051
140998,2.219140037813197,-0.09026411066491513
141299,1.6260653008273445,
141598,1.6260653008273445,
141899,1.458810419574698,
142198,,
142499,,
142798,,
143099,,
143399,,
143698,,
143999,,
144298,,
144599,26.500579573578687,-0.27569186086130704
144898,2.4461682517930927,-0.11815564306571669
145199,60.77553355822462,-0.5702340459832715
145498,13.065495993059573,-0.5410470453418827
145799,4.877963540832718,-0.40455639872441695
146099,1.1249131307632858,0.04111137237738727
146398,,
146699,,
146998,,
147299,,
147598,,
147899,,
148198,,
148499,,
148799,,
149098,,
149399,,
149698,,
149999,,
150298,,
150599,,
150898,,
151199,,
151499,,
151798,,
152099,,
152398,,
152699,,
152998,,
153299,,
153598,,
153899,,
154199,,
154498,,
154799,,
155098,,
155399,,
155698,,
155999,,
156298,,
156599,,
156899,,
157198,,
157499,,
157798,,
158099,,
158398,,
158699,,
158998,,
159299,,
159599,,
159898,,
160199,,
160498,,
160799,,
161098,,
161399,,
161698,,
161999,,
162299,,
162598,,
162899,2.4446290351900153,-1.2401238524780953
163198,1.6180397558937192,-3.4322672237688296
163499,1.4196850935536025,-4.48014728342005
163798,1.365969336759621,-4.8955370962152145
164099,1.4721282517827694,-4.0237045767949065
164398,,
164699,,
164999,,
165298,,
165599,,
165898,1.2705334416731378,-2.447693972954859
166199,2.19633275933905,-1.4545021813884458
166498,1.1819718128560082,-2.6787246658487307
166799,1.2523016918212857,-2.387060871419768
167098,1.2561260584833231,-2.31782095817228
167399,0.7659056054710033,0.287014813373069
167699,1.0552632497381564,0.10154360123700468
167998,0.6822072810080404,0.33172100948754857
168299,4.623752304152891,-0.18614640989185394
168598,5.046303133887574,-0.17954147648816066
168899,,
169198,77.08196596735664,-4.333221769516805
169499,115.30191563676173,-1.9819690284792686
169798,73.215596781271,-6.281071399347831
170099,,
170399,27.900277612352482,-4.768457275821879
170698,,
170999,,
171298,,
171599,,
171898,,
172199,,
172498,,
172799,,
173099,,
173398,,
173699,,
173998,,
174299,,
174598,,
174899,,
175198,,
175499,,
175799,,
176098,,
176399,,
176698,,
176999,,
177298,,
177599,,
177898,0.2860083975289441,0.6448163386256283
178199,0.33025189218286594,0.6181985442022666
178499,0.30351437195601405,0.6331772402693712
178798,0.346122458079084,0.6045951579107325
179099,0.3534878626767343,0.5901538987736719
179398,2.0379224138592633,-0.1242286377564703
179699,2.893598027859264,-0.21915478487189244
179998,0.8517752371277418,-0.1493565176576961
180299,0.3713552183244355,0.519469481400201
180598,2.7696771668662077,-0.2137459385007212
180899,1.4587406304220762,-0.21232024414474027
181199,0.444491870088022,0.409910647474666
181498,0.8448936532616467,0.10289710142505837
181799,0.6569316398232552,0.16627345350787204
182098,0.4451814828637317,0.5272837162934981
182399,1.8237524086321548,-0.20638136928476802
182698,0.8433910210557994,0.10388852345948407
182999,0.614257375322311,0.2339870598487649
183298,1.024044301202916,-0.016529770927970144
183599,0.7224705027817107,0.2596775813389547
183899,8.441599530906663,-0.4080032450461204
184198,3.765532815134504,-0.1572480432041261
184499,4.7196364309196674,-0.5110486095521574
184798,1.0985449288315083,0.09129954302242071
185099,1.0559041466185313,-0.8057571126066307
185398,0.5027183297801515,0.34821142170509245
185699,1.7206675443625385,-0.17197542655235742
185998,0.32760574046983226,0.5878037361178395
186299,0.31069875890850973,0.5800077950494779
186599,0.5050626601345826,0.3853759601491643
186898,0.8902131541791714,-0.11655950239258628
187199,0.5985702801285828,-0.06156979837470056
187498,0.7680365544191223,-0.10230605671786264
187799,1.6074322068699283,-0.24314644540227537
188098,1.3611632776864535,-0.1714460757418097
188399,,
188698,,
188999,,
189299,,
189598,,
189899,,
190198,,
190499,,
190798,,
191099,,
191398,,
191699,,
191999,,
192298,,
192599,,
192898,,
193199,3.2995303568776193,-9.970327251460818
193498,,
193799,,
194098,,
194399,,
194699,,
194998,,
195299,,
195598,,
195899,,
196198,,
196499,,
196798,,
197099,,
197399,,
197698,,
197999,,
198298,,
198599,,
198898,,
199199,,
199498,,
199799,,
200099,,
200398,,
200699,,
200998,,
201299,,
201598,,
201899,,
202198,,
202499,,
202799,,
203098,,
203399,0.6792175871875212,-0.2533511996160629
203698,0.7065501822477063,-0.3630434425679385
203999,0.7086418958796508,-0.3593741752325712
204298,0.6864858646852064,-0.37200132474009906
204599,0.7644338953356694,-0.5234715513448278
204898,0.6602147456717823,0.00696428665866522
205199,0.5609831327458564,0.07760371007552991
205499,0.5914054357365971,0.020286540473026138
205798,0.5894285556602439,0.08700466645382066
206099,0.532629532421818,0.1183943358682159
206398,1.9334256169080501,-3.6371653213350177
206699,2.059619159245066,-2.214044674944663
206998,2.0568619538247175,-2.2714130397674994
207299,1.8683735235307357,-5.533323574905047
207598,1.8548529640145321,-5.396381636029648
207899,,
208199,,
208498,,
208799,,
209098,,
209399,,
209698,,
209999,,
210298,,
210599,,
210899,,
211198,,
211499,,
211798,,
212099,,
212398,,
212699,,
212998,,
213299,,
213599,,
213898,,
214199,,
214498,,
214799,,
215098,,
215399,,
215698,,
215999,,
216299,,
216598,,
216899,,
217198,,
217499,,
217798,,
218099,,
218398,,
218699,,
218999,,
219298,,
219599,,
219898,,
220199,,
220498,,
220799,,
221098,,
221399,,
221699,,
221998,,
222299,,
222598,69.83888515787274,-2.039716807024238
222899,50.84043819510647,-1.227512796189922
223198,71.71663568983386,-0.6917747704987567
223499,42.76155641193109,-1.2019113110194342
223798,46.200421741639424,-1.0676294663409367
224099,53.53500202201443,-1.0289830645993225
224399,45.36023156435054,-0.2800798839064649
224698,62.191904848899156,-0.2670529938432262
224999,109.88582066663292,-0.2828906600414749
225298,162.84801581494312,-0.29254789408012183
225599,114.353800235126,-0.29610457824529224
225898,111.47838893408036,-0.2651443881412212
226199,113.75025223623314,-0.3129678993360414
226498,67.76600446019148,-0.3132482058764632
226799,1.7709881440790367,
227099,1.7709881440790367,
227398,0.8257659065623888,
227699,0.8257659065623888,
227998,0.8257659065623888,
228299,0.8257659065623888,
228598,0.8257659065623888,
228899,0.7687216950142788,
229198,,
229499,0.7687216950142788,
229799,0.7687216950142788,
230098,0.7687216950142788,
230399,0.7672512191728803,
230698,0.7672512191728803,
230999,0.7672512191728803,
231298,0.7672512191728803,
231599,0.7672512191728803,
231898,1.9803372615676642,
232199,1.9803372615676642,
232499,1.9803372615676642,
232798,1.9803372615676642,
233099,1.9803372615676642,
233398,0.7849026549662668,
233699,0.7849026549662668,
233998,0.7849026549662668,
234299,0.7849026549662668,
234598,6.394952244140658,-0.49328890354137767
234899,93.47035158438412,-3.632346434496977
235199,,
235498,,
235799,,
236098,,
236399,,
236698,,
236999,,
237298,,
237599,15.543893840333688,-3.2706557548483755
237899,2.1551983342574372,-1.2316816513611024
238198,1.6946425501555855,-0.8322935186946319
238499,1.6347821498315116,-0.9423551189437585
238798,12.52557215240562,-1.6472568230738234
239099,33.950017682951916,-0.5701769651033273
239398,6.693101522161292,-0.33596331694852255
239699,4.9830990390640695,-0.32193102029617626
239998,20.187303105869624,-0.37133495914742776
240299,7.987976342411293,-0.7531856978435572
240599,2.3181580637487005,-0.33893174099019596
240898,4.44977705043746,-0.5724617599941486
241199,13.214968848561377,-0.36486122496171025
241498,4.174195566848412,-0.45454550871311583
241799,3.136028143261534,-0.3822351230101111
242098,0.6407050856900244,-0.27137712641964895
242399,9.24626440930769,-0.661943088099924
242698,14.764971068830837,-0.741491882521933
242999,18.51877374159704,-0.5311450549327712
243299,22.045174242587784,-0.6538394892631507
243598,23.46703021458547,-0.5913414912209338
243899,14.495635824957377,-0.47533594714490524
244198,16.16529706266339,-0.6230044725201176
244499,24.210799166619413,-0.45450708208477586
244798,42.56277730891108,-0.29581486856500216
245099,34.81585951017034,-0.6660873559988663
245398,35.33806876023318,-0.6156286324922517
245699,29.187310365647534,-0.38172497187668064
245999,24.788562783691514,-0.4694648398659744
246298,58.072940446397524,-0.35891375042482143
246599,59.60863051534429,-0.4335438910119169
246898,89.2464021209027,-0.26067213372827314
247199,50.05769380065735,-0.42877256629496596
247498,35.71531605829624,-0.6457884036210002
247799,3.438877980103977,-0.29728433668189513
248098,45.33814671124995,-0.24443181272445003
248399,19.73781589207069,-0.3018219022601105
248699,13.176674308510504,-0.41665179302693245
248998,5.850710854971151,-0.5508304941383366
249299,6.903447857334577,-0.45433688204159495
249598,6.740214592894763,-0.5049060289644116
249899,8.84421502570536,-0.44563202713248806
250198,8.177027919385914,-0.4784329058833845
250499,9.778670061050269,-0.5119974824309859
250798,10.215387670737767,-0.4737208745475079
251099,12.333523578362767,-0.4921452856770199
251399,11.47451610196193,-0.48897354252401426
251698,10.221334993448039,-0.46513430109824205
251999,12.847221085054521,-0.3174294054832745
252298,11.948530641209615,-0.40860485287198767
252599,14.06067703882391,-0.32920522474584013
252898,4.789903711205976,-0.37378706722023547
253199,0.7704990939690588,-0.16688647967747694
253498,0.6520608871625543,-0.30049664757016226
253799,1.7018531452046042,-0.2178231275969451
254099,0.6374370257366877,-0.20297990620312123
254398,0.6270347924906342,
254699,0.6270347924906342,
254998,0.6520236495614817,-0.2771217543966267
255299,0.6270347924906342,
255598,0.6270347924906342,
255899,0.5811710151311463,
256198,0.5811710151311463,
256499,0.5811710151311463,
256799,0.5811710151311463,
257098,0.5811710151311463,
257399,0.5801695170131183,
257698,0.5801695170131183,
257999,0.5801695170131183,
258298,0.5801695170131183,
258599,0.5801695170131183,
258898,0.5232374051831361,
259199,0.5232374051831361,
259499,1.0996814291413983,-0.40389068689814
259798,0.9219627447337329,-0.38736937737834176
260099,0.9256414648752764,-0.36040403941201227
260398,0.9066635418160198,-0.3275739186340614
260699,1.7171991273872342,-0.34942046219092404
260998,0.9398839449711122,-0.3744837945006687
261299,0.7003338761377791,-0.22630844839391284
261598,0.7553123355706496,-0.2119718267438857
261899,0.6330078967473237,-0.026935880437875426
262199,0.5285917947542681,0.11850595336821257
262498,0.5985544936545861,0.05048918358857091
262799,0.5374552121917682,0.12223519203891153
263098,0.4998640967241755,0.15729610908742453
263399,0.5557558488142784,-0.277682372480224
263698,1.0194489876294068,-0.4667785039076813
263999,0.5153120177448341,-0.03907871242954708
264298,0.4769796474928327,0.036632411591462355
264599,0.47903529680764756,0.011071425479801666
264899,0.4944645249740281,0.16474621267451073
265198,0.4593772120434725,0.24793719666058456
265499,0.4558164670828243,0.2502755270471395
265798,0.46301820272900013,0.24928187045273087
266099,0.4061002693239075,0.3387222473053726
266398,6.824400383586798,-0.2579055307444209
266699,0.6097368134137702,0.2669714061374877
266998,0.6537003918506947,0.2291532528999768
267299,0.5094392242419343,0.37934158301565013
267599,0.5192142933003443,0.35064787224752425
267898,0.6239952620928763,0.10919951406105632
268199,0.7909104954308392,-0.0437610218836153
268498,1.7947944975985035,-0.44900027069879744
268799,1.3316859429989665,-0.6447117738989208
269098,1.9586933578461887,-0.564650326643706
269399,1.045055796915541,-3.2808304659455017
269698,1.0125447036053559,-3.0140604321511466
269999,1.4701171088345224,-2.0302432988283012
270299,2.1184472191840595,-1.7947059135859957
270598,1.2931682044572075,-2.9466058769107457
270899,0.6324394877717093,0.20735863814620104
271198,1.0925153897184547,-0.14033089180364633
271499,1.556541319366324,-0.479567641784002
271798,39.75991084751418,-0.39135026966470043
272099,0.7447059937971585,0.10958600314891154
272398,2.904243941880146,-0.2021453015228134
272699,0.5846018297560481,0.20622981049782885
272999,0.543957328022252,0.2682214170034758
273298,0.5432374152756164,0.2740527738748587
273599,0.5971617688486408,0.21496856049751345
273898,0.6684935703338786,0.12682757584337334
274199,0.6986574627436011,0.0745082027706937
274498,0.6222153535271651,0.16752106789792687
274799,0.64100857802948,0.12678969319422362
275098,0.6896139911695268,0.05538889341559505
275399,0.9582453352406151,-0.028804555223146178
275699,0.837830354965152,-0.13093251593283606
275998,0.9515405290959998,-0.555578026983448
276299,0.9846538796303954,-0.49702135524051916
276598,0.7341493824975596,0.05272138432968965
276899,,
277198,,
277499,,
277798,,
278099,,
278399,,
278698,,
278999,,
279298,,
279599,,
279898,,
280199,,
280498,,
280799,,
281099,,
281398,,
281699,,
281998,,
282299,,
282598,,
282899,,
283198,,
283499,,
283799,,
284098,,
284399,,
284698,,
284999,,
285298,,
285599,,
285898,4.677090009134633,-0.8302223343497412
286199,4.509436189782781,-0.8014448735239235
286499,4.03035735534991,-0.8323139216297528
286798,4.349591892146206,-0.7918688551836042
287099,3.724723203032781,-0.7621891947066031
287398,3.1475288213504866,-0.7238558471179222
287699,2.7684233082463203,-0.703536402331191
287998,2.7588326447879874,-0.6882417625748698
288299,2.177369296653728,-0.5997959086095359
288598,1.7641740595217827,-0.5314354718381045
288899,1.7830833742753964,-0.5321057087447632
289199,1.728046624340211,-0.5034312522496203
289498,1.3604452639073408,-0.3906305211476204
289799,1.554841738513822,-0.3936016532969173
290098,1.3880638861493635,-0.5234917416780054
290399,,
290698,,
290999,,
291298,,
291599,,
291899,,
292198,,
292499,,
292798,,
293099,,
293398,,
293699,,
293998,,
294299,,
294599,,
294898,,
295199,,
295498,,
295799,,
296098,,
296399,,
296698,,
296999,,
297299,,
297598,,
297899,,
298198,,
298499,,
298798,,
299099,,
299398,,
299699,,
299999,,
300298,,
300599,,
300898,,
301199,,
301498,,
301799,,
302098,,
302399,0.7687630426380012,-1.2491834693818316
302699,1.1844342829643901,-0.8641149748210277
302998,0.7099646693717976,-1.0787260705908843
303299,0.6692942306333716,-1.1363309627705527
303598,10.795215642995243,-0.47112809852131043
303899,4.431419167064422,-0.37082608605537004
304198,0.4155131478823849,0.3182008783102518
304499,0.42070573239164416,0.32915997982116796
304798,0.38874278705862964,0.39313159892303173
305099,0.4121650664548485,0.3564371947774799
305399,0.4184544632234626,0.3546025281988444
305698,0.3766478326100367,0.43491536662677666
305999,0.4178889286841107,0.4094176875909704
306298,0.3647929913831848,0.4925544155721784
306599,0.40271020259383294,0.43329662255474644
306898,0.3949474790446629,0.4126785672753681
307199,0.40333969562799626,0.39546169782255125
307498,0.4482775914034592,0.32136718896177807
307799,0.43888052008864437,0.36483452083237633
308099,0.4624435055910059,0.35085881968788724
308398,0.5216556110829264,0.21988145237713064
308699,0.5774963692310746,0.1547630920479457
308998,0.5154850804972784,0.21415428859473584
309299,0.5365510960852411,0.1839942407306281
309598,0.5170124809532967,0.22067539526118685
309899,0.5608215121255806,0.061040899090102574
310198,0.6237286083848401,-0.14084355545868954
310499,0.5698198888570621,0.016751091196175016
310799,0.5608274408778956,0.009636056964830386
311098,0.4989274976544356,0.08460946069686859
311399,0.36955965994416645,0.5208638600042323
311698,0.35582002347194425,0.5264998882142947
311999,0.3478918639024998,0.5409024862092862
312298,0.339405855550648,0.5503686716582834
312599,0.3669869589048147,0.5033934374798146
312898,0.3063654858300343,0.6868360370927247
313199,0.3073971267050343,0.6840723619544817
313499,0.3205232446517936,0.6455306689837021
313798,0.3169639433902195,0.6607485241559
314099,0.2920651797513306,0.699182250804252
314398,0.3483469495061304,0.6143987735515624
314699,0.3312583538983954,0.6511343950559572
314998,0.4004214115092436,0.5632119720043998
315299,0.3876628039027622,0.5899011518228923
315598,0.679256558268391,0.11027184258888134
315899,2.1398960981737143,-0.10687968985683827
316199,2.6376800440265615,-0.1763121831921306
316498,0.6288148449563777,0.35658492923257723
316799,2.353835946096848,-0.6232596543292035
317098,110.16120111581148,-0.24831220416600752
317399,73.98245264199538,-0.2606852672198632
317698,94.37899907646768,-0.1464222557654118
317999,101.72081675368717,-0.22590576727776912
318298,52.28089509338455,-0.27851312198149025
318599,64.24433577714638,-0.2141754729399188
318899,39.09299007471723,-0.2570861543388192
319198,1.651009246644222,
319499,,
319798,1.651009246644222,
320099,1.4268294967312642,0.06443769750507145
320398,14.278793403526581,-0.711602433468933
320699,20.02884481550727,-1.1009138308323325
320998,14.944934136156213,-0.9486132376098997
321299,40.300372984739,-0.9106243621174936
321599,15.414033255163154,-1.1173341217674615
321898,23.34610182626144,-1.3101600483128117
322199,10.611056503523066,-1.212061645568209
322498,5.384687031777696,-0.6797596190860153
322799,6.763988194530011,-0.8376336584457813
323098,6.70589959184714,-0.7573108067594492
323399,8.881691622602645,-0.9149399323809084
323698,11.676460645285513,-0.8517198940052266
323999,13.07202517089431,-0.9480415173053431
324299,14.098632013859588,-0.8647274048455342
324598,11.3519991031119,-0.8657889277432196
324899,11.79226200020118,-0.8561691960253979
325198,11.090301674666456,-0.8247896564281041
325499,9.755279621152567,-0.8123103750489029
325798,7.317914557284512,-0.7874805195383177
326099,8.491021811208121,-1.1761679567750822
326398,14.196682608097156,-0.8750054980853086
326699,5.88334212290271,-1.0483469285480846
326999,10.214803980470489,-1.067719913784202
327298,11.571429953861692,-1.1790460238097493
327599,8.99340420580973,-1.2372703378351915
327898,19.861741847498163,-0.9853713810509204
328199,45.3636289726139,-1.3946792155884746
328498,11.454873825595222,-0.6917274042449189
328799,13.664035529685666,-0.9367512980307622
329098,7.797690109980264,-0.8299015176157305
329399,4.396392942843073,-0.9761472171233065
329699,28.79259280980015,-1.1690611785148959
329998,31.005735963786258,-1.2393859464952013
330299,10.478187190278664,-0.8165043428312653
330598,,
330899,0.7949897257811833,-0.239624278310268
331198,1.155671124426537,-0.24079183007157146
331499,2.433397181954854,-0.6422595187586426
331798,,
332099,0.47441518835348184,-0.3600926871064851
332399,1.5235612817530522,-0.21551680612281676
332698,15.70870184942042,-0.594210977208951
332999,8.702885638524789,-0.7713851666957363
333298,18.40774669001764,-1.0407109346733345
333599,11.30092109689979,-0.6666316794883551
333898,15.714825060197253,-0.679287759868179
334199,30.676340756810028,-0.8081703369961808
334498,38.38696028193503,-0.9987792583842421
334799,39.9831411728054,-0.7409016118725003
335099,24.276861612573917,-0.7026059770169855
335398,19.76340392529715,-0.8384224654101577
335699,14.439838205591135,-0.9805662787918381
335998,7.427578746030948,-1.0560347480296781
336299,0.8357895761966022,-0.0071105513356732875
336598,2.8256599830441416,-0.6738162142152211
336899,0.8115441125663131,
337198,0.8115441125663131,
337499,0.8115441125663131,
337799,0.8115441125663131,
338098,0.8115441125663131,
338399,0.5640164002837847,-0.20125822713181396
338698,0.7196584885191404,
338999,0.7196584885191404,
339298,0.7196584885191404,
339599,0.7196584885191404,
339898,0.8263518722639983,
340199,0.626699378825789,-5.6030644878477425
340499,0.9299182536685788,-0.4915632251044184
340798,0.8263518722639983,
341099,0.8263518722639983,
341398,,
341699,0.8638234621706576,
341998,0.8638234621706576,
342299,0.8638234621706576,
342598,,
342899,1.0813539548616267,
343199,0.9633913281568225,-7.355471403572567
343498,1.0813539548616267,
343799,1.0813539548616267,
344098,1.0813539548616267,
344399,2.08577016707504,
344698,2.08577016707504,
344999,2.08577016707504,
345298,2.08577016707504,
345599,2.08577016707504,
345899,3.4044329142659246,-0.12288268402963154
346198,2.427401644021643,-0.06951039199900788
346499,1.9859590437531058,-0.36305967215918433
346798,1.8709020025661833,-0.3736914660544406
347099,1.7257489974666465,-0.4619014669088084
347398,1.2591034682041844,-0.4001918812420102
347699,1.2682071022342774,-0.4022015762058866
347998,1.3211366330444623,-0.381619002015227
348299,1.133381836560666,-0.43943991555210293
348599,1.1748027873430738,-0.43031397712424324
348898,1.1359501435289046,-0.31939834830045966
349199,1.8207790648741475,-0.3630413364710885
349498,1.028532962686312,-0.2698318568791831
349799,0.8994913314502008,-0.2254587398206187
350098,0.8371839078900155,-0.23698627923886728
350399,0.8527644566722741,-0.2614864785630444
350698,0.8666824583042186,-0.272548509357988
350999,0.8569599437417186,-0.25566227232321537
351299,0.7082015278991258,-0.15162921573050503
351598,0.7002780201375518,-0.14176041857377042
351899,0.8216931734905761,-0.23101602976104707
352198,0.726068917713498,-0.17135656723595405
352499,0.9694670440212961,-0.4656262972775982
352798,0.7061146504952059,-0.09251987815770502
353099,22.16959307180265,-0.28569071056095763
353398,0.6546599632247898,0.08850069499635849
353699,0.6411405800349752,0.0988499995414821
353999,2.8870694902539964,-0.2817383384016021
354298,0.7348292252369779,0.03850090117113225
354599,0.7828060600439943,0.043037880117940186
354898,0.822025363132024,0.12844450071425284
355199,0.8637996205683122,0.14893751659124332
355498,0.9252721448345156,0.10091571434034874
355799,0.9854211003678157,0.06784658835297963
356098,1.1134236335729417,-0.21563124651636212
356399,1.1777860974948529,-0.11125956197556786
356699,1.298428140770316,-0.1915252813948478
356998,1.0950909676730936,-0.06687950076979621
357299,1.3562070549786496,-0.26189275922577204
357598,1.3918719658142973,-0.23587052633909522
357899,1.3851563788682686,-0.15830102477736707
358198,1.5608390997108608,-0.2491345693574294
358499,1.6591495273798422,-0.2898553206162662
358798,1.5600983264353978,-0.25639866245393983
359099,1.7548507066668795,-0.34010803403464607
359399,1.6845404933700008,-0.38197047827515873
359698,1.692641594888519,-0.4005220784192398
359999,4.337267852762101,-0.4454969338516308
360298,1.587290319020464,-0.39275782192627484
360599,2.5410102434472868,-0.5023375575907305
360898,2.0873113139167043,-0.6015881734834627
361199,1.5433528504051304,-0.28692610486435766
361498,1.4215701951042043,-0.20466654449247534
361799,2.836333127791704,-0.7797433831821554
362099,1.8112646012546678,-0.4054657767962666
362398,1.4583217242633308,-0.01149069589679419
362699,1.6337535574753914,-0.09072657334474132
362998,1.6839293393701205,-0.09083228892621786
363299,2.34508906242238,-0.2905027168746883
363598,1.8626407901143662,-0.18493911180227918
363899,2.123793118169257,-0.41095305524469805
364198,2.4951105567988865,-0.5257302891016349
364499,2.0915972733359234,-0.4644694060755048
364799,1.8742608739053683,-0.38180807993715815
365098,2.517339901012364,-0.5700962687830897
365399,2.6410127601742794,-0.8222333462712597
365698,2.1969343634636314,-0.6388003733965895
365999,2.0197630310469648,-0.5801274111632131
366298,2.8690864148224278,-0.9560060093228702
366599,2.271322213866409,-0.5773186635230616
366898,2.031026194290914,-0.4396371575247713
367199,2.2436647384112844,-0.4966141129604369
367499,2.6014750280571177,-0.5910583030764829
367798,2.4993752134529506,-0.5447914567323753
368099,4.001959911397395,-0.7940663144385447
368398,3.3009260287551294,-0.8114241607765764
368699,3.1728180360143887,-0.7988986554445747
368998,2.9666274614611483,-0.7743533006385308
369299,2.755903988208833,-0.7220898669072962
369598,3.560353335764389,-0.7691674906022901
369899,4.967767241162036,-0.7693719671641608
370199,3.7180230196851856,-0.7764367946264796
370498,11.11931925147676,-0.3222333662286345
370799,5.893340605796295,-0.6362369870991298
371098,7.494367031902684,-0.5484012928279498
371399,6.751896330698698,-0.739481045515642
371698,4.007698660015659,-0.8031690805965663
371999,4.368359558714734,-0.8481935337197015
372298,13.451435828487822,-0.2554212332784802
372599,14.75708120887767,-0.27405678002875766
372899,8.571099767368159,-0.42067234043258495
373198,10.719659191386675,-0.3016288801466802
373499,9.506741076886676,-0.49848905061908977
373798,12.209105686141305,-0.31232151180085843
374099,7.643554503976954,-0.7742254351090365
374398,7.590709075329193,-0.9030529084248011
374699,11.095521858852344,-0.6461677861713471
374998,7.027432154215769,-0.970223558096013
375299,6.0235483999842865,-0.9701101042276425
375599,6.242954475100028,-0.7958230942976492
375898,8.117326041111001,-0.813669741106436
376199,6.387588871073962,-0.8394931161741683
376498,4.072432360071648,-0.6682439555832222
376799,6.040864140028243,-0.6360512994145926
377098,3.261270880910187,-0.4658433972353275
377399,3.3873894209589674,-0.48973026406288356
377698,2.509544632063134,-0.40224925359943775
377999,1.8747872878089638,-0.30701732571725726
378299,2.2584837471991404,-0.3766246163289715
378598,1.8703544399784642,-0.27594604100432263
378899,2.0297408052131183,-0.31052198313442037
379198,2.0351930081645078,-0.3146034200885468
379499,2.0185708956922856,-0.30422695260212107
379798,2.038201363081174,-0.30698983163539606
380099,2.474624531847378,-0.3737528717421632
380398,3.2013708769516125,-0.5691062216877778
380699,3.37134445685902,-0.5698045914595011
380999,3.4553591142386497,-0.5552991056437178
381298,3.398923940365965,-0.5649026260189904
381599,3.0389738702918905,-0.6269204414042044
381898,2.8628193941097986,-0.5430756213225785
382199,3.2998216682232244,-0.4687721775657714
382498,3.242504202977854,-0.4776865772727472
382799,3.3199223349176687,-0.4829688330719617
383098,3.617789620947761,-0.44298148793988257
383399,3.24690213955946,-0.3564732733275786
383699,3.539857083353441,-0.35732129611505825
383998,3.4765649806103855,-0.3721530613872992
384299,3.54086119462196,-0.37542525042969377
384598,3.8381009569054623,-0.36952922207345096
384899,2.8890429682657683,-0.028124840754672364
385198,3.0387039065917296,-0.09944975325506822
385499,3.0209001576171914,-0.1420122261554435
385798,2.7837586224412667,-0.14449833345125662
386099,2.7501274281232178,-0.21201355075576434
386399,1.8917332351053961,-0.40810534946588994
386698,1.8335597753507669,-0.3819735525504948
386999,4.155891295620504,-0.35029499448643064
387298,2.511952478489656,-0.3645067785639762
387599,6.120008513601653,-0.6359900228480433
387898,14.812214704901034,-0.22332357382401358
388199,1.390080685922882,-0.32928774542516126
388498,1.7729026553953011,-0.32245588327295094
388799,1.5702777371312158,-0.33391118151563837
389099,1.1524443323557527,-0.2365586626316114
389398,1.1953824110527649,-0.24977861773869292
389699,1.3861287998351726,-0.29151701989102086
389998,1.3482027217819317,-0.28276706262240525
390299,1.1680068753097095,-0.2196522781343475
390598,1.5491204833536911,-0.28936433656271676
390899,1.265136945882034,-0.31121092214092805
391198,1.2242951410764786,-0.2525482872734923
391499,1.1994515203704603,-0.25752376581949
391799,1.2301606878079603,-0.24295249782307193
392098,1.273921937449164,-0.21606405396112938
392399,1.1921434557916164,-0.1942349876964613
392698,1.07121109018282,-0.08869222667597665
392999,1.0853177008888393,-0.09508467446214874
393298,0.9796153868957832,-0.022919244602209066
393599,0.9350230896434686,0.032860361437222485
393898,0.7772558126156408,0.17868818971308464
394199,0.8798778788377105,0.11958691562490864
394499,0.8133792260554555,0.14734395130454603
394798,0.7785763987823073,0.17484967372401528
395099,0.7763386131086962,0.19019550202372826
395398,1.0206189188637662,-0.07961210947633068
395699,0.8619185328924672,0.052784573519042866
395998,0.8331632546563562,0.057326354577502014
396299,0.9006876125429303,-0.0028672970575835954
396598,1.0670967978568218,-0.10361297277848247
396899,0.9202137515018356,0.17743633825328375
397199,0.9063371738166506,0.18140980024595976
397498,0.9931516689219718,0.13251368469357794
397799,0.9198333966708172,0.17587568306825274
398098,0.9144223216812313,0.1835814269036623
398399,0.8461486715523603,0.2769491342052405
398698,0.7942121103370824,0.3037908448529295
398999,0.801239139631671,0.3107698698978034
399298,0.7704659849230953,0.2954015449800761
399599,0.8338882763151044,0.2485067974156303
399899,0.5963033577049415,0.4252886890607219
400198,0.5166237020023144,0.4849912149811938
400499,0.9457566282933367,0.10938843639886286
400798,0.6061880238912133,0.38927060987378836
401099,0.513216460030484,0.4700800312014486
401398,0.596849241434456,0.36127455510693685
401699,0.6155513425224188,0.30822427956573817
401998,0.5619620812826427,0.4187326192055254
402299,0.5698778634252841,0.4013724715950572
402599,0.5594675903646371,0.4154742897746604
402898,0.6009924855243879,0.3521990832924602
403199,0.9707791002856081,-0.13276433062649584
403498,1.0862163389420811,-0.21781113037548394
403799,0.8687032286243889,0.09233124291226891
404098,0.8775036923675557,-0.06470625536591124
404399,0.7992426442552222,-0.08988449328201598
404698,12.76298743937268,-0.5214850778837827
404999,42.23735280991354,-0.21610346957285298
405299,,
405598,,
405899,0.8928842341131032,
406198,0.8928842341131032,
406499,0.8928842341131032,
406798,0.8928842341131032,
407099,0.8928842341131032,
407398,0.8921841871068035,
407699,0.8921841871068035,
407999,0.8921841871068035,
408298,0.8921841871068035,
408599,0.8921841871068035,
408898,0.8295888364034874,
409199,0.8295888364034874,
409498,0.8295888364034874,
409799,0.8295888364034874,
410098,0.8295888364034874,
410399,0.6114795241292083,
410699,0.6114795241292083,
410998,0.6114795241292083,
411299,0.6114795241292083,
411598,0.6114795241292083,
411899,,
412198,2.6765176305201432,-0.352940474520681
412499,47.62519950538898,-0.5619825308703941
412798,52.06698831594685,-0.7895892385461498
413099,34.1866601235788,-0.7752316920272129
413399,37.45990031500852,-0.5394009737599383
413698,13.539355500498766,-0.6057270436773767
413999,10.526115248751083,-0.5412652817570107
414298,12.392739399519598,-0.5829621941318375
414599,12.315325479686265,-0.5854850631600759
414898,11.140859996834092,-0.7444055964619525
415199,12.166931184479926,-0.7132686658205964
415498,12.659923712294741,-0.8232786106432974
415799,16.072391820248445,-1.0965754090048279
416099,62.632098293364116,-0.6055692064854579
416398,7.720593278504895,-1.380035630226501
416699,,
416998,0.750535375986812,
417299,2.784992552857121,-0.24319930466733441
417598,57.36840318116828,-0.6608795025526835
417899,1.1760146559841065,-0.09295998596547572
418198,,
418499,1.859049540787533,-0.279154604529652
418799,0.92653882795936,0.09172484197153641
419098,16.547405885228173,-1.1393063616360348
419399,4.6405946216911005,-0.9812464539569135
419698,,
419999,,
420298,0.6210609992402004,0.16673837917963863
420599,0.5988317264044306,0.21460705050876128
420898,,
421199,,
421499,,
421798,,
422099,1.0774696343216292,
422398,1.5713956496443613,
422699,1.5713956496443613,
422998,,
423299,1.5713956496443613,
423598,,
423899,2.373079985015889,-0.32315567957393476
424199,21.821125415981445,-0.5269294424744666
424498,11.348450347914573,-0.5081804301281345
424799,25.078046107956567,-0.59017216224947
425098,23.13471058485413,-0.5674366459688622
425399,24.97840920741086,-0.6097957352056751
425698,29.72561489831364,-0.5511741035430855
425999,25.224116001864566,-0.7282312327819165
426298,25.969680326663266,-0.8208993407943177
426599,22.478072483394747,-0.7547084856468376
426899,19.832526508011462,-0.6995540246825316
427198,23.553581740418863,-0.6317826463089897
427499,25.55315769515498,-0.6428308662498414
427798,23.4730320253877,-0.7838302191585922
428099,25.847145095266086,-0.6485336225413814
428398,25.533356074599244,-0.7465403185004178
428699,14.996314419895807,-0.5764062384119963
428998,24.696699388287172,-0.6534083241891493
429299,27.874685278798214,-0.658502420507201
429599,21.772985191606193,-0.6579860829264703
429898,30.198233884431595,-0.6728534980424457
430199,34.38271966772896,-0.6385271717217065
430498,34.84885481334132,-0.5176987069731136
430799,29.94647139976832,-0.5180032183364349
431098,36.49426105218391,-0.5573200083657244
431399,33.31891431250031,-0.5973900276601707
431698,28.04622288394607,-0.5430759005277033
431999,25.580733481575706,-0.6098483482155026
432299,4.653570401016198,-0.4200697389398125
432598,7.912545996906521,-0.43827112075254027
432899,0.515631713711086,0.15770550212008516
433198,1.8957662326738196,-0.27957993046554086
433499,,
433798,0.7575707532573821,-0.05129666273475397
434099,0.6282749590797713,
434398,0.6282749590797713,
434699,0.6282749590797713,
434999,0.6282749590797713,
435298,4.647912057818967,-0.577302644614955
435599,3.6181522631499865,-0.5755478034600501
435898,6.033020063256468,-0.5306997812854131
436199,2.979319801325912,-0.567469093912564
436498,3.260316244117578,-0.5296760409780898
436799,2.515089957358319,-0.5649011483235478
437098,3.026804392177764,-0.5737598416564405
437399,2.6052677038814678,-0.557381905276952
437699,3.3957839087101713,-0.5061396176328912
437998,3.116452711522671,-0.5520616671278662
438299,2.843112868437023,-0.5656766549079009
438598,2.6078539066823927,-0.5739781885341984
438899,3.9320389827663718,-0.5363859180608379
439198,2.5860099877773006,-0.5410942871837525
439499,2.8683212821962822,-0.5625272880742496
439798,2.501342574073597,-0.5567423990850613
440099,2.5479747365944307,-0.5490836904583927
440399,3.1505258131800784,-0.6366259093428721
440698,2.4439530170666526,-0.5998700559589396
440999,2.483795569985634,-0.5652635620522495
441298,2.2464183788999867,-0.5386854861363324
441599,5.2289720751622895,-0.4112357604837793
441898,3.2414246095550787,-0.6479232678440354
442199,2.550193836522671,-0.5311508405088257
442498,11.01742667500488,-0.24581447192411976
442799,9.495141818768769,-0.15464845162859264
443099,10.806301737655348,-0.17218183069467563
443398,2.447261715427764,-0.5026547391212708
443699,2.450557487955541,-0.5272422183115792
443998,2.3284917347333187,-0.4973245423810313
444299,2.3005012249416525,-0.4777992309645407
444598,2.0413795325898008,-0.42615788417949396
444899,2.2732610916523006,-0.4836056543989182
445198,2.1191184405898005,-0.4458525258673638
445499,1.9338136727610964,-0.39208628621730757
445799,1.8072374250064673,-0.3671485517434665
446098,1.7535095668235974,-0.33889393357386766
446399,1.606729281235634,-0.28039377863783743
446698,1.7983570646638753,-0.37779764615019906
446999,1.774985455538875,-0.36584281067222135
447298,1.7829409834185046,-0.347520372341507
447599,1.7203660495805415,-0.3274547604021183
447898,1.7742743855018377,-0.37768506622165066
448199,1.8839658963490595,-0.41591820955721426
448499,1.8073721391314674,-0.4134343808601606
448798,1.8223436830759117,-0.4023492244979898
449099,2.0942794784624854,-0.4679323722330708
449398,2.2142038726036892,-0.5205679266237044
449699,2.185626443450912,-0.48945748210468665
449998,2.2075163916337828,-0.5499399724701517
450299,2.306373203823597,-0.5846397701672159
450598,3.2832750992425783,-0.8533063400365846
450899,2.7664365903706227,-0.8757785855064755
451199,4.552365142643041,-0.5386383044382885
451498,2.748615015608319,-0.7161780666280497
451799,2.8110263614833193,-0.7230594148044629
452098,2.8884768171245225,-0.743360588430616
452399,2.8535653491569306,-0.7964506301612635
452698,2.927255800318968,-0.755179330506144
452999,3.511160514650715,-1.0176969707689985
453298,2.8047222078659932,-0.8034873367052744
453599,3.1053022363081224,-0.807803179390342
453899,2.8159090635766413,-0.7958229437351505
454198,2.9877085621669193,-0.8288639934678157
454499,3.0979483743335856,-0.8469861381972454
454798,4.551580798812343,-0.8996028477907896
455099,3.5306269702988633,-0.9830073774581547
455398,5.405897734608964,-0.5408499849217285
455699,3.3575263128081225,-1.0236147149855377
455998,3.9702464816854377,-0.9730293585346701
456299,4.097008887988679,-0.9635589130229407
456599,3.4557565666136787,-0.9930555575066633
456898,3.4148764414261783,-0.8602171063906161
457199,3.8976587980071975,-0.9417322099419116
457498,3.911981920627567,-0.8863502148590217
457799,4.412172237940067,-1.0191760481540442
458098,4.261304387838216,-0.9703282538976399
458399,3.952901933199326,-0.8493116096461035
458698,4.645080074271086,-1.006446968737333
458999,4.4717207481368275,-0.9317390230059206
459299,4.190115760227105,-0.9124726882807825
459598,4.540917038069697,-0.8354759081557461
459899,4.2249613976391425,-0.8455100720297004
460198,4.332044120428494,-0.841708070767806
460499,4.58442035584979,-0.8401408725481505
460798,4.743133150988679,-0.8656999277259363
461099,5.001895500625253,-0.8898206296408153
461398,5.356721843419233,-0.8975572645615755
461699,5.787025921266456,-0.8629765447325324
461999,6.302864797312752,-0.9453704628506041
462298,5.947383167771085,-0.8926669900787467
462599,6.8314701015234,-0.8994421436943494
462898,6.705387423967846,-0.9666551357868718
463199,6.709148525569697,-0.8953307100079837
463498,6.8054093527433075,-0.949468315617847
463799,7.365548887203957,-0.887990391533815
464098,7.0796863167132145,-0.8926810483794931
464399,6.586154072509512,-0.9346540600538071
464699,7.353880909537291,-0.8966178556697353
464998,20.89763976883921,-0.4384663274174858
465299,6.383700861745623,-0.8704740820245631
465598,6.435618299143772,-0.8706699536930784
465899,12.248528135080038,-0.6157341439940041
466198,8.646977108549857,-1.0496024961035357
466499,4.944932698666919,-0.7006183479459984
466798,7.584097277491172,-0.273268032842489
467099,12.52034620657532,-0.5164612042166896
467399,23.75989758424893,-0.4133823470994975
467698,28.645819842711894,-0.48713918984916593
467999,9.324500023792915,-0.6907955589528623
468298,8.93562937755449,-0.5426344310586939
468599,10.786597261357729,-0.581772824848551
468898,18.707115434538284,-0.4390257874008143
469199,41.18529051254987,-0.4713977586699003
469498,51.06201838071885,-0.5101159307684786
469799,25.145340578839214,-0.6102409277943524
470099,20.499763952376252,-0.6262005951735226
470398,9.403164030408654,-0.7591316628251468
470699,22.2235375996031,-0.7842474392739929
470998,17.11184210666097,-0.4642534159310878
471299,9.533484402808122,-0.7560813152697254
471598,7.661964740737948,-0.7180257171267717
471899,3.9370703911175786,-0.40343720684026807
472198,13.741979365495624,-0.4844840372847432
472499,0.6282749590797713,
472799,0.6282749590797713,
473098,0.6282749590797713,
473399,0.6282749590797713,
473698,0.6282749590797713,
473999,0.6282749590797713,
474298,0.6282749590797713,
474599,0.6282749590797713,
474898,0.6282749590797713,
475199,0.6282749590797713,
475499,0.6282749590797713,
475798,0.6282749590797713,
476099,0.6282749590797713,
476398,0.5243817785056814,-0.08978373000055706
476699,,
476998,13.980342493950323,-0.6994783837753002
477299,5.656719753347475,-0.37534810446833644
477598,6.10606264097853,-0.27220441780075233
477899,2.8163337704509117,-0.5249591502275006
478199,2.738124638687023,-0.4927110389023479
478498,2.6592007801592454,-0.4926967193159977
478799,2.6588363555712817,-0.5077641847784198
479098,2.4622823794370228,-0.507072873795928
479399,2.278325135818968,-0.514550329203245
479698,2.208276016589801,-0.524089959882825
479999,2.0548233392587827,-0.5018281461367067
480298,2.0800567939902637,-0.5029497858465162
480599,2.1149960229717455,-0.5019013357233653
480899,1.787297360485634,-0.39844012085361946
481198,2.215346096733319,-0.5206404508027398
481499,2.6972346353231877,-0.546856063543244
481798,2.216836343305078,-0.5016123146421665
482099,2.466381737358319,-0.5751813559353416
482398,2.308658652052764,-0.5395085621540854
482699,2.3453665010087823,-0.599934279048123
482998,2.1492875298073937,-0.4447103218096893
483299,5.005110799696282,-0.5391209637752001
483599,2.446249851467115,-0.5250708468837288
483898,3.469316256462486,-0.6111591695930465
484199,2.3967405755411897,-0.5955374680440118
484498,2.6653469556021046,-0.7179959262312894
484799,2.5018087650928447,-0.7218618137012662
485098,2.8488949071460854,-0.7423029675974357
485399,25.789407667318375,-0.33394460017557814
485698,2.8552630104484122,-0.29356981253378156
485999,59.27367039880912,-0.4840515551381088
486299,54.07670732885079,-0.5702849441622524
486598,29.172922241774398,-0.580568668552425
486899,41.42713010114286,-0.22605553985302573
487198,38.88567775289518,-0.2237085117288804
487499,30.036198660559208,-0.27327880722392717
487798,29.83514049150133,-0.2952562817625537
488099,37.46812336285078,-0.3619898931264587
488398,44.653097444241986,-0.4207550415942123
488699,50.78202278625356,-0.3462252873500724
488999,60.540628770915596,-0.30555706172292596
489298,41.10014958872115,-0.36631391764865984
489599,42.569268388790604,-0.38887479948608594
489898,55.536143055628976,-0.3586658189327916
490199,56.565926842716934,-0.3013139891374308
490498,48.48353759397156,-0.36712813658517773
490799,48.901206386013236,-0.35655449054140664
491098,58.03576055729291,-0.37287221433143314
491399,46.178138510755886,-0.443704258131675
491699,43.150131687762816,-0.42004263658791086
491998,66.20990054619568,-0.4013833618763205
492299,76.25537704907342,-0.5099947852306905
492598,95.83606019887391,-0.3587583257188489
492899,72.05356651073744,-0.4256857381672723
493198,19.738869191328956,-0.4677617827431082
493499,24.50491942112294,-0.5643752981615779
493798,0.6282749590797713,
494099,0.6282749590797713,
494399,0.6282749590797713,
494698,0.6282749590797713,
494999,0.6282749590797713,
495298,0.6282749590797713,
495599,0.6282749590797713,
495898,0.6282749590797713,
496199,0.6282749590797713,
496498,0.6282749590797713,
496799,0.6282749590797713,
497099,0.6282749590797713,
497398,0.6282749590797713,
497699,0.6282749590797713,
497998,0.6282749590797713,
498299,0.6282749590797713,
498598,0.6282749590797713,
498899,0.6282749590797713,
499198,0.6282749590797713,
499499,0.6282749590797713,
499799,0.6282749590797713,
500098,0.6282749590797713,
500399,0.6282749590797713,
500698,0.6282749590797713,
500999,0.6282749590797713,
501298,0.6282749590797713,
501599,0.6282749590797713,
501898,0.6282749590797713,
502199,0.6282749590797713,
502499,13.813687741478098,-0.7017564351888308
502798,5.73595520166651,-0.7592762624537872
503099,6.218737820134512,-0.7333480795923231
503398,8.15046158834053,-0.9101400375912376
503699,5.942195196602105,-0.8478402295500163
503998,6.050730443933123,-0.7951702876350479
504299,9.369946164643773,-0.909116403193333
504598,14.704233170447013,-1.27311553503091
504899,41.75959492132764,-0.8125704595623755
505199,31.701476256765133,-0.6337513517161333
505498,0.6282749590797713,
505799,,
506098,,
506399,0.6282749590797713,
506698,2.69730970540171,-0.6620654349915143
506999,,
507298,,
507599,,
507899,0.6282749590797713,
508198,0.6282749590797713,
508499,0.6282749590797713,
508798,0.6282749590797713,
509099,0.6282749590797713,
509398,0.6282749590797713,
509699,0.6282749590797713,
509998,0.6282749590797713,
510299,0.6282749590797713,
510599,0.6282749590797713,
510898,0.6282749590797713,
511199,0.6282749590797713,
511498,0.6282749590797713,
511799,0.6282749590797713,
512098,0.6282749590797713,
512399,0.6282749590797713,
512698,0.6282749590797713,
512999,0.6282749590797713,
513299,0.6282749590797713,
513598,0.6282749590797713,
513899,0.6282749590797713,
514198,0.6282749590797713,
514499,0.6282749590797713,
514798,0.6282749590797713,
515099,0.6282749590797713,
515398,0.6282749590797713,
515699,0.6282749590797713,
515999,0.6282749590797713,
516298,0.6282749590797713,
516599,0.6282749590797713,
516898,0.6282749590797713,
517199,0.6282749590797713,
517498,0.6282749590797713,
517799,0.6282749590797713,
518098,0.6282749590797713,
518399,0.6282749590797713,
518699,0.6282749590797713,
518998,0.6282749590797713,
519299,0.6282749590797713,
519598,0.6282749590797713,
519899,0.6282749590797713,
520198,0.6282749590797713,
520499,0.6282749590797713,
520798,0.6282749590797713,
521099,0.6282749590797713,
521399,0.6282749590797713,
521698,0.6282749590797713,
521999,0.6282749590797713,
522298,0.6282749590797713,
522599,0.6282749590797713,
522898,0.6282749590797713,
523199,0.6282749590797713,
523498,0.6282749590797713,
523799,0.6282749590797713,
524099,0.6282749590797713,
524398,0.6282749590797713,
524699,0.6282749590797713,
524998,0.6282749590797713,
525299,0.6282749590797713,
525598,0.6282749590797713,
525899,5.593244123323596,-0.6644266968071231
526198,5.410068470585172,-0.565195809985076
526499,6.1332809296222095,-0.48785379205453694
526799,5.2578775225249865,-0.5120436311286598
527098,4.556321076927763,-0.665864293864336
527399,3.8954295322009123,-0.636101977179593
527698,3.7871073430342452,-0.6073098203196361
527999,5.080159496937023,-0.7547914975678511
528298,3.6421333618374856,-0.6490888629812208
528599,3.405814342946282,-0.653125044562533
528898,5.335141712575912,-0.8141338861060514
529199,18.961555459226194,-0.48705016884733343
529499,15.987663649584988,-0.5227546053433065
529798,3.850775001574327,-0.5305380523751553
530099,9.82367134550629,-0.566405270478322
530398,18.699852088826646,-0.37572654202382294
530699,4.074479561458586,-0.8794392699321627
530998,2.6390080228976713,-0.5774639336356415
531299,3.515885489872208,-0.6002480690867396
531598,3.127711774362949,-0.6916984702221598
531899,4.694777573102105,-0.5713178671408632
532199,3.750185098663874,-0.4202657861244281
532498,3.888026854113678,-0.4373039533490721
532799,3.562044981655345,-0.3576084197201663
533098,14.635496474790598,-0.26194346682886493
533399,2.5950774237333194,-0.3140872281911813
533698,2.046691708793505,-0.2700441398935429
533999,2.134816979180078,-0.3199370212946413
534298,2.1915198494648007,-0.2879006295334634
534599,2.3044143099995233,-0.2800035997790462
534899,2.0627102174995233,-0.30080734135615894
535198,2.4147684909995233,-0.3394336523156163
535499,2.108451940654616,-0.2658958825781401
535798,1.9647659290643378,-0.2719404655763282
536099,1.8071734711453564,-0.2336282535821026
536398,1.932800697300449,-0.2638106810437315
536699,2.1525837566777635,-0.4401351699679916
536998,1.9229456598444306,-0.3160306940716229
537299,3.172380836972475,-0.6838695036041151
537599,8.448965314575913,-0.5881771769747042
537898,48.32961590276986,-0.8705814283618787
538199,62.63641640351414,-0.8056861387793997
538498,66.44990992664253,-0.772190929306181
538799,75.43648146105812,-0.6620338225389659
539098,66.99130379224901,-0.6699385270645244
539399,42.27528765851646,-0.8456790411708806
539698,45.64724680522355,-0.9244077930600965
539999,64.83285596945164,-0.769660720110706
540299,2.776903639199591,-0.5118940506164531
540598,0.6282749590797713,
540899,0.45608387861005373,0.34653529520431603
541198,0.5065464970499918,-0.08039477887107638
541499,21.928035463628564,-0.7213661632122608
541798,17.73502553830217,-0.7013682758928257
542099,54.96815968241329,-0.5657264266382378
542398,33.172118871295226,-0.5519268422257073
542699,10.161688703380875,-0.436163514583052
542999,5.57242537629192,-0.2814261478657949
543298,3.8131052552336393,-0.3747590116017365
543599,6.969788557900717,-0.269126803311625
543898,6.814457809220158,-0.2694312839774442
544199,1.898612394916919,-0.592357998070659
544498,3.1265051572803446,-0.870902673232927
544799,2.150193640069697,-0.8151870227885418
545098,2.212152164560438,-0.647041364831235
545399,2.0950582574192342,-0.8079799076943439
545699,3.2174533686252524,-0.2741551824102437
545998,2.945315424685438,-0.5372900226901032
546299,3.9491406294863634,-0.3753067191068711
546598,1.3990607213984005,-0.25680937579597063
546899,3.0539850632109005,-0.5471362557980888
547198,1.8233705997826597,-0.6426146823718284
547499,2.4592756827521582,-0.6745484078757471
547798,2.7353781049724746,-0.6761188036691597
548099,1.389653713405345,-0.40745870091507697
548399,1.565573317007197,-0.34274268711960776
548698,1.2758192095604377,-0.24083622240498292
548999,1.614865664569697,-0.4607726765317599
549298,1.3491767692525671,-0.2124887238759885
549599,6.861118883497937,-0.21710582864057848
549898,1.9621105184354377,-0.60068119306633
550199,1.6290142373428451,-0.3279539798945692
550498,1.7020951606715486,-0.35595423341268506
550799,1.5703060606275676,-0.28592207564672356
551099,1.6716359147749857,-0.31834571468553086
551398,1.7539461393999858,-0.33608674663606397
551699,1.9841975972333197,-0.4810697185691124
551998,1.9531419599300786,-0.43252046710802916
552299,2.229580697821282,-0.5170103205795655
552598,2.4932428409972087,-0.5432473821163675
552899,2.7471089707286893,-0.5724921902065967
553198,3.0822262952240593,-0.635714908612456
553499,3.1334982309902646,-0.5989947200758192
553799,3.164845205342116,-0.6163527696573683
554098,3.3735138500851707,-0.6521464363766694
554399,3.3748891629509115,-0.6109648268698618
554698,3.4106955893189674,-0.6022861418172549
554999,3.581768357103689,-0.6427140573868397
555298,3.6830338357495225,-0.6570915617732855
555599,3.996944610288875,-0.6579980553082225
555898,3.978169644365263,-0.6838270141514111
556199,4.00759583853656,-0.6707734174894633
556499,21.641706198258195,-0.25948374960970044
556798,0.6282749590797713,
557099,0.6282749590797713,
557398,0.6282749590797713,
557699,0.6282749590797713,
557998,0.6282749590797713,
558299,0.6282749590797713,
558598,0.6282749590797713,
558899,0.6282749590797713,
559199,,
559498,0.49483629372346716,-0.3342400103361649
559799,24.240084720110044,-0.5682365699589185
560098,14.147992091753562,-0.4402195307784098
560399,0.6282749590797713,
560698,0.9365452783133422,-0.12484410630274967
560999,0.8197779032261175,-0.2683123222224393
561298,0.6282749590797713,
561599,0.6282749590797713,
561899,0.6282749590797713,
562198,0.6282749590797713,
562499,0.6282749590797713,
562798,24.75543384862856,-0.4604642696008252
563099,71.76138150480912,-0.49788056850686413
563398,0.6282749590797713,
563699,0.6282749590797713,
563998,0.6282749590797713,
564299,0.6282749590797713,
564599,0.6282749590797713,
564898,0.6282749590797713,
565199,0.6282749590797713,
565498,1.8600379359680415,-0.3840940100935446
565799,4.1725589457819305,-0.6055574809369046
566098,3.515250393680079,-0.655345140779769
566399,3.5460867613745233,-0.6440011503541516
566698,3.514543749566653,-0.5991564029536647
566999,3.697626256805079,-0.5768713705775919
567299,3.4106493979208192,-0.5790247636593253
567598,5.429002717381788,-0.450985727338141
567899,4.416807613926179,-0.5284806691073751
568198,2.8484844764509116,-0.5874620348481634
568499,2.832483498189337,-0.6166073195929975
568798,2.6500776954810044,-0.5883002138049571
569099,2.509217912205541,-0.5645343571609143
569398,2.886013049575912,-0.7543230060133579
569699,8.989965789127568,-0.3062193547398515
569999,4.029438419904616,-0.29003002034344827
570298,3.7701723775627523,-0.46070532007130716
570599,2.823229367555079,-0.5798977135256453
570898,2.6549940608953566,-0.4982663260232121
571199,2.69101590941156,-0.5318012332225848
571498,2.787678705941652,-0.522292033102105
571799,6.619245592613678,-0.5578950102593738
572098,3.0644227340944306,-0.6425333883472255
572399,3.722971330896085,-0.93092466745611
572699,2.8657836659995226,-0.4973735411638349
572998,4.2224774440597095,-0.5836473016811285
573299,3.188208985543505,-0.6704115458872024
573598,3.4103709316106334,-0.8648149664494336
573899,3.1751224295372897,-0.6212085189999805
574198,2.341629770707856,-0.3911684067573393
574499,2.401845122687023,-0.3907494468577708
574798,2.13180018678656,-0.3460832426549323
575099,2.1595693323120226,-0.3696119069787598
575399,2.4842865486569305,-0.47270720297995217
575698,2.3357750899995238,-0.40595974274239377
575999,2.0031510590828563,-0.3208270491775378
576298,1.9956216406708198,-0.32894523917370044
576599,2.142571651379153,-0.44839275005765056
576898,1.7736065834300783,-0.2766899748522482
577199,2.051032555197011,-0.43657403867040356
577498,1.6649811257680414,-0.23682170727356966
577799,1.593449067372208,-0.21492513133875946
578099,17.139922645552172,-0.41222436349478087
578398,11.481185584931803,-0.41946236176260543
578699,9.26905121519106,-0.5015843338343347
578998,76.45234054487392,-0.3511549951287767
579299,59.37906109157532,-0.32157223106171773
579598,0.6282749590797713,
579899,0.6282749590797713,
580198,0.6282749590797713,
580499,0.6282749590797713,
580799,0.6282749590797713,
581098,0.6282749590797713,
581399,0.6282749590797713,
581698,0.6282749590797713,
581999,0.6282749590797713,
582298,0.6282749590797713,
582599,0.6282749590797713,
582898,0.6282749590797713,
583199,0.6282749590797713,
583499,0.6282749590797713,
583798,0.6282749590797713,
584099,0.6282749590797713,
584398,0.6282749590797713,
584699,0.6282749590797713,
584998,0.6282749590797713,
585299,0.6282749590797713,
585598,0.6282749590797713,
585899,0.6282749590797713,
586199,0.6282749590797713,
586498,0.6282749590797713,
586799,0.6282749590797713,
587098,0.6282749590797713,
587399,0.6282749590797713,
587698,0.6282749590797713,
587999,0.6282749590797713,
588298,0.6282749590797713,
588599,0.6282749590797713,
588899,0.6282749590797713,
589198,0.6282749590797713,
589499,7.741241032194612,-0.9558367774906791
589798,12.022069563202635,-1.2393806084613788
590099,26.47701488978597,-1.281383852293593
590398,22.892004882059116,-1.3719714418472204
590699,19.50187287528829,-1.4590333684760082
590998,6.517026062958586,-1.255917490794121
591299,6.417550382523401,-0.9723030331779439
591599,3.9048666000141403,-0.5560237844733309
591898,3.701080560710901,-0.5149657105957837
592199,4.248292745988678,-0.7330909168427453
592498,4.182156419546549,-0.9537932790619477
592799,15.963440661368306,-1.0543545553849762
593098,16.645403322886825,-1.4230938277289074
593399,4.118098609291191,-0.6967388024919965
593698,33.13404510947156,-1.2156779781570872
593999,,
594299,0.6282749590797713,
594598,0.6282749590797713,
594899,0.6282749590797713,
595198,0.6282749590797713,
595499,0.6282749590797713,
595798,0.6282749590797713,
596099,0.6282749590797713,
596398,0.6282749590797713,
596699,0.6282749590797713,
596999,0.6282749590797713,
597298,0.6282749590797713,
597599,0.6282749590797713,
597898,0.6282749590797713,
598199,0.6282749590797713,
598498,,
598799,,
599098,,
599399,,
599699,,
599998,,
600299,,
600598,0.6282749590797713,
600899,0.6282749590797713,
601198,0.6282749590797713,
601499,0.6282749590797713,
601798,0.6282749590797713,
602099,0.6282749590797713,
602399,0.6282749590797713,
602698,0.6282749590797713,
602999,0.6282749590797713,
603298,0.6282749590797713,
603599,0.6282749590797713,
603898,0.6282749590797713,
604199,0.6282749590797713,
604498,0.6282749590797713,
604799,0.6282749590797713,
605099,0.6282749590797713,
605398,0.6282749590797713,
605699,0.6282749590797713,
605998,0.6282749590797713,
606299,0.6282749590797713,
606598,0.6282749590797713,
606899,0.6282749590797713,
607198,0.6282749590797713,
607499,0.6282749590797713,
607799,0.6282749590797713,
608098,0.6282749590797713,
608399,0.6282749590797713,
608698,0.6282749590797713,
608999,0.6282749590797713,
609298,0.6282749590797713,
609599,0.6282749590797713,
609898,0.6282749590797713,
610199,0.6282749590797713,
610499,0.6282749590797713,
610798,0.6282749590797713,
611099,0.6282749590797713,
611398,0.6282749590797713,
611699,0.6282749590797713,
611998,0.6282749590797713,
612299,0.6282749590797713,
612598,0.6282749590797713,
612899,0.6282749590797713,
613199,0.6282749590797713,
613498,0.43819460257544984,0.2889043196687433
613799,5.966558995957857,-0.8292771437396176
614098,12.181064840332265,-1.3247939301035356
614399,3.7637205311360966,-0.6543055540316443
614698,3.633529624367578,-0.6407002398912218
614999,3.8571182198837826,-0.620096247796303
615298,3.8198500978791525,-0.6144773378899313
615599,3.747394030119893,-0.6144876431075321
615899,3.5013219071523007,-0.6300745727518922
616198,3.5375524192332346,-0.5243158723537409
616499,3.315596848399986,-0.6154257544405544
616798,3.2941549394601712,-0.6996147621442133
617099,3.2198162302587825,-0.6925941106387707
617398,4.200362768434708,-0.5118790282826899
617699,2.6199853691685044,-0.5067186536114359
617998,4.6337421253359015,-0.7291721381672309
618299,2.737465189645357,-0.5569429075766916
618599,3.160688250957856,-0.7608046727771727
618898,2.7303481865921158,-0.5701757985752347
619199,2.8072499097587826,-0.5837397984703008
619498,8.658062513015135,-0.6324257638806317
619799,2.566320301145357,-0.5275739285160248
620098,2.6322903357124856,-0.5316526794359797
620399,2.9145348673953557,-0.6448464614105118
620698,2.58521901404119,-0.593530890542459
620999,3.0518543836403174,-0.5933630384982442
621299,2.3551094621222077,-0.42662790771486714
621598,2.2531959022402632,-0.39460379317817207
621899,2.4026792054717454,-0.464214866071623
622198,2.491377888839801,-0.5219581463919445
622499,8.111592059377566,-0.6460242335749402
622798,2.240742065481004,-0.4037717206862721
623099,6.89774885108127,-1.0973674426746483
623398,2.2075026304254486,-0.37946703990155584
623699,2.7263100922379486,-0.8006883396856839
623999,2.1484059089208194,-0.40068209607913197
624298,2.2697223139833196,-0.43332314941259265
624599,2.467975839221745,-0.5022529309451567
624898,2.3924575034300783,-0.5013758190383306
625199,2.446584995413875,-0.4782994959074962
625498,2.58042291792082,-0.5398320782013422
625799,2.4238782690712815,-0.4856810629213699
626098,2.2734810421777634,-0.4265604651270247
626399,2.3104703664509123,-0.4541138690039268
626699,2.2806486339023007,-0.5408999579047147
626998,20.81676735967155,-0.34048757123873985
627299,24.545204243847476,-0.5158703705161705
627598,60.18084378159847,-0.8751943012109407
627899,0.6282749590797713,
628198,0.6282749590797713,
628499,0.6282749590797713,
628798,29.899768315679484,-0.5131607819810291
629099,12.321301593208585,-0.17539975323700996
629399,8.345506527495623,-0.6140693228711946
629698,26.032798780907658,-0.9534928935304372
629999,28.186109496406342,-0.7777660713704087
630298,25.375845031466522,-0.7272231660478721
630599,0.5667444913874151,0.004240677783329927
630898,,
631199,0.6282749590797713,
631498,18.964922908070687,-0.6951637179211554
631799,26.56950468376051,-0.5894561041433257
632099,14.145609281910971,-0.9732542005695299
632398,26.82507937045966,-0.40208840376366783
632699,22.28280464909847,-0.4154144479093551
632998,17.21096044222711,-0.780858093578845
633299,8.215076378088217,-0.9777617921917308
633598,5.445973029923865,-1.3971681772618902
633899,25.176479238799857,-1.334082482183101
634198,4.867144109530345,-1.1413547059606892
634499,3.623502577974789,-1.0486303453574957
634799,3.254641379435437,-1.297523771117861
635098,4.6135558440118265,-0.6234529359393068
635399,3.5325482857618264,-1.1842170208863774
635698,2.7291079513266414,-0.7475379623645626
635999,4.950594216467845,-1.2096168593053371
636298,4.760111216317381,-1.167722891642203
636599,8.942754108655343,-1.1931932463563752
636898,4.760650622368308,-1.1323670099735286
637199,7.431873383499844,-0.9680544299024256
637499,5.270017712500252,-1.1831618810562126
637798,5.717528412842846,-0.9495239943275404
638099,4.499871573259426,-1.148377237328937
638398,6.9341380277734,-1.2605004682960725
638699,52.91576510506144,-0.4135595738797335
638998,129.30127779025355,-0.11584407820452003
639299,5.085892147734048,-0.39376593347675337
639598,0.5203271708936816,0.10905574168417642
639899,1.1375254088830873,-0.1442066109081579
640199,3.657007441905345,-0.8397488659626218
640498,5.877916573909975,-0.8233327305601452
640799,7.692965323159975,-0.5343039813777275
641098,4.933118565731733,-0.7556848451817013
641399,3.98736223172016,-0.9148191604945128
641698,6.715299660051178,-0.7059135979664859
641999,4.706359090500432,-0.27487371021910767
642298,3.009159879198412,-0.36281064082219183
642599,44.006851554716526,-0.5688039126938136
642899,82.05116007920265,-0.5841648305286877
643198,4.374651144302174,-0.9299967346417433
643499,5.1210115978490585,-0.8963756732146491
643798,6.021942034833585,-0.9480694459126884
644099,7.339598426440067,-0.8841436839263386
644398,5.3006478224185045,-0.7298704962069655
644699,5.07476631254119,-0.6693954737688759
644998,5.301313781890727,-0.7133482616332141
645299,5.346801071522672,-0.6518652579661051
645599,6.359702974434708,-0.5418098482446174
645898,5.069306204712486,-0.6138942859074303
646199,6.406279981534246,-0.5485693068926489
646498,6.885799389028031,-0.5751035957308444
646799,7.720871567930808,-0.5907440989017767
647098,8.71535626049331,-0.5493952905650383
647399,8.39701010388914,-0.5819926678407612
647698,8.254215431254883,-0.5623933493326867
647999,7.879724524639142,-0.5638845739611558
648299,9.58856445755581,-0.5904289178388094
648598,13.603121746659973,-0.5094920896480082
648899,12.17825601732573,-0.5349576653194223
649198,10.289386252066471,-0.7069395659378828
649499,24.07723285451877,-0.2801888418468683
649798,39.03420856859887,-0.42985268505299135
650099,27.067333793272166,-0.4974552895301647
650398,52.950798814559114,-0.44894289042438285
650699,40.18130191974894,-0.4184074929522512
650999,45.66672867593882,-0.30305535113145776
651298,38.190927260100864,-0.3933129789231493
651599,4.540736293539568,-0.18673245506035352
651898,0.6282749590797713,
652199,0.6282749590797713,
652498,0.6282749590797713,
652799,0.6282749590797713,
653098,0.6282749590797713,
653399,0.6282749590797713,
653699,0.6282749590797713,
653998,0.6282749590797713,
654299,0.6282749590797713,
654598,0.6282749590797713,
654899,0.6282749590797713,
655198,0.6282749590797713,
655499,0.6282749590797713,
655798,9.312306548775714,-0.43996200180727474
656099,7.755137806328956,-0.3896152532391324
656399,7.339340642986362,-0.4373279522542106
656698,4.498145917693967,-0.6630038497769275
656999,4.230347587615264,-0.6762943866304956
657298,4.073362205508783,-0.7162068637072119
657599,3.8030559612749855,-0.6499270639934154
657898,3.2519976265620225,-0.6125017853610006
658199,4.9780548269347085,-0.66677248046875
658498,8.273484504953956,-0.5766943079736422
658799,8.592213805860046,-0.6568937043914893
659099,8.456579130078955,-0.4180040194422252
659398,13.186379153055078,-0.4744997267618183
659699,9.648568973647672,-0.4203707010248656
659998,6.948129109418506,-0.5669768241181692
660299,7.288769982013412,-0.7291557295921092
660598,7.043725181675447,-0.7405788553618888
660899,6.2774040400273,-0.7330291989244939
661198,5.955372415788875,-0.7585506237815378
661499,5.877871299233319,-0.7137268193134745
661799,8.806510733909974,-0.8752075480146857
662098,7.98952005565766,-0.813690770488473
662399,14.398168049778029,-0.6719550216267491
662698,10.664861935016457,-0.7484727106187685
662999,11.63102564637988,-0.7616179931968785
663298,13.124968051956273,-0.6921403215649649
663599,19.88276968123405,-0.6175617022036717
663898,20.491164322429896,-0.6990974300308288
664199,21.77519882478869,-0.6889323087843511
664499,25.27655603058962,-0.6329470497204168
664798,27.744495666853506,-0.5842185061432896
665099,22.209749409140546,-0.6806719448820049
665398,36.1253275956656,-0.5433702347075278
665699,50.86233028233921,-0.684432691338206
665998,64.20034195551051,-0.5700707201329611
666299,65.27247566710076,-0.5154465224403233
666598,53.47673411607533,-0.5575476538155684
666899,60.0647456595082,-0.42270428134492155
667199,28.993374627725782,-0.4508529981839715
667498,33.28067815147578,-0.5098125952893062
667799,0.6282749590797713,
668098,,
668399,0.6282749590797713,
668698,0.6282749590797713,
668999,0.6282749590797713,
669298,0.6282749590797713,
669599,0.6282749590797713,
669899,0.6282749590797713,
670198,0.6282749590797713,
670499,0.6282749590797713,
670798,0.6282749590797713,
671099,0.6282749590797713,
671398,0.6282749590797713,
671699,0.6282749590797713,
671998,0.6282749590797713,
672299,0.6282749590797713,
672599,0.6282749590797713,
672898,0.6282749590797713,
673199,0.6282749590797713,
673498,0.6282749590797713,
673799,0.6282749590797713,
674098,0.6282749590797713,
674399,0.6282749590797713,
674698,0.6282749590797713,
674999,0.6282749590797713,
675299,20.920902256891456,-0.8024465553556113
675598,8.683921907382198,-1.3522175028417132
675899,,
676198,5.161375436414605,-1.1573271963311305
676499,10.492588611289605,-1.2180282782528176
676798,17.93190922099902,-1.0311357221593198
677099,21.478202792418,-1.3136509811842836
677398,13.272730684648401,-1.646829901506596
677699,12.18207022557201,-1.197169830188113
677999,9.51519310194809,-1.5368664467708668
678298,14.963136814558124,-1.048224510836398
678599,21.196059222271085,-1.0765608472087296
678898,4.117745186192382,-1.1759023307607661
679199,3.375725928581271,-0.795467297270845
679498,3.433579254419234,-0.8826738587345107
679799,5.066136688310437,-0.9128357904127196
680098,3.5711797132409933,-0.7002599437024364
680399,3.507516953643771,-0.6401519275275269
680699,3.784705475889142,-0.6736839161589414
680998,4.1896013830905305,-0.7417972232521328
681299,10.715935642678495,-0.7201093635615872
681598,6.280495060231733,-1.0474181752379406
681899,16.0167005770234,-1.232239150200492
682198,15.745033847478185,-1.3313599915727514
682499,5.016189452835171,-0.7430944791623832
682798,10.566983329431801,-1.2741328512015073
683099,3.4410849816129487,-0.4935147637457815
683399,18.36650216115634,-1.5330383574063742
683698,0.6282749590797713,
683999,0.6282749590797713,
684298,0.6282749590797713,
684599,0.6282749590797713,
684898,0.6282749590797713,
685199,0.6282749590797713,
685498,0.6282749590797713,
685799,0.6282749590797713,
686099,0.6282749590797713,
686398,0.6282749590797713,
686699,0.6282749590797713,
686998,0.6282749590797713,
687299,0.6282749590797713,
687598,,
687899,0.6282749590797713,
688198,12.020421737655347,-0.5143091866493295
688499,,
688799,,
689098,0.6282749590797713,
689399,0.6282749590797713,
689698,0.6282749590797713,
689999,,
690298,,
690599,,
690898,,
691199,,
691499,,
691798,,
692099,,
692398,,
692699,,
692998,,
693299,0.6282749590797713,
693598,0.6282749590797713,
693899,0.6282749590797713,
694199,0.5538241539780969,-0.638763714717606
694498,0.6282749590797713,
694799,0.6282749590797713,
695098,0.6282749590797713,
695399,0.6282749590797713,
695698,0.6282749590797713,
695999,0.6282749590797713,
696298,1.8127802629747896,-0.11182973602071566
696599,0.6282749590797713,
696899,0.6282749590797713,
697198,9.46429343995627,-1.0835423461195535
697499,24.24561345449258,-1.2964264123044358
697798,10.978976494386096,-0.9922603460752935
698099,4.009390312131467,-0.6453089123203777
698398,4.378422270612948,-0.6800498190047843
698699,4.666884963242578,-0.6077618970305911
698998,4.866810501937023,-0.6979800756290404
699299,5.773496959347474,-0.79049588614524
699599,4.896370697927763,-0.6545576226279239
699898,4.375827333939338,-0.588740928296813
700199,4.550256669476375,-0.5811596817210523
700498,5.127032836381466,-0.662121232685511
700799,5.413935079638412,-0.6505811699398347
701098,5.322873490751839,-0.6708165364545307
701399,5.477970389066653,-0.6739028415555031
701698,7.732551470798133,-0.8535153832494704
701999,8.14481412026877,-0.9000614565547245
702299,5.245425073163875,-0.7223014064483075
702598,8.161931401516457,-0.8604507009534468
702899,4.794509717164194,-0.9618249445968545
703198,5.9236106976036895,-1.0127004061815787
703499,4.812278755728689,-0.8505245658078564
703798,13.029980495879881,-0.979544275275835
704099,7.599261125226694,-1.0446000358733984
704398,7.767998583251838,-1.0081099179923467
704699,3.8506314644115602,-0.7456068854863704
704999,3.991126005601375,-0.774244690102923
705298,4.289987438386097,-0.7992565805401215
705599,4.015575545446282,-0.7146103981430112
705898,3.904544636633782,-0.6780953063401332
706199,3.871400709726374,-0.6707434066148665
706498,3.644381729362949,-0.6161874963172203
706799,3.8080127460851707,-0.6375217505819184
707098,3.6780615738953557,-0.5708877851952394
707399,3.8155507203143375,-0.5886076788617189
707699,3.9647062370041533,-0.616929268125443
707998,3.759606138427764,-0.5875510002455604
708299,4.084029324629152,-0.6355625396515285
708598,3.689965702849061,-0.5728415155231543
708899,3.2873820392888753,-0.6556696900386356
709198,3.3976258385180413,-0.6676176314131022
709499,3.455422206902301,-0.6639582435859703
709798,3.5092933306870235,-0.6409428026765771
710099,3.5708113129671153,-0.5950356465966977
710399,3.5508001256708193,-0.5595542458603842
710698,3.7091432133143383,-0.5455863412149506
710999,3.7117614826384133,-0.5661922423939554
711298,3.780765383508782,-0.5805031454874927
711599,3.838937018346746,-0.5759027964158956
711898,3.8857905283328567,-0.5343177582529768
712199,10.682956806810436,-0.5077926372078936
712498,4.078743142541189,-0.5579649514817264
712799,4.238646427191654,-0.5827970935907274
713099,4.285018499263412,-0.5559500996905999
713398,4.542050758476375,-0.5427614503976503
713699,4.791759806483319,-0.5566062237377523
713998,4.897326284818968,-0.5408458686620872
714299,4.769992649316652,-0.5330914124228892
714598,4.729012605478689,-0.521652459867376
714899,4.4977079799300785,-0.4758903768841025
715198,4.694760331187023,-0.5501021200204212
715499,4.102834392888412,-0.4726589485896482
715799,4.079783180034245,-0.4041257344884215
716098,4.042885553895356,-0.31355976166780186
716399,3.89040612328656,-0.3625579199032247
716698,5.292763754201641,-0.6857807307038235
716999,4.089734693325912,-0.5581439646496802
717298,3.722001201048134,-0.4397883994667624
717599,4.252624100622208,-0.606371294141721
717898,3.726893870969431,-0.48704331738295137
718199,4.062910555302763,-0.5594566038096369
718499,3.994278749983319,-0.4736757549137036
718798,4.003732481863678,-0.49784176503948285
719099,4.030791535562752,-0.5232724801052369
719398,4.399884152412288,-0.5571218793912986
719699,10.539856903684116,-0.45580129872834796
719998,14.516432752292916,-0.5368890185470445
720299,4.5165305714272925,-0.33302774802250146
720598,42.29006806759749,-0.2458243347496578
720899,4.991509851005876,-0.8094228950801685
721199,4.682180632282661,-0.9652608668427454
721498,4.108380508558122,-0.7924519326427757
721799,4.162066511361364,-0.6715029722374486
722098,4.070152815190067,-0.5465911771146368
722399,8.982704295824327,-0.7045340326434884
722698,4.509352230078957,-0.5673436083033849
722999,5.899615309548864,-0.7867049434952544
723298,9.822732675740083,-0.66712403919861
723599,5.415441299301178,-0.859465976555883
723899,9.44600937108127,-0.628520824881738
724198,4.218916741905344,-0.8202509051271143
724499,6.222187621414603,-0.616538622160083
724798,7.173355388588216,-0.5250891752347968
725099,5.231167025808123,-1.0045537908300761
725398,5.01231749216229,-0.9442889843095239
725699,4.816602946044233,-0.7434027195306865
725998,8.819218362970162,-0.8980989517901363
726299,4.451212373926179,-0.6977315692591977
726599,4.599975221699326,-0.7313460710258335
726898,4.318984786558122,-0.7012532371509359
727199,4.18957148966692,-0.6882425769603402
727498,3.8977488704400667,-0.6114549045928224
727799,4.103975868778031,-0.6354841864903609
728098,3.932922361065067,-0.57628397949623
728399,4.312547357308122,-0.6679520309918199
728698,20.28716829020958,-0.3391003877289738
728999,4.163236211926178,-0.5965641824318759
729299,4.298488931231734,-0.5907449839826173
729598,4.617627497937753,-0.5919331487448587
729899,6.256850946132196,-0.8889448155177107
730198,5.048090099592844,-0.5744838311757607
730499,4.806078061129882,-0.5602057127772255
730798,5.1125082800234,-0.5216050729444106
731099,5.117611839060437,-0.5420652352775894
731398,5.344032072477104,-0.5941979407470475
731699,5.729159289011827,-0.5882091847079882
731999,5.7258978725859,-0.5765650921328835
732298,6.049220406727105,-0.5661814732624701
732599,6.262911055213215,-0.5245185625856996
732898,6.060580431636826,-0.5290991023044771
733199,6.07653303898795,-0.4935725765183878
733498,6.371739367527301,-0.5053207600997474
733799,6.359744558307394,-0.5008123213843683
734098,6.376417905312023,-0.46370013739531823
734399,6.348780171541189,-0.46160185392414577
734699,6.692837133221745,-0.4590493857816216
734998,6.712421637231005,-0.4414506398154552
735299,6.959067290068967,-0.439204474063162
735598,7.330002495680079,-0.45836685729531346
735899,7.367755622886826,-0.45852365994477084
736198,7.585607964007199,-0.44954609388987365
736499,8.122701806970161,-0.45703989759788644
736798,8.350747601541919,-0.45751879635437565
737099,8.518376754129882,-0.46053542917668255
737399,8.89492666417155,-0.4788960191424432
737698,9.048062475914605,-0.470406042617854
737999,9.352791930502567,-0.46557652126778115
738298,9.226380348995624,-0.438970330757098
738599,9.074291059699327,-0.4273078153732657
738898,9.044048878891457,-0.43266037930707135
739199,8.96140016951414,-0.4312479598159833
739498,8.743162436245624,-0.4044931728210075
739799,8.704639247076642,-0.40757716892588736
740099,8.686751522423135,-0.40542212802620115
740398,8.836383313029616,-0.4253414051160458
740699,8.829782523557395,-0.4157555648218738
740998,8.723339315603686,-0.42326784141231744
741299,9.135347813640728,-0.4424056387889743
741598,8.953926745851376,-0.4452112617456403
741899,8.605664290580542,-0.4017553962116176
742198,8.826782586226376,-0.3988558675048093
742499,8.530108870652302,-0.39447716108358866
742799,8.694957236765726,-0.3831972467506626
743098,8.719136133772672,-0.41954004623100905
743399,8.714805095374524,-0.38028737528788525
743698,8.377800941235636,-0.34902485881137935
743999,8.461307607106002,-0.3657134466179639
744298,8.46702778237221,-0.36587857590662565
744599,8.742600721360633,-0.40292593037990865
744898,8.794489342487948,-0.4387972622550691
745199,16.449525479110047,-0.6325677716956719
745499,9.644509075272671,-0.5632912769753593
745798,6.2670590120113845,-0.3806611195102483
746099,8.532679351865264,-0.5000864632141819
746398,7.81146728320554,-0.5379319740007926
746699,6.598928710612949,-0.5115857270018309
746998,6.266575964920819,-0.5911736710689275
747299,4.516246806381467,-0.7395489900917915
747598,4.6681935057518364,-0.7262297523651275
747899,4.781816188508782,-0.7397410628792038
748199,4.9125538159810045,-0.7279121471663335
748498,5.030958810497209,-0.7447372940248724
748799,4.939955386846744,-0.7175719763171373
749098,4.822815350372207,-0.7001127786515307
749399,4.769401649552764,-0.6600101261229239
749698,5.630084463754882,-0.7768648354778223
749999,5.478465256448597,-0.7470568556138015
750298,5.5173408473212815,-0.7513688643391785
750599,5.632216893369894,-0.7247105552040825
750899,5.6984884508814675,-0.7224041534469183
751198,6.042749144483319,-0.7241650293822273
751499,6.0913416785898,-0.7097198097562265
751798,6.2587400056569304,-0.6862460878877528
752099,6.285801767564338,-0.6675962303124228
752398,6.061266957143043,-0.6340252781276843
752699,6.102722971217116,-0.6461500496736614
752998,6.045884119298134,-0.5778969712407271
753299,6.115192302925449,-0.5585152635869628
753599,6.863689544280344,-0.7242426676750802
753898,5.355533023078227,-0.5048047236086757
754199,5.365225945110634,-0.5232849215023239
754498,5.607701333233319,-0.5044564706299985
754799,5.74428804314304,-0.5116143205048134
755098,5.446360803038875,-0.7016037468077814
755399,5.116172888568967,-0.6514246012133429
755698,5.097728553013412,-0.5463360318790691
755999,5.110717096964801,-0.5757734703799933
756299,5.1439774392148,-0.5756063701737337
756598,5.192425084434708,-0.5818473120003635
756899,5.33473580534443,-0.6334323502523234
757198,5.327569214578227,-0.6332275239693492
757499,5.158267486332857,-0.560385771347861
757798,5.260386651406931,-0.4965139394585638
758099,5.20922517710369,-0.5000207632681428
758398,5.497334875932393,-0.5279101540389763
758699,29.407245271908657,-0.6887798380489079
758999,34.18971430501976,-0.651875396937593
759298,0.5667467711171966,0.20754206498723504
759599,,
759898,0.6282749590797713,
760199,0.6282749590797713,
760498,0.6282749590797713,
760799,0.6282749590797713,
761098,0.6282749590797713,
761399,0.6282749590797713,
761699,0.6282749590797713,
761998,0.6282749590797713,
762299,0.6282749590797713,
762598,0.6282749590797713,
762899,0.6282749590797713,
763198,0.6282749590797713,
763499,0.6282749590797713,
763798,0.6282749590797713,
764099,0.6282749590797713,
764399,0.6282749590797713,
764698,0.6282749590797713,
764999,0.6282749590797713,
765298,0.6282749590797713,
765599,0.6282749590797713,
765898,0.6282749590797713,
766199,0.6282749590797713,
766498,0.6282749590797713,
766799,0.6282749590797713,
767099,0.6282749590797713,
767398,0.6282749590797713,
767699,0.6282749590797713,
767998,0.6282749590797713,
768299,0.6282749590797713,
768598,0.6282749590797713,
768899,2.2485126577409926,-0.19217833925284133
769198,10.492609524970158,-0.55640267315504
769499,10.559431615769764,-0.7342912574610103
769799,9.50692089143312,-0.5506517325523883
770098,8.726840331595161,-0.6001424747190554
770399,7.8916206274030305,-0.5573765511475659
770698,7.229457743750252,-0.4985840297154742
770999,21.72966209591188,-1.0222023554324196
771298,13.57504408285442,-1.0631757540453362
771599,33.279122913143766,-1.3974318100645644
771898,,
772199,,
772499,,
772798,,
773099,,
773398,,
773699,0.6282749590797713,
773998,,
774299,,
774598,,
774899,,
775199,0.6282749590797713,
775498,0.6282749590797713,
775799,0.6282749590797713,
776098,0.6282749590797713,
776399,0.6282749590797713,
776698,0.6282749590797713,
776999,0.6282749590797713,
777298,0.6282749590797713,
777599,0.6282749590797713,
777899,0.6282749590797713,
778198,0.6282749590797713,
778499,0.6282749590797713,
778798,0.6282749590797713,
779099,0.6282749590797713,
779398,0.6282749590797713,
779699,0.6282749590797713,
779998,0.6282749590797713,
780299,0.6282749590797713,
780599,0.6282749590797713,
780898,0.6282749590797713,
781199,0.6282749590797713,
781498,0.6282749590797713,
781799,0.6282749590797713,
782098,0.6282749590797713,
782399,0.6282749590797713,
782698,0.6282749590797713,
782999,0.6282749590797713,
783299,0.6282749590797713,
783598,0.6282749590797713,
783899,0.6282749590797713,
784198,0.6282749590797713,
784499,0.6282749590797713,
784798,0.6282749590797713,
785099,0.6282749590797713,
785398,0.6282749590797713,
785699,0.6282749590797713,
785999,0.6282749590797713,
786298,0.6282749590797713,
786599,0.6282749590797713,
786898,0.6282749590797713,
787199,0.6282749590797713,
787498,0.6282749590797713,
787799,0.6282749590797713,
788098,0.6282749590797713,
788399,0.6282749590797713,
788699,0.6282749590797713,
788998,0.6282749590797713,
789299,0.6282749590797713,
789598,0.6282749590797713,
789899,0.6282749590797713,
790198,2.825420805783417,-0.6649428180445907
790499,7.017561599023316,-0.8428110494565944
790798,4.9065892613305415,-0.7026416998695815
791099,4.989164765395356,-0.7849559652693472
791399,5.298701759724059,-0.8442504841329368
791698,4.927959958420819,-0.7242419334985137
791999,6.881573510390136,-0.683383053235842
792298,5.872033283224059,-0.7497738100466815
792599,8.156260936075913,-0.5205304722274477
792898,6.238483442558122,-0.7910076000626687
793199,4.571771856967115,-0.7619189090050851
793498,5.909663989413875,-0.8018339213405299
793799,6.347413498476694,-0.8946979461849904
794099,6.7899307426599735,-0.7148607075000746
794398,5.287365243788874,-0.785395589981456
794699,5.258137868737948,-0.781379336452001
794998,5.4840676724601725,-0.7834872994777768
795299,5.76566012621943,-0.7420029025524388
795598,5.213660029592116,-0.759202500599824
795899,5.961226242189339,-0.8084145672815848
796198,5.1287697654092455,-0.7928569090986437
796499,5.3915121984277645,-0.7911936603337033
796799,5.034245382228689,-0.6739616228286331
797098,43.24944052554523,-0.41233247919637095
797399,7.301680911380877,-0.45072154044194157
797698,7.4341982770799495,-0.49528494335269735
797999,7.5628639407952285,-0.37790062600931096
798298,8.74539115254886,-0.41796907996294963
798599,4.640405714846745,-0.7523611861170183
798898,4.887408771446283,-0.8005397730328272
799199,5.061904931066652,-0.7644468174315415
799499,5.203116054774986,-0.7105870577622502
799798,5.304864808538874,-0.6920285439714815
800099,5.905967375467115,-0.8059208835903533
800398,5.271342577881468,-0.5952064563495383
800699,5.786244047031929,-0.5986985900293982
800998,5.8194950553004485,-0.6087276135435022
801299,6.232886200117579,-0.5529025059274266
801598,5.604968599059709,-0.4389603845387995
801899,6.141749340682393,-0.4797942843247902
802199,6.265129780020356,-0.46262179408325
802498,6.454347561800448,-0.5068698832921195
802799,6.459320080117579,-0.7518073930398157
803098,5.729609989809708,-0.8730241945971686
803399,4.844652606691652,-0.733390583486462
803698,5.030345989328225,-0.7415756106300107
803999,4.760030692277301,-0.5913181538410899
804298,4.804956439323596,-0.5252396261209551
804599,5.192407492288876,-0.5801000410296879
804899,5.504827927763412,-0.6167013800194323
805198,5.894173566680078,-0.6421749608265883
805499,6.344526551176178,-0.8184335668921363
805798,16.004445207556884,-0.6171846734350712
806099,100.8991992413832,-0.479018975318227
806398,51.59744162294147,-0.43228811029208214
806699,0.6282749590797713,
806998,0.6261088173544982,-0.15099676470944767
807299,0.6282749590797713,
807599,0.6282749590797713,
807898,0.6282749590797713,
808199,0.6282749590797713,
808498,0.6282749590797713,
808799,0.6282749590797713,
809098,0.6282749590797713,
809399,0.6282749590797713,
809698,0.6282749590797713,
809999,0.6282749590797713,
810299,0.6282749590797713,
810598,0.6282749590797713,
810899,0.6282749590797713,
811198,0.6282749590797713,
811499,0.6282749590797713,
811798,0.6282749590797713,
812099,0.6282749590797713,
812398,0.6282749590797713,
812699,0.6282749590797713,
812999,11.891741389855499,-0.9442896708253821
813298,10.369125690891455,-1.1089599218676947
813599,10.696203004493306,-0.6043415829065124
813898,5.617081998453957,-0.6859698061952508
814199,5.6460989471553455,-0.967842617024065
814498,7.73515484219238,-0.9674477414137934
814799,6.126599346467844,-0.883408246118649
815098,6.284135293993307,-0.8062070879896288
815399,6.098022251194696,-0.800901381278029
815699,10.018856998961896,-0.8909698188819228
815998,7.304595928127565,-1.0148815724061704
816299,6.6764691325234,-0.6645345572721113
816598,7.9459628949516405,-0.9697131688332543
816899,9.41936051418312,-1.018663304477954
817198,8.360732129190067,-1.0433257086230845
817499,7.480179022317382,-0.8637073673388425
817798,7.9695358524771045,-1.087973596975397
818099,6.95789388682664,-0.914312807314148
818399,13.723798589519765,-0.901478233701769
818698,6.645464657296548,-0.6580757279028315
818999,6.723607855993309,-0.7636554411086645
819298,7.830173063070692,-0.7424159991782899
819599,5.990766029646086,-0.65137798843213
819898,7.461347356518772,-0.9121520528864342
820199,9.283653924740994,-0.7283712767911099
820498,9.856843151284975,-0.7128498161531205
820799,7.1237194221252516,-0.7685028809551413
821099,31.243662609856738,-0.6885542496781751
821398,20.869421380637906,-0.723271311953424
821699,37.44345197034847,-0.6091940260852211
821998,6.654536798576642,-0.4851914947233287
822299,6.55484267659979,-0.43647630345598665
822598,7.801289877458586,-0.4461118387134573
822899,8.224969247356736,-0.4420890994352771
823198,13.525851380393773,-0.5402758143083088
823499,14.86300605910781,-0.39291687563364897
823799,30.386564709931804,-0.5632985633831997
824098,31.73835226754754,-0.5187848685198122
824399,21.975056947592844,-0.5784929343845249
824698,19.74409102737294,-0.4993652381192928
824999,18.22726471823636,-0.48119165455848445
825298,20.124955268891455,-0.5502260453383008
825599,21.222479011245625,-0.5395054018836067
825898,57.64017302116096,-0.680975888719987
826199,72.5906925907119,-0.680589504792291
826499,62.572649477491986,-0.6390418629885701
826798,103.03733012092022,-0.6437537769229791
827099,115.72931588601283,-0.46374079290624404
827398,132.01571690703133,-0.5436587094168726
827699,104.77924645666096,-0.5569928093623111
827998,120.07061673443874,-0.5177362929204603
828299,100.14583120876745,-0.6082724468809793
828598,83.02582286152207,-0.5081896251566715
828899,104.72927821920727,-0.6085703984660982
829199,72.99232664583228,-0.5541919929426382
829498,32.0298346841961,-0.5176110118258663
829799,57.69365824919841,-0.6828681872687092
830098,55.987609683510904,-0.5998885209081735
830399,69.31231027857574,-0.49408020297648503
830698,59.6850480073674,-0.52718193460103
830999,63.51035257261508,-0.5662366018274374
831298,71.21767293366833,-0.4679640711490196
831599,54.22693906386045,-0.55015884697089
831899,66.38418917938783,-0.5322968916522866
832198,49.49812762431375,-0.6097464591548398
832499,45.08553179185814,-0.6245188415860661
832798,51.49107338617486,-0.5341680845159522
833099,48.92240408765676,-0.549264552119491
833398,32.37071607698545,-0.4650299905628492
833699,0.6282749590797713,
833998,0.6282749590797713,
834299,0.6282749590797713,
834599,0.6282749590797713,
834898,0.6282749590797713,
835199,0.6282749590797713,
835498,0.6282749590797713,
835799,11.373377758868308,-0.47404210505709043
836098,13.253479826511096,-0.32150051279354996
836399,11.489639691587486,-0.2907710554467693
836698,11.136586560696282,-0.3604193938861129
836999,9.891468691099059,-0.3467859815239751
837299,8.685195801793505,-0.3580464032681119
837598,8.4471379166523,-0.4176468229164052
837899,9.367665063794236,-0.47676150220121305
838198,7.789912610522673,-0.6065309182918839
838499,7.1083256970319315,-0.6331269163857385
838798,7.017313828143042,-0.6478947011978402
839099,7.236100547080541,-0.7015300557266022
839398,7.131172568277299,-0.6895005556470255
839699,7.347236143346747,-0.6948659386858982
839999,7.362810417550449,-0.71536711037103
840298,7.432299925652302,-0.7143482396080223
840599,7.536423222261097,-0.744240821437876
840898,7.809134363038875,-0.754200415967021
841199,7.965532418869894,-0.7276179886134735
841498,7.783247344543505,-0.686026059856579
841799,8.065346282330543,-0.6873966506883609
842098,10.550643725889143,-0.4622139655442046
842399,9.024579074197012,-0.5315308366141471
842699,8.607931830636826,-0.602399821628953
842998,13.595962798289605,-0.46111964216139434
843299,9.707496067893041,-0.6107882549835515
843598,0.6282749590797713,
843899,0.5205408309214442,-0.8457410788371562
844198,0.8731690654121851,-0.2203761008855618
844499,10.554115953163876,-0.5670875271685294
844798,10.681832851254152,-0.5210885216816039
845099,10.828845615015727,-0.5226013665363931
845399,11.055921622212486,-0.4861028250421584
845698,11.944765868307393,-0.5026303411938333
845999,21.294402096034972,-0.4122250011703412
846298,25.656152414041923,-0.2412004104156813
846599,38.54416073935442,-0.23222476802985925
846898,61.968913603341925,-0.2740408445104554
847199,73.05251662820072,-0.2792825223436397
847498,1.6810638058171379,-0.0006990427158768409
847799,0.6282749590797713,
848099,,
848398,,
848699,,
848998,8.572997975016456,-0.33958312113777467
849299,0.6282749590797713,
849598,0.6282749590797713,
849899,0.6282749590797713,
850198,0.6282749590797713,
850499,0.6282749590797713,
850799,0.6282749590797713,
851098,0.6282749590797713,
851399,0.6282749590797713,
851698,0.6282749590797713,
851999,0.6282749590797713,
852298,0.6282749590797713,
852599,0.6282749590797713,
852898,0.6282749590797713,
853199,0.6282749590797713,
853499,0.6282749590797713,
853798,0.6282749590797713,
854099,0.6282749590797713,
854398,0.6282749590797713,
854699,0.6282749590797713,
854998,0.6282749590797713,
855299,0.6282749590797713,
855598,0.6282749590797713,
855899,0.6282749590797713,
856199,0.6282749590797713,
856498,0.6282749590797713,
856799,0.6282749590797713,
857098,0.6282749590797713,
857399,0.6282749590797713,
857698,0.6282749590797713,
857999,0.6282749590797713,
858298,20.996565854053493,-0.6141038051833059
858599,12.02101145644429,-1.0982088890935908
858899,24.9416081537734,-0.811111754258913
859198,21.22457955434053,-0.8186418856239746
859499,,
859798,0.2932872031051138,0.5354839506224731
860099,,
860398,0.28591142969059596,0.3952621361605172
860699,0.34484661336444405,0.5004590588136688
860998,,
861299,,
861599,0.3700888473378684,0.035279405276332554
861898,24.646087397151707,-1.5087799598222928
862199,18.080512320054485,-1.5753046395672516
862498,14.526610800612357,-1.2381155052700215
862799,1.2060099825321238,-0.13952722234325599
863098,0.5586916610299599,-0.15004323158500044
863399,23.18150099387856,-1.1207873431552433
863698,0.6282749590797713,
863999,0.6282749590797713,
864299,,
864598,0.6282749590797713,
864899,0.6282749590797713,
865198,0.6282749590797713,
865499,0.6282749590797713,
865798,0.6282749590797713,
866099,0.6282749590797713,
866398,0.6282749590797713,
866699,0.6282749590797713,
866999,0.6282749590797713,
867298,0.6282749590797713,
867599,0.6282749590797713,
867898,0.6282749590797713,
868199,0.6282749590797713,
868498,0.6282749590797713,
868799,0.6282749590797713,
869098,0.6282749590797713,
869399,0.6282749590797713,
869699,0.6282749590797713,
869998,0.6282749590797713,
870299,0.6282749590797713,
870598,0.6282749590797713,
870899,0.6282749590797713,
871198,0.6282749590797713,
871499,0.6282749590797713,
871798,0.6282749590797713,
872099,0.6282749590797713,
872399,0.6282749590797713,
872698,0.6282749590797713,
872999,0.6282749590797713,
873298,0.6282749590797713,
873599,0.6282749590797713,
873898,0.6282749590797713,
874199,0.6282749590797713,
874498,0.6282749590797713,
874799,0.6282749590797713,
875099,0.6282749590797713,
875398,0.6282749590797713,
875699,0.6282749590797713,
875998,0.6282749590797713,
876299,0.6282749590797713,
876598,0.6282749590797713,
876899,0.6282749590797713,
877198,0.6282749590797713,
877499,0.6282749590797713,
877799,7.187395092096744,-0.7168863355283928
878098,8.919801014069698,-0.808838461951287
878399,8.487174079029618,-0.7613401851968444
878698,8.850990780774985,-0.7866984347497954
878999,8.532728158731004,-0.7351621500155776
879298,8.320658312038875,-0.6529251194716088
879599,8.252135238328226,-0.6843602805924158
879898,8.53144142154582,-0.7244253887022076
880199,7.674837445029935,-0.8688931673349238
880499,6.240204356696283,-0.8054809452990539
880798,6.7628516932842455,-0.8336193975194501
881099,6.135867938768041,-0.770415635029722
881398,6.654537800342116,-0.7944816214705663
881699,7.6732663404462835,-0.7510750534040804
881998,11.29606576676282,-0.5401586448038318
882299,5.761754716865263,-0.7821731726111358
882598,5.80359698515693,-0.7986572160033298
882899,5.928420783932394,-0.751352771548975
883199,5.914397064110634,-0.7345997476707151
883498,6.71883050960864,-0.8266932385250805
883799,9.13486945409276,-0.8020821130587805
884098,10.939405090990993,-0.4834489640813482
884399,6.494324451011097,-0.8279099657835325
884698,9.671878590403029,-0.5853014083801784
884999,8.86653452441156,-0.5355580446558159
885298,8.842359504399987,-0.5265755026662071
885599,8.939175355860224,-0.4762306665563607
885899,8.800474218386096,-0.5259096322936287
886198,8.957263382423134,-0.582454641513608
886499,8.873470982057393,-0.6364069851471108
886798,9.152397478721745,-0.5943495533934202
887099,9.344751447386095,-0.6178456617279886
887398,9.230754050314339,-0.5711861457945997
887699,9.491710843237948,-0.6701617473840744
887998,10.162613876571282,-0.5833748967476577
888299,11.5041883444648,-0.596212321101979
888599,14.039934716510507,-0.4956644265682171
888898,8.810399053129153,-0.7588473269873004
889199,8.246393031270356,-0.724180723851247
889498,9.169408693078227,-0.5468474098633473
889799,9.39094639609906,-0.5263771744839565
890098,9.76063953426804,-0.5847191737975703
890399,10.081656847170818,-0.5170508156279465
890698,10.529058982852103,-0.5718601648443431
890999,11.585509360933123,-0.7002378854640263
891299,11.1798016142734,-0.623042993181417
891598,9.93143942619701,-0.5214085410200053
891899,13.311177074048864,-0.6261841741270051
892198,10.818397100771087,-0.9075459290783046
892499,11.810355377284973,-0.9256497382245807
892798,12.067476360935439,-0.872910205034015
893099,13.590670908952637,-0.8387327907280469
893398,12.048790386904109,-0.8210320995466747
893699,10.599017503578956,-0.8518326077291427
893999,12.810138385823008,-0.8184873027788895
894298,12.412555379084665,-0.7631159912479233
894599,9.963529246694698,-0.753504758368511
894898,9.787004621491988,-0.7215397141577067
895199,9.419369285275307,-0.7545091066944645
895498,10.35598878728266,-0.7598655729843085
895799,11.678825515801178,-0.729222736721419
896098,11.823444070898317,-0.7499546749836499
896399,12.790933803467844,-0.80955297208118
896699,13.054627929707353,-0.6435977009738305
896998,10.94425996411831,-0.8140076638806557
897299,15.454695199917914,-0.8315947181385355
897598,13.914040121364673,-0.7912119298835489
897899,15.933054924075732,-0.7032604688171231
898198,16.220912020059117,-0.7325881865591732
898499,13.374982548349788,-0.6760681201343084
898798,44.4225363496957,-0.4929641466585013
899099,57.72163043055679,-0.6133941672359324
899399,37.55314078992487,-0.5026977322184196
899698,,
899999,0.6282749590797713,
900298,0.6282749590797713,
900599,0.6282749590797713,
900898,0.6282749590797713,
901199,0.6282749590797713,
901498,0.6282749590797713,
901799,0.6282749590797713,
902099,0.6282749590797713,
902398,3.808153611818967,-0.5891676187751149
902699,12.951612547052173,-0.8101470779159379
902998,21.587840244723466,-0.8190091110240529
903299,26.084259547991987,-0.9762086976637998
903598,12.173137376590532,-0.7664823236336249
903899,11.668982795588215,-0.9417084778040921
904198,9.910229723865994,-0.9432182467718222
904499,9.862145554115994,-0.8796915059616559
904799,10.356178153775716,-0.8189484897768322
905098,7.717953190271086,-1.0833583597811223
905399,11.675047523342844,-0.847337072458308
905698,12.003918267252567,-0.8762185298226606
905999,9.15947285897479,-1.027698508040158
906298,10.762567694451642,-1.0094900014265056
906599,10.052722282217845,-1.0938570707488933
906898,13.533257385268772,-0.80126381604535
907199,12.797896441484047,-0.9704813436064665
907499,11.453562815104418,-0.9427598435661522
907798,14.76579913444007,-1.0008293305919262
908099,13.164657939713216,-0.9896362257837479
908398,22.716823199904432,-0.7528800902957016
908699,40.94693799714476,-0.7387619672604291
908998,13.885740008155345,-0.6896014560361814
909299,8.871329983775716,-1.0779184933545176
909598,10.019958186122938,-0.9862138064819168
909899,24.49678161761013,-0.45964836782477625
910199,6.720594809198007,-0.7810050627356797
910498,12.504774249595162,-0.7617619322968883
910799,8.218002034352104,-0.9849735521346479
911098,13.63601987091229,-1.031814138723337
911399,23.6397527209156,-1.0092928384096784
911698,30.244613556656343,-1.3170327290025647
911999,7.693181261953956,-0.7120403594757752
912298,7.826633057766456,-0.6818417645031059
912599,8.007996079720161,-0.6171598564277185
912899,8.538930631817381,-0.5284496125701654
913198,9.731157657154615,-0.4638601722951152
913499,10.650840761668505,-0.4255248094799906
913798,9.950667144149985,-0.4584026880786529
914099,8.923972248942384,-0.3414912691762295
914398,8.908822412575912,-0.29721955871029415
914699,9.663193504509511,-0.30786561784482047
914998,10.935388650270358,-0.30942034297597565
915299,11.118051236075912,-0.30386990210744536
915599,11.563432742409246,-0.2952748508396337
915898,12.161227216443967,-0.3082000707093129
916199,12.982927885481732,-0.306337821371782
916498,10.95995811757664,-0.25309835149551696
916799,11.588800806897671,-0.2940550901017016
917098,12.195008608699327,-0.29349431172805573
917399,12.458092232066651,-0.2917156130475964
917698,13.09181110312294,-0.2924158421485932
917999,13.223001843097473,-0.283638530490119
918299,13.958150875048863,-0.29160318284136744
918598,16.505344232752567,-0.2547223951437898
918899,16.53267945033127,-0.2572963346529049
919198,18.774615170008786,-0.6426361501230842
919499,15.189376431559705,-0.4454211293940773
919798,17.04931143624331,-0.5405162619609012
920099,17.112918454824324,-0.5216022272825513
920398,18.028762980324323,-0.4652639301874155
920699,18.309883726822008,-0.3945765629978204
920999,23.271532868977104,-0.5341407272275243
921298,21.341431275856735,-0.6124902168056465
921599,20.690092992072017,-0.4633301811621693
921898,23.666943988372935,-0.5493895972790017
922199,0.5227507749167055,0.3363828600160793
922498,14.627218411562751,-0.5174505460027063
922799,3.6244394681175782,-0.3316339417877545
923098,1.2269747949657757,-0.04546158823174373
923399,0.6282749590797713,
923699,0.6282749590797713,
923998,0.6282749590797713,
924299,0.6282749590797713,
924598,0.6282749590797713,
924899,0.6282749590797713,
925198,,
925499,0.6282749590797713,
925798,,
926099,50.51148373523041,-0.24937107811779002
926399,57.46015196108268,-0.19859477785582746
926698,4.7969485059208194,-0.5467916151147374
926999,5.658532199085171,-0.4856328946649555
927298,6.282623554703226,-0.5702801979795606
927599,5.983851588001838,-0.502383645518347
927898,6.518263721444697,-0.7057787306589267
928199,6.329558636390727,-0.5924424381690854
928498,6.6536165713837825,-0.7123814347362065
928799,6.513716989677763,-0.7475739440754847
929099,6.603363038029617,-0.7997281060510961
929398,6.8026454853235965,-0.7742027711413628
929699,6.903498347344431,-0.774006952423048
929998,19.923349666487354,-0.334965920402015
930299,6.784668564582857,-0.8189420273197834
930598,7.242324926971744,-0.8383383967717246
930899,7.357029591254153,-0.8048042453127009
931198,7.995364607717115,-0.8350996549240315
931499,8.045998769994895,-0.8624311891903875
931799,9.123676857048133,-0.8470783216192053
932098,8.529822629288876,-0.8726899027838977
932399,8.246775546029616,-0.848849691545756
932698,7.898680906633784,-0.8440947119642572
932999,8.130370960913876,-0.8792348856319709
933298,8.703478616529615,-0.838021450656435
933599,8.50096814003193,-0.8565643470899931
933898,8.540123473092116,-0.8209122105065774
934199,8.618316582617577,-0.773889148559922
934499,8.853268204557395,-0.702964214975186
934798,9.28246244684443,-0.7058480657032247
935099,9.965594468161562,-0.675383542430172
935398,10.136536285372209,-0.6453696329714977
935699,10.451666252899987,-0.5868116666274052
935998,11.201190211274984,-0.5829569611976875
936299,11.799346479580542,-0.6087854317418917
936598,12.433989422912289,-0.5792464570209217
936899,13.54246323585442,-0.6093776075158248
937199,14.070855938254883,-0.6185514436993955
937498,29.6969434480406,-0.586606818019161
937799,13.199506386678493,-0.7779109966321498
938098,32.089280487056804,-0.387951914934652
938399,39.57865029829563,-0.47748117110092614
938698,46.621688890800264,-0.5481759972961722
938999,36.5800672244933,-0.5209038712932199
939298,0.6282749590797713,
939599,0.6282749590797713,
939899,0.6282749590797713,
940198,0.6282749590797713,
940499,0.6282749590797713,
940798,0.6282749590797713,
941099,0.6282749590797713,
941398,0.6282749590797713,
941699,0.6282749590797713,
941998,0.6282749590797713,
942299,0.6282749590797713,
942599,0.6282749590797713,
942898,0.6282749590797713,
943199,0.6282749590797713,
943498,0.6282749590797713,
943799,0.6282749590797713,
944098,0.6282749590797713,
944399,0.6282749590797713,
944698,0.6282749590797713,
944999,0.6282749590797713,
945299,0.6282749590797713,
945598,0.6282749590797713,
945899,7.854201628486363,-1.0259171130834495
946198,7.6554821718632695,-0.9059783571129785
946499,6.16330272607664,-0.7052132066203272
946798,5.9020881378382155,-0.6723039626491853
947099,7.414579169794148,-0.8074515191507237
947398,7.881316671039195,-0.8858074175844044
947699,5.9997515711530305,-0.5522728147115847
947999,6.587814942227105,-0.6708701428720387
948298,13.742214853810436,-0.9605152424507077
948599,25.767336096801174,-0.7786626963358168
948898,27.516890574527118,-0.7593344537943374
949199,19.98934950784624,-0.8680116301970104
949498,12.622470661180808,-0.8277887989539603
949799,0.9856668423829539,-0.037797990399104586
950098,11.44972045925819,-0.955554648869428
950399,0.6282749590797713,
950699,0.6282749590797713,
950998,16.680881728105497,-1.1674277006506917
951299,8.330682927823595,-0.6376411492059579
951598,7.586221145585816,-0.8275478161062646
951899,13.069334239457675,-0.3860893401099925
952198,9.971190732189157,-0.4204692344144416
952499,1.71199426884516,-0.10494038861285437
952798,5.250124428670313,-0.5356943574666866
953099,0.7380305772500831,0.13782296973183894
953399,0.6282749590797713,
953698,0.6282749590797713,
953999,0.6282749590797713,
954298,0.6282749590797713,
954599,0.6282749590797713,
954898,0.6282749590797713,
955199,0.6282749590797713,
955498,0.6282749590797713,
955799,0.6282749590797713,
956099,0.6282749590797713,
956398,0.6282749590797713,
956699,0.6282749590797713,
956998,0.6282749590797713,
957299,0.6282749590797713,
957598,0.6282749590797713,
957899,0.6282749590797713,
958198,0.6282749590797713,
958499,0.6282749590797713,
958799,0.6282749590797713,
959098,0.6282749590797713,
959399,0.6282749590797713,
959698,0.6282749590797713,
959999,0.6282749590797713,
960298,0.6282749590797713,
960599,0.6282749590797713,
960898,0.6282749590797713,
961199,0.6282749590797713,
961499,0.6282749590797713,
961798,0.6282749590797713,
962099,0.6282749590797713,
962398,0.6282749590797713,
962699,0.6282749590797713,
962998,0.6282749590797713,
963299,0.6282749590797713,
963598,0.6282749590797713,
963899,0.6282749590797713,
964199,0.6282749590797713,
964498,0.6282749590797713,
964799,0.6282749590797713,
965098,0.6282749590797713,
965399,13.761938748728097,-0.49826070802482536
965698,21.139371438049857,-0.6482697156389778
965999,6.079723537559708,-0.4457853739479489
966298,7.004361129571282,-0.4756548947325061
966599,6.450256212149987,-0.4090496066181526
966899,7.5156784859740595,-0.5856267111391771
967198,7.952032688879153,-0.5927471470805263
967499,7.891190892967117,-0.5256355482020292
967798,7.981459718659246,-0.5582447000939306
968099,7.9794159534069315,-0.46273938257923275
968398,7.545098870876838,-0.4438425374578834
968699,7.355741852342114,-0.44172587490087656
968998,7.654676812710169,-0.40700956824979606
969299,7.626261552700912,-0.39720271972690235
969599,9.5717537203335,-0.7837279825169841
969898,6.549951373943967,-0.44940943358675023
970199,7.611056700147669,-0.6426001355594577
970498,7.153610222717114,-0.5276118692353755
970799,6.302349550828226,-0.43910081984565186
971098,7.039278066381467,-0.49515311853070787
971399,7.009986916339802,-0.47963933458495456
971698,6.5785435290087815,-0.4436258886519553
971999,6.858789635612949,-0.690911445831925
972299,6.743102990835172,-0.42443881162415265
972598,6.989336016346746,-0.45963168519054975
972899,6.62086421848332,-0.45154033640763624
973198,6.900992580518042,-0.436940363952246
973499,7.124002499381468,-0.4278128390023672
973798,7.529456580101377,-0.5370090455183558
974099,7.585504399066655,-0.4613506588891807
974398,7.354246305680808,-0.7880535973888239
974699,6.098852399487949,-0.7241025343933909
974999,8.08281900225679,-0.9083725879305526
975298,7.162852993985633,-0.7226516434535992
975599,7.342777329536558,-0.7542863544110181
975898,7.599721102263412,-0.7591617873276246
976199,8.005936016008782,-0.795925159284443
976498,8.232347424316652,-0.7584186868926628
976799,7.876172894089802,-0.7446855047915553
977098,8.104236508529615,-0.6864274015896832
977399,8.121810277214802,-0.6726872806945481
977699,13.615942874226192,-0.7494066695690969
977998,26.914531539423866,-0.3487997460289911
978299,19.31740130247016,-0.4767559691555743
978598,73.00845459187393,-0.3470679639303671
978899,27.623808563202722,-0.44039800570417587
979198,9.375089939828225,-0.6682502908809691
979499,8.412362364494895,-0.7295834231100016
979798,8.72234822134979,-0.7136782622707685
980099,9.241401853641458,-0.7317099697377059
980399,9.50395770449331,-0.7413792046251813
980698,10.048014887359049,-0.7456422167968748
980999,10.696091482014143,-0.7534982744745884
981298,11.058494474615996,-0.7350159338787137
981599,11.683100200449326,-0.7339370641728047
981898,12.364750693891455,-0.7130248017871901
982199,12.041513847676178,-0.6934861871030633
982498,11.94734914651877,-0.6847574873280726
982799,12.055492788347474,-0.6569780255200612
983099,24.3098085497906,-0.5222145850723223
983398,10.712189653843923,-0.6865305883191435
983699,10.270098397812752,-0.7222925672337235
983998,11.186626195380963,-0.755927672609324
984299,11.809535690092845,-0.6656144551544056
984598,12.90833179824794,-0.6369263237400014
984899,13.191529096331271,-0.6101589675727432
985198,14.032185786940069,-0.5926183597670007
985499,14.78627185419007,-0.5500544995002943
985799,15.311160842752571,-0.6002823987330295
986098,16.01258192799331,-0.6030938549208356
986399,17.182844377097474,-0.5856030455119963
986698,19.688856061500257,-0.6299044263196754
986999,20.89453350500257,-0.5811052108326724
987298,19.6255397958359,-0.5668302812622958
987599,18.76179813451414,-0.47688775938740613
987898,29.875929609061433,-0.63163726233414
988199,40.21310574939245,-0.6888328409469628
988499,40.849224983119306,-0.7181873086537094
988798,30.249553543466522,-0.7427207734344523
989099,0.8689019696321607,-0.10674012451894566
989398,0.6282749590797713,
989699,0.6282749590797713,
989998,0.6282749590797713,
990299,0.6282749590797713,
990598,0.6282749590797713,
990899,0.6282749590797713,
991199,0.6282749590797713,
991498,0.6282749590797713,
991799,0.6282749590797713,
992098,0.6282749590797713,
992399,0.6282749590797713,
992698,20.260361664100788,-1.2244698058121966
992999,18.09274033465402,-1.1198605903795125
993298,12.585854966602104,-0.7640333390544747
993599,23.403039895078958,-0.8874947410512561
993899,13.204109675900716,-0.8504316864179775
994198,13.730831613497939,-0.7938232343162952
994499,18.443966089472475,-0.960359779187546
994798,15.174008245528029,-0.817532863255106
995099,13.574393326768769,-0.9029189507400046
995398,12.74570834845627,-0.7507110851066554
995699,15.49556848249331,-0.8806881503185289
995998,12.270192915648401,-0.8699379995613137
996299,11.240907646940066,-0.8425102785225633
996599,11.162717355977106,-0.938819747289481
996898,10.338759474194697,-0.7739267804667811
997199,8.021755517041917,-0.7825645346273455
997498,12.397352596328957,-0.7797601877110307
997799,17.423443471442383,-1.0079147164660744
998098,17.438745173947012,-1.0026914121771533
998399,15.399653030747938,-0.7717103104508147
998698,19.671869549947008,-0.8763565917441134
998999,30.366019580765137,-1.2430607589242104
999299,4.929832454151711,-0.9018168222958711
999598,13.348894533016455,-0.7638668022315533
999899,34.097804508441065,-0.746293478534171
1000198,20.321344232443376,-0.9901278323221028
1000499,27.305582743716528,-0.9849960410722214
1000798,13.025128359776794,-0.5626573632410015
1001099,24.786929756596155,-0.7880128398769284
1001398,21.21526039710442,-0.701192614175552
1001699,27.703701211626242,-0.6542152690607028
1001999,36.502448726883195,-0.8365807768032247
1002298,3.8622836145500545,-0.507866733643696
1002599,20.464643703040597,-0.8246468959690743
1002898,4.275997239762821,-0.54112416125108
1003199,2.526303289978295,-0.44385689736108436
1003498,,
1003799,16.522703487922545,-0.6412749820385244
1004098,25.536506650225782,-0.6861330296011754
1004399,,
1004699,0.6282749590797713,
1004998,0.6282749590797713,
1005299,30.208167682172952,-0.8011261490555532
1005598,31.783246897980828,-0.6028977516171736
1005899,23.445080907842847,-0.6639743190332321
1006198,18.718024956217846,-0.4456086487063351
1006499,20.424124641331268,-0.4862920381303355
1006798,19.253020507261827,-0.5029953746798554
1007099,21.222292089467842,-0.4676877096108705
1007399,20.78652859820627,-0.42608019186224855
1007698,61.79583753154523,-0.41226002614671065
1007999,23.634776509869305,-0.5729236927886792
1008298,48.22554260945958,-0.5233897105054248
1008599,18.381684103264142,-0.3947261748338735
1008898,18.576553121705036,-0.5471646933006744
1009199,33.406560043269764,-0.48820951303230387
1009498,32.57667247897116,-0.535250355347668
1009799,56.81673885017949,-0.5048353383912658
1010099,38.80596722379059,-0.5666489574826152
1010398,6.756311895086895,-0.44897253003570947
1010699,0.6282749590797713,
1010998,,
1011299,0.6282749590797713,
1011598,0.6282749590797713,
1011899,,
1012198,,
1012499,,
1012799,,
1013098,0.6282749590797713,
1013399,0.6282749590797713,
1013698,0.6282749590797713,
1013999,0.6282749590797713,
1014298,0.6282749590797713,
1014599,0.6282749590797713,
1014898,0.6282749590797713,
1015199,0.6282749590797713,
1015499,0.6282749590797713,
1015798,0.6282749590797713,
1016099,0.6282749590797713,
1016398,0.6282749590797713,
1016699,0.6282749590797713,
1016998,0.6282749590797713,
1017299,0.6282749590797713,
1017598,0.6282749590797713,
1017899,0.6282749590797713,
1018199,0.6282749590797713,
1018498,0.6282749590797713,
1018799,0.6282749590797713,
1019098,0.6282749590797713,
1019399,5.546588632713214,-0.39702251018396106
1019698,,
1019999,7.836031246430078,-0.592239099753473
1020298,8.056122330404612,-0.551572986041948
1020599,8.02399979784443,-0.5467492620377921
1020899,8.31105459255045,-0.5812135733380808
1021198,9.00214643242082,-0.6712243488564309
1021499,8.134269793383783,-0.6093244222124778
1021798,8.690529460774986,-0.6965695764081501
1022099,8.824737519809709,-0.6055281568611774
1022398,9.132627537774987,-0.6687053521088289
1022699,9.510599287177763,-0.7039759043916181
1022998,9.96052143551804,-0.7148194181711629
1023299,10.35106042398795,-0.7249461846148231
1023599,10.519425437365994,-0.7370526869877017
1023898,11.565007999796139,-0.8176687410689731
1024199,12.1669340903359,-0.8051286343529389
1024498,11.77260991527803,-0.7078411025726146
1024799,11.871535860016456,-0.7642390061055404
1025098,12.292957002548862,-0.7565651602290966
1025399,12.315826422016455,-0.7235062156120584
1025698,21.569549177360045,-0.8072040953783384
1025999,18.60531747095272,-0.7090342866981907
1026299,15.561463214312754,-0.7432955970835984
1026598,17.724924482986363,-0.72204186045058
1026899,19.667706693146087,-0.801550441954177
1027198,28.468012959323417,-0.393729254759688
1027499,34.778775737191054,-0.36737654164700806
1027798,46.91554665636699,-0.32259596976026517
1028099,29.452110382774396,-0.47481711167129803
1028398,37.35078338532995,-0.4125240765991285
1028699,20.879969708084666,-0.5151136591396324
1028999,26.262838332990082,-0.4778767346604982
1029298,26.754019171025718,-0.4975932108805703
1029599,79.63635236346653,-0.6537709733256676
1029898,10.998346804230415,-0.5708006090722344
1030199,11.133707020494388,-0.5663280048057544
1030498,41.35554681322851,-0.6104982308909657
1030799,62.966298966276796,-0.9622698804716436
1031098,0.6282749590797713,
1031399,0.6282749590797713,
1031699,0.6282749590797713,
1031998,0.6282749590797713,
1032299,0.6282749590797713,
1032598,0.6282749590797713,
1032899,0.6282749590797713,
1033198,0.6282749590797713,
1033499,0.6282749590797713,
1033798,0.6282749590797713,
1034099,0.6282749590797713,
1034399,0.6282749590797713,
1034698,0.6282749590797713,
1034999,0.9968807933956015,0.03381198111301653
1035298,28.771680734346237,-0.6873093171618041
1035599,21.37409869233086,-0.7430793294157121
1035898,10.850148745356734,-0.8955340621213737
1036199,11.296254105854421,-0.7246424286722297
1036498,9.389417859227104,-0.6703597064426419
1036799,9.016812166400712,-0.8040376735278225
1037099,9.348156407615994,-0.9011328178019582
1037398,8.743112508021085,-0.8264654522639772
1037699,9.610927867717844,-0.7770867717898511
1037998,10.473476419641454,-0.8702797157016127
1038299,9.616984941544235,-0.7035858245820066
1038598,11.686764842278029,-0.8085365408786844
1038899,19.66545225016923,-0.950269456153308
1039198,13.69848368938451,-0.8106439120220774
1039499,32.52122445793454,-1.1506758200813678
1039799,41.124605785372935,-1.0477119180502492
1040098,20.341717024769764,-0.794964004911811
1040399,33.48974187705912,-0.9336617601551749
1040698,14.99127864864708,-0.6955252862695471
1040999,15.906542263930808,-0.825517483269095
1041298,21.451294824984053,-0.558207416712224
1041599,10.785113389463216,-0.6007642358001624
1041898,29.560517904096564,-0.9885969541934487
1042199,13.407181081315066,-0.6455490643860451
1042499,26.246149000347472,-0.838185968715673
1042798,12.222619405861362,-0.5487679376825798
1043099,21.89807147778829,-0.6231147675439184
1043398,11.232413488217846,-0.5237291581097268
1043699,10.780479197352102,-0.4613995615506512
1043998,11.145883192703955,-0.47465346748793547
1044299,12.728042114419233,-0.4479152067907628
1044598,12.44659307673405,-0.5093914042545236
1044899,21.900276638857733,-0.7915789661837807
1045199,14.922354168368308,-0.474807762743916
1045498,15.68777486606738,-0.4432513308898498
1045799,15.743272759865995,-0.40135642638105207
1046098,15.5336604561484,-0.38388269892669724
1046399,16.051832960664605,-0.399681518635036
1046698,16.271384583426176,-0.38774420528053266
1046999,16.961388916185438,-0.37961975137578596
1047298,17.45047255186368,-0.36048202069004964
1047599,17.53231811057201,-0.3463019661444886
1047899,18.17256624743775,-0.35062396452051514
1048198,17.833183874322014,-0.36286479855313614
1048499,18.345242895416916,-0.35630541308231845
1048798,18.463579418659975,-0.3778006528564153
1049099,19.00311502844701,-0.36847219196652325
1049398,18.242444859984047,-0.36845367011043306
1049699,18.054849449944697,-0.3681927502756106
1049998,17.46061933855118,-0.3515373831316144
1050299,18.581392516750256,-0.359477166220991
1050599,18.093808888275717,-0.36263945043503854
1050898,18.614557315592847,-0.3583167266196874
1051199,19.308738392981738,-0.3576358821694725
1051498,19.45101804427803,-0.3340256339657719
1051799,19.217273119421552,-0.3536420533085163
1052098,19.843145587444695,-0.39647881350802683
1052399,20.34105886228266,-0.40118522050123717
1052698,19.657013913627566,-0.38477734824679666
1052999,19.84710388934053,-0.39287443873892003
1053299,23.191714377655344,-0.46910815690583507
1053598,18.958424165132197,-0.42736502397380405
1053899,13.270389658854418,-0.4965456484327011
1054198,15.994610270592846,-0.47364753638158663
1054499,16.245975320567382,-0.44676595040881395
1054798,15.472511737896086,-0.4243042799217671
1055099,16.37289407727803,-0.43937946307333675
1055398,13.828944188697012,-0.4525270678928388
1055699,16.604811550558125,-0.5173217004615918
1055999,15.76826576393775,-0.46581636094253787
1056298,15.755729689544232,-0.4559421180056076
1056599,15.118305353273403,-0.4058681811024547
1056898,14.367310704926176,-0.3945173689534729
1057199,12.576494491993309,-0.5296153396203263
1057498,13.346419022316653,-0.5352105138659191
1057799,14.123382493923863,-0.6052949011534541
1058098,13.126035111779617,-0.4406281165414083
1058399,12.00950651799952,-0.4478725960013148
1058699,9.808099024360637,-0.5060751451216634
1058998,10.179772339270356,-0.4179736270498371
1059299,8.797251343636416,-0.5058166564985034
1059598,9.553335566235635,-0.38275305861043485
1059899,9.83862038668008,-0.38248392949470733
1060198,10.429170083289604,-0.6904186748058068
1060499,9.394717205008781,-0.3936623203221137
1060798,9.99463645698332,-0.41643906858854085
1061099,7.512977326645357,-0.4312097635392875
1061399,10.999970042240264,-0.5420665194637866
1061698,10.294277003744895,-0.6313286747532538
1061999,9.881894538288465,-0.5039153309252007
1062298,9.70470063710369,-0.5696458884813627
1062599,10.237832578930806,-0.7422601153716895
1062898,10.283908102017453,-0.8379012676884967
1063199,10.589521316389142,-0.8295069823195045
1063498,11.001436694200406,-0.832325030577225
1063799,9.08343051016619,-0.5804642520388421
1064099,10.182010119159244,-0.6814552931788054
1064398,9.81336931518934,-0.5794032401063669
1064699,9.709080667562024,-0.5476329123700556
1064998,9.774353039446282,-0.6247194707544539
1065299,9.127757101700913,-0.5408545737891444
1065598,9.596872868779615,-0.5142784698910727
1065899,9.997435081791188,-0.44579601174524974
1066198,11.976571792633782,-0.48611945734146533
1066499,12.266981435588214,-0.5714085645233533
1066799,21.69572860633235,-0.5283792457179717
1067098,11.348993483132197,-0.5187389966267846
1067399,12.090902442822012,-0.5429376125832783
1067698,12.019384862676178,-0.5318016424352645
1067999,13.109369208791922,-0.48439565503973636
1068298,12.418832339217845,-0.4930714866042023
1068599,12.677848877354418,-0.48742973808148937
1068898,17.449881547400718,-0.4050273444314685
1069199,13.759313231363679,-0.505186937409376
1069499,21.231652237930806,-0.3499552092877185
1069798,16.42848964319701,-0.4329737977806387
1070099,17.656882418643768,-0.46576118943245803
1070398,20.226227343171544,-0.3904666585957304
1070699,17.29637314600025,-0.4782659166279175
1070998,20.0929250653984,-0.44569854222064764
1071299,19.22861522921553,-0.47473893624747276
1071598,26.947473370927582,-0.4227576023492723
1071899,19.61303622650489,-0.48182473865555187
1072199,135.753140277904,-0.24974302461157882
1072498,96.07731830945303,-0.21420625503695612
1072799,55.50786548743684,-0.3470061744401136
1073098,72.37458430786005,-0.32557675717815515
1073399,94.0645673240267,-0.2234577456921807
1073698,33.575897044031414,-0.26960303273608766
1073999,42.22406274925165,-0.24455350631590278
1074298,72.15239147717021,-0.2592621924602738
1074599,50.958230758114674,-0.24803119191239098
1074899,35.09444692157069,-0.25047666048630157
1075198,0.6282749590797713,
1075499,0.6282749590797713,
1075798,,
1076099,,
1076398,,
1076699,,
1076998,,
1077299,0.6282749590797713,
1077599,0.6282749590797713,
1077898,0.6282749590797713,
1078199,0.6282749590797713,
1078498,0.6282749590797713,
1078799,0.6282749590797713,
1079098,0.6282749590797713,
1079399,0.6282749590797713,
1079698,0.6282749590797713,
1079999,0.6282749590797713,
1080299,0.6282749590797713,
1080598,0.6282749590797713,
1080899,0.6282749590797713,
1081198,0.6282749590797713,
1081499,0.6282749590797713,
1081798,0.6282749590797713,
1082099,0.6282749590797713,
1082398,0.6282749590797713,
1082699,0.6282749590797713,
1082999,0.6282749590797713,
1083298,0.6282749590797713,
1083599,0.6282749590797713,
1083898,0.6282749590797713,
1084199,38.28314162963319,-0.98669172587338
1084498,22.109654054288693,-0.8845936495447049
1084799,34.05979301327671,-0.9700759416558071
1085098,24.466152451619386,-0.90836795815818
1085399,17.396917503509513,-1.197204649372647
1085699,18.746969109273397,-1.1598772801708725
1085998,22.130340145872943,-0.8601550156381299
1086299,17.437448366516456,-1.049208452751977
1086598,16.467101835796548,-0.8753025673359622
1086899,18.212662412340528,-1.0008454427290459
1087198,21.72820517766229,-0.9637692545315721
1087499,16.58193768356606,-1.0781588673861235
1087798,20.083231517352104,-0.9323348792345163
1088099,18.45039528922247,-0.9491399977308537
1088399,20.641765148127565,-1.0881919789546393
1088698,22.378436590307214,-1.157932873984043
1088999,24.35518205499439,-1.0149626747233014
1089298,19.200380369034065,-1.1278017851420512
1089599,14.75473754203374,-1.1265932186116827
1089898,20.629031364538367,-0.9211150907327645
1090199,,
1090498,,
1090799,21.181742220938748,-0.7984400702089773
1091099,0.6282749590797713,
1091398,4.246962535424858,-0.6974173878046219
1091699,,
1091998,0.6282749590797713,
1092299,0.6282749590797713,
1092598,0.6282749590797713,
1092899,0.6282749590797713,
1093198,0.6282749590797713,
1093499,0.6282749590797713,
1093799,0.6282749590797713,
1094098,0.6282749590797713,
1094399,0.6282749590797713,
1094698,0.6282749590797713,
1094999,0.6282749590797713,
1095298,0.6282749590797713,
1095599,0.6282749590797713,
1095898,0.6282749590797713,
1096199,0.6282749590797713,
1096499,0.6282749590797713,
1096798,0.6282749590797713,
1097099,0.6282749590797713,
1097398,0.6282749590797713,
1097699,0.6282749590797713,
1097998,0.6282749590797713,
1098299,0.6282749590797713,
1098598,0.6282749590797713,
1098899,0.6282749590797713,
1099199,0.6282749590797713,
1099498,0.6282749590797713,
1099799,0.6282749590797713,
1100098,0.6282749590797713,
1100399,0.6282749590797713,
1100698,0.6282749590797713,
1100999,0.6282749590797713,
1101298,0.6282749590797713,
1101599,0.6282749590797713,
1101899,0.6282749590797713,
1102198,0.6282749590797713,
1102499,0.6282749590797713,
1102798,0.6282749590797713,
1103099,0.6282749590797713,
1103398,0.6282749590797713,
1103699,0.6282749590797713,
1103998,0.6282749590797713,
1104299,0.6282749590797713,
1104599,0.6282749590797713,
1104898,0.6282749590797713,
1105199,0.6282749590797713,
1105498,0.6282749590797713,
1105799,0.6282749590797713,
1106098,0.6282749590797713,
1106399,0.6282749590797713,
1106698,0.6282749590797713,
1106999,0.6282749590797713,
1107299,0.6282749590797713,
1107598,0.6282749590797713,
1107899,0.6282749590797713,
1108198,0.6282749590797713,
1108499,0.6282749590797713,
1108798,0.6282749590797713,
1109099,0.6282749590797713,
1109398,0.6282749590797713,
1109699,0.6282749590797713,
1109999,0.6282749590797713,
1110298,0.6282749590797713,
1110599,0.6282749590797713,
1110898,0.6282749590797713,
1111199,0.6282749590797713,
1111498,0.6282749590797713,
1111799,0.6282749590797713,
1112098,0.6282749590797713,
1112399,0.6282749590797713,
1112699,0.6282749590797713,
1112998,21.853149204710903,-0.6710122482643155
1113299,20.516933749493305,-0.6647165938023951
1113598,19.235612475875257,-0.6532896840236067
1113899,32.21624363530681,-0.9001976460636547
1114198,21.872310588150714,-0.6375903048564104
1114499,21.906196259486364,-0.6303194488397768
1114798,30.969131478031425,-0.6410106220194285
1115099,57.34324844250588,-0.6222436703402121
1115399,80.49960651793643,-0.5327548953262755
1115698,1.0203842368063327,0.01910774503547974
1115999,7.405140278628561,-0.2734380763576798
1116298,17.620629942431805,-0.3474328258330659
1116599,12.970973613628558,-0.43472786173894074
1116898,0.6282749590797713,
1117199,0.6282749590797713,
1117498,,
1117799,,
1118099,,
1118398,,
1118699,,
1118998,,
1119299,,
1119598,,
1119899,,
1120198,,
1120499,,
1120799,0.6282749590797713,
1121098,0.6282749590797713,
1121399,0.6282749590797713,
1121698,0.6282749590797713,
1121999,0.6282749590797713,
1122298,0.6282749590797713,
1122599,0.6282749590797713,
1122898,0.6282749590797713,
1123199,0.6282749590797713,
1123499,0.6282749590797713,
1123798,0.6282749590797713,
1124099,0.6282749590797713,
1124398,0.6282749590797713,
1124699,,
1124998,32.07243397992031,-0.7664959916595286
1125299,56.69101420074902,-0.9149874412537276
1125598,28.375686431398396,-0.9083711589540922
1125899,29.64836854196322,-0.9521351294793066
1126199,22.2979698170697,-0.8028518720382969
1126498,13.710106253988677,-0.7718788066673039
1126799,21.704210095124015,-1.1184580640297148
1127098,9.871478706724789,-0.5794153629350116
1127399,10.139506969692384,-0.5497732031940936
1127698,14.08965147076745,-0.8239013698785793
1127999,18.736071649633192,-0.7146018814774722
1128298,11.135622892380875,-0.8405477995001562
1128599,15.269423463554489,-0.9210652251932703
1128899,14.591596861126245,-0.6999040144562783
1129198,19.41443392054523,-0.9463825198543425
1129499,9.72856978777671,-0.8653536484178419
1129798,14.806230295077635,-1.0005029040366953
1130099,17.75485261245032,-0.8443247982366817
1130398,14.458214121739672,-0.9791783290911185
1130699,8.098941159247529,-0.8335661537891037
1130998,14.314320186969752,-0.9379538318725968
1131299,15.413456015143773,-0.8874312832421392
1131599,17.66320591142577,-0.935567258108339
1131898,13.080954836125253,-0.8907167322550009
1132199,14.193890622578955,-0.8619847762334536
1132498,18.01957969020958,-0.9350612635952551
1132799,16.646358039494302,-0.974874680495319
1133098,19.36429474083689,-1.0177504315658008
1133399,17.758056073225784,-0.9794466917223652
1133698,20.389340511468838,-0.9514842738103959
1133999,14.402609799005875,-0.9163049778902046
1134299,9.042296657165597,-0.8297351547251788
1134598,17.993695671508195,-1.011503051387451
1134899,27.98516810690303,-1.0492836570799482
1135198,15.385597974951644,-0.7524610150090003
1135499,15.985008314717845,-0.7768557856534526
1135798,16.388213128877567,-0.693824744097354
1136099,15.84094162747942,-0.7136425254093695
1136398,16.098689932171553,-0.6629140351812779
1136699,19.2646662806322,-0.7461826383438561
1136999,21.144330341810434,-0.7750574067813456
1137298,15.81194784157433,-0.6176145760300147
1137599,16.93751002413451,-0.5968967766529101
1137898,16.95075208849794,-0.6133742552238228
1138199,17.96618349739608,-0.6049664507918677
1138498,18.523413215032665,-0.6032614825699167
1138799,18.366004730909975,-0.5839077048930239
1139098,19.262941756328956,-0.5328637867140957
1139399,19.682221811407665,-0.5315264414272811
1139699,23.716905025171553,-0.677451337902093
1139998,18.951189530919233,-0.5328759510719303
1140299,26.48706073796884,-0.5370975813368186
1140598,19.49343953478729,-0.48416315943225574
1140899,33.06887786339609,-0.7578272486544575
1141198,24.018957049880882,-0.6367655557519354
1141499,20.034015855072006,-0.5426802811966367
1141798,19.82946759944007,-0.5238769784287212
1142099,19.67953973700025,-0.4872955244557817
1142399,20.834398442694702,-0.5145221500460349
1142698,20.777747416324328,-0.5618139955847528
1142999,19.670833298736362,-0.6008471900610162
1143298,18.70019644679423,-0.5374124512424023
1143599,42.30107503333921,-0.6183386665333814
1143898,32.356895603765544,-0.7968223041896434
1144199,26.13599980607201,-0.697928416190466
1144498,17.86134983587294,-0.5159750715803906
1144799,17.63314311243304,-0.6028193766859149
1145099,19.335706379157664,-0.5614161885827116
1145398,19.114846025227106,-0.5404022424019905
1145699,19.316786460122934,-0.4927069854108217
1145998,22.804182430271084,-0.582452796873081
1146299,19.09515698737062,-0.6463517468750808
1146598,19.23007111073636,-0.7076540919852938
1146899,14.611901808809709,-0.6550983742385577
1147198,16.451430000548864,-0.7655485802691444
1147499,17.241097608791833,-0.7446453548563166
1147799,15.440604967034975,-0.7250059758597565
1148098,15.36633672133748,-0.7246536331628366
1148399,16.41999945542618,-0.7749231176225702
1148698,15.903589437230412,-0.7674292999455041
1148999,13.422605433678408,-0.8890863366653785
1149298,13.344203408772588,-0.4863899190676617
1149599,4.7740897938613625,-0.5571030059231863
1149898,14.302749711386829,-0.8358783403604817
1150199,16.72260387196421,-0.25384506222132197
1150499,11.611072522112359,-0.9255950987327868
1150798,13.733100241382198,-0.7352347662340688
1151099,15.702206220205543,-0.6711484561622951
1151398,15.151618666934704,-0.6888768079107883
1151699,14.646044766038873,-0.6503122792666545
1151998,15.466458051747209,-0.7079133376866917
1152299,13.505664284302764,-0.779241227505149
1152598,15.35028983651646,-0.6873916377264766
1152899,14.597638670443969,-0.7565298578009985
1153199,12.869234095552764,-0.6427581576398971
1153498,22.345095812349786,-0.5539703741642721
1153799,23.516932601286378,-0.7890918831243452
1154098,23.735206989245626,-0.5300788141898223
1154399,14.307549051899397,-0.6348077956920146
1154698,66.47479586105217,-0.4529154753965199
1154999,41.086623133777124,-0.31968455576853505
1155298,15.025649573923138,-0.5976303905358802
1155599,16.278501099197015,-0.5692909354449216
1155899,17.28826862756044,-0.6435917839366372
1156198,16.417087479449325,-0.6279217586236499
1156499,20.166350889656748,-0.6875535081750843
1156798,16.422599991588214,-0.750740841006446
1157099,17.09620939331275,-0.7624614866375068
1157398,15.388596729798865,-0.6516544299859348
1157699,17.195897273859053,-0.5717143895335195
1157998,15.7212357795072,-0.6704307042687003
1158299,16.14026171942776,-0.5052901384899624
1158599,16.413998263847475,-0.5579241777263946
1158898,17.2829555030234,-0.7628511341112256
1159199,26.387659758612358,-0.8859071408142474
1159498,25.70067761891791,-0.873915353238619
1159799,24.26062430841097,-0.9232314132466468
1160098,20.251674277167997,-0.828693733167942
1160399,1.8141566331222745,-0.163939312139475
1160698,60.76627419575587,-0.45741333901342185
1160999,3.8144277141072584,-0.2811272818749102
1161299,,
1161598,,
1161899,1.2118158766684546,-0.1413937884672991
1162198,,
1162499,,
1162798,0.6282749590797713,
1163099,,
1163398,,
1163699,,
1163999,0.6282749590797713,
1164298,0.6282749590797713,
1164599,0.6282749590797713,
1164898,,
1165199,,
1165498,0.6282749590797713,
1165799,0.6282749590797713,
1166098,0.6282749590797713,
1166399,0.6282749590797713,
1166699,0.6282749590797713,
1166998,0.6282749590797713,
1167299,0.6282749590797713,
1167598,0.6282749590797713,
1167899,0.6282749590797713,
1168198,0.6282749590797713,
1168499,0.6282749590797713,
1168798,0.6282749590797713,
1169099,0.6282749590797713,
1169399,0.6282749590797713,
1169698,0.6282749590797713,
1169999,0.6282749590797713,
1170298,0.6282749590797713,
1170599,0.6282749590797713,
1170898,0.6282749590797713,
1171199,0.6282749590797713,
1171498,0.6282749590797713,
1171799,0.6282749590797713,
1172099,0.6282749590797713,
1172398,0.6282749590797713,
1172699,0.6282749590797713,
1172998,0.6282749590797713,
1173299,0.6282749590797713,
1173598,0.6282749590797713,
1173899,0.6282749590797713,
1174198,14.663927585972475,-1.198943195804667
1174499,24.973262460012908,-1.470991246655792
1174799,9.78355334352249,-1.1086230256947927
1175098,12.698974455872937,-1.2909803775152877
1175399,26.37252373740411,-1.2540569754936817
1175698,27.55792605942031,-1.18767847914412
1175999,25.318176679612446,-1.2047173292254998
1176298,25.203186678392537,-1.2294801560156756
1176599,24.627746792542993,-1.5297225664702792
1176898,20.97414719265212,-1.5343567009745565
1177199,23.458556151198003,-1.4356694551845224
1177499,20.538863356510504,-1.2440222353106618
1177798,24.011281142666007,-1.1959051086969157
1178099,19.428102689774803,-1.0996544612831598
1178398,22.435083502719248,-1.2122086533307237
1178699,6.785206223435438,-0.8151093920432171
1178998,25.840728096584662,-1.2005357335836293
1179299,24.922526235477097,-1.159273219679804
1179598,22.76419529743453,-1.0101714610196733
1179899,36.31832323601513,-1.0052866708903596
1180199,38.95913109091104,-1.5748398903286
1180498,8.568082646880876,-1.0576575772455694
1180799,0.6282749590797713,
1181098,0.6282749590797713,
1181399,0.6282749590797713,
1181698,,
1181999,0.6282749590797713,
1182298,0.6282749590797713,
1182599,0.6282749590797713,
1182899,0.6282749590797713,
1183198,0.6282749590797713,
1183499,0.6282749590797713,
1183798,0.6282749590797713,
1184099,0.6282749590797713,
1184398,0.6282749590797713,
1184699,0.6282749590797713,
1184998,0.6282749590797713,
1185299,0.6282749590797713,
1185599,0.6282749590797713,
1185898,0.6282749590797713,
1186199,0.6282749590797713,
1186498,0.6282749590797713,
1186799,0.6282749590797713,
1187098,0.6282749590797713,
1187399,0.6282749590797713,
1187698,0.6282749590797713,
1187999,0.6282749590797713,
1188299,0.6282749590797713,
1188598,0.6282749590797713,
1188899,0.6282749590797713,
1189198,0.6282749590797713,
1189499,0.6282749590797713,
1189798,0.6282749590797713,
1190099,0.6282749590797713,
1190398,0.6282749590797713,
1190699,0.6282749590797713,
1190999,0.6282749590797713,
1191298,0.6282749590797713,
1191599,0.6282749590797713,
1191898,0.6282749590797713,
1192199,0.6282749590797713,
1192498,0.6282749590797713,
1192799,0.6282749590797713,
