,rmse,skill
299,0.2899452087095806,0.2123365842397491
598,0.33869517642948804,-0.04998768479520055
899,0.2927397950893891,0.2802835768957329
1198,0.301654179085884,0.22389720780499112
1499,0.3087191884065187,0.22190954917408334
1798,0.3231957385182239,0.15519753635507882
2099,4.345080416976049,-0.12728735655949275
2398,2.8080081169550715,-0.21195555049394366
2699,1.6119855033995159,-0.1777078719492493
2999,0.419866701062554,-0.0688325307525528
3298,0.9157466093891529,-0.35738030357245965
3599,1.6701408501609734,-0.33574376997930866
3898,0.5209785262989522,-0.6052401098506452
4199,3.3227425965114556,-0.35626825105995485
4498,0.6120366305211928,-0.9292864089398918
4799,0.5246702805983984,-0.5571082067700857
5098,0.48657902063461883,-0.5086638343945145
5399,0.408534053827596,-0.03701652600970928
5699,0.39904871380837126,0.007461533465697445
5998,0.6830087144065706,-0.6788056930914763
6299,0.48464503899331113,-0.017685408561355365
6598,0.3851496193521341,0.009344142228343455
6899,0.44149500381295836,-0.014113231616480038
7198,0.4296374399955743,0.004162812068693067
7499,0.4634073035705476,-0.046442815801954085
7798,0.4551953257888786,-0.037351015860523695
8099,0.49385916508342614,-0.035425652355921766
8399,0.28976925762957895,0.645022374360366
8698,0.279909682623864,0.6862249533529106
8999,0.27247380327793014,0.7116978361245018
9298,0.27294224423394864,0.7178326413967404
9599,0.27268936384359554,0.7404613841316277
9898,0.30823044554105566,0.7219171309892805
10199,0.291193035147537,0.7345983604846048
10498,0.30697394699338,0.713480622399062
10799,0.3055680001392134,0.7085635795079028
11099,0.3212096331243888,0.7028716110712123
11398,0.4508277729831261,0.22455897821803472
11699,0.46370152293934097,0.3947994040819387
11998,0.4900218113583226,0.3211204484062412
12299,0.5531482778115291,0.32334763722716076
12598,0.5741408146017253,0.31608270264287375
12899,0.6376822519668364,0.312878798141875
13198,0.6234659970571141,0.3321748477621239
13499,1.1081747507841468,-0.05445743170713757
13799,0.8025345692168607,0.2117620522110375
14098,0.6810007902286515,0.3399410619730596
14399,0.7814828787793325,0.45550084331586504
14698,0.8972558900373557,0.29417586881060875
14999,0.978530180383102,0.2876169748765993
15298,1.1044927012798855,0.30796402395942046
15599,1.0874703957798855,0.2757603807749185
15898,1.3793479398512714,0.012967882217892357
16199,1.2138519783767339,0.06764209454264458
16499,1.4174382086383082,-0.03418465793659675
16798,1.408114270580438,-0.022888220411885873
17099,1.396334445640623,-0.022760747309768403
17398,1.4467096049700447,-0.11189363505027061
17699,1.3248483274168037,-0.04254663696562888
17998,1.326915001210785,-0.08908954291658322
18299,1.0066909677959055,0.11161418785850552
18598,0.9684986747637512,0.13660123642756916
18899,1.159443461807762,-0.03934895592027954
19199,0.8891483834369394,0.07024176585525843
19498,0.7445393944639576,0.19818962115713856
19799,0.6954102766947927,0.1476590232418986
20098,0.6167307919889016,0.2038678824219493
20399,1.1982296685790201,-0.1720334408541513
20698,0.5240343305647596,0.3408087849440141
20999,0.6195752991725887,0.12861683446200656
21298,0.4780022787674149,0.3290203237056475
21599,0.44999854097080966,0.3509115775772734
21899,0.5066645359312503,0.3871076921978741
22198,0.49015288871597235,0.4007443647505865
22499,0.48172185292282177,0.41519420513511374
22798,0.4001100321843958,0.5370704150594683
23099,0.4593490968928292,0.41998215702342034
23398,0.5321631721830067,0.16048741511297238
23699,0.6578622340548882,-0.08706716591015873
23998,0.5098076783141475,0.1527871099265532
24299,0.7210782622217244,-0.13868806767687025
24599,0.4373525955773447,0.2366684367089792
24898,0.37658919462261997,0.47437685123339746
25199,0.32743504163882364,0.5478938929601047
25498,0.3412363191261996,0.4591460984146041
25799,0.3404676270696514,0.41638991216199817
26098,0.28408878851317304,0.5732487913583304
26399,0.5373428738363346,-0.5208621365837154
26698,0.5073543004004104,-0.40604621470325486
26999,0.4742715309799681,-0.35761683681145384
27299,0.479893632973422,-0.42862980571528086
27598,0.5370147791697829,-0.4337432628783833
27899,0.5083657136737063,-0.4287618568408915
28198,0.46784699327874296,-0.3733859415829486
28499,0.4737644524592983,-0.36849577566422953
28798,0.42193931629865866,-0.3681293719462031
29099,0.5905145698945906,-0.565937002933206
29398,0.6549975208578139,-0.6359769290443735
29699,0.6832218274874434,-0.6181243375802956
29999,0.6988951935406841,-0.5562125317222772
30298,0.6433935842513324,-0.5758656992733653
30599,0.6872309263879064,-0.560423423249536
30898,0.5658399467957196,0.11108822344651137
31199,0.4524843852957196,0.22198172596300014
31498,0.5279773677910901,0.14762656988957712
31799,0.4582591980549789,0.2260840570760705
32098,0.44410270027720106,0.2505483361291714
32399,0.34163056746055054,0.4207983629496842
32699,0.3975227408540689,0.3295963021131644
32998,0.4124179450137912,0.27653906992195887
33299,0.4185030580994394,0.30777217872115226
33598,0.8778691373061929,-0.03617245174819006
33899,0.4250274452362361,0.32194145908701866
34198,0.48750839908808796,0.26619948890700385
34499,1.4805741677106015,-0.26645462313382096
34798,0.4953435439700324,0.2214610601309165
35099,0.3419203094144768,0.43494615158369465
35399,0.23704018376410957,0.5597695218686846
35698,0.41244724427436513,0.44184452739251623
35999,5.4362829145767035,-0.15020709212551675
36298,2.1060928511539583,-0.2043950194770372
36599,1.178155435822179,0.022697332779679114
36898,0.25303183500023346,0.22515627596154764
37199,8.441522867728722,-0.23975422022407544
37498,0.5023093971103243,0.2907442677346661
37799,0.9792604181589353,0.0017260934274886397
38099,1.3058889916874168,-0.018573464258600847
38398,0.3013381767097531,0.5787914488317402
38699,0.22432105618548764,0.6873911862474451
38998,0.3179322394001572,0.5963625591355335
39299,97.80720631767454,-0.4979028962763461
39598,0.24338865348044988,0.20056809074280557
39899,0.17824152083761208,0.7233623245795942
40198,0.17312089006125864,0.7102921711405759
40499,0.22874258612696396,0.6081907685933539
40799,0.16983307910986975,0.7152671829195443
41098,0.17273386727431253,0.734739503065889
41399,0.18186300315515902,0.67014768025688
41698,0.19734164516501407,0.7250011352669694
41999,0.18880342153769925,0.758958349689375
42298,0.183699040985353,0.7527496044560994
42599,0.24208973295451283,0.6758745268881186
42898,0.24150125823800866,0.5971144611509667
43199,0.2395281223167124,0.5851162863439722
43499,0.2668105865968363,0.5437092483349182
43798,0.24412541899729925,0.5732500078775739
44099,0.47181126595216116,0.11211774536749008
44398,40.51428421298946,-0.17644334167215447
44699,0.20949248391529438,0.5865660936478374
44998,0.2230379439164529,0.5677020659061673
45299,0.1929025534893684,0.6282103681544444
45598,0.19427668606781606,0.6243450614322104
45899,0.15517660015929546,0.8209630398460475
46199,0.16512252667711902,0.8065634922445268
46498,0.1458852642199494,0.836796674633878
46799,0.1626411955347642,0.8091215236643952
47098,0.15187775986457527,0.8265281453540557
47399,0.2897205978254387,0.4095884058985605
47698,0.3338588717059858,0.04268199929798189
47999,0.301140876510624,0.33280442505264096
48298,0.6007283158058053,-0.35304563075982576
48599,0.33427367506709693,0.013300663636237942
48899,1.1123283289603823,-0.49532226767898835
49198,1.3920334147775117,-0.7258481524121878
49499,0.9207462116501378,-0.7380213970891223
49798,1.3755282990089341,-0.4390285866141681
50099,2.639118117239217,-0.29469630954972903
50398,3.5347430339749772,-0.27964381196422905
50699,5.812028769914793,-0.22196692326645806
50998,6.180949367775903,-0.24110850419945717
51299,8.283365932653902,-0.19522779324305017
51599,6.895507790809727,-0.22178742668085238
51898,3.841149283260267,-0.31254843502406127
52199,9.332208202178686,-0.23705720780973216
52498,9.088777798053686,-0.24819132649483877
52799,10.646340933571928,-0.32052953569498666
53098,12.89662483828754,-0.3311063555001976
53399,9.996431972107134,-0.3388400976391719
53698,23.35955433323478,-0.30494766616806457
53999,42.017401316190806,-0.20085871815886858
54299,65.45758367134935,-0.2672285711542508
54598,89.59920313176605,-0.217507419729424
54899,,
55198,1.1537766899107025,-0.15729312309558585
55499,1.5095040251013963,-0.2551593444908873
55798,78.57989042570307,-0.26025365576346715
56099,53.266168223686975,-0.29479947707632626
56398,23.456104882256128,-0.2982387590443556
56699,9.299634346193617,-0.4056995276203177
56999,29.159768425960255,-0.7004714280181363
57298,0.9886833726187567,0.1430750877104061
57599,1.0993763557573957,0.031005992798460835
57898,1.287237099965602,0.08378230329691949
58199,1.2505848720844093,0.11251358183259352
58498,1.3587398426762507,0.03801854481978573
58799,1.2439540774270021,0.11387708111722328
59098,1.2684930572395021,0.08673487223966625
59399,1.4422888304016686,-0.07095181905610426
59699,1.2306044515819445,0.07482544517180056
59998,0.9825533012761822,0.17370086096689785
60299,0.8088572745785377,0.31513821749089044
60598,0.6551761162412729,0.44024974429995845
60899,0.5919571271313095,0.47546004225685257
61198,0.8383012783864525,0.010013500160056976
61499,0.683837047509276,-0.019661771452270438
61798,0.2527891458512592,0.8365172622508132
62099,0.2773218179907986,0.7524045218622765
62399,0.2670265958861926,0.779004209777342
62698,2.913295642742721,-0.31209746608903544
62999,0.2576414201946121,0.8165824601667275
63298,15.979998874405892,-0.38162996303386576
63599,2.472136475644865,-0.20731945773275018
63898,0.489688112833313,0.45059569693455814
64199,0.4078950234149336,0.5177470559165335
64498,0.38423688863162436,0.5439799408652336
64799,0.37671719488514077,0.5781473711749326
65099,0.3613291204120166,0.5975263568021212
65398,0.456778077856666,0.403794842849163
65699,0.4492787686437031,0.4290859950022974
65998,0.4317279767271862,0.44558147263404724
66299,0.40447622253670423,0.4918808234682289
66598,0.3603553749032258,0.5236021562136721
66899,0.6413210296749491,-0.3066070994618624
67198,0.9597007522980034,-0.25619356589003184
67499,0.6151206275476343,-0.14931466011568162
67799,0.6032390864828194,-0.18040211269223239
68098,0.5599434860615231,-0.12855367680045782
68399,0.35025737900937626,0.5019031296634062
68698,0.33443280638067896,0.579108413009966
68999,0.3732348327232717,0.5509680183680765
69298,0.3527289757709504,0.6114125072715231
69599,0.34112895451941877,0.6219592898893562
69898,0.2734866495240341,0.7749831543054956
70199,0.259808086207002,0.7944984350766795
70499,0.26766072566671806,0.7873666097931514
70798,2.1474669007225042,-0.7476935333353203
71099,0.2986398025674445,0.7625122115597327
71398,0.500600531243241,0.4545934611200376
71699,0.44943972089115697,0.5086752527167002
71998,0.4628252633356014,0.4998570169787996
72299,0.47217268566661996,0.48711343282794217
72598,0.43585247336337923,0.5204844623547471
72899,0.4881138099476017,0.37036027728152265
73199,0.5112944775749165,0.3317100771903634
73498,2.411807934567493,-0.21153015887053783
73799,0.4548569187729815,0.38176930193384784
74098,0.5065129362336296,0.3161861705792174
74399,0.5197676932315639,0.3013342872098319
74698,0.5840066939260109,0.23032801229822775
74999,0.5870703513241592,0.23636613405057727
75298,0.5971892466598071,0.203727165194029
75599,0.6417784620305813,0.13537062616601947
75899,0.6877606845413314,0.011471707544682075
76198,0.580949867979693,0.0602250160645027
76499,0.74937701482923,-0.019084184519164715
76798,4.24360186821038,-0.13154643774711383
77099,1.30399798409801,-0.09235712860596013
77398,12.396158808361475,-0.2393852670006018
77699,2.4435659229061035,-0.34232270928621245
77998,4.1905644423621915,-0.2203705696448246
78299,2.8060726829431406,-0.30758506419868126
78599,8.962503067791232,-0.18381817548719082
78898,20.6059868781031,-0.19428162805554994
79199,9.909333524644769,-0.19248618764933512
79498,46.44585888396403,-0.19068298464613997
79799,41.76220758074129,-0.18393032788271868
80098,46.12416587755172,-0.27590870477711804
80399,30.28981405260135,-0.43660367299645086
80698,1.640917983193942,-1.1501088916105973
80999,17.574098556682365,-0.5132783501369278
81299,103.85233605909208,-0.298804455247478
81598,9.291835409520692,-0.38171382155731726
81899,0.6176826201956376,0.22053051289888392
82198,0.6690002909340633,0.15398052773809667
82499,0.5229311845496811,0.2935778100880526
82798,0.5123986404131071,0.3037865022274068
83099,0.4558135077140329,0.3636088330695293
83398,0.39962635750097447,0.4633845476127201
83699,0.37980493317202446,0.4612609161532696
83999,0.4013415346236597,0.4440011713719473
84298,0.3373832900285059,0.48222341571457084
84599,0.3702210403875486,0.5037238471496314
84898,0.27316726366124405,0.6347407617273759
85199,0.29786974326534726,0.5777817553155303
85498,0.2743118923122757,0.5294966765748255
85799,0.244561074559961,0.5982197242183547
86098,0.213988344803324,0.6013223100084131
86399,0.29898729573378,0.07461163662319181
86699,0.257151313548,0.07456572264745853
86998,0.25806988459665475,0.16095896235748053
87299,0.24443601272625537,0.11461466843484092
87598,0.24699533962711223,0.0979390243813485
87899,0.27686464693719204,0.30296218745528647
88198,0.24707851257838712,0.517684209395036
88499,0.26444464412468344,0.37481410956113503
88798,0.25014460829889695,0.5194970996689585
89099,0.27286586353490705,0.33407456875542707
89399,0.3209834634551064,-0.17544085877817772
89698,0.34158739447930875,-0.36019939203808504
89999,0.31173214196310506,0.017784191565494933
90298,0.3081694814356293,0.153091663708406
90599,0.3127686845989269,0.010530717489171892
90898,0.27397797707371263,0.39032494745665847
91199,0.27888893676754395,0.3560062217000417
91498,0.26446933331846983,0.5404289144303424
91799,0.7502548442555179,0.09273195563800207
92099,0.24106893293481285,0.6312617963912999
92398,0.23943346232008306,0.6407719974109246
92699,0.2309123273766987,0.5013047623618081
92998,0.24871410452882575,0.4552752293778094
93299,0.240977039049659,0.5281062235407292
93598,6.275271381167934,-0.16058842091281278
93899,0.82629868260828,-0.17435325389500722
94198,1.768019634720651,-0.14645614376126215
94499,2.0208662004511644,-0.33634131725486016
94799,1.0406437148694188,-0.20496210838527884
95098,7.653154313806463,-0.22503574728700348
95399,2.6455646144430895,-0.11191967289761151
95698,3.3600613296412094,-0.11502528678818358
95999,6.347426731357281,-0.08301642425359734
96298,6.404926404057418,-0.08487813227356078
96599,5.443684307799482,-0.09996860308530597
96898,6.1112695295074895,-0.08647812754106288
97199,5.275433729352397,-0.08155339185463983
97499,2.7295302596001982,-0.07653753080638515
97798,1.0887534772518208,-0.0769963325236962
98099,1.1575937654219575,-0.09871833812323527
98398,2.396700688271362,-0.17435256898640272
98699,3.5883982719310845,-0.12099733620302655
98998,0.3666956995710734,0.29846364656206315
99299,0.3557051884296192,0.3103407903599348
99598,0.3571193045456103,0.38915715128826944
99899,0.4247975600556978,0.07807381851153894
100199,0.42002891483116067,0.146183315886372
100498,0.40335498545153103,0.12720687860521174
100799,0.43759435944690145,0.06139809542743102
101098,0.421622824539494,0.16143999179464785
101399,0.5630394297278499,-0.18001827716749252
101698,10.307554515093965,-0.19445271757492577
101999,0.5001588009060904,0.02411771155109732
102298,0.4838892545935905,0.027971363253238568
102599,0.809471413923275,-0.10597827975078422
102899,0.22811767491447327,0.7234973071144386
103198,0.24604212745913248,0.6918759383105266
103499,0.22892225036115807,0.7022438851683647
103798,0.24040299170838036,0.6945946728158241
104099,0.23370142948615807,0.7115486656775517
104398,0.2396153586750263,0.7583068385330609
104699,0.23732365080913986,0.7321140325846034
104998,0.2822375403011527,0.6899128374298356
105299,0.2722678376622638,0.704117495094353
105599,0.2435732038519155,0.7098509156574088
105898,0.20196535753083375,0.8084611011638606
106199,0.20772125627295138,0.7524083980438103
106498,0.21099654149054395,0.7607797071912561
106799,0.20220743080304393,0.79195295538048
107098,0.20238961898128469,0.7718294370494079
107399,0.25311850260948,0.7328048685901412
107698,0.2523716937113319,0.7343619587081249
107999,0.25106801235022075,0.7445895756285155
108299,0.37663561480492574,0.4196698874278566
108598,0.27037214795870523,0.7452089866664675
108899,0.25942237528760365,0.7159730752633431
109198,0.2807716594363353,0.7064284166826389
109499,0.27674224632448713,0.7036786911673962
109798,0.2657477753296046,0.7161547876820682
110099,0.2721088055235612,0.7104040017825538
110398,0.3701285945667226,0.6172541471485904
110699,0.2991504788827944,0.6965196385339525
110999,0.3079775241351092,0.6759825598803831
111298,0.30774814762297503,0.6544679058777233
111599,0.276268870494776,0.6942343030607971
111898,0.3747227047916528,0.4461621708308743
112199,0.41139770741176246,0.41585901829481
112498,0.368921813864943,0.443203177107121
112799,0.3758870077950514,0.4143642735686458
113098,0.3758796603006513,0.4093532166852517
113399,0.42180252406643315,0.07623720145190938
113699,0.4298867710717306,0.02134174317864146
113998,0.49285770254858247,-0.04519788006620229
114299,0.38168728817522946,0.1469272083091785
114598,0.479486931218702,-0.03184649496679093
114899,0.6355474921969737,-0.44629282450428454
115198,0.5850747764076218,-0.42823531485983124
115499,0.6210047374329464,-0.426763980057171
115798,0.6598104471923442,-0.48395299062925967
116099,0.6298961691535658,-0.4894328563050796
116399,0.7546454228986824,-0.6661846461128784
116698,0.6506896397353302,-0.7196174879039949
116999,0.6821560917191265,-0.7191538501897878
117298,0.6763665563765341,-0.6817301881062554
117599,0.55557329074427,-0.7098075983632686
117898,0.5798136383280622,-0.7873765985499517
118199,0.5479801626035251,-0.78237310689376
118498,0.5174474677319094,-0.7617867280804311
118799,0.5402191443863855,-0.771257050193709
119099,0.510107798923402,-0.805075613449862
119398,,
119699,1.1564520142274797,-9.738640570110778
119998,,
120299,,
120598,,
120899,,
121198,,
121499,,
121799,,
122098,,
122399,0.283751703896066,0.3276606185747627
122698,0.3282326066949685,0.35759575088718354
122999,0.2881832888775475,0.3158502798215056
123298,0.2673222210673622,0.3580246247631794
123599,0.28193911434633484,0.22367827336143276
123898,0.11902111413168688,0.8257346205449001
124199,0.10568956572391233,0.7378427091591775
124499,0.11900807069522118,0.7756445782214343
124798,0.13414014816907832,0.7857985181151325
125099,0.1257097371688453,0.6846223533526149
125398,0.15059931633312026,0.5246416323232431
125699,0.16617804839332756,0.49696465023925085
125998,0.17495855222547976,0.36834531808321436
126299,0.17403388657270197,0.4066908105221291
126598,0.17372974110047978,0.3009945321376807
126899,0.22508703936557264,-0.045183579645905914
127199,0.21967786838585415,-0.11192496696396415
127498,0.2388261795687245,-0.49052089879658634
127799,0.23914880220529858,-0.4872883774958938
128098,0.2614334113696504,-1.1229944778078638
128399,0.10991301936923431,0.6362731440213654
128698,0.11594504650056321,0.6245567602975268
128999,1.546312783259411,-0.11303921419681706
129298,2.5057078339148813,-0.17360800390424203
129599,0.7612649474435379,-0.033406868243239796
129899,0.8667158741749288,-0.15374027549419167
130198,0.3169370919866989,0.16130968959418512
130499,0.20644660361035416,0.2610631329180595
130798,0.1990074113246618,0.38502872614801353
131099,0.33575704949259433,0.11307916789398897
131398,0.2792491070734985,-0.35592747093648147
131699,0.27799238562074097,-0.37397772424607756
131998,4.741347339357187,-0.2596317333767266
132299,7.95072018420441,-0.2454810534650813
132599,0.8788212002715396,-0.21392135776208976
132898,0.749684152614952,-0.15317812122522856
133199,1.7361323191851437,-0.21382846666704092
133498,0.48188838058717437,-0.040942812072751744
133799,0.1954242570882235,0.35445516155344625
134098,0.1609521211894872,0.47223127678969246
134399,1.8464311662639876,-0.22193359494238174
134698,0.5814445396269816,-0.14707542010889352
134999,0.1827425209854803,0.4908181916711424
135299,1.73335415340388,-0.22467114781588826
135598,1.46587022575435,-0.21355141446881398
135899,1.1574040494084146,-0.17417305473351763
136198,1.590811313655199,-0.3509814718060107
136499,0.9855141278662524,-0.1492439702333057
136798,0.2250541037147698,0.4196503142735659
137099,0.23710840678369452,0.43877592031221235
137398,0.8848564035013001,-0.3134093272258156
137699,0.22986343909954565,0.6322314938820092
137999,10.05241244962655,-0.24639842877399265
138298,126.50279246658673,-0.31165850528618066
138599,0.19594377989049758,0.8109676571917663
138898,0.503908760382255,-0.2252631881840088
139199,0.5711707184508157,-0.34685890096436456
139498,1.1620165450741917,-0.8980765287326109
139799,1.5506397850617182,-0.546691850903416
140098,5.843417610369588,-0.2716594850908405
140399,9.931426620362375,-0.2255099572576631
140699,24.120172003844335,-0.2999037384312484
140998,1.4172723947912838,-0.15265201876666756
141299,0.1306476354722136,
141598,0.1306476354722136,
141899,0.11334766340038967,
142198,,
142499,,
142798,,
143099,,
143399,,
143698,,
143999,,
144298,,
144599,27.027988230448766,-0.29033105933743575
144898,2.6597644354323706,-0.27955089838723923
145199,60.62931236424855,-0.5781691380262157
145498,12.822194460834426,-0.5840918572875564
145799,4.636368449348314,-0.4722726326008959
146099,0.6052317426399643,0.5071819403846747
146398,1.1684757737747455,-0.07481710780276352
146699,1.2123376960615833,-0.07709157992405813
146998,1.1866889230231392,-0.053316564777951214
147299,1.1508006376782318,-0.03251979276584849
147598,1.1570460997916576,-0.024629933675468285
147899,0.8810125555976716,0.2897451095122676
148198,0.8394010478360975,0.2957834195722776
148499,0.7807018902805418,0.3317641507731428
148799,0.6092958178633587,0.42632747469666177
149098,0.7630053852841966,0.05746921213885714
149399,0.43291873624541866,0.5448375151191907
149698,0.48928619051670175,0.37692324773591523
149999,0.3549904080139151,0.6028252120298253
150298,0.37403596918986315,0.6009549498548831
150599,0.3651862223171558,0.632239644232683
150898,0.4555162928302406,0.38495539941360135
151199,0.29665541146897384,0.7035329431585082
151499,10.62060617772411,-0.3777570057876296
151798,0.30906426927361724,0.6775422247458611
152099,0.5986745251502372,-0.007582621037872439
152398,0.37857024133772477,0.542028536851503
152699,0.3574259122289284,0.569319431272157
152998,0.3725447531849469,0.5539536794120252
153299,0.4626676812502798,0.4487672036510979
153598,0.4244982084581106,0.4838711318843537
153899,0.4128642747730153,0.4542447543293404
154199,0.3231580369645679,0.6100567421627874
154498,0.7000154526987244,0.1795389564712193
154799,0.31938940520243,0.5347547188651016
155098,0.28842970918798244,0.5482473123310259
155399,1.0182821055471691,-0.06631286139771841
155698,0.30447505846798517,0.5184561312121014
155999,0.29954413507961114,0.5303580407209667
156298,0.5215481997061517,0.35388629602208244
156599,0.2911193772917492,0.5773937934924492
156899,0.2564677637379844,0.7148134515038548
157198,0.22587748216116513,0.7966822316530036
157499,0.2403400778939493,0.802871111114632
157798,0.2811647298237683,0.7529398221349431
158099,0.2749539882041344,0.7669687756516365
158398,0.3325051705514474,0.6229840460508547
158699,0.3778417310375585,0.5634425617614024
158998,0.7977129514155097,0.14401056799166412
159299,0.6307749146779909,0.28182954504754476
159599,0.6811440636432686,0.25675695363509465
159898,0.6516429908118346,0.2735355668494093
160199,0.794176047471436,0.09739244733059782
160498,0.6739575000659251,0.17066610628182766
160799,0.6168470343912001,0.24448896063812164
161098,0.5896851332491526,0.19020519876370845
161399,0.5939354482076329,0.3424145150677065
161698,0.7663807282359305,0.14898475975503966
161999,0.9157356609754588,0.08336176854763278
162299,1.0997346185379078,-0.024291912631452695
162598,1.1699319271467552,-0.08362317311717016
162899,1.4959576747400298,-0.140281051145428
163198,0.7993463630170928,0.09412839668274686
163499,0.7163864635838152,0.05518397890398363
163798,0.6816583372370562,0.0659978769319769
164099,0.7582810331587164,0.09723934751440355
164398,0.6652355804332477,0.25523841085611854
164699,0.7523014763383404,0.17473169699199786
164999,0.7076247656485256,0.20217076384067278
165298,1.1525899236361432,-0.019085887232838772
165599,0.8344755624170441,0.11206679161469069
165898,0.8805996113160695,-0.4895603921903926
166199,1.8283535500454435,-0.5757162827293696
166498,0.7914361841711984,-0.4590623049789597
166799,0.8656484904956827,-0.472316427684937
167098,0.8714247622780901,-0.45114287273357645
167399,1.4220393342845967,-1.3842682296504187
167699,1.7101957466503377,-0.7059699201470322
167998,1.342612166506819,-1.6255800210304234
168299,5.0115803864887765,-0.32169323349506973
168598,5.341727919738168,-0.295336396836817
168899,9.601104946746183,-0.3340561337691812
169198,48.06683868724617,-0.3843040763315442
169499,86.28678835665126,-0.44297435503696536
169798,44.20046950116051,-0.51032916839997
170099,,
170399,,
170698,,
170999,,
171298,,
171599,,
171898,,
172199,,
172498,,
172799,,
173099,,
173398,,
173699,,
173998,,
174299,,
174598,,
174899,,
175198,,
175499,,
175799,,
176098,,
176399,,
176698,,
176999,,
177298,,
177599,,
177898,,
178199,,
178499,,
178798,,
179099,,
179398,,
179699,,
179998,,
180299,,
180598,,
180899,,
181199,,
181498,,
181799,,
182098,,
182399,,
182698,,
182999,,
183298,,
183599,,
183899,9.460395938438193,-0.6320982202474152
184198,4.674846222616434,-0.46307481026496355
184499,5.731126285780787,-1.0158845988242264
184798,1.679571877746065,-1.3607764449439466
185099,0.9553757834574491,-1.1321675491508727
185398,0.4974139079691301,0.47679366853567373
185699,1.7599488357793156,-0.14499485002992496
185998,0.32572411120894684,0.6163595642847233
186299,0.32151940816524555,0.5900435562487321
186599,0.4993420809278237,0.4453078904536133
186898,0.7840642109697128,0.09623148094927103
187199,0.493045022458585,0.05557533656695113
187498,0.6630597931507145,-0.019311564091046618
187799,1.5005307926201754,-0.15959034693096674
188098,1.2367186731544904,-0.12765500298585963
188399,0.5530041987346237,-0.25983129600337884
188698,0.5436613113503644,-0.24939993146607242
188999,0.5372319829684199,-0.30775046293796215
189299,0.5396266641096238,-0.4275914664188589
189598,0.5526622160286052,-0.2670046068422045
189899,0.2427164472871075,0.7414494676615166
190198,0.2851502908633168,0.6777846235534484
190499,0.2666113104560889,0.7221859690835302
190798,0.2845121268573545,0.7148552312015237
191099,0.28659112934968883,0.726621750470307
191398,0.29057364526949264,0.6595602201028403
191699,0.467829523393571,0.43645035302982693
191999,0.4706692895880153,0.36630292758097827
192298,0.36722185113656786,0.6213206113418835
192599,0.398568290597216,0.5995759893746642
192898,0.6062039997566612,0.18403122052003207
193199,1.0105108551252737,-0.030024624456927995
193498,0.4805294922364488,0.5417989393857892
193799,0.8960778567362399,0.022510579329568903
194098,0.5878699354147616,0.4427303021327066
194399,0.5453516840365146,0.5148827161236176
194699,0.5083955400938238,0.5398163920426472
194998,0.5186900607023801,0.5134784096641982
195299,0.6344609365569441,0.4128987160676607
195598,0.5101321162914111,0.5214711553530762
195899,0.898005133463972,0.1326814439688485
196198,0.6835578713482313,0.3012839369678708
196499,0.6040137403175679,0.39138949748782903
196798,0.6509732211494177,0.31538527061942034
197099,0.547263779284306,0.4191069593784522
197399,0.513002061452971,0.5187299589903174
197698,0.8354737343400999,0.15208134661186434
197999,0.5526541541335265,0.4316031699375408
198298,0.569580701478127,0.40286160936675686
198599,0.511114949925481,0.45587879561219824
198898,0.44655228125763824,0.5414987475400501
199199,0.3860843744057863,0.6184208479903117
199498,0.3834528641544801,0.6062286789293749
199799,0.3228993909474529,0.6846608463576841
200099,0.2987835133946171,0.7088963260682257
200398,0.3040994258193518,0.6019644187316762
200699,0.28965325873052117,0.6471241496964373
200998,0.3119833362534485,0.5649858109870903
201299,0.413728314266111,0.3808405151256833
201598,0.34454789231363364,0.5007123763186949
201899,0.2767246630329675,0.5334673825324274
202198,0.36916910782659984,0.359694883836863
202499,0.37163058578261843,0.302692282370029
202799,0.7256751522978855,-0.0017400707355648137
203098,0.40359606574927437,0.3245745855075809
203399,0.47382226788148807,-0.07893270307219624
203698,0.5049011929969621,-0.20907220757652079
203999,0.5061111232385124,-0.18752420555548954
204298,0.4861917058460721,-0.18458857770065662
204599,0.5792679615050234,-0.3260233556311536
204898,0.7245686700337753,-0.6661602829252149
205199,0.6283074200708124,-0.6820135273676053
205499,0.6599493623892557,-0.692872546669629
205798,0.6615732119214162,-0.6331956443621525
206099,0.6146682054272805,-0.6470374828533727
206398,0.7211447967857572,-0.6004059376659756
206699,0.8515731747080477,-0.5391881254294626
206998,0.831345935467448,-0.49477931624781224
207299,0.5992513660589348,-0.5891829303704017
207598,0.6301825543056728,-0.6611151535725999
207899,0.9555972200888824,-1.36290125016924
208199,0.9396191394060119,-1.4343920902153307
208498,1.0365347410958268,-1.211436524178029
208799,0.8484010620657341,-1.67314121316124
209098,1.009242094153697,-1.236061975182567
209399,0.8696546018833129,-0.12824005790453308
209698,2.258807813966646,-0.15197382851098018
209999,1.6208481086796092,-0.1260302803384128
210298,1.0893021547421091,-0.11888571667610126
210599,2.382233876642572,-0.1918012245056595
210899,5.9517481099044405,-0.2145794542530306
211198,0.4541061513087621,0.17019609342795772
211499,1.2794394490520011,-0.068170678059295
211798,0.9290191707562924,-0.02763723655038186
212099,1.6632923430896258,-0.19328779521656747
212398,0.7534360216416265,0.010681231837301408
212699,0.7231330951670895,0.033791757255133836
212998,0.34554477581853693,0.11064447313086379
213299,0.2930974227255854,-0.1642564360765244
213599,0.3090579851329929,0.05475393807841078
213898,1.2094437227164139,-0.13801689419977103
214199,0.3452398807097297,0.013191614950580521
214498,0.3361423892652853,0.029164474667688012
214799,0.3533801194658499,0.0965678213686425
215098,0.35701631738334083,0.20896540769661331
215399,6.048584669043774,-0.4259183062489684
215698,0.28190962943244346,-0.11428551996055503
215999,0.2755030042310546,-0.15766361988976363
216299,0.2551352990954862,0.1265425020403116
216598,0.2869594988907769,-0.1970561236072359
216899,0.237591069950431,0.06356108818100659
217198,0.23317496088177572,0.17316687766605066
217499,1.2012123507282295,-0.08620710858274916
217798,0.4055389454643128,0.2647159389050757
218099,0.26456186327098646,0.5671315802927499
218398,0.2967565111873806,-0.49220327613630377
218699,0.30419778139256926,-0.7206812773461697
218999,0.3155963275684952,-0.6909599300015816
219298,0.3120224099342359,-0.5041376032431955
219599,0.3258748500332789,-0.32541749042530355
219898,0.3270386719989801,-0.23617129957507443
220199,0.3170805309735171,-0.05032297645331707
220498,0.35813038480222087,-0.1342593731997539
220799,0.39232862395036894,-0.27633404049564825
221098,0.38564255198740605,-0.1974835782665909
221399,0.5459607320882321,0.02022784715617465
221699,0.2531233663240992,0.5039755550092607
221998,0.2985842750625251,0.32538968664555246
222299,11.912847216349899,-0.19150991436171805
222598,47.98293441692506,-0.306844784266443
222899,37.352854269421,-0.2960020662849734
223198,57.97655658664264,-0.23818579131210105
223499,29.282517927246992,-0.22777759877760606
223798,32.82935124073323,-0.22997428369323702
224099,40.34404679539411,-0.26503951119614255
224399,43.39971636268552,-0.25807268436498276
224698,59.965005111632,-0.2527890683651832
224999,107.5920276584138,-0.2718075846332273
225298,160.29984260193058,-0.2851885152237257
225599,111.94841798503086,-0.283464081445135
225898,109.63099209350085,-0.2376518768239333
226199,111.90209012723818,-0.28224988395593464
226498,65.9165949661502,-0.27730700676268394
226799,0.6757611311692807,
227099,0.6757611311692807,
227398,0.5490304482635411,
227699,0.5490304482635411,
227998,0.5490304482635411,
228299,0.5490304482635411,
228598,0.5490304482635411,
228899,0.5056033120630057,
229198,,
229499,0.5056033120630057,
229799,0.5056033120630057,
230098,0.5056033120630057,
230399,0.5317819378023394,
230698,0.5317819378023394,
230999,0.5317819378023394,
231298,0.5317819378023394,
231599,0.5317819378023394,
231898,0.40520872825297843,
232199,0.40520872825297843,
232499,0.40520872825297843,
232798,0.40520872825297843,
233099,0.40520872825297843,
233398,0.8766923849711824,
233699,0.8766923849711824,
233998,0.8766923849711824,
234299,0.8766923849711824,
234598,6.263995413373298,-0.47834371431541967
234899,58.223484782375095,-0.3678790465850763
235199,11.153885760389095,-0.5360998578297309
235498,18.273121793919184,-0.37123616216387556
235799,15.220577805289436,-0.4198416410535395
236098,13.69568774367138,-0.40360267717951914
236399,2.157043617530912,-0.5569065728362479
236698,1.9179547913202637,-0.47424709214787475
236999,2.3562701220123934,-0.5747918363048887
237298,2.200746905109616,-0.5969464211029458
237599,10.082338306853062,-0.5103695943119229
237899,2.111192022923325,-0.8991858429835695
238198,1.65065754873351,-0.5891979516620283
238499,1.5907953349927693,-0.6490519942213651
238798,12.481663735747421,-1.6246275612229137
239099,33.906109266293726,-0.5546152443159043
239398,6.789884800176329,-0.3244579724430183
239699,5.079882317079107,-0.30756292233194293
239998,20.28408638388466,-0.36827264657034964
240299,8.084759620426329,-0.7710975827246758
240599,2.404888926466684,-0.3610922558422316
240898,4.5899041851954525,-0.6066107023745226
241199,13.37511138809523,-0.3692029601110116
241498,4.334338106382265,-0.47868268919935764
241799,3.2806522332341164,-0.40316229183521046
242098,0.6578154546367718,-0.19566841267611168
242399,9.322105832570204,-0.6532814762515196
242698,14.817927581479713,-0.7372207769097168
242999,18.57173025424592,-0.523023780964371
243299,22.098130755236657,-0.6493843642158139
243598,23.519986727234347,-0.5902115210537036
243899,14.65841136087263,-0.48521754772466097
244198,16.32807259857865,-0.6349159124316597
244499,24.373574702534665,-0.45502437853592426
244798,42.72555284482634,-0.29466832413685995
245099,34.9786350460856,-0.6681169267518949
245398,35.50274592060819,-0.6173401538267673
245699,29.35198752602254,-0.383043249980221
245999,24.953239944066517,-0.4727020449206123
246298,58.237617606772524,-0.3592794800240029
246599,59.77330767571929,-0.4338198976297616
246898,89.40783916143072,-0.2601632652699186
247199,50.21913084118535,-0.4279573718300047
247498,35.87675309882425,-0.6478730400677906
247799,3.509084154589854,-0.3027950466315912
248098,45.499583751777955,-0.24434914058470336
248399,18.829226517638805,-0.2875396903490668
248699,12.275420139060323,-0.3876303995448389
248998,4.9811524859625145,-0.4223032768746444
249299,6.032545035511127,-0.36366099112777617
249598,5.880930345198924,-0.41125769723964467
249899,7.572920023939471,-0.36579775219577604
250198,6.817516579634378,-0.3764435610988477
250499,8.374258492343262,-0.42252817143875077
250798,8.837758588205816,-0.4022486543295125
251099,10.891495802300105,-0.4235398112944402
251399,11.473506014030294,-0.4839717885119801
251698,10.226376289349737,-0.45956678031809295
251999,12.859816106979368,-0.31201448102907103
252298,11.985869909677477,-0.4058224681099345
252599,14.072050026483032,-0.32506020761022536
252898,5.005962159987304,-0.3804138495987597
253199,0.7125212386569769,0.16279271077309732
253498,0.4880887609361615,0.26341484947031313
253799,1.782579181794406,-0.13361273360921833
254099,0.5755447737913166,0.22672927707856638
254398,0.13216154852879164,
254699,0.13216154852879164,
254998,0.5610346271312561,0.028759139319028293
255299,0.13216154852879164,
255598,0.13216154852879164,
255899,0.12774039955991942,
256198,0.12774039955991942,
256499,0.12774039955991942,
256799,0.12774039955991942,
257098,0.12774039955991942,
257399,0.10057424160633464,
257698,0.10057424160633464,
257999,0.10057424160633464,
258298,0.10057424160633464,
258599,0.10057424160633464,
258898,0.27526443810637524,
259199,0.27526443810637524,
259499,1.5713000870314444,-1.516131544193998
259798,1.3642054295036667,-1.6942303473928244
260099,1.3599535841680184,-1.6262550725282003
260398,1.128849110883629,-0.5558588413490078
260699,1.9123048141864167,-0.282622780831574
260998,1.1546856218142383,-0.503374713683804
261299,0.9237799518535361,-0.6508210557269396
261598,0.9840946233280731,-0.6186566047504423
261899,0.5572035042975076,0.23623436495248984
262199,0.47396545193871137,0.35778790344266287
262498,0.5377724562350078,0.28256700377139465
262799,0.4680498708715817,0.35575529120078053
263098,0.4282993647604706,0.39819574858406603
263399,0.3597118753740933,0.3449064630337152
263698,0.7867469772432861,-0.09559096509200926
263999,0.3445694859927644,0.42803100851525133
264298,0.289834254910044,0.5619078102449983
264599,0.30417105925603777,0.5109234200398838
264899,0.44292438296972064,0.24549746065827727
265198,0.4131661747631996,0.3244658328618649
265499,0.41569960799981326,0.27285534495395136
265798,0.40323449687431084,0.3732155202148172
266099,0.37847007212203654,0.4072828738613675
266398,6.755349029758739,-0.2623470048899246
266699,0.5935315238110347,0.1227502834322749
266998,0.6353870066562495,0.10193449129442334
267299,0.482959450706868,0.2754097479576312
267599,0.48972629244760896,0.23473316659840482
267898,0.4476926951237238,0.5152775789014632
268199,0.5825760466963781,0.34105858039464654
268498,1.5462095479658415,-0.22402078213587862
268799,1.0855497039450084,-0.2302286174935506
269098,1.7088416498848227,-0.28380051829262887
269399,0.4530898285249811,0.49600713199843904
269698,0.43748135190193554,0.5061622784082274
269999,0.8580902193231656,0.06385185913312552
270299,1.5078579674921468,-0.2839012104237255
270598,0.6995675245615914,0.14945533875634964
270899,0.3766763871678225,0.5013556822256544
271198,0.8117470304405242,0.06775683409495603
271499,1.2721542624619169,-0.3382268493797227
271798,39.3876690908577,-0.3875977270768145
272099,0.4738270346273448,0.39582232154242103
272398,2.684180206390476,-0.23322082855987647
272699,0.43666569326420795,0.3846157867846576
272999,0.42252497807690204,0.4176687334775213
273298,0.3971098567349376,0.4808527609530244
273599,0.4433527355858784,0.3670648494161337
273898,0.37558304104427764,0.6312679249497462
274199,0.40787970470399987,0.550712140166277
274498,0.363867149340574,0.6470652537224321
274799,0.37181029055585163,0.6146579487661543
275098,0.38475698239704054,0.6048392529342439
275399,0.5968631901357958,0.3643635340383956
275699,0.4684514171327439,0.4021764278898816
275998,0.6007062129680318,0.004283035811200708
276299,0.6569724063571196,-0.052995454077834125
276598,0.38563170637470573,0.5412627475597204
276899,1.1342399886876209,-0.21484758890771616
277198,0.9687304028371138,-0.18903773925657008
277499,0.5886948027612706,0.3405433777451182
277798,1.8886009644677135,-0.3135963360311027
278099,0.6319107414640047,0.29287678825971675
278399,0.5573981564034667,0.34707607354223524
278698,0.7299950568076203,0.13125504282306333
278999,0.6069640737906752,0.33363157430415336
279298,0.6915960282837307,0.21580832916429793
279599,0.7939585114895604,0.16914934912305635
279898,1.6225560368938892,-0.6892166735046523
280199,1.2760730016830832,-0.2067901585031282
280498,1.2197263693728977,-0.21847021570086445
280799,1.3761115719909534,-0.19528314244279255
281099,1.3353623579337666,-0.061880631083188975
281398,1.2118785645856254,0.07066481838086536
281699,1.4758375841559852,-0.07308962714926559
281998,1.4829135922138554,-0.056490694150092
282299,1.7004479132231145,-0.14493885802456785
282598,2.6802107360626786,-0.3553817276149125
282899,1.794609079956142,-0.15411192387992556
283198,1.9922874287418102,-0.21777143153780165
283499,1.6910605643158845,-0.024585362049550197
283799,2.1141884863192293,-0.1884182942167978
284098,2.0636609241934263,-0.1825173679650982
284399,1.6870878108445424,0.1318824531346522
284698,2.203936630278091,-0.03746646366259676
284999,1.847014941823632,0.08451613348421738
285298,2.3517484135320417,-0.0759024489224982
285599,2.1786006316088784,-0.034243841362789906
285898,3.4258717099688214,-0.3777023446698997
286199,3.269488279332439,-0.3694839443411613
286499,2.8143942814665106,-0.30956895927236805
286798,3.1749699746816824,-0.3824823544639342
287099,2.6251588056861985,-0.30540800886176944
287398,2.5338617034764654,-0.3660739790960348
287699,2.155196719177428,-0.297198589754897
287998,2.1465830777886876,-0.3030528284545315
288299,1.5738069039181055,-0.1345631873283708
288598,1.2291005116145295,-0.028848415946566064
288899,1.2708845471536738,-0.06796020891683874
289199,1.2777447499143246,-0.1102414162212062
289498,0.9823328863350709,0.031412911325650716
289799,1.1955934611286976,-0.11931287580083305
290098,1.0926981088416607,-0.1350473712782232
290399,0.8325110418581566,-0.06442612443343787
290698,0.8675747897822516,-0.04315764446923476
290999,4.00350683750966,-0.3823740710804704
291298,0.7193524983056896,-0.02333517939983798
291599,0.6224040226918239,0.11270162721544963
291899,0.9911890593605533,-0.6873930755660125
292198,1.049860735416109,-0.7295353401208402
292499,1.2139926705558282,-0.7198486401710509
292798,1.540773824818887,-0.7068236839672992
293099,1.178417396851294,-0.7175588540104936
293398,1.1998517984711454,-0.6132658646277087
293699,3.3759676010291177,-0.6017709270438447
293998,1.4169762879809855,-0.6136044455330283
294299,1.187651504634529,-0.608195507962322
294599,1.308701063342097,-0.6174097272035495
294898,1.508623439232622,-0.5861844552855358
295199,1.0964518911979,-0.6430795673583813
295498,1.2146280181261409,-0.6532509947647358
295799,1.5216317106334556,-0.6636044902296274
296098,1.0881121160867888,-0.6224195990056556
296399,1.124666301631907,-0.8510058765498281
296698,1.111521632118018,-0.8704253323868645
296999,1.2012937015879255,-0.7785740522444919
297299,1.3529622982129255,-0.6729117516680252
297598,1.1247109896203331,-0.8118002052244404
297899,0.8109431485444463,-0.13036337163869738
298198,0.640626284445211,-0.031163071837136513
298499,0.6335262952646553,-0.02749033700075354
298798,0.6906327290884279,-0.06837968406309747
299099,0.7056402565771552,-0.06570150117294826
299398,0.6240943550340706,0.1724040310631818
299699,0.5986943840095512,0.20154615769093542
299999,0.6526646942429966,0.12906900129998244
300298,0.5624784424800511,0.24105707351373418
300599,0.705160348451627,0.09875482574826744
300898,0.6595097254518355,0.057250467187968446
301199,0.5668857879819281,0.1770290173337733
301498,0.5552701379126161,0.2014944429240756
301799,0.5905731256646268,0.1677384490520195
302098,0.5549561603081457,0.19718356845971474
302399,0.4258593078525056,0.35104455022319725
302699,0.8485207294976879,-0.0780389088626594
302998,0.3277698826260737,0.603867369569523
303299,0.3231584935311662,0.5490471890188444
303598,10.247666068990696,-0.3977905840960476
303899,4.216149054014597,-0.31768787801146714
304198,0.3136405490955634,0.6023587264493415
304499,0.3216799721835264,0.6140687775375577
304798,0.29810839999602634,0.6710614309177891
305099,0.30404128483035286,0.670564180904321
305399,0.33525085935626775,0.5418209344155209
305698,0.2920966842474714,0.5969576778524258
305999,0.3194990598070554,0.6109682432677587
306298,0.2816199965660833,0.6498567377947799
306599,0.3020985850084442,0.6381676099078051
306898,0.257086343525853,0.781968079933013
307199,0.26425375644251964,0.7688305690265486
307498,0.2604490112250429,0.7848716129589282
307799,0.29210456792061407,0.7463663075945538
308099,0.2855215600947773,0.7638789204085311
308398,0.34463753391927204,0.6201002146669976
308699,0.3797505780992719,0.5896456544114453
308998,0.3415108034632536,0.6153527079537767
309299,0.35564830039380907,0.6012277391318538
309598,0.35084404505775635,0.6184781142296929
309899,0.3371218752656257,0.6720365349033375
310198,0.37638550572216006,0.5908860440837992
310499,0.3329293601666045,0.6743505064490264
310799,0.3214575068444587,0.6912338806310507
311098,0.2962238091662179,0.7112575845707305
311399,0.3123266978061102,0.6514960093509581
311698,0.3170418948670466,0.6172679057045156
311999,0.30724517748666574,0.6308841641842102
312298,0.3063035550643267,0.621325880646953
312599,0.3182872828657745,0.6159095974343882
312898,0.2954150596740833,0.6479327593210997
313199,0.29558591331516565,0.647778545987189
313499,0.3040828934581758,0.6047167306355599
313798,0.3113371063581074,0.609046883420158
314099,0.2859957660525519,0.6388821229310568
314398,0.31483952070681026,0.6318646624878779
314699,0.31133180360657203,0.6449585792624404
314998,0.382895053823149,0.5296925402862482
315299,0.35902127347301394,0.5707720262770357
315598,0.695656635819022,0.020624361206587838
315899,2.7896150778541955,-0.1989073551909728
316199,3.0627678821466673,-0.23648635671421703
316498,1.4456221891252223,-2.0903148379928838
316799,2.2145175989784076,-0.5064659772742064
317098,109.57591524396179,-0.24749251642360193
317399,74.30493673506015,-0.2623045244665525
317698,94.71752999001461,-0.14710032068432777
317999,102.26585184692053,-0.22762892803354395
318298,52.756011664318294,-0.2819992030839007
318599,64.71198838758886,-0.21663254480269423
318899,39.29420850522411,-0.2635139229660839
319198,0.9813122684679081,
319499,,
319798,0.9813122684679081,
320099,1.6099481656853913,-0.3000098056382181
320398,14.404171257041074,-0.7105426853062118
320699,20.164204761586348,-1.092751429003766
320998,15.067213540524655,-0.9813221515661448
321299,40.445279233766904,-0.905395192354548
321599,15.536312659531594,-1.1528024444156042
321898,20.3136350468006,-1.0509661453583545
322199,8.09896413878068,-0.8044992417717269
322498,3.848403684390055,0.027895320645150545
322799,5.0381870341794075,-0.22071624696150316
323098,5.152103368533574,-0.21568549418425897
323399,6.93767548606878,-0.5611253315257445
323698,9.73167714926091,-0.5670296792566729
323999,11.12680428593452,-0.6824812037730221
324299,12.153250507047947,-0.6504635180713259
324598,9.407242303244708,-0.5970586965678637
324899,11.832220894269852,-0.8673454604478621
325198,11.130450246698095,-0.8358388564337689
325499,9.795912039295317,-0.8250836817761178
325798,7.359125781121705,-0.8092420041568897
326099,8.532088977461985,-1.195288767050851
326398,13.024488116710438,-0.8072911977573625
326699,4.87923564397303,-0.743869576931748
326999,9.072302917510662,-0.8717834522623762
327298,10.373739809097508,-0.9900016015186672
327599,7.778054645952232,-0.9875264326935262
327898,18.54250880849839,-0.8909699895770309
328199,43.61156454966929,-1.322919986448932
328498,10.733399017810383,-0.6575948513598526
328799,12.682475557614648,-0.8378270485580805
329098,7.598832989995752,-0.7508999379317687
329399,3.9639024974103254,-0.7395836156988305
329699,28.354350016386025,-1.1269118054037723
329998,30.56490816158545,-1.1996441813945538
330299,10.044428484861822,-0.7475190408561212
330598,,
330899,0.8022971859030478,-0.08394144241113177
331198,1.0950348628025521,-0.07773980455026286
331499,2.3146545001971064,-0.5194334445221276
331798,,
332099,0.5022692861208274,-0.20494241092118726
332399,1.4202038265763244,-0.1438850874015285
332698,15.262663798975527,-0.5562333460859021
332999,8.324514311633209,-0.682068866444068
333298,17.979496553851167,-0.9809990623689158
333599,10.912481391564427,-0.6073897009563032
333898,15.125768193299583,-0.638871203231101
334199,30.033308751926867,-0.7768655144304699
334498,37.743928277051864,-0.9660030499948302
334799,39.340109167922236,-0.7199144077419761
335099,23.639628102068936,-0.6728330866273289
335398,19.93926766989901,-0.8377431482201503
335699,14.61570195019299,-0.9994208659107948
335998,7.6034424906328075,-1.111629781376402
336299,0.9676610731809654,-0.44225760542216697
336598,2.9851919392670663,-0.8136757552347318
336899,0.5044336108056641,
337198,0.5044336108056641,
337499,0.5044336108056641,
337799,0.5044336108056641,
338098,0.5044336108056641,
338399,0.5345690376761136,-0.1464789660119179
338698,0.545828006528316,
338999,0.545828006528316,
339298,0.545828006528316,
339599,0.545828006528316,
339898,0.5318639402850576,
340199,0.38281727798166565,-2.8287715272200082
340499,0.7241749876864336,-0.23948938875577896
340798,0.5318639402850576,
341099,0.5318639402850576,
341398,,
341699,0.6628467319791518,
341998,0.6628467319791518,
342299,0.6628467319791518,
342598,,
342899,0.5192226136223836,
343199,0.41923321521517093,-1.4082332871192116
343498,0.5192226136223836,
343799,0.5192226136223836,
344098,0.5192226136223836,
344399,1.0588401475307014,
344698,1.0588401475307014,
344999,1.0588401475307014,
345298,1.0588401475307014,
345599,1.0588401475307014,
345899,3.1119023537301542,-0.17144494340339
346198,2.3138466086638876,-0.14680315972279478
346499,1.461662745396656,-0.3829785871004865
346798,1.2990963590401745,-0.3610155529591863
347099,1.1265805781113845,-0.35588317731306196
347398,1.2024104017636763,-0.10102906948906787
347699,1.203148675469695,-0.10967653635789931
347998,1.256804457992843,-0.11738538069583515
348299,1.0604686808146022,-0.08970239981995043
348599,1.092631763684872,-0.10152606854590562
348898,0.9362831405746478,-0.08133088314633707
349199,1.6052735588949227,-0.2141218067468138
349498,0.8376130369945655,-0.02116555012134569
349799,0.6931184691440921,0.07166576144976289
350098,0.6534450596519727,0.0853130337465332
350399,0.6663218778807266,0.10791625585925435
350698,0.6933741950867449,0.07811732270925997
350999,0.6724349981909116,0.10593569013724458
351299,0.5285045626122078,0.2564279415682563
351598,0.518681945248782,0.2724621247967792
351899,0.6828339190224261,0.08627792876161755
352198,0.5925068166825336,0.181037932897407
352499,0.8468566259137952,-0.10890429201289797
352798,0.578088160509058,0.21668227960029074
353099,21.98282318981542,-0.2744620300721814
353398,0.6677101154459661,0.06310298731452357
353699,0.6371028484184316,0.10023111023135567
353999,2.8815121257237437,-0.23756660934017604
354298,0.6607667350432345,0.20647152537283953
354599,0.6408450920065287,0.3102759230917964
354898,0.8083800731637543,0.1515678764547378
355199,0.7703991185067646,0.2509827854988028
355498,0.7961629897232947,0.22865950059400042
355799,0.8058450420801333,0.24228564593650515
356098,0.9713317448261266,0.011022197208949924
356399,0.8832599015991609,0.28439177755517053
356699,0.9608266347141874,0.22918027027340016
356998,0.8732738467774016,0.2554737575336765
357299,0.9444406650756542,0.26280654030541417
357598,0.9182876351705614,0.3104821361219795
357899,0.9101390020232224,0.2945259277175982
358198,0.9885013316822051,0.24750376961846177
358499,1.0589121633402363,0.21008029115002924
358798,1.0032829487825874,0.21269809926093874
359099,1.1421576378640148,0.1342397944029673
359399,1.0576356830235192,0.17552712925467506
359698,1.0917286447272232,0.11617703486721065
359999,3.6934249014653204,-0.41076554358671014
360298,1.0111341910060405,0.1657534216250427
360599,1.9497403995949867,-0.3637041403744494
360898,1.6167050474436464,-0.2546911305992361
361199,1.220439699816751,0.019186271923976483
361498,1.1479772273135602,0.07359787522784067
361799,2.0420832638884625,-0.3958147509384977
362099,1.3381607292260542,-0.04570899527564487
362398,1.405340256348222,-0.3890475094041659
362699,1.5472267433273885,-0.4525959390264762
362998,1.5603361779014626,-0.4326137594021706
363299,2.2166850555892457,-0.5484737682004401
363598,1.713730036476862,-0.5201355421749752
363899,1.3487002716403675,0.1572643766358074
364198,1.7200177102699972,-0.005152473191731843
364499,1.3165044268070343,0.14247219148470014
364799,1.1056665186317327,0.21325642247131493
365098,1.7397282360019797,-0.12334844149307878
365399,2.039482332889205,-0.5176887258747218
365698,1.4294635384470753,-0.07285852805449444
365999,1.3511701092711492,-0.027435608707200965
366298,1.8112746246400357,-0.46040182084942183
366599,1.6244130962572605,-0.15528402266136943
366898,1.514530093964091,-0.1309130315809941
367199,1.6967558927140909,-0.21446155041931836
367499,2.010760294607054,-0.30081053779380174
367798,1.9094819026880725,-0.23452385924749608
368099,3.4109077313466414,-0.6045479073350024
368398,3.402689293020372,-0.8165953946655116
368699,3.274580316437038,-0.8052410456330554
368998,3.0683968332263905,-0.7728960643579124
369299,2.8576504386314827,-0.7177819469812174
369598,3.6620896825064833,-0.7368830724961302
369899,5.1696361467249385,-0.8011193809351782
370199,3.9120392465411546,-0.8303205969093481
370498,11.322776191736514,-0.32931583718833934
370799,6.087018867877716,-0.660163850025469
371098,7.701123397491143,-0.5813482024503502
371399,6.919606482955946,-0.7605523956640377
371698,4.169615017758293,-0.8512734236269526
371999,4.5302100329481085,-0.8883062435842555
372298,13.626932045763818,-0.2605505324249844
372599,14.935422108911967,-0.2790496567591969
372899,9.206946014662655,-0.46614855748753103
373198,11.365769617495989,-0.32468036575141657
373499,10.138217311625619,-0.5483934444344025
373798,12.869790084778396,-0.333598825560091
374099,8.2727041187946,-0.8906918083469428
374398,8.004660242678206,-0.9750130183097183
374699,11.51953173085876,-0.6742666448387837
374998,7.432763694995335,-1.0632263599116967
375299,6.425759153435151,-1.0983595583675978
375599,6.643961343231446,-0.8871279036639881
375898,8.637792803764654,-0.898764789922512
376199,6.8947926916720625,-0.968499479179924
376498,4.5663293658654975,-0.8756091030684567
376799,6.5490943273341,-0.7116249774557526
377098,3.7483501518562363,-0.6499412690868163
377399,4.033309778944531,-0.7215287112356563
377698,3.1457703071783283,-0.7115726853622739
377999,2.4994710388079584,-0.7355508064840222
378299,2.8789118650718466,-0.6825402779619012
378598,2.4790956362454586,-0.6711198108935104
378899,1.7548238141972297,-0.1839083313152643
379198,1.7560911109060904,-0.19680876486493393
379499,1.673292053568565,-0.13874263211547122
379798,1.6938312410467664,-0.15192121153614058
380099,2.1388181730569906,-0.2731575572590581
380398,1.7550696141278002,-0.19662409928124092
380699,1.9375800217722978,-0.2738557971208657
380999,2.0149540235963723,-0.2881197976426544
381298,1.954347331668132,-0.2804062632011486
381599,1.6059949749519518,-0.16071635366913428
381898,1.657444879428213,-0.2523717557387497
382199,2.09861823851713,-0.344115505248044
382498,2.0571781544913934,-0.34205474438680494
382799,2.118216422862103,-0.3643833988342182
383098,2.4257191711591823,-0.38471748127079963
383399,2.517160279296142,-0.5955332377500586
383699,2.824619225867901,-0.5743116383406253
383998,2.7116762976618833,-0.5746083048775465
384299,2.7749962223216054,-0.5551983431113674
384598,3.017891931472068,-0.5145122910985271
384899,2.5668394030687174,-0.5984590700714674
385198,2.617681095290656,-0.574920786657654
385499,2.495056114654624,-0.5671043895236587
385798,2.238032394293513,-0.612022820647709
386099,2.113707183371596,-0.622027944417417
386399,2.559623464428543,-0.8547547025369344
386698,2.4897361755998393,-0.8068408012401385
386999,4.853076789560487,-0.49340400664777007
387298,3.169141571655395,-0.6305760722325009
387599,6.8235255842873395,-0.8747553340553125
387898,14.64970935934872,-0.21784415692405057
388199,1.2475917214635845,-0.294846661239496
388498,1.6343440853544906,-0.29222463663789044
388799,1.4289026569311771,-0.30470791652983276
389099,1.01297265561375,-0.21209694532208
389398,1.0331835878699982,-0.18822010120856225
389699,1.2328134049338868,-0.27660630670303954
389998,1.1534125184475306,-0.22565009213575693
390299,0.9846151651306465,-0.12774797860298293
390598,1.2369111136499527,-0.1851384479662157
390899,1.0206275842353265,-0.11183505603485067
391198,0.9039875519336564,0.015300000019490723
391499,0.872584076621319,0.028526653902731347
391799,0.8923924324614343,0.029231709733210987
392098,0.8836097399730085,0.0998076603775645
392399,0.9120049927915063,0.10654718331627577
392698,0.8080177455165687,0.21533873807142068
392999,0.8131654247125837,0.21223337960271316
393298,0.7107305945158243,0.30826958526594117
393599,0.6785981926624021,0.34630912030669214
393898,0.6576421821853624,0.3700396760519846
394199,0.7265523662429941,0.32667054604531676
394499,0.6922970493288809,0.33669836677346765
394798,0.6573264211298068,0.3703684781569728
395099,0.6447851076784179,0.39590373195954776
395398,0.7251508125834141,0.3093064156814881
395699,0.6172995188403467,0.4033118114537555
395998,0.5992435989090747,0.39804582072444405
396299,0.6376594359623156,0.36804773980773875
396598,0.7453525856938715,0.2950086189595137
396899,0.779050880010196,0.2403159457274685
397199,0.7813233311071321,0.22550283521705083
397498,0.8369805056489722,0.19750347085177544
397799,0.7811919605032513,0.23500958169206965
398098,0.7602872915132416,0.27050145770753464
398399,0.820053876195192,0.16841383111919495
398698,0.782351660041084,0.19662084985494133
398999,0.7838083782484327,0.21738071202606501
399298,0.7982490648582137,0.14255853230733873
399599,0.8521939221197876,0.08232980545551771
399899,0.7762784353560901,0.1467981300468455
400198,0.6522102171871087,0.24952070976400753
400499,1.1877374097264604,-0.09298370130027234
400798,0.803619213895442,0.059965460743278576
401099,0.6424478311193167,0.22010505381947532
401398,0.5775819839652746,0.30550132342125147
401699,0.5945221775616606,0.27399671361929856
401998,0.5285073614907377,0.33891295545673483
402299,0.6315903211501257,0.23074999071850189
402599,0.5392429106041635,0.33884254947269077
402898,0.7822655789328878,-0.06456392777202846
403199,1.1138349355856656,-0.3271295595862982
403498,1.2447159614262486,-0.3933748694855215
403799,0.9879631560558784,-0.10280645765817908
404098,0.9469234184424524,-0.2528881696775016
404399,1.1337579662114474,-0.7134053161277603
404698,13.102125509446836,-0.5471641769675433
404999,42.49389911709399,-0.21731613945331452
405299,,
405598,,
405899,0.5251117866404654,
406198,0.5251117866404654,
406499,0.5251117866404654,
406798,0.5251117866404654,
407099,0.5251117866404654,
407398,0.6571176124247553,
407699,0.6571176124247553,
407999,0.6571176124247553,
408298,0.6571176124247553,
408599,0.6571176124247553,
408898,0.6272175791476362,
409199,0.6272175791476362,
409498,0.6272175791476362,
409799,0.6272175791476362,
410098,0.6272175791476362,
410399,0.4062600335677583,
410699,0.4062600335677583,
410998,0.4062600335677583,
411299,0.4062600335677583,
411598,0.4062600335677583,
411899,,
412198,2.7795628892493345,-0.361494376082806
412499,47.72241173991232,-0.5608597795951129
412798,52.164200550470184,-0.7899239649258931
413099,34.28387235810213,-0.7749197140055495
413399,38.273327759986124,-0.5851083556373065
413698,13.987315647649915,-0.772758618999337
413999,11.073255347754081,-0.7830607069434563
414298,12.903701105930008,-0.775067070397425
414599,12.83078610415223,-0.786563670752406
414898,11.361426059505014,-0.7609943560078596
415199,12.388702567719042,-0.7178835380414497
415498,12.880480970197143,-0.8356722064926194
415799,16.295725411614903,-1.1198248001448645
416099,62.88927249945981,-0.6057016852114825
416398,7.998730238193001,-1.5285377422724236
416699,,
416998,0.4416161156380173,
417299,3.0198694625544706,-0.3661501859875471
417598,57.67732244151708,-0.669608344929502
417899,1.257948083166948,-0.27690847551122677
418198,,
418499,2.0701720982786034,-0.5182337463369704
418799,1.0919971454336244,-0.25729500094659596
419098,16.86063999012615,-1.1918112970922357
419399,4.817459902477124,-1.1717970482930902
419698,,
419999,,
420298,0.7378322075664943,-0.16404126033891075
420599,0.7232468379408531,-0.23778301245157274
420898,,
421199,,
421499,,
421798,0.5658731442594125,-0.6979935776874264
422099,0.4787803043863237,
422398,0.4376238202704845,
422699,0.4376238202704845,
422998,0.8892577963605954,-0.2905165730212922
423299,0.4376238202704845,
423598,1.2485485073292517,-0.1533736490474884
423899,2.465392507547333,-0.4042189484350056
424199,22.011608864875967,-0.5358088751078272
424498,11.527869287303083,-0.5240294809752659
424799,25.2677950100843,-0.5994922671753196
425098,23.325686132251587,-0.5771534579411739
425399,25.076579308675566,-0.61686634587874
425698,29.82482188772187,-0.5560261494441048
425999,25.322624588383903,-0.7381069353594925
426298,26.066192705309195,-0.8337343392061833
426599,22.573924183762895,-0.7676653716180191
426899,20.004771488435363,-0.7120601689423012
427198,23.726717005075045,-0.6397789015511068
427499,25.725107349953884,-0.6516995769007916
427798,23.65046798558017,-0.7984151600051412
428099,26.02123510867971,-0.6567087301606815
428398,25.725204229396336,-0.7637790477656345
428699,15.185958621046474,-0.5960818758423989
428998,24.89158801698632,-0.6674830731679273
429299,28.07149892375947,-0.6708950785334522
429599,21.966882240104376,-0.6755522184041671
429898,30.362204159707467,-0.6829945598417648
430199,34.549987263443725,-0.645900093965148
430498,35.014253775601134,-0.5223921859016805
430799,30.113460738943193,-0.5233715335306857
431098,36.66548104499644,-0.5622789316166548
431399,33.48931237315616,-0.6042507811813076
431698,28.215119966508013,-0.5494968705451917
431999,25.749889068156158,-0.6187632846496816
432299,4.822367587002753,-0.4549191900383054
432598,8.060473663234786,-0.4565754139271154
432899,0.6563789094268715,0.03730509733853982
433198,2.071225544393669,-0.319900742381928
433499,,
433798,0.8854702617501848,-0.13035461336626053
434099,0.45566258391328407,
434398,0.45566258391328407,
434699,0.45566258391328407,
434999,0.45566258391328407,
435298,4.8154976006962045,-0.5783831156476
435599,3.7857293233883342,-0.5856286613258348
435898,6.200809314342036,-0.5317407626735646
436199,3.1468499697077785,-0.5874215981992637
436498,3.427846781911482,-0.5390102371524814
436799,2.6826319974068524,-0.6077889187980077
437098,3.1943290852772233,-0.5932505286458711
437399,2.7727645289577785,-0.5870941598463342
437699,3.5633615919161112,-0.5118730636957614
437998,3.2840372808073157,-0.5680435118824585
438299,3.010723590392964,-0.5866891237656435
438598,2.775457717453149,-0.6062573058307688
438899,4.103576340945512,-0.5444429035757745
439198,2.7536611388582415,-0.5660449915863035
439499,3.0359889216198157,-0.5859704995150641
439798,2.66902863900639,-0.5928849342103149
440099,2.7156680528837045,-0.5814377551689451
440399,3.318220926214723,-0.6751114507560303
440698,2.6116312213050006,-0.6632722983656092
440999,2.6514913786776857,-0.6078528762371567
441298,2.4140994310040753,-0.5988710876082313
441599,5.397442194597565,-0.4009899589444874
441898,3.409228601353612,-0.6825685747295318
442199,2.717885447446205,-0.5910069786916408
442498,11.18564774284898,-0.24097267648598897
442799,9.663362886612873,-0.1473133191457554
443099,10.976557958594599,-0.16400326038251145
443398,2.6149447635457417,-0.593998277991731
443699,2.61824298593926,-0.6161152525802167
443998,2.496175689652223,-0.6011794253945755
444299,2.4681660255318527,-0.5861990264518169
444598,2.2090603715457418,-0.5558170136009783
444899,2.4409487433119454,-0.598576082312104
445198,2.2868124449485188,-0.580322973389312
445499,2.1014953377124086,-0.5436027111570727
445799,1.9749123733651857,-0.5263970814810304
446098,1.921208981927686,-0.5053054188805055
446399,1.774410192015649,-0.4591098660205193
446698,1.9660591513605565,-0.5512088415912331
446999,1.9426904068050008,-0.5418601855531509
447298,1.9506690893188896,-0.5212349636667126
447599,1.8881151473512965,-0.5101240387627648
447898,1.9420247754577789,-0.5751207140542616
448199,2.0517181815411125,-0.5978748360772939
448499,1.9751607705596304,-0.6112004974977367
448798,1.990156987800371,-0.6167489995289999
449099,2.262083613821205,-0.6491306766343345
449398,2.3820188259022235,-0.6965211662298811
449699,2.3534928003235196,-0.6627748320002866
449998,2.3753875242008347,-0.7298078745879597
450299,2.4743003943212045,-0.7594199218161237
450598,3.451338522022594,-0.9477206788572894
450899,2.9349626990589384,-1.0357596325128018
451199,4.720506322247131,-0.5367680051828287
451498,2.91661197919389,-0.8703444868123877
451799,2.97907254181426,-0.8705085511080033
452098,3.0565495615758342,-0.8828745868346701
452399,3.021675452960094,-0.936523606362522
452698,3.0954418837054636,-0.8793970451346462
452999,3.6793815824948166,-1.100269243441197
453298,2.9729432757100933,-0.9349134977303157
453599,3.2735233041522225,-0.904373834309534
453899,2.9841301314207413,-0.9149495962381766
454198,3.155929630011019,-0.9379528611091958
454499,3.266169442177686,-0.9468338139182748
454798,4.7215705993297705,-0.9314305436855161
455099,3.6991147973584892,-1.0528727974537975
455398,5.577782736380698,-0.5526257620327166
455699,3.5257473806522226,-1.1220677460031006
455998,4.138467549529539,-1.0326381745921438
456299,4.265319676136916,-1.007013715563493
456599,3.6244280972742158,-1.0684038423121986
456898,3.5830975092702784,-0.9255921902850577
457199,4.065879865851297,-0.9983410531540773
457498,4.080202988471668,-0.9461889929386809
457799,4.580393305784168,-1.07299813145144
458098,4.429525455682315,-1.0357127028498718
458399,4.121123001043427,-0.9151575867351434
458698,4.813667994867748,-1.0546759712919136
458999,4.639941815980926,-0.9840679869468971
459299,4.358446023129973,-0.9815849204370095
459598,4.709138105913798,-0.8908685128776686
459899,4.393182465483242,-0.9155234037565598
460198,4.500265188272594,-0.9087999803238225
460499,4.752641423693889,-0.905761023200778
460798,4.911354218832778,-0.9282336242603748
461099,5.170116568469353,-0.9469961566993734
461398,5.524942911263334,-0.9549128932084363
461699,5.955246989110557,-0.9122757045331888
461999,6.471085865156853,-0.9888117105929055
462298,6.115604235615186,-0.9397027038112449
462599,6.999691169367501,-0.9351804929437835
462898,6.873608491811946,-1.0129305047195976
463199,6.877369593413797,-0.9426900916277756
463498,6.973630420587408,-0.9976460601512951
463799,7.533769955048054,-0.9280751293986371
464098,7.2479073845573145,-0.9373592974683991
464399,6.754375140353613,-0.9906796621264582
464699,7.52210197738139,-0.9351990092942906
464998,21.070252144005696,-0.4431257667471109
465299,6.5519219295897235,-0.9166355557331367
465598,6.603839366987872,-0.9084910355685774
465899,12.419181559714971,-0.6230203616363876
466198,8.819589483716346,-1.0814371228954114
466499,5.11330437817627,-0.733679205647545
466798,7.746829602292952,-0.28133169964342475
467099,12.69295858174181,-0.5211485495642778
467399,23.932509959415416,-0.4150178952640542
467698,28.818432217878378,-0.4881366833005676
467999,9.497112398959398,-0.7048234448575486
468298,9.108241752720975,-0.5492584663602362
468599,10.959209636524216,-0.587045095179834
468898,18.879727809704768,-0.44000486892168666
469199,41.35790288771634,-0.47280422839858804
469498,51.23463075588533,-0.5112135080453706
469799,25.317952954005694,-0.6132672946795685
470099,20.67237632754274,-0.6296154623313437
470398,9.57577640557514,-0.766449476129633
470699,22.396149974769585,-0.7887400425653635
470998,17.28445448182746,-0.46350460956664796
471299,9.70223336981682,-0.7647630917612906
471598,7.829756670175373,-0.7244341356023296
471899,4.105256840180001,-0.3963451055298546
472198,13.911340706258951,-0.48456788158272657
472499,0.45566258391328407,
472799,0.45566258391328407,
473098,0.45566258391328407,
473399,0.45566258391328407,
473698,0.45566258391328407,
473999,0.45566258391328407,
474298,0.45566258391328407,
474599,0.45566258391328407,
474898,0.45566258391328407,
475199,0.45566258391328407,
475499,0.45566258391328407,
475798,0.45566258391328407,
476099,0.45566258391328407,
476398,0.46367257859690864,0.023119877918643783
476699,,
476998,14.152954869116806,-0.705005820317488
477299,5.824940821191575,-0.37045370098809904
477598,6.260407511335093,-0.2613194136030803
477899,2.9838813182494457,-0.5413404284971619
478199,2.9057263828096307,-0.506337747115674
478498,2.8267910173096302,-0.5104708978546304
478799,2.8264461947077786,-0.5261534871700067
479098,2.629881041226297,-0.5342483030451133
479399,2.445949230872131,-0.5525341515219253
479698,2.37592592719852,-0.5704850039117355
479999,2.2224895132332416,-0.5713446075024857
480298,2.2477555248258336,-0.5812017040343809
480599,2.2827029237749086,-0.5737806791481517
480899,1.954953164307316,-0.4973718671328349
481198,2.383089703990186,-0.6010610715566713
481499,2.867970450119123,-0.6198034789676798
481798,2.384545377372131,-0.6017755932818001
482099,2.634254697592038,-0.6613779686890313
482398,2.4764467858096304,-0.6474447978598432
482699,2.5132266642471306,-0.7203363644924103
482998,2.3170484091568526,-0.5666120703400972
483299,5.173246363693889,-0.5350240755680034
483599,2.6140909717332415,-0.6037741500987333
483898,3.6374136831360193,-0.6265801873410017
484199,2.564689613325834,-0.7165693688158901
484498,2.8344615246654197,-0.8135753899161766
484799,2.6702318905367295,-0.8287081922507609
485098,3.017115974990186,-0.8181708276456261
485399,25.962020042484863,-0.33506676126630053
485698,2.983761765395648,-0.2972109026069565
485999,59.446282773975604,-0.4845622749646741
486299,54.249319704017275,-0.5707702321440125
486598,29.34553461694088,-0.5836713857982725
486899,41.599111422433936,-0.22425505290050873
487198,39.058094893607546,-0.22164598950631653
487499,30.207048585535787,-0.27076796542043735
487798,30.00682084116773,-0.2927558808367736
488099,37.64073573801728,-0.36097513333787745
488398,44.82570981940847,-0.41994481193632116
488699,50.95463516142005,-0.34557792395371845
488999,60.71324114608208,-0.3055177734172554
489298,41.27276196388763,-0.3655010294269747
489599,42.741880763957084,-0.3886681573707895
489898,55.70861341961912,-0.3585214477214027
490199,56.738226695230225,-0.30087741784639177
490498,48.65594175485987,-0.3667773048665188
490799,49.073283398758015,-0.3560457393751342
491098,58.2083729324594,-0.3726415109931587
491399,46.350750885922366,-0.443077499256854
491699,43.32274406292931,-0.41917897826773776
491998,66.38251292136218,-0.40113779954655193
492299,76.42787859759136,-0.5097768583056566
492598,96.00867257404042,-0.35876719521491807
492899,72.22504583289458,-0.42536366268729964
493198,19.907986589208022,-0.46633467273948415
493499,24.67314048896704,-0.5643462861897379
493798,0.45566258391328407,
494099,0.45566258391328407,
494399,0.45566258391328407,
494698,0.45566258391328407,
494999,0.45566258391328407,
495298,0.45566258391328407,
495599,0.45566258391328407,
495898,0.45566258391328407,
496199,0.45566258391328407,
496498,0.45566258391328407,
496799,0.45566258391328407,
497099,0.45566258391328407,
497398,0.45566258391328407,
497699,0.45566258391328407,
497998,0.45566258391328407,
498299,0.45566258391328407,
498598,0.45566258391328407,
498899,0.45566258391328407,
499198,0.45566258391328407,
499499,0.45566258391328407,
499799,0.45566258391328407,
500098,0.45566258391328407,
500399,0.45566258391328407,
500698,0.45566258391328407,
500999,0.45566258391328407,
501298,0.45566258391328407,
501599,0.45566258391328407,
501898,0.45566258391328407,
502199,0.45566258391328407,
502499,13.986300116644587,-0.708891212148645
502798,5.90626968316079,-0.8223307560814279
503099,6.38696224702349,-0.7866190024447262
503398,8.318716149919327,-0.9484230656142631
503699,6.110416264446204,-0.9264536446289577
503998,6.218959196780435,-0.8641753119097972
504299,9.538680827856828,-0.9368629852405779
504598,14.872509220655436,-1.3121520112919276
504899,41.93220729649412,-0.8181349895795973
505199,31.874088631931627,-0.6394691304072353
505498,0.45566258391328407,
505799,,
506098,,
506399,0.45566258391328407,
506698,2.8699220805681973,-0.8241425409071208
506999,,
507298,,
507599,,
507899,0.45566258391328407,
508198,0.45566258391328407,
508499,0.45566258391328407,
508798,0.45566258391328407,
509099,0.45566258391328407,
509398,0.45566258391328407,
509699,0.45566258391328407,
509998,0.45566258391328407,
510299,0.45566258391328407,
510599,0.45566258391328407,
510898,0.45566258391328407,
511199,0.45566258391328407,
511498,0.45566258391328407,
511799,0.45566258391328407,
512098,0.45566258391328407,
512399,0.45566258391328407,
512698,0.45566258391328407,
512999,0.45566258391328407,
513299,0.45566258391328407,
513598,0.45566258391328407,
513899,0.45566258391328407,
514198,0.45566258391328407,
514499,0.45566258391328407,
514798,0.45566258391328407,
515099,0.45566258391328407,
515398,0.45566258391328407,
515699,0.45566258391328407,
515999,0.45566258391328407,
516298,0.45566258391328407,
516599,0.45566258391328407,
516898,0.45566258391328407,
517199,0.45566258391328407,
517498,0.45566258391328407,
517799,0.45566258391328407,
518098,0.45566258391328407,
518399,0.45566258391328407,
518699,0.45566258391328407,
518998,0.45566258391328407,
519299,0.45566258391328407,
519598,0.45566258391328407,
519899,0.45566258391328407,
520198,0.45566258391328407,
520499,0.45566258391328407,
520798,0.45566258391328407,
521099,0.45566258391328407,
521399,0.45566258391328407,
521698,0.45566258391328407,
521999,0.45566258391328407,
522298,0.45566258391328407,
522599,0.45566258391328407,
522898,0.45566258391328407,
523199,0.45566258391328407,
523498,0.45566258391328407,
523799,0.45566258391328407,
524099,0.45566258391328407,
524398,0.45566258391328407,
524699,0.45566258391328407,
524998,0.45566258391328407,
525299,0.45566258391328407,
525598,0.45566258391328407,
525899,5.760874068034168,-0.6694095867922627
526198,5.577603878781853,-0.5671354588621629
526499,6.301793854292735,-0.4878525992660738
526799,5.425632583258705,-0.5132700495986962
527098,4.724116636666111,-0.6792907783200237
527399,4.063082162017964,-0.6518142447844688
527698,3.9548098148605564,-0.6199578824604615
527999,5.247877798133704,-0.7779894294231027
528298,3.8098366844184266,-0.6687257279510241
528599,3.5735155757216677,-0.6819418738618919
528898,5.502823469527223,-0.8581165057691149
529199,19.133897948697825,-0.4838420867911779
529499,16.16004010193625,-0.5204740351091437
529798,4.019028746079046,-0.5304281216883122
530099,9.996044631880697,-0.5784683455180861
530398,18.870049019612182,-0.37437545389189064
530699,4.243457179753381,-0.9246450406789517
530998,2.8067132132378707,-0.6491787759439305
531299,3.6837403187725943,-0.6329828540236184
531598,3.2958804078559267,-0.7689189128524518
531899,4.863086419227195,-0.5847351553359545
532199,3.91827499518463,-0.43826325414035794
532498,4.0562479219577785,-0.454162534400812
532799,3.7306387597381185,-0.37461409304093474
533098,14.808108849957083,-0.2598148062572463
533399,2.763154978090621,-0.3655774636802973
533698,2.214389007166112,-0.37536579794110025
533999,2.302555288548057,-0.42177361770598565
534298,2.3593066428327787,-0.3692115383831709
534599,2.4722363162100933,-0.33935377499462915
534899,2.2304919665295384,-0.40387128814372564
535198,2.5827258026869457,-0.4064605652771156
535499,2.2763642162401863,-0.35170486305023196
535798,2.1326211273628717,-0.3850944472490583
536099,1.9749720130411117,-0.36465943574994
536398,2.1006170762887972,-0.3830741623126217
536699,2.3204895017957425,-0.5517847188805709
536998,2.090841679805001,-0.45769072088172447
537299,3.3407435240512684,-0.7431365483074579
537599,8.616785708031852,-0.6225494790820933
537898,48.50050542867236,-0.8760101673061278
538199,62.80712247166543,-0.8089506363965389
538498,66.62106254627653,-0.7738163496307862
538799,75.6056703122233,-0.662967583855486
539098,67.16231706229505,-0.6713044308145864
539399,42.44518607972423,-0.8503726546365036
539698,45.81922216467699,-0.9305305177294663
539999,65.00246936160387,-0.772022939878132
540299,2.9092546741150986,-0.6018146977129128
540598,0.45566258391328407,
540899,0.5148795688447136,0.3397141429224687
541198,0.5558326424301284,-0.12353061837708257
541499,22.10064783879505,-0.7311818607257925
541798,17.907637913468662,-0.712934871100801
542099,55.14077205757977,-0.5660204437175946
542398,33.34473124646172,-0.5521221824432758
542699,10.334301078547364,-0.4393736745766821
542999,5.744456326595976,-0.2869535165471713
543298,3.984886373468661,-0.3952787911365139
543599,7.140602456843662,-0.2687975029563443
543898,6.985527199264957,-0.26847736181021076
544199,2.0668334627610196,-0.7782444419133563
544498,3.294726225124445,-0.9908316843879101
544799,2.3194244636052344,-0.9816185127229993
545098,2.3803732324045384,-0.7801166278591891
545399,2.26385355022792,-0.9911081310940968
545699,3.3879805850959754,-0.290991780925949
545998,3.1141236663274565,-0.5625381740651465
546299,4.118049613198767,-0.3865018115833758
546598,1.567281789242501,-0.4746038048581238
546899,3.2222616595304356,-0.5642338495535704
547198,1.9915916676267598,-0.8469712429098959
547499,2.6305467345890308,-0.709897955155468
547798,2.903908154902471,-0.717348572860242
548099,1.5578747812494451,-0.5666482126239885
548399,1.7337943848512973,-0.4393658355762977
548698,1.444040277404538,-0.41874530627374873
548999,1.7831783997596018,-0.6399004855427595
549298,1.5173978370966674,-0.39945321346382134
549599,7.03112331170014,-0.22430138885418383
549898,2.130939568984864,-0.7514690574749527
550199,1.7972353051869447,-0.5162555889472227
550498,1.8703162285156492,-0.540438615751355
550799,1.7385271284716675,-0.48235782099848845
551099,1.8398386725040747,-0.4946462847216151
551398,1.922152528110556,-0.5149799698229043
551699,2.152380551592038,-0.6489186501737965
551998,2.1212690270202788,-0.6057850997173413
552299,2.3977218744948154,-0.6733203167996304
552598,2.6612908631800014,-0.6724243444226154
552899,2.915119789346667,-0.6810196302471814
553198,3.2501912509485194,-0.7231425583500237
553499,3.30138812613602,-0.6863929326380704
553799,3.332713856233242,-0.7033263979118693
554098,3.5413281953929645,-0.7248191259648473
554399,3.542701297712408,-0.6888040994793287
554698,3.5784870593860196,-0.6760939740607128
554999,3.7495635001753715,-0.7122081284313975
555298,3.850802836302687,-0.7191808453605772
555599,4.164779529930001,-0.703600118391003
555898,4.146096423261019,-0.7451164261361858
556199,4.175424025973982,-0.7252574933961498
556499,21.814318573424675,-0.2604944201630677
556798,0.45566258391328407,
557099,0.45566258391328407,
557398,0.45566258391328407,
557699,0.45566258391328407,
557998,0.45566258391328407,
558299,0.45566258391328407,
558598,0.45566258391328407,
558899,0.45566258391328407,
559199,,
559498,0.5085268784119914,-0.3564824956713608
559799,24.41269709527653,-0.5719810950442825
560098,14.32060446692005,-0.4437570234722581
560399,0.45566258391328407,
560698,1.0524547576142576,-0.1036873543640291
560999,0.7734204347731386,-0.213680826815837
561298,0.45566258391328407,
561599,0.45566258391328407,
561899,0.45566258391328407,
562198,0.45566258391328407,
562499,0.45566258391328407,
562798,24.92804622379505,-0.4617602755910719
563099,71.93399387997562,-0.4986702138830086
563398,0.45566258391328407,
563699,0.45566258391328407,
563998,0.45566258391328407,
564299,0.45566258391328407,
564599,0.45566258391328407,
564898,0.45566258391328407,
565199,0.45566258391328407,
565498,2.028131517670049,-0.40859822775723886
565799,4.340074440298056,-0.6135698118009216
566098,3.6827684476776863,-0.6773503454001
566399,3.7136264746499084,-0.6624522561465809
566698,3.6820603039670377,-0.6116839031214547
566999,3.865299771117501,-0.5863489074902908
567299,3.5782730749925005,-0.5923797345392041
567598,5.600236107126068,-0.45239050504733047
567899,4.586751156975605,-0.5363446748318372
568198,3.0160753025272236,-0.6182625229751417
568499,3.000125801793427,-0.6544561346129587
568798,2.8176819839600933,-0.6386696816092747
569099,2.676828580703149,-0.6296013105055451
569398,3.0551600781353274,-0.8181109931546564
569699,9.15827423735451,-0.3014716054950859
569999,4.197270825453149,-0.2727207055589458
570298,3.9384158564517313,-0.46019667464247527
570599,2.9908975630202788,-0.6651081103153538
570898,2.822631857675371,-0.5839208971845649
571199,2.8586797546869454,-0.6270136978415908
571498,2.955349386073519,-0.6204915510364433
571799,6.790103714903847,-0.5659789568427842
572098,3.232253128430001,-0.7441482488506801
572399,3.891860243153845,-1.025293737390514
572699,3.0334812929462047,-0.5910448957392744
572998,4.390238678580463,-0.6027631286935147
573299,3.35620923768926,-0.7649116702483503
573598,3.578719424989494,-0.9616574726589275
573899,3.3441043864256184,-0.6885021789948282
574198,2.509352004057316,-0.5057152493282577
574499,2.5696392524901865,-0.49389977896768866
574798,2.299515829358242,-0.4734942774977473
575099,2.3273051972633345,-0.5062488008652251
575399,2.6521495110341675,-0.5543254301246936
575698,2.503562486520279,-0.49870769836157125
575999,2.1709200191221303,-0.45271134879161345
576298,2.163489673242501,-0.46667727597856845
576599,2.310588202969353,-0.5794079784790003
576898,1.9415027822517597,-0.43693630369195624
577199,2.219253623041112,-0.561572535154848
577498,1.8329529607147235,-0.38139055577392766
577799,1.7615227216429639,-0.3763658579680489
578099,17.312535020718663,-0.4151585278764718
578398,11.65379796009829,-0.42926824752482085
578699,9.441663590357548,-0.5153941647506528
578998,76.62495292004041,-0.35068876427921913
579299,59.5516734667418,-0.32116822425339353
579598,0.45566258391328407,
579899,0.45566258391328407,
580198,0.45566258391328407,
580499,0.45566258391328407,
580799,0.45566258391328407,
581098,0.45566258391328407,
581399,0.45566258391328407,
581698,0.45566258391328407,
581999,0.45566258391328407,
582298,0.45566258391328407,
582599,0.45566258391328407,
582898,0.45566258391328407,
583199,0.45566258391328407,
583499,0.45566258391328407,
583798,0.45566258391328407,
584099,0.45566258391328407,
584398,0.45566258391328407,
584699,0.45566258391328407,
584998,0.45566258391328407,
585299,0.45566258391328407,
585598,0.45566258391328407,
585899,0.45566258391328407,
586199,0.45566258391328407,
586498,0.45566258391328407,
586799,0.45566258391328407,
587098,0.45566258391328407,
587399,0.45566258391328407,
587698,0.45566258391328407,
587999,0.45566258391328407,
588298,0.45566258391328407,
588599,0.45566258391328407,
588899,0.45566258391328407,
589198,0.45566258391328407,
589499,7.912906251415421,-1.002929696211584
589798,12.194681938369124,-1.2743380553479722
590099,26.649627264952457,-1.2979046791403386
590398,23.064617257225606,-1.3980593892757631
590699,19.67448525045477,-1.4940665047559047
590998,6.6857598200876565,-1.3607170596676879
591299,6.586124502389232,-1.0065471018208654
591599,4.073087667858242,-0.6471449600369401
591898,3.869301628555001,-0.611199632904097
592199,4.416513813832778,-0.82969974014127
592498,4.350425230884602,-1.0676030315870104
592799,16.131752112359138,-1.0785447796514411
593098,16.814711302576082,-1.4747947494194977
593399,4.285422264987871,-0.82628741105177
593698,33.306074512508005,-1.2321525764205066
593999,,
594299,0.45566258391328407,
594598,0.45566258391328407,
594899,0.45566258391328407,
595198,0.45566258391328407,
595499,0.45566258391328407,
595798,0.45566258391328407,
596099,0.45566258391328407,
596398,0.45566258391328407,
596699,0.45566258391328407,
596999,0.45566258391328407,
597298,0.45566258391328407,
597599,0.45566258391328407,
597898,0.45566258391328407,
598199,0.45566258391328407,
598498,,
598799,,
599098,,
599399,,
599699,,
599998,,
600299,,
600598,0.45566258391328407,
600899,0.45566258391328407,
601198,0.45566258391328407,
601499,0.45566258391328407,
601798,0.45566258391328407,
602099,0.45566258391328407,
602399,0.45566258391328407,
602698,0.45566258391328407,
602999,0.45566258391328407,
603298,0.45566258391328407,
603599,0.45566258391328407,
603898,0.45566258391328407,
604199,0.45566258391328407,
604498,0.45566258391328407,
604799,0.45566258391328407,
605099,0.45566258391328407,
605398,0.45566258391328407,
605699,0.45566258391328407,
605998,0.45566258391328407,
606299,0.45566258391328407,
606598,0.45566258391328407,
606899,0.45566258391328407,
607198,0.45566258391328407,
607499,0.45566258391328407,
607799,0.45566258391328407,
608098,0.45566258391328407,
608399,0.45566258391328407,
608698,0.45566258391328407,
608999,0.45566258391328407,
609298,0.45566258391328407,
609599,0.45566258391328407,
609898,0.45566258391328407,
610199,0.45566258391328407,
610499,0.45566258391328407,
610798,0.45566258391328407,
611099,0.45566258391328407,
611398,0.45566258391328407,
611699,0.45566258391328407,
611998,0.45566258391328407,
612299,0.45566258391328407,
612598,0.45566258391328407,
612899,0.45566258391328407,
613199,0.45566258391328407,
613498,0.5122975353027933,0.24396738433118348
613799,6.134449655344353,-0.8878929628598091
614098,12.353677215498752,-1.3757344567176757
614399,3.931190081425372,-0.6769484494924467
614698,3.801039203656852,-0.6645284405543519
614999,4.024657262071205,-0.6340532196220654
615298,3.987380591580463,-0.6284596708703596
615599,3.9149520086915746,-0.6306141755480006
615899,3.668879243973982,-0.6538717741210789
616198,3.708827683639957,-0.527093614287155
616499,3.483179801244816,-0.6459969575235993
616798,3.4617585514624083,-0.7398855546771075
617099,3.387475485098982,-0.7331268398268
617398,4.367941897237872,-0.5150537144490497
617699,2.787589738948519,-0.5761403967136338
617998,4.80264332423255,-0.7491918763225576
618299,2.9050935901383346,-0.6262443723673861
618599,3.3283729939508344,-0.8242576201557974
618898,2.8979608527378717,-0.6588505352749083
619199,2.9748630758582424,-0.6678967891386578
619498,8.830674888181623,-0.6469238191572082
619799,2.7339340087309267,-0.6380520186830685
620098,2.7999043797193526,-0.6426088755007124
620399,3.082155346855926,-0.7352412414676981
620698,2.7528880155573154,-0.718054593756569
620999,3.221172905690883,-0.6316020450751694
621299,2.52275357381889,-0.556409873485076
621598,2.4208318860619453,-0.5369414970461779
621899,2.5703489864647233,-0.5909196017980978
622198,2.6590582484346306,-0.6521261125065296
622499,8.280018750331362,-0.645603174585452
622798,2.408441574145279,-0.5477453441147733
623099,7.066786744954772,-1.172907739813105
623398,2.3752083227563903,-0.5132175145951834
623699,2.8944770475272232,-0.9031992226468071
623999,2.3161221741776856,-0.5601482753885905
624298,2.437413834105927,-0.5832109754772419
624599,2.635686942061945,-0.6482779441281412
624898,2.5601620543675008,-0.6548477612984356
625199,2.614290801041112,-0.6200384711306772
625498,2.7481286103212046,-0.6649826200608169
625799,2.591649316920742,-0.6249224005028982
626098,2.4412930138096307,-0.5711843099512228
626399,2.478333126980927,-0.5992556374686289
626699,2.4485268931221302,-0.7113795702019767
626998,20.98499954714386,-0.3366485655624323
627299,24.714127174768212,-0.5164452010605856
627598,60.353456156764956,-0.8807261201864214
627899,0.45566258391328407,
628198,0.45566258391328407,
628499,0.45566258391328407,
628798,30.072380690845975,-0.5131735357422254
629099,12.489609899171636,-0.17424599730807122
629399,8.513885405375342,-0.6286200324432778
629698,26.20191631326264,-0.9683912748407104
629999,28.358721871572826,-0.7843564462073243
630298,25.54845740663301,-0.7374322276423504
630599,0.6198498075358359,0.012918324823063765
630898,,
631199,0.45566258391328407,
631498,19.137535283237177,-0.6991677384692485
631799,26.742117058926993,-0.5905390380068767
632099,14.318221657077459,-0.9829683338910247
632398,26.996998677464028,-0.39957711976752397
632699,22.455417024264953,-0.4128630883329114
632998,17.380531029841347,-0.7874939719168117
633299,8.384210417967285,-1.0263227012574467
633598,5.6142110895952495,-1.5290352671712304
633899,25.34909161396634,-1.3550977451045565
634198,5.035521755785065,-1.249375106473571
634499,3.79172364581889,-1.159925675982827
634799,3.4229937282271945,-1.5697152311401439
635098,4.781855097502658,-0.6596352286478684
635399,3.700894655271176,-1.3425382427283297
635698,2.897329019170742,-0.9800800943892847
635999,5.1188863720142335,-1.3060390127849115
636298,4.928332284161482,-1.2691305032538898
636599,9.111327275757287,-1.2386997308094814
636898,4.928909026396176,-1.263505006323744
637199,7.604190170586715,-1.0060792266781102
637499,5.438323817060527,-1.2582017495369322
637798,5.885951033245713,-0.9937595173422247
638099,4.672257816683938,-1.2427065626253224
638398,7.103295606606173,-1.3231379576198021
638699,53.08837748022791,-0.4127363726317548
638998,129.47389016542007,-0.11589845219287409
639299,5.254471392335341,-0.4045930806117177
639598,0.5648445652997247,0.10662619028343956
639899,1.2552758565453044,-0.1660387319310206
640199,3.8252285097494454,-0.9000072653123994
640498,6.046530083631637,-0.8503908237630176
640799,7.861498577145525,-0.544113855087411
641098,5.101339633575834,-0.7877550427190032
641399,4.15558329956426,-0.9911162609787936
641698,6.883520727895279,-0.7189218732295424
641999,4.858933744469723,-0.2761558366329906
642298,3.1325898193308337,-0.37389881023104565
642599,44.17946392988301,-0.5694181153940401
642899,82.22377245436913,-0.5840741318570997
643198,4.54726351946866,-0.9909530909961677
643499,5.289188239985557,-0.9464762453187228
643798,6.190163102677686,-0.9821317123111715
644099,7.507819494284167,-0.9030336856950771
644398,5.468759175897594,-0.7686926336633566
644699,5.242801668844353,-0.708562943410521
644998,5.469418439629076,-0.7488818152455747
645299,5.514822769862872,-0.6827464288269096
645599,6.5277196486175,-0.5571878996410937
645898,5.237256617714724,-0.6540535412473159
646199,6.574451457744817,-0.5667860230877546
646498,7.054020456872131,-0.5900592240779423
646799,7.889092635774907,-0.6006486026950413
647098,8.88357732833741,-0.5548067059257265
647399,8.565231171733242,-0.5887480225544266
647698,8.422436499098986,-0.5688607555391685
647999,8.047945592483241,-0.5724112824177017
648299,9.756900128824416,-0.5945299593715738
648598,13.772390869909414,-0.5096295946630567
648899,12.350687314667734,-0.5364625786522941
649198,10.461403324556622,-0.7136522325705414
649499,24.246263357902464,-0.27870986776116036
649798,39.20589876211681,-0.4285387539564003
650099,27.23854586483209,-0.49591445609827134
650398,53.12341118972561,-0.44800426335259425
650699,40.35391429491542,-0.4173095299395062
650999,45.83728010739784,-0.3022322216562736
651298,38.36128877138859,-0.3918757361132845
651599,4.549489554804826,-0.17232636272108515
651898,0.45566258391328407,
652199,0.45566258391328407,
652498,0.45566258391328407,
652799,0.45566258391328407,
653098,0.45566258391328407,
653399,0.45566258391328407,
653699,0.45566258391328407,
653998,0.45566258391328407,
654299,0.45566258391328407,
654598,0.45566258391328407,
654899,0.45566258391328407,
655198,0.45566258391328407,
655499,0.45566258391328407,
655798,9.480527616619817,-0.43649217471782653
656099,7.923658346792008,-0.38668947355313255
656399,7.508319954004323,-0.43671612918729075
656698,4.665828020094353,-0.6728994435557281
656999,4.398125563311945,-0.6901349079584684
657298,4.2411042928860185,-0.7398008227667328
657599,3.970686675869816,-0.6665262896097044
657898,3.419671099925371,-0.643871496631931
658199,5.146125220828396,-0.6954247654312256
658498,8.442707256595975,-0.581474051954961
658799,8.76482618102653,-0.6758546162674148
659099,8.626731084771901,-0.42841383939426114
659398,13.35392195100639,-0.4789356237326543
659699,9.81640806338602,-0.4257678432452081
659998,7.11567204368926,-0.5929123347063119
660299,7.456849346608242,-0.7535821754840561
660598,7.211759512001759,-0.768838173534609
660899,6.445328479936944,-0.770657028441665
661198,6.123184358230927,-0.8002919248845628
661499,6.045659445680001,-0.7565632475891528
661799,8.97483202161377,-0.9061096053836262
662098,8.157741123501761,-0.8418046691226222
662399,14.56843474966079,-0.6836062692761402
662698,10.833607001867747,-0.7681858349251909
662999,11.799863028115434,-0.776824333126763
663298,13.294435363525155,-0.7025462276060082
663599,20.05311570485849,-0.6244115038770708
663898,20.66287376744783,-0.7078193179278462
664199,21.946897373714027,-0.6961251767530137
664499,25.448511461755697,-0.6380072809633874
664798,27.91645170390847,-0.5891383055845882
665099,22.381686408149214,-0.6901869316868812
665398,36.29793997083208,-0.5466304792866272
665699,51.034942657505695,-0.6879054574091599
665998,64.37295433067699,-0.5721747135424995
666299,65.44508804226726,-0.5173171448519578
666598,53.6493464912418,-0.5601943733502315
666899,60.23735803467467,-0.42464212274693813
667199,29.165987002892273,-0.45547778484041435
667498,33.45329052664228,-0.5140738001387326
667799,0.45566258391328407,
668098,,
668399,0.45566258391328407,
668698,0.45566258391328407,
668999,0.45566258391328407,
669298,0.45566258391328407,
669599,0.45566258391328407,
669899,0.45566258391328407,
670198,0.45566258391328407,
670499,0.45566258391328407,
670798,0.45566258391328407,
671099,0.45566258391328407,
671398,0.45566258391328407,
671699,0.45566258391328407,
671998,0.45566258391328407,
672299,0.45566258391328407,
672599,0.45566258391328407,
672898,0.45566258391328407,
673199,0.45566258391328407,
673498,0.45566258391328407,
673799,0.45566258391328407,
674098,0.45566258391328407,
674399,0.45566258391328407,
674698,0.45566258391328407,
674999,0.45566258391328407,
675299,21.09215859307051,-0.8119788605399161
675598,8.854497674616809,-1.4301169703270071
675899,,
676198,5.331150253181622,-1.312720388026313
676499,10.66112694205821,-1.2742642025369424
676798,18.103631330188566,-1.0433535271621035
677099,21.65012498711217,-1.3388567576688302
677398,13.443140235179309,-1.7204904358006394
677699,12.350669701757289,-1.2277466267986838
677999,9.68633142530431,-1.6261605532098162
678298,15.133169121446453,-1.0835947791590494
678599,21.36470173771562,-1.100853091470312
678898,4.285999720280436,-1.4026114142205066
679199,3.5439502610396945,-1.0170061631360054
679498,3.6018003222633346,-1.0897378889771803
679799,5.234357756154538,-1.0341407546331745
680098,3.739400781085093,-0.8392328305685097
680399,3.6757380214878714,-0.7654140595750061
680699,3.952939355481825,-0.7780491632701765
680998,4.357834281423954,-0.8275195276871723
681299,10.884800858821452,-0.7202805090263387
681598,6.4487567975651565,-1.1265264810447322
681899,16.18569162266636,-1.2665450919143324
682198,15.917192436764955,-1.3583754367737626
682499,5.184117378027224,-0.7731993776100188
682798,10.739595704598292,-1.3436310160536173
683099,3.609241451203149,-0.5825299080874853
683399,18.539114536322828,-1.5725970778006455
683698,0.45566258391328407,
683999,0.45566258391328407,
684298,0.45566258391328407,
684599,0.45566258391328407,
684898,0.45566258391328407,
685199,0.45566258391328407,
685498,0.45566258391328407,
685799,0.45566258391328407,
686099,0.45566258391328407,
686398,0.45566258391328407,
686699,0.45566258391328407,
686998,0.45566258391328407,
687299,0.45566258391328407,
687598,,
687899,0.45566258391328407,
688198,12.189073840822104,-0.5231022680022406
688499,,
688799,,
689098,0.45566258391328407,
689399,0.45566258391328407,
689698,0.45566258391328407,
689999,,
690298,,
690599,,
690898,,
691199,,
691499,,
691798,,
692099,,
692398,,
692699,,
692998,,
693299,0.45566258391328407,
693598,0.45566258391328407,
693899,0.45566258391328407,
694199,0.40161551989379535,-0.22126663787047507
694498,0.45566258391328407,
694799,0.45566258391328407,
695098,0.45566258391328407,
695399,0.45566258391328407,
695698,0.45566258391328407,
695999,0.45566258391328407,
696298,1.981811525464031,-0.16601685647884468
696599,0.45566258391328407,
696899,0.45566258391328407,
697198,9.634664792307563,-1.1631928105269278
697499,24.413682988726297,-1.3249722342987575
697798,11.146680234869816,-1.0354523701636436
698099,4.1770890001105565,-0.7161049116748923
698398,4.54617199856426,-0.7452198034440072
698699,4.834602976920742,-0.6490555083641159
698998,5.034658733596668,-0.7506219967449037
699299,5.941732367741083,-0.8427675096254299
699599,5.064280980517963,-0.6950801911090956
699898,4.543542975145278,-0.6336030290400831
700199,4.718164164950834,-0.6209470896127021
700498,5.295095337402223,-0.6986291133430766
700799,5.581736703932317,-0.6739725738500264
701098,5.490825477434631,-0.6973828872742449
701399,5.645851924596667,-0.7082813494892015
701698,7.900575179883704,-0.8846216329197221
701999,8.313135412023492,-0.9360085296721814
702299,5.413619098624445,-0.7610723966788342
702598,8.330319346743401,-0.8954893951696481
702899,4.964440133399217,-1.019755870461109
703198,6.091250056462409,-1.064464191953804
703499,4.979917080615185,-0.92411349962635
703798,13.19955604414227,-1.0069847478006753
704099,7.769506994947829,-1.1078350481775017
704398,7.9358633525550015,-1.063328770237315
704699,4.018294119446204,-0.8050354768487866
704999,4.158820501126759,-0.8427204543754718
705298,4.457705727230927,-0.8514282061150273
705599,4.183327482180001,-0.7794415021745944
705898,4.072263666298056,-0.7330834298113322
706199,4.0391104132054645,-0.7238645126308705
706498,3.812099208559631,-0.6739951993210331
706799,3.975776511286483,-0.6941616120215082
707098,3.8457667124624084,-0.6221279832232647
707399,3.9833002518999083,-0.6380208587813714
707699,4.132485330427687,-0.6641838430881468
707998,3.927397949985556,-0.6390575188585619
708299,4.251804173149909,-0.681474135682222
708598,3.857740781050371,-0.6247767408221385
708899,3.4551853199716676,-0.7424658084303337
709198,3.5654032847008343,-0.7501125143981942
709499,3.6232397791406488,-0.7398587524220781
709798,3.6771228653235193,-0.7108125263021028
710099,3.738612470677686,-0.6591566403759956
710399,3.7186424130063904,-0.6192447701090698
710698,3.876996317362872,-0.5981951504687877
710999,3.87963652263139,-0.6183176042928384
711298,3.9485758152702792,-0.6312402421287351
711599,4.00674927213139,-0.6255520548394173
711898,4.053620674571204,-0.5777334524664852
712199,10.851185228167008,-0.5054125988419069
712498,4.246570704223982,-0.5960470552755743
712799,4.406475303522594,-0.6184662394859473
713099,4.452858229506389,-0.5888255531211792
713398,4.709863886654538,-0.5686092889852967
713699,4.95959194593463,-0.5790984320289061
713998,5.065161687987871,-0.5619623734693446
714299,4.937947288684631,-0.5562197034982173
714598,4.896922928911483,-0.5423134810756205
714899,4.665678344765649,-0.49618903137696013
715198,4.862944754156853,-0.5721991893250211
715499,4.2707847911267605,-0.4981678757629773
715799,4.247692381897593,-0.424700917851196
716098,4.2107964637170365,-0.3285808860944581
716399,4.0584723791175,-0.38289360231769587
716698,5.461361822349229,-0.7009254008823902
716999,4.257755946064261,-0.6011654668809876
717298,3.889942997953149,-0.477594936813198
717599,4.420676410980927,-0.6406813513355301
717898,3.894913397397594,-0.5297888872814303
718199,4.231110123457778,-0.599959770774392
718499,4.162470484295742,-0.5037422342645463
718798,4.171953549707778,-0.5272815300682945
719099,4.199012603406852,-0.5500445643953784
719398,4.568105220256389,-0.5728486282515162
719699,10.712469278850604,-0.4572904966120175
719998,14.689045127459401,-0.5435415864224766
720299,4.695687755779766,-0.34611062519425007
720598,42.459548962245066,-0.24409187789986242
720899,5.164122226172363,-0.8693950319046628
721199,4.85049693790775,-1.0177555685046875
721498,4.276601576402224,-0.8573079804094101
721799,4.330287579205463,-0.7259693528234499
722098,4.238373883034168,-0.5978619003502368
722399,9.150925363668428,-0.7104910142387855
722698,4.677573297923056,-0.6120482616433138
722999,6.067836377392965,-0.8147434766508319
723298,9.995162513878382,-0.6755374317453655
723599,5.583662367145279,-0.8925737084827383
723899,9.614254111548954,-0.6307909736553325
724198,4.38857889634829,-0.898113156772842
724499,6.392088943274216,-0.6311042765952124
724798,7.341576456432317,-0.5286024519643178
725099,5.399434664437842,-1.0462883408038284
725398,5.180542562842936,-0.9916605256042903
725699,4.984824013888334,-0.7855605765234128
725998,8.988513629265896,-0.9051387844950882
726299,4.619433441770279,-0.750480335112597
726599,4.768198305657751,-0.779206764763082
726898,4.487256547377657,-0.7660487388782697
727199,4.3577925575110195,-0.7407439535419167
727498,4.065969938284166,-0.6699111235324497
727799,4.27219693662213,-0.6862990681943426
728098,4.101143428909166,-0.6311315605430006
728399,4.481128027571453,-0.7195630861951228
728698,20.45978066537607,-0.3354835149104278
728999,4.331457279770279,-0.6497396148908574
729299,4.466709999075834,-0.6416756859810948
729598,4.785848565781854,-0.637378170796415
729899,6.425148716701731,-0.9304949065031618
730198,5.216311167436945,-0.6115393809335918
730499,4.974299128973983,-0.6020100421830086
730798,5.2807293478675,-0.5548249803521987
731099,5.285832906904539,-0.5766691887120541
731398,5.512253140321204,-0.6305230088147173
731699,5.897380356855927,-0.6174239182257679
731999,5.894118940430001,-0.6080505564737222
732298,6.217441474571205,-0.5951781784185122
732599,6.431132123057316,-0.5475093922587986
732898,6.228801499480927,-0.5543250396965138
733199,6.244710231402222,-0.5156639401006375
733498,6.539898954710093,-0.5237273979871218
733799,6.527884546092038,-0.518620895657385
734098,6.5445678817077795,-0.4783594794364454
734399,6.516921803723982,-0.47527516485206056
734699,6.860928924200834,-0.46938573776353065
734998,6.880509922284167,-0.4509329191143536
735299,7.127195293038797,-0.44741760741503533
735598,7.498164350085094,-0.4643812567403782
735899,7.535976690730927,-0.4646017288132014
736198,7.753829031851298,-0.45434280414155026
736499,8.290922874814262,-0.45967783654635097
736798,8.51896866938602,-0.459934742917419
737099,8.686597821973985,-0.46366190277906205
737399,9.06314773201565,-0.4815460747982001
737698,9.216283543758706,-0.47183360138569075
737999,9.521012998346668,-0.46563288269908276
738298,9.394601416839723,-0.4389213015213109
738599,9.242512127543428,-0.42707410183467
738898,9.212269946735553,-0.43230400430592053
739199,9.129621237358242,-0.43055628254626677
739498,8.911383504089722,-0.40381125973252874
739799,8.872860314920741,-0.40681600677409335
740099,8.854920090763336,-0.4045276566629854
740398,9.00457008271241,-0.42441976217803346
740699,8.997883069953147,-0.4139745090912217
740998,8.891441778156853,-0.4216777782995964
741299,9.303444993601296,-0.4395439474802163
741598,9.121911820441575,-0.442604448022506
741899,8.773611321791112,-0.3996070137862773
742198,8.994745427344352,-0.3963981868969082
742499,8.698080274640647,-0.39200439635672146
742799,8.862828473249445,-0.38006355600728225
743098,8.886982146788796,-0.4163718307894273
743399,8.882616116700834,-0.3766875929140405
743698,8.545635820696205,-0.34580290299556316
743999,8.629100154122131,-0.3621465688172789
744298,8.634701002217039,-0.36228720657867775
744599,8.910217853330463,-0.39913766969730924
744898,8.962197516624446,-0.43452339783384075
745199,16.622137854276527,-0.6331499856347416
745499,9.812152155066578,-0.5582531263429782
745798,6.3968009984462055,-0.37417966170005257
746099,8.699985458698372,-0.4919087351567093
746398,7.979171378874445,-0.5327491046718817
746699,6.766392198985556,-0.5061467825502721
746998,6.434344701020278,-0.5901657100591156
747299,4.683991852471667,-0.7667839732042288
747598,4.83593782481426,-0.7500933606485802
747899,4.949588008811946,-0.7620306176006741
748199,5.080324184483242,-0.7526952900234525
748498,5.19879715780963,-0.7646426786987002
748799,5.107742814585093,-0.7415915845234708
749098,4.9906564838605565,-0.7239942572528393
749399,4.937135659684632,-0.6851686970961839
749698,5.798502889518211,-0.793994274414253
749999,5.646207830946205,-0.7626409533961813
750298,5.6850596641105575,-0.7667816210700873
750599,5.799976284816575,-0.7383891168717744
750899,5.866291503467038,-0.7358177795580445
751198,6.210555324582779,-0.7338703146291781
751499,6.259165913564259,-0.7198645130319947
751798,6.42657026300639,-0.6955376895708876
752099,6.453667490617502,-0.676989592259402
752398,6.229118829821204,-0.6444495701105861
752699,6.270570777094353,-0.6563892532600839
752998,6.213659965115187,-0.5854392459565732
753299,6.282925362816575,-0.5650742547363736
753599,7.032123069631636,-0.7278272254230778
753898,5.5231785450989825,-0.5157700623361783
754199,5.5329202647008335,-0.5346182535157749
754498,5.775375672786482,-0.5140310321126655
754799,5.912003536714723,-0.5210486180610505
755098,5.614739905604988,-0.7193839085002791
755399,5.28387560849713,-0.6810277466647123
755698,5.265391013390649,-0.5660771161018212
755999,5.2784857121568525,-0.5967791994882523
756299,5.311808831277222,-0.5955449122780558
756598,5.360263695941575,-0.6005901215360594
756899,5.502582245531854,-0.6531555170329928
757198,5.495473219196204,-0.6504143361418147
757499,5.3261639593397225,-0.5748949627755993
757798,5.428331155210093,-0.5062449475209718
758099,5.377182814397594,-0.5100614474276697
758398,5.665466482096666,-0.536999097850503
758699,29.579857647075144,-0.6931970210820952
758999,34.36232668018625,-0.6558796511220313
759298,0.6154387327168857,0.25835301202766214
759599,,
759898,0.45566258391328407,
760199,0.45566258391328407,
760498,0.45566258391328407,
760799,0.45566258391328407,
761098,0.45566258391328407,
761399,0.45566258391328407,
761699,0.45566258391328407,
761998,0.45566258391328407,
762299,0.45566258391328407,
762598,0.45566258391328407,
762899,0.45566258391328407,
763198,0.45566258391328407,
763499,0.45566258391328407,
763798,0.45566258391328407,
764099,0.45566258391328407,
764399,0.45566258391328407,
764698,0.45566258391328407,
764999,0.45566258391328407,
765298,0.45566258391328407,
765599,0.45566258391328407,
765898,0.45566258391328407,
766199,0.45566258391328407,
766498,0.45566258391328407,
766799,0.45566258391328407,
767099,0.45566258391328407,
767398,0.45566258391328407,
767699,0.45566258391328407,
767998,0.45566258391328407,
768299,0.45566258391328407,
768598,0.45566258391328407,
768899,2.4174166454200496,-0.21387184791016378
769198,10.660871003386918,-0.5611949369882037
769499,10.732043990936253,-0.7392233944971542
769799,9.675142178729509,-0.5541229608975231
770098,8.895143953451731,-0.6033108803508374
770399,8.059841695247131,-0.5687020275253578
770698,7.397678811594354,-0.514534719134512
770999,21.8997242231006,-1.0356341719637494
771298,13.743345134285066,-1.0952261473246998
771599,33.44774126908831,-1.4212271279249404
771898,,
772199,,
772499,,
772798,,
773099,,
773398,,
773699,0.45566258391328407,
773998,,
774299,,
774598,,
774899,,
775199,0.45566258391328407,
775498,0.45566258391328407,
775799,0.45566258391328407,
776098,0.45566258391328407,
776399,0.45566258391328407,
776698,0.45566258391328407,
776999,0.45566258391328407,
777298,0.45566258391328407,
777599,0.45566258391328407,
777899,0.45566258391328407,
778198,0.45566258391328407,
778499,0.45566258391328407,
778798,0.45566258391328407,
779099,0.45566258391328407,
779398,0.45566258391328407,
779699,0.45566258391328407,
779998,0.45566258391328407,
780299,0.45566258391328407,
780599,0.45566258391328407,
780898,0.45566258391328407,
781199,0.45566258391328407,
781498,0.45566258391328407,
781799,0.45566258391328407,
782098,0.45566258391328407,
782399,0.45566258391328407,
782698,0.45566258391328407,
782999,0.45566258391328407,
783299,0.45566258391328407,
783598,0.45566258391328407,
783899,0.45566258391328407,
784198,0.45566258391328407,
784499,0.45566258391328407,
784798,0.45566258391328407,
785099,0.45566258391328407,
785398,0.45566258391328407,
785699,0.45566258391328407,
785999,0.45566258391328407,
786298,0.45566258391328407,
786599,0.45566258391328407,
786898,0.45566258391328407,
787199,0.45566258391328407,
787498,0.45566258391328407,
787799,0.45566258391328407,
788098,0.45566258391328407,
788399,0.45566258391328407,
788699,0.45566258391328407,
788998,0.45566258391328407,
789299,0.45566258391328407,
789598,0.45566258391328407,
789899,0.45566258391328407,
790198,2.992098816008557,-0.8885417317822788
790499,7.1890308815589385,-0.8593301893478413
790798,5.074295971027222,-0.7339219914279638
791099,5.156866266152224,-0.8103732401781132
791399,5.466548556544803,-0.8720761213141128
791698,5.095629131316575,-0.7522144037142744
791999,7.054185885556624,-0.6927157512454856
792298,6.039624880777222,-0.764909322876064
792599,8.323957723392965,-0.5215662225263824
792898,6.407711811195511,-0.8067455159765609
793199,4.7395199284647225,-0.7977351828946897
793498,6.077569333485556,-0.8130628151268711
793799,6.517276166734864,-0.9090012469966104
794099,6.958151810504075,-0.7210562171503276
794398,5.455196448059631,-0.8065757601408723
794699,5.425929980656852,-0.8033628826958297
794998,5.65186898593926,-0.8029733415775817
795299,5.933357924078148,-0.7540919635657437
795598,5.381422297487871,-0.7788437614850026
795899,6.129055372302686,-0.8192603216517527
796198,5.296523325434631,-0.8135200226213188
796499,5.559258664513334,-0.808187699977083
796799,5.2020051620642604,-0.6928292743878528
797098,43.42205290071172,-0.410919440865654
797399,7.474293286547363,-0.4505033960734228
797698,7.606810652246438,-0.49743016787655203
797999,7.735476315961716,-0.3792765551455546
798298,8.915014466728858,-0.4119558671372716
798599,4.80816893688602,-0.7884468628054011
798898,5.055181046392963,-0.8350394155790557
799199,5.229657166457779,-0.7941105106181319
799499,5.37102719593463,-0.7351677612922445
799798,5.472708964763335,-0.7154277196390395
800099,6.074302163355234,-0.8247845737452022
800398,5.439161919545742,-0.6114342791028513
800699,5.954122071196205,-0.6093974468841614
800998,5.9873288802934255,-0.6197258595127064
801299,6.4007815300318525,-0.5583182119477754
801598,5.772801397899908,-0.4468151121607713
801899,6.309603580105926,-0.4851632622909474
802199,6.433144020212409,-0.46841281351500075
802498,6.622210363909168,-0.5096156121924014
802799,6.627283029541111,-0.7727325773160008
803098,5.897974336630451,-0.8992291848395022
803399,5.012672386647593,-0.7728984426422554
803698,5.198262895663797,-0.7773658959049872
803999,4.927937995066575,-0.6189180715741143
804298,4.972861609895279,-0.5449306467299011
804599,5.3602894688605565,-0.5956221011031366
804899,5.672752894112872,-0.6275980218847537
805198,6.062156728233242,-0.6529101445583698
805499,6.5131779865830275,-0.8405843885459248
805798,16.17631095461218,-0.625550772057454
806099,101.07181161654967,-0.4792649994475948
806398,51.76907534108441,-0.43202471067087145
806699,0.45566258391328407,
806998,0.6782263920547753,-0.13664179024510514
807299,0.45566258391328407,
807599,0.45566258391328407,
807898,0.45566258391328407,
808199,0.45566258391328407,
808498,0.45566258391328407,
808799,0.45566258391328407,
809098,0.45566258391328407,
809399,0.45566258391328407,
809698,0.45566258391328407,
809999,0.45566258391328407,
810299,0.45566258391328407,
810598,0.45566258391328407,
810899,0.45566258391328407,
811198,0.45566258391328407,
811499,0.45566258391328407,
811798,0.45566258391328407,
812099,0.45566258391328407,
812398,0.45566258391328407,
812699,0.45566258391328407,
812999,12.063875692281162,-0.9612429434280294
813298,10.537521719363767,-1.1447222288885293
813599,10.864424072337407,-0.6084022077723921
813898,5.785775964768861,-0.7112133954681705
814199,5.814320014999446,-1.030651482041013
814498,7.9033869024471,-0.9937839710823331
814799,6.294824605134602,-0.9276173612056828
815098,6.452428012697101,-0.8439063934432043
815399,6.266304470051269,-0.8381221497747497
815699,10.191469374128381,-0.9044967424690094
815998,7.474737369894585,-1.053503423615263
816299,6.844841621194787,-0.6917708028446428
816598,8.115324813950142,-0.9961421674912023
816899,9.59006075661681,-1.0516441572694113
817198,8.530574456100602,-1.0741653693452236
817499,7.650108867139957,-0.8865057062656785
817798,8.137881607301269,-1.1325083269686513
818099,7.12611495467074,-0.9420668481703605
818399,13.896410964686252,-0.9080494341119358
818698,6.813711775903121,-0.6900605252815248
818999,6.892274975065884,-0.7864864229820416
819298,8.00278543823718,-0.7646874151354273
819599,6.158987097490186,-0.6773523494003388
819898,7.630221997976545,-0.9529083464205619
820199,9.451874992585093,-0.7360762688544309
820498,10.025245079720252,-0.7141430585474218
820799,7.292002716190158,-0.7798949579902184
821099,31.413905724897845,-0.6896232660602601
821398,21.04108571939227,-0.7288786350557548
821699,37.61606434551496,-0.6087806019088813
821998,6.822851258322101,-0.4961743509200265
822299,6.723079409965622,-0.4476103082831928
822598,7.969630388773491,-0.4516855127382975
822899,8.393246479296641,-0.4482206961751771
823198,13.694717930129322,-0.5413893986141838
823499,15.03378440294551,-0.3937435862490051
823799,30.559177085098288,-0.564250541147814
824098,31.910964642714035,-0.5191960656616708
824399,22.145624406916355,-0.5800982551440614
824698,19.9141329350483,-0.4998744574158973
824999,18.397052165295985,-0.4812831395194339
825298,20.294501685775156,-0.5503113452464119
825599,21.392433836610802,-0.5391465827355562
825898,57.81278539632746,-0.6821366673007181
826199,72.76330496587838,-0.6814831011333722
826499,62.74526185265847,-0.6396511386911854
826798,103.20994249608673,-0.6436864317171076
827099,115.90192826117931,-0.4636973980033363
827398,132.18832928219783,-0.5438238140587612
827699,104.95185883182745,-0.5573710715216362
827998,120.24322910960524,-0.5177047092522116
828299,100.31844358393394,-0.6084981386173645
828598,83.19843523668857,-0.5080159602640382
828899,104.90189059437375,-0.6085058145265883
829199,73.16493902099876,-0.5537115428419306
829498,32.201729370403854,-0.516185870703342
829799,57.86567217470709,-0.6830899735070644
830098,56.15924270118162,-0.5992665217734663
830399,69.4839833336631,-0.4934129336881059
830698,59.85680888931587,-0.5263371005954005
830999,63.68246397814227,-0.5653337552914368
831298,71.38983502134829,-0.46737913036473544
831599,54.39916613592467,-0.5492880262956275
831899,66.55680155455431,-0.5314038647212354
832198,49.67073999948023,-0.6085888133092971
832499,45.258071928251056,-0.623437991397753
832798,51.66368576134134,-0.532647469762682
833099,49.094979666711716,-0.5475362561199939
833398,32.5427359337256,-0.4622251622910323
833699,0.45566258391328407,
833998,0.45566258391328407,
834299,0.45566258391328407,
834599,0.45566258391328407,
834898,0.45566258391328407,
835199,0.45566258391328407,
835498,0.45566258391328407,
835799,11.541608955660065,-0.46681362286603867
836098,13.420789376374442,-0.31714478839908966
836399,11.657189411807316,-0.2867562600156468
836698,11.304139719254074,-0.3561296615740277
836999,10.05911641132352,-0.3430645398203629
837299,8.85285185442537,-0.3548213947719925
837598,8.614845149585095,-0.4148709689512091
837899,9.536524932695512,-0.47489289993568184
838198,7.957706850223984,-0.6094529115423433
838499,7.276128383511018,-0.6387666577119415
838798,7.185140342274909,-0.6542368702659718
839099,7.403983787763334,-0.7089875396815248
839398,7.299040454117501,-0.6970089766947047
839699,7.515104803446203,-0.7026462590341824
839999,7.53071622325176,-0.7231858759260137
840298,7.600199241446205,-0.72131031610175
840599,7.704364224073519,-0.7523047410350094
840898,7.9770680189253715,-0.7621093569371704
841199,8.13350254800639,-0.7332107445801537
841498,7.95118173355963,-0.6913534319327599
841799,8.233281682244815,-0.6927088597017106
842098,10.719477061083026,-0.4627113207364515
842399,9.192800142041113,-0.5329533705178857
842699,8.776231659118398,-0.6056278139548781
842998,13.764287051197105,-0.4610454438134983
843299,9.875483048409171,-0.6144260829792052
843598,0.45566258391328407,
843899,0.4180976283310261,-0.5067438336048584
844198,0.7757151625013083,-0.17791154886975713
844499,10.721945242855929,-0.5653975803081113
844798,10.84952575788602,-0.5196714838128556
845099,10.996642722156853,-0.5206470998930315
845399,11.223702861552686,-0.4842493306054556
845698,12.112589609494815,-0.5002391539519304
845999,21.464037860455715,-0.4090646363665509
846298,25.826040381735805,-0.2393939780354979
846599,38.71384838134923,-0.2312556118735647
846898,62.14070969217931,-0.2731140223061477
847199,73.22434511578346,-0.27899638883455546
847498,1.5872269925808355,0.03765268215456796
847799,0.45566258391328407,
848099,,
848398,,
848699,,
848998,8.742434464173305,-0.34003276137823635
849299,0.45566258391328407,
849598,0.45566258391328407,
849899,0.45566258391328407,
850198,0.45566258391328407,
850499,0.45566258391328407,
850799,0.45566258391328407,
851098,0.45566258391328407,
851399,0.45566258391328407,
851698,0.45566258391328407,
851999,0.45566258391328407,
852298,0.45566258391328407,
852599,0.45566258391328407,
852898,0.45566258391328407,
853199,0.45566258391328407,
853499,0.45566258391328407,
853798,0.45566258391328407,
854099,0.45566258391328407,
854398,0.45566258391328407,
854699,0.45566258391328407,
854998,0.45566258391328407,
855299,0.45566258391328407,
855598,0.45566258391328407,
855899,0.45566258391328407,
856199,0.45566258391328407,
856498,0.45566258391328407,
856799,0.45566258391328407,
857098,0.45566258391328407,
857399,0.45566258391328407,
857698,0.45566258391328407,
857999,0.45566258391328407,
858298,21.16540255656285,-0.6110340581534139
858599,12.190720523207087,-1.1222312365612535
858899,25.110458880778122,-0.8154859078194299
859198,21.392834034025807,-0.8337669828949243
859499,,
859798,0.4335931606587746,-0.20122524706048317
860099,,
860398,0.45850115138270314,-0.10932353834312836
860699,0.46590147869436205,0.10833473858230713
860998,,
861299,,
861599,0.529686277724743,-0.2996049060518313
861898,24.818699772318194,-1.5366450870155757
862199,18.253124695220972,-1.6229625628284583
862498,14.699223175778846,-1.2630568546475822
862799,1.3424582911387994,-0.18010220266414767
863098,0.5238019614992199,-0.03384411261205167
863399,23.35411336904505,-1.1322987139359117
863698,0.45566258391328407,
863999,0.45566258391328407,
864299,,
864598,0.45566258391328407,
864899,0.45566258391328407,
865198,0.45566258391328407,
865499,0.45566258391328407,
865798,0.45566258391328407,
866099,0.45566258391328407,
866398,0.45566258391328407,
866699,0.45566258391328407,
866999,0.45566258391328407,
867298,0.45566258391328407,
867599,0.45566258391328407,
867898,0.45566258391328407,
868199,0.45566258391328407,
868498,0.45566258391328407,
868799,0.45566258391328407,
869098,0.45566258391328407,
869399,0.45566258391328407,
869699,0.45566258391328407,
869998,0.45566258391328407,
870299,0.45566258391328407,
870598,0.45566258391328407,
870899,0.45566258391328407,
871198,0.45566258391328407,
871499,0.45566258391328407,
871798,0.45566258391328407,
872099,0.45566258391328407,
872399,0.45566258391328407,
872698,0.45566258391328407,
872999,0.45566258391328407,
873298,0.45566258391328407,
873599,0.45566258391328407,
873898,0.45566258391328407,
874199,0.45566258391328407,
874498,0.45566258391328407,
874799,0.45566258391328407,
875099,0.45566258391328407,
875398,0.45566258391328407,
875699,0.45566258391328407,
875998,0.45566258391328407,
876299,0.45566258391328407,
876598,0.45566258391328407,
876899,0.45566258391328407,
877198,0.45566258391328407,
877499,0.45566258391328407,
877799,7.355289825603612,-0.7338111761412018
878098,9.088191885296641,-0.8223563234655651
878399,8.654970837226296,-0.7709889814135191
878698,9.01876987943463,-0.7947034628410807
878999,8.70048541059898,-0.7422599961030196
879298,8.488437412055,-0.6595514470016353
879599,8.419945197441574,-0.6930599789506464
879898,8.699250509802685,-0.7319354353098122
880199,7.8451214480519935,-0.8816107055668503
880499,6.4080142142864815,-0.8206603982437088
880798,6.93066939019852,-0.8480671457612894
881099,6.303651740645278,-0.7866618533850551
881398,6.8227124074925,-0.8035635280602058
881699,7.841064668680001,-0.7574347381891087
881998,11.46867814192931,-0.5419756247676653
882299,5.92961418687213,-0.8056774910454778
882598,5.971558404793426,-0.8197330371580418
882899,6.096279839462408,-0.7702052768250489
883199,6.0824125917656495,-0.7546291755612564
883498,6.889431402510327,-0.8396861600362207
883799,9.306956390984865,-0.8041213453313563
884098,11.10871475955431,-0.4843930176400981
884399,6.662110871920741,-0.8432862810313575
884698,9.840210354000343,-0.5883786202576125
884999,9.034325556122132,-0.5422995661747434
885298,9.010096983346667,-0.533158747898979
885599,9.109827285878383,-0.48070858097980085
885899,8.968220742971667,-0.5333311029171712
886198,9.124995159953148,-0.5900443730728591
886499,9.041196104763333,-0.6435209632634151
886798,9.32013403263602,-0.6010540813255834
887099,9.512473923360556,-0.6239263006340978
887398,9.398486451404539,-0.5783024214813313
887699,9.659533429994816,-0.6763943932918997
887998,10.330410762004075,-0.5890160566755618
888299,11.672294067212409,-0.5997070588114288
888599,14.212547091676992,-0.4994302624511211
888898,8.978208059936946,-0.7671733630610886
889199,8.414188189036482,-0.7359284265964325
889498,9.337183202844354,-0.555530075716169
889799,9.558766825555,-0.5340700142655173
890098,9.928823662006389,-0.5923093568148545
890399,10.249621355816576,-0.5239362299792025
890698,10.697367563555897,-0.5787844309791641
890999,11.757115385839027,-0.7060241979036799
891299,11.348142428977194,-0.6307136133300346
891598,10.099660494041112,-0.5281137237119109
891899,13.482099716843662,-0.6294729211222949
892198,10.9869479002434,-0.9182782684289921
892499,11.978744042308211,-0.9405888689521462
892798,12.235971024046641,-0.8859431393263757
893099,13.763283284119122,-0.8505995032849236
893398,12.220158779417735,-0.8320791144150068
893699,10.768754645920989,-0.8635097893987826
893999,12.982750760989495,-0.8290793257505065
894298,12.584088485630696,-0.7715053223672819
894599,10.133545003083027,-0.7601649313430388
894898,9.959616996658474,-0.7254807423668728
895199,9.59125001597792,-0.7569332918453648
895498,10.52441679926423,-0.7617499851792735
895799,11.847241146046636,-0.7311332285368699
896098,11.995986741123753,-0.7492554582342201
896399,12.959310028009604,-0.8114558066451671
896699,13.225213527351547,-0.6405579920721911
896998,11.113458028163105,-0.8184948090702597
897299,15.627307575084403,-0.8365887924165891
897598,14.08665249653116,-0.7938683532383912
897899,16.105258318644587,-0.7041327858783961
898198,16.393524395225608,-0.7349753760657851
898499,13.546299096246438,-0.6791341764645105
898798,44.59514872486217,-0.49222787423045955
899099,57.89424280572329,-0.6139772715468872
899399,37.72575316509134,-0.5026039945154883
899698,,
899999,0.45566258391328407,
900298,0.45566258391328407,
900599,0.45566258391328407,
900898,0.45566258391328407,
901199,0.45566258391328407,
901498,0.45566258391328407,
901799,0.45566258391328407,
902099,0.45566258391328407,
902398,3.976003803029538,-0.6162009770109502
902699,13.12422492221866,-0.8319456213342178
902998,21.760452619889953,-0.8324565476034458
903299,26.256871923158474,-0.9849163880303986
903598,12.341428053567473,-0.7704133937490136
903899,11.837514472222567,-0.9481623454962578
904198,10.078475801861455,-0.9570727777562187
904499,10.030523063546637,-0.8956123582523299
904799,10.524444844928583,-0.8348680429865518
905098,7.886197793539695,-1.126050033633617
905399,11.843268591186945,-0.8573121677069302
905698,12.172139335096668,-0.8854948856963425
905999,9.32769392681889,-1.0464625204969673
906298,10.930788762295741,-1.0248996734269382
906599,10.22128346789321,-1.1155567237109416
906898,13.701602172560529,-0.8012667651627532
907199,12.966404242090618,-0.9796678774866745
907499,11.62181013070173,-0.9493821477497144
907798,14.935037351272845,-1.0088449290624388
908099,13.333615504606174,-0.9980462928390672
908398,22.888936440292735,-0.7523214940852054
908699,41.119550372311245,-0.7377415622417007
908998,14.05410504960914,-0.6929380059675205
909299,9.039551051619815,-1.103885506892294
909598,10.188771588094601,-1.0013743763782421
909899,24.66871567869783,-0.45939874769807454
910199,6.893207184364494,-0.8143408005938697
910498,12.673176292678583,-0.7712680239741139
910799,8.386502097675617,-1.0072444935054499
911098,13.804505582342935,-1.0512105540877337
911399,23.81236509608209,-1.0262323971080485
911698,30.417225931822827,-1.3358811848642356
911999,7.8614023297980555,-0.7324551354603557
912298,7.994854125610555,-0.6958616495226069
912599,8.176217147564262,-0.6231480317350249
912899,8.707151699661482,-0.5355407623006212
913198,9.899280123286482,-0.47373072585822196
913499,10.818940612355927,-0.4322949163342191
913798,10.11885032144389,-0.46680224460348674
914099,9.092193316786483,-0.34521462059140373
914398,9.07695494421704,-0.29774951246866577
914699,9.831414572353612,-0.3078402228819692
914998,11.103512594055001,-0.30866091673886187
915299,11.286118393633704,-0.3027364406928772
915599,11.731566551129072,-0.29393243184667983
915898,12.329334836821205,-0.30673949720928584
916199,13.151148953325835,-0.30456169625636376
916498,11.128179185420741,-0.2526554827261571
916799,11.756973954066575,-0.2937744239583062
917098,12.363229676543428,-0.293273302983903
917399,12.626259340467037,-0.29134914698361425
917698,13.260032170967037,-0.29205062250163993
917999,13.391222910941574,-0.2835971299812494
918299,14.126371942892964,-0.29142567481035986
918598,16.67356530059667,-0.2538308639380984
918899,16.70090051817537,-0.25647380473891346
919198,18.9425704364925,-0.6506235741245809
919499,15.35731630941843,-0.44982768588288535
919798,17.21753250408741,-0.5456090341066566
920099,17.281139522668425,-0.5277986169760138
920398,18.196984048168424,-0.4690289800686016
920699,18.478104794666116,-0.3963604748383007
920999,23.4397539368212,-0.5375243424557514
921298,21.50965234370084,-0.6160487022600034
921599,20.85831405991611,-0.465128833765744
921898,23.835165056217036,-0.5517664332946115
922199,0.5579340283568848,0.3737341401289127
922498,14.795439479406854,-0.5201128471830005
922799,3.792405078170742,-0.33419361163828687
923098,1.2791250962264042,-0.025790298771510622
923399,0.45566258391328407,
923699,0.45566258391328407,
923998,0.45566258391328407,
924299,0.45566258391328407,
924598,0.45566258391328407,
924899,0.45566258391328407,
925198,,
925499,0.45566258391328407,
925798,,
926099,50.6840961103969,-0.24771373800657814
926399,57.63197418858671,-0.1970776640503098
926698,4.964486971668427,-0.5615091858854409
926999,5.826085969217037,-0.49908671066867316
927298,6.450142419247131,-0.5790569467819715
927599,6.151392776735557,-0.51359740629932
927898,6.687909529475604,-0.7148264243370583
928199,6.49712978019852,-0.6038966087238427
928498,6.821191966548056,-0.725167056303363
928799,6.681430661235556,-0.7625729374163801
929099,6.7709318005040755,-0.8153324962963531
929398,6.970293055200833,-0.7901400944380057
929699,7.07110739468926,-0.7849345731129478
929998,20.095962041653845,-0.33553381959477124
930299,6.952344231034167,-0.8377304155761531
930598,7.410127230890648,-0.854263822132945
930899,7.524801753015648,-0.819283272626335
931198,8.163513329634428,-0.8474296949102151
931499,8.21377648637676,-0.8757719348430992
931799,9.291540212610558,-0.855195608432787
932098,8.697561256379075,-0.8840838448355057
932399,8.414463224346667,-0.8631581289047314
932698,8.066327911089722,-0.8577027941530475
932999,8.298016350443891,-0.8949232777076792
933298,8.871233835457778,-0.8500445832401164
933599,8.668690058825835,-0.8703357562515748
933898,8.707868228080464,-0.832880649953623
934199,8.78606441980963,-0.7833219792964741
934499,9.021106772837408,-0.7096915654305183
934798,9.450323665508707,-0.7107104294065494
935099,10.133542991501761,-0.6782643679217448
935398,10.304515478661484,-0.646507205971766
935699,10.619659623740185,-0.5865753880911411
935998,11.369263104707779,-0.5822385911400438
936299,11.967465904726298,-0.6075963492830116
936598,12.602210490756388,-0.5772727121912624
936899,13.71068430369852,-0.6073718492058529
937199,14.239077006098983,-0.6167339182250697
937498,29.869555823207083,-0.5852900741948226
937799,13.367727454522596,-0.7800254281956875
938098,32.26189286222329,-0.38544918330597855
938399,39.750506535711715,-0.4764040171205224
938698,46.7937257801793,-0.5479360283681296
938999,36.750525839252006,-0.5199471583810402
939298,0.45566258391328407,
939599,0.45566258391328407,
939899,0.45566258391328407,
940198,0.45566258391328407,
940499,0.45566258391328407,
940798,0.45566258391328407,
941099,0.45566258391328407,
941398,0.45566258391328407,
941699,0.45566258391328407,
941998,0.45566258391328407,
942299,0.45566258391328407,
942599,0.45566258391328407,
942898,0.45566258391328407,
943199,0.45566258391328407,
943498,0.45566258391328407,
943799,0.45566258391328407,
944098,0.45566258391328407,
944399,0.45566258391328407,
944698,0.45566258391328407,
944999,0.45566258391328407,
945299,0.45566258391328407,
945598,0.45566258391328407,
945899,8.022493962458675,-1.0528644584347164
946198,7.827092127760328,-0.9298460925105951
946499,6.333073484269587,-0.7395348182586188
946798,6.070309205682315,-0.7044620295187645
947099,7.58683961359366,-0.8250605633221766
947398,8.052884421450141,-0.9050879310819351
947699,6.167972638997131,-0.5834419345180584
947999,6.756036010071203,-0.6998717383938535
948298,13.910435921654537,-0.9795696235843339
948599,25.937577951498753,-0.7832750891992071
948898,27.68901989385061,-0.7603133427399382
949199,20.161224550582087,-0.8737965136505261
949498,12.790794227055898,-0.840636025461001
949799,1.1678903692561104,-0.038412733689189515
950098,11.622332834424679,-0.9907297777455402
950399,0.45566258391328407,
950699,0.45566258391328407,
950998,16.85225902450801,-1.1989778268250428
951299,8.498710185733241,-0.6606773006515776
951598,7.758755563676995,-0.8389404739653199
951899,13.241757886114492,-0.38226217139823193
952198,10.143718796211713,-0.4189890521274737
952499,1.8832130923251422,-0.08758286075110755
952798,5.422598393160791,-0.5534567785019213
953099,0.8544587657927343,0.1526354009713542
953399,0.45566258391328407,
953698,0.45566258391328407,
953999,0.45566258391328407,
954298,0.45566258391328407,
954599,0.45566258391328407,
954898,0.45566258391328407,
955199,0.45566258391328407,
955498,0.45566258391328407,
955799,0.45566258391328407,
956099,0.45566258391328407,
956398,0.45566258391328407,
956699,0.45566258391328407,
956998,0.45566258391328407,
957299,0.45566258391328407,
957598,0.45566258391328407,
957899,0.45566258391328407,
958198,0.45566258391328407,
958499,0.45566258391328407,
958799,0.45566258391328407,
959098,0.45566258391328407,
959399,0.45566258391328407,
959698,0.45566258391328407,
959999,0.45566258391328407,
960298,0.45566258391328407,
960599,0.45566258391328407,
960898,0.45566258391328407,
961199,0.45566258391328407,
961499,0.45566258391328407,
961798,0.45566258391328407,
962099,0.45566258391328407,
962398,0.45566258391328407,
962699,0.45566258391328407,
962998,0.45566258391328407,
963299,0.45566258391328407,
963598,0.45566258391328407,
963899,0.45566258391328407,
964199,0.45566258391328407,
964498,0.45566258391328407,
964799,0.45566258391328407,
965098,0.45566258391328407,
965399,13.934551123894584,-0.5052040485916476
965698,21.311983813216347,-0.6506085159822537
965999,6.247339782594353,-0.46239649302218
966298,7.171939189087407,-0.48709266869082923
966599,6.6178981808744455,-0.4243117367023914
966899,7.683404534642965,-0.5960588743697526
967198,8.119745044700835,-0.6028056075595862
967499,8.058906983668425,-0.534718319424945
967798,8.149201993624446,-0.5677104488797218
968099,8.147113265205466,-0.4690111378456916
968398,7.7128094540457415,-0.45071184935237385
968699,7.523417709987871,-0.45058450058157473
968998,7.822334081147592,-0.4141318130572831
969299,7.79393141407352,-0.4046221193231432
969599,9.743712748077456,-0.7872740793114372
969898,6.717710560612871,-0.46519780753663853
970199,7.779187521504972,-0.6539595086937096
970498,7.321317384932316,-0.5361610693079149
970799,6.470022155529537,-0.45450740326115646
971098,7.206953785360557,-0.5086700323321223
971399,7.1776477297216665,-0.4907264158513054
971698,6.746232608830465,-0.4583904568431898
971999,7.026893232721666,-0.6989509220631913
972299,6.910748513531852,-0.43655102843404525
972598,7.157017834316575,-0.4713362144544613
972899,6.788527770536483,-0.46610671600000053
973198,7.0686461353350944,-0.4496608444784449
973499,7.2916947772077805,-0.43956026754825306
973798,7.697150607284168,-0.5496892042736692
974099,7.753201895365186,-0.4724651334211174
974398,7.524399173207087,-0.7958645128968689
974699,6.266565092342038,-0.7430467733118764
974999,8.254001785320511,-0.9221167394512608
975298,7.330563101168427,-0.742945613425577
975599,7.510580270710092,-0.7744494534509259
975898,7.767500065339724,-0.7780925972661645
976199,8.173743466645279,-0.8140338802528049
976498,8.400200016133704,-0.7752735953382048
976799,8.044060189883705,-0.7614364810900967
977098,8.272120921129074,-0.7001527495998534
977399,8.289805291957778,-0.6848680627983739
977699,13.788544931244122,-0.750141819851188
977998,27.08275260726796,-0.348112959735422
978299,19.485669648761913,-0.47457108307513374
978598,73.18106696704041,-0.3464082524013874
978899,27.795058908183936,-0.44069213785446615
979198,9.543310728353612,-0.6776174462596121
979499,8.580528285798058,-0.740679181385125
979798,8.89056928919389,-0.7236995627564851
980099,9.409622921485557,-0.7415625524796556
980399,9.672178772337407,-0.7508639595334845
980698,10.216235955203148,-0.7547779450075109
980999,10.86431254985824,-0.7610655668934998
981298,11.226715542460092,-0.7413072773612741
981599,11.851321268293425,-0.7392408035035423
981898,12.532971761735556,-0.7172655235963379
982199,12.209734915520277,-0.6968591673952336
982498,12.11557021436287,-0.6886034926379396
982799,12.223713856191575,-0.6603612697157457
983099,24.482420924957086,-0.5205693605641524
983398,10.883854909714032,-0.6892481539977657
983699,10.440061848238116,-0.7275477652741293
983998,11.357527571755698,-0.7602605229964896
984299,11.979391743879324,-0.6682825312230432
984598,13.076552866092037,-0.6384703024482046
984899,13.359750164175374,-0.6106454097875511
985198,14.200421996134603,-0.5923397330063849
985499,14.954526691805897,-0.5491605674706053
985799,15.47943303750266,-0.599992678139718
986098,16.180901738275807,-0.6027406997575091
986399,17.35119052691701,-0.5846963457183585
986698,19.858196264583025,-0.6294333999624131
986999,21.063209631863767,-0.5799524802836202
987298,19.794238203738768,-0.5651573538844767
987599,18.930257977366082,-0.47574521468164965
987898,30.048541984227924,-0.6322086344860443
988199,40.385718124558935,-0.6911592555118111
988499,41.02183735828579,-0.7201904080599146
988798,30.42216591863301,-0.7447537083601994
989099,0.9864029586826858,-0.15477761079291197
989398,0.45566258391328407,
989699,0.45566258391328407,
989998,0.45566258391328407,
990299,0.45566258391328407,
990598,0.45566258391328407,
990899,0.45566258391328407,
991199,0.45566258391328407,
991498,0.45566258391328407,
991799,0.45566258391328407,
992098,0.45566258391328407,
992399,0.45566258391328407,
992698,20.432974039267272,-1.2356016083920371
992999,18.26535270982051,-1.1379498399014119
993298,12.75411311705127,-0.7763800104823044
993599,23.572037463731824,-0.8888897397692379
993899,13.372336171641546,-0.8669165935932983
994198,13.899082494053586,-0.8059358131167118
994499,18.613421006240433,-0.9654648668167527
994798,15.343067179184876,-0.8235177182773841
995099,13.743147379329047,-0.9144680613230594
995398,12.914256856169324,-0.761294850197763
995699,15.664265777798953,-0.8861413421341364
995998,12.438686234305898,-0.8788149779665981
996299,11.409177914569787,-0.8598085511212279
996599,11.330958174787376,-0.9597807791237687
996898,10.506980542038797,-0.793106163661899
997199,8.190117173546637,-0.7924318265631793
997498,12.566097268852197,-0.8004106643297519
997799,17.592169631683216,-1.0209589866391044
998098,17.607179417039696,-1.015691680280332
998399,15.56885034696497,-0.7846880393943045
998698,19.840953730650156,-0.891656291033732
998999,30.538631955931628,-1.2567065428812767
999299,5.102444829318197,-0.9862377036535581
999598,13.518363532505695,-0.7817461389986966
999899,34.27041688360756,-0.7509956853125177
1000198,20.493956607609867,-1.0004545365220463
1000499,27.47819511888301,-0.9918862984661216
1000798,13.196736278725604,-0.5722964298950919
1001099,24.95954213176264,-0.7889642660700011
1001398,21.384756382779784,-0.7037923774238781
1001699,27.876313586792733,-0.654235867667778
1001999,36.675061102049675,-0.8383831900337864
1002298,4.03001525203579,-0.5035623633828552
1002599,20.637256078207084,-0.8259841913222978
1002898,4.4486096149293095,-0.5437718895692427
1003199,2.691096871908475,-0.44617807016500843
1003498,,
1003799,16.69531586308903,-0.6392959463519909
1004098,25.70911902539227,-0.6874384291413544
1004399,,
1004699,0.45566258391328407,
1004998,0.45566258391328407,
1005299,30.380300279107548,-0.8022161556288272
1005598,31.955312146693196,-0.6040458208408981
1005899,23.61417758974506,-0.6648346972002817
1006198,18.886716297898488,-0.4461690393154907
1006499,20.592810705567473,-0.4874430346704828
1006798,19.42138325758136,-0.5028736944515833
1007099,21.391167143282097,-0.46781692357865223
1007399,20.954941471447103,-0.4257660756569108
1007698,61.968449906711726,-0.41114970252570693
1007999,23.80738888503579,-0.5776493942654517
1008298,48.39815498462607,-0.5223499975888923
1008599,18.550277472236456,-0.3950937227251665
1008898,18.748250230704773,-0.5464536281356389
1009199,33.57917241843625,-0.487514824028217
1009498,32.749284854137635,-0.5353733699478096
1009799,56.989351225345985,-0.5051456101458918
1010099,38.97857959895708,-0.5679265406908054
1010398,6.928924270253383,-0.4498822260985973
1010699,0.45566258391328407,
1010998,,
1011299,0.45566258391328407,
1011598,0.45566258391328407,
1011899,,
1012198,,
1012499,,
1012799,,
1013098,0.45566258391328407,
1013399,0.45566258391328407,
1013698,0.45566258391328407,
1013999,0.45566258391328407,
1014298,0.45566258391328407,
1014599,0.45566258391328407,
1014898,0.45566258391328407,
1015199,0.45566258391328407,
1015499,0.45566258391328407,
1015798,0.45566258391328407,
1016099,0.45566258391328407,
1016398,0.45566258391328407,
1016699,0.45566258391328407,
1016998,0.45566258391328407,
1017299,0.45566258391328407,
1017598,0.45566258391328407,
1017899,0.45566258391328407,
1018199,0.45566258391328407,
1018498,0.45566258391328407,
1018799,0.45566258391328407,
1019098,0.45566258391328407,
1019399,5.715533317490434,-0.40375440472370805
1019698,,
1019999,8.0036574172425,-0.6028991215580777
1020298,8.223763325397593,-0.5605918691673049
1020599,8.191662781568889,-0.5570804080968701
1020899,8.478712910890648,-0.5905057930689241
1021198,9.169799594770279,-0.6795371424535717
1021499,8.301904946214723,-0.620588595041019
1021798,8.858190485305,-0.7078678070626854
1022099,8.992471300807315,-0.6142216592362504
1022398,9.300403777749445,-0.6782458669051152
1022699,9.678454552883707,-0.713366589388857
1022998,10.128458438524909,-0.7230420622938063
1023299,10.51913582968926,-0.73270814630224
1023599,10.687646505210093,-0.7443289985429389
1023898,11.736885900077457,-0.8257079822573383
1024199,12.33563584773255,-0.8119153364778393
1024498,11.940830983122131,-0.7132214956959326
1024799,12.039756927860557,-0.7708412794059276
1025098,12.461178070392965,-0.7620126820215463
1025399,12.484047489860558,-0.7286925105548396
1025698,21.74216155252653,-0.81112424069232
1025999,18.776763366086712,-0.7110984449154294
1026299,15.729885400266546,-0.7465337974511568
1026598,17.895537219480232,-0.7239795797419635
1026899,19.838362672514954,-0.8038486779561598
1027198,28.640048370262637,-0.39139958385782747
1027499,34.95138811235755,-0.3654932017171286
1027798,47.08815903153348,-0.3210493129798291
1028099,29.624722757940877,-0.47313666194240045
1028398,37.52339576049644,-0.4109222148059086
1028699,21.05094521520477,-0.5138552584731979
1028999,26.434592737582083,-0.47630689896856326
1029298,26.92413502484923,-0.49744204595249664
1029599,79.80896473863302,-0.6541554762247344
1029898,11.1709591793969,-0.5834086791381699
1030199,11.305148725878382,-0.5715732528381892
1030498,41.52772145988995,-0.611902840640645
1030799,63.136561438059886,-0.9648737729969685
1031098,0.45566258391328407,
1031399,0.45566258391328407,
1031699,0.45566258391328407,
1031998,0.45566258391328407,
1032299,0.45566258391328407,
1032598,0.45566258391328407,
1032899,0.45566258391328407,
1033198,0.45566258391328407,
1033499,0.45566258391328407,
1033798,0.45566258391328407,
1034099,0.45566258391328407,
1034399,0.45566258391328407,
1034698,0.45566258391328407,
1034999,0.9991500020688898,0.09413386404636437
1035298,28.94298516993394,-0.687206408215358
1035599,21.545459495815887,-0.7428749985150584
1035898,11.018369813200833,-0.9053237251139274
1036199,11.46461945639155,-0.7296114705313417
1036498,9.557638927071205,-0.6815838176196982
1036799,9.185033234244814,-0.8166886086602712
1037099,9.516377475460093,-0.9152584436949076
1037398,8.911333575865186,-0.8438316738217191
1037699,9.779148935561945,-0.788659501007795
1037998,10.641697487485555,-0.8846999041306025
1038299,9.785206009388334,-0.7167069898363181
1038598,11.855039808268861,-0.8224290979074798
1038899,19.83462044983071,-0.9607160270373203
1039198,13.866860268213307,-0.8258427719962782
1039499,32.69320460657745,-1.1605904345006133
1039799,41.29357501371099,-1.0556392447662333
1040098,20.51432939993625,-0.7974716267031154
1040399,33.662354252225605,-0.9390440271045093
1040698,15.16389102381357,-0.7023412086005727
1040999,16.07546286366173,-0.8407265443644176
1041298,21.620042466572105,-0.556463771843009
1041599,10.953334457307315,-0.6095658400796169
1041898,29.732412518424674,-0.9968227202367337
1042199,13.577964569378384,-0.6501879352853586
1042499,26.415095508967283,-0.8415467369923357
1042798,12.392512732160789,-0.5516967306176672
1043099,22.070683852954772,-0.6233438535521614
1043398,11.400634556061947,-0.5291489487210463
1043699,10.948700265196203,-0.4667081002456881
1043998,11.314491129716346,-0.4794851847301229
1044299,12.896540975275157,-0.45116801449589805
1044598,12.614814144578148,-0.5115821784337913
1044899,22.072889014024213,-0.7964528617847866
1045199,15.090575236212409,-0.47556238672405104
1045498,15.855995933911483,-0.4438256785813921
1045799,15.912988319082087,-0.4021439306965331
1046098,15.701881523992503,-0.38406886178777855
1046399,16.220054028508702,-0.39954411523578837
1046698,16.43960565127028,-0.387412777872405
1046999,17.129609984029543,-0.3792244791543049
1047298,17.618693619707773,-0.35988820028136703
1047599,17.70053917841611,-0.34588637872569605
1047899,18.34078731528185,-0.3500202771537644
1048198,18.00140494216611,-0.3624322251919183
1048499,18.513463963261017,-0.35549886680188036
1048798,18.631811359326733,-0.3772364563093924
1049099,19.171369676761913,-0.36794844691662787
1049398,18.41066592782815,-0.368111896366897
1049699,18.2230705177888,-0.36812575451625884
1049998,17.628840406395277,-0.35188212655361273
1050299,18.74961358459435,-0.35964362032654207
1050599,18.26202995611981,-0.3630514218597001
1050898,18.782778383436945,-0.35831602235417837
1051199,19.47695946082583,-0.35746370606510913
1051498,19.61924605376423,-0.3337554413000585
1051799,19.38549418726565,-0.353337768546065
1052098,20.011455459338308,-0.39634939454701756
1052399,20.509288888944788,-0.40087126343656787
1052698,19.825234981471667,-0.3845362034933235
1052999,20.01532495718463,-0.39243914920520573
1053299,23.361687785598285,-0.468493219080816
1053598,19.126645232976294,-0.4273833164424763
1053899,13.438698319882286,-0.49802306023334086
1054198,16.162831338436945,-0.47457405982208534
1054499,16.414196388411483,-0.44745860136712756
1054798,15.640732805740182,-0.4250556236661194
1055099,16.541115145122134,-0.4399410847168106
1055398,13.997165256541114,-0.4555036981519378
1055699,16.774854941954775,-0.5188080018126391
1055999,15.936486831781853,-0.4670629769356238
1056298,15.923950757388333,-0.45722082502862826
1056599,15.286526421117502,-0.40728142719812865
1056898,14.535531772770279,-0.3961952100439612
1057199,12.74480792258136,-0.5314459728351706
1057498,13.51462308181426,-0.5376506483525452
1057799,14.291603561767964,-0.6079325092552128
1058098,13.294151328221666,-0.4445048804634584
1058399,12.17753771361287,-0.4507565467425725
1058699,9.976274280469354,-0.5119014056786477
1058998,10.347606040434632,-0.42348233303617056
1059299,8.968670659649217,-0.5128415348433901
1059598,9.72111007039991,-0.38888836429446716
1059899,10.006382014770278,-0.38789675603863616
1060198,10.59763169662303,-0.6957645624980977
1060499,9.562469336548057,-0.40003255797441994
1060798,10.162424775022593,-0.4199769032557614
1061099,7.6806466482031475,-0.4358253739410918
1061399,11.167890439872131,-0.5448436931174305
1061698,10.462252820816575,-0.6358162915937124
1061999,10.051146332247855,-0.5093369256506803
1062298,9.872493417772592,-0.5766649044779075
1062599,10.406053646774907,-0.746540528267482
1062898,10.456520477183938,-0.8469308596328107
1063199,10.760038609688568,-0.8377726349272887
1063498,11.17339631798718,-0.8427272233369867
1063799,9.251527746886019,-0.5903560235161696
1064099,10.350017870207779,-0.6892356403592794
1064398,9.981295531321203,-0.5863054622460497
1064699,9.877022607198523,-0.5549712296167539
1064998,9.942276363411482,-0.631018801094839
1065299,9.29560664206426,-0.5472347744999722
1065598,9.76475102269389,-0.5198192608490608
1065899,10.16536880476102,-0.4520519079307337
1066198,12.144658284473984,-0.4899884784364479
1066499,12.436277280708026,-0.577857378734931
1066799,21.867204902415416,-0.5313577991088443
1067098,11.517846336001066,-0.5238385411720612
1067399,12.259250821067473,-0.5483039833191299
1067698,12.187760994963305,-0.5364935348463167
1067999,13.277660255759606,-0.485901235867642
1068298,12.587053407061944,-0.4969545741158077
1068599,12.846069945198519,-0.4912040227826744
1068898,17.618731497039047,-0.4035178888609907
1069199,13.927536604335991,-0.5070904039849189
1069499,21.4000458443846,-0.34747984700691226
1069798,16.596824482303578,-0.43214873410178023
1070099,17.825253182273492,-0.46493153062613435
1070398,20.394704339250342,-0.3883657000025873
1070699,17.46491402514849,-0.4784315401166448
1070998,20.261644192333677,-0.44436568746666416
1071299,19.3975475560946,-0.47428260170487846
1071598,27.119299165797365,-0.42106031426873924
1071899,19.781965040143216,-0.4813938362091561
1072199,135.92575265307053,-0.24915878988326967
1072498,96.24885941419319,-0.21332966024303057
1072799,55.68033011084829,-0.345492346217962
1073098,72.54719668302654,-0.32436614684827814
1073399,94.23717969919318,-0.22255437393330646
1073698,33.74681327968488,-0.267897281913716
1073999,42.39602340729274,-0.24310248793480826
1074298,72.3250038523367,-0.2582553336643325
1074599,51.13084313328116,-0.24667122738501246
1074899,35.26705929673717,-0.24861483941717388
1075198,0.45566258391328407,
1075499,0.45566258391328407,
1075798,,
1076099,,
1076398,,
1076699,,
1076998,,
1077299,0.45566258391328407,
1077599,0.45566258391328407,
1077898,0.45566258391328407,
1078199,0.45566258391328407,
1078498,0.45566258391328407,
1078799,0.45566258391328407,
1079098,0.45566258391328407,
1079399,0.45566258391328407,
1079698,0.45566258391328407,
1079999,0.45566258391328407,
1080299,0.45566258391328407,
1080598,0.45566258391328407,
1080899,0.45566258391328407,
1081198,0.45566258391328407,
1081499,0.45566258391328407,
1081798,0.45566258391328407,
1082099,0.45566258391328407,
1082398,0.45566258391328407,
1082699,0.45566258391328407,
1082999,0.45566258391328407,
1083298,0.45566258391328407,
1083599,0.45566258391328407,
1083898,0.45566258391328407,
1084199,38.45575400479968,-0.9925554389911162
1084498,22.2817999410844,-0.8926386452369117
1084799,34.2324053884432,-0.9759956310627398
1085098,24.637625092572826,-0.9153332544768582
1085399,17.565660045754974,-1.210695518133126
1085699,18.915957934051264,-1.172189850776535
1085998,22.29898430526655,-0.8644535375705034
1086299,17.607897798126068,-1.0625156146262902
1086598,16.63578639931053,-0.8857688388088587
1086899,18.382427100946455,-1.0108393867495824
1087198,21.89820832747192,-0.9679391785221678
1087499,16.754550058732548,-1.0871755375463343
1087798,20.253022061666357,-0.9367476172225564
1088099,18.620017663870065,-0.9561460202541219
1088399,20.81181356074275,-1.096834586930615
1088698,22.550666685551995,-1.1690075709823171
1088999,24.525778651791363,-1.019948641559318
1089298,19.372761956348292,-1.1409020918655859
1089599,14.926021476964033,-1.1405818177559497
1089898,20.799703900408474,-0.9258066543635466
1090199,,
1090498,,
1090799,21.35435459610523,-0.8004808821625207
1091099,0.45566258391328407,
1091398,4.419574910591346,-0.7449672316911784
1091699,,
1091998,0.45566258391328407,
1092299,0.45566258391328407,
1092598,0.45566258391328407,
1092899,0.45566258391328407,
1093198,0.45566258391328407,
1093499,0.45566258391328407,
1093799,0.45566258391328407,
1094098,0.45566258391328407,
1094399,0.45566258391328407,
1094698,0.45566258391328407,
1094999,0.45566258391328407,
1095298,0.45566258391328407,
1095599,0.45566258391328407,
1095898,0.45566258391328407,
1096199,0.45566258391328407,
1096499,0.45566258391328407,
1096798,0.45566258391328407,
1097099,0.45566258391328407,
1097398,0.45566258391328407,
1097699,0.45566258391328407,
1097998,0.45566258391328407,
1098299,0.45566258391328407,
1098598,0.45566258391328407,
1098899,0.45566258391328407,
1099199,0.45566258391328407,
1099498,0.45566258391328407,
1099799,0.45566258391328407,
1100098,0.45566258391328407,
1100399,0.45566258391328407,
1100698,0.45566258391328407,
1100999,0.45566258391328407,
1101298,0.45566258391328407,
1101599,0.45566258391328407,
1101899,0.45566258391328407,
1102198,0.45566258391328407,
1102499,0.45566258391328407,
1102798,0.45566258391328407,
1103099,0.45566258391328407,
1103398,0.45566258391328407,
1103699,0.45566258391328407,
1103998,0.45566258391328407,
1104299,0.45566258391328407,
1104599,0.45566258391328407,
1104898,0.45566258391328407,
1105199,0.45566258391328407,
1105498,0.45566258391328407,
1105799,0.45566258391328407,
1106098,0.45566258391328407,
1106399,0.45566258391328407,
1106698,0.45566258391328407,
1106999,0.45566258391328407,
1107299,0.45566258391328407,
1107598,0.45566258391328407,
1107899,0.45566258391328407,
1108198,0.45566258391328407,
1108499,0.45566258391328407,
1108798,0.45566258391328407,
1109099,0.45566258391328407,
1109398,0.45566258391328407,
1109699,0.45566258391328407,
1109999,0.45566258391328407,
1110298,0.45566258391328407,
1110599,0.45566258391328407,
1110898,0.45566258391328407,
1111199,0.45566258391328407,
1111498,0.45566258391328407,
1111799,0.45566258391328407,
1112098,0.45566258391328407,
1112399,0.45566258391328407,
1112699,0.45566258391328407,
1112998,22.021370272555004,-0.6730916982372577
1113299,20.685154817337402,-0.6673282212332381
1113598,19.403833543719355,-0.6552416216240153
1113899,32.38885601047329,-0.9054466562563417
1114198,22.04063878909525,-0.63935685764213
1114499,22.07448173786145,-0.632521313887195
1114798,31.1398190383182,-0.6426692531406437
1115099,57.51586081767237,-0.6243594852608423
1115399,80.67221889310292,-0.5333440973466546
1115698,1.0741296248889214,0.0539567995911262
1115999,7.5777526537950495,-0.2734267537698798
1116298,17.793242317598292,-0.34850237160259767
1116599,13.143585988795046,-0.4368831108988396
1116898,0.45566258391328407,
1117199,0.45566258391328407,
1117498,,
1117799,,
1118099,,
1118398,,
1118699,,
1118998,,
1119299,,
1119598,,
1119899,,
1120198,,
1120499,,
1120799,0.45566258391328407,
1121098,0.45566258391328407,
1121399,0.45566258391328407,
1121698,0.45566258391328407,
1121999,0.45566258391328407,
1122298,0.45566258391328407,
1122599,0.45566258391328407,
1122898,0.45566258391328407,
1123199,0.45566258391328407,
1123499,0.45566258391328407,
1123798,0.45566258391328407,
1124099,0.45566258391328407,
1124398,0.45566258391328407,
1124699,,
1124998,32.24303914591172,-0.766838821836699
1125299,56.86165050950432,-0.9168244248920461
1125598,28.545869254620065,-0.9128007137452137
1125899,29.818071399203397,-0.9574494196292114
1126199,22.466637903254973,-0.8049750849277744
1126498,13.878327321832778,-0.7788332256370434
1126799,21.87519739950339,-1.128156029989587
1127098,10.039699774568888,-0.5925106772372981
1127399,10.307728037536483,-0.5609773480054059
1127698,14.262263845933937,-0.8253391323688861
1127999,18.90868402479968,-0.7178844943868792
1128298,11.308235267547364,-0.8431909152206771
1128599,15.442035838720976,-0.9246863939308749
1128899,14.764209236292734,-0.7047902301709845
1129198,19.58704629571172,-0.9493952059425972
1129499,9.901182162943195,-0.8762894406756683
1129798,14.978842670244124,-1.0082751371649485
1130099,17.927464987616812,-0.8455683279261472
1130398,14.630826496906158,-0.9846457037861347
1130699,8.269250675658474,-0.8433060307358542
1130998,14.485875536746441,-0.94625601973252
1131299,15.581838977254973,-0.8941072807693258
1131599,17.835378067609863,-0.9398927558161612
1131898,13.249175903969352,-0.9006935470534898
1132199,14.362111690423056,-0.8694859467945342
1132498,18.19219206537607,-0.9379839346401992
1132799,16.818970414660793,-0.9804604412222535
1133098,19.536907116003377,-1.0232518658888674
1133399,17.93066844839227,-0.9853475449975935
1133698,20.561952886635325,-0.9569756381914338
1133999,14.575222174172366,-0.9215208036710827
1134299,9.214909032332086,-0.837383657164003
1134598,18.16630804667468,-1.0182655547141977
1134899,28.15533040989321,-1.05673541010585
1135198,15.553828020535065,-0.7591258469070425
1135499,16.153255552574418,-0.7834662795130884
1135798,16.556483190498028,-0.6989811881079799
1136099,16.00916957140081,-0.7193417709531864
1136398,16.266915907588306,-0.6682849984564767
1136699,19.43292060622488,-0.7510248649648135
1136999,21.31262416527349,-0.7798460441792434
1137298,15.98016890941843,-0.6218301402287014
1137599,17.10573109197861,-0.600762028176484
1137898,17.118973156342037,-0.6164539722456552
1138199,18.134404565240185,-0.6078605704399029
1138498,18.69163428287676,-0.6059028276943565
1138799,18.534225798754075,-0.5860448686060928
1139098,19.431162824173057,-0.534636452327871
1139399,19.85050478552812,-0.5332636884162985
1139699,23.8871162606571,-0.6801390532418803
1139998,19.11946943208136,-0.5357714642053053
1140299,26.659673113135327,-0.5393739708722192
1140598,19.661723695060527,-0.48550562719123724
1140899,33.23904215082608,-0.7585902623158303
1141198,24.191569425047362,-0.6394220885982012
1141499,20.202303542488767,-0.5454388702774522
1141798,19.997994873694786,-0.5262446330627226
1142099,19.847838030060526,-0.4892789794659518
1142399,21.00274828412534,-0.5163331694234645
1142698,20.946015349301266,-0.5642932794667976
1142999,19.839275444713305,-0.6029039450694231
1143298,18.868417514638335,-0.5393691697355065
1143599,42.4736874085057,-0.6186020821254969
1143898,32.529347702589035,-0.7990260792527417
1144199,26.30456063351191,-0.6981089598637653
1144498,18.029570903717037,-0.5184343008730685
1144799,17.80520008649181,-0.6063410056113954
1145099,19.503927447001757,-0.5622469992887287
1145398,19.28306709307121,-0.5413011918149222
1145699,19.48500752796704,-0.49312879819962396
1145998,22.97329747148812,-0.5828786164307085
1146299,19.263568764356823,-0.6461635573908326
1146598,19.401669180711718,-0.7103347021255217
1146899,14.779826873779538,-0.6571025920455305
1147198,16.619651068392965,-0.7706820904276193
1147499,17.412982621563568,-0.7463354957087889
1147799,15.608826034879078,-0.7287788453092221
1148098,15.534430166807315,-0.7272312678338528
1148399,16.588595930083024,-0.7759330163478129
1148698,16.0762018123969,-0.7689320483819198
1148999,13.59470990923718,-0.8946229880015555
1149298,13.515709350498753,-0.48507347492362185
1149599,4.942310861705464,-0.556761043017711
1149898,14.471139499164698,-0.8393483283176775
1150199,16.895216247130698,-0.25472351524777737
1150499,11.783684897278844,-0.9339040192076953
1150798,13.90391048109366,-0.7361419782489735
1151099,15.870025027638336,-0.6715558191993598
1151398,15.31930289286287,-0.6888781648407822
1151699,14.813848745707778,-0.6502466261015365
1151998,15.634506119744815,-0.7087255427475232
1152299,13.673413065300371,-0.7831186381158328
1152598,15.518510904360555,-0.6866360965423706
1152899,14.765747300103612,-0.7586580016421274
1153199,13.037259256781853,-0.6467155679605339
1153498,22.513329430298953,-0.5521427934275387
1153799,23.688843235470976,-0.7898015612683074
1154098,23.90453383555525,-0.5280434092467547
1154399,14.480161427065882,-0.635065126158666
1154698,66.64740823621865,-0.4519883064770305
1154999,41.25922892642469,-0.3180643009276929
1155298,15.193864038791114,-0.598924401984922
1155599,16.44957841021403,-0.5707835869889049
1155899,17.45822024365616,-0.6452007797162767
1156198,16.58531655624109,-0.6295338597189886
1156499,20.338378178906158,-0.6900409281860367
1156798,16.593641852128382,-0.7550140359432751
1157099,17.264430461156852,-0.766638141212058
1157398,15.55681779764296,-0.6552781475553313
1157699,17.364141896535063,-0.5741335576582101
1157998,15.889456847351303,-0.6744686895081444
1158299,16.308409306656856,-0.5058432918024405
1158599,16.582219331691572,-0.5594310746508753
1158898,17.4511765708675,-0.7664306846511975
1159199,26.560272133778845,-0.892480415546314
1159498,25.873289994084402,-0.8801526622500289
1159799,24.433236683577455,-0.9289508498311216
1160098,20.42322759796403,-0.8344917320108072
1160399,1.8365442151423883,-0.15317280039539583
1160698,60.938886570922364,-0.4570235593577585
1160999,3.957967213713813,-0.2694500659435839
1161299,,
1161598,,
1161899,1.190972151595739,-0.08279241746323307
1162198,,
1162499,,
1162798,0.45566258391328407,
1163099,,
1163398,,
1163699,,
1163999,0.45566258391328407,
1164298,0.45566258391328407,
1164599,0.45566258391328407,
1164898,,
1165199,,
1165498,0.45566258391328407,
1165799,0.45566258391328407,
1166098,0.45566258391328407,
1166399,0.45566258391328407,
1166699,0.45566258391328407,
1166998,0.45566258391328407,
1167299,0.45566258391328407,
1167598,0.45566258391328407,
1167899,0.45566258391328407,
1168198,0.45566258391328407,
1168499,0.45566258391328407,
1168798,0.45566258391328407,
1169099,0.45566258391328407,
1169399,0.45566258391328407,
1169698,0.45566258391328407,
1169999,0.45566258391328407,
1170298,0.45566258391328407,
1170599,0.45566258391328407,
1170898,0.45566258391328407,
1171199,0.45566258391328407,
1171498,0.45566258391328407,
1171799,0.45566258391328407,
1172099,0.45566258391328407,
1172398,0.45566258391328407,
1172699,0.45566258391328407,
1172998,0.45566258391328407,
1173299,0.45566258391328407,
1173598,0.45566258391328407,
1173899,0.45566258391328407,
1174198,14.833654898782104,-1.2234889399416873
1174499,25.144363399258012,-1.4878059629835025
1174799,9.95561777443394,-1.1317650231522136
1175098,12.86889364908534,-1.3229877245212975
1175399,26.542843086733487,-1.267272001883208
1175698,27.728726805157102,-1.1998106626146972
1175999,25.48850731846034,-1.2178624440634094
1176298,25.37352493689321,-1.244350456144279
1176599,24.798146828256638,-1.5499268496412104
1176898,21.146218207836718,-1.556645740472518
1177199,23.63116852636449,-1.4533155690680157
1177499,20.711475731676995,-1.256270455419652
1177798,24.18309954175801,-1.2042428932918257
1178099,19.600573297885322,-1.1093021354739419
1178398,22.607129932325147,-1.2217605545526524
1178699,6.954977058939507,-0.825416008111888
1178998,26.01125050058071,-1.2085100735583874
1179299,25.092803265883948,-1.167336691272081
1179598,22.9362236478182,-1.016979035063636
1179899,36.49093561118163,-1.0099024447942324
1180199,39.130460337591344,-1.5896230606861708
1180498,8.740695022047364,-1.091186704569596
1180799,0.45566258391328407,
1181098,0.45566258391328407,
1181399,0.45566258391328407,
1181698,,
1181999,0.45566258391328407,
1182298,0.45566258391328407,
1182599,0.45566258391328407,
1182899,0.45566258391328407,
1183198,0.45566258391328407,
1183499,0.45566258391328407,
1183798,0.45566258391328407,
1184099,0.45566258391328407,
1184398,0.45566258391328407,
1184699,0.45566258391328407,
1184998,0.45566258391328407,
1185299,0.45566258391328407,
1185599,0.45566258391328407,
1185898,0.45566258391328407,
1186199,0.45566258391328407,
1186498,0.45566258391328407,
1186799,0.45566258391328407,
1187098,0.45566258391328407,
1187399,0.45566258391328407,
1187698,0.45566258391328407,
1187999,0.45566258391328407,
1188299,0.45566258391328407,
1188598,0.45566258391328407,
1188899,0.45566258391328407,
1189198,0.45566258391328407,
1189499,0.45566258391328407,
1189798,0.45566258391328407,
1190099,0.45566258391328407,
1190398,0.45566258391328407,
1190699,0.45566258391328407,
1190999,0.45566258391328407,
1191298,0.45566258391328407,
1191599,0.45566258391328407,
1191898,0.45566258391328407,
1192199,0.45566258391328407,
1192498,0.45566258391328407,
1192799,0.45566258391328407,
