,rmse,skill
299,0.4107663138892218,-0.7434257450126542
598,0.3871617561631501,-0.6272753935190016
899,0.31628282471548275,-0.25424131655359394
1198,0.30930962844958043,-0.17897188015497978
1499,0.3007966350057034,0.028411524040504066
1798,0.35426538625106235,-0.1368835009945275
2099,4.39795890587278,-0.13086407617467044
2398,2.677350790191891,-0.20441749279486743
2699,1.357956875133424,-0.11009700990399196
2999,0.28948812045975997,0.4513175113199692
3298,0.7548290992038024,0.10848324393995035
3599,1.3111730945760474,0.0296166426671165
3898,0.39997383264739056,0.32212152787180093
4199,2.9914650734530763,-0.16068387336649725
4498,0.1839900771349921,0.7304013452510865
4799,0.094231128907388,0.9584244106341178
5098,0.06942727315062791,0.9592557779314789
5399,0.09400491060700157,0.9362710696515253
5699,0.15988759984786402,0.8584552993345819
5998,0.3934161010809024,0.4264282747405538
6299,0.16284063607882293,0.9253696967365701
6598,0.10715511517975428,0.9465496888041885
6899,0.09493395773180287,0.9681178709014843
7198,0.15983589433686404,0.8901489649036325
7499,0.12074592965820607,0.9344020147794422
7798,0.11177908701017397,0.9570068033150213
8099,0.14238580499893053,0.9431143715146417
8399,0.08989064031695491,0.9632559382209874
8698,0.09173707229033372,0.9463362892610243
8999,0.0643164288379527,0.9687163339544206
9298,0.09941289414170718,0.9553871079213226
9599,0.14843311268101034,0.8775317141154156
9898,0.18688603546546984,0.7499455619622395
10199,0.2061946157043787,0.6881656029648109
10498,0.24111127813631766,0.594771535678003
10799,0.29997396070050725,0.4428341638041047
11099,0.32851426211599916,0.3381865888044251
11398,0.30200017298710163,0.511608581011141
11699,0.2918612906818817,0.6025795017110214
11998,0.3250800570650203,0.5152351020361879
12299,0.42891269112764635,0.31351042337503165
12598,0.4096890150578327,0.5239715028242702
12899,0.41947925926086427,0.4945556554164099
13198,0.7406336953037357,0.05971802597600484
13499,1.212383560411,-0.29640413055065284
13799,0.7799692146671032,0.0606058526493537
14098,0.5769775961827617,0.43116416296463944
14399,0.5685083626293039,0.527281131680976
14698,0.6506572992197972,0.4323110005750813
14999,0.9826334706195361,0.23385605983664337
15298,0.9620400365701234,0.334305863703641
15599,0.9371052968056185,0.2935589815960523
15898,0.9613509721465684,0.37785257038375086
16199,0.6669988032466179,0.5852767386011279
16499,0.8955418367102393,0.3625850291399223
16798,0.7039154606796969,0.615175529639582
17099,0.6601862620151345,0.6787723183363586
17398,0.5872249932585993,0.6932125057547396
17699,0.5184148897639262,0.7610306921388925
17998,0.6497061012215486,0.6024090223370129
18299,0.32885889947367325,0.8237418362491649
18598,0.28969448398029946,0.863475545278098
18899,0.4910547819769493,0.7758635788168379
19199,0.3486967030454781,0.7655579912415907
19498,0.29338805224438985,0.8529641217707103
19799,0.28446645089403233,0.7857258916554504
20098,0.3931232519660545,0.6566509119882167
20399,0.777521131572711,0.30741949474029695
20698,0.21277201341709265,0.8813579956930199
20999,0.22344167873179194,0.8745002841316472
21298,0.10847290547536668,0.9553008735615905
21599,0.10500398825278685,0.9473373414353373
21899,0.12787982957214827,0.950942762404526
22198,0.162017401552819,0.8828444743127244
22499,0.1651862759512228,0.8883534341476381
22798,0.1035324354601779,0.9549161644610116
23099,0.15223983846162203,0.9050886842885534
23398,0.1296312307774121,0.90489449363969
23699,0.2201087143048194,0.7725819693809175
23998,0.1749605416445156,0.7902714108475881
24299,0.31659782856436486,0.6930636008111902
24599,0.09807609944828982,0.9501427452093789
24898,0.10629124795683137,0.9377515603115941
25199,0.10042796961319247,0.9498526187960573
25498,0.10807444613430818,0.926899215698666
25799,0.14773231655853336,0.8586021323903036
26098,0.15040537265434717,0.7873992761100801
26399,0.16420233799222883,0.818873146236683
26698,0.12795351238034655,0.804333289865391
26999,0.10714857669310036,0.9239303055067631
27299,0.10354860110459083,0.9133978940062524
27598,0.12894156541974583,0.8516962748433127
27899,0.0894648465507775,0.9410730927858536
28198,0.15718480079895308,0.8256664100614418
28499,0.16473116600248472,0.7157174103973127
28798,0.25435811380078865,0.15938318959492692
29099,0.2180518342841099,0.7202299900125471
29398,0.06408942830633693,0.9632545352423706
29699,0.1022257332908975,0.9028877214545361
29999,0.22849749639881167,0.6525939409109992
30298,0.15166053236313431,0.8071779340572726
30599,0.20285733438975692,0.7364654407138502
30898,0.13572949992658778,0.8620889683974666
31199,0.25849083153710173,0.16459100749244315
31498,0.1197242523315684,0.8789547303329047
31799,0.14213460324613417,0.805052415654538
32098,0.1427863076225124,0.8290953030220651
32399,0.08603442129679649,0.9117163617151929
32699,0.07835578679487148,0.9560103838159029
32998,0.23353255710009937,0.48568246534027293
33299,0.28849372074835355,0.561500202144048
33598,0.6160669150182296,0.09951391598134218
33899,0.22790376705108795,0.5811908237839064
34198,0.5799479538218313,-0.23175819425432942
34499,1.1993607894147753,-0.19744894167220783
34798,0.25147837216209473,0.47985636354659844
35099,0.1370515900470292,0.6484668348193188
35399,0.17872876964371276,0.6213618668408971
35698,0.5848847065641307,0.20587825678835603
35999,5.344995508025917,-0.12473299345603328
36298,1.7316900185880602,-0.05735883351975746
36599,1.130391306062934,-0.0747611074314043
36898,0.43359588076772254,-1.29245359308465
37199,8.310366661065652,-0.2007949360014687
37498,0.534735709541797,0.11162353740789543
37799,0.8546956436007674,0.24598276308898037
38099,1.0824593312495407,0.10316985412205226
38398,0.19800133940565726,0.7897020479931877
38699,0.24308071847994553,0.4864803421301005
38998,1.1963215494119568,-1.6354987013830855
39299,97.92702871030542,-0.5016246609842454
39598,0.10140363376453337,0.8870701472841452
39899,0.06374200236017002,0.9702726754986195
40198,0.12695156445084393,0.41478567953510737
40499,0.11687500715619113,0.8087293324553049
40799,0.06191741964763907,0.9607728596713896
41098,0.07915197789009311,0.9007912846991415
41399,0.08750902474799166,0.9220100791775262
41698,0.08048177232907555,0.9183332058398728
41999,0.06265717409865927,0.96419897768549
42298,0.1265748328885193,0.7195632644631786
42599,0.1470968914945537,0.8228241460293688
42898,0.05614256002755174,0.9693234636727583
43199,0.05401456972668117,0.981049628163203
43499,0.0681614511842917,0.9579573039427696
43798,0.08937539340604804,0.9001004851637223
44099,0.9804641586298308,-1.1483020335827892
44398,40.49281103788896,-0.17847722378797504
44699,0.11430652384317168,0.8260163473932012
44998,0.13859822265208432,0.5470663505407483
45299,0.07452364853424358,0.9378417858141339
45598,0.06265640100861741,0.9556648707523673
45899,0.08169884688341505,0.9504070914562964
46199,0.06525092519164898,0.9626131474022916
46498,0.07741652779346485,0.9173472473702
46799,0.05047047758995728,0.9747368788323941
47098,0.07812768596336223,0.9345563602753657
47399,0.06449606306755612,0.9506399246687722
47698,0.11892274906795662,0.6279122871964211
47999,0.105058333427218,0.8825034973544252
48298,0.4567838561716002,-0.11982470609316609
48599,0.2062877761511777,0.3890444097992314
48899,0.7249569624411987,-0.21093558551615166
49198,0.8619999708886859,-0.18397815552887264
49499,0.43775801721198604,0.06998125226385099
49798,0.9259366540215335,-0.17721915643911657
50099,2.1558002135662484,-0.20896468261003975
50398,2.741675983057464,-0.17628591330797794
50699,4.932000882837561,-0.16045386182441734
50998,5.20376258368977,-0.16057013201588322
51299,7.46456002147961,-0.15079561960476529
51599,6.106090959058279,-0.1610239232070083
51898,2.7927354516794383,-0.11734649769497629
52199,7.881961802295791,-0.16519894278047298
52498,8.141697283235397,-0.1873538576185516
52799,9.870801302434511,-0.20181568388150017
53098,11.51770910309985,-0.24016053718025954
53399,7.924582902123076,-0.2119104533637619
53698,20.712453085047862,-0.24694147629258723
53999,39.24963387257961,-0.18331516192079422
54299,62.54968616046392,-0.25091827785167187
54598,86.61218729370596,-0.2087515845400525
55198,1.3368140947323646,0.2942358712099291
55499,1.8077362857139754,0.27358759032769553
55798,76.72707755216717,-0.23982701682712038
56099,51.81317992435223,-0.27187989677490854
56398,22.867165001170928,-0.27680619289453734
56699,9.478039355281057,-0.34872216616921614
56999,28.559154894088863,-0.6392795992102902
57298,0.16828870752196387,0.9791215132905726
57599,0.1728381715773092,0.980620099921065
57898,0.22527181949562683,0.9492804209070145
58199,0.1455182206512339,0.9837592337684059
58498,0.30868950408888085,0.9218129049782584
58799,0.3141875165007798,0.9098846673239939
59098,0.5720426632688613,0.7261942630432269
59399,0.558774394787275,0.7090864401276313
59699,0.5708779501974142,0.7576578601453913
59998,0.3786667876838742,0.8279194545989015
60299,0.31885451637126794,0.8420021497786048
60598,0.33238159136827666,0.8685899860688681
60899,0.27281800942317885,0.8709206643939302
61198,0.5478199342946275,0.4086692927286163
61499,0.5728005271857567,0.011734032250403925
61798,0.12915425130072886,0.9240288052207207
62099,0.21877680697769436,0.7278809542628758
62399,0.2241052330243821,0.808408994242638
62698,2.884836173878116,-0.34019048703416566
62999,0.3165281688073956,0.6363644778942203
63298,15.848787861608075,-0.3817737990092256
63599,2.368892601984414,-0.19778820026777932
63898,0.23088211751988924,0.7322164080604181
64199,0.15427894042442492,0.8854021061953349
64498,0.10048328640778938,0.949871736624819
64799,0.11349267194438774,0.9328616091517865
65099,0.09853951623309479,0.9545917948585103
65398,0.06966824022984269,0.9798120795309102
65699,0.060637273781649764,0.987152854538578
65998,0.07409563927529933,0.9774783908790093
66299,0.09585652820799777,0.9636179706488041
66598,0.07655677123933181,0.9629387480349938
66899,0.17869168716963413,0.7985816176518212
67198,0.6002854410272751,-0.14459655159217832
67499,0.08294305963207879,0.9619330112794652
67799,0.0954122004827849,0.9568331227025345
68098,0.07759952850841402,0.9723293026385391
68399,0.07539332953760668,0.9760414032057453
68698,0.08890371926758957,0.925066993191398
68999,0.13638363632420336,0.8346523205203704
69298,0.14615521180251828,0.8435014759104449
69599,0.16051494106229053,0.7995782829625211
69898,0.15402415146434142,0.8139232106460181
70199,0.10976791692242217,0.8750451351873189
70499,0.539144772900801,-0.0216205886848988
70798,2.0770156019738524,-0.6299468691087515
71099,0.20473232281193088,0.8368882900302093
71398,0.1776279099742845,0.8748040096946672
71699,0.16623915257522523,0.8307979181179884
71998,0.11784670229258515,0.9132672752214196
72299,0.11351318404536895,0.9408697656025883
72598,0.10755076275267857,0.9460494994102879
72899,0.1264705219251353,0.898632366257537
73199,0.29583499157820436,0.7863113485957786
73498,2.266268629902095,-0.1514829847010668
73799,0.11187769519573784,0.919763236909215
74098,0.12879582089886013,0.9131661617305004
74399,0.1600775972282882,0.8844552532389707
74698,0.19704985727012606,0.7858603399216638
74999,0.14745971544045353,0.9154307636180039
75298,0.18592674602538825,0.8327796109436203
75599,0.24097593268186263,0.6773251110218996
75899,0.2251495450503536,0.7922175168976209
76198,0.12356991568985982,0.9073272935215181
76499,0.3907389124070806,0.6959435764085751
76798,3.915897771336253,-0.038767493610638804
77099,1.0806250349930795,0.27120410464228384
77398,11.40779612567021,-0.13195590503516863
77699,1.1583259945790452,0.3866058979524407
77998,2.677081253144955,0.10359740339097112
78299,1.6517019806758484,0.19622136738091778
78599,7.355456494617065,-0.04043888368530779
78898,18.711647251053527,-0.11941762836624936
79199,8.172845299480766,-0.023820862865299164
79498,43.63353031871699,-0.1516242168687978
79799,38.86256660075912,-0.13840558111190226
80098,42.94766237699709,-0.21835986369177163
80399,26.596968125015866,-0.2657873041445722
80698,2.4410963381338817,-1.3448915773196806
80999,14.422805354651624,-0.1879840839478224
81299,101.0906082100325,-0.2651130256738503
81598,7.938837732810348,-0.13894394848269975
81899,0.16959228247245114,0.8527520592016576
82198,0.26027831255901807,0.7025432454375683
82499,0.16749778685860015,0.7684005253528108
82798,0.25672613133979844,0.5500412928396634
83099,0.19488220057573039,0.6251234026252257
83398,0.22046409777972223,0.5097995428614486
83699,0.17939304650475452,0.6396668259952389
83999,0.207079010722951,0.5901162291063924
84298,0.11582545591065234,0.8652974442922453
84599,0.1206856380357777,0.841136734240698
84898,0.07706986817237366,0.9345211575595357
85199,0.1222823544477056,0.8097496186599733
85498,0.10712023642162556,0.8095360164260992
85799,0.13368649638475788,0.7157962675577663
86098,0.10228063112035657,0.7051929262441747
86399,0.09902679852064122,0.8454348882319793
86699,0.07427219885551015,0.9116783542282691
86998,0.059206472181834294,0.9369352068683714
87299,0.06368062106190417,0.9261248024179478
87598,0.05070541161644701,0.9621130931736386
87899,0.06042810116508768,0.9249091546339409
88198,0.04410729210225503,0.973461102137907
88499,0.06130676203950996,0.950777017629524
88798,0.061228905396611966,0.9247704151181726
89099,0.05053848068720421,0.950883736974033
89399,0.04774012743237707,0.9685543520039303
89698,0.0630115789863274,0.9002123043283279
89999,0.0765729850785773,0.9475860993488066
90298,0.06838473384578905,0.9334941811904127
90599,0.07894198420468682,0.916252982551154
90898,0.07263712670676031,0.9268238447140258
91199,0.07389670217500605,0.9529142419337812
91498,0.23274911005610502,0.5147558511400655
91799,0.6431916516128579,0.1339755886987587
92099,0.08700595289127346,0.9394944374603503
92398,0.09117274921252673,0.9299330946377476
92699,0.11893051018265847,0.7779230218197023
92998,0.06209461141887523,0.9648778741798869
93299,0.2897709170814611,0.3619729164660582
93598,6.289537989707777,-0.1570239617644975
93899,0.7832514748618885,-0.004620972125700007
94198,1.4777723656455193,-0.047948403389692196
94499,1.9522729474429998,-0.23653400160328175
94799,1.1775073595076329,-0.027861525553636968
95098,7.341219462077951,-0.196911094792805
95399,2.274986209611333,-0.07744724439300121
95698,3.0231389538627695,-0.08069305692102535
95999,5.897598694435785,-0.0671657689096603
96298,5.999224794120507,-0.06693796301612709
96599,4.935914058323697,-0.06645813423985181
96898,5.695147058403883,-0.07661531461532323
97199,4.841990754146108,-0.0666208959088066
97499,2.540868226190291,-0.06886047417003627
97798,0.889913979643062,-0.08510161203606126
98099,1.006135009528692,-0.1083369313359901
98398,2.094166325973856,-0.03873462837412123
98699,3.4637922960344523,-0.12097024405826384
98998,0.06766798935652917,0.9559029607192618
99299,0.11898213769255969,0.8267775065832283
99598,0.12433410331824153,0.8162810728259472
99899,0.16079971186683525,0.6614746185496926
100199,0.15482434936648304,0.7340035634406246
100498,0.1680803236732666,0.6957344230224946
100799,0.17845817785323873,0.6762428859237424
101098,0.16536751519935716,0.6577479922534795
101399,0.46781579145434793,-0.037268871319701136
101698,10.162191424449402,-0.2166271458351403
101999,0.1948993357153696,0.638342335909972
102298,0.37302403690359615,0.1532907363289968
102599,0.4785859276432603,0.4766930569475636
102899,0.11335839112513381,0.8583745458531706
103198,0.1416092271592317,0.7562822633482487
103499,0.10496292956376546,0.8401101348733528
103798,0.09617262887291417,0.8835088385000359
104099,0.1191425587495188,0.9051723156957335
104398,0.14406192042839447,0.8122059343216358
104699,0.13598784262624466,0.8673150141916488
104998,0.0919372310008779,0.9381923712297447
105299,0.12239236733312496,0.9119966519982182
105599,0.10553550765602665,0.893939863021984
105898,0.1261053501931054,0.8534531876660951
106199,0.05574041043420194,0.9749124122466073
106498,0.04958567739735272,0.9749237455655885
106799,0.05359067232655121,0.9815677892547268
107098,0.06895200502996152,0.9449267915541775
107399,0.07729975687906496,0.9458842341236838
107698,0.0628026795667131,0.9687094386757241
107999,0.1706410538485896,0.7603826913228131
108299,0.29438188845523244,0.5073085435616879
108598,0.09644507914469,0.9465729816875359
108899,0.09704306204073036,0.9355080126870431
109198,0.06222838395899663,0.9778567429219762
109499,0.12391195057732259,0.9037027320214529
109798,0.059506037436412584,0.970197276731409
110099,0.11586632158418347,0.9200919619904598
110398,0.13729365490280498,0.8713672674562944
110699,0.08621284905993502,0.9401006398967529
110999,0.10480773136310419,0.9156724897890197
111298,0.132724632278297,0.8459334541961836
111599,0.10403207695332656,0.9253502235717919
111898,0.11748551197510933,0.8960916398138444
112199,0.1365557316923216,0.8626630947452905
112498,0.07518604027260799,0.9330378026886313
112799,0.10086924763086283,0.9077832537623429
113098,0.10441698538880347,0.9234496870949567
113399,0.11399353464272835,0.8691086693603288
113699,0.19936499925679574,0.7540130599632742
113998,0.2536864352224034,0.5783536830236184
114299,0.1042947069196781,0.9248009708593453
114598,0.17707442964618403,0.791924315412754
114899,0.12016955713389232,0.9212174801110178
115198,0.09365076813496431,0.9471543097608006
115499,0.1070483982060202,0.9393928345113234
115798,0.18282453677744603,0.8300937149460208
116099,0.2258313446992476,0.7319405452712957
116399,0.2283266776134808,0.7433817061565495
116698,0.17146250777341365,0.8151815855665804
116999,0.17635386111507712,0.7892059546041987
117298,0.15308490219199078,0.8201964261489842
117599,0.17920413101400653,0.6813749280548874
117898,0.13931200237645325,0.7117793761805123
118199,0.1742540529029661,0.5197663600614171
118498,0.2020124427037244,0.3415124802475016
118799,0.26568349523903934,-0.14823186812364808
119099,0.14501781971914424,0.8042738643253825
119398,0.18215679264000845,0.5606128131350966
119699,0.15811240750449776,0.7293151196056429
119998,0.23969798966540776,-0.13321354887011383
120299,0.14909704387749675,0.7946974966491256
120598,0.26649992081234564,-0.25948621795776017
120899,0.3620162448931489,-1.8521490018798787
121198,0.20942583890356714,0.4377653269576214
121499,0.19111813863616683,-0.059455848819176094
121799,0.1415342866743895,0.5355703463744386
122098,0.12880410091203365,0.43743275199977616
122399,0.08811766034973216,0.7741489430029497
122698,0.17894576165574894,0.4003149873619616
122999,0.1498665703952111,0.15887732429538703
123298,0.14254151944315333,0.35761273867899224
123599,0.08929734296000877,0.8132698592217701
123898,0.09421343382972275,0.7314640200220268
124199,0.09492813669836751,0.5240588798840374
124499,0.05810387818031201,0.92279086379878
124798,0.10103847021226724,0.7093896396349937
125099,0.08357800278798642,0.8795551079092854
125398,0.05287120014348365,0.9080942973705202
125699,0.10562202759155287,0.7668449960605591
125998,0.07674490474755652,0.8298848215892551
126299,0.08288282549111707,0.795036867135275
126598,0.08313971531249421,0.7159118228250865
126899,0.05289893887895495,0.9068057192770147
127199,0.05865634918988643,0.8548512530302906
127498,0.0464682567335483,0.9296113206071304
127799,0.05671695148083747,0.9200837628080193
128098,0.06621145187178062,0.8662744947163368
128399,0.05034097102332678,0.9154842460006272
128698,0.1294978687875769,0.231521256413312
128999,1.4447068505442693,-0.09300111439956793
129298,2.4166047720491663,-0.2010062012893421
129599,0.822283317486729,-0.22616282432679014
129899,0.7674128976600201,-0.25193268565709115
130198,0.17963428279273655,0.32512479580546416
130499,0.07899818094403571,0.8407154160582551
130798,0.14854037019777402,0.3545970603359536
131099,0.2328255607531155,0.005665880610346008
131398,0.08661253140165324,0.7484308038033418
131699,0.30801148379398624,-1.0952788472483674
131998,4.418609215077712,-0.2628850147537438
132299,7.611933078243784,-0.25002913525820514
132599,0.845563344349926,-0.374688049986057
132898,0.8168510955236131,-0.41871866493874443
133199,1.5666905357325964,-0.28197896354323926
133498,0.4633723471451433,-0.31840618873761883
133799,0.1977386867790029,0.029170214998591626
134098,0.38791629428187274,-3.1832103340676605
134399,1.7211492831269621,-0.29900802627600176
134698,0.4895639205772065,-0.16485413818367323
134999,0.3278793624569325,-1.6829300081016578
135299,1.617553947155661,-0.3299817988844207
135598,1.310095733093169,-0.3311375301434327
135899,1.2977523037262226,-0.41167897325256986
136198,1.57678721741114,-0.46891445523431896
136499,0.9913037681117535,-0.3445396404236363
136798,0.05634231482908614,0.9720742678644464
137099,0.14429766521050721,0.6845436301805743
137398,0.7673533845466063,-0.36410898460797525
137699,0.3149964183623225,-0.2554143170036478
137999,9.86352689426183,-0.247218703244521
138298,126.51866617110232,-0.3121249383267777
138599,0.07794436878729714,0.9754894642460054
138898,0.07151205891933726,0.9768513834897563
139199,0.09673135536137159,0.9654186959774972
139498,0.6926216325621124,-0.3739710565829182
139799,1.0540644399153951,-0.11025428572327378
140098,4.907551517753376,-0.1879605209807338
140399,8.653125484233541,-0.16772440903581654
140699,23.403438098394457,-0.2796725656580392
140998,2.3398518071757928,-0.2925992104805679
144599,25.279280683066784,-0.271336422188754
144898,3.427560381484596,-0.4097771150244369
145199,59.77915835978732,-0.5680904095299824
145498,12.186806996307812,-0.5234929647213258
145799,4.07124333501394,-0.21953659505840317
146099,0.09490407699116127,0.9885231398689298
146398,0.12511480401283057,0.9822866252451936
146699,0.11997939894718362,0.9826777817995674
146998,0.1061086860082408,0.9858781052888473
147299,0.17135082267955767,0.952640307157214
147598,0.21208842998687177,0.9183719047861318
147899,0.31955840778724365,0.8218770912606881
148198,0.2930370662110928,0.7912070819697091
148499,0.35341802204326783,0.8202988580745261
148799,0.4168215358880959,0.646773403573405
149098,0.5983396362290013,0.04709762155689967
149399,0.1882782421703301,0.8637354159615375
149698,0.2660455289113799,0.5314278332755322
149999,0.0869011928714344,0.9724137661452911
150298,0.0722203670449057,0.9677417085874542
150599,0.1343998692535465,0.9405202065818151
150898,0.2883842673860946,0.6332488322731762
151199,0.1997754637139004,0.8731793257234
151499,10.577780269075788,-0.37338797786191225
151798,0.09330534795905253,0.9567708410059805
152099,0.4257419435602321,0.006261377430977988
152398,0.06687396738293123,0.980184589502883
152699,0.05435462065864454,0.9855518949524964
152998,0.10700041404702698,0.9420379861216586
153299,0.20078571965681266,0.7795039753451127
153598,0.24961519079603522,0.5829694385306642
153899,0.11483715548785171,0.9198456274533766
154199,0.19991271482211628,0.7903134183424145
154498,0.6070440431360011,0.23381426702405816
154799,0.09933890072922968,0.9371253120745706
155098,0.12940799946316997,0.8719612964831019
155399,0.947660203378303,-0.2914050103154424
155698,0.07701735445437438,0.9263846074836195
155999,0.13536704693541965,0.861676041884563
156298,0.45037555172625726,0.3963666592639088
156599,0.05922134464496322,0.9649699229824608
156899,0.06521714463706078,0.9748976107645596
157198,0.11656563030606121,0.8708110301585629
157499,0.12343559393329029,0.8231464744091596
157798,0.10703496377557536,0.9459806975548629
158099,0.10757258322402002,0.9395561035755225
158398,0.11382024816621723,0.9321795400007796
158699,0.25657035804437683,0.8028953744748026
158998,0.4663652082419119,0.6032281696258106
159299,0.15263659399881563,0.9452720102066821
159599,0.12670890693979475,0.9782171867428019
159898,0.11114836893708414,0.9726085815726617
160199,0.23243892440613909,0.921806187941112
160498,0.17550086020353736,0.9259811727514009
160799,0.13367286116044141,0.9639945921814068
161098,0.12537207672734496,0.9635704750177718
161399,0.12238519259679041,0.9633066140334039
161698,0.20172959202799742,0.9546266368106909
161999,0.1945950849895195,0.9594596220372673
162299,0.2442571503898341,0.9224600378850587
162598,0.39659122261170643,0.8543605602020867
162899,0.8072547195038964,0.4532623482853262
163198,0.27908562874110865,0.9157987287756693
163499,0.125079292276125,0.9478705341077964
163798,0.2296856895839593,0.846888208915856
164099,0.18981813449544066,0.9303974897989414
164398,0.17407480115177168,0.900270432969386
164699,0.11483704362330736,0.9682706488397314
164999,0.2947038500630217,0.7824734272851731
165298,0.43079718912974296,0.7295194477436385
165599,0.26982847712933566,0.8566309792769743
165898,0.43311677184731795,0.7849178465659572
166199,1.1020533809763906,0.1087077399477091
166498,0.1867882936763102,0.8873431424249745
166799,0.29293607201682853,0.7891524603330305
167098,0.27258253336663685,0.8296290326491766
167399,0.31932884791461585,0.8268959228920569
167699,0.6365342999506248,0.46468263839777757
167998,0.5194140600403734,0.4419812318082704
168299,3.900134859934168,-0.031077010925687487
168598,4.2675027936819605,0.011654660523922389
168899,7.644636324980878,-0.10793749359510807
169198,45.0037187809806,-0.3229411881962587
169499,83.06392664793393,-0.4048971586222281
169798,41.11021356341675,-0.42142736385556145
170399,14.917919363948592,-0.31996952574106285
170698,0.1442891856292649,0.8990318674360466
170999,0.23045818171910357,0.7479477677504616
171298,0.150412470406186,0.8438287539628418
171599,0.2758002153210548,0.6939077051045202
171898,0.5200685373564122,0.32170097745399207
172199,0.24924145285969196,0.557315580268827
172498,0.1287702413316984,0.7903938918343782
172799,0.13276423650039032,0.7825168392764208
173099,0.13465618290570835,0.8455822869921762
173398,0.09685340027645223,0.9000295418771878
173699,0.1353668027405723,0.8055908364184133
173998,0.10496233652507074,0.7266527070872661
174299,0.10343223707605054,0.8831119274651444
174598,0.2080246167268484,0.6060634667766335
174899,0.3090197404568607,0.6097938109231777
175198,0.1173782475284362,0.8294930087301076
175499,0.07519513420274528,0.9186204428589214
175799,0.10345611593284894,0.8804275624935163
176098,0.07813048085289526,0.9494610841406655
176399,0.11511865359788057,0.8974226111787788
176698,0.18442207080119014,0.7361070561740795
176999,1.0785914167627781,0.06373996174631191
177298,0.06732288237964947,0.9665930715436171
177599,0.09393654989787532,0.9325920541041539
177898,0.08733772180137364,0.9389686013181997
178199,0.08898021524817594,0.9288638520046129
178499,0.09682070837127095,0.9400057137522123
178798,0.06802815788903561,0.9764363881429656
179099,0.2231744608589847,0.6315285147948461
179398,1.665263784842958,-0.017317531881291703
179699,2.464410455156716,-0.06171756176107457
179998,0.5435549572943285,0.10027991983323148
180299,0.25430904923900743,0.6588157167403894
180598,2.349293510351508,-0.10022057186866618
180899,1.105695746936535,0.030847589977578194
181199,0.22380663136585457,0.7786658219951805
181498,0.5499858059480602,0.34106885337103854
181799,0.3618899532376985,0.42715742038269267
182098,0.4668687421521609,0.35258711380812946
182399,1.6329449187650482,-0.07507242053998664
182698,0.5619571475876863,0.32665944312069106
182999,0.549269999457217,0.39021380014143625
183298,0.6737563420075872,0.47190250685697266
183599,0.6816241436611435,0.5768338715901377
183899,7.754857288785238,-0.2949335157803463
184198,3.032869817520605,0.015265891887818683
184499,4.101881230193221,-0.22230785859817725
184798,0.6751898317914773,0.46488308496839303
185099,0.39420333809334024,-0.030534376270382246
185398,0.4246490096378279,0.4258288626491247
185699,1.5008963735300918,0.013884298379292614
185998,0.05216042575949415,0.9794281728593885
186299,0.21841522188565746,0.6577177853826195
186599,0.3486613541073945,0.706331314127058
186898,0.674110913758018,0.04844359474784865
187199,0.39512259724221394,-0.004503247508520047
187498,0.7986319788420428,-0.1621259220976179
187799,1.2643699232483452,-0.1334881178874685
188098,1.1498178041054694,-0.27211303686512145
188399,0.0686137841234508,0.9630792887648928
188698,0.08428442836444545,0.9251044611625168
188999,0.14694507245666186,0.7945205598149907
189299,0.13766491637148703,0.8124818016869003
189598,0.17441199862553727,0.6728551997470396
189899,0.24389616242340686,0.3575216552674432
190198,0.18596718110975374,0.6257154200432381
190499,0.23805076708850897,0.44195435612258815
190798,0.19466484997115885,0.6382561707215295
191099,0.18560122620528574,0.6953575426671863
191398,0.3158938917871031,0.41755021862488484
191699,0.4515667430646645,0.17110123757822615
191999,0.37781415328676293,0.2941995569932576
192298,0.1433145904816481,0.9049558389791167
192599,0.22584259161157633,0.819943749012104
192898,0.39486644885335886,0.49111654629301715
193199,0.7877136022093931,0.0940100377669223
193498,0.23897413211556762,0.87874895666932
193799,0.5122584951025848,0.4856954324808851
194098,0.19111613130654814,0.8912038853838982
194399,0.1318010541975732,0.9683625910401646
194699,0.07430615164612084,0.9796784179374212
194998,0.12843325996868674,0.9738461873481612
195299,0.24903518370150485,0.8512473657741744
195598,0.24119815896630892,0.8461589624819221
195899,0.31508103291778844,0.8288067469032032
196198,0.13473525246841198,0.9589766683020747
196499,0.09225158299771992,0.9829823860229643
196798,0.16506084482382224,0.9242245472065317
197099,0.1307449961749619,0.9549381364123634
197399,0.207803666249209,0.865369331649213
197698,0.42512924344217035,0.6372862920731124
197999,0.1297775859740734,0.9349833344934269
198298,0.19589448574364426,0.8892101038978788
198599,0.15993674503034097,0.9092857810050889
198898,0.10157206317319434,0.943197081077411
199199,0.09404735220678194,0.9619701053544192
199498,0.07075340863970109,0.9744522516093056
199799,0.11091025219939213,0.9318427042928945
200099,0.14065700468299241,0.8683526729026159
200398,0.06927993249093577,0.9683166530961043
200699,0.09448035430005311,0.9297014805045198
200998,0.11882819535372402,0.8498197693044633
201299,0.1752432081850041,0.7867212840778327
201598,0.12657264510068955,0.8485355276934619
201899,0.1100594364434776,0.8887715622530279
202198,0.13545133586431227,0.8588799276544208
202499,0.2717707566039232,0.5747073238413561
202799,0.5511616364274496,0.14881111538433323
203098,0.21367126350597831,0.6906095132562371
203399,0.16872561393798102,0.8677254749935142
203698,0.21803971888192272,0.7179078762031333
203999,0.17761065360166312,0.804892871454565
204298,0.16561225071058797,0.8025435004108317
204599,0.2222719843321278,0.7280128887017508
204898,0.15326950156247487,0.8398383264440288
205199,0.10323156349885279,0.9185160484168694
205499,0.19350697808391068,0.7698329660756754
205798,0.15146685813828364,0.8603714941431135
206099,0.2361538796155506,0.5229473909725719
206398,0.22684813559864164,0.7341268462744996
206699,0.307709972500417,0.7065222785665092
206998,0.260806240397021,0.8218919874052717
207299,0.20259684690535326,0.7429686844948107
207598,0.18792232845974793,0.7393874608486646
207899,0.17311622663964418,0.7833791883318523
208199,0.21374654382107167,0.6817079239320367
208498,0.18676605733244622,0.841552610036042
208799,0.21671462096176353,0.40555320182140275
209098,0.2455947709485525,0.6705951800100425
209399,0.4104424265941542,0.5363668413172042
209698,1.5938415440536526,0.2089569449909734
209999,1.2074484871172235,0.1617153876266505
210298,0.798292677679992,0.315518547028544
210599,2.1346847541605567,0.01576410752900015
210899,5.595453261072729,-0.1635216188309585
211198,0.16925259392277808,0.8508025360117678
211499,0.9069780166203599,0.2384416625753577
211798,0.9067565157213424,0.11501286899272223
212099,1.15629887753007,0.0998932900374555
212398,0.454026883162302,0.35291645005189276
212699,0.5599673532014805,0.17967134140995777
212998,0.10934210107155079,0.7667169783953475
213299,0.12325203981575134,0.6153895281407231
213599,0.3945505067493569,-0.5676863109776038
213898,1.0919993688488605,-0.1675549997689454
214199,0.2584854315440317,0.21833271796398313
214498,0.26824213005184866,0.09419955943794545
214799,0.27270953084684313,0.18749317898242268
215098,0.646523731987368,-0.8162201598260219
215399,6.127256860752516,-0.4616183428648235
215698,0.06902825394209244,0.9213628361380636
215999,0.06243005036988728,0.9006744968905912
216299,0.07217421060680874,0.8636816290383534
216598,0.048814294689659074,0.9385826138734923
216899,0.05991967084565291,0.9153457144291856
217198,0.2692540914214323,-1.6911564294333625
217499,1.0069740312559514,-0.1653634540050517
217798,0.48702917741510393,-0.1450759369361181
218099,0.26916073676991437,0.23808864303755728
218398,0.03773500735407391,0.9650119966421069
218699,0.042456209642634996,0.9696813912644837
218999,0.05595330918150487,0.9595449555935838
219298,0.06135537185871991,0.9508369356326675
219599,0.04761945182078536,0.9641638966320603
219898,0.047922398686871454,0.9568419415773324
220199,0.06624595030307717,0.9229979958744775
220498,0.06389732198547354,0.9610561296547362
220799,0.03100860641753001,0.9874477131893618
221098,0.043687934028543846,0.9708345030577382
221399,0.47226548910530775,-0.2205059373841376
221699,0.11320983977126423,0.828803556720917
221998,0.24434898095807656,0.34978710830247695
222299,12.038209627825548,-0.21471994789084525
222598,47.489196903833665,-0.31176055000936365
222899,38.220106849087614,-0.2996403218065544
223198,58.886365126334766,-0.2402224953060006
223499,29.62494986039247,-0.2278192317452039
223798,33.160056649710434,-0.23045452827858148
224099,40.34856080449477,-0.26521066813682426
224399,43.211262355233536,-0.2552177209956956
224698,59.65065795635995,-0.24908450910112423
224999,107.08679737374956,-0.26874658916070815
225298,159.5310420652439,-0.28293141910017283
225599,110.99278551322568,-0.2796956010992282
225898,106.99871572149004,-0.23326087474757196
226199,109.32353277120554,-0.276576907091423
226498,63.82838575675881,-0.2688739751206901
234598,4.720523573591292,-0.17026834788319323
234899,55.826801813572466,-0.33919448048958056
235199,8.783966513795422,-0.2626824230777973
235498,15.63984412362676,-0.27071334581209405
235799,12.607031716301567,-0.28068401022764555
236098,11.648567617404149,-0.25488885882109735
236399,0.2516782325003278,0.9423996406794105
236698,0.272880171880858,0.9287646228687114
236999,0.5440721128761346,0.8067220034621192
237298,0.5076380665503337,0.8928709387459549
237599,8.318446332279352,-0.2941433613122668
237899,0.5173614698857412,0.6832075096163546
238198,0.24689219940659393,0.9447914591238825
238499,0.4916590875276734,0.7959003518737517
238798,10.57774993710948,-0.9129992262907043
239099,31.646770441465225,-0.4537251558245927
239398,4.635397800882805,0.018290037260998537
239699,3.2210066031833744,0.10592364329940174
239998,17.987502117478066,-0.24345248730507385
240299,6.21843635396967,-0.20492298527723474
240599,1.8137055962114101,0.17191130150109157
240898,2.848870460505686,0.2031900225503238
241199,10.656297623322542,-0.17566226826787124
241498,2.429160369226175,0.14011471949248389
241799,1.9264803930463792,0.21609492296744526
242098,2.1035272301931127,-4.728795242100409
242399,7.236888680186818,-0.18977342479634762
242698,12.087290838922952,-0.3637121116525346
242999,15.535294758744337,-0.2931500283972699
243299,18.969625829266494,-0.38901784659883254
243598,20.219443007208664,-0.35891981674594575
243899,11.458857377871723,-0.1861877933594036
244198,12.960533055191894,-0.23879599088313364
244499,20.791026012297632,-0.2657673033473096
244798,39.34615915347528,-0.223730611483953
245099,31.594428531789088,-0.49656251424581255
245398,32.12575561129436,-0.4769339200890803
245699,25.983142216755677,-0.28008094204109435
245999,21.60209899205239,-0.29855655456619523
246298,54.451139999829735,-0.2994238529912041
246599,56.06553214159033,-0.3666343089612665
246898,85.53720647264952,-0.23901789900679127
247199,46.32643023825236,-0.3646775611961519
247498,32.63984823596029,-0.5047618292968787
247799,3.944033372689202,-0.07913410705515589
248098,42.02688916449576,-0.20245929939173668
248399,16.428601407314133,-0.1775638055726092
248699,10.19358020584554,-0.1375058370731126
248998,2.9571091405182544,0.2232947635324326
249299,3.79799189314668,0.11269103228135746
249598,4.0365765566595435,0.1010964113905487
249899,5.910446342211738,-0.0021364579630729352
250198,5.152080861405157,0.05538549451490593
250499,6.314284369152521,-0.0016932619421010653
250798,6.73985083251074,0.02009004119327107
251099,8.742922938344021,-0.06272982400387983
251399,7.887707838806026,-0.06407314218334048
251698,6.853183551033739,0.032282672287007985
251999,9.58156842204016,-0.05497896183634143
252298,8.7357459772983,-0.03090643026976303
252599,11.480442270333375,-0.0798807626592466
252898,3.1647960658761005,0.29991488408488665
253199,0.9933105358260461,-0.9816915254838232
253498,1.5047240300871765,-2.410199471634716
253799,0.9535801212753015,0.6034926104390343
254099,1.8457104879922381,-1.9808772525012825
254998,1.995603060283802,-4.529789809364037
259499,0.2879117680700025,0.8655284558679301
259798,0.2562647711972654,0.7335680926915001
260099,0.31373337736793994,0.7290050632596075
260398,0.45291878695861576,0.56060412181957
260699,0.873929959362904,0.4679529420487143
260998,0.22834627846188432,0.8413654423826181
261299,0.3814867689665326,0.003398709712161274
261598,0.3373419085822035,0.4725290078227782
261899,0.22782956893971887,0.6140942782015255
262199,0.3105848066966316,0.16319234670708926
262498,0.22051749038339005,0.6628138465581126
262799,0.15270593234013885,0.8261548941357817
263098,0.20434929814986771,0.4537979423557076
263399,0.45603189165088026,-0.09641149262691906
263698,0.44288028951785285,0.6222377032877668
263999,0.2409383342869562,0.46461529839335347
264298,0.07951185877110717,0.9343867420435334
264599,0.11730360606110977,0.8542894510831572
264899,0.1015614802171423,0.876859981872055
265198,0.13512480097186327,0.7965477664579557
265499,0.14511398984614016,0.8644241052389136
265798,0.048739187868705666,0.9854066056365651
266099,0.4798672661568049,0.17748788945639382
266398,6.2339927869735545,-0.18276318293783045
266699,0.171617794875019,0.8798809375113669
266998,0.17675709377241644,0.9139922668642844
267299,0.10862961158751155,0.942671925852668
267599,0.14299679160284995,0.9111601895666089
267898,0.21000429948506516,0.778741982106051
268199,0.4177890344346509,0.6459244778530451
268498,0.8403722350201774,0.4944290184194592
268799,0.6099016687173242,0.6561510523405769
269098,1.1179911445602597,0.3568923436758733
269399,0.1171431541832605,0.8480246982090095
269698,0.3341128366540288,0.5747017251199442
269999,0.4132433432810165,0.7127946227677326
270299,0.7772475619399084,0.4108212720832093
270598,0.2453034325927426,0.8326300675273044
270899,0.28778134727673754,0.7090883197273957
271198,0.5224249381320362,0.5981386381753463
271499,0.9117271037958814,0.4976990055940024
271798,38.911581501882054,-0.36451517962354485
272099,0.40448196677466064,0.6749095716385253
272398,2.1602781315699273,-0.04922674021670037
272699,0.19421129674740217,0.6924604168260072
272999,0.09769604521379657,0.9616798369878917
273298,0.15025572860214112,0.8123064195307252
273599,0.1599961452449442,0.9029705974915003
273898,0.16716711067633358,0.8557483135789722
274199,0.07690856325182525,0.9778992728233258
274498,0.1103612975620346,0.9354895841374677
274799,0.16158486829752788,0.8838784147468389
275098,0.38381626904715316,0.5579525595057584
275399,0.32364606836516807,0.7712708597745145
275699,0.2620404009898491,0.7471258925338535
275998,0.19943838488109217,0.8099699643519866
276299,0.3026075767229839,0.6896682454659842
276598,0.2835841875765918,0.6095536772154729
276899,0.4383183827273112,0.5350397273531685
277198,0.40899927751870396,0.2644687992326049
277499,0.4490043047018848,0.5592754245542946
277798,1.2186557743258568,-0.05099353835827469
278099,0.1318603165609419,0.9286023923565194
278399,0.22577061028269943,0.7878181801850984
278698,0.19854349134076804,0.9193945120808936
278999,0.1950364366722173,0.8638040176988788
279298,0.17381667280113644,0.9533844355077897
279599,0.22248544126890618,0.9108641306989504
279898,0.5218013493575531,0.6878298045716955
280199,0.18984667976204683,0.9636244477715222
280498,0.30047272623769566,0.9286242208687382
280799,0.26367849924723924,0.9575239537639632
281099,0.18574368968751648,0.9738545977062634
281398,0.20795988834660267,0.9762841414620758
281699,0.21504422257431133,0.9583299313937477
281998,0.23123225195833383,0.9737526198319527
282299,0.4683579986054743,0.8886503343660034
282598,1.1159865612779585,0.7479030311237144
282899,0.25904378237868975,0.9706883538762386
283198,0.36119320286597334,0.9221366925787124
283499,0.2645897364532808,0.9750458922388734
283799,0.34945193127378527,0.945853516121895
284098,0.2572612592674118,0.9452704385259818
284399,0.42829216707261053,0.9346056542607333
284698,0.5882553970854799,0.885856559954262
284999,0.3726462616833868,0.9590099578973388
285298,0.4958247469933988,0.9187956713182153
285599,0.5717488302881304,0.9302892387724542
285898,0.5792117064877047,0.9494650341304414
286199,0.6963785534339456,0.9011671639977862
286499,0.2725990692484832,0.9711079688508754
286798,0.6558779263704376,0.9281117159587713
287099,0.6027423691039764,0.9400320404154345
287398,0.27663463807397193,0.9845409186736804
287699,0.22589390562681988,0.9838106255051464
287998,0.37075616643619413,0.9605323718751556
288299,0.3031299780377477,0.967189937221183
288598,0.23601538152694823,0.942765014073891
288899,0.28315735838078554,0.9392195332912264
289199,0.2366273526380383,0.9659803306376212
289498,0.3489805069723806,0.8446701202871839
289799,0.33356523421865236,0.8510036644148047
290098,0.38406590499857957,0.778682757893956
290399,0.4016984253120217,0.7763525546689192
290698,0.5527517088715377,0.6715575301507279
290999,3.188532499092334,0.11555787032264164
291298,0.0807732280776182,0.9876991591077738
291599,0.09285175927577101,0.9804555733664111
291899,0.18717057619918895,0.8974283712793552
292198,0.13042537345885774,0.951253456678162
292499,0.2485213548428192,0.9139332232040175
292798,0.4148476741878573,0.7643761756923105
293099,0.27114500578935624,0.8819339622305012
293398,0.413644706591844,0.8408824640164774
293699,2.2207186351350763,0.28423874811745475
293998,0.3329074447292014,0.78106019366115
294299,0.16181012205243842,0.9616025271651555
294599,0.27913098872447817,0.8718055185685895
294898,0.3530126530049915,0.8319261318324963
295199,0.23496511344317816,0.8935092673852383
295498,0.32507321916110316,0.8652968503796228
295799,0.5342366439260577,0.7155451195588154
296098,0.22103634214005752,0.8516599373394539
296399,0.19160587718909186,0.891463947681714
296698,0.2045323029197088,0.8071056659802628
296999,0.2654928557963584,0.8296378419140705
297299,0.27508579174391995,0.8879393048787798
297598,0.22009683635433516,0.8812957440874072
297899,0.18527915340931228,0.9231263177727221
298198,0.23897777495460693,0.845926505395133
298499,0.304267808169649,0.718085264957615
298798,0.23850698278343518,0.7716081311842509
299099,0.23089632392902557,0.8477154862486074
299398,0.24486743461299054,0.6437940651585353
299699,0.2264571585653301,0.7138256632011708
299999,0.17809244949659145,0.8121735181415712
300298,0.2977702606221452,0.49474697849802607
300599,0.18124350478331333,0.8657678771728157
300898,0.1949490131065644,0.8035048798971967
301199,0.22599923873750244,0.6331604646996221
301498,0.37552018675139903,0.1773207092510093
301799,0.3072826441370348,0.538724809452694
302098,0.22111440399482207,0.7511687212458809
302399,0.2629231726002521,0.462103378271738
302699,0.5285724167878771,0.4029805608214747
302998,0.13279933179488518,0.8994189017400682
303299,0.680576926428855,-0.7179307165231941
303598,9.412742945941158,-0.2819017732607205
303899,4.054033679213713,-0.23339415977690803
304198,0.08930810349820578,0.9372837661911855
304499,0.118552561093879,0.8744670574559344
304798,0.09706884465950757,0.9196366716428257
305099,0.1196740593208822,0.8515054391244433
305399,0.09709260270754917,0.9095186236851144
305698,0.11357758445783246,0.9203999952040062
305999,0.07479212174161248,0.9728147866055
306298,0.09591100321938083,0.9343784807220334
306599,0.04677341858891782,0.9885643857835793
306898,0.0865133767741313,0.9443491116105218
307199,0.1862820085550764,0.7378953327073903
307498,0.07439176618030824,0.9750821193534718
307799,0.1315428064329319,0.8917695440137218
308099,0.09066457802252631,0.9706032603668924
308398,0.11334329121232851,0.9670012349423522
308699,0.10303227105907288,0.9781198132565648
308998,0.08407117898858812,0.9629064393235327
309299,0.060696210057895175,0.9822309133922515
309598,0.04123111349525648,0.991297680555018
309899,0.13650825376185294,0.863042142710642
310198,0.09156350055569241,0.9448429289183755
310499,0.14767244327929965,0.822909463241569
310799,0.1322643212316891,0.8599161755076322
311098,0.11733595969154163,0.8033158589707794
311399,0.06583870866361191,0.974695197962553
311698,0.07866804632342313,0.9332329808230858
311999,0.03940521373651305,0.9922802357510193
312298,0.07557779636964558,0.9675363520495295
312599,0.09096744256753753,0.9565980024445382
312898,0.06034551332774147,0.9704744365660364
313199,0.11390715814662136,0.7838307503871655
313499,0.10955452184457591,0.8520863357268974
313798,0.051047568798405475,0.9844710372432496
314099,0.18448653699146705,0.6869966900312741
314398,0.04910468210877977,0.9830647763248901
314699,0.28221439756500266,0.36579393550361483
314998,0.07891588196523439,0.9658249847582543
315299,0.4224958698861937,0.28340238110287563
315598,0.38592678892357724,0.6317351734767307
315899,1.7994095515877195,0.0778407494400033
316199,2.0634533139671642,0.07168809104537477
316498,0.6806093963426844,0.24103467897391007
316799,1.582385268784159,0.29055203201164637
317098,108.87399282811845,-0.23959495107613837
317399,72.72249099839594,-0.2459393398224261
317698,92.99258267492655,-0.13889488369550218
317999,99.95108409149432,-0.21548197074757636
318298,50.22155216780879,-0.24950126035307085
318599,61.92780657668581,-0.1951283974933975
318899,37.23146250826477,-0.21930840742841928
320099,1.3910313523691589,0.09982480021088891
320398,11.703766315909869,-0.3704660047023378
320699,17.025219762565087,-0.6837434196465322
320998,11.866467845391144,-0.41234845815679466
321299,37.05767359414901,-0.7226894920360836
321599,11.959519794589387,-0.5242273655592931
321898,19.657514656026713,-0.7832769094018901
322199,7.39991042910096,-0.3428785114205295
322498,1.965832859957505,0.612617260883009
322799,3.5157463109695697,-0.10695320196647318
323098,3.2593682409301787,0.2388233862157173
323399,5.222056305099624,0.009917398696838164
323698,7.495351064150125,-0.15949119089389097
323999,9.10129171535906,-0.36533137129484516
324299,10.329467945753617,-0.472227058996165
324598,6.969100629864581,-0.21248188373163357
324899,7.023987519644101,-0.04488004475888574
325198,6.507930796776684,0.06881300855745098
325499,5.2184211387535155,0.2148908755534522
325798,3.261809085264952,0.34183065314966554
326099,4.300743430069205,0.3005381986445975
326398,10.01586153794729,-0.1852172096420157
326699,2.088743394179035,0.6073302952482125
326999,6.519469897385756,-0.0019639555383605956
327298,7.842117665775465,-0.19682895837379388
327599,5.389551449580762,0.002192644681233369
327898,16.449146249375765,-0.5247196302740544
328199,41.70729442634957,-1.082918915170286
328498,7.958896888516689,-0.11626347354564937
328799,10.16905707486874,-0.28338757570404605
329098,5.170874385888597,-0.0402021086072577
329399,1.884486578513822,0.6038351760554603
329699,25.10890240666086,-0.7698613498207085
329998,27.68635822240253,-0.8903561732199652
330299,7.902996344870491,-0.20625774949407072
330899,1.733254338673579,-3.6949409786403216
331198,1.452690928797182,-0.8798901030821693
331499,1.5480988932651343,0.5718968392344297
332099,,
332399,2.386832585546825,0.16945727379065345
332698,13.208663278391294,-0.28783965202224904
332999,6.290100229530731,-0.13256170935163625
333298,15.572868554914013,-0.6113222156507916
333599,8.550143948445323,-0.1954047150389664
333898,12.91634315008237,-0.33267579142462167
334199,27.29339575830728,-0.5705626830504626
334498,34.806581897556356,-0.7510746942710245
334799,36.21822891298369,-0.5617553012250702
335099,20.702193388857207,-0.4194494910552362
335398,16.1788423201346,-0.43399405535261226
335699,11.051852305395125,-0.34878085820006755
335998,4.609324102220613,0.030553043358807708
336299,2.2891410899434317,-4.857886604807347
336598,1.8290532352495046,0.5507437023816993
338399,2.2114432314674284,-6.786584608841323
340199,,
340499,1.6431078641619226,-1.2972638817328535
341398,,
342598,,
343199,,
345899,2.609061424245917,0.306709933262887
346198,1.9863887359507568,0.35440242368798225
346499,0.38199225913307067,0.8058639609088303
346798,0.28506985440892696,0.8652578986342089
347099,0.2614903517566882,0.8520284293793143
347398,0.3335250437101504,0.7994440665474752
347699,0.3294929056669995,0.7455220380096477
347998,0.36475443399413343,0.7854316147288372
348299,0.22133011206453979,0.8324751108989524
348599,0.3514779625899235,0.6776288705014608
348898,0.4253951345524787,0.6821934082001312
349199,0.7841278254100433,0.6155238774977196
349498,0.15389269901044095,0.9365340047863216
349799,0.1862228677636426,0.9175074709433918
350098,0.22434337871838705,0.7638089384651047
350399,0.19201247101663807,0.8481883558786942
350698,0.15489104994144998,0.9262830613099355
350999,0.11656012200567381,0.9587287384256965
351299,0.213077575228371,0.795925980432961
351598,0.28366473340002085,0.639257451597653
351899,0.12312801525658419,0.9584267153688346
352198,0.24740430388056056,0.6482076412687706
352499,0.4025974971468804,0.3995507410428566
352798,0.571941127121905,0.4409476938546074
353099,21.418167863025104,-0.24571637563129656
353398,0.18135819358825478,0.8338688875974402
353699,0.33658492353498226,0.6369982372867857
353999,2.206685148292647,-0.03215775759491013
354298,0.1456317405010725,0.9454693696021133
354599,0.1479707599834733,0.9566779687933462
354898,0.1529930738968638,0.9735210868276756
355199,0.11640286628205268,0.9819226903070919
355498,0.1373242424913007,0.9773522655691983
355799,0.2865925016251396,0.8653289567466653
356098,0.37939722132286985,0.75920452598576
356399,0.20856107671773128,0.9300716049591595
356699,0.17329116056266286,0.9753495609939437
356998,0.21583930050408362,0.9578412003882798
357299,0.22298974813238281,0.942590051018535
357598,0.14330892464110126,0.9551064436272171
357899,0.2390508808469616,0.9539560371650048
358198,0.17001930711407795,0.9733338348978497
358499,0.14447176970601833,0.9873016945316121
358798,0.2168113877406327,0.9608161023098962
359099,0.12646359480153996,0.9891198945991718
359399,0.1581779209234503,0.9768923508063463
359698,0.32639205889659684,0.9391671242549184
359999,2.9273984071857893,-0.11093481751729595
360298,0.27233777763834327,0.9306165759028483
360599,1.0257480691632468,0.5460994594533346
360898,0.4552395255057292,0.8724621505541611
361199,0.13369848588723643,0.9880355219045297
361498,0.38947660245406074,0.8906788605595776
361799,1.1707698651137923,0.537311519948902
362099,0.20688078609429839,0.9587459616655464
362398,0.37305587081772074,0.8958252803228005
362699,0.22279373058970695,0.9616201446695536
362998,0.4187166617420745,0.9256857545997204
363299,0.6258298483136169,0.8593384101659703
363598,0.17019031294105672,0.9854380114892604
363899,0.25604054450411423,0.9698501587030965
364198,0.3756459697275653,0.9375493105552964
364499,0.2075839719516607,0.9806580139584193
364799,0.41394888250448786,0.9180793169376879
365098,0.5112765198236053,0.902959016384902
365399,0.6445116138213585,0.7206222111025575
365698,0.21587973854796977,0.9693734040020429
365999,0.46930844454041687,0.900718236480168
366298,0.7769852855238083,0.6338127103865034
366599,0.2854812663026973,0.9496104603849216
366898,0.2031405908707077,0.9753600211155353
367199,0.2993824652999496,0.9719482975388172
367499,0.24046964236354043,0.9763547388377904
367798,0.39089030565048777,0.9530112661667902
368099,1.0550797337112958,0.7193466564851718
368398,0.268015618678634,0.9778523479171927
368699,0.2798487950222518,0.9837019096742411
368998,0.2593927598228698,0.9830955247936316
369299,0.22440207775662957,0.9856856284543332
369598,0.8388855386857459,0.8057570726558894
369899,2.015782562824599,0.32499674088518604
370199,0.7085122158218337,0.9080873586615437
370498,7.83175289315022,-0.08329911911264065
370799,2.634100588156129,0.1910363596576269
371098,3.7845118016402046,0.04994856848074247
371399,3.007079998413305,0.03247506221685603
371698,0.2991340098706414,0.9812247144425288
371999,0.7536053837755903,0.9289700401058041
372298,10.361087978891685,-0.1320218804887936
372599,10.906765451973195,-0.14301360989458134
372899,5.259483238540098,-0.06607340086719526
373198,7.754905196175297,-0.11413573134410737
373499,5.95422338193073,-0.11265540764031168
373798,8.545394578244041,-0.14369632859317694
374099,3.4751391167804138,0.18248994507235583
374398,3.867871717815373,0.12428364842057271
374699,6.638483997040942,-0.057364038375482984
374998,2.684432025677075,0.4652006334042492
375299,1.8168503004687555,0.6261546769195112
375599,2.1356299156837983,0.6121777842020336
375898,4.079452371699175,0.18318739585059962
376199,2.7271398067429584,0.5094292154399195
376498,0.7600491973498973,0.8674182620492691
376799,2.9734712878395655,0.21881385576482348
377098,0.5417104452392068,0.9311476406066675
377399,0.8157288725259288,0.877944940493891
377698,0.39734550611913577,0.9592623955458639
377999,0.37175456173722765,0.8968680296068087
378299,0.2500736184931845,0.970068370660037
378598,0.20299618520156948,0.9721514024669261
378899,0.18281588074207114,0.9846095182736283
379198,0.17424133688903348,0.9852282061493253
379499,0.12356164114680714,0.9924611951737038
379798,0.1408789566571219,0.9894344110029293
380099,0.37377982106900787,0.9295522827753446
380398,0.307155454809236,0.9323882335881969
380699,0.3118664221186548,0.9238864502918025
380999,0.28009976760494504,0.9403881112326695
381298,0.24497997217507997,0.9447763800441356
381599,0.21429580926279482,0.9807790815196831
381898,0.21369607318702485,0.9775818936644604
382199,0.4310527147978281,0.9145342478187142
382498,0.33653525983653376,0.9465710970573372
382799,0.4353757538822007,0.9374260713845223
383098,0.5879324897776124,0.8786501726391556
383399,0.3181978393960952,0.9403676790233183
383699,0.7017646998080816,0.8293505410258776
383998,0.6066415016660591,0.8188908418283883
384299,0.7452545801285062,0.7725336752935024
384598,0.9882842377332578,0.6788719175399156
384899,0.5604773134884129,0.8847231187414565
385198,0.7250196429562862,0.7515548658531714
385499,0.7301542523220859,0.7224688639971695
385798,0.4277549358280726,0.9000767574823254
386099,0.3239468879253913,0.9383548879822469
386399,0.4319434464282503,0.8906132849830194
386698,0.5615199936596071,0.8776977161722898
386999,2.3629761784738723,0.39049508513621456
387298,1.3194308934530956,0.6722696829776988
387599,4.1245173688343995,0.12970205004208735
387898,13.216994600143432,-0.08328094453976065
388199,0.39819548465272336,0.8042871318798465
388498,0.25428081829108634,0.9534451657148802
388799,0.1918877474276403,0.9710667523701154
389099,0.19967835828094352,0.9271100811988202
389398,0.24596112524128852,0.8819836833716388
389699,0.19665346767766026,0.9670133398997389
389998,0.16222551576096655,0.9625299158166346
390299,0.3115097662640644,0.8820373352378457
390598,0.3495135988547349,0.8516065213204824
390899,0.2283444221149706,0.9425254671329752
391198,0.1737073572922153,0.9353861418252705
391499,0.14591991607462215,0.9499013531223185
391799,0.20069825551762827,0.9580488874062526
392098,0.12860066315246937,0.9712605210867032
392399,0.17325022974032345,0.9579473478670412
392698,0.0998883719382371,0.9803235135613734
392999,0.1695873483551793,0.9574253736841158
393298,0.1733319935265033,0.9250693606194356
393599,0.10897048332973619,0.9867753007476419
393898,0.17352620530286417,0.9560525243812881
394199,0.15402873416757298,0.9630157922124748
394499,0.11799994968508071,0.9614510720166538
394798,0.0832629352394491,0.9886231972556921
395099,0.22741445181308725,0.9151263794176625
395398,0.19197043663066182,0.9546491910869865
395699,0.1193253947355976,0.9793711384732595
395998,0.12440273406184582,0.9765213528117781
396299,0.19256304298948104,0.957120234778759
396598,0.11829790844875039,0.9850153328714036
396899,0.09897780203218302,0.9839357650355743
397199,0.19238740987903089,0.9402438116751992
397498,0.12378317269351756,0.9793064632792925
397799,0.1209059277603229,0.9865929900670001
398098,0.09020544537325528,0.9836134955563486
398399,0.12278970381795057,0.9845609518838448
398698,0.13600785427939516,0.9800442637255824
398999,0.24103663843282452,0.9303879010692963
399298,0.1340965352908125,0.9641148533464591
399599,0.1953586042705582,0.9482778230188443
399899,0.08865615299478292,0.9849869658353556
400198,0.2905831340962553,0.7119755904269638
400499,0.5027199495110127,0.5667174772759955
400798,0.26466329596849847,0.8051504564926525
401099,0.1733107884770367,0.90729651477941
401398,0.24061329194777617,0.6052876057346914
401699,0.08683533741133427,0.9833772130452632
401998,0.2728641066163115,0.811247273459327
402299,0.18988095799400392,0.8900069896018674
402599,0.20626510668704717,0.8201725948014194
402898,0.3264071595543036,0.5443630563284764
403199,0.47580308985624864,0.6263574947716235
403498,0.5330301102872183,0.5226249001940865
403799,0.4991153232471993,0.6640681391739569
404098,0.3349339560832321,0.831121092215038
404399,0.5205908756320152,0.5490448926594422
404698,11.61756930609845,-0.35155645671007374
404999,41.44924222787383,-0.19389979274504054
412198,2.615173094892116,0.24400567123343597
412499,44.50348978848969,-0.46244391946868335
412798,48.40650887190756,-0.6650712597465
413099,29.607871988142556,-0.5763720392544758
413399,34.66640980621553,-0.4281153173281693
413698,10.636243417901813,-0.22251203224087046
413999,8.976520216173688,-0.5709346819705001
414298,10.985303209911532,-0.5121849762497013
414599,9.523746603520017,-0.21470027387575463
414898,7.354768741173114,-0.18049892575074722
415199,8.363384436587971,-0.25411206657285224
415498,8.827925941323425,-0.2933620120593683
415799,12.339916909052953,-0.47929618578070277
416099,58.902982813789436,-0.5132889434495509
416398,4.795683012904245,-0.027376532203889914
417299,3.1797449484123246,0.08281754039307887
417598,55.01968423655531,-0.5778507238813455
417899,2.294745778945149,-1.179989673052979
418499,2.0919372076664633,0.050629020400788094
418799,2.3532341376153445,-2.62733188530905
419098,14.06340381977612,-0.7087252175930769
419399,2.9102002459151723,0.21618159182449403
420298,1.7287564351027513,-5.3241193397856215
420599,2.1958911279428035,-7.0553403059764435
421798,,
422998,2.1141663220602918,-2.0675546188671907
423598,1.264494672323801,0.24739229988316247
423899,1.4830135044660078,0.44223606382254066
424199,19.94085079506608,-0.3853857333852493
424498,9.375754657199954,-0.20309177019291824
424799,22.76146010956278,-0.4036748829660026
425098,20.40330462737071,-0.3499002604561334
425399,21.964785110317838,-0.4009395129733546
425698,26.733645785022443,-0.40172449400319943
425999,22.26788286227032,-0.5055015334732937
426298,23.038101022849574,-0.5761305613776069
426599,19.253601309939366,-0.4529050838115354
426899,16.69725640615055,-0.3681840926929407
427198,20.61421585610342,-0.3940649798309346
427499,22.662033991024774,-0.396622390168871
427798,20.062550278550418,-0.45287676269634747
428099,22.591171350047812,-0.3986799935258114
428398,22.64392574876543,-0.5194842082622393
428699,12.8962828541881,-0.31161811254069427
428998,21.422954111555725,-0.42849719817024035
429299,24.54947642855592,-0.46030165718046767
429599,18.7348696862479,-0.3977163022649679
429898,27.128765230642948,-0.48573192510250984
430199,31.409336176472802,-0.4747027319807948
430498,32.0825283539229,-0.3909488873104916
430799,26.937024016356673,-0.35493466267365337
431098,33.2521977373917,-0.4148008955153546
431399,29.974796211993432,-0.40715526465846286
431698,25.098011699910867,-0.33798545653654766
431999,22.460368702309477,-0.36260145642966224
432299,3.5575937614389943,0.29056389495766544
432598,6.37955727605497,0.04885440342863878
432899,,
433198,2.4474472535827343,-0.1853071574620455
433798,3.027272724203173,-8.687603982545756
435298,2.862664030345435,0.43017331724753516
435599,2.04926421705604,0.5280955024569983
435898,3.963792453083071,0.23747339119838595
436199,1.6952080078141707,0.511204490783834
436498,1.9542858335563575,0.5029290254989071
436799,1.548555162412207,0.377103072114232
437098,1.7752048121089368,0.5005731976598955
437399,1.6275362261398985,0.4052397805660992
437699,2.2133431858760098,0.43987424033884426
437998,1.96876681368851,0.4673371008160243
438299,1.7204817065750833,0.4740441511973299
438598,1.5830061350519353,0.4111714321554619
438899,2.6322126593815147,0.3459656532578662
439198,1.6388414905295854,0.40564696640231623
439499,1.664103555704713,0.4973430274606705
439798,1.4651081311182255,0.3890370461758108
440099,1.5055407479446143,0.4135878058321959
440399,1.64111566617622,0.56307541104752
440698,1.4400991463464035,0.3331457308371113
440999,1.4626649968586996,0.3737263961630348
441298,1.5267908614667738,0.18290628736917203
441599,3.4197419489306284,0.2790135512996227
441898,1.7068871938074102,0.5488618635644892
442199,1.5072977074044702,0.38931243288089523
442498,9.42137524311375,-0.0029409094440235872
442799,8.044356231292927,0.03298573808748684
443099,8.747814810713841,0.0049686040082782545
443398,1.7119012430440894,0.2084990437055657
443699,1.6399929522385337,0.23275608422813454
443998,1.7098315935364843,0.09906368933629339
444299,1.7524782531429657,0.052110070067481806
444598,1.804904291176773,-0.30730256210656437
444899,1.7650654301313913,0.007263785260058553
445198,1.802296374948521,-0.21623943039905713
445499,1.8978923525799205,-0.5592788954615224
445799,1.9423484645891271,-0.8512986277389254
446098,1.9771372320668479,-0.9977066524391374
446399,2.084811940830737,-1.4827631980392084
446698,1.9693222514224606,-0.9506995133230021
446999,1.990657337019683,-1.021503385709063
447298,1.990458388237328,-0.9782375450296095
447599,2.02987730649046,-1.1765118645158426
447898,2.017321891288201,-1.1220628313433836
448199,1.9481281629734388,-0.8081839011724243
448499,1.9959083998252385,-1.0666149976439265
448798,2.062452780024365,-1.1012250098023983
449099,1.9639836804109387,-0.47602407887521503
449398,1.9282979712832544,-0.307729116780197
449699,1.9693600069452917,-0.3486376620711955
449998,1.8898918055911247,-0.3266390273587825
450299,1.859974543012421,-0.20640944227199975
450598,1.5948127509177665,0.5074685795723325
450899,1.581930080601948,0.2537542793399944
451199,2.5770877298607604,0.34978023456906393
451498,1.793467560923328,0.17722922914270456
451799,1.7928121035575875,0.21478277203726148
452098,1.778758986576767,0.2648639715657385
452399,1.7048179962480634,0.2679032692001342
452698,1.7480446434286188,0.31081033505688627
452999,1.4937312605760384,0.5828404410379282
453298,1.6437332650308503,0.2720836768472892
453599,1.6397351328815923,0.4404860138592126
453899,1.6440796986598303,0.2899195981516367
454198,1.6286817572484429,0.37290188590628104
454499,1.629676428375027,0.42478018586252775
454798,2.3459799453604258,0.4402061019567157
455099,1.577316079166046,0.575811553478684
455398,3.3840847594828407,0.15805646422578634
455699,1.5295584943118827,0.5282212097256331
455998,1.8458813971304282,0.5716171450513039
456299,1.9259469544938546,0.5599627597165848
456599,1.5580068098602238,0.5547497751128276
456898,1.630038368242744,0.5482860308258066
457199,1.8421466411733043,0.5698840809478514
457498,1.9581864163170881,0.5502133229492137
457799,2.1185990161767245,0.5496938400986269
458098,2.0717529716052376,0.5431477999617927
458399,2.0149445522820995,0.5222236157515172
458698,2.2894053467681292,0.5251652465088839
458999,2.222192903241812,0.5247844216184243
459299,2.0919478840844206,0.5049302576187966
459598,2.5018054669270122,0.455745564415884
459899,2.2619420885797905,0.4771482447177071
460198,2.3256097612765494,0.4700202127691273
460499,2.5448786431446178,0.4255279417217923
460798,2.6192746869409143,0.42625588728166
461099,2.7738480350034136,0.4109254236230546
461398,3.0523298552973954,0.3548136571821603
461699,3.4407115018483214,0.29046615009139465
461999,3.6754964323619452,0.2618889621521615
462298,3.5118285095566546,0.2884913936168314
462599,4.176746650415186,0.1938759335111957
462898,3.9949065832589454,0.19451647117129545
463199,4.174717141439765,0.1722386771510941
463498,4.129213378946876,0.1684981730020838
463799,4.783728698157071,0.10452232470748468
464098,4.5249886198885525,0.12672381811412003
464399,4.069652389110774,0.17720412568967758
464699,4.676323123337627,0.11392649789817189
464998,17.735439335590666,-0.24408953344840856
465299,3.8660770965045796,0.22331420314567008
465598,3.8478709862300002,0.24042110519339566
465899,9.226618192698929,-0.13578056479878708
466198,5.625509919576243,-0.01353243293342965
466499,2.6536517423755543,0.39991183173906253
466798,5.593252598155667,0.01305344780164297
467099,9.525116853021032,-0.1260720210990136
467399,20.61738690049576,-0.23970684461591651
467698,25.55412443158835,-0.3065802241143287
467999,6.420737775995388,-0.007320565263627676
468298,6.16739134936703,0.0005318736893210607
468599,7.832534795572674,-0.06436520839005144
468898,15.731528175345103,-0.2009583235586565
469199,38.046888798745755,-0.3497717932211333
469498,47.82698953044715,-0.4033052706014957
469799,22.05717715441937,-0.354893237499464
470099,17.4583899132664,-0.3104066182258456
470398,6.547384503927915,0.016311936265230975
470699,19.1921386725164,-0.41738931971391
470998,14.11302550610205,-0.16878485783163666
471299,6.68225868675861,0.00878138401162365
471598,5.102239496709082,0.15829522657544437
471899,2.8280347521737705,0.4567188743699826
472198,11.021565682061473,-0.1313264491612265
476398,,
476998,10.91485535343653,-0.2031112078584134
477299,4.511543187743381,0.1875427249634385
477598,5.42618574834577,0.17693314598427934
477899,1.7556720312881415,0.47169079387462354
478199,1.8332393453575857,0.4425901737039065
478498,1.9004839428483267,0.40160259857979375
478799,1.8062181872418448,0.421440959784375
479098,1.7135400476816598,0.34887803436104914
479399,1.6022480955164684,0.24531401588220025
479698,1.5669448720416645,0.18053719421558023
479999,1.604864599524739,-0.04043019774982115
480298,1.5797934596589038,-0.03564557585391759
480599,1.5773346462329778,0.020354487244476638
480899,1.7748747435865135,-0.612201197049
481198,1.5244019485353553,0.10396504102026127
481499,1.6836514628103372,0.38521608577206234
481798,1.5988782766452803,0.05435572706582292
482099,1.530086481346669,0.2766445995133028
482398,1.5761126748192613,0.13333492923712276
482699,1.5287881015530576,0.15129035949899095
482998,1.7283829497679655,-0.09228674993860886
483299,2.9757156788747383,0.3494909516631711
483599,1.5675410595471257,0.26551224622885683
483898,1.8081518336961386,0.5310793697943215
484199,1.6658321366591693,0.09665231015711573
484498,1.3469876594127426,0.43129533690363775
484799,1.504639999164933,0.2410776826768064
485098,1.520304464132179,0.43660256801372765
485399,22.805461997893715,-0.201032878207293
485698,2.764623692196949,0.1702028766029119
485999,56.220074583429586,-0.396570734480137
486299,51.03246649962867,-0.45521809313363204
486598,26.11897039678375,-0.37170168068603937
486899,38.828831395166766,-0.160600397890569
487198,36.306692352840884,-0.1541847233004976
487499,27.61247688800934,-0.16653429580032553
487798,27.41961452296178,-0.18014504885267524
488099,34.499590422250144,-0.25251810109160244
488398,41.617929794956225,-0.3134303788455819
488699,47.80282504577798,-0.267173544105481
488999,57.533449048426064,-0.24930567606477871
489298,38.114644305629824,-0.2652353379789374
489599,39.59054101744464,-0.28455783304113114
489898,52.58183195706034,-0.2846518208218174
490199,53.72211096331534,-0.2383100101558977
490498,45.5108441833289,-0.2791501400484204
490799,45.935228961171504,-0.2720580857577195
491098,55.00724949936826,-0.2988147911419483
491399,43.13797914889023,-0.33708838484737913
491699,40.11611564979995,-0.31078127021124335
491998,63.17114790713559,-0.33417441419132476
492299,73.22080391838328,-0.4347166407851666
492598,92.79845673582773,-0.3174016378731819
492899,69.02059194929764,-0.3592500236073539
493198,16.773706895071612,-0.21156742376643045
493499,21.476210533622897,-0.3146895971384178
502499,10.820338160358993,-0.2214622035857452
502798,3.5247214689969324,0.1745502502215852
503099,4.067799728540487,0.15106475814491116
503398,5.499488557117719,0.02753426431578454
503699,3.6607465594055117,0.19122064849957543
503998,3.868974790570294,0.2018428983747207
504299,6.405467465608648,-0.021747741262027942
504598,11.675462248534934,-0.486146832323441
504899,38.71961723045273,-0.6102041628964414
505199,28.667244210266396,-0.42703848193566785
506698,1.6501146292579725,0.3436073025331279
525899,3.521851318163214,0.3560252424307716
526198,3.4194349520784417,0.3102271538833651
526499,4.207647072587658,0.18987990327534454
526799,3.37382705475136,0.29225875327400286
527098,2.5401537676007147,0.4556896949308875
527399,2.1269564430514105,0.5376609250511448
527698,2.0801167168477064,0.5367178505353594
527999,2.837689095327187,0.4708695915351776
528298,1.943490138428725,0.5673532805225764
528599,1.719620712130114,0.5903897575676167
528898,2.86935889710842,0.38468751195598605
529199,16.263276574564205,-0.20547846865644792
529499,13.111158114963535,-0.17474522456959063
529798,2.1525892828118796,0.48633594336015673
530099,6.979819586251988,-0.004128570099188211
530398,15.992751955191803,-0.15748826687467243
530699,1.9485140475992746,0.5355012304778705
530998,1.56319531222696,0.3808889871065205
531299,1.933948062451683,0.5393243818744909
531598,1.6213960418329658,0.5308717816511428
531899,2.590422985346054,0.41424172789570124
532199,2.4271572976789906,0.40976592850802274
532498,2.4922218426430582,0.39803878626889744
532799,2.5336655667073047,0.35191796042435086
533098,12.14504849462952,-0.07048093477600759
533399,2.300723244152015,0.20429142086082552
533698,2.2149319319638097,-0.2713676257453399
533999,2.1357932226744576,-0.16736436047151093
534298,2.1769195699129273,-0.05816920222584199
534599,2.203206028844144,0.08212957933543852
534899,2.1161913058550135,-0.2388382194323866
535198,2.1502211243643163,0.11766003504718614
535499,2.212601927074965,-0.14602521828361792
535798,2.158442533404494,-0.3861320155690995
536099,2.159085357429957,-0.6752484012445776
536398,2.161291597739273,-0.4481095929794061
536699,1.8248071386443658,-0.13217392514405701
536998,2.0478775827832547,-0.533620935371365
537299,1.5331835015340898,0.580330548969912
537599,5.7240013409205135,0.07333938401493478
537898,45.29938403684591,-0.6796525781897502
538199,59.60622967823247,-0.6672788235260407
538498,63.41965148424637,-0.6433655816345707
538799,72.4065269823266,-0.5644825436180179
539098,63.96018178919543,-0.5587487441297141
539399,39.245100933234795,-0.6315099031445004
539698,42.61699353804961,-0.7111608893240582
539999,61.802669244169984,-0.6412535119750224
540299,2.1523758961539383,0.28691887469153876
540899,,
541198,,
541499,18.855532772989775,-0.3773284428977366
541798,14.704648285197761,-0.286435322650753
542099,51.90643756556153,-0.45283934814298
542398,30.113156705327736,-0.3707619008268297
542699,7.218588324406007,-0.0022435926961619224
542999,4.282045906733071,0.15116343166708934
543298,2.6863574222949276,0.28273274342287724
543599,5.36572105051422,0.09426780480421537
543898,5.89473415486851,0.04232674431146344
544199,1.8324922746840346,-0.8324285438945074
544498,1.7170466059743925,0.39247212442413715
544799,1.8169529378359768,-0.5168310792990112
545098,1.6672161628461244,-0.14598077245951746
545399,1.7868581716430245,-0.6577275071681514
545699,3.2461371117727182,0.03910095014985582
545998,2.340957702194426,0.22659674978406852
546299,3.261499313439797,0.15198560516179105
546598,2.2765791312521277,-2.9048103317162215
546899,2.2711873738772965,0.29222638807649026
547198,1.8697385762890706,-1.1675384021248818
547499,1.9683539139746133,0.08759388378844124
547798,1.7307888475078193,0.38193567684290497
548099,2.2463537163944785,-3.0926302656887508
548399,2.0689910336201836,-1.5031247686101104
548698,2.3529332463921637,-3.658119791365423
548999,2.055674435034947,-1.8408939206571282
549298,2.300569663097447,-2.90695835913663
549599,5.1924790083165675,0.002024565516676957
549898,1.7960820389280119,-0.6972987753776709
550199,2.1076092275066625,-1.5892113009346298
550498,2.0636879425530115,-1.3217865633227888
550799,2.1490021843608815,-1.756646412043731
551099,2.0860190569673636,-1.3292644960320565
551398,2.0787126871197716,-1.1113978195749645
551699,1.9506512777647356,-0.6250630583552914
551998,2.0059537793503837,-0.6864826601633516
552299,1.9151684362230688,-0.2207325590191489
552598,1.8553940113434395,0.08019141739096947
552899,1.8320634623711278,0.2666281006486534
553198,1.826094443403579,0.42828041027537445
553499,1.9551656356512643,0.40561361889480774
553799,1.919183354447561,0.4266427667502518
554098,1.8811731635424682,0.49104338136373227
554399,2.0505624892180148,0.4403523009815321
554698,2.0892900873453297,0.43970088462828016
554999,2.0582065680930146,0.4714221682023886
555298,2.0524933866246915,0.49335060269581477
555599,2.262113474127007,0.48450110267155255
555898,2.200509569582088,0.4862699052673536
556199,2.234974999596914,0.484073710535472
556499,19.188083908544925,-0.13970444047017416
559498,,
559799,20.992323444000384,-0.3226220567002578
560098,11.693505292417656,-0.11757475422022567
560698,2.8117617882084,-3.3773062247554355
560999,,
562798,21.512409737569765,-0.2665221355449321
563099,68.36812243359776,-0.423197165605973
565498,1.8893498815317404,-0.03767224021644311
565799,2.3737326857990957,0.4786197619323218
566098,1.83158747791951,0.5921260803030545
566399,1.8718512532435396,0.576916975519282
566698,1.9818518020838174,0.5299613566335483
566999,2.135801226799413,0.4882885569774187
567299,1.9442364535633014,0.5072003846158589
567598,3.8564815232178233,0.18950725249857825
567899,2.8817056310071756,0.2931005525144589
568198,1.5093852486201196,0.5217142297380105
568499,1.4524640082470641,0.5249201530401788
568798,1.4362143402979892,0.4559041904833018
569099,1.4663535598921746,0.3606628786883058
569398,1.451096036949062,0.46839340405357666
569699,7.485746607444772,0.03510677882581792
569999,2.80595618993946,0.3028896789354657
570298,2.2702057896739047,0.447870036032351
570599,1.6741950249475603,0.42509522507489816
570898,1.771214150278579,0.3280834983164955
571199,1.7197615662391832,0.34776747354853477
571498,1.8535858115285788,0.33806722002862255
571799,3.953657002853724,0.20640365579535147
572098,1.7299858608387644,0.4609606690250104
572399,1.542242937526411,0.6386736854528579
572699,1.9459241895494124,0.34043682252739915
572998,2.4386164050601438,0.4740152248239893
573299,1.697589206177449,0.5003118851971111
573598,1.4576839661574361,0.6197222669546012
573899,1.750198928591801,0.5203661906240097
574198,1.8758314340632576,0.04818883146868713
574499,1.8864896389127948,0.1106656826290906
574798,1.8786383448026873,-0.1614646060612992
575099,1.843074150374447,-0.13876636987724367
575399,1.638804838340446,0.27622666618159153
575698,1.7826336826621447,0.1013052349761776
575999,1.8838441468675025,-0.33407493319936776
576298,1.8634414904151986,-0.34999230764768585
576599,1.714217549348984,-0.13475435253381174
576898,1.9254844116409748,-0.806492001676572
577199,1.6965356990738387,-0.21343770625937175
577498,1.9817791645761074,-1.0261027820026087
577799,2.055739572846941,-1.3033706639258376
578099,14.297707433784963,-0.17421653636449497
578398,8.733686330567739,-0.09195686816379167
578699,6.857297643772562,-0.02114033518445968
578998,73.4052645066981,-0.29835141652472763
579299,56.290754105914736,-0.2618138953054536
589499,4.789058788131008,0.02537171281327233
589798,8.978759434124031,-0.3065725081027151
590099,23.422267638924954,-0.8095595577564245
590398,19.800171364457366,-0.8166958691667148
590699,16.43408994445968,-0.7690060176895568
590998,3.6280716132920574,0.16153004391789016
591299,3.817955268091028,0.2057518347848838
591599,2.8539614069274886,0.2143028544765352
591898,2.8121403422069156,0.1794295440794137
592199,2.5848685090712573,0.28716649418094664
592498,2.152087776345754,0.3386054631845019
592799,12.938632122299989,-0.4480474279044149
593098,13.61521659760517,-0.6902001125513944
593399,2.4809291531407163,0.35281464136451224
593698,30.101175249963962,-0.8582578679541992
613498,,
613799,3.258804673868112,0.321462146941385
614098,9.167827822131795,-0.3323167921116321
614399,2.02240756097738,0.5711394937740767
614698,1.9051988093940468,0.5820394546700093
614999,2.1522375666232136,0.5517315039019641
615298,2.1296486213315466,0.5416272760343986
615599,2.061357020609324,0.5545774614243564
615899,1.8762162411509469,0.5687934877077652
616198,2.2512792967252535,0.435236701192526
616499,1.7271193820688238,0.5724503354424832
616798,1.634319082851231,0.5864854599814923
617099,1.5747939218905833,0.5879125208478685
617398,2.634795266013304,0.35378542955292047
617699,1.6610417800255712,0.361559698056516
617998,2.650320109362471,0.34674941451919206
618299,1.6199943830024226,0.41887301865104853
618599,1.4929341979266322,0.5716063888495477
618898,1.6659825017993688,0.3805397385177306
619199,1.660376711179042,0.4203012079698314
619498,5.741619829278349,-0.0591715706773035
619799,1.7114882353340908,0.26568122709791264
620098,1.7544736726789982,0.2851048779600447
620399,1.594487884895139,0.47029231422481965
620698,1.6546637662854797,0.26053070531265443
620999,1.9288157244667055,0.3304792289639201
621299,1.8462322296922378,0.032360062224747854
621598,1.9369363966126076,-0.10851416207997078
621899,1.8274171935325039,0.07357978926432884
622198,1.79778304102093,0.11921109056431944
622499,5.640294726199561,0.09557640086503161
622798,1.9362094068920506,-0.12415297305377293
623099,3.9646121547629534,0.2899282221124283
623398,1.983507820262421,-0.15347290119661827
623699,1.5203601669366298,0.33905872479938315
623999,1.9586957970911243,-0.2762605548164101
624298,1.9247771722925135,-0.12587137837873752
624599,1.9016734929922368,0.035138388559344036
624898,1.8861269593302,-0.025853830578322023
625199,1.9244421584436262,0.01817398323425079
625498,1.789256193266961,0.1871362557147157
625799,1.8921828450639966,0.010270322483978966
626098,1.9893494921073283,-0.14500714371424106
626399,1.9212456597601058,-0.07521904819836567
626699,1.8307502941096432,-0.1382573835562806
626998,18.112353664532723,-0.15895795850208105
627299,21.51769914395971,-0.2883623166113283
627598,57.06886390032677,-0.7218659583402289
628798,26.860717784068473,-0.3280891772114407
629099,9.996871492408086,-0.03235694629998087
629399,5.456558699621746,0.03900634036948436
629698,23.00442579880577,-0.5949434579983872
629999,25.14960312060088,-0.48758887982136123
630298,22.29830015671199,-0.44297870681509566
630599,,
631498,15.920486789918009,-0.31400521539792514
631799,23.521527224871715,-0.3561988589293663
632099,11.102218119466622,-0.3162626768447361
632398,24.248999105150354,-0.23253171767815672
632699,19.69371280338746,-0.21269339422584932
632998,14.189066335784576,-0.33002635550622994
633299,5.250336030904946,0.056001126337826945
633598,2.523952510711151,0.4284498042035818
633899,22.140780310577732,-0.8120189816350603
634198,2.4989032297826133,0.2953447740347286
634499,1.8604659260045675,0.40252484504232056
634799,1.697229372133117,0.27754632038387794
635098,2.9280409630668323,0.18867873671503255
635399,1.8164920779684062,0.3408730314912495
635698,2.1315718202710134,-0.13075294382156843
635999,2.348651861537081,0.3943206586249458
636298,2.3211410304663986,0.3639224725414256
636599,5.999831153887955,-0.016097386437923245
636898,2.2175640051776595,0.45169291804799827
637199,4.515233242996664,0.12546204394839267
637499,2.5288380293826935,0.46802373757377513
637798,2.9586033169663177,0.38318329150779706
638099,1.9227188189000215,0.5869899238717786
638398,3.9582287364882074,0.20388384492885736
638699,49.83934517854436,-0.3275900453103897
638998,126.22858729806983,-0.10672907416373145
639299,3.242315260493692,0.1290949151409262
639598,,
639899,2.5175542429603968,-2.3548296117114473
640199,1.746027754185545,0.4747060328252535
640498,3.271738523292154,0.2715770529278475
640799,4.924969322775962,0.06558179816773657
641098,2.5391150047592737,0.34662833274837945
641399,1.8624661475798914,0.5712678728687264
641698,4.093642619433357,0.20951094947856352
641999,3.885592202433598,0.16539379226191642
642298,2.641741039344397,0.2863159027732376
642599,40.84814353712539,-0.42571593671498764
642899,78.96569024046798,-0.5033178394816125
643198,1.9188699875933577,0.6031097724506741
643499,2.646353855529716,0.45390410024775574
643798,3.3733211008144384,0.3585246360468559
644099,4.5499969222227215,0.1902254480247112
644398,2.9906499544223957,0.369110422991477
644699,2.979948540762406,0.3688400541535154
644998,3.039954004635359,0.3708865172881728
645299,3.2038608688670895,0.3433554544664691
645599,3.9846135664692515,0.1993269572649422
645898,3.1568808864745064,0.32812876984361194
646199,4.017010639685753,0.19010613979498625
646498,4.310488446699129,0.16695777109446874
646799,5.034069870611166,0.11123928824354823
647098,5.9951363953843,0.05111742913269057
647399,5.672970561152834,0.07029063729919283
647698,5.549477367812542,0.07948773963942468
647999,5.16252938934495,0.09481447795885012
648299,6.782308455443046,-0.0041873826585943075
648598,10.784552819037575,-0.13432384497861083
648899,9.22612520228181,-0.09260908491024789
649198,7.345762355120941,-0.05061622917040798
649499,21.30336492226674,-0.15202744804182244
649798,36.00109180691801,-0.3042103764138364
650099,24.03509636138063,-0.2897532109182912
650398,49.90187007744203,-0.3518975526624275
650699,37.230701309094144,-0.3010613679688976
650999,42.817327884207735,-0.2278305694603857
651298,35.290959528832936,-0.2736981640626246
651599,4.312488744006818,0.25513616567538455
655798,7.222565873995109,0.021952088520039936
656099,5.898938595928305,0.07641276779312767
656399,5.253766641562194,0.09667470040038662
656698,2.616036449107659,0.4855751274315596
656999,2.3599680676400663,0.5360440869052332
657298,2.1793377170150667,0.5674370564893272
657599,2.099053961579232,0.5705969183773687
657898,1.7359765246846084,0.5660152822623643
658199,2.466446924666528,0.4742566564984877
658498,5.471073832517401,0.09964668187343084
658799,5.828577439166339,0.07624484783683383
659099,5.965977115326987,0.07815052693364333
659398,10.742801669417288,-0.09593345903385475
659699,6.966692438241448,0.028020427615644827
659998,4.338052029852895,0.20743930862748905
660299,4.474693066424809,0.20395331407869433
660598,4.248599329512772,0.23485426851598679
660899,3.5462889206554156,0.32256596553819705
661198,3.261252422342915,0.3717806241275379
661499,3.2912689860131077,0.3667787158882134
661799,5.9441510385058285,0.0628665921338959
662098,5.15399012328129,0.1412080006773886
662399,11.461116100742908,-0.1911076985428919
662698,7.75123352397805,-0.05062138957781537
662999,8.712691946322957,-0.10565298549762225
663298,10.18796257514337,-0.15522000079480724
663599,16.94366350071745,-0.29048475793642137
663898,17.50639515427069,-0.34420492135546654
664199,18.78582186920819,-0.35633855442347917
664499,22.280469036558067,-0.3662759196551828
664798,24.73338360892115,-0.35583898543066717
665099,19.220601163859335,-0.35992453494466914
665398,33.04734614493422,-0.38540623291158793
665699,47.54483017206751,-0.5455014451383393
665998,60.84982744810701,-0.47770558552627573
666299,62.026320295805945,-0.4328457125444698
666598,50.19144715618325,-0.44913370555348897
666899,56.67148658829683,-0.35021586424250284
667199,25.80715991272724,-0.2945759892664901
667498,30.11865425471798,-0.35299865362458616
675299,17.8907155316098,-0.4050388342788134
675598,5.708580745531472,-0.017622646129483943
676198,2.4623066352665948,0.44960955334773
676499,7.507367193184249,-0.14924815812568415
676798,14.899963568246372,-0.4489363450546613
677099,18.447179797665353,-0.7206587666259612
677398,10.24254395936674,-0.5615314042858588
677699,9.201650424685036,-0.2893848011837028
677999,6.484554654288037,-0.18981246708179156
678298,11.932950089276464,-0.4006289488717538
678599,18.165872496989426,-0.6012557568584491
678898,2.2509084747584844,0.26040663521632335
679199,2.458836792242998,0.04900984305773004
679498,2.410297660312443,0.0738567445209487
679799,2.9338880422093667,0.17827529304375667
680098,2.5132628919027207,0.15437223465237881
680399,2.5179870634259127,0.14947792666273374
680699,2.5634141772932297,0.22745916084932138
680998,2.6148132023186923,0.30272214519722795
681299,7.833021975875141,-0.06984291105692764
681598,3.756209960758493,0.2403281808836214
681899,12.98651385174174,-0.5402531219855307
682198,12.714607067619056,-0.5322532390439256
682499,2.4757316949174157,0.5106345678720642
682798,7.5653728295904745,-0.22213131291261923
683099,1.8440980641582538,0.5106375871523694
683399,15.331777508727852,-0.7635506285412714
688198,8.990336474553452,-0.08579360506954559
694199,,
696298,2.218739933078786,-0.10001695703723334
697198,6.964182240070897,-0.20342207143189062
697499,21.218080640312717,-0.8179440973180907
697798,8.001276630709718,-0.21348851298051819
698099,2.4171750788520585,0.4093702918192804
698398,2.6129411670210527,0.3909247015354248
698699,2.9192106054261324,0.36127087922541823
698998,2.9227332483555157,0.36911133969447274
699299,3.4879584581356085,0.3008614432892186
699599,2.9396630684203306,0.3776749077845082
699898,2.779458177974744,0.3808929969052983
700199,2.8947755306414105,0.37017970012766843
700498,3.157534742059219,0.3598553430627728
700799,3.4342620426295882,0.3168451964810599
701098,3.26983365429996,0.361227843382945
701399,3.4359091586332937,0.3215195499374226
701698,5.0750147381334765,0.12303111903487773
701999,5.407714767192453,0.07774464414463977
702299,3.1869702963879227,0.3607477196986182
702598,5.467072129338287,0.0657764780640826
702899,2.357654762163723,0.4789419281421958
703198,3.226092023019268,0.36646295496628223
703499,2.511398317054589,0.4593660637073971
703798,10.085871773696613,-0.25711451041875
704099,4.8218817068056286,0.11954791581928215
704398,5.000079029789425,0.0773816253994466
704699,2.0158878945602563,0.5016017626750651
704999,2.0731146226802477,0.4890353287715773
705298,2.22543757672423,0.5047906376009244
705599,2.217281252941821,0.45110265424851614
705898,2.2153278687732194,0.46602386169052734
706199,2.2067278626065527,0.4646451086029143
706498,2.1998961284683936,0.43122520487513016
706799,2.23623852266833,0.43412411238477244
707098,2.3417729586489497,0.4108991232554432
707399,2.3650781865494124,0.41171396426714724
707699,2.358067675069515,0.42761636406363057
707998,2.3409976287369125,0.4191451117249182
708299,2.3714898243604603,0.42756458774090367
708598,2.3438963510285795,0.4008626217353354
708899,1.954662273116542,0.4049436087506376
709198,1.9749861288271902,0.42389520853224705
709499,1.9904097643410787,0.44387043424046413
709798,2.0638684626628385,0.4415081387126326
710099,2.230163032905894,0.40464338591732707
710399,2.312155163665153,0.39157929675896364
710698,2.441910989271635,0.3825024091070285
710999,2.3868704474845974,0.40105498254218086
711298,2.3667301015957083,0.39245643047245415
711599,2.401540963748486,0.38664359437201745
711898,2.54987192882719,0.36804314212871403
712199,7.859311462144019,-0.029523098729285158
712498,2.5525584476651533,0.3886574496953996
712799,2.5447836179735073,0.3937961238582399
713099,2.6496175736786634,0.37871927247484927
713398,2.825179779721914,0.3586132848140303
713699,2.9506502285387786,0.34975553331847065
713998,3.0734180759719143,0.3282140855059892
714299,3.003876575191821,0.33421749583413973
714598,2.977840927534148,0.3352899262375092
714899,2.9539341257947824,0.3367985731076035
715198,2.8497277523165563,0.36277425394466334
715499,2.8413535733834667,0.35788327803666653
715799,3.056056331454505,0.31622484198427503
716098,3.3588356663358003,0.2667913595582949
716399,3.0681076570233,0.31675105842126416
716698,3.0932889552907588,0.33846564412778657
716999,2.5048082725223684,0.3850736991293844
717298,2.6976795509263485,0.336628629772487
717599,2.526935323232501,0.4000936240638525
717898,2.589075050477274,0.3657521332860937
718199,2.5777284902742914,0.3929471132124398
718499,2.717491167454126,0.3597429939194835
718798,2.631759383284495,0.37667273115970523
719099,2.5602137686046604,0.40623179444203894
719398,2.6769884068332916,0.4201959921520475
719699,7.754284897726524,-0.033505366455645724
719998,11.583462362701587,-0.16751365028853704
720299,4.1071417043721,0.21760292305851248
720598,39.34231599634013,-0.17674883858721935
720899,2.700087865435832,0.32759641144131135
721199,2.3679245828098785,0.4651751940106703
721498,2.210949108473242,0.431399695470575
721799,2.525497438511059,0.36314252808164826
722098,2.8814461896844197,0.3028447512489253
722399,6.429523879116478,-0.020271215935488085
722698,3.1282627060547905,0.28190356266346006
722999,3.434339635758871,0.2613981055720076
723298,7.136653820617031,-0.08539091205117866
723599,3.123767465260081,0.34502941135902243
723899,6.988676948211385,-0.025800777377735118
724198,2.3689507975799886,0.3366921747543906
724499,3.983344461921401,0.11893336681437239
724798,5.045120640788711,0.0846171717521409
725099,2.821408967439173,0.377664865263453
725398,2.6901100751958515,0.35710057248923366
725699,2.7883157590920344,0.3444405179131538
725998,6.112583971202679,0.025945631608784714
726299,2.648376971614976,0.3367863278621923
726599,2.589614253711452,0.363102290082446
726898,2.5061252509300407,0.3407841537816747
727199,2.4363025569897108,0.37597567890824635
727498,2.511254453618478,0.3391136709591235
727799,2.5222008765860706,0.36881046819092367
728098,2.6109009503082925,0.3465005814613241
728399,2.5093634833113287,0.3887286036139558
728698,17.295030712141404,-0.1561308925140794
728999,2.668061790891626,0.3525630515420469
729299,2.7594558130573557,0.34442185407445736
729598,2.9604525744855956,0.32189427770514434
729899,3.5495474303584817,0.2862119140670977
730198,3.230005703172859,0.28446958572996417
730499,3.1800048704853463,0.29490600265759404
730798,3.4878666249923027,0.25787608810870577
731099,3.43894761865897,0.2602280363729943
731398,3.4343563486504323,0.2629434740552661
731699,3.6806074956721284,0.2350496402419373
731999,3.7346285786666362,0.22248007226069255
732298,4.013329437715247,0.18575889499614862
732599,4.2947065457383955,0.16388679086263758
732898,4.147594754013858,0.18352026722611825
733199,4.230984051305524,0.1736433870550722
733498,4.345703503918951,0.16533526432315016
733799,4.354035607199044,0.1710183296078449
734098,4.475437334759229,0.16825237164956008
734399,4.4605080505881824,0.17609432337518072
734699,4.647552384364496,0.15541526024546992
734998,4.751473803488633,0.15298737776538684
735299,4.955230412445264,0.13805173250242053
735598,5.222982218661059,0.1242974838761981
735899,5.2413338994293275,0.12150630210897284
736198,5.376065548605252,0.10647298845273034
736499,5.8195668056188765,0.08299843436940968
736798,6.028582224727673,0.07053412142316884
737099,6.176298961609896,0.05959268543944196
737399,6.434605833942964,0.04274927573673126
737698,6.60427175679713,0.03864755187357216
737999,6.8846000535957295,0.0288123279561171
738298,6.851100521996191,0.035631228865645403
738599,6.780931184112198,0.042697268334688565
738898,6.698870540642024,0.044443804907812856
739199,6.632169551959155,0.050381281271589584
739498,6.532385914338785,0.0574556395101492
739799,6.478279416512396,0.05924672689789179
740099,6.457506466984617,0.06095243066784617
740398,6.538882887683691,0.055870463894948874
740699,6.588455182070515,0.057995071963505396
740998,6.4632293762984725,0.0628308836434589
741299,6.860699814613287,0.04965697312830053
741598,6.698521179694306,0.05680760630059589
741899,6.416748138775325,0.06898855836041162
742198,6.6168586346165394,0.05970118754649867
742499,6.349467757005428,0.07330999641519476
742799,6.57897971941515,0.06671888215392219
743098,6.5440256455887615,0.06753498219362608
743399,6.6226605719144995,0.06792854111081681
743698,6.3888437387421,0.07819099887013237
743999,6.413392951701536,0.07673054602587093
744298,6.4623158876158895,0.07493297682927402
744599,6.704555717808019,0.06515887152816202
744898,6.702174181064964,0.06610304763471186
745199,13.454587602810383,-0.2300081004388459
745499,7.51618536818686,0.023487178625260174
745798,5.370398484181084,0.13926882750278058
746099,6.7713063714306445,0.0931348383359214
746398,5.7810516859951075,0.1350719099881318
746699,4.792319401657935,0.21553082739220153
746998,4.358205677895571,0.2529040655094914
747299,2.5711284688136775,0.4776980020415552
747598,2.6878210204988626,0.4594358811947066
747899,2.774200805107659,0.45593059303651273
748199,2.808031890913215,0.4300345268598531
748498,2.919895930879368,0.43762120648140945
748799,2.818764313630807,0.43023945617227655
749098,2.7933427401192334,0.43366670340925295
749399,2.7620603829514616,0.41877062133641496
749698,3.4693773252937197,0.35458827713568974
749999,3.4213986129418674,0.35203718062228195
750298,3.4411044538145528,0.35330864634220605
750599,3.570374995233534,0.32628896036123234
750899,3.610607987930295,0.3219080810517154
751198,3.9591160981988125,0.28473370996813163
751499,3.988911067490479,0.26991266813354253
751798,4.106038070483534,0.25286207523099324
752099,4.10326710553909,0.24339448803745545
752398,3.9188682765992757,0.2495893035830521
752699,3.974829267525201,0.2456361427823205
752998,3.980305943383997,0.24035239011320475
753299,4.0352477242335345,0.23405434419998783
753599,4.792748453180293,0.20159741082913896
753898,3.5649339277738292,0.2678903981838112
754199,3.555650854435867,0.27213332131736534
754498,3.7835287286696624,0.23660975742505552
754799,3.86015851265346,0.22952472671487156
755098,3.3090392984210344,0.3365845455232441
755399,2.995371812629436,0.3283099514171397
755698,3.2301474479990846,0.29047611946192564
755999,3.1901121312900336,0.30939356469345136
756299,3.2209686587252184,0.30442950621766907
756598,3.2383531915369965,0.30133971624435507
756899,3.388926607683935,0.2842575538647606
757198,3.3492726848814156,0.30016769801876486
757499,3.3308814321908797,0.2978443486804311
757798,3.4750496149907004,0.28019107990272984
758099,3.489157525739491,0.2771642981142711
758398,3.535514457346694,0.28174720950646803
758699,26.28750889551659,-0.44497714426149737
758999,31.08034129200734,-0.44617932725664455
759298,,
768899,2.3771331748117768,0.1635247559455486
769198,7.728126125760094,-0.0512672823126461
769499,7.864139142031381,-0.08888936577541395
769799,6.903324394345407,-0.006986856865602409
770098,6.279220465206755,0.03905241313913421
770399,5.377244536221847,0.046041304043502373
770698,5.03161453066492,0.06137236606160912
770999,18.749945201849393,-0.5543812577125349
771298,10.593436087249065,-0.3680620854322054
771599,30.24999669786595,-0.9861414226780627
790198,1.297635764150343,0.5103094132336936
790499,4.560431535382431,0.13187170039165164
790798,2.8058577384985965,0.35407639099275334
791099,2.9120622052219605,0.3900460791214684
791399,3.1024263569580715,0.37315318028487277
791698,2.9097668791863622,0.3965338295394457
791999,4.785771958548889,0.05336350201509177
792298,3.7006396026802935,0.26800645566704917
792599,6.029107658309923,0.05404399285133221
792898,4.046864115138627,0.21738109677387984
793199,2.569974777732659,0.431775585447716
793498,3.6735806468330714,0.31498772542055464
793799,3.9847008610596735,0.2652136923269899
794099,4.679688069833071,0.17904179765311257
794398,3.1586827159433075,0.40353160505628094
794699,3.122326877466455,0.40806257007552293
794998,3.328866586744232,0.37668657263469263
795299,3.671069548836825,0.3420367981167922
795598,3.093692002672474,0.4018739830219009
795899,3.829454195904831,0.3125287694874108
796198,2.9480609005266407,0.43663868798172034
796499,3.190065976217331,0.40400018175259855
796799,2.9883566841459057,0.40916862946371246
797098,40.20770509116106,-0.30217909254260134
797399,4.917999338006842,0.1455728501696858
797698,5.004594237779053,0.13047149746127307
797999,5.335660515221132,0.0985761166007274
798298,6.27021982811649,0.05971690299496901
798599,2.4958676283380354,0.48622123879043666
798898,2.6353922848044187,0.4620650092931523
799199,2.864933992109974,0.42043380508324224
799499,3.0114157511366466,0.3967298069896775
799798,3.1093546918044184,0.3576663380268007
800099,3.6410436949233493,0.3185299945918796
800398,3.305760169150536,0.3354747397423379
800699,3.633628449028726,0.2824795881444472
800998,3.673908443408355,0.2768082835158473
801299,4.126325056664424,0.22920700785397985
801598,3.995340431869579,0.23477049940814076
801899,4.230908282414425,0.21344590638616878
802199,4.324990417969713,0.19203751178907924
802498,4.537406544736182,0.19847495717034935
802799,4.021193947120243,0.24119357429511534
803098,3.297505176336398,0.366040122856101
803399,2.6797131889908252,0.41907529603492866
803698,2.7910992838380357,0.3840418403595445
803999,2.9180289732822136,0.35460423809201846
804298,3.146364866277849,0.33521118040878384
804599,3.2725829672752687,0.3136059630273852
804899,3.4809680018492752,0.31057409762792165
805198,3.801372031506683,0.27595188995844233
805499,3.8658968394752873,0.28703848087622186
805798,13.151826416858471,-0.23167352491090543
806099,97.83524080884625,-0.4269066675434414
806398,48.56438433935782,-0.33627931164780644
806998,,
812999,8.93603604096976,-0.19098723749612723
813298,7.4074460497722106,-0.1525201875152533
813599,7.991904958148897,-0.08154207596571394
813898,3.4365343090364804,0.19019769940462383
814199,3.065800102362937,0.2267331357048451
814498,5.057837929363924,0.035304233417898345
814799,3.4688672021521727,0.20319351075971204
815098,3.6844497110065677,0.185114800639552
815399,3.5389049220039874,0.20693652676767682
815699,7.176684259524437,-0.11696414285877754
815998,4.4470281499391655,0.13245378980776412
816299,4.209260777197326,0.1292843348343221
816598,5.057079443017152,0.08542813289923679
816899,6.4632928845924456,-0.05850814662702386
817198,5.4752287927147,0.03634743822027442
817499,4.693437710345698,0.14768561050705098
817798,5.0293311804411935,0.08304127000386063
818099,4.206412773976725,0.21155308380810833
818399,10.745453890319297,-0.24372935554896014
818698,4.0402938035133085,0.17563299737195437
818999,3.9873786925815184,0.2128069238443827
819298,4.921019581176066,0.11262843551232904
819599,3.6327653653746075,0.23777112413549306
819898,4.599730569137773,0.18474915453163532
820199,6.507402205504231,0.009900494161223183
820498,7.16318255787112,-0.016858856681150725
820799,4.509112475192879,0.21408042432882568
821099,28.21347588457508,-0.4472945913376607
821398,17.83833441038526,-0.3559537353897828
821699,34.40019284548283,-0.42993924143424267
821998,4.226611732544799,0.19115943765366594
822299,4.403023467558089,0.18418054232177117
822598,5.306228868635342,0.11155603475934861
822899,5.634577165951324,0.08505355217415267
823198,10.542066931358647,-0.12306816981356161
823499,11.87771168363411,-0.1060255123719529
823799,27.347517946427274,-0.35857596741160536
824098,28.685187306598568,-0.33695053659878593
824399,18.947794216150317,-0.2917597602991737
824698,16.73515676815263,-0.22241781196964383
824999,15.24047475068273,-0.19378680443577934
825298,17.128424579115592,-0.25405797906616234
825599,18.230107914062355,-0.2603512119932494
825898,54.598008192540696,-0.548430917226606
826199,69.53967062599902,-0.5753891548005421
826499,59.51725102570041,-0.5252336308736518
826798,99.96735665610684,-0.5729340064730826
827099,112.66926322190182,-0.41910558633107375
827398,128.89416820055132,-0.4979314556298813
827699,101.67303955508834,-0.4991064185010359
827998,116.98929131064389,-0.4696983834478634
828299,97.0755996187226,-0.5417151548183701
828598,79.9871975718555,-0.4401776306938967
828899,101.68388205491107,-0.5441987372692667
829199,69.95355791069349,-0.46913513301766163
829498,29.027040285683068,-0.33841450723851785
829799,54.65853860791107,-0.554379113559399
830098,52.95414479490874,-0.48181352136433575
830399,66.27887943511247,-0.41469563346855365
830698,56.65127459774672,-0.4289469059862083
830999,60.475313083087,-0.46491447779071615
831298,68.18232302238097,-0.39391263257556264
831599,51.191626625397184,-0.4370460755599215
831899,63.345891045656444,-0.44182048392517426
832198,46.45929698823051,-0.4728452158862242
832499,42.065445543576594,-0.47354656947213436
832798,48.45391126062866,-0.4158437303134237
833099,45.91661929863446,-0.4209570359627861
833398,29.513225584748422,-0.2993905414781868
835799,9.836167397427623,-0.03750531751303554
836098,11.452186960461614,-0.054191531539179216
836399,9.669706177156495,-0.016456295021932466
836698,9.231221106450477,-0.01805354647381452
836999,7.979850380371774,0.01537716333276351
837299,6.747456393843997,0.055567255640937896
837598,6.459060240738164,0.06730312286300388
837899,7.231017360212702,0.019690546788494356
838198,5.664591031830756,0.09430250855916189
838499,5.005487896117794,0.14544941830832048
838798,4.897120656858536,0.1575229284761428
839099,5.009890690610849,0.14752961450976476
839398,4.95380979977057,0.15206539746739278
839699,5.1302902405807576,0.1306268503263165
839999,5.144488204599274,0.13212523133720544
840298,5.184160268256682,0.1349491715909359
840599,5.228258017469659,0.1297758801083273
840898,5.461333320284472,0.10642760618811353
841199,5.601361288152528,0.10391920406232069
841498,5.4660828491849225,0.11387340103406052
841799,5.7510359397497375,0.08257992847978335
842098,8.067916594987924,-0.03927888126593038
842399,6.648701309323433,0.02651864639978907
842699,6.244832639249359,0.046373181930478236
842998,11.093206407472708,-0.13324208744426969
843299,7.2502227920933295,-0.030136452829706117
843899,,
844198,3.516662644838042,-6.650426793508045
844499,8.290565434657147,-0.03253628097042127
844798,8.329695579353524,-0.035302505198461676
845099,8.580100875522508,-0.04346496404913758
845399,8.842664895372424,-0.04954195714490939
845698,9.64535557325862,-0.07626225748287774
845999,18.897468581806315,-0.19556469148300004
846298,23.41453025319064,-0.13603934442931398
846599,35.98158177006536,-0.16585929617581963
846898,59.08513762073236,-0.2229856988756791
847199,70.01928401090412,-0.23801461161424942
847498,3.111845099534217,-0.33277551252301296
848998,6.462774728211626,0.05958755642128377
858298,18.08265555461516,-0.30069766404163834
858599,9.099517016491689,-0.23798984022701708
858899,21.993547079738278,-0.46901800764744306
859198,18.24887008100369,-0.43910552181980744
859798,,
860398,,
860699,,
861599,,
861898,21.60838835340644,-0.9215500749202707
862199,14.99190323901755,-0.7868264329555839
862498,11.399376783359182,-0.42555472954938134
862799,2.301732983959353,-1.9787406316440705
863098,,
863399,20.118007195147175,-0.6364143699672258
877799,4.560190899377189,0.18479258771718543
878098,6.093254062712563,0.04030470941363984
878399,5.7933855525933415,0.07842044717185259
878698,6.1558968932276015,0.052450773769621706
878999,5.942432007294731,0.07125691977411985
879298,5.7365406336711695,0.08401243588053364
879599,5.632736568373434,0.08847473350802648
879898,5.967677654368805,0.06339386147194881
880199,5.168251949067866,0.11321976350013208
880499,3.8689153611049654,0.2993781433572579
880798,4.3883541991613955,0.21692898527259663
881099,3.8072715950285763,0.29514054673792833
881398,4.373737646034081,0.23901880409312903
881699,5.339334272249359,0.11563360369126474
881998,8.800070753834861,-0.10012588307809622
882299,3.4076632505201925,0.3206737077845355
882598,3.4666803492878357,0.347584237633104
882899,3.5979878296387633,0.3251335552673855
883199,3.56442376276838,0.30452283520108103
883498,4.362900789216951,0.22769813046932463
883799,6.592591361354916,0.009004408847372969
884098,8.511260992646584,-0.06865866887661842
884399,4.169501841147507,0.24061304088536106
884698,7.216132455239174,-0.028808114087476522
884999,6.475691330115112,-0.022229985936001118
885298,6.473997323992428,-0.02271533051456487
885599,6.696321003835386,-0.021402319144113058
885899,6.3986281444600195,-0.024762658002888127
886198,6.526793443949822,-0.028831702897973877
886499,6.464788028501687,-0.015305085560803455
886798,6.721379429137324,-0.03363914276077096
887099,6.91881983298686,-0.04038294756627603
887398,6.776266667396583,-0.03837985544332723
887699,7.00325050198686,-0.04215099831868718
887998,7.637903442727601,-0.07506336179615736
888299,8.911780035095408,-0.12564207328896848
888599,11.17481856910305,-0.1645887560328143
888898,6.315535332248434,0.0012440468529070214
889199,5.697766296500749,0.02931077822257122
889498,6.5889309536789895,-0.03930335887205949
889799,6.827990781699824,-0.04909411626866822
890098,7.165389683757693,-0.06496643417834136
890399,7.466366505919731,-0.07397568142956357
890698,7.854249166151212,-0.09218474548019695
890999,8.765842370581408,-0.13861307315289317
891299,8.343690609295898,-0.12130807553709544
891598,7.295249696238926,-0.06952629130509824
891899,10.425849918129053,-0.18147920804726025
892198,7.931574003105116,-0.12490839033249879
892499,8.911880687341226,-0.17894962737805242
892798,9.17558064321391,-0.1833315738646264
893099,10.727442634527453,-0.2393843767427044
893398,9.243084825802915,-0.17477026227207504
893699,7.772590494944118,-0.1093638081225754
893999,9.978754995377335,-0.2048519398875932
894298,9.58394060759921,-0.1778697582565174
894599,7.296554190638113,-0.06501968738054509
894898,7.250922518594131,-0.05105251133953037
895199,6.940993795192867,-0.018656720308037222
895498,7.817724709748434,-0.07481695937122157
895799,9.08563018215584,-0.1403238426228237
896098,9.147131833758484,-0.13205199374152832
896399,9.920129508473888,-0.18972610889775576
896699,10.359595510218881,-0.15053204651069074
896998,8.11401764801324,-0.10253890811397937
897299,12.503471507884111,-0.29488217361082225
897598,10.982299190015627,-0.2299072479885922
897899,12.998199585957757,-0.25262673100276767
898198,13.275120395071184,-0.2733546727960936
898499,10.47424934913903,-0.18757099487679962
898798,41.26579307899344,-0.3706147185461415
899099,54.61836260790548,-0.49768229611867354
899399,34.54613942108816,-0.3551508487374224
902398,1.9541724632214528,0.5913403987765853
902699,9.795896300900852,-0.246259178647678
902998,18.441217806322147,-0.45327499395050097
903299,23.028532691783752,-0.6002400111590114
903598,9.210715464046078,-0.16526153929318133
903899,8.69059910049212,-0.1978169528542848
904198,7.0079609460252446,-0.10526785386230109
904499,7.007409034107771,-0.12335240105966805
904799,7.4402642057030555,-0.15010550469051487
905098,4.818197312314165,0.01938832882995667
905399,8.745225483478947,-0.19193054047490943
905698,9.053028890962027,-0.19825668190418821
905999,6.300064498257443,-0.04859193806152895
906298,7.816921011994435,-0.16541869587897762
906599,7.105588176566194,-0.12915006311146504
906898,10.553233181191192,-0.21406823302564026
907199,9.81241760967499,-0.24385716831891413
907499,8.491200891763672,-0.16333484855003744
907798,11.755736338182723,-0.3384034479954323
908099,10.173258740678094,-0.26702831131405325
908398,19.68522564619776,-0.4031311826558459
908699,37.90618549062171,-0.5434412828834205
908998,10.924403860883324,-0.20315985719018093
909299,5.935168990925277,-0.016643188452595936
909598,7.0623115822266325,-0.09566331243023729
909899,21.52615333724246,-0.27404485771124554
910199,3.89154140944996,0.26607559755662546
910498,9.528125750512952,-0.18042653942753462
910799,5.322489840497467,0.0886176910248937
911098,10.61236918623286,-0.28821128631896453
911399,20.57947644963329,-0.5815892511107963
911698,27.165260872693477,-0.8779766630931587
911999,4.829212272376667,0.11858879900190078
912298,5.041152449799111,0.11477863183407633
912599,5.364698887275087,0.10412042187069681
912899,5.740949307396331,0.055063467575635405
913198,6.9435533732294035,-0.016705815544507008
913499,7.8358365404708605,-0.04437472558100097
913798,7.101162484526417,-0.016441218431669347
914099,6.656197825029344,0.03641928529055749
914398,6.942100012567085,0.03981544561088646
914699,7.464047574181375,0.01885852333635185
914998,8.518861900443646,-0.014260234689768003
915299,8.692351185207272,-0.015966464697508176
915599,9.07918191931838,-0.024032434819776682
915898,9.512606424238468,-0.038480327391569036
916199,10.313757417993097,-0.05281240609228788
916498,9.095322834697146,-0.012103911055745042
916799,9.221567111621619,-0.03092969302667714
917098,9.857310085948022,-0.042621515904655904
917399,10.041294512158935,-0.045208356233767955
917698,10.65410988282214,-0.0557491366928593
917999,10.913801436814065,-0.05701872197162938
918299,11.462442374655474,-0.06998034454110069
918598,13.941245390325602,-0.08728791449294349
918899,14.042946114987638,-0.08853534443344224
919198,15.747082355828915,-0.3018941690659198
919499,12.314032229657911,-0.1461795684653009
919798,14.021744195266415,-0.21904092189933233
920099,14.142196627601187,-0.21508389716206144
920398,15.051678671582673,-0.19877645981990266
920699,15.45703294404795,-0.1665051940576605
920999,20.241874245828914,-0.2966103219574876
921298,18.31237530974558,-0.31493449814090835
921599,17.66201812693308,-0.22540915787194438
921898,20.637293702724747,-0.3049869505487801
922199,3.1261287552340518,-9.951422195195699
922498,11.660976630864806,-0.14992992266198968
922799,2.6388523912590918,0.4230659823262617
923098,2.3956384492847977,-1.4404443445685113
926099,47.58123223956758,-0.19007088882462075
926399,54.45489837487056,-0.1563690588428155
926698,3.069846890667731,0.3415610079170801
926999,3.8389871021494053,0.22334678169080258
927298,4.1199675117130345,0.2128216175121228
927599,4.053696463451194,0.21225824909013336
927898,4.228151179844265,0.23034298814816556
928199,4.040578114543674,0.22697424027820445
928498,4.268721703454441,0.22214173421689454
928799,4.1138149400933415,0.24155809086273772
929099,4.274071918906766,0.22350092117809006
929398,4.322956898702137,0.21374577844358644
929699,4.489269894982231,0.21407791955689282
929998,16.928450715204598,-0.1733036856303094
930299,4.310585218702137,0.21210861592025243
930598,4.715352960720657,0.17235861414429288
930899,4.8209977638919534,0.15969748438972564
931198,5.40788736368825,0.09966191827399573
931499,5.469890174114175,0.08699572481481044
931799,6.532052858389639,0.0001243874245612231
932098,5.931317454704453,0.047213184975571476
932399,5.641778894593341,0.05929353711617946
932698,5.33599249130862,0.10194080571820208
932999,5.500081527070195,0.07283239504451544
933298,6.044467631760008,0.030342214463085937
933599,5.839579025632693,0.04341087753621575
933898,5.916922377211398,0.03901908014040334
934199,6.030850991366489,0.03848869934188004
934499,6.279696085528529,0.02367288356561137
934798,6.73067000837112,-0.0016612565908304955
935099,7.409851409891691,-0.03647771753294182
935398,7.6286954030282645,-0.03680035647959534
935699,7.9836229168523385,-0.0406379825063099
935998,8.689353676153265,-0.0699843771687172
936299,9.281599527792153,-0.09732749061092871
936598,9.888714710442617,-0.1084122261478715
936899,10.889510491162524,-0.1512090545592435
937199,11.407362403470394,-0.17060919195296487
937498,26.655965675637916,-0.3712147610074177
937799,10.278022563906758,-0.19031963168409094
938098,29.05274932951986,-0.2515348649960363
938399,36.54590603832508,-0.3424727829031957
938698,43.58812366476291,-0.4165684563681631
938999,33.549880499211646,-0.36155104732951204
945899,5.118613566995869,0.06608201427071259
946198,4.976956143822259,0.061143867042590117
946499,3.758337965528344,0.17949022578043783
946798,3.623865716676034,0.2068403605258402
947099,4.877726626743793,0.08192901324961144
947398,5.261743494781381,0.041946991821839696
947699,4.152842039987409,0.15375770934690325
947999,4.171174816197325,0.15286519535930476
948298,10.77314482051064,-0.28552194186242374
948599,22.739483837580874,-0.46403500844573475
948898,24.48423228773248,-0.4808652712653565
949199,17.005757616738283,-0.4281844813962412
949498,9.715772000125503,-0.20453555637416265
949799,2.5974487688698096,-1.9551654160924414
950098,8.41455763446779,-0.17309749152600418
950998,13.649838866797296,-0.4859553624634507
951299,5.909510713995035,0.03826492589272479
951598,4.9996616927088215,0.14214837968470062
951899,10.378348566041424,-0.07938754550910776
952198,7.299378938420093,-0.002176519831130097
952499,2.4268383730112792,-0.04091203710885072
952798,3.2949205771006773,0.31572362099319806
953099,2.7271137054615044,-5.268733077990991
965399,10.973736633907425,-0.12697975005557005
965698,18.193844488310386,-0.3224317779900945
965999,4.535913993354373,0.18397675435135896
966298,5.05831541337034,0.13767944678556776
966599,5.048164318263859,0.1489687434785858
966899,4.981731816535806,0.12852773561033703
967198,5.337395115078328,0.10563311612531501
967499,5.543753891637674,0.09711528154844085
967798,5.4423553750841664,0.08788596209677457
968099,5.738419200225636,0.08779935233231717
968398,5.612646131345394,0.10803880240935171
968699,5.46199451375022,0.10918283314923671
968998,5.900461091601822,0.09066863101258671
969299,5.995435868398118,0.08571602880659457
969599,7.021510971931293,-0.017579743777431434
969898,4.944143923777998,0.14248571657120634
970199,5.000608248678115,0.12215342603605583
970498,5.141098372700423,0.14142621911585906
970799,4.782498779782626,0.15916124139251364
971098,4.991557236193211,0.12428805046825164
971399,5.069072194817615,0.13685167504112328
971698,4.881010478796515,0.14373493275557736
971999,4.533900971387309,0.20134695465965313
972299,5.186563420854387,0.1315914272441524
972598,5.202223920301145,0.12424486829991532
972899,5.046393326349755,0.14410961626772645
973198,5.317120848588183,0.12257904249143925
973499,5.526184364585868,0.10923034625760897
973798,5.243276582436534,0.10697109383963332
974099,5.65012965429883,0.0921370385133381
974398,5.025343839316488,0.15277556336232534
974699,3.7592264646387625,0.29046942334496484
974999,5.468462437898897,0.08286258235153054
975298,4.555678580102935,0.16275346257075662
975599,4.709359597928114,0.1450419123537814
975898,4.919555150747559,0.12624174914333386
976199,5.275366278844781,0.09383664204893016
976498,5.477894731498476,0.07181597551437602
976799,5.199025009773982,0.10279488607756437
977098,5.528985638992741,0.08497231997504617
977399,5.575459381787871,0.08241782933145303
977699,10.650252330242909,-0.20263768066076615
977998,23.91163110469814,-0.20893643628583303
978299,16.38062451450369,-0.20908763934082897
978598,69.96274776960551,-0.29209870794082904
978899,24.606756153256796,-0.276667236675316
979198,6.527502169232272,0.006881296561405237
979499,5.610813878158197,0.0885686402315159
979798,5.892404819702179,0.06280615699131242
980099,6.33315505369335,0.023312134859206357
980399,6.573678212693796,0.0024617799497147486
980698,7.096297791059249,-0.032639078159004686
980999,7.737292714325453,-0.07059370638198437
981298,8.09760571623286,-0.0857270769605829
981599,8.711364703640267,-0.11407223637045716
981898,9.383543014165731,-0.13817424199405148
982199,9.07672280336712,-0.12168795011725897
982498,8.97755109248749,-0.11712412630201641
982799,9.085179733714341,-0.11486832134288494
983099,21.284619324824273,-0.28949234185831285
983398,7.7956214311209395,-0.05692295757570509
983699,7.325256490444297,-0.0396431963204249
983998,8.226469594638742,-0.09338155728642894
984299,8.845132204020688,-0.10252373987881747
984598,9.92905167305925,-0.13537551726824426
984899,10.212139784799989,-0.13553764259276968
985198,11.047887593881008,-0.1550555405284717
985499,11.794851189742118,-0.16008441702279064
985799,12.32034367321203,-0.19293311769566035
986098,13.007087951137953,-0.21095143120811732
986399,14.170676690843969,-0.22729532613353154
986698,16.65866933621859,-0.290143940091639
986999,17.86434677972091,-0.2823870286619694
987298,16.595353070554243,-0.25743630758091474
987599,15.73161140923248,-0.2044152943723676
987898,26.815770421992088,-0.40562619262766786
988199,37.02030173531983,-0.5071536374831629
988499,37.68870060807446,-0.5313422779195505
988798,27.138862308560572,-0.48665285090070665
989099,2.6334280676310957,-4.745033597798385
992698,17.222358165174956,-0.6387512242534203
992999,15.05562925566338,-0.5075710479840474
993298,9.56422106053379,-0.20327188372657368
993599,20.372853169797295,-0.5030785883509241
993899,10.297873151787583,-0.2546668503087164
994198,10.867410536486656,-0.26345272428729527
994499,15.413779364190816,-0.4552439257813663
994798,12.14382152024637,-0.30182607752939594
995099,10.54420660148711,-0.2912827258184285
995398,9.85889856781152,-0.20721120203310317
995699,12.46538175721165,-0.33530394224434645
995998,9.247541647168834,-0.2117376437551557
996299,8.24417582911249,-0.179257842828894
996599,8.166016500001378,-0.2014923818546972
996898,7.360041210394897,-0.11969357123490809
997199,5.463856363894018,0.062464643411498155
997498,9.462178264804574,-0.21675933265318426
997799,14.393256746160723,-0.4589285187266543
998098,14.408558448665351,-0.45034134134418613
998399,12.446349715386699,-0.3007990353238461
998698,16.641682824665356,-0.4598188168366606
998999,27.330780347163383,-0.8440087915502923
999299,2.163144877413715,0.5467980173534268
999598,10.603871577695779,-0.2320945633532152
999899,31.035363475015238,-0.5180148622785052
1000198,17.280480138093594,-0.5093399225443862
1000499,24.266936222188843,-0.6170645057233006
1000798,10.227750565318464,-0.15033266393845102
1001099,21.746844090591622,-0.460696847015839
1001398,18.18507367182276,-0.36410485988377883
1001699,24.666808748084676,-0.40538782047920763
1001999,33.461988479591625,-0.6002295943530662
1002298,2.5233898104233905,0.4360132827161671
1002599,17.377452332750384,-0.41746933629029126
1002898,2.825340181780597,0.37001621998746226
1003199,2.129684561498963,0.2832984820072372
1003799,13.435093583224925,-0.24548713371518205
1004098,22.422008533745753,-0.4143011038225781
1005299,27.173687775362453,-0.5187048876065941
1005598,28.749082336897175,-0.40855971328147245
1005899,20.439662426400318,-0.3656702659062463
1006198,15.715976609034577,-0.19716992571028324
1006499,17.40811524976633,-0.23628492570546
1006798,16.22728687971203,-0.22961603890692417
1007099,18.192105364186183,-0.2347353698272685
1007399,17.871609772895173,-0.20822774663026866
1007698,58.69141680828742,-0.3372972975693158
1007999,20.550972202795325,-0.32335851626823864
1008298,45.105701745011956,-0.4040045966411754
1008599,15.935411794676384,-0.17247930482622564
1008898,15.606764667402631,-0.24183623673842836
1009199,30.3610459484782,-0.32987769473433115
1009498,29.525960558017548,-0.35894927651966335
1009799,53.61773611573649,-0.4075212040853211
1010099,35.672341959717976,-0.40846463842000436
1010398,4.668212319349767,0.14837498515892034
1019399,3.631135585755401,0.17520877097724596
1019999,5.3803771987510824,0.08967502279641038
1020298,5.682684084230516,0.07718666325200596
1020599,5.7926134354666265,0.07906822210624209
1020899,5.905482256498784,0.06833081507397432
1021198,6.272568779480207,0.03126854245120625
1021499,5.538992538760343,0.08355389257902257
1021798,5.958289520271624,0.04992451124328734
1022099,6.184588758179074,0.03630044651979303
1022398,6.392410345419772,0.01611508970416864
1022699,6.68707426658181,-0.007353437877109847
1022998,7.08548081407574,-0.030216749768796625
1023299,7.450711864355116,-0.05410658026639825
1023599,7.623741204875949,-0.0655302063385308
1023898,8.640897118000948,-0.13540103510124735
1024199,9.21094734945277,-0.16261027024890384
1024498,8.839785823217666,-0.12006240579011984
1024799,8.923365171957396,-0.1375237198753858
1025098,9.340357230739805,-0.15235736410514233
1025399,9.358085204003693,-0.1440257573648227
1025698,18.57553420204649,-0.4173876755630128
1025999,15.628496509613278,-0.31183410266515854
1026299,12.58507527930925,-0.25850071240813843
1026598,14.747627135803093,-0.29906775439551825
1026899,16.676541771888743,-0.3782077476485426
1027198,25.441099124629826,-0.24051328402843808
1027499,31.741107807320777,-0.25079497339662193
1027798,43.862181253478205,-0.2452333008608949
1028099,26.41327130198745,-0.3016186961068368
1028398,34.30664436145042,-0.29181362187623905
1028699,17.851865887902633,-0.254092215681577
1028999,23.237438604367906,-0.2833904866911803
1029298,23.723832445744062,-0.3010862258565845
1029599,76.55827610374575,-0.5640766523892091
1029898,8.095212711997702,-0.04799770277369797
1030199,8.377768307444118,-0.06321863945840689
1030498,38.32048159245041,-0.45167965823202905
1030799,59.93565095773712,-0.8009184981512134
1034999,2.580211339149033,-3.3945207503150527
1035298,25.740894837667668,-0.4333527804173367
1035599,18.343312929378314,-0.3814909772020376
1035898,7.900639824936562,-0.11856163935825403
1036199,8.358685192337743,-0.10850146126832882
1036498,6.687748443545981,-0.015175221565402852
1036799,6.139781235845699,0.0034694375418733436
1037099,6.447843375909074,-0.022926017360288764
1037398,5.85814657899935,0.014775170449131014
1037699,6.701724789668333,-0.03356948876822252
1037998,7.514525943156471,-0.10286865531052847
1038299,6.865661400251714,-0.03697846657828241
1038598,8.758769178954207,-0.15677225436629638
1038899,16.635265524887572,-0.46849068227101753
1039198,10.762456376523652,-0.24967093277642083
1039499,29.48893068394081,-0.786619007080944
1039799,38.09441906009127,-0.7862844275253655
1040098,17.30750485257276,-0.39370818764753923
1040399,30.44665533421199,-0.6423751532153252
1040698,11.953710791334334,-0.23774172423394946
1040999,12.887894762782532,-0.32074611049206947
1041298,18.42110809970239,-0.281677363301567
1041599,8.206780938420959,-0.07161034103804131
1041898,26.52872157991767,-0.640169565062565
1042199,10.377956815912249,-0.17178270232858872
1042499,23.215962275065817,-0.5066978951931684
1042798,9.369680324667172,-0.10185531287254035
1043099,18.83836499244579,-0.32861923153867
1043398,8.539505027782072,-0.07071643612063139
1043699,8.454145313675589,-0.04695270585602507
1043998,8.80483582365707,-0.060663069306655215
1044299,10.17364430157605,-0.09657368720738613
1044598,9.585346514100758,-0.10392447993693943
1044899,18.82758597104301,-0.42004369860453705
1045199,12.010372358331523,-0.14719657109318862
1045498,12.772835812191465,-0.1496702119791813
1045799,13.095860545081829,-0.13632441327772304
1046098,13.145807735805217,-0.12659971112012602
1046399,13.402797068423276,-0.13845836881983442
1046698,13.73005986715707,-0.13724876746414605
1046999,14.36896016505522,-0.14337970670301137
1047298,15.069275477357289,-0.14142750105145607
1047599,15.233978972173272,-0.13663182265970053
1047899,15.828904801033222,-0.1447116892920539
1048198,15.510031105228832,-0.14692386049641715
1048499,15.986971206555223,-0.14881626778016077
1048798,15.990542472070254,-0.15965105707045346
1049099,16.599122642135068,-0.16136689570854124
1049398,15.939716000014698,-0.15482872816826498
1049699,15.711701769142017,-0.15327968890573485
1049998,15.265670080989237,-0.14091505477320987
1050299,16.293894132614238,-0.15520910160678159
1050599,15.79998704089896,-0.1523298472475254
1050898,16.323225709327197,-0.15526359063505013
1051199,16.966744434401278,-0.16127322130289246
1051498,17.17351064634572,-0.15095880235014647
1051799,16.88473903269294,-0.158476986192162
1052098,17.318651528354977,-0.18459291468355188
1052399,17.745026835507748,-0.19145869433810514
1052698,17.20373564935266,-0.17756844601098143
1052999,17.27759384696377,-0.1833241529084253
1053299,20.18230692451633,-0.25290962712850873
1053598,16.39134264687581,-0.19100146614184887
1053899,10.543289049460048,-0.11500266124259739
1054198,13.38841393159226,-0.169841903203247
1054499,13.686755467446424,-0.16276498870431322
1054798,12.97263963472883,-0.14242354918563116
1055099,13.74786840716633,-0.16196678577526624
1055398,11.337515157613089,-0.12915771977296542
1055699,13.576715911712025,-0.19772864544286217
1055999,13.022866348687165,-0.16225430541779517
1056298,13.035333612025125,-0.15973933653028216
1056599,12.735571159828368,-0.13483380836600367
1056898,12.075596501495035,-0.12072486712662345
1057199,9.741510422743128,-0.1063550314463817
1057498,10.569376700640602,-0.13621012266839005
1057799,11.17051215569814,-0.18427516858642035
1058098,10.513689810126978,-0.1155795802544568
1058399,9.381051408704087,-0.07941228514593268
1058699,7.0819560873596314,-0.01828085646103661
1058998,8.063034872385396,-0.024935256243898918
1059299,6.1493529860616265,0.029504465654689227
1059598,7.861744733332156,-0.00457443811802305
1059899,8.11805327599882,-0.012477888049823083
1060198,7.682069226377814,-0.06278415550386796
1060499,7.753298888679377,0.0010495619949990598
1060798,7.964927739472458,-0.01254580256860005
1061099,5.596897687543002,0.10508750947628709
1061399,8.238543896541287,-0.06275021770805855
1061698,7.658811595684808,-0.047457369466813226
1061999,7.437082471644617,-0.023557014505978247
1062298,7.137244502440914,-0.019135145028742917
1062599,7.611223623087586,-0.05741991683309955
1062898,7.466170002181845,-0.09907287163282086
1063199,7.7694030637458695,-0.1051808568517889
1063498,8.115171909967016,-0.1314621375309286
1063799,6.787639394449025,0.0051732262941900364
1064099,7.458053363841068,-0.05019071361677807
1064398,7.410884308407358,-0.024730742766746694
1064699,7.462786879159672,-0.018448295875617138
1064998,7.1586298403957835,-0.020460596168067946
1065299,6.925304397557822,0.019164544271351502
1065598,7.38932726130319,-0.0021336325174701187
1065899,7.98228311011454,-0.01395676360378828
1066198,9.311361538573736,-0.08179448059675276
1066499,9.614019904874661,-0.11483067954099768
1066799,18.667984190923463,-0.27046519083673415
1067098,9.009787513668645,-0.07433010326488176
1067399,9.707143603682534,-0.1050162584123926
1067698,9.677450209925592,-0.10137734360195694
1067999,10.696016978633923,-0.11710609453256282
1068298,10.187648587161702,-0.1049575113691168
1068599,10.458050848955681,-0.1100698091699226
1068898,14.7700475582574,-0.1630006791793288
1069199,11.262661940696423,-0.1384312353768593
1069499,18.33388385483235,-0.1725282943790316
1069798,13.748558049659387,-0.15942704023250243
1070099,14.686321450638284,-0.18920225688421133
1070398,17.358934044652965,-0.18438778624849772
1070699,14.503243467531426,-0.19325492153276325
1070998,17.062738340116738,-0.21251873780872588
1071299,16.2735978558393,-0.21745550398994018
1071598,23.91497806435054,-0.2537116578702139
1071899,16.582849501223222,-0.22601887602293247
1072199,132.6867029624657,-0.2273609565441037
1072498,93.04418201513792,-0.1869147147507142
1072799,52.47292273880227,-0.27473899520021106
1073098,69.33766006547125,-0.27306535221259987
1073399,91.01324971763792,-0.19515882301112164
1073698,30.54400159129267,-0.18029302293390104
1073999,39.190155611390225,-0.17949852910938824
1074298,69.05157896559761,-0.21795512884822088
1074599,47.90877460632773,-0.19242346672785948
1074899,32.0419188530106,-0.17004515119140162
1084199,35.22599733346662,-0.7201355239330554
1084498,19.07514403771431,-0.48287693345140714
1084799,31.02334592735551,-0.6777982988422999
1085098,21.434438451880624,-0.5422169704917734
1085399,14.366730778227852,-0.5491548036731226
1085699,15.716782383991744,-0.5746922332914437
1085998,19.100153420591276,-0.4765198890257274
1086299,14.407261641234799,-0.4884766309593829
1086598,13.436915110514889,-0.37459287538355235
1086899,15.18247568705887,-0.4800286333052457
1087198,18.69801845238063,-0.529362556972977
1087499,13.537461575350537,-0.4596410346050701
1087798,17.053044792070448,-0.47508115703944775
1088099,15.420208563940813,-0.4524548070104708
1088399,17.61157842284591,-0.5803082776890536
1088698,19.34567734079961,-0.6577229277188863
1088999,21.324374929690816,-0.5998587555508643
1089298,16.16859788791998,-0.5551748835459285
1089599,11.733802621652632,-0.38925518363731504
1089898,17.598580750109797,-0.4716229405090635
1090799,18.143701970170323,-0.4037230347085272
1091398,1.9805725395010514,0.5402103201429302
1112998,18.824378858136786,-0.35898694367907313
1113299,17.489614994304617,-0.3387390256299061
1113598,16.224755234714344,-0.30828517041068815
1113899,29.181648761029123,-0.6047498005760996
1114198,18.852321785971284,-0.3404396499412896
1114499,18.885642536890273,-0.33893819674553916
1114798,27.93881237400563,-0.4268981333870441
1115099,54.26232499913233,-0.5069722638764591
1115399,77.44565751636708,-0.4620586155157911
1115698,2.520475514705172,-2.490000571810203
1115999,5.941642858120754,0.07670409935214395
1116298,14.788766290032767,-0.1474727142211738
1116599,10.274873814989949,-0.10254633625120002
1124998,29.04217521611674,-0.5115969012316215
1125299,53.659755734417665,-0.741633974783934
1125598,25.34549970611674,-0.5704966015146513
1125899,26.61818181668156,-0.6203964239262996
1126199,19.267783091788043,-0.4344497187723293
1126498,10.713137933012952,-0.2241218184133622
1126799,18.69207186536328,-0.6111375842798505
1127098,7.441200957977967,-0.047822568041240965
1127399,7.845290571084449,-0.05497896506478672
1127698,11.107054489428812,-0.24791365605866833
1127999,15.678941630637919,-0.34615461986461415
1128298,8.250268010493539,-0.11506581279680406
1128599,12.26452281211791,-0.33034486729154433
1128899,11.491368223724926,-0.24667484647388882
1129198,16.355493048711992,-0.4618508503342218
1129499,6.759348610699559,-0.029903180060651957
1129798,11.773863528826244,-0.35269739610978146
1130099,14.685946395658751,-0.36795058976228767
1130398,11.344006854165697,-0.32995902190590787
1130699,5.343757982498185,0.11418896909196719
1130998,11.28497767293888,-0.2937667935115602
1131299,12.384150937180769,-0.3140418622319683
1131599,14.63387343174754,-0.40520019337824986
1131898,10.065932002047672,-0.2324666900899448
1132199,11.177236892264393,-0.2663264119175768
1132498,14.899950848566156,-0.4264141132436823
1132799,13.599280555116742,-0.3960779116493782
1133098,16.319315801922297,-0.49309347568861095
1133399,14.722778094903779,-0.4317653413618492
1133698,17.348287962038384,-0.4824469276673622
1133999,11.390052705138743,-0.29238405706467807
1134299,6.297565964991239,0.01211639889808902
1134598,14.961840616112113,-0.45512371044504896
1134899,24.95498138162137,-0.6637668467901647
1135198,12.513228155057204,-0.2691110606998455
1135499,13.095380061906745,-0.2955211294953335
1135798,13.548949288334983,-0.2725070284454103
1136099,13.01503360246951,-0.26819906877071475
1136398,13.319638592439418,-0.2527201682090101
1136699,16.326208549904425,-0.3539376338004272
1136999,18.119653897888224,-0.3989559720210305
1137298,13.203955255030904,-0.2260433529202821
1137599,14.286244885970717,-0.24026572930017065
1137898,14.234679195062101,-0.24663943991001025
1138199,15.205041160163951,-0.2616184814363247
1138498,15.713425667893123,-0.2699837385678545
1138799,15.672710516218403,-0.2592956716167638
1139098,16.7444343164522,-0.24733733317755524
1139399,17.25419439491053,-0.25507097842787485
1139699,20.68671829988989,-0.3783345342601383
1139998,16.591055796598035,-0.24898294873400806
1140299,23.530191167766333,-0.3248458717003553
1140598,16.905449186993863,-0.22734844171436208
1140899,30.03869113811443,-0.5144324755447982
1141198,20.98271938519313,-0.3593225014572643
1141499,17.294437836676735,-0.26459111943610925
1141798,17.183894045767016,-0.2524510193988312
1142099,17.272568067540163,-0.2320857714001867
1142399,18.281313995040158,-0.25982448632836364
1142698,17.946542413791004,-0.2808104803588003
1142999,16.755321408795634,-0.28717500742579594
1143298,16.0083913590934,-0.24015696622407523
1143599,39.26095023971432,-0.45878887753687336
1143898,29.32272710391338,-0.5319620986783653
1144199,23.105813080790355,-0.41074257285586957
1144498,15.281483277060996,-0.21812927714562624
1144799,14.761860307515539,-0.2553177867097125
1145099,16.4974468770873,-0.25607072273484377
1145398,16.325164509707932,-0.24401654996097144
1145699,16.70961619385729,-0.22364119740277277
1145998,19.894860976206147,-0.3111911056124612
1146299,16.066567146490954,-0.28719655560502755
1146598,16.199884385454705,-0.3238848416166491
1146899,11.731784514315319,-0.19912240251672153
1147198,13.469955847039854,-0.2968563149026753
1147499,14.220506914510636,-0.29860059766527125
1147799,12.455600898016705,-0.24926640878559092
1148098,12.361821035256009,-0.2437174137262743
1148399,13.439706962802306,-0.2896865455650779
1148698,12.91501269898631,-0.28238744168916163
1148999,10.469106394105545,-0.25564441704366736
1149298,10.803106115266953,-0.11536901916294529
1149599,3.1481860851643093,0.35319516644574533
1149898,11.3275097912861,-0.25422963962088274
1150199,14.28114696581995,-0.11161528031084855
1150499,8.662527900189954,-0.1739448600004303
1150798,10.974320134146334,-0.20743236919921904
1151099,12.784767188350484,-0.2342810894136016
1151398,12.253920732301875,-0.22639173794433587
1151699,11.801029584411387,-0.20204954571303335
1151998,12.545907653688447,-0.2455505770862345
1152299,10.585231556012076,-0.20641590881601712
1152598,12.460052807337314,-0.2306736689149218
1152899,11.643267944468095,-0.23339814407490023
1153199,10.083379115873187,-0.14842593297920326
1153498,19.316306204132154,-0.28300728583845935
1153799,20.485249843797295,-0.43449316371387225
1154098,20.712535855025315,-0.2863602655947701
1154399,11.432315282703128,-0.17961293368793374
1154698,63.42909000227449,-0.3760318331937891
1154999,38.05116901869348,-0.2302503220804244
1155298,12.151061638688004,-0.19197956597265176
1155599,13.357792621150967,-0.20910606995277337
1155899,14.28448611371434,-0.25929356354064814
1156198,13.453489149366243,-0.23314712863864173
1156499,17.13363411901952,-0.33381010289490254
1156798,13.393900519404944,-0.28626688464502004
1157099,14.06803065761827,-0.30754139051230633
1157398,12.48976021283152,-0.2237356703554585
1157699,14.337360599242393,-0.23133466585797757
1157998,12.778588404705355,-0.23783552594565327
1158299,13.246921580168317,-0.18048933548122226
1158599,13.469015791916,-0.20697836847229634
1158898,14.255288657190025,-0.3093414255796938
1159199,23.35319008888098,-0.5315965424566382
1159498,22.657796596191158,-0.5193618149445227
1159799,21.227087588144524,-0.5234531501110129
1160098,17.221261150794987,-0.40124539980519547
1160399,3.2918174301550915,-0.4145956498799921
1160698,57.68385359336245,-0.3733772083509488
1160999,3.8757691987220184,0.24632636266482455
1161899,2.9062739829406157,-1.8403034319294256
1174198,11.633740860690814,-0.4558515575674664
1174499,21.94151129732508,-0.9104213788450746
1174799,6.778552862006798,-0.0782375226022014
1175098,9.668787730591276,-0.36910493376798614
1175399,23.3421806867811,-0.8009553500530546
1175698,24.52619451652878,-0.775457593061216
1175999,22.287660218341276,-0.7573907780489992
1176298,22.17259877337137,-0.7763244195097112
1176599,21.597442702290355,-0.960274319394613
1176898,17.940485548392545,-0.8604857315891954
1177199,20.41109820676292,-0.8698931340763381
1177499,17.503044114130976,-0.6712543541710465
1177798,20.978083914147177,-0.7106128647925485
1178099,16.393096229732826,-0.5609264494610648
1178398,19.401612273232825,-0.6857614661308149
1178699,4.320401272008484,0.2065916856713731
1178998,22.809889109943132,-0.7405575430669198
1179299,21.89233951019544,-0.7007648691632651
1179598,19.730397440563845,-0.564971194781485
1179899,33.28096244338097,-0.7178056060145959
1180199,35.92615652947125,-1.1784970761202076
1180498,5.612554253252512,0.06893533328677337
